Id,change_type
0,4
1,2
2,2
3,3
4,2
5,2
6,2
7,2
8,2
9,2
10,2
11,2
12,2
13,2
14,1
15,2
16,2
17,2
18,2
19,4
20,2
21,2
22,3
23,1
24,2
25,2
26,2
27,2
28,2
29,2
30,2
31,2
32,2
33,2
34,2
35,2
36,4
37,3
38,2
39,3
40,2
41,3
42,2
43,4
44,2
45,3
46,3
47,2
48,2
49,3
50,4
51,4
52,4
53,4
54,4
55,4
56,4
57,4
58,4
59,4
60,2
61,4
62,4
63,3
64,4
65,4
66,4
67,4
68,1
69,4
70,4
71,4
72,4
73,4
74,3
75,2
76,2
77,4
78,4
79,3
80,4
81,3
82,4
83,4
84,5
85,2
86,1
87,2
88,1
89,4
90,4
91,3
92,4
93,4
94,4
95,3
96,3
97,3
98,3
99,0
100,3
101,3
102,3
103,0
104,3
105,4
106,4
107,0
108,3
109,0
110,3
111,4
112,0
113,0
114,3
115,0
116,3
117,4
118,4
119,4
120,4
121,2
122,2
123,3
124,2
125,0
126,3
127,3
128,3
129,0
130,2
131,2
132,2
133,0
134,0
135,0
136,0
137,0
138,0
139,0
140,0
141,0
142,0
143,0
144,0
145,0
146,0
147,0
148,0
149,0
150,0
151,0
152,0
153,0
154,0
155,0
156,0
157,0
158,0
159,0
160,0
161,0
162,0
163,0
164,2
165,0
166,3
167,3
168,0
169,0
170,0
171,0
172,0
173,0
174,0
175,0
176,0
177,0
178,0
179,0
180,0
181,0
182,0
183,0
184,0
185,3
186,3
187,3
188,3
189,0
190,3
191,4
192,3
193,3
194,1
195,4
196,0
197,3
198,1
199,1
200,3
201,4
202,4
203,4
204,2
205,3
206,3
207,4
208,3
209,3
210,4
211,3
212,4
213,4
214,4
215,5
216,4
217,4
218,3
219,4
220,1
221,4
222,5
223,3
224,3
225,4
226,0
227,0
228,4
229,4
230,4
231,1
232,3
233,3
234,0
235,4
236,3
237,3
238,3
239,3
240,1
241,4
242,4
243,3
244,4
245,3
246,3
247,4
248,4
249,4
250,4
251,3
252,3
253,4
254,3
255,3
256,4
257,4
258,3
259,4
260,3
261,3
262,3
263,3
264,2
265,4
266,4
267,3
268,4
269,4
270,4
271,4
272,4
273,4
274,4
275,4
276,0
277,0
278,0
279,0
280,3
281,0
282,0
283,0
284,0
285,0
286,0
287,0
288,0
289,0
290,0
291,0
292,3
293,0
294,0
295,3
296,0
297,0
298,0
299,3
300,3
301,4
302,3
303,4
304,4
305,3
306,3
307,3
308,3
309,4
310,3
311,3
312,3
313,3
314,3
315,3
316,4
317,3
318,3
319,3
320,3
321,0
322,3
323,4
324,3
325,3
326,3
327,3
328,3
329,3
330,4
331,3
332,4
333,3
334,4
335,4
336,4
337,4
338,4
339,4
340,4
341,4
342,4
343,4
344,4
345,4
346,3
347,4
348,4
349,2
350,4
351,4
352,4
353,4
354,4
355,4
356,3
357,4
358,4
359,0
360,0
361,0
362,0
363,0
364,0
365,0
366,0
367,0
368,0
369,0
370,0
371,0
372,0
373,0
374,0
375,0
376,0
377,0
378,0
379,0
380,0
381,0
382,0
383,0
384,0
385,0
386,0
387,0
388,0
389,0
390,0
391,0
392,0
393,0
394,0
395,0
396,0
397,0
398,0
399,0
400,0
401,0
402,0
403,0
404,0
405,0
406,3
407,0
408,0
409,0
410,0
411,0
412,0
413,0
414,0
415,0
416,0
417,1
418,3
419,3
420,3
421,4
422,1
423,4
424,4
425,4
426,3
427,3
428,3
429,4
430,3
431,4
432,4
433,4
434,5
435,3
436,3
437,4
438,4
439,1
440,0
441,0
442,4
443,0
444,0
445,0
446,1
447,4
448,2
449,0
450,3
451,4
452,0
453,0
454,0
455,0
456,0
457,0
458,4
459,1
460,4
461,4
462,0
463,0
464,0
465,0
466,0
467,0
468,0
469,0
470,3
471,0
472,0
473,0
474,0
475,0
476,0
477,0
478,0
479,0
480,0
481,0
482,0
483,0
484,0
485,3
486,0
487,0
488,3
489,0
490,0
491,0
492,0
493,0
494,0
495,4
496,4
497,3
498,3
499,4
500,4
501,4
502,4
503,4
504,3
505,4
506,1
507,3
508,4
509,3
510,2
511,4
512,4
513,2
514,4
515,4
516,3
517,4
518,4
519,4
520,4
521,3
522,4
523,3
524,1
525,4
526,3
527,4
528,4
529,1
530,3
531,4
532,4
533,1
534,4
535,4
536,4
537,4
538,4
539,4
540,4
541,3
542,4
543,4
544,3
545,4
546,4
547,4
548,4
549,4
550,4
551,1
552,4
553,4
554,3
555,4
556,4
557,3
558,3
559,3
560,3
561,3
562,3
563,3
564,3
565,3
566,3
567,3
568,1
569,3
570,1
571,3
572,3
573,4
574,3
575,0
576,2
577,3
578,3
579,2
580,3
581,3
582,3
583,4
584,3
585,3
586,3
587,1
588,4
589,4
590,4
591,4
592,3
593,3
594,2
595,3
596,3
597,3
598,4
599,3
600,4
601,0
602,4
603,3
604,3
605,3
606,3
607,4
608,4
609,4
610,3
611,4
612,4
613,3
614,3
615,4
616,4
617,4
618,3
619,1
620,1
621,3
622,4
623,1
624,4
625,3
626,4
627,4
628,4
629,4
630,3
631,4
632,4
633,4
634,4
635,2
636,3
637,3
638,1
639,4
640,4
641,4
642,4
643,1
644,1
645,1
646,4
647,4
648,4
649,3
650,3
651,3
652,3
653,0
654,0
655,0
656,0
657,3
658,3
659,3
660,3
661,3
662,4
663,4
664,0
665,3
666,4
667,3
668,3
669,1
670,3
671,3
672,1
673,3
674,3
675,3
676,3
677,4
678,4
679,4
680,4
681,4
682,4
683,3
684,4
685,3
686,3
687,4
688,4
689,2
690,3
691,4
692,3
693,4
694,4
695,4
696,3
697,3
698,3
699,4
700,1
701,4
702,3
703,1
704,1
705,2
706,2
707,4
708,3
709,3
710,4
711,3
712,3
713,3
714,3
715,4
716,4
717,4
718,4
719,4
720,2
721,4
722,4
723,3
724,0
725,0
726,0
727,3
728,3
729,4
730,4
731,4
732,4
733,3
734,4
735,4
736,4
737,3
738,4
739,3
740,3
741,3
742,4
743,3
744,4
745,3
746,3
747,4
748,2
749,1
750,1
751,3
752,3
753,3
754,2
755,2
756,3
757,4
758,4
759,4
760,1
761,4
762,4
763,4
764,4
765,0
766,0
767,3
768,3
769,3
770,4
771,2
772,2
773,3
774,3
775,4
776,4
777,4
778,3
779,4
780,4
781,3
782,3
783,3
784,4
785,4
786,4
787,3
788,4
789,4
790,3
791,4
792,4
793,4
794,4
795,4
796,4
797,4
798,4
799,4
800,4
801,1
802,0
803,4
804,1
805,4
806,4
807,0
808,1
809,1
810,1
811,1
812,3
813,1
814,3
815,0
816,1
817,1
818,1
819,1
820,1
821,1
822,1
823,1
824,3
825,3
826,1
827,1
828,3
829,2
830,2
831,2
832,1
833,1
834,3
835,3
836,0
837,3
838,3
839,2
840,3
841,3
842,2
843,3
844,3
845,2
846,2
847,3
848,3
849,2
850,3
851,1
852,2
853,3
854,1
855,3
856,3
857,3
858,3
859,3
860,3
861,3
862,1
863,3
864,1
865,3
866,3
867,1
868,3
869,3
870,3
871,3
872,3
873,3
874,3
875,1
876,1
877,3
878,2
879,3
880,3
881,1
882,1
883,3
884,4
885,3
886,1
887,1
888,3
889,3
890,1
891,1
892,3
893,3
894,3
895,3
896,3
897,3
898,3
899,1
900,4
901,1
902,1
903,2
904,3
905,4
906,3
907,3
908,2
909,2
910,3
911,3
912,3
913,1
914,1
915,3
916,1
917,1
918,1
919,1
920,1
921,1
922,3
923,3
924,3
925,3
926,3
927,2
928,1
929,1
930,3
931,3
932,3
933,3
934,3
935,3
936,3
937,1
938,3
939,1
940,2
941,1
942,1
943,1
944,1
945,1
946,1
947,1
948,1
949,1
950,2
951,3
952,3
953,1
954,3
955,3
956,2
957,3
958,1
959,2
960,2
961,4
962,2
963,2
964,3
965,3
966,1
967,4
968,4
969,4
970,0
971,4
972,3
973,3
974,3
975,1
976,1
977,3
978,3
979,1
980,3
981,3
982,4
983,3
984,4
985,4
986,4
987,3
988,4
989,0
990,3
991,4
992,4
993,3
994,3
995,0
996,0
997,1
998,0
999,1
1000,3
1001,3
1002,4
1003,1
1004,1
1005,0
1006,3
1007,3
1008,0
1009,3
1010,3
1011,3
1012,3
1013,1
1014,1
1015,1
1016,2
1017,3
1018,3
1019,3
1020,1
1021,1
1022,3
1023,3
1024,3
1025,3
1026,3
1027,1
1028,3
1029,3
1030,4
1031,3
1032,4
1033,4
1034,3
1035,3
1036,4
1037,3
1038,3
1039,3
1040,3
1041,4
1042,2
1043,2
1044,1
1045,2
1046,3
1047,4
1048,3
1049,3
1050,2
1051,3
1052,3
1053,3
1054,3
1055,3
1056,3
1057,3
1058,1
1059,3
1060,3
1061,3
1062,1
1063,3
1064,4
1065,4
1066,1
1067,3
1068,3
1069,3
1070,3
1071,3
1072,3
1073,3
1074,3
1075,2
1076,3
1077,1
1078,3
1079,3
1080,4
1081,4
1082,4
1083,4
1084,4
1085,4
1086,1
1087,4
1088,3
1089,2
1090,2
1091,1
1092,1
1093,3
1094,1
1095,1
1096,2
1097,3
1098,3
1099,3
1100,4
1101,3
1102,4
1103,4
1104,1
1105,1
1106,2
1107,1
1108,1
1109,1
1110,3
1111,1
1112,1
1113,3
1114,3
1115,4
1116,3
1117,3
1118,1
1119,1
1120,1
1121,1
1122,3
1123,2
1124,2
1125,4
1126,3
1127,3
1128,3
1129,1
1130,1
1131,2
1132,1
1133,0
1134,1
1135,3
1136,3
1137,2
1138,2
1139,1
1140,1
1141,1
1142,3
1143,1
1144,1
1145,1
1146,1
1147,1
1148,3
1149,3
1150,4
1151,1
1152,1
1153,1
1154,3
1155,2
1156,2
1157,3
1158,1
1159,1
1160,1
1161,1
1162,1
1163,3
1164,3
1165,2
1166,1
1167,1
1168,1
1169,1
1170,3
1171,1
1172,3
1173,3
1174,4
1175,4
1176,3
1177,3
1178,1
1179,1
1180,2
1181,1
1182,1
1183,1
1184,2
1185,2
1186,2
1187,3
1188,2
1189,2
1190,4
1191,1
1192,1
1193,3
1194,2
1195,3
1196,1
1197,1
1198,2
1199,2
1200,0
1201,2
1202,1
1203,1
1204,1
1205,1
1206,1
1207,1
1208,1
1209,1
1210,2
1211,3
1212,4
1213,4
1214,4
1215,4
1216,3
1217,3
1218,1
1219,4
1220,2
1221,1
1222,1
1223,2
1224,2
1225,3
1226,4
1227,1
1228,3
1229,3
1230,3
1231,3
1232,3
1233,3
1234,4
1235,3
1236,3
1237,1
1238,3
1239,1
1240,1
1241,3
1242,3
1243,3
1244,1
1245,3
1246,3
1247,3
1248,3
1249,3
1250,3
1251,0
1252,3
1253,3
1254,4
1255,3
1256,3
1257,3
1258,3
1259,3
1260,1
1261,3
1262,4
1263,3
1264,2
1265,4
1266,4
1267,1
1268,4
1269,3
1270,1
1271,3
1272,4
1273,3
1274,1
1275,1
1276,3
1277,3
1278,3
1279,3
1280,3
1281,3
1282,1
1283,1
1284,4
1285,4
1286,4
1287,4
1288,3
1289,4
1290,1
1291,3
1292,3
1293,1
1294,1
1295,1
1296,4
1297,4
1298,3
1299,3
1300,3
1301,3
1302,4
1303,3
1304,4
1305,3
1306,4
1307,4
1308,4
1309,3
1310,4
1311,3
1312,3
1313,3
1314,1
1315,1
1316,1
1317,3
1318,1
1319,1
1320,2
1321,2
1322,1
1323,1
1324,3
1325,3
1326,3
1327,3
1328,3
1329,2
1330,3
1331,1
1332,3
1333,3
1334,3
1335,3
1336,3
1337,3
1338,3
1339,3
1340,3
1341,3
1342,3
1343,3
1344,3
1345,1
1346,1
1347,3
1348,3
1349,3
1350,4
1351,3
1352,4
1353,4
1354,3
1355,4
1356,4
1357,3
1358,4
1359,4
1360,1
1361,1
1362,3
1363,1
1364,1
1365,3
1366,3
1367,1
1368,1
1369,3
1370,3
1371,3
1372,3
1373,3
1374,4
1375,1
1376,1
1377,4
1378,3
1379,3
1380,3
1381,3
1382,1
1383,1
1384,3
1385,3
1386,3
1387,1
1388,3
1389,3
1390,3
1391,3
1392,3
1393,4
1394,4
1395,4
1396,3
1397,3
1398,3
1399,1
1400,1
1401,3
1402,3
1403,3
1404,2
1405,4
1406,3
1407,3
1408,2
1409,3
1410,2
1411,3
1412,2
1413,2
1414,2
1415,3
1416,1
1417,1
1418,2
1419,3
1420,1
1421,2
1422,2
1423,3
1424,3
1425,1
1426,2
1427,3
1428,3
1429,3
1430,3
1431,3
1432,3
1433,3
1434,3
1435,3
1436,1
1437,1
1438,4
1439,3
1440,1
1441,1
1442,1
1443,3
1444,1
1445,1
1446,3
1447,1
1448,1
1449,3
1450,3
1451,3
1452,2
1453,1
1454,3
1455,2
1456,2
1457,2
1458,3
1459,2
1460,1
1461,3
1462,3
1463,3
1464,3
1465,2
1466,1
1467,1
1468,2
1469,1
1470,2
1471,3
1472,2
1473,1
1474,1
1475,1
1476,1
1477,3
1478,3
1479,1
1480,1
1481,1
1482,1
1483,2
1484,3
1485,1
1486,1
1487,1
1488,1
1489,1
1490,1
1491,3
1492,1
1493,1
1494,1
1495,1
1496,1
1497,2
1498,1
1499,1
1500,1
1501,2
1502,2
1503,3
1504,2
1505,2
1506,3
1507,3
1508,2
1509,3
1510,3
1511,3
1512,1
1513,1
1514,2
1515,2
1516,2
1517,2
1518,2
1519,2
1520,1
1521,2
1522,2
1523,3
1524,2
1525,2
1526,3
1527,3
1528,2
1529,3
1530,2
1531,3
1532,1
1533,2
1534,1
1535,1
1536,1
1537,3
1538,2
1539,2
1540,1
1541,0
1542,2
1543,2
1544,1
1545,3
1546,2
1547,1
1548,2
1549,2
1550,2
1551,2
1552,1
1553,2
1554,1
1555,2
1556,2
1557,2
1558,2
1559,2
1560,2
1561,2
1562,2
1563,1
1564,1
1565,4
1566,2
1567,2
1568,2
1569,2
1570,2
1571,2
1572,2
1573,3
1574,2
1575,2
1576,1
1577,3
1578,3
1579,3
1580,2
1581,2
1582,2
1583,2
1584,2
1585,2
1586,2
1587,3
1588,1
1589,2
1590,2
1591,2
1592,2
1593,2
1594,2
1595,2
1596,2
1597,2
1598,2
1599,2
1600,2
1601,2
1602,2
1603,2
1604,3
1605,3
1606,1
1607,1
1608,1
1609,3
1610,3
1611,1
1612,3
1613,1
1614,4
1615,2
1616,2
1617,3
1618,2
1619,3
1620,2
1621,2
1622,3
1623,3
1624,2
1625,4
1626,2
1627,2
1628,4
1629,4
1630,4
1631,4
1632,3
1633,1
1634,3
1635,3
1636,1
1637,2
1638,3
1639,3
1640,3
1641,3
1642,3
1643,5
1644,3
1645,3
1646,2
1647,2
1648,3
1649,3
1650,2
1651,3
1652,3
1653,3
1654,3
1655,3
1656,3
1657,3
1658,3
1659,4
1660,4
1661,3
1662,4
1663,0
1664,1
1665,3
1666,5
1667,1
1668,5
1669,0
1670,4
1671,3
1672,4
1673,4
1674,0
1675,0
1676,3
1677,5
1678,4
1679,5
1680,0
1681,3
1682,2
1683,4
1684,4
1685,4
1686,2
1687,2
1688,3
1689,3
1690,0
1691,0
1692,2
1693,5
1694,3
1695,2
1696,4
1697,2
1698,1
1699,4
1700,2
1701,2
1702,1
1703,4
1704,2
1705,4
1706,4
1707,2
1708,0
1709,4
1710,4
1711,0
1712,2
1713,3
1714,3
1715,1
1716,4
1717,4
1718,3
1719,4
1720,4
1721,3
1722,3
1723,4
1724,4
1725,4
1726,3
1727,0
1728,3
1729,3
1730,3
1731,3
1732,0
1733,2
1734,2
1735,3
1736,4
1737,2
1738,4
1739,3
1740,3
1741,3
1742,4
1743,3
1744,3
1745,3
1746,4
1747,3
1748,4
1749,4
1750,3
1751,0
1752,0
1753,3
1754,2
1755,2
1756,2
1757,2
1758,3
1759,4
1760,3
1761,3
1762,4
1763,2
1764,4
1765,0
1766,3
1767,3
1768,4
1769,3
1770,2
1771,5
1772,2
1773,3
1774,3
1775,2
1776,3
1777,3
1778,5
1779,2
1780,4
1781,3
1782,0
1783,0
1784,0
1785,0
1786,4
1787,4
1788,0
1789,4
1790,0
1791,0
1792,0
1793,0
1794,0
1795,4
1796,0
1797,0
1798,0
1799,0
1800,0
1801,0
1802,0
1803,1
1804,4
1805,3
1806,4
1807,3
1808,1
1809,3
1810,3
1811,3
1812,3
1813,3
1814,1
1815,5
1816,3
1817,4
1818,4
1819,3
1820,3
1821,2
1822,3
1823,2
1824,2
1825,0
1826,4
1827,5
1828,2
1829,0
1830,0
1831,2
1832,2
1833,2
1834,3
1835,3
1836,4
1837,0
1838,4
1839,3
1840,3
1841,3
1842,4
1843,4
1844,4
1845,0
1846,0
1847,3
1848,1
1849,0
1850,5
1851,4
1852,3
1853,3
1854,2
1855,0
1856,3
1857,3
1858,3
1859,4
1860,4
1861,3
1862,4
1863,2
1864,3
1865,4
1866,1
1867,4
1868,3
1869,5
1870,4
1871,2
1872,4
1873,4
1874,2
1875,3
1876,2
1877,2
1878,2
1879,4
1880,2
1881,0
1882,5
1883,4
1884,4
1885,4
1886,2
1887,2
1888,5
1889,4
1890,4
1891,0
1892,0
1893,0
1894,4
1895,4
1896,3
1897,3
1898,4
1899,3
1900,2
1901,5
1902,3
1903,2
1904,2
1905,0
1906,3
1907,3
1908,3
1909,0
1910,2
1911,5
1912,3
1913,5
1914,3
1915,2
1916,3
1917,3
1918,5
1919,2
1920,3
1921,3
1922,4
1923,3
1924,4
1925,2
1926,2
1927,2
1928,2
1929,2
1930,5
1931,2
1932,2
1933,2
1934,2
1935,0
1936,2
1937,0
1938,0
1939,2
1940,3
1941,2
1942,0
1943,2
1944,2
1945,2
1946,2
1947,0
1948,2
1949,2
1950,4
1951,0
1952,4
1953,4
1954,2
1955,1
1956,0
1957,0
1958,0
1959,0
1960,0
1961,0
1962,0
1963,0
1964,0
1965,0
1966,0
1967,0
1968,3
1969,0
1970,2
1971,2
1972,5
1973,2
1974,5
1975,0
1976,5
1977,0
1978,0
1979,5
1980,3
1981,5
1982,5
1983,5
1984,2
1985,0
1986,0
1987,0
1988,0
1989,1
1990,1
1991,4
1992,4
1993,4
1994,5
1995,0
1996,5
1997,5
1998,5
1999,0
2000,0
2001,2
2002,0
2003,0
2004,0
2005,0
2006,4
2007,4
2008,2
2009,2
2010,4
2011,4
2012,5
2013,1
2014,5
2015,5
2016,5
2017,0
2018,0
2019,4
2020,0
2021,0
2022,3
2023,3
2024,3
2025,3
2026,2
2027,4
2028,4
2029,4
2030,4
2031,3
2032,0
2033,0
2034,4
2035,3
2036,3
2037,3
2038,2
2039,2
2040,3
2041,1
2042,2
2043,2
2044,3
2045,3
2046,4
2047,4
2048,3
2049,3
2050,3
2051,1
2052,0
2053,3
2054,1
2055,5
2056,5
2057,5
2058,5
2059,1
2060,3
2061,4
2062,4
2063,4
2064,0
2065,0
2066,3
2067,2
2068,3
2069,5
2070,4
2071,4
2072,5
2073,1
2074,5
2075,0
2076,4
2077,5
2078,0
2079,0
2080,5
2081,0
2082,0
2083,5
2084,1
2085,5
2086,4
2087,1
2088,1
2089,3
2090,3
2091,3
2092,0
2093,3
2094,0
2095,3
2096,3
2097,3
2098,3
2099,3
2100,3
2101,1
2102,3
2103,4
2104,0
2105,0
2106,0
2107,5
2108,1
2109,5
2110,3
2111,0
2112,5
2113,0
2114,0
2115,0
2116,1
2117,5
2118,0
2119,5
2120,5
2121,3
2122,3
2123,5
2124,5
2125,5
2126,5
2127,5
2128,3
2129,2
2130,4
2131,5
2132,2
2133,4
2134,3
2135,0
2136,1
2137,0
2138,1
2139,2
2140,5
2141,1
2142,2
2143,5
2144,1
2145,2
2146,2
2147,2
2148,1
2149,3
2150,0
2151,0
2152,0
2153,0
2154,5
2155,4
2156,5
2157,4
2158,4
2159,4
2160,0
2161,0
2162,0
2163,0
2164,4
2165,5
2166,4
2167,4
2168,4
2169,5
2170,4
2171,5
2172,0
2173,5
2174,4
2175,4
2176,5
2177,5
2178,5
2179,1
2180,5
2181,5
2182,5
2183,5
2184,5
2185,5
2186,0
2187,0
2188,0
2189,0
2190,0
2191,0
2192,5
2193,0
2194,2
2195,2
2196,0
2197,3
2198,4
2199,2
2200,0
2201,4
2202,4
2203,4
2204,4
2205,3
2206,5
2207,4
2208,0
2209,0
2210,2
2211,2
2212,3
2213,0
2214,0
2215,0
2216,4
2217,3
2218,2
2219,3
2220,4
2221,4
2222,4
2223,4
2224,0
2225,0
2226,2
2227,0
2228,0
2229,4
2230,0
2231,0
2232,4
2233,0
2234,0
2235,0
2236,4
2237,2
2238,0
2239,2
2240,2
2241,5
2242,5
2243,4
2244,4
2245,4
2246,0
2247,2
2248,2
2249,0
2250,0
2251,0
2252,2
2253,2
2254,5
2255,0
2256,4
2257,5
2258,4
2259,2
2260,0
2261,0
2262,0
2263,0
2264,2
2265,0
2266,2
2267,0
2268,2
2269,0
2270,0
2271,0
2272,0
2273,0
2274,0
2275,0
2276,1
2277,1
2278,1
2279,3
2280,3
2281,4
2282,0
2283,3
2284,4
2285,4
2286,1
2287,2
2288,5
2289,2
2290,2
2291,2
2292,0
2293,2
2294,2
2295,1
2296,1
2297,4
2298,4
2299,2
2300,1
2301,2
2302,0
2303,1
2304,5
2305,5
2306,4
2307,0
2308,0
2309,0
2310,2
2311,5
2312,0
2313,0
2314,5
2315,0
2316,0
2317,0
2318,0
2319,0
2320,0
2321,0
2322,0
2323,0
2324,0
2325,5
2326,0
2327,4
2328,0
2329,0
2330,0
2331,0
2332,0
2333,0
2334,2
2335,4
2336,3
2337,4
2338,1
2339,3
2340,4
2341,4
2342,3
2343,5
2344,4
2345,4
2346,4
2347,1
2348,3
2349,4
2350,4
2351,4
2352,4
2353,4
2354,1
2355,4
2356,3
2357,4
2358,1
2359,1
2360,0
2361,0
2362,0
2363,0
2364,0
2365,0
2366,3
2367,5
2368,0
2369,2
2370,3
2371,0
2372,0
2373,0
2374,4
2375,5
2376,0
2377,0
2378,4
2379,4
2380,4
2381,4
2382,4
2383,4
2384,4
2385,5
2386,4
2387,4
2388,0
2389,0
2390,4
2391,3
2392,0
2393,0
2394,0
2395,0
2396,0
2397,0
2398,4
2399,0
2400,5
2401,0
2402,0
2403,0
2404,0
2405,0
2406,5
2407,2
2408,5
2409,0
2410,0
2411,0
2412,3
2413,2
2414,2
2415,2
2416,2
2417,2
2418,2
2419,0
2420,0
2421,3
2422,3
2423,3
2424,3
2425,0
2426,0
2427,0
2428,0
2429,5
2430,0
2431,0
2432,0
2433,0
2434,0
2435,0
2436,1
2437,0
2438,4
2439,0
2440,0
2441,0
2442,0
2443,0
2444,0
2445,0
2446,0
2447,0
2448,4
2449,0
2450,0
2451,3
2452,2
2453,2
2454,4
2455,3
2456,1
2457,0
2458,1
2459,2
2460,3
2461,4
2462,1
2463,2
2464,3
2465,2
2466,2
2467,3
2468,3
2469,1
2470,4
2471,1
2472,3
2473,2
2474,2
2475,4
2476,5
2477,2
2478,2
2479,2
2480,2
2481,2
2482,2
2483,2
2484,2
2485,2
2486,4
2487,1
2488,2
2489,2
2490,2
2491,3
2492,0
2493,2
2494,2
2495,2
2496,1
2497,0
2498,1
2499,1
2500,4
2501,3
2502,2
2503,2
2504,2
2505,2
2506,5
2507,2
2508,2
2509,2
2510,2
2511,3
2512,2
2513,2
2514,2
2515,2
2516,1
2517,2
2518,3
2519,3
2520,5
2521,2
2522,2
2523,2
2524,2
2525,5
2526,3
2527,5
2528,3
2529,2
2530,2
2531,3
2532,2
2533,0
2534,2
2535,2
2536,3
2537,3
2538,4
2539,4
2540,3
2541,4
2542,4
2543,4
2544,4
2545,4
2546,4
2547,1
2548,4
2549,4
2550,3
2551,3
2552,1
2553,3
2554,4
2555,0
2556,2
2557,2
2558,5
2559,2
2560,5
2561,1
2562,4
2563,2
2564,5
2565,5
2566,2
2567,5
2568,4
2569,3
2570,3
2571,3
2572,3
2573,5
2574,5
2575,0
2576,2
2577,2
2578,3
2579,3
2580,2
2581,2
2582,2
2583,2
2584,2
2585,0
2586,0
2587,1
2588,3
2589,1
2590,3
2591,2
2592,1
2593,1
2594,2
2595,2
2596,0
2597,2
2598,0
2599,0
2600,0
2601,0
2602,0
2603,2
2604,2
2605,2
2606,2
2607,2
2608,3
2609,3
2610,3
2611,2
2612,2
2613,1
2614,2
2615,5
2616,5
2617,3
2618,1
2619,3
2620,4
2621,4
2622,3
2623,4
2624,2
2625,4
2626,4
2627,5
2628,2
2629,3
2630,0
2631,2
2632,3
2633,3
2634,5
2635,5
2636,3
2637,2
2638,4
2639,3
2640,4
2641,4
2642,2
2643,2
2644,3
2645,3
2646,3
2647,1
2648,4
2649,3
2650,4
2651,4
2652,2
2653,5
2654,0
2655,0
2656,5
2657,2
2658,0
2659,0
2660,2
2661,4
2662,5
2663,5
2664,0
2665,1
2666,3
2667,3
2668,3
2669,5
2670,4
2671,5
2672,2
2673,3
2674,5
2675,2
2676,2
2677,3
2678,3
2679,3
2680,3
2681,3
2682,0
2683,1
2684,3
2685,3
2686,4
2687,4
2688,2
2689,2
2690,2
2691,2
2692,2
2693,2
2694,2
2695,2
2696,2
2697,2
2698,1
2699,1
2700,1
2701,3
2702,2
2703,4
2704,3
2705,5
2706,3
2707,3
2708,0
2709,0
2710,0
2711,0
2712,0
2713,4
2714,0
2715,2
2716,1
2717,2
2718,1
2719,4
2720,2
2721,4
2722,3
2723,2
2724,2
2725,1
2726,2
2727,4
2728,4
2729,1
2730,0
2731,0
2732,0
2733,0
2734,3
2735,3
2736,4
2737,0
2738,1
2739,0
2740,3
2741,3
2742,3
2743,3
2744,3
2745,4
2746,4
2747,0
2748,0
2749,0
2750,4
2751,4
2752,0
2753,3
2754,4
2755,1
2756,3
2757,3
2758,4
2759,3
2760,0
2761,4
2762,0
2763,3
2764,4
2765,3
2766,1
2767,3
2768,1
2769,0
2770,0
2771,0
2772,4
2773,4
2774,3
2775,3
2776,4
2777,0
2778,0
2779,1
2780,0
2781,1
2782,4
2783,0
2784,4
2785,3
2786,3
2787,4
2788,4
2789,3
2790,4
2791,3
2792,2
2793,4
2794,2
2795,4
2796,1
2797,1
2798,2
2799,4
2800,4
2801,1
2802,2
2803,4
2804,4
2805,3
2806,4
2807,3
2808,0
2809,4
2810,3
2811,3
2812,2
2813,3
2814,4
2815,3
2816,3
2817,4
2818,3
2819,4
2820,3
2821,2
2822,2
2823,3
2824,1
2825,4
2826,0
2827,0
2828,2
2829,2
2830,2
2831,2
2832,0
2833,1
2834,1
2835,2
2836,2
2837,2
2838,2
2839,2
2840,2
2841,4
2842,2
2843,2
2844,2
2845,2
2846,1
2847,2
2848,2
2849,2
2850,4
2851,2
2852,2
2853,2
2854,3
2855,4
2856,3
2857,2
2858,3
2859,3
2860,3
2861,2
2862,3
2863,0
2864,4
2865,0
2866,3
2867,4
2868,4
2869,4
2870,1
2871,3
2872,0
2873,2
2874,2
2875,3
2876,2
2877,0
2878,3
2879,4
2880,3
2881,1
2882,4
2883,3
2884,2
2885,3
2886,4
2887,1
2888,1
2889,1
2890,1
2891,3
2892,3
2893,1
2894,3
2895,3
2896,3
2897,1
2898,1
2899,3
2900,4
2901,4
2902,4
2903,3
2904,4
2905,0
2906,3
2907,4
2908,2
2909,4
2910,3
2911,4
2912,3
2913,4
2914,3
2915,1
2916,4
2917,3
2918,4
2919,3
2920,3
2921,3
2922,4
2923,3
2924,4
2925,3
2926,4
2927,0
2928,3
2929,3
2930,3
2931,3
2932,3
2933,3
2934,3
2935,4
2936,4
2937,4
2938,4
2939,0
2940,3
2941,0
2942,0
2943,2
2944,0
2945,0
2946,1
2947,4
2948,4
2949,4
2950,4
2951,3
2952,3
2953,3
2954,3
2955,3
2956,3
2957,4
2958,4
2959,4
2960,1
2961,3
2962,4
2963,3
2964,4
2965,3
2966,4
2967,1
2968,0
2969,4
2970,4
2971,1
2972,3
2973,1
2974,1
2975,4
2976,0
2977,4
2978,2
2979,3
2980,3
2981,2
2982,3
2983,1
2984,3
2985,2
2986,4
2987,2
2988,0
2989,2
2990,3
2991,2
2992,2
2993,0
2994,2
2995,2
2996,3
2997,2
2998,2
2999,2
3000,3
3001,2
3002,2
3003,2
3004,1
3005,2
3006,2
3007,2
3008,2
3009,0
3010,4
3011,3
3012,2
3013,3
3014,4
3015,0
3016,0
3017,2
3018,4
3019,2
3020,3
3021,2
3022,3
3023,3
3024,4
3025,3
3026,4
3027,3
3028,2
3029,1
3030,4
3031,4
3032,2
3033,2
3034,2
3035,3
3036,3
3037,3
3038,1
3039,1
3040,0
3041,2
3042,3
3043,4
3044,2
3045,3
3046,2
3047,3
3048,3
3049,3
3050,3
3051,1
3052,3
3053,2
3054,3
3055,1
3056,3
3057,2
3058,2
3059,3
3060,3
3061,2
3062,2
3063,3
3064,3
3065,4
3066,4
3067,3
3068,3
3069,3
3070,4
3071,3
3072,3
3073,4
3074,3
3075,3
3076,4
3077,3
3078,3
3079,3
3080,3
3081,4
3082,4
3083,4
3084,3
3085,4
3086,3
3087,3
3088,3
3089,3
3090,4
3091,3
3092,3
3093,4
3094,4
3095,4
3096,3
3097,3
3098,4
3099,4
3100,3
3101,4
3102,3
3103,3
3104,3
3105,3
3106,3
3107,3
3108,3
3109,3
3110,4
3111,3
3112,3
3113,4
3114,3
3115,3
3116,3
3117,4
3118,3
3119,4
3120,3
3121,4
3122,3
3123,3
3124,3
3125,3
3126,3
3127,1
3128,1
3129,4
3130,3
3131,3
3132,4
3133,3
3134,4
3135,4
3136,4
3137,3
3138,3
3139,3
3140,3
3141,3
3142,4
3143,3
3144,3
3145,3
3146,1
3147,4
3148,3
3149,3
3150,1
3151,4
3152,4
3153,4
3154,3
3155,3
3156,3
3157,4
3158,3
3159,3
3160,1
3161,1
3162,1
3163,1
3164,3
3165,4
3166,2
3167,1
3168,4
3169,3
3170,3
3171,3
3172,0
3173,3
3174,3
3175,0
3176,1
3177,1
3178,4
3179,3
3180,3
3181,3
3182,4
3183,3
3184,4
3185,1
3186,2
3187,2
3188,3
3189,1
3190,2
3191,3
3192,2
3193,2
3194,2
3195,2
3196,3
3197,3
3198,3
3199,2
3200,2
3201,4
3202,2
3203,2
3204,3
3205,0
3206,3
3207,2
3208,2
3209,2
3210,0
3211,2
3212,3
3213,3
3214,3
3215,2
3216,2
3217,2
3218,2
3219,1
3220,3
3221,3
3222,2
3223,0
3224,0
3225,1
3226,0
3227,0
3228,0
3229,1
3230,4
3231,0
3232,0
3233,0
3234,0
3235,2
3236,2
3237,2
3238,3
3239,4
3240,0
3241,0
3242,1
3243,4
3244,4
3245,0
3246,1
3247,4
3248,3
3249,0
3250,0
3251,3
3252,3
3253,4
3254,1
3255,3
3256,0
3257,4
3258,0
3259,3
3260,3
3261,4
3262,2
3263,0
3264,3
3265,4
3266,4
3267,4
3268,4
3269,2
3270,4
3271,4
3272,3
3273,3
3274,3
3275,4
3276,3
3277,3
3278,3
3279,4
3280,3
3281,2
3282,3
3283,4
3284,4
3285,3
3286,3
3287,0
3288,3
3289,2
3290,3
3291,0
3292,4
3293,1
3294,1
3295,4
3296,0
3297,1
3298,4
3299,1
3300,1
3301,0
3302,0
3303,4
3304,0
3305,3
3306,3
3307,0
3308,1
3309,3
3310,0
3311,4
3312,3
3313,2
3314,0
3315,4
3316,3
3317,4
3318,4
3319,4
3320,2
3321,4
3322,4
3323,4
3324,3
3325,4
3326,2
3327,4
3328,4
3329,2
3330,1
3331,3
3332,3
3333,0
3334,2
3335,3
3336,3
3337,0
3338,0
3339,4
3340,2
3341,3
3342,3
3343,0
3344,0
3345,3
3346,4
3347,4
3348,4
3349,0
3350,0
3351,2
3352,4
3353,3
3354,2
3355,4
3356,3
3357,3
3358,0
3359,0
3360,4
3361,3
3362,3
3363,3
3364,3
3365,3
3366,3
3367,0
3368,4
3369,3
3370,3
3371,1
3372,0
3373,3
3374,0
3375,3
3376,0
3377,0
3378,0
3379,0
3380,3
3381,3
3382,3
3383,3
3384,3
3385,2
3386,4
3387,4
3388,0
3389,3
3390,3
3391,4
3392,3
3393,3
3394,3
3395,3
3396,0
3397,0
3398,3
3399,3
3400,4
3401,3
3402,2
3403,0
3404,4
3405,3
3406,3
3407,3
3408,2
3409,2
3410,2
3411,2
3412,2
3413,3
3414,4
3415,3
3416,1
3417,3
3418,3
3419,1
3420,1
3421,2
3422,3
3423,3
3424,3
3425,2
3426,3
3427,3
3428,2
3429,0
3430,3
3431,2
3432,2
3433,2
3434,2
3435,2
3436,2
3437,2
3438,2
3439,2
3440,2
3441,2
3442,2
3443,3
3444,0
3445,3
3446,4
3447,2
3448,2
3449,0
3450,0
3451,4
3452,4
3453,0
3454,4
3455,3
3456,4
3457,3
3458,4
3459,3
3460,3
3461,3
3462,4
3463,3
3464,4
3465,4
3466,0
3467,2
3468,0
3469,1
3470,4
3471,4
3472,3
3473,4
3474,0
3475,1
3476,5
3477,5
3478,3
3479,1
3480,3
3481,0
3482,1
3483,3
3484,3
3485,1
3486,1
3487,2
3488,3
3489,4
3490,3
3491,2
3492,2
3493,3
3494,1
3495,1
3496,3
3497,3
3498,3
3499,3
3500,4
3501,2
3502,3
3503,3
3504,3
3505,3
3506,5
3507,1
3508,4
3509,3
3510,2
3511,4
3512,2
3513,0
3514,2
3515,3
3516,1
3517,3
3518,3
3519,3
3520,3
3521,3
3522,2
3523,3
3524,3
3525,2
3526,2
3527,3
3528,3
3529,3
3530,1
3531,1
3532,3
3533,3
3534,3
3535,3
3536,3
3537,3
3538,3
3539,3
3540,2
3541,3
3542,3
3543,3
3544,3
3545,2
3546,3
3547,0
3548,3
3549,0
3550,3
3551,0
3552,0
3553,2
3554,2
3555,2
3556,4
3557,3
3558,3
3559,3
3560,2
3561,2
3562,3
3563,3
3564,3
3565,3
3566,3
3567,3
3568,3
3569,3
3570,4
3571,3
3572,3
3573,3
3574,2
3575,3
3576,3
3577,3
3578,3
3579,4
3580,0
3581,0
3582,0
3583,0
3584,0
3585,0
3586,2
3587,2
3588,2
3589,3
3590,2
3591,2
3592,3
3593,3
3594,3
3595,3
3596,1
3597,3
3598,3
3599,3
3600,3
3601,3
3602,3
3603,1
3604,3
3605,3
3606,3
3607,1
3608,3
3609,2
3610,3
3611,3
3612,2
3613,2
3614,3
3615,3
3616,3
3617,3
3618,3
3619,2
3620,4
3621,3
3622,1
3623,3
3624,3
3625,4
3626,3
3627,4
3628,3
3629,3
3630,3
3631,0
3632,3
3633,3
3634,3
3635,3
3636,3
3637,3
3638,0
3639,3
3640,3
3641,3
3642,2
3643,0
3644,3
3645,3
3646,2
3647,0
3648,3
3649,2
3650,3
3651,2
3652,3
3653,3
3654,3
3655,3
3656,4
3657,2
3658,3
3659,4
3660,3
3661,4
3662,3
3663,1
3664,5
3665,4
3666,4
3667,4
3668,4
3669,4
3670,4
3671,4
3672,4
3673,4
3674,4
3675,4
3676,4
3677,2
3678,4
3679,4
3680,4
3681,4
3682,4
3683,5
3684,4
3685,4
3686,4
3687,4
3688,4
3689,4
3690,4
3691,4
3692,4
3693,4
3694,4
3695,2
3696,4
3697,4
3698,4
3699,4
3700,2
3701,5
3702,2
3703,4
3704,4
3705,4
3706,2
3707,0
3708,4
3709,4
3710,4
3711,5
3712,0
3713,4
3714,4
3715,4
3716,4
3717,4
3718,4
3719,4
3720,4
3721,5
3722,4
3723,2
3724,4
3725,4
3726,4
3727,2
3728,2
3729,4
3730,0
3731,2
3732,2
3733,3
3734,0
3735,4
3736,2
3737,4
3738,4
3739,2
3740,0
3741,4
3742,4
3743,4
3744,4
3745,2
3746,4
3747,4
3748,4
3749,4
3750,4
3751,4
3752,4
3753,4
3754,4
3755,4
3756,2
3757,4
3758,4
3759,4
3760,4
3761,2
3762,2
3763,4
3764,4
3765,4
3766,4
3767,4
3768,3
3769,2
3770,4
3771,2
3772,3
3773,0
3774,3
3775,4
3776,4
3777,4
3778,4
3779,4
3780,4
3781,4
3782,2
3783,4
3784,5
3785,5
3786,4
3787,4
3788,4
3789,4
3790,4
3791,4
3792,4
3793,2
3794,4
3795,4
3796,4
3797,4
3798,0
3799,4
3800,4
3801,4
3802,4
3803,4
3804,4
3805,4
3806,5
3807,4
3808,4
3809,4
3810,4
3811,4
3812,4
3813,4
3814,4
3815,5
3816,0
3817,0
3818,0
3819,4
3820,4
3821,4
3822,5
3823,4
3824,4
3825,4
3826,4
3827,4
3828,4
3829,5
3830,4
3831,4
3832,0
3833,4
3834,4
3835,4
3836,4
3837,4
3838,4
3839,4
3840,4
3841,4
3842,4
3843,4
3844,5
3845,5
3846,4
3847,4
3848,4
3849,4
3850,4
3851,4
3852,4
3853,4
3854,4
3855,4
3856,4
3857,4
3858,4
3859,4
3860,4
3861,2
3862,2
3863,2
3864,4
3865,4
3866,4
3867,4
3868,4
3869,4
3870,4
3871,4
3872,4
3873,4
3874,4
3875,4
3876,4
3877,4
3878,4
3879,4
3880,4
3881,2
3882,4
3883,4
3884,5
3885,4
3886,4
3887,4
3888,4
3889,4
3890,4
3891,4
3892,4
3893,4
3894,4
3895,4
3896,4
3897,4
3898,4
3899,4
3900,4
3901,4
3902,4
3903,4
3904,4
3905,4
3906,4
3907,4
3908,4
3909,4
3910,4
3911,5
3912,4
3913,4
3914,5
3915,4
3916,4
3917,4
3918,4
3919,4
3920,4
3921,4
3922,4
3923,4
3924,4
3925,4
3926,4
3927,2
3928,4
3929,4
3930,0
3931,4
3932,4
3933,4
3934,4
3935,4
3936,0
3937,4
3938,2
3939,4
3940,4
3941,4
3942,4
3943,4
3944,4
3945,4
3946,4
3947,4
3948,4
3949,4
3950,4
3951,4
3952,4
3953,4
3954,4
3955,4
3956,4
3957,4
3958,4
3959,4
3960,4
3961,4
3962,4
3963,4
3964,4
3965,4
3966,4
3967,4
3968,4
3969,4
3970,4
3971,4
3972,4
3973,4
3974,4
3975,4
3976,4
3977,4
3978,4
3979,4
3980,4
3981,4
3982,4
3983,4
3984,4
3985,4
3986,4
3987,4
3988,4
3989,4
3990,4
3991,4
3992,4
3993,4
3994,4
3995,4
3996,4
3997,4
3998,4
3999,4
4000,4
4001,4
4002,4
4003,4
4004,4
4005,4
4006,0
4007,4
4008,4
4009,4
4010,4
4011,4
4012,4
4013,4
4014,4
4015,4
4016,4
4017,4
4018,4
4019,4
4020,4
4021,4
4022,4
4023,4
4024,4
4025,4
4026,4
4027,4
4028,4
4029,4
4030,4
4031,4
4032,4
4033,4
4034,4
4035,0
4036,0
4037,4
4038,4
4039,0
4040,0
4041,3
4042,4
4043,2
4044,4
4045,4
4046,2
4047,4
4048,4
4049,4
4050,4
4051,2
4052,0
4053,5
4054,4
4055,4
4056,3
4057,4
4058,4
4059,2
4060,3
4061,4
4062,4
4063,4
4064,2
4065,4
4066,4
4067,4
4068,1
4069,4
4070,4
4071,1
4072,4
4073,4
4074,4
4075,4
4076,4
4077,4
4078,4
4079,4
4080,4
4081,4
4082,4
4083,4
4084,4
4085,4
4086,4
4087,4
4088,4
4089,2
4090,4
4091,4
4092,4
4093,4
4094,4
4095,4
4096,4
4097,4
4098,4
4099,4
4100,4
4101,4
4102,2
4103,4
4104,4
4105,0
4106,4
4107,0
4108,4
4109,4
4110,2
4111,2
4112,4
4113,4
4114,2
4115,4
4116,2
4117,4
4118,4
4119,4
4120,4
4121,4
4122,4
4123,4
4124,2
4125,4
4126,4
4127,4
4128,4
4129,2
4130,4
4131,2
4132,1
4133,1
4134,4
4135,4
4136,4
4137,4
4138,4
4139,4
4140,4
4141,0
4142,4
4143,4
4144,4
4145,4
4146,4
4147,4
4148,4
4149,4
4150,4
4151,4
4152,4
4153,4
4154,4
4155,4
4156,4
4157,4
4158,4
4159,4
4160,4
4161,4
4162,4
4163,4
4164,4
4165,4
4166,4
4167,2
4168,2
4169,4
4170,4
4171,4
4172,4
4173,4
4174,4
4175,4
4176,4
4177,4
4178,4
4179,4
4180,4
4181,4
4182,4
4183,4
4184,4
4185,4
4186,4
4187,4
4188,4
4189,4
4190,4
4191,4
4192,4
4193,4
4194,4
4195,4
4196,4
4197,4
4198,4
4199,4
4200,4
4201,4
4202,4
4203,4
4204,4
4205,4
4206,4
4207,4
4208,4
4209,2
4210,2
4211,4
4212,4
4213,4
4214,2
4215,4
4216,4
4217,4
4218,4
4219,4
4220,4
4221,4
4222,4
4223,4
4224,4
4225,4
4226,4
4227,4
4228,4
4229,4
4230,4
4231,4
4232,4
4233,4
4234,4
4235,4
4236,4
4237,4
4238,4
4239,4
4240,4
4241,4
4242,4
4243,4
4244,4
4245,4
4246,4
4247,4
4248,4
4249,4
4250,4
4251,4
4252,4
4253,4
4254,4
4255,4
4256,4
4257,4
4258,4
4259,4
4260,4
4261,4
4262,4
4263,4
4264,4
4265,4
4266,4
4267,4
4268,4
4269,4
4270,4
4271,4
4272,4
4273,4
4274,4
4275,4
4276,4
4277,4
4278,4
4279,4
4280,4
4281,4
4282,4
4283,4
4284,4
4285,4
4286,4
4287,4
4288,4
4289,4
4290,4
4291,4
4292,4
4293,4
4294,4
4295,4
4296,4
4297,4
4298,4
4299,4
4300,4
4301,4
4302,4
4303,4
4304,4
4305,4
4306,4
4307,4
4308,4
4309,4
4310,4
4311,4
4312,4
4313,4
4314,4
4315,4
4316,4
4317,4
4318,4
4319,4
4320,4
4321,4
4322,4
4323,4
4324,4
4325,4
4326,4
4327,4
4328,4
4329,4
4330,4
4331,4
4332,4
4333,4
4334,4
4335,4
4336,4
4337,4
4338,4
4339,4
4340,4
4341,4
4342,4
4343,4
4344,4
4345,4
4346,4
4347,4
4348,4
4349,4
4350,4
4351,4
4352,4
4353,4
4354,4
4355,4
4356,4
4357,4
4358,4
4359,4
4360,4
4361,4
4362,4
4363,4
4364,4
4365,4
4366,4
4367,4
4368,4
4369,4
4370,4
4371,4
4372,4
4373,4
4374,4
4375,4
4376,4
4377,4
4378,4
4379,4
4380,4
4381,4
4382,4
4383,4
4384,4
4385,4
4386,4
4387,4
4388,4
4389,4
4390,4
4391,4
4392,4
4393,4
4394,4
4395,4
4396,4
4397,4
4398,4
4399,4
4400,4
4401,4
4402,4
4403,4
4404,4
4405,4
4406,4
4407,4
4408,4
4409,4
4410,4
4411,4
4412,4
4413,4
4414,4
4415,4
4416,4
4417,4
4418,4
4419,4
4420,4
4421,4
4422,4
4423,4
4424,4
4425,4
4426,4
4427,4
4428,4
4429,4
4430,4
4431,4
4432,4
4433,4
4434,4
4435,4
4436,4
4437,4
4438,4
4439,4
4440,4
4441,4
4442,4
4443,4
4444,4
4445,4
4446,4
4447,4
4448,4
4449,4
4450,4
4451,4
4452,4
4453,4
4454,4
4455,4
4456,4
4457,4
4458,4
4459,4
4460,4
4461,4
4462,4
4463,4
4464,4
4465,4
4466,4
4467,4
4468,4
4469,4
4470,4
4471,4
4472,4
4473,4
4474,4
4475,4
4476,4
4477,4
4478,4
4479,4
4480,4
4481,4
4482,4
4483,4
4484,4
4485,4
4486,4
4487,4
4488,4
4489,4
4490,4
4491,4
4492,4
4493,4
4494,4
4495,4
4496,4
4497,4
4498,4
4499,4
4500,4
4501,4
4502,4
4503,4
4504,4
4505,4
4506,4
4507,4
4508,4
4509,4
4510,4
4511,4
4512,4
4513,4
4514,4
4515,4
4516,4
4517,4
4518,4
4519,4
4520,4
4521,4
4522,4
4523,4
4524,4
4525,4
4526,4
4527,4
4528,4
4529,4
4530,4
4531,4
4532,4
4533,4
4534,4
4535,4
4536,4
4537,4
4538,4
4539,4
4540,4
4541,4
4542,4
4543,4
4544,4
4545,4
4546,4
4547,4
4548,4
4549,4
4550,4
4551,4
4552,4
4553,4
4554,4
4555,4
4556,4
4557,4
4558,4
4559,4
4560,4
4561,4
4562,4
4563,4
4564,4
4565,4
4566,4
4567,4
4568,4
4569,4
4570,4
4571,4
4572,4
4573,4
4574,4
4575,4
4576,4
4577,4
4578,4
4579,4
4580,4
4581,4
4582,4
4583,4
4584,4
4585,4
4586,4
4587,4
4588,4
4589,4
4590,4
4591,4
4592,4
4593,4
4594,4
4595,4
4596,4
4597,4
4598,4
4599,4
4600,4
4601,4
4602,4
4603,4
4604,4
4605,4
4606,4
4607,4
4608,4
4609,4
4610,4
4611,4
4612,4
4613,4
4614,4
4615,4
4616,4
4617,4
4618,4
4619,4
4620,4
4621,4
4622,4
4623,4
4624,4
4625,4
4626,4
4627,4
4628,4
4629,4
4630,4
4631,4
4632,4
4633,4
4634,4
4635,4
4636,4
4637,4
4638,4
4639,4
4640,4
4641,4
4642,4
4643,4
4644,4
4645,4
4646,4
4647,4
4648,4
4649,4
4650,4
4651,4
4652,4
4653,4
4654,4
4655,4
4656,4
4657,4
4658,4
4659,4
4660,4
4661,4
4662,4
4663,4
4664,4
4665,4
4666,4
4667,4
4668,4
4669,4
4670,4
4671,4
4672,4
4673,4
4674,4
4675,4
4676,4
4677,4
4678,4
4679,4
4680,4
4681,3
4682,4
4683,4
4684,4
4685,4
4686,4
4687,4
4688,4
4689,4
4690,4
4691,4
4692,4
4693,4
4694,4
4695,4
4696,4
4697,4
4698,4
4699,4
4700,4
4701,4
4702,4
4703,4
4704,4
4705,4
4706,4
4707,4
4708,4
4709,4
4710,4
4711,4
4712,4
4713,4
4714,4
4715,4
4716,4
4717,4
4718,4
4719,4
4720,4
4721,4
4722,4
4723,4
4724,4
4725,4
4726,4
4727,4
4728,4
4729,4
4730,4
4731,4
4732,4
4733,4
4734,4
4735,4
4736,4
4737,4
4738,4
4739,4
4740,4
4741,4
4742,4
4743,4
4744,4
4745,4
4746,4
4747,4
4748,4
4749,4
4750,4
4751,4
4752,4
4753,4
4754,4
4755,4
4756,4
4757,4
4758,4
4759,4
4760,4
4761,4
4762,4
4763,4
4764,4
4765,4
4766,4
4767,4
4768,4
4769,4
4770,4
4771,4
4772,4
4773,4
4774,4
4775,4
4776,4
4777,4
4778,4
4779,4
4780,4
4781,4
4782,4
4783,4
4784,4
4785,4
4786,4
4787,4
4788,4
4789,4
4790,4
4791,4
4792,4
4793,4
4794,4
4795,4
4796,4
4797,4
4798,4
4799,4
4800,4
4801,4
4802,4
4803,4
4804,4
4805,4
4806,4
4807,4
4808,4
4809,4
4810,1
4811,2
4812,4
4813,4
4814,3
4815,4
4816,4
4817,3
4818,4
4819,4
4820,3
4821,4
4822,4
4823,3
4824,4
4825,4
4826,4
4827,4
4828,4
4829,4
4830,4
4831,4
4832,4
4833,4
4834,4
4835,4
4836,4
4837,4
4838,4
4839,4
4840,4
4841,4
4842,4
4843,4
4844,4
4845,4
4846,4
4847,4
4848,4
4849,0
4850,4
4851,4
4852,4
4853,4
4854,4
4855,4
4856,4
4857,4
4858,4
4859,4
4860,4
4861,4
4862,4
4863,4
4864,4
4865,4
4866,4
4867,4
4868,4
4869,4
4870,4
4871,4
4872,4
4873,4
4874,4
4875,4
4876,4
4877,4
4878,4
4879,4
4880,4
4881,4
4882,4
4883,4
4884,4
4885,4
4886,4
4887,4
4888,4
4889,4
4890,4
4891,4
4892,4
4893,4
4894,4
4895,4
4896,4
4897,4
4898,4
4899,4
4900,4
4901,4
4902,4
4903,4
4904,4
4905,4
4906,4
4907,4
4908,4
4909,4
4910,4
4911,4
4912,4
4913,4
4914,4
4915,4
4916,4
4917,4
4918,4
4919,4
4920,4
4921,4
4922,4
4923,4
4924,4
4925,4
4926,4
4927,4
4928,4
4929,4
4930,4
4931,4
4932,4
4933,4
4934,4
4935,4
4936,4
4937,4
4938,4
4939,4
4940,4
4941,4
4942,4
4943,4
4944,4
4945,4
4946,4
4947,4
4948,4
4949,4
4950,4
4951,4
4952,4
4953,4
4954,4
4955,4
4956,4
4957,4
4958,4
4959,4
4960,4
4961,4
4962,4
4963,4
4964,4
4965,4
4966,4
4967,4
4968,4
4969,4
4970,4
4971,4
4972,4
4973,4
4974,4
4975,4
4976,4
4977,4
4978,4
4979,4
4980,4
4981,4
4982,4
4983,4
4984,4
4985,4
4986,4
4987,4
4988,4
4989,4
4990,4
4991,4
4992,4
4993,4
4994,4
4995,4
4996,4
4997,4
4998,4
4999,4
5000,4
5001,4
5002,4
5003,4
5004,4
5005,4
5006,4
5007,4
5008,4
5009,4
5010,4
5011,4
5012,4
5013,4
5014,4
5015,4
5016,4
5017,4
5018,4
5019,4
5020,4
5021,4
5022,4
5023,4
5024,4
5025,4
5026,4
5027,4
5028,4
5029,4
5030,4
5031,4
5032,4
5033,4
5034,4
5035,4
5036,4
5037,4
5038,4
5039,4
5040,4
5041,4
5042,4
5043,4
5044,4
5045,4
5046,4
5047,4
5048,4
5049,4
5050,4
5051,4
5052,4
5053,4
5054,4
5055,4
5056,4
5057,4
5058,4
5059,4
5060,4
5061,4
5062,4
5063,4
5064,4
5065,4
5066,4
5067,4
5068,4
5069,4
5070,4
5071,4
5072,4
5073,4
5074,4
5075,4
5076,4
5077,4
5078,4
5079,4
5080,4
5081,4
5082,4
5083,4
5084,4
5085,4
5086,4
5087,4
5088,4
5089,4
5090,4
5091,4
5092,4
5093,4
5094,4
5095,4
5096,4
5097,4
5098,4
5099,4
5100,4
5101,4
5102,4
5103,4
5104,4
5105,4
5106,4
5107,4
5108,4
5109,4
5110,4
5111,4
5112,4
5113,4
5114,4
5115,4
5116,4
5117,4
5118,4
5119,4
5120,4
5121,4
5122,4
5123,4
5124,4
5125,4
5126,4
5127,4
5128,4
5129,4
5130,4
5131,4
5132,4
5133,4
5134,4
5135,4
5136,4
5137,4
5138,4
5139,4
5140,4
5141,0
5142,4
5143,4
5144,4
5145,4
5146,4
5147,4
5148,4
5149,4
5150,4
5151,4
5152,4
5153,4
5154,4
5155,4
5156,4
5157,4
5158,4
5159,4
5160,4
5161,4
5162,4
5163,4
5164,4
5165,4
5166,4
5167,4
5168,4
5169,4
5170,4
5171,3
5172,4
5173,4
5174,4
5175,4
5176,4
5177,4
5178,4
5179,4
5180,4
5181,4
5182,4
5183,4
5184,4
5185,4
5186,4
5187,4
5188,4
5189,4
5190,4
5191,4
5192,4
5193,4
5194,4
5195,4
5196,4
5197,4
5198,4
5199,4
5200,4
5201,4
5202,4
5203,4
5204,4
5205,4
5206,4
5207,4
5208,4
5209,4
5210,4
5211,4
5212,4
5213,4
5214,4
5215,4
5216,4
5217,4
5218,4
5219,4
5220,4
5221,4
5222,4
5223,4
5224,4
5225,4
5226,4
5227,4
5228,4
5229,4
5230,4
5231,4
5232,4
5233,4
5234,4
5235,4
5236,4
5237,4
5238,4
5239,4
5240,4
5241,4
5242,4
5243,4
5244,4
5245,4
5246,4
5247,4
5248,4
5249,4
5250,4
5251,4
5252,4
5253,4
5254,4
5255,4
5256,4
5257,4
5258,4
5259,4
5260,4
5261,4
5262,4
5263,4
5264,4
5265,4
5266,4
5267,4
5268,4
5269,4
5270,4
5271,4
5272,4
5273,4
5274,4
5275,4
5276,4
5277,4
5278,4
5279,4
5280,4
5281,4
5282,4
5283,4
5284,4
5285,4
5286,4
5287,4
5288,4
5289,4
5290,4
5291,4
5292,4
5293,4
5294,4
5295,4
5296,4
5297,4
5298,4
5299,4
5300,4
5301,4
5302,4
5303,4
5304,4
5305,4
5306,4
5307,4
5308,4
5309,4
5310,4
5311,4
5312,4
5313,4
5314,4
5315,4
5316,4
5317,4
5318,4
5319,4
5320,4
5321,4
5322,4
5323,4
5324,4
5325,4
5326,4
5327,4
5328,4
5329,4
5330,4
5331,4
5332,4
5333,4
5334,4
5335,4
5336,4
5337,4
5338,4
5339,4
5340,4
5341,4
5342,4
5343,4
5344,4
5345,4
5346,4
5347,4
5348,4
5349,4
5350,4
5351,4
5352,3
5353,3
5354,4
5355,4
5356,4
5357,4
5358,4
5359,4
5360,4
5361,4
5362,4
5363,4
5364,4
5365,4
5366,4
5367,4
5368,4
5369,4
5370,4
5371,4
5372,4
5373,4
5374,4
5375,4
5376,4
5377,4
5378,4
5379,4
5380,4
5381,4
5382,4
5383,4
5384,4
5385,4
5386,4
5387,4
5388,4
5389,4
5390,4
5391,4
5392,4
5393,4
5394,4
5395,4
5396,4
5397,4
5398,4
5399,4
5400,4
5401,4
5402,4
5403,4
5404,4
5405,4
5406,4
5407,4
5408,4
5409,4
5410,4
5411,4
5412,4
5413,4
5414,4
5415,4
5416,4
5417,4
5418,4
5419,4
5420,4
5421,4
5422,4
5423,4
5424,4
5425,4
5426,4
5427,4
5428,0
5429,4
5430,4
5431,4
5432,4
5433,4
5434,4
5435,4
5436,4
5437,4
5438,4
5439,4
5440,4
5441,4
5442,4
5443,4
5444,4
5445,4
5446,4
5447,4
5448,4
5449,4
5450,4
5451,4
5452,4
5453,4
5454,4
5455,4
5456,4
5457,4
5458,4
5459,4
5460,4
5461,4
5462,4
5463,4
5464,0
5465,4
5466,4
5467,4
5468,4
5469,4
5470,4
5471,4
5472,4
5473,4
5474,4
5475,4
5476,4
5477,4
5478,4
5479,4
5480,4
5481,4
5482,4
5483,4
5484,4
5485,4
5486,4
5487,4
5488,4
5489,4
5490,4
5491,4
5492,4
5493,4
5494,4
5495,4
5496,4
5497,4
5498,4
5499,4
5500,4
5501,4
5502,4
5503,4
5504,4
5505,4
5506,4
5507,4
5508,4
5509,4
5510,4
5511,4
5512,4
5513,4
5514,4
5515,4
5516,4
5517,4
5518,4
5519,0
5520,4
5521,4
5522,4
5523,4
5524,4
5525,4
5526,4
5527,4
5528,4
5529,4
5530,4
5531,4
5532,4
5533,4
5534,4
5535,3
5536,4
5537,4
5538,4
5539,4
5540,4
5541,4
5542,4
5543,4
5544,4
5545,4
5546,2
5547,4
5548,4
5549,4
5550,4
5551,4
5552,4
5553,4
5554,4
5555,4
5556,4
5557,4
5558,4
5559,4
5560,4
5561,4
5562,4
5563,4
5564,4
5565,4
5566,4
5567,4
5568,4
5569,4
5570,4
5571,4
5572,4
5573,4
5574,4
5575,4
5576,4
5577,4
5578,4
5579,4
5580,4
5581,4
5582,4
5583,4
5584,4
5585,4
5586,4
5587,4
5588,4
5589,4
5590,3
5591,4
5592,4
5593,4
5594,4
5595,4
5596,4
5597,4
5598,4
5599,4
5600,4
5601,4
5602,4
5603,4
5604,4
5605,4
5606,4
5607,4
5608,4
5609,4
5610,4
5611,2
5612,4
5613,2
5614,4
5615,2
5616,4
5617,4
5618,4
5619,2
5620,2
5621,4
5622,2
5623,2
5624,4
5625,4
5626,4
5627,4
5628,2
5629,4
5630,4
5631,2
5632,4
5633,2
5634,4
5635,4
5636,4
5637,4
5638,2
5639,5
5640,2
5641,4
5642,2
5643,4
5644,2
5645,4
5646,4
5647,4
5648,4
5649,4
5650,4
5651,4
5652,4
5653,4
5654,4
5655,4
5656,0
5657,0
5658,2
5659,4
5660,4
5661,4
5662,4
5663,4
5664,4
5665,4
5666,4
5667,2
5668,4
5669,4
5670,2
5671,4
5672,4
5673,4
5674,4
5675,4
5676,4
5677,0
5678,4
5679,4
5680,4
5681,4
5682,4
5683,4
5684,4
5685,4
5686,4
5687,4
5688,4
5689,4
5690,4
5691,4
5692,4
5693,4
5694,4
5695,2
5696,4
5697,2
5698,2
5699,2
5700,4
5701,4
5702,4
5703,4
5704,4
5705,4
5706,4
5707,4
5708,4
5709,4
5710,4
5711,4
5712,2
5713,4
5714,4
5715,4
5716,4
5717,4
5718,4
5719,4
5720,4
5721,4
5722,4
5723,4
5724,4
5725,4
5726,4
5727,2
5728,4
5729,4
5730,4
5731,4
5732,4
5733,4
5734,4
5735,4
5736,4
5737,4
5738,4
5739,4
5740,4
5741,4
5742,4
5743,4
5744,4
5745,4
5746,4
5747,4
5748,4
5749,4
5750,4
5751,4
5752,4
5753,4
5754,4
5755,4
5756,4
5757,4
5758,4
5759,4
5760,4
5761,4
5762,4
5763,4
5764,4
5765,4
5766,4
5767,4
5768,4
5769,4
5770,4
5771,4
5772,4
5773,4
5774,4
5775,4
5776,4
5777,4
5778,4
5779,4
5780,4
5781,4
5782,4
5783,4
5784,4
5785,4
5786,4
5787,4
5788,4
5789,4
5790,4
5791,4
5792,4
5793,4
5794,4
5795,4
5796,4
5797,4
5798,4
5799,4
5800,4
5801,4
5802,4
5803,4
5804,4
5805,4
5806,4
5807,4
5808,4
5809,4
5810,4
5811,4
5812,4
5813,4
5814,4
5815,4
5816,4
5817,4
5818,4
5819,4
5820,4
5821,4
5822,4
5823,4
5824,4
5825,4
5826,4
5827,4
5828,4
5829,4
5830,4
5831,4
5832,4
5833,4
5834,4
5835,4
5836,4
5837,4
5838,0
5839,0
5840,4
5841,4
5842,0
5843,4
5844,4
5845,4
5846,4
5847,4
5848,4
5849,4
5850,4
5851,4
5852,4
5853,4
5854,4
5855,4
5856,4
5857,4
5858,4
5859,4
5860,4
5861,4
5862,4
5863,4
5864,4
5865,4
5866,4
5867,4
5868,4
5869,4
5870,4
5871,4
5872,4
5873,4
5874,4
5875,4
5876,4
5877,4
5878,4
5879,4
5880,4
5881,4
5882,4
5883,4
5884,4
5885,4
5886,4
5887,4
5888,4
5889,4
5890,4
5891,4
5892,4
5893,4
5894,4
5895,4
5896,4
5897,4
5898,4
5899,4
5900,4
5901,4
5902,4
5903,4
5904,4
5905,4
5906,4
5907,4
5908,4
5909,4
5910,4
5911,4
5912,4
5913,4
5914,4
5915,4
5916,4
5917,4
5918,4
5919,4
5920,4
5921,4
5922,4
5923,4
5924,4
5925,4
5926,4
5927,4
5928,4
5929,4
5930,4
5931,4
5932,4
5933,4
5934,4
5935,4
5936,4
5937,4
5938,4
5939,4
5940,4
5941,4
5942,4
5943,4
5944,4
5945,4
5946,4
5947,4
5948,4
5949,4
5950,4
5951,4
5952,4
5953,4
5954,4
5955,4
5956,4
5957,4
5958,4
5959,4
5960,4
5961,4
5962,4
5963,4
5964,4
5965,4
5966,4
5967,4
5968,4
5969,4
5970,4
5971,4
5972,4
5973,4
5974,4
5975,4
5976,4
5977,4
5978,4
5979,4
5980,4
5981,4
5982,4
5983,4
5984,4
5985,4
5986,4
5987,4
5988,4
5989,2
5990,4
5991,2
5992,4
5993,0
5994,4
5995,4
5996,4
5997,4
5998,4
5999,4
6000,4
6001,4
6002,4
6003,4
6004,4
6005,4
6006,4
6007,4
6008,4
6009,4
6010,4
6011,2
6012,4
6013,2
6014,4
6015,4
6016,4
6017,4
6018,4
6019,4
6020,4
6021,4
6022,4
6023,4
6024,4
6025,4
6026,4
6027,4
6028,4
6029,4
6030,4
6031,4
6032,4
6033,4
6034,4
6035,4
6036,4
6037,4
6038,4
6039,4
6040,4
6041,4
6042,4
6043,4
6044,4
6045,4
6046,4
6047,4
6048,4
6049,4
6050,4
6051,4
6052,4
6053,4
6054,4
6055,4
6056,4
6057,4
6058,4
6059,4
6060,4
6061,4
6062,4
6063,4
6064,4
6065,4
6066,4
6067,4
6068,4
6069,4
6070,4
6071,4
6072,4
6073,4
6074,4
6075,4
6076,4
6077,4
6078,4
6079,4
6080,4
6081,4
6082,4
6083,4
6084,4
6085,4
6086,4
6087,4
6088,4
6089,4
6090,4
6091,4
6092,4
6093,4
6094,4
6095,4
6096,4
6097,4
6098,4
6099,4
6100,4
6101,2
6102,4
6103,4
6104,4
6105,4
6106,2
6107,4
6108,4
6109,4
6110,4
6111,4
6112,4
6113,4
6114,4
6115,4
6116,4
6117,4
6118,4
6119,4
6120,4
6121,4
6122,4
6123,4
6124,4
6125,4
6126,4
6127,4
6128,4
6129,4
6130,4
6131,4
6132,4
6133,4
6134,4
6135,4
6136,4
6137,4
6138,4
6139,4
6140,4
6141,2
6142,4
6143,4
6144,4
6145,4
6146,4
6147,4
6148,4
6149,4
6150,4
6151,4
6152,4
6153,4
6154,4
6155,4
6156,4
6157,2
6158,4
6159,4
6160,4
6161,4
6162,4
6163,4
6164,4
6165,4
6166,2
6167,4
6168,4
6169,4
6170,4
6171,4
6172,4
6173,4
6174,2
6175,4
6176,4
6177,4
6178,4
6179,4
6180,4
6181,4
6182,2
6183,4
6184,4
6185,0
6186,4
6187,4
6188,4
6189,4
6190,4
6191,4
6192,4
6193,4
6194,4
6195,4
6196,4
6197,4
6198,4
6199,4
6200,4
6201,4
6202,4
6203,4
6204,4
6205,4
6206,4
6207,4
6208,4
6209,4
6210,4
6211,4
6212,4
6213,4
6214,4
6215,4
6216,4
6217,4
6218,4
6219,4
6220,4
6221,4
6222,4
6223,4
6224,4
6225,4
6226,4
6227,4
6228,4
6229,4
6230,4
6231,4
6232,4
6233,4
6234,4
6235,4
6236,4
6237,4
6238,3
6239,4
6240,4
6241,4
6242,4
6243,3
6244,4
6245,4
6246,4
6247,4
6248,4
6249,4
6250,4
6251,4
6252,4
6253,4
6254,4
6255,4
6256,4
6257,4
6258,4
6259,4
6260,4
6261,4
6262,4
6263,4
6264,4
6265,4
6266,4
6267,4
6268,4
6269,4
6270,4
6271,4
6272,4
6273,4
6274,4
6275,4
6276,4
6277,4
6278,4
6279,4
6280,4
6281,4
6282,4
6283,4
6284,4
6285,4
6286,4
6287,4
6288,4
6289,4
6290,4
6291,4
6292,4
6293,4
6294,4
6295,4
6296,4
6297,4
6298,4
6299,4
6300,4
6301,4
6302,4
6303,4
6304,4
6305,1
6306,4
6307,4
6308,4
6309,4
6310,4
6311,3
6312,1
6313,4
6314,4
6315,4
6316,4
6317,4
6318,4
6319,4
6320,4
6321,4
6322,4
6323,4
6324,4
6325,4
6326,4
6327,4
6328,4
6329,4
6330,4
6331,4
6332,4
6333,2
6334,4
6335,4
6336,4
6337,4
6338,4
6339,4
6340,4
6341,4
6342,4
6343,4
6344,4
6345,4
6346,2
6347,4
6348,4
6349,4
6350,4
6351,4
6352,0
6353,4
6354,4
6355,4
6356,4
6357,4
6358,4
6359,4
6360,4
6361,4
6362,4
6363,4
6364,4
6365,4
6366,4
6367,4
6368,4
6369,4
6370,4
6371,4
6372,4
6373,4
6374,4
6375,4
6376,4
6377,4
6378,4
6379,4
6380,4
6381,4
6382,4
6383,4
6384,4
6385,4
6386,4
6387,4
6388,4
6389,4
6390,4
6391,4
6392,4
6393,4
6394,4
6395,4
6396,4
6397,4
6398,4
6399,4
6400,4
6401,4
6402,4
6403,3
6404,4
6405,4
6406,4
6407,4
6408,4
6409,4
6410,4
6411,4
6412,4
6413,4
6414,4
6415,4
6416,4
6417,4
6418,4
6419,4
6420,4
6421,4
6422,4
6423,4
6424,4
6425,4
6426,4
6427,4
6428,4
6429,4
6430,4
6431,4
6432,4
6433,4
6434,4
6435,4
6436,4
6437,4
6438,4
6439,4
6440,4
6441,4
6442,4
6443,4
6444,4
6445,4
6446,4
6447,4
6448,4
6449,4
6450,4
6451,4
6452,4
6453,4
6454,4
6455,4
6456,4
6457,4
6458,4
6459,4
6460,4
6461,4
6462,4
6463,4
6464,4
6465,4
6466,4
6467,4
6468,4
6469,4
6470,4
6471,4
6472,4
6473,4
6474,4
6475,4
6476,4
6477,4
6478,4
6479,4
6480,4
6481,4
6482,4
6483,4
6484,4
6485,4
6486,4
6487,4
6488,4
6489,4
6490,4
6491,4
6492,4
6493,4
6494,4
6495,4
6496,4
6497,4
6498,4
6499,4
6500,4
6501,4
6502,4
6503,4
6504,4
6505,4
6506,4
6507,4
6508,4
6509,4
6510,4
6511,4
6512,4
6513,4
6514,4
6515,4
6516,4
6517,4
6518,4
6519,4
6520,4
6521,4
6522,4
6523,4
6524,4
6525,4
6526,4
6527,4
6528,4
6529,4
6530,4
6531,4
6532,4
6533,4
6534,4
6535,4
6536,4
6537,4
6538,4
6539,4
6540,4
6541,4
6542,4
6543,4
6544,4
6545,4
6546,4
6547,4
6548,4
6549,4
6550,4
6551,4
6552,4
6553,4
6554,4
6555,4
6556,4
6557,4
6558,4
6559,4
6560,4
6561,4
6562,4
6563,4
6564,4
6565,4
6566,4
6567,4
6568,4
6569,4
6570,4
6571,4
6572,4
6573,4
6574,4
6575,4
6576,4
6577,4
6578,4
6579,4
6580,4
6581,4
6582,4
6583,4
6584,4
6585,4
6586,4
6587,4
6588,4
6589,4
6590,4
6591,4
6592,4
6593,4
6594,4
6595,4
6596,4
6597,4
6598,4
6599,4
6600,4
6601,4
6602,4
6603,4
6604,4
6605,4
6606,4
6607,4
6608,4
6609,4
6610,4
6611,4
6612,4
6613,4
6614,4
6615,4
6616,4
6617,4
6618,4
6619,4
6620,4
6621,4
6622,4
6623,4
6624,4
6625,4
6626,4
6627,4
6628,4
6629,4
6630,4
6631,4
6632,4
6633,4
6634,4
6635,4
6636,4
6637,4
6638,4
6639,4
6640,4
6641,4
6642,4
6643,4
6644,4
6645,4
6646,4
6647,4
6648,4
6649,4
6650,4
6651,4
6652,4
6653,4
6654,4
6655,4
6656,4
6657,4
6658,4
6659,4
6660,4
6661,4
6662,4
6663,4
6664,4
6665,4
6666,4
6667,4
6668,4
6669,4
6670,4
6671,4
6672,4
6673,4
6674,4
6675,4
6676,4
6677,4
6678,4
6679,4
6680,4
6681,4
6682,4
6683,4
6684,4
6685,4
6686,4
6687,4
6688,4
6689,4
6690,4
6691,4
6692,4
6693,4
6694,4
6695,4
6696,4
6697,4
6698,4
6699,4
6700,4
6701,4
6702,4
6703,4
6704,4
6705,4
6706,4
6707,4
6708,4
6709,4
6710,4
6711,4
6712,4
6713,4
6714,4
6715,4
6716,4
6717,4
6718,4
6719,4
6720,4
6721,4
6722,4
6723,4
6724,4
6725,4
6726,4
6727,4
6728,4
6729,4
6730,4
6731,4
6732,4
6733,4
6734,4
6735,4
6736,4
6737,4
6738,4
6739,4
6740,4
6741,4
6742,4
6743,4
6744,4
6745,4
6746,4
6747,4
6748,4
6749,4
6750,4
6751,4
6752,4
6753,4
6754,4
6755,4
6756,4
6757,4
6758,4
6759,4
6760,4
6761,4
6762,4
6763,4
6764,4
6765,4
6766,4
6767,4
6768,4
6769,4
6770,4
6771,4
6772,4
6773,4
6774,4
6775,4
6776,4
6777,4
6778,4
6779,4
6780,4
6781,4
6782,4
6783,4
6784,4
6785,4
6786,4
6787,4
6788,4
6789,4
6790,4
6791,4
6792,4
6793,4
6794,4
6795,4
6796,4
6797,4
6798,4
6799,4
6800,4
6801,4
6802,4
6803,4
6804,4
6805,4
6806,4
6807,4
6808,4
6809,2
6810,4
6811,4
6812,4
6813,4
6814,4
6815,4
6816,4
6817,4
6818,4
6819,4
6820,4
6821,4
6822,4
6823,4
6824,4
6825,2
6826,4
6827,4
6828,4
6829,4
6830,4
6831,4
6832,4
6833,4
6834,4
6835,4
6836,4
6837,4
6838,4
6839,4
6840,4
6841,4
6842,4
6843,4
6844,4
6845,2
6846,4
6847,2
6848,4
6849,4
6850,4
6851,4
6852,4
6853,4
6854,4
6855,4
6856,4
6857,4
6858,4
6859,4
6860,4
6861,4
6862,4
6863,4
6864,4
6865,4
6866,4
6867,4
6868,4
6869,4
6870,4
6871,4
6872,4
6873,4
6874,2
6875,4
6876,4
6877,4
6878,4
6879,4
6880,4
6881,4
6882,4
6883,4
6884,4
6885,4
6886,4
6887,4
6888,4
6889,4
6890,4
6891,4
6892,4
6893,4
6894,4
6895,4
6896,4
6897,4
6898,4
6899,4
6900,4
6901,4
6902,4
6903,4
6904,4
6905,4
6906,4
6907,4
6908,4
6909,4
6910,4
6911,4
6912,4
6913,4
6914,4
6915,4
6916,4
6917,4
6918,4
6919,4
6920,4
6921,4
6922,4
6923,4
6924,4
6925,4
6926,4
6927,4
6928,4
6929,4
6930,4
6931,4
6932,4
6933,4
6934,4
6935,4
6936,4
6937,4
6938,4
6939,4
6940,4
6941,4
6942,4
6943,4
6944,4
6945,4
6946,4
6947,4
6948,4
6949,4
6950,4
6951,4
6952,4
6953,4
6954,4
6955,4
6956,4
6957,4
6958,4
6959,4
6960,4
6961,4
6962,4
6963,4
6964,4
6965,4
6966,4
6967,2
6968,4
6969,4
6970,4
6971,4
6972,4
6973,4
6974,4
6975,4
6976,4
6977,4
6978,4
6979,4
6980,4
6981,4
6982,4
6983,4
6984,4
6985,4
6986,4
6987,4
6988,4
6989,4
6990,4
6991,4
6992,4
6993,4
6994,4
6995,4
6996,4
6997,4
6998,4
6999,4
7000,4
7001,4
7002,4
7003,4
7004,4
7005,4
7006,4
7007,4
7008,4
7009,4
7010,4
7011,4
7012,4
7013,4
7014,4
7015,4
7016,4
7017,4
7018,4
7019,4
7020,4
7021,4
7022,4
7023,4
7024,4
7025,4
7026,4
7027,4
7028,4
7029,4
7030,4
7031,4
7032,4
7033,4
7034,4
7035,4
7036,4
7037,4
7038,4
7039,4
7040,0
7041,4
7042,4
7043,4
7044,4
7045,4
7046,4
7047,4
7048,4
7049,4
7050,4
7051,4
7052,4
7053,4
7054,4
7055,4
7056,4
7057,4
7058,4
7059,4
7060,4
7061,4
7062,4
7063,3
7064,4
7065,4
7066,4
7067,4
7068,4
7069,4
7070,4
7071,4
7072,4
7073,4
7074,4
7075,4
7076,4
7077,4
7078,4
7079,4
7080,4
7081,4
7082,4
7083,4
7084,4
7085,4
7086,4
7087,4
7088,4
7089,4
7090,4
7091,4
7092,4
7093,4
7094,4
7095,4
7096,4
7097,4
7098,4
7099,4
7100,4
7101,4
7102,4
7103,4
7104,4
7105,4
7106,4
7107,4
7108,4
7109,4
7110,4
7111,4
7112,4
7113,4
7114,4
7115,4
7116,4
7117,4
7118,4
7119,4
7120,4
7121,4
7122,4
7123,4
7124,4
7125,4
7126,4
7127,4
7128,4
7129,4
7130,4
7131,4
7132,4
7133,4
7134,4
7135,4
7136,4
7137,4
7138,4
7139,4
7140,4
7141,4
7142,4
7143,4
7144,4
7145,4
7146,4
7147,4
7148,4
7149,4
7150,4
7151,4
7152,4
7153,4
7154,4
7155,0
7156,4
7157,4
7158,4
7159,4
7160,4
7161,4
7162,4
7163,4
7164,4
7165,4
7166,4
7167,4
7168,4
7169,4
7170,4
7171,4
7172,4
7173,4
7174,4
7175,4
7176,4
7177,4
7178,4
7179,4
7180,4
7181,4
7182,4
7183,4
7184,4
7185,4
7186,4
7187,4
7188,4
7189,4
7190,4
7191,4
7192,4
7193,4
7194,4
7195,4
7196,4
7197,4
7198,4
7199,4
7200,4
7201,4
7202,4
7203,3
7204,4
7205,4
7206,4
7207,4
7208,3
7209,4
7210,4
7211,4
7212,4
7213,4
7214,4
7215,4
7216,4
7217,4
7218,4
7219,4
7220,4
7221,4
7222,4
7223,4
7224,4
7225,4
7226,4
7227,4
7228,4
7229,4
7230,4
7231,4
7232,4
7233,4
7234,4
7235,4
7236,4
7237,4
7238,4
7239,4
7240,4
7241,4
7242,4
7243,4
7244,4
7245,4
7246,4
7247,4
7248,4
7249,4
7250,4
7251,4
7252,4
7253,4
7254,4
7255,4
7256,4
7257,4
7258,4
7259,4
7260,4
7261,4
7262,4
7263,4
7264,4
7265,4
7266,4
7267,4
7268,4
7269,4
7270,4
7271,4
7272,4
7273,4
7274,4
7275,4
7276,3
7277,4
7278,3
7279,4
7280,4
7281,4
7282,4
7283,3
7284,4
7285,4
7286,4
7287,4
7288,4
7289,4
7290,0
7291,4
7292,4
7293,4
7294,4
7295,4
7296,4
7297,4
7298,4
7299,4
7300,4
7301,4
7302,4
7303,0
7304,4
7305,4
7306,4
7307,4
7308,4
7309,4
7310,4
7311,4
7312,4
7313,4
7314,4
7315,4
7316,4
7317,4
7318,4
7319,1
7320,4
7321,4
7322,1
7323,4
7324,2
7325,4
7326,4
7327,2
7328,4
7329,4
7330,4
7331,2
7332,4
7333,1
7334,4
7335,1
7336,4
7337,1
7338,1
7339,0
7340,1
7341,0
7342,0
7343,0
7344,1
7345,1
7346,0
7347,0
7348,1
7349,1
7350,1
7351,1
7352,3
7353,1
7354,0
7355,1
7356,1
7357,1
7358,2
7359,2
7360,0
7361,0
7362,0
7363,1
7364,1
7365,0
7366,3
7367,2
7368,3
7369,0
7370,0
7371,3
7372,0
7373,1
7374,0
7375,1
7376,0
7377,0
7378,0
7379,3
7380,3
7381,3
7382,0
7383,0
7384,1
7385,1
7386,1
7387,4
7388,3
7389,3
7390,3
7391,1
7392,1
7393,3
7394,2
7395,3
7396,5
7397,0
7398,1
7399,3
7400,3
7401,2
7402,2
7403,3
7404,2
7405,2
7406,3
7407,3
7408,0
7409,3
7410,3
7411,3
7412,3
7413,4
7414,4
7415,4
7416,2
7417,0
7418,1
7419,3
7420,4
7421,1
7422,1
7423,0
7424,3
7425,3
7426,2
7427,3
7428,2
7429,3
7430,2
7431,3
7432,1
7433,1
7434,2
7435,3
7436,3
7437,1
7438,1
7439,1
7440,1
7441,1
7442,1
7443,1
7444,1
7445,3
7446,4
7447,1
7448,1
7449,1
7450,5
7451,0
7452,2
7453,3
7454,2
7455,2
7456,1
7457,2
7458,1
7459,1
7460,2
7461,3
7462,3
7463,2
7464,2
7465,2
7466,2
7467,0
7468,2
7469,2
7470,2
7471,3
7472,2
7473,0
7474,0
7475,1
7476,1
7477,1
7478,1
7479,1
7480,1
7481,0
7482,1
7483,1
7484,3
7485,2
7486,3
7487,3
7488,1
7489,2
7490,1
7491,3
7492,2
7493,3
7494,2
7495,3
7496,3
7497,3
7498,3
7499,3
7500,3
7501,3
7502,3
7503,2
7504,0
7505,2
7506,0
7507,0
7508,0
7509,0
7510,1
7511,1
7512,1
7513,1
7514,0
7515,1
7516,3
7517,1
7518,1
7519,1
7520,1
7521,1
7522,0
7523,3
7524,2
7525,2
7526,1
7527,1
7528,1
7529,2
7530,4
7531,1
7532,0
7533,4
7534,2
7535,3
7536,1
7537,1
7538,0
7539,1
7540,1
7541,2
7542,3
7543,3
7544,3
7545,1
7546,4
7547,4
7548,4
7549,4
7550,4
7551,4
7552,4
7553,3
7554,2
7555,2
7556,2
7557,0
7558,2
7559,2
7560,3
7561,0
7562,2
7563,4
7564,3
7565,3
7566,0
7567,4
7568,0
7569,4
7570,0
7571,1
7572,4
7573,4
7574,4
7575,4
7576,4
7577,2
7578,2
7579,3
7580,1
7581,2
7582,2
7583,2
7584,2
7585,2
7586,2
7587,2
7588,3
7589,2
7590,2
7591,0
7592,2
7593,1
7594,2
7595,2
7596,2
7597,1
7598,3
7599,3
7600,3
7601,3
7602,1
7603,1
7604,1
7605,1
7606,1
7607,1
7608,1
7609,1
7610,1
7611,1
7612,1
7613,0
7614,0
7615,2
7616,0
7617,0
7618,4
7619,1
7620,1
7621,1
7622,3
7623,3
7624,0
7625,3
7626,1
7627,3
7628,0
7629,0
7630,1
7631,0
7632,0
7633,0
7634,0
7635,2
7636,4
7637,2
7638,2
7639,0
7640,0
7641,1
7642,0
7643,0
7644,0
7645,0
7646,0
7647,0
7648,1
7649,1
7650,1
7651,0
7652,0
7653,0
7654,3
7655,1
7656,1
7657,1
7658,1
7659,1
7660,0
7661,1
7662,1
7663,1
7664,1
7665,1
7666,1
7667,5
7668,2
7669,1
7670,2
7671,2
7672,2
7673,2
7674,2
7675,2
7676,3
7677,2
7678,2
7679,2
7680,5
7681,4
7682,4
7683,4
7684,4
7685,2
7686,2
7687,0
7688,2
7689,2
7690,2
7691,3
7692,2
7693,2
7694,4
7695,2
7696,2
7697,2
7698,2
7699,2
7700,2
7701,2
7702,2
7703,2
7704,2
7705,2
7706,2
7707,2
7708,2
7709,2
7710,2
7711,2
7712,2
7713,2
7714,2
7715,2
7716,2
7717,2
7718,2
7719,2
7720,3
7721,2
7722,2
7723,2
7724,2
7725,2
7726,3
7727,2
7728,2
7729,2
7730,2
7731,2
7732,2
7733,2
7734,2
7735,2
7736,0
7737,2
7738,3
7739,2
7740,2
7741,2
7742,2
7743,2
7744,2
7745,5
7746,2
7747,2
7748,2
7749,2
7750,2
7751,2
7752,2
7753,2
7754,2
7755,5
7756,3
7757,4
7758,4
7759,4
7760,2
7761,3
7762,2
7763,2
7764,2
7765,3
7766,3
7767,2
7768,4
7769,2
7770,2
7771,2
7772,3
7773,4
7774,4
7775,4
7776,4
7777,2
7778,2
7779,2
7780,2
7781,2
7782,2
7783,2
7784,2
7785,2
7786,2
7787,5
7788,2
7789,2
7790,2
7791,2
7792,2
7793,2
7794,2
7795,2
7796,2
7797,2
7798,2
7799,2
7800,2
7801,3
7802,2
7803,2
7804,2
7805,2
7806,3
7807,2
7808,2
7809,2
7810,2
7811,2
7812,4
7813,2
7814,2
7815,2
7816,1
7817,1
7818,1
7819,1
7820,5
7821,5
7822,1
7823,1
7824,1
7825,1
7826,3
7827,2
7828,4
7829,5
7830,4
7831,1
7832,1
7833,1
7834,4
7835,4
7836,2
7837,2
7838,4
7839,3
7840,4
7841,5
7842,5
7843,4
7844,2
7845,5
7846,5
7847,1
7848,1
7849,1
7850,2
7851,2
7852,2
7853,2
7854,2
7855,2
7856,4
7857,4
7858,2
7859,2
7860,2
7861,2
7862,2
7863,5
7864,2
7865,2
7866,2
7867,2
7868,2
7869,2
7870,2
7871,2
7872,2
7873,2
7874,2
7875,2
7876,2
7877,2
7878,4
7879,2
7880,2
7881,2
7882,2
7883,2
7884,2
7885,2
7886,4
7887,4
7888,2
7889,2
7890,2
7891,2
7892,2
7893,2
7894,2
7895,2
7896,2
7897,2
7898,4
7899,2
7900,2
7901,2
7902,2
7903,2
7904,2
7905,2
7906,2
7907,2
7908,2
7909,2
7910,2
7911,2
7912,5
7913,2
7914,2
7915,2
7916,4
7917,4
7918,4
7919,4
7920,4
7921,4
7922,2
7923,4
7924,4
7925,2
7926,4
7927,4
7928,4
7929,4
7930,4
7931,4
7932,2
7933,4
7934,4
7935,2
7936,2
7937,4
7938,4
7939,2
7940,2
7941,4
7942,4
7943,4
7944,4
7945,4
7946,2
7947,2
7948,2
7949,0
7950,3
7951,2
7952,2
7953,2
7954,2
7955,2
7956,2
7957,2
7958,2
7959,2
7960,2
7961,2
7962,4
7963,2
7964,4
7965,4
7966,4
7967,2
7968,2
7969,2
7970,1
7971,1
7972,1
7973,1
7974,5
7975,1
7976,3
7977,2
7978,2
7979,3
7980,3
7981,2
7982,4
7983,2
7984,2
7985,4
7986,4
7987,4
7988,4
7989,4
7990,4
7991,2
7992,2
7993,4
7994,5
7995,4
7996,4
7997,4
7998,4
7999,4
8000,3
8001,4
8002,2
8003,4
8004,2
8005,1
8006,4
8007,2
8008,4
8009,2
8010,3
8011,2
8012,2
8013,0
8014,5
8015,4
8016,3
8017,4
8018,4
8019,4
8020,2
8021,4
8022,4
8023,4
8024,4
8025,4
8026,4
8027,2
8028,4
8029,4
8030,4
8031,4
8032,4
8033,4
8034,3
8035,3
8036,3
8037,4
8038,3
8039,4
8040,2
8041,5
8042,5
8043,1
8044,1
8045,1
8046,1
8047,1
8048,4
8049,4
8050,1
8051,4
8052,3
8053,5
8054,4
8055,4
8056,4
8057,2
8058,2
8059,4
8060,3
8061,4
8062,3
8063,2
8064,2
8065,4
8066,4
8067,2
8068,4
8069,3
8070,4
8071,3
8072,4
8073,4
8074,3
8075,1
8076,5
8077,2
8078,5
8079,4
8080,4
8081,2
8082,4
8083,4
8084,4
8085,4
8086,3
8087,4
8088,4
8089,2
8090,3
8091,1
8092,1
8093,1
8094,5
8095,5
8096,1
8097,1
8098,2
8099,5
8100,5
8101,4
8102,5
8103,1
8104,2
8105,2
8106,2
8107,2
8108,2
8109,2
8110,2
8111,4
8112,4
8113,5
8114,4
8115,4
8116,5
8117,4
8118,5
8119,5
8120,4
8121,4
8122,4
8123,4
8124,4
8125,3
8126,0
8127,1
8128,1
8129,5
8130,1
8131,2
8132,2
8133,2
8134,2
8135,4
8136,2
8137,2
8138,4
8139,2
8140,2
8141,2
8142,2
8143,2
8144,4
8145,2
8146,5
8147,2
8148,2
8149,2
8150,2
8151,2
8152,2
8153,2
8154,0
8155,2
8156,2
8157,2
8158,2
8159,2
8160,2
8161,2
8162,0
8163,2
8164,2
8165,2
8166,2
8167,2
8168,4
8169,4
8170,3
8171,2
8172,2
8173,2
8174,1
8175,1
8176,1
8177,1
8178,1
8179,1
8180,2
8181,2
8182,2
8183,2
8184,2
8185,2
8186,2
8187,2
8188,2
8189,1
8190,1
8191,1
8192,2
8193,4
8194,3
8195,3
8196,2
8197,2
8198,4
8199,3
8200,2
8201,4
8202,1
8203,2
8204,2
8205,2
8206,2
8207,2
8208,2
8209,2
8210,2
8211,4
8212,2
8213,2
8214,2
8215,2
8216,2
8217,2
8218,2
8219,2
8220,2
8221,2
8222,2
8223,2
8224,2
8225,1
8226,1
8227,1
8228,1
8229,2
8230,2
8231,2
8232,2
8233,1
8234,2
8235,1
8236,1
8237,1
8238,1
8239,1
8240,4
8241,4
8242,4
8243,4
8244,2
8245,4
8246,3
8247,3
8248,4
8249,2
8250,1
8251,4
8252,1
8253,1
8254,1
8255,1
8256,4
8257,4
8258,4
8259,4
8260,4
8261,4
8262,4
8263,2
8264,4
8265,4
8266,2
8267,3
8268,4
8269,4
8270,4
8271,4
8272,5
8273,1
8274,1
8275,1
8276,4
8277,1
8278,2
8279,2
8280,2
8281,3
8282,3
8283,0
8284,4
8285,1
8286,5
8287,3
8288,4
8289,5
8290,1
8291,2
8292,5
8293,2
8294,5
8295,5
8296,5
8297,5
8298,2
8299,5
8300,2
8301,2
8302,5
8303,5
8304,5
8305,5
8306,5
8307,5
8308,5
8309,2
8310,2
8311,2
8312,5
8313,4
8314,2
8315,5
8316,2
8317,5
8318,4
8319,3
8320,2
8321,3
8322,2
8323,4
8324,4
8325,2
8326,2
8327,2
8328,2
8329,2
8330,4
8331,2
8332,2
8333,2
8334,3
8335,4
8336,4
8337,3
8338,0
8339,4
8340,2
8341,2
8342,4
8343,2
8344,2
8345,4
8346,0
8347,5
8348,2
8349,4
8350,1
8351,2
8352,1
8353,2
8354,1
8355,1
8356,2
8357,2
8358,2
8359,2
8360,2
8361,2
8362,2
8363,2
8364,2
8365,2
8366,0
8367,0
8368,2
8369,2
8370,2
8371,2
8372,2
8373,2
8374,4
8375,2
8376,5
8377,2
8378,2
8379,2
8380,2
8381,2
8382,2
8383,5
8384,5
8385,2
8386,2
8387,2
8388,2
8389,2
8390,2
8391,2
8392,2
8393,2
8394,2
8395,5
8396,2
8397,4
8398,1
8399,1
8400,1
8401,1
8402,2
8403,2
8404,2
8405,2
8406,2
8407,1
8408,2
8409,2
8410,0
8411,3
8412,4
8413,4
8414,3
8415,2
8416,2
8417,1
8418,2
8419,0
8420,2
8421,2
8422,2
8423,2
8424,4
8425,4
8426,2
8427,4
8428,2
8429,2
8430,4
8431,2
8432,5
8433,2
8434,4
8435,1
8436,2
8437,2
8438,2
8439,2
8440,2
8441,2
8442,2
8443,2
8444,2
8445,1
8446,1
8447,1
8448,1
8449,2
8450,2
8451,4
8452,1
8453,1
8454,1
8455,1
8456,2
8457,1
8458,1
8459,1
8460,5
8461,4
8462,4
8463,4
8464,4
8465,1
8466,4
8467,4
8468,1
8469,1
8470,3
8471,4
8472,2
8473,2
8474,2
8475,3
8476,2
8477,0
8478,3
8479,2
8480,2
8481,3
8482,3
8483,2
8484,2
8485,3
8486,4
8487,1
8488,1
8489,2
8490,2
8491,2
8492,2
8493,2
8494,2
8495,0
8496,2
8497,2
8498,5
8499,2
8500,2
8501,4
8502,4
8503,4
8504,5
8505,2
8506,2
8507,3
8508,3
8509,3
8510,5
8511,2
8512,2
8513,2
8514,2
8515,3
8516,2
8517,2
8518,1
8519,1
8520,1
8521,1
8522,1
8523,2
8524,2
8525,2
8526,0
8527,2
8528,2
8529,2
8530,2
8531,2
8532,2
8533,2
8534,2
8535,2
8536,2
8537,2
8538,2
8539,2
8540,2
8541,4
8542,2
8543,2
8544,2
8545,4
8546,4
8547,4
8548,0
8549,2
8550,2
8551,4
8552,2
8553,2
8554,5
8555,5
8556,2
8557,2
8558,2
8559,2
8560,2
8561,2
8562,2
8563,2
8564,4
8565,2
8566,4
8567,3
8568,4
8569,4
8570,2
8571,2
8572,4
8573,2
8574,2
8575,2
8576,3
8577,2
8578,2
8579,2
8580,2
8581,2
8582,2
8583,2
8584,2
8585,2
8586,2
8587,2
8588,4
8589,2
8590,4
8591,5
8592,5
8593,2
8594,2
8595,2
8596,5
8597,2
8598,5
8599,2
8600,2
8601,4
8602,1
8603,1
8604,2
8605,1
8606,1
8607,1
8608,1
8609,1
8610,4
8611,3
8612,1
8613,1
8614,1
8615,1
8616,1
8617,2
8618,2
8619,2
8620,2
8621,1
8622,4
8623,1
8624,4
8625,4
8626,5
8627,5
8628,5
8629,5
8630,1
8631,5
8632,4
8633,0
8634,4
8635,4
8636,4
8637,4
8638,4
8639,3
8640,3
8641,4
8642,2
8643,1
8644,1
8645,2
8646,2
8647,2
8648,1
8649,2
8650,2
8651,2
8652,4
8653,3
8654,3
8655,3
8656,3
8657,2
8658,2
8659,2
8660,3
8661,2
8662,2
8663,2
8664,4
8665,2
8666,3
8667,4
8668,4
8669,3
8670,4
8671,3
8672,3
8673,4
8674,2
8675,2
8676,4
8677,4
8678,4
8679,3
8680,1
8681,2
8682,3
8683,1
8684,4
8685,4
8686,3
8687,1
8688,4
8689,2
8690,3
8691,2
8692,2
8693,2
8694,2
8695,3
8696,3
8697,4
8698,2
8699,4
8700,4
8701,4
8702,4
8703,4
8704,0
8705,4
8706,4
8707,2
8708,4
8709,4
8710,4
8711,4
8712,4
8713,3
8714,4
8715,2
8716,4
8717,4
8718,4
8719,4
8720,1
8721,3
8722,4
8723,4
8724,3
8725,3
8726,3
8727,3
8728,4
8729,3
8730,4
8731,4
8732,4
8733,4
8734,4
8735,3
8736,3
8737,4
8738,4
8739,4
8740,4
8741,3
8742,3
8743,2
8744,2
8745,1
8746,1
8747,1
8748,2
8749,5
8750,4
8751,3
8752,5
8753,5
8754,4
8755,4
8756,5
8757,5
8758,1
8759,1
8760,1
8761,5
8762,3
8763,4
8764,3
8765,4
8766,4
8767,4
8768,3
8769,1
8770,5
8771,1
8772,1
8773,1
8774,4
8775,4
8776,4
8777,4
8778,4
8779,4
8780,2
8781,2
8782,3
8783,4
8784,4
8785,1
8786,3
8787,4
8788,4
8789,4
8790,4
8791,4
8792,2
8793,4
8794,2
8795,4
8796,2
8797,5
8798,4
8799,4
8800,4
8801,0
8802,4
8803,5
8804,1
8805,5
8806,5
8807,1
8808,5
8809,5
8810,2
8811,4
8812,4
8813,2
8814,1
8815,1
8816,4
8817,2
8818,4
8819,2
8820,4
8821,2
8822,4
8823,4
8824,4
8825,4
8826,2
8827,4
8828,3
8829,4
8830,3
8831,3
8832,3
8833,3
8834,4
8835,4
8836,4
8837,4
8838,2
8839,2
8840,5
8841,0
8842,2
8843,2
8844,2
8845,4
8846,2
8847,4
8848,2
8849,4
8850,2
8851,2
8852,2
8853,2
8854,2
8855,2
8856,2
8857,2
8858,4
8859,2
8860,2
8861,2
8862,2
8863,2
8864,2
8865,2
8866,2
8867,2
8868,4
8869,2
8870,2
8871,2
8872,2
8873,2
8874,2
8875,5
8876,4
8877,2
8878,2
8879,4
8880,1
8881,2
8882,2
8883,2
8884,2
8885,2
8886,4
8887,2
8888,2
8889,4
8890,1
8891,1
8892,1
8893,2
8894,2
8895,2
8896,2
8897,2
8898,0
8899,2
8900,2
8901,2
8902,2
8903,4
8904,2
8905,4
8906,4
8907,4
8908,0
8909,3
8910,1
8911,4
8912,1
8913,1
8914,1
8915,1
8916,1
8917,5
8918,1
8919,4
8920,5
8921,1
8922,1
8923,1
8924,1
8925,1
8926,2
8927,1
8928,1
8929,1
8930,4
8931,1
8932,5
8933,3
8934,1
8935,5
8936,4
8937,3
8938,4
8939,1
8940,1
8941,1
8942,0
8943,2
8944,4
8945,4
8946,4
8947,2
8948,2
8949,2
8950,2
8951,2
8952,2
8953,2
8954,4
8955,2
8956,2
8957,2
8958,2
8959,2
8960,2
8961,2
8962,2
8963,2
8964,2
8965,2
8966,2
8967,2
8968,2
8969,2
8970,2
8971,0
8972,1
8973,2
8974,4
8975,2
8976,2
8977,0
8978,2
8979,2
8980,2
8981,2
8982,1
8983,4
8984,0
8985,4
8986,0
8987,4
8988,0
8989,3
8990,3
8991,3
8992,0
8993,4
8994,4
8995,2
8996,2
8997,2
8998,4
8999,2
9000,2
9001,2
9002,2
9003,2
9004,2
9005,2
9006,2
9007,2
9008,2
9009,5
9010,2
9011,2
9012,2
9013,2
9014,2
9015,2
9016,2
9017,4
9018,2
9019,3
9020,2
9021,4
9022,2
9023,2
9024,2
9025,2
9026,2
9027,2
9028,2
9029,2
9030,2
9031,2
9032,5
9033,4
9034,2
9035,0
9036,2
9037,1
9038,4
9039,1
9040,1
9041,4
9042,2
9043,4
9044,4
9045,4
9046,4
9047,4
9048,4
9049,1
9050,1
9051,4
9052,4
9053,1
9054,1
9055,4
9056,4
9057,1
9058,1
9059,1
9060,1
9061,1
9062,1
9063,5
9064,4
9065,1
9066,1
9067,1
9068,5
9069,5
9070,1
9071,1
9072,1
9073,1
9074,1
9075,2
9076,2
9077,2
9078,2
9079,2
9080,2
9081,2
9082,2
9083,2
9084,2
9085,2
9086,2
9087,2
9088,2
9089,2
9090,2
9091,2
9092,2
9093,4
9094,2
9095,0
9096,4
9097,2
9098,2
9099,2
9100,2
9101,4
9102,2
9103,2
9104,2
9105,0
9106,3
9107,2
9108,4
9109,2
9110,2
9111,2
9112,2
9113,2
9114,2
9115,4
9116,1
9117,1
9118,1
9119,4
9120,4
9121,1
9122,1
9123,1
9124,1
9125,5
9126,1
9127,1
9128,4
9129,2
9130,4
9131,1
9132,4
9133,1
9134,1
9135,4
9136,4
9137,5
9138,5
9139,5
9140,5
9141,5
9142,2
9143,5
9144,2
9145,1
9146,1
9147,1
9148,2
9149,2
9150,2
9151,2
9152,2
9153,2
9154,4
9155,2
9156,2
9157,4
9158,3
9159,3
9160,2
9161,4
9162,2
9163,2
9164,2
9165,4
9166,4
9167,4
9168,4
9169,4
9170,0
9171,2
9172,2
9173,2
9174,2
9175,4
9176,0
9177,4
9178,2
9179,2
9180,2
9181,2
9182,2
9183,2
9184,3
9185,2
9186,0
9187,0
9188,2
9189,0
9190,4
9191,2
9192,2
9193,2
9194,2
9195,0
9196,3
9197,2
9198,2
9199,3
9200,1
9201,1
9202,2
9203,3
9204,2
9205,2
9206,2
9207,2
9208,4
9209,1
9210,0
9211,2
9212,2
9213,2
9214,2
9215,0
9216,1
9217,1
9218,3
9219,3
9220,2
9221,2
9222,2
9223,2
9224,2
9225,2
9226,2
9227,0
9228,3
9229,4
9230,2
9231,2
9232,2
9233,2
9234,2
9235,2
9236,2
9237,2
9238,2
9239,2
9240,0
9241,2
9242,2
9243,2
9244,2
9245,2
9246,3
9247,5
9248,2
9249,2
9250,2
9251,2
9252,2
9253,2
9254,2
9255,2
9256,2
9257,2
9258,0
9259,0
9260,2
9261,1
9262,0
9263,0
9264,4
9265,2
9266,3
9267,2
9268,4
9269,3
9270,4
9271,4
9272,5
9273,1
9274,4
9275,1
9276,1
9277,4
9278,4
9279,5
9280,4
9281,4
9282,4
9283,5
9284,1
9285,1
9286,4
9287,4
9288,2
9289,4
9290,1
9291,4
9292,4
9293,1
9294,4
9295,4
9296,4
9297,4
9298,4
9299,4
9300,4
9301,4
9302,4
9303,4
9304,1
9305,1
9306,4
9307,4
9308,4
9309,4
9310,4
9311,4
9312,4
9313,4
9314,3
9315,1
9316,4
9317,4
9318,4
9319,4
9320,4
9321,4
9322,4
9323,4
9324,4
9325,4
9326,4
9327,4
9328,4
9329,2
9330,4
9331,4
9332,1
9333,5
9334,4
9335,4
9336,1
9337,4
9338,4
9339,4
9340,2
9341,1
9342,1
9343,5
9344,4
9345,4
9346,5
9347,4
9348,4
9349,4
9350,4
9351,1
9352,1
9353,4
9354,4
9355,4
9356,4
9357,4
9358,4
9359,1
9360,4
9361,1
9362,4
9363,1
9364,4
9365,3
9366,1
9367,2
9368,3
9369,4
9370,4
9371,4
9372,4
9373,2
9374,2
9375,2
9376,2
9377,4
9378,2
9379,4
9380,4
9381,2
9382,5
9383,5
9384,1
9385,1
9386,1
9387,2
9388,2
9389,5
9390,4
9391,4
9392,4
9393,2
9394,4
9395,4
9396,4
9397,4
9398,4
9399,4
9400,4
9401,4
9402,4
9403,4
9404,5
9405,4
9406,3
9407,3
9408,4
9409,4
9410,4
9411,3
9412,4
9413,4
9414,3
9415,4
9416,5
9417,4
9418,4
9419,1
9420,1
9421,2
9422,4
9423,2
9424,2
9425,2
9426,2
9427,2
9428,2
9429,2
9430,2
9431,2
9432,5
9433,2
9434,4
9435,4
9436,2
9437,2
9438,2
9439,2
9440,3
9441,2
9442,2
9443,2
9444,2
9445,2
9446,2
9447,2
9448,2
9449,2
9450,2
9451,2
9452,2
9453,2
9454,3
9455,2
9456,2
9457,3
9458,2
9459,4
9460,2
9461,4
9462,4
9463,2
9464,2
9465,3
9466,1
9467,2
9468,2
9469,2
9470,3
9471,2
9472,4
9473,2
9474,2
9475,4
9476,2
9477,2
9478,4
9479,3
9480,4
9481,2
9482,2
9483,2
9484,2
9485,2
9486,2
9487,2
9488,4
9489,2
9490,2
9491,3
9492,4
9493,4
9494,4
9495,2
9496,2
9497,3
9498,4
9499,5
9500,2
9501,2
9502,3
9503,4
9504,5
9505,2
9506,3
9507,2
9508,2
9509,3
9510,4
9511,4
9512,2
9513,2
9514,2
9515,2
9516,2
9517,3
9518,0
9519,2
9520,4
9521,2
9522,2
9523,2
9524,2
9525,2
9526,2
9527,2
9528,2
9529,2
9530,2
9531,2
9532,3
9533,2
9534,0
9535,2
9536,3
9537,2
9538,2
9539,3
9540,2
9541,4
9542,2
9543,2
9544,4
9545,3
9546,2
9547,5
9548,4
9549,4
9550,3
9551,2
9552,2
9553,2
9554,2
9555,2
9556,4
9557,4
9558,2
9559,2
9560,2
9561,2
9562,2
9563,4
9564,3
9565,4
9566,3
9567,2
9568,3
9569,4
9570,2
9571,2
9572,2
9573,2
9574,2
9575,1
9576,2
9577,2
9578,2
9579,2
9580,2
9581,4
9582,2
9583,2
9584,2
9585,2
9586,2
9587,2
9588,2
9589,3
9590,2
9591,2
9592,2
9593,2
9594,2
9595,2
9596,2
9597,2
9598,2
9599,2
9600,2
9601,2
9602,4
9603,1
9604,1
9605,2
9606,1
9607,4
9608,3
9609,2
9610,2
9611,5
9612,0
9613,2
9614,5
9615,2
9616,5
9617,1
9618,2
9619,2
9620,2
9621,2
9622,4
9623,2
9624,2
9625,4
9626,3
9627,2
9628,3
9629,2
9630,2
9631,2
9632,2
9633,2
9634,2
9635,2
9636,2
9637,2
9638,2
9639,2
9640,2
9641,4
9642,4
9643,2
9644,3
9645,2
9646,3
9647,3
9648,2
9649,2
9650,2
9651,2
9652,4
9653,2
9654,0
9655,4
9656,4
9657,4
9658,5
9659,2
9660,2
9661,2
9662,3
9663,4
9664,4
9665,2
9666,2
9667,3
9668,0
9669,2
9670,5
9671,2
9672,2
9673,4
9674,2
9675,2
9676,2
9677,3
9678,2
9679,4
9680,2
9681,2
9682,2
9683,2
9684,2
9685,2
9686,3
9687,4
9688,2
9689,2
9690,2
9691,2
9692,2
9693,2
9694,2
9695,3
9696,2
9697,4
9698,2
9699,2
9700,4
9701,2
9702,2
9703,2
9704,2
9705,2
9706,2
9707,2
9708,2
9709,2
9710,2
9711,2
9712,1
9713,1
9714,1
9715,4
9716,1
9717,4
9718,2
9719,2
9720,5
9721,3
9722,3
9723,3
9724,2
9725,5
9726,3
9727,2
9728,2
9729,5
9730,2
9731,5
9732,3
9733,2
9734,2
9735,5
9736,5
9737,1
9738,1
9739,0
9740,2
9741,3
9742,2
9743,2
9744,2
9745,2
9746,1
9747,3
9748,2
9749,2
9750,5
9751,5
9752,5
9753,2
9754,5
9755,5
9756,5
9757,2
9758,2
9759,2
9760,2
9761,2
9762,2
9763,4
9764,4
9765,3
9766,1
9767,1
9768,4
9769,2
9770,1
9771,1
9772,1
9773,3
9774,3
9775,4
9776,2
9777,1
9778,4
9779,1
9780,2
9781,4
9782,4
9783,4
9784,4
9785,2
9786,4
9787,2
9788,2
9789,2
9790,4
9791,4
9792,2
9793,4
9794,2
9795,2
9796,4
9797,2
9798,4
9799,4
9800,2
9801,2
9802,2
9803,2
9804,2
9805,4
9806,4
9807,2
9808,4
9809,4
9810,4
9811,4
9812,4
9813,4
9814,4
9815,4
9816,4
9817,4
9818,4
9819,4
9820,4
9821,2
9822,4
9823,2
9824,2
9825,2
9826,1
9827,2
9828,2
9829,4
9830,4
9831,4
9832,2
9833,2
9834,4
9835,4
9836,4
9837,4
9838,5
9839,2
9840,4
9841,5
9842,4
9843,1
9844,1
9845,5
9846,1
9847,2
9848,2
9849,4
9850,2
9851,2
9852,1
9853,2
9854,2
9855,2
9856,2
9857,2
9858,2
9859,5
9860,2
9861,3
9862,0
9863,1
9864,2
9865,2
9866,1
9867,1
9868,2
9869,2
9870,2
9871,2
9872,5
9873,5
9874,2
9875,5
9876,2
9877,2
9878,2
9879,2
9880,2
9881,2
9882,2
9883,2
9884,2
9885,2
9886,2
9887,2
9888,2
9889,2
9890,2
9891,2
9892,2
9893,2
9894,2
9895,2
9896,2
9897,2
9898,2
9899,2
9900,2
9901,2
9902,2
9903,2
9904,2
9905,2
9906,2
9907,2
9908,2
9909,2
9910,2
9911,2
9912,2
9913,5
9914,4
9915,0
9916,2
9917,2
9918,2
9919,2
9920,5
9921,2
9922,2
9923,3
9924,2
9925,2
9926,2
9927,2
9928,2
9929,2
9930,4
9931,2
9932,3
9933,3
9934,4
9935,2
9936,3
9937,4
9938,4
9939,5
9940,2
9941,4
9942,2
9943,4
9944,4
9945,4
9946,4
9947,2
9948,2
9949,4
9950,4
9951,4
9952,2
9953,2
9954,2
9955,4
9956,2
9957,4
9958,4
9959,4
9960,4
9961,2
9962,3
9963,0
9964,2
9965,2
9966,4
9967,2
9968,2
9969,2
9970,4
9971,2
9972,2
9973,3
9974,3
9975,2
9976,2
9977,2
9978,4
9979,4
9980,2
9981,4
9982,2
9983,4
9984,4
9985,4
9986,3
9987,3
9988,2
9989,2
9990,4
9991,0
9992,2
9993,2
9994,4
9995,4
9996,2
9997,2
9998,2
9999,4
10000,3
10001,2
10002,2
10003,2
10004,2
10005,2
10006,2
10007,2
10008,4
10009,2
10010,2
10011,2
10012,2
10013,3
10014,2
10015,4
10016,2
10017,4
10018,4
10019,2
10020,4
10021,2
10022,2
10023,4
10024,2
10025,4
10026,2
10027,4
10028,4
10029,2
10030,2
10031,4
10032,4
10033,4
10034,4
10035,2
10036,2
10037,2
10038,4
10039,2
10040,2
10041,2
10042,2
10043,2
10044,2
10045,2
10046,2
10047,2
10048,2
10049,2
10050,2
10051,2
10052,2
10053,3
10054,4
10055,2
10056,2
10057,2
10058,2
10059,3
10060,2
10061,4
10062,2
10063,2
10064,2
10065,2
10066,2
10067,2
10068,2
10069,0
10070,2
10071,2
10072,2
10073,2
10074,2
10075,3
10076,2
10077,2
10078,4
10079,4
10080,4
10081,2
10082,4
10083,4
10084,4
10085,2
10086,4
10087,4
10088,4
10089,4
10090,4
10091,4
10092,4
10093,4
10094,2
10095,4
10096,2
10097,4
10098,4
10099,4
10100,4
10101,4
10102,4
10103,4
10104,4
10105,4
10106,4
10107,4
10108,1
10109,4
10110,2
10111,2
10112,3
10113,4
10114,4
10115,4
10116,4
10117,4
10118,4
10119,4
10120,4
10121,4
10122,4
10123,4
10124,4
10125,4
10126,4
10127,4
10128,4
10129,4
10130,4
10131,3
10132,4
10133,4
10134,4
10135,4
10136,4
10137,4
10138,4
10139,4
10140,4
10141,4
10142,4
10143,4
10144,4
10145,4
10146,4
10147,4
10148,4
10149,4
10150,4
10151,4
10152,4
10153,3
10154,2
10155,2
10156,4
10157,2
10158,2
10159,2
10160,2
10161,2
10162,2
10163,2
10164,3
10165,2
10166,2
10167,2
10168,2
10169,3
10170,2
10171,2
10172,2
10173,2
10174,3
10175,2
10176,2
10177,2
10178,4
10179,2
10180,2
10181,2
10182,2
10183,2
10184,2
10185,2
10186,2
10187,2
10188,2
10189,2
10190,2
10191,2
10192,2
10193,2
10194,2
10195,2
10196,2
10197,2
10198,4
10199,2
10200,2
10201,4
10202,2
10203,2
10204,2
10205,2
10206,2
10207,2
10208,2
10209,2
10210,2
10211,2
10212,2
10213,2
10214,4
10215,2
10216,2
10217,2
10218,2
10219,2
10220,3
10221,4
10222,4
10223,2
10224,4
10225,2
10226,4
10227,4
10228,2
10229,2
10230,2
10231,2
10232,0
10233,2
10234,2
10235,2
10236,2
10237,2
10238,2
10239,2
10240,4
10241,2
10242,2
10243,4
10244,3
10245,2
10246,2
10247,2
10248,2
10249,2
10250,2
10251,2
10252,2
10253,2
10254,2
10255,2
10256,2
10257,4
10258,2
10259,2
10260,2
10261,2
10262,2
10263,2
10264,2
10265,2
10266,2
10267,2
10268,2
10269,2
10270,2
10271,2
10272,3
10273,2
10274,2
10275,2
10276,2
10277,2
10278,2
10279,2
10280,2
10281,2
10282,2
10283,2
10284,0
10285,2
10286,2
10287,2
10288,2
10289,4
10290,2
10291,2
10292,2
10293,2
10294,2
10295,2
10296,2
10297,2
10298,0
10299,2
10300,1
10301,2
10302,2
10303,2
10304,2
10305,2
10306,2
10307,2
10308,2
10309,2
10310,2
10311,2
10312,2
10313,2
10314,2
10315,2
10316,2
10317,2
10318,2
10319,2
10320,2
10321,2
10322,2
10323,2
10324,2
10325,2
10326,2
10327,2
10328,5
10329,4
10330,4
10331,5
10332,5
10333,1
10334,1
10335,2
10336,4
10337,4
10338,2
10339,2
10340,2
10341,4
10342,5
10343,2
10344,2
10345,4
10346,2
10347,2
10348,2
10349,2
10350,1
10351,1
10352,5
10353,0
10354,4
10355,3
10356,4
10357,4
10358,2
10359,3
10360,4
10361,5
10362,3
10363,3
10364,4
10365,4
10366,4
10367,4
10368,4
10369,3
10370,4
10371,4
10372,1
10373,2
10374,2
10375,2
10376,2
10377,4
10378,4
10379,2
10380,2
10381,2
10382,2
10383,4
10384,2
10385,2
10386,4
10387,4
10388,2
10389,2
10390,4
10391,2
10392,4
10393,4
10394,4
10395,2
10396,2
10397,2
10398,2
10399,2
10400,0
10401,2
10402,2
10403,2
10404,2
10405,4
10406,4
10407,2
10408,2
10409,1
10410,2
10411,2
10412,2
10413,2
10414,2
10415,2
10416,2
10417,1
10418,2
10419,2
10420,3
10421,2
10422,2
10423,4
10424,2
10425,4
10426,4
10427,2
10428,2
10429,2
10430,2
10431,3
10432,4
10433,2
10434,2
10435,2
10436,2
10437,2
10438,4
10439,2
10440,2
10441,2
10442,2
10443,2
10444,2
10445,2
10446,2
10447,0
10448,4
10449,2
10450,2
10451,2
10452,2
10453,2
10454,0
10455,4
10456,2
10457,2
10458,3
10459,4
10460,2
10461,2
10462,4
10463,2
10464,4
10465,2
10466,2
10467,2
10468,2
10469,4
10470,2
10471,2
10472,4
10473,4
10474,2
10475,2
10476,2
10477,2
10478,2
10479,2
10480,2
10481,4
10482,2
10483,3
10484,2
10485,2
10486,2
10487,3
10488,4
10489,2
10490,4
10491,2
10492,2
10493,2
10494,2
10495,2
10496,2
10497,4
10498,4
10499,3
10500,2
10501,2
10502,2
10503,2
10504,2
10505,2
10506,4
10507,4
10508,2
10509,2
10510,1
10511,1
10512,4
10513,2
10514,2
10515,2
10516,2
10517,2
10518,2
10519,2
10520,2
10521,2
10522,2
10523,2
10524,0
10525,4
10526,2
10527,2
10528,3
10529,4
10530,4
10531,4
10532,2
10533,2
10534,2
10535,4
10536,4
10537,2
10538,2
10539,3
10540,2
10541,2
10542,2
10543,4
10544,2
10545,4
10546,2
10547,2
10548,2
10549,3
10550,4
10551,4
10552,2
10553,2
10554,2
10555,2
10556,1
10557,2
10558,4
10559,2
10560,3
10561,2
10562,2
10563,2
10564,4
10565,2
10566,2
10567,2
10568,1
10569,1
10570,4
10571,4
10572,4
10573,2
10574,4
10575,4
10576,1
10577,2
10578,4
10579,4
10580,4
10581,4
10582,4
10583,4
10584,1
10585,2
10586,2
10587,2
10588,2
10589,4
10590,2
10591,2
10592,2
10593,2
10594,3
10595,3
10596,3
10597,2
10598,2
10599,2
10600,2
10601,2
10602,2
10603,2
10604,2
10605,2
10606,2
10607,2
10608,2
10609,2
10610,2
10611,2
10612,2
10613,2
10614,2
10615,2
10616,2
10617,2
10618,2
10619,2
10620,2
10621,2
10622,2
10623,2
10624,2
10625,2
10626,2
10627,2
10628,2
10629,2
10630,2
10631,2
10632,2
10633,2
10634,2
10635,2
10636,2
10637,2
10638,2
10639,2
10640,2
10641,2
10642,2
10643,2
10644,2
10645,2
10646,2
10647,2
10648,3
10649,1
10650,1
10651,2
10652,3
10653,2
10654,2
10655,3
10656,2
10657,2
10658,2
10659,4
10660,2
10661,2
10662,2
10663,2
10664,2
10665,1
10666,2
10667,2
10668,1
10669,2
10670,2
10671,2
10672,2
10673,2
10674,2
10675,2
10676,2
10677,2
10678,2
10679,2
10680,2
10681,2
10682,2
10683,2
10684,4
10685,2
10686,2
10687,2
10688,2
10689,2
10690,2
10691,2
10692,2
10693,2
10694,2
10695,2
10696,2
10697,2
10698,2
10699,2
10700,2
10701,2
10702,2
10703,2
10704,2
10705,2
10706,2
10707,2
10708,2
10709,4
10710,2
10711,2
10712,2
10713,2
10714,2
10715,2
10716,2
10717,2
10718,2
10719,2
10720,2
10721,4
10722,4
10723,4
10724,2
10725,2
10726,2
10727,3
10728,2
10729,2
10730,4
10731,2
10732,2
10733,0
10734,0
10735,0
10736,2
10737,2
10738,2
10739,2
10740,2
10741,2
10742,2
10743,2
10744,2
10745,2
10746,2
10747,2
10748,2
10749,2
10750,2
10751,2
10752,1
10753,2
10754,2
10755,2
10756,2
10757,2
10758,2
10759,2
10760,3
10761,3
10762,2
10763,2
10764,2
10765,2
10766,2
10767,3
10768,2
10769,2
10770,4
10771,2
10772,2
10773,2
10774,2
10775,2
10776,2
10777,3
10778,2
10779,3
10780,2
10781,0
10782,2
10783,2
10784,2
10785,2
10786,2
10787,2
10788,2
10789,2
10790,2
10791,2
10792,2
10793,2
10794,2
10795,2
10796,2
10797,2
10798,2
10799,2
10800,2
10801,2
10802,2
10803,2
10804,2
10805,2
10806,2
10807,2
10808,2
10809,2
10810,2
10811,1
10812,2
10813,2
10814,2
10815,2
10816,2
10817,4
10818,2
10819,2
10820,2
10821,2
10822,2
10823,2
10824,2
10825,2
10826,2
10827,2
10828,2
10829,0
10830,2
10831,0
10832,2
10833,2
10834,2
10835,2
10836,2
10837,2
10838,2
10839,2
10840,2
10841,2
10842,2
10843,2
10844,2
10845,2
10846,2
10847,2
10848,2
10849,2
10850,2
10851,2
10852,2
10853,4
10854,2
10855,4
10856,2
10857,3
10858,2
10859,2
10860,3
10861,0
10862,2
10863,2
10864,2
10865,0
10866,2
10867,2
10868,2
10869,3
10870,2
10871,2
10872,2
10873,2
10874,2
10875,2
10876,2
10877,2
10878,2
10879,2
10880,2
10881,2
10882,2
10883,4
10884,4
10885,2
10886,2
10887,2
10888,2
10889,2
10890,2
10891,2
10892,2
10893,2
10894,2
10895,2
10896,0
10897,2
10898,4
10899,1
10900,2
10901,2
10902,2
10903,2
10904,2
10905,2
10906,2
10907,2
10908,2
10909,1
10910,2
10911,2
10912,2
10913,2
10914,2
10915,2
10916,2
10917,2
10918,2
10919,2
10920,2
10921,2
10922,2
10923,4
10924,2
10925,2
10926,2
10927,2
10928,2
10929,2
10930,2
10931,2
10932,2
10933,3
10934,2
10935,2
10936,2
10937,2
10938,2
10939,0
10940,2
10941,2
10942,2
10943,2
10944,2
10945,2
10946,2
10947,2
10948,2
10949,4
10950,2
10951,4
10952,4
10953,2
10954,4
10955,4
10956,4
10957,4
10958,4
10959,2
10960,2
10961,2
10962,1
10963,5
10964,2
10965,4
10966,2
10967,4
10968,2
10969,2
10970,2
10971,2
10972,2
10973,2
10974,2
10975,4
10976,2
10977,2
10978,2
10979,2
10980,2
10981,2
10982,2
10983,2
10984,2
10985,2
10986,2
10987,2
10988,2
10989,2
10990,2
10991,2
10992,2
10993,4
10994,2
10995,2
10996,2
10997,2
10998,2
10999,2
11000,2
11001,2
11002,2
11003,2
11004,2
11005,2
11006,2
11007,2
11008,2
11009,2
11010,2
11011,2
11012,2
11013,2
11014,2
11015,2
11016,1
11017,2
11018,2
11019,2
11020,2
11021,2
11022,2
11023,4
11024,2
11025,2
11026,2
11027,2
11028,2
11029,2
11030,2
11031,2
11032,2
11033,2
11034,2
11035,2
11036,2
11037,2
11038,2
11039,4
11040,2
11041,2
11042,2
11043,2
11044,2
11045,2
11046,2
11047,2
11048,2
11049,2
11050,2
11051,2
11052,2
11053,2
11054,2
11055,2
11056,2
11057,2
11058,4
11059,4
11060,2
11061,2
11062,2
11063,2
11064,2
11065,0
11066,2
11067,4
11068,2
11069,4
11070,4
11071,4
11072,4
11073,4
11074,0
11075,4
11076,2
11077,4
11078,4
11079,4
11080,2
11081,2
11082,4
11083,4
11084,2
11085,4
11086,4
11087,2
11088,4
11089,2
11090,4
11091,2
11092,4
11093,4
11094,2
11095,0
11096,4
11097,1
11098,4
11099,2
11100,2
11101,2
11102,4
11103,2
11104,2
11105,0
11106,2
11107,4
11108,2
11109,2
11110,4
11111,4
11112,4
11113,1
11114,0
11115,2
11116,4
11117,4
11118,4
11119,2
11120,5
11121,2
11122,2
11123,2
11124,2
11125,5
11126,1
11127,0
11128,2
11129,2
11130,5
11131,5
11132,4
11133,1
11134,4
11135,4
11136,4
11137,2
11138,2
11139,4
11140,0
11141,0
11142,4
11143,2
11144,2
11145,0
11146,2
11147,1
11148,2
11149,4
11150,4
11151,2
11152,4
11153,4
11154,2
11155,0
11156,4
11157,2
11158,2
11159,4
11160,2
11161,2
11162,2
11163,2
11164,2
11165,2
11166,2
11167,4
11168,2
11169,2
11170,2
11171,2
11172,2
11173,2
11174,2
11175,2
11176,2
11177,4
11178,2
11179,2
11180,2
11181,2
11182,2
11183,2
11184,2
11185,2
11186,2
11187,2
11188,2
11189,2
11190,2
11191,4
11192,2
11193,4
11194,2
11195,4
11196,2
11197,2
11198,2
11199,2
11200,2
11201,2
11202,2
11203,2
11204,2
11205,2
11206,2
11207,2
11208,2
11209,2
11210,2
11211,2
11212,2
11213,2
11214,2
11215,2
11216,2
11217,1
11218,0
11219,2
11220,2
11221,2
11222,2
11223,2
11224,2
11225,2
11226,2
11227,0
11228,2
11229,2
11230,2
11231,2
11232,2
11233,2
11234,2
11235,2
11236,5
11237,2
11238,2
11239,2
11240,2
11241,3
11242,3
11243,2
11244,2
11245,2
11246,4
11247,4
11248,4
11249,4
11250,2
11251,2
11252,2
11253,4
11254,4
11255,4
11256,4
11257,4
11258,2
11259,2
11260,4
11261,3
11262,2
11263,1
11264,4
11265,2
11266,4
11267,4
11268,4
11269,4
11270,4
11271,4
11272,4
11273,4
11274,4
11275,4
11276,0
11277,4
11278,4
11279,4
11280,4
11281,4
11282,4
11283,4
11284,4
11285,4
11286,2
11287,4
11288,2
11289,4
11290,4
11291,4
11292,4
11293,4
11294,4
11295,4
11296,4
11297,4
11298,4
11299,1
11300,4
11301,1
11302,2
11303,2
11304,1
11305,1
11306,4
11307,2
11308,2
11309,2
11310,2
11311,2
11312,2
11313,2
11314,2
11315,5
11316,2
11317,4
11318,4
11319,2
11320,4
11321,5
11322,2
11323,2
11324,2
11325,2
11326,2
11327,2
11328,1
11329,4
11330,2
11331,5
11332,4
11333,4
11334,5
11335,5
11336,5
11337,2
11338,2
11339,2
11340,2
11341,2
11342,2
11343,2
11344,2
11345,2
11346,2
11347,2
11348,5
11349,4
11350,4
11351,5
11352,1
11353,1
11354,4
11355,2
11356,2
11357,2
11358,1
11359,2
11360,0
11361,2
11362,2
11363,4
11364,4
11365,4
11366,4
11367,2
11368,4
11369,5
11370,4
11371,4
11372,2
11373,2
11374,2
11375,2
11376,2
11377,5
11378,5
11379,5
11380,4
11381,4
11382,4
11383,4
11384,0
11385,5
11386,2
11387,1
11388,2
11389,2
11390,2
11391,2
11392,2
11393,4
11394,2
11395,2
11396,1
11397,1
11398,2
11399,1
11400,5
11401,4
11402,1
11403,2
11404,1
11405,1
11406,4
11407,5
11408,1
11409,1
11410,0
11411,2
11412,2
11413,2
11414,2
11415,2
11416,2
11417,2
11418,2
11419,2
11420,2
11421,2
11422,2
11423,2
11424,0
11425,0
11426,2
11427,0
11428,3
11429,2
11430,0
11431,3
11432,5
11433,3
11434,0
11435,0
11436,2
11437,4
11438,5
11439,5
11440,3
11441,2
11442,2
11443,3
11444,0
11445,0
11446,0
11447,4
11448,5
11449,4
11450,5
11451,5
11452,2
11453,0
11454,2
11455,2
11456,5
11457,2
11458,2
11459,2
11460,2
11461,2
11462,4
11463,2
11464,2
11465,2
11466,4
11467,2
11468,4
11469,2
11470,2
11471,4
11472,2
11473,2
11474,2
11475,2
11476,4
11477,2
11478,4
11479,2
11480,4
11481,2
11482,2
11483,3
11484,2
11485,2
11486,4
11487,2
11488,2
11489,3
11490,2
11491,2
11492,4
11493,2
11494,4
11495,0
11496,0
11497,2
11498,1
11499,4
11500,2
11501,3
11502,2
11503,0
11504,2
11505,4
11506,4
11507,2
11508,4
11509,4
11510,4
11511,2
11512,2
11513,4
11514,2
11515,4
11516,2
11517,4
11518,2
11519,4
11520,4
11521,0
11522,4
11523,2
11524,2
11525,2
11526,2
11527,2
11528,2
11529,2
11530,1
11531,1
11532,0
11533,1
11534,2
11535,5
11536,2
11537,1
11538,2
11539,1
11540,5
11541,1
11542,2
11543,5
11544,2
11545,2
11546,3
11547,2
11548,2
11549,2
11550,3
11551,2
11552,2
11553,0
11554,2
11555,4
11556,2
11557,2
11558,4
11559,4
11560,4
11561,0
11562,2
11563,2
11564,1
11565,2
11566,2
11567,2
11568,2
11569,2
11570,2
11571,2
11572,2
11573,2
11574,2
11575,2
11576,2
11577,2
11578,2
11579,4
11580,2
11581,4
11582,4
11583,2
11584,2
11585,2
11586,2
11587,2
11588,2
11589,2
11590,2
11591,2
11592,2
11593,2
11594,2
11595,2
11596,4
11597,2
11598,2
11599,2
11600,5
11601,2
11602,2
11603,2
11604,2
11605,2
11606,2
11607,2
11608,2
11609,2
11610,2
11611,2
11612,2
11613,1
11614,2
11615,4
11616,2
11617,2
11618,2
11619,2
11620,2
11621,2
11622,4
11623,0
11624,2
11625,2
11626,2
11627,2
11628,2
11629,2
11630,2
11631,2
11632,3
11633,3
11634,2
11635,0
11636,2
11637,2
11638,2
11639,4
11640,3
11641,4
11642,0
11643,2
11644,0
11645,0
11646,0
11647,0
11648,0
11649,5
11650,1
11651,2
11652,2
11653,2
11654,0
11655,2
11656,2
11657,4
11658,2
11659,2
11660,2
11661,2
11662,2
11663,2
11664,2
11665,2
11666,4
11667,2
11668,2
11669,2
11670,2
11671,2
11672,2
11673,2
11674,2
11675,2
11676,2
11677,2
11678,2
11679,2
11680,2
11681,2
11682,2
11683,2
11684,4
11685,2
11686,2
11687,2
11688,2
11689,2
11690,2
11691,0
11692,0
11693,0
11694,4
11695,2
11696,2
11697,2
11698,2
11699,2
11700,2
11701,4
11702,2
11703,2
11704,2
11705,2
11706,2
11707,2
11708,2
11709,2
11710,2
11711,2
11712,2
11713,2
11714,4
11715,2
11716,2
11717,2
11718,2
11719,2
11720,2
11721,2
11722,2
11723,4
11724,2
11725,4
11726,2
11727,2
11728,4
11729,4
11730,2
11731,4
11732,2
11733,2
11734,2
11735,3
11736,3
11737,1
11738,2
11739,3
11740,2
11741,2
11742,0
11743,0
11744,0
11745,0
11746,4
11747,2
11748,0
11749,0
11750,4
11751,2
11752,2
11753,2
11754,2
11755,4
11756,0
11757,1
11758,2
11759,2
11760,2
11761,2
11762,1
11763,4
11764,2
11765,2
11766,2
11767,2
11768,1
11769,1
11770,5
11771,5
11772,3
11773,0
11774,5
11775,2
11776,5
11777,5
11778,2
11779,4
11780,3
11781,4
11782,4
11783,1
11784,2
11785,1
11786,5
11787,5
11788,5
11789,5
11790,1
11791,1
11792,2
11793,2
11794,2
11795,2
11796,2
11797,2
11798,2
11799,2
11800,2
11801,4
11802,2
11803,2
11804,2
11805,3
11806,1
11807,2
11808,2
11809,2
11810,2
11811,2
11812,0
11813,0
11814,0
11815,0
11816,4
11817,2
11818,2
11819,2
11820,0
11821,0
11822,0
11823,0
11824,3
11825,3
11826,3
11827,4
11828,4
11829,4
11830,0
11831,0
11832,0
11833,0
11834,3
11835,2
11836,3
11837,0
11838,3
11839,2
11840,3
11841,5
11842,3
11843,0
11844,0
11845,4
11846,2
11847,3
11848,3
11849,4
11850,1
11851,0
11852,3
11853,2
11854,2
11855,2
11856,3
11857,4
11858,4
11859,3
11860,3
11861,2
11862,0
11863,3
11864,1
11865,1
11866,1
11867,1
11868,3
11869,1
11870,2
11871,3
11872,3
11873,3
11874,2
11875,4
11876,3
11877,4
11878,2
11879,2
11880,2
11881,2
11882,2
11883,4
11884,2
11885,4
11886,4
11887,2
11888,4
11889,2
11890,2
11891,2
11892,2
11893,2
11894,2
11895,4
11896,2
11897,2
11898,2
11899,2
11900,2
11901,2
11902,2
11903,3
11904,4
11905,4
11906,2
11907,0
11908,5
11909,0
11910,0
11911,5
11912,0
11913,0
11914,5
11915,2
11916,0
11917,0
11918,0
11919,0
11920,0
11921,0
11922,0
11923,5
11924,1
11925,1
11926,1
11927,1
11928,1
11929,2
11930,1
11931,1
11932,1
11933,1
11934,4
11935,2
11936,1
11937,3
11938,1
11939,2
11940,4
11941,4
11942,2
11943,2
11944,1
11945,2
11946,2
11947,4
11948,4
11949,4
11950,4
11951,1
11952,1
11953,1
11954,2
11955,2
11956,2
11957,2
11958,2
11959,2
11960,2
11961,0
11962,4
11963,4
11964,2
11965,2
11966,3
11967,1
11968,2
11969,4
11970,4
11971,4
11972,3
11973,3
11974,2
11975,3
11976,3
11977,4
11978,4
11979,4
11980,4
11981,2
11982,4
11983,4
11984,3
11985,2
11986,2
11987,2
11988,2
11989,2
11990,2
11991,2
11992,2
11993,4
11994,4
11995,4
11996,2
11997,2
11998,2
11999,2
12000,2
12001,2
12002,2
12003,1
12004,2
12005,2
12006,2
12007,2
12008,2
12009,3
12010,2
12011,3
12012,4
12013,0
12014,2
12015,0
12016,4
12017,2
12018,1
12019,4
12020,4
12021,4
12022,3
12023,3
12024,3
12025,0
12026,0
12027,0
12028,1
12029,1
12030,1
12031,1
12032,1
12033,1
12034,1
12035,1
12036,1
12037,1
12038,3
12039,4
12040,4
12041,4
12042,1
12043,2
12044,1
12045,0
12046,1
12047,1
12048,1
12049,5
12050,5
12051,5
12052,5
12053,5
12054,4
12055,5
12056,4
12057,1
12058,1
12059,1
12060,0
12061,4
12062,4
12063,4
12064,0
12065,1
12066,0
12067,0
12068,0
12069,4
12070,5
12071,4
12072,4
12073,4
12074,4
12075,4
12076,3
12077,4
12078,4
12079,4
12080,4
12081,4
12082,0
12083,4
12084,4
12085,5
12086,3
12087,3
12088,0
12089,0
12090,0
12091,0
12092,0
12093,0
12094,4
12095,1
12096,1
12097,0
12098,0
12099,4
12100,4
12101,4
12102,0
12103,0
12104,0
12105,0
12106,0
12107,4
12108,1
12109,3
12110,5
12111,3
12112,3
12113,3
12114,0
12115,1
12116,1
12117,1
12118,3
12119,3
12120,4
12121,4
12122,4
12123,4
12124,3
12125,1
12126,3
12127,4
12128,4
12129,4
12130,4
12131,4
12132,4
12133,4
12134,3
12135,4
12136,4
12137,4
12138,4
12139,3
12140,3
12141,4
12142,4
12143,3
12144,1
12145,1
12146,3
12147,3
12148,3
12149,3
12150,4
12151,3
12152,3
12153,3
12154,4
12155,0
12156,1
12157,5
12158,3
12159,3
12160,4
12161,4
12162,4
12163,4
12164,4
12165,4
12166,5
12167,4
12168,3
12169,4
12170,0
12171,5
12172,4
12173,1
12174,3
12175,3
12176,4
12177,3
12178,3
12179,4
12180,2
12181,4
12182,4
12183,3
12184,4
12185,4
12186,3
12187,3
12188,1
12189,1
12190,4
12191,3
12192,1
12193,1
12194,3
12195,5
12196,5
12197,3
12198,3
12199,3
12200,3
12201,3
12202,3
12203,3
12204,1
12205,4
12206,4
12207,5
12208,4
12209,4
12210,5
12211,4
12212,3
12213,4
12214,4
12215,4
12216,4
12217,2
12218,4
12219,3
12220,3
12221,2
12222,4
12223,4
12224,4
12225,4
12226,4
12227,5
12228,5
12229,3
12230,4
12231,4
12232,4
12233,1
12234,4
12235,4
12236,1
12237,1
12238,1
12239,0
12240,0
12241,0
12242,0
12243,0
12244,4
12245,0
12246,0
12247,0
12248,3
12249,3
12250,1
12251,4
12252,1
12253,3
12254,3
12255,3
12256,3
12257,0
12258,3
12259,4
12260,4
12261,3
12262,3
12263,4
12264,0
12265,4
12266,4
12267,4
12268,3
12269,4
12270,4
12271,0
12272,4
12273,4
12274,2
12275,4
12276,4
12277,2
12278,2
12279,0
12280,2
12281,0
12282,0
12283,4
12284,4
12285,4
12286,0
12287,4
12288,4
12289,0
12290,0
12291,0
12292,4
12293,2
12294,4
12295,0
12296,3
12297,4
12298,1
12299,3
12300,1
12301,1
12302,1
12303,3
12304,0
12305,0
12306,0
12307,0
12308,3
12309,1
12310,0
12311,4
12312,4
12313,4
12314,4
12315,4
12316,4
12317,0
12318,4
12319,4
12320,4
12321,4
12322,0
12323,0
12324,0
12325,3
12326,0
12327,0
12328,4
12329,4
12330,1
12331,1
12332,1
12333,1
12334,4
12335,4
12336,4
12337,4
12338,4
12339,3
12340,4
12341,4
12342,1
12343,1
12344,1
12345,1
12346,4
12347,3
12348,0
12349,1
12350,4
12351,4
12352,1
12353,4
12354,4
12355,4
12356,4
12357,0
12358,4
12359,4
12360,3
12361,4
12362,1
12363,1
12364,1
12365,1
12366,4
12367,3
12368,0
12369,0
12370,0
12371,1
12372,1
12373,0
12374,3
12375,0
12376,4
12377,4
12378,4
12379,0
12380,3
12381,4
12382,4
12383,1
12384,5
12385,0
12386,5
12387,3
12388,5
12389,5
12390,4
12391,0
12392,3
12393,5
12394,0
12395,3
12396,0
12397,0
12398,0
12399,0
12400,5
12401,0
12402,3
12403,1
12404,0
12405,0
12406,0
12407,5
12408,5
12409,4
12410,3
12411,4
12412,0
12413,3
12414,5
12415,0
12416,1
12417,0
12418,4
12419,4
12420,0
12421,0
12422,0
12423,0
12424,0
12425,0
12426,3
12427,4
12428,5
12429,4
12430,0
12431,0
12432,4
12433,0
12434,0
12435,0
12436,0
12437,0
12438,0
12439,0
12440,0
12441,0
12442,0
12443,4
12444,0
12445,0
12446,0
12447,0
12448,0
12449,0
12450,4
12451,0
12452,0
12453,0
12454,0
12455,0
12456,4
12457,4
12458,3
12459,2
12460,3
12461,4
12462,4
12463,4
12464,4
12465,4
12466,3
12467,0
12468,0
12469,3
12470,0
12471,0
12472,0
12473,0
12474,4
12475,0
12476,0
12477,4
12478,4
12479,4
12480,0
12481,0
12482,0
12483,3
12484,0
12485,4
12486,0
12487,0
12488,3
12489,3
12490,4
12491,2
12492,0
12493,0
12494,4
12495,4
12496,4
12497,4
12498,4
12499,4
12500,4
12501,4
12502,4
12503,3
12504,4
12505,4
12506,4
12507,4
12508,0
12509,4
12510,4
12511,4
12512,4
12513,4
12514,2
12515,4
12516,1
12517,3
12518,4
12519,4
12520,3
12521,4
12522,2
12523,4
12524,4
12525,4
12526,2
12527,4
12528,4
12529,4
12530,2
12531,2
12532,2
12533,2
12534,4
12535,2
12536,2
12537,4
12538,4
12539,4
12540,4
12541,4
12542,4
12543,4
12544,4
12545,4
12546,4
12547,4
12548,2
12549,4
12550,4
12551,4
12552,4
12553,4
12554,2
12555,4
12556,4
12557,3
12558,4
12559,4
12560,4
12561,2
12562,2
12563,4
12564,2
12565,4
12566,2
12567,4
12568,4
12569,4
12570,4
12571,4
12572,4
12573,4
12574,2
12575,2
12576,2
12577,2
12578,2
12579,2
12580,0
12581,2
12582,2
12583,2
12584,4
12585,2
12586,2
12587,2
12588,4
12589,4
12590,2
12591,2
12592,0
12593,2
12594,2
12595,2
12596,2
12597,2
12598,2
12599,3
12600,4
12601,3
12602,2
12603,4
12604,2
12605,4
12606,2
12607,2
12608,2
12609,2
12610,2
12611,4
12612,2
12613,2
12614,2
12615,2
12616,2
12617,2
12618,2
12619,2
12620,2
12621,2
12622,2
12623,2
12624,3
12625,2
12626,2
12627,2
12628,2
12629,2
12630,2
12631,2
12632,4
12633,2
12634,4
12635,4
12636,4
12637,4
12638,2
12639,2
12640,4
12641,3
12642,1
12643,2
12644,2
12645,4
12646,4
12647,4
12648,4
12649,4
12650,2
12651,2
12652,2
12653,2
12654,4
12655,2
12656,2
12657,2
12658,2
12659,2
12660,2
12661,2
12662,2
12663,2
12664,2
12665,2
12666,2
12667,2
12668,2
12669,2
12670,2
12671,2
12672,0
12673,2
12674,2
12675,2
12676,2
12677,2
12678,2
12679,2
12680,2
12681,2
12682,3
12683,2
12684,2
12685,2
12686,2
12687,0
12688,2
12689,2
12690,1
12691,2
12692,2
12693,2
12694,2
12695,2
12696,2
12697,4
12698,4
12699,2
12700,2
12701,2
12702,2
12703,2
12704,2
12705,2
12706,2
12707,2
12708,2
12709,2
12710,2
12711,2
12712,2
12713,2
12714,3
12715,2
12716,2
12717,2
12718,2
12719,2
12720,2
12721,2
12722,2
12723,2
12724,2
12725,2
12726,2
12727,2
12728,2
12729,2
12730,2
12731,2
12732,2
12733,2
12734,2
12735,2
12736,2
12737,2
12738,2
12739,2
12740,2
12741,2
12742,2
12743,2
12744,2
12745,2
12746,2
12747,2
12748,2
12749,2
12750,2
12751,2
12752,2
12753,2
12754,2
12755,0
12756,2
12757,2
12758,2
12759,2
12760,2
12761,2
12762,2
12763,2
12764,4
12765,1
12766,2
12767,2
12768,2
12769,2
12770,2
12771,2
12772,2
12773,2
12774,2
12775,2
12776,2
12777,2
12778,2
12779,2
12780,2
12781,2
12782,2
12783,2
12784,2
12785,2
12786,2
12787,2
12788,2
12789,2
12790,2
12791,4
12792,4
12793,4
12794,0
12795,0
12796,2
12797,2
12798,2
12799,4
12800,0
12801,2
12802,4
12803,4
12804,2
12805,4
12806,4
12807,4
12808,4
12809,2
12810,2
12811,2
12812,2
12813,4
12814,3
12815,4
12816,0
12817,3
12818,4
12819,2
12820,2
12821,2
12822,2
12823,2
12824,2
12825,4
12826,2
12827,2
12828,2
12829,2
12830,2
12831,2
12832,2
12833,2
12834,2
12835,2
12836,2
12837,2
12838,2
12839,2
12840,2
12841,2
12842,2
12843,2
12844,2
12845,2
12846,0
12847,2
12848,2
12849,2
12850,0
12851,2
12852,2
12853,2
12854,2
12855,2
12856,2
12857,2
12858,2
12859,2
12860,2
12861,2
12862,2
12863,2
12864,2
12865,2
12866,2
12867,2
12868,2
12869,2
12870,2
12871,2
12872,4
12873,2
12874,2
12875,2
12876,2
12877,2
12878,2
12879,2
12880,2
12881,2
12882,2
12883,2
12884,2
12885,2
12886,2
12887,2
12888,2
12889,2
12890,2
12891,2
12892,2
12893,2
12894,2
12895,2
12896,2
12897,2
12898,2
12899,2
12900,2
12901,2
12902,2
12903,2
12904,2
12905,2
12906,2
12907,2
12908,2
12909,2
12910,2
12911,2
12912,2
12913,2
12914,2
12915,2
12916,2
12917,2
12918,2
12919,2
12920,2
12921,2
12922,2
12923,2
12924,2
12925,2
12926,2
12927,2
12928,2
12929,2
12930,2
12931,2
12932,2
12933,3
12934,2
12935,2
12936,2
12937,4
12938,2
12939,2
12940,2
12941,2
12942,2
12943,2
12944,2
12945,2
12946,2
12947,2
12948,2
12949,2
12950,2
12951,2
12952,2
12953,2
12954,2
12955,2
12956,2
12957,2
12958,4
12959,4
12960,2
12961,2
12962,2
12963,2
12964,2
12965,2
12966,2
12967,2
12968,2
12969,2
12970,0
12971,2
12972,2
12973,3
12974,2
12975,2
12976,2
12977,0
12978,2
12979,2
12980,2
12981,2
12982,2
12983,2
12984,2
12985,2
12986,2
12987,2
12988,2
12989,2
12990,2
12991,2
12992,2
12993,2
12994,3
12995,2
12996,2
12997,2
12998,3
12999,2
13000,2
13001,2
13002,2
13003,2
13004,2
13005,2
13006,2
13007,1
13008,2
13009,2
13010,2
13011,2
13012,2
13013,2
13014,0
13015,2
13016,2
13017,2
13018,2
13019,2
13020,2
13021,2
13022,2
13023,2
13024,2
13025,2
13026,2
13027,2
13028,2
13029,2
13030,2
13031,2
13032,4
13033,2
13034,2
13035,0
13036,2
13037,2
13038,2
13039,2
13040,0
13041,0
13042,2
13043,2
13044,1
13045,2
13046,2
13047,2
13048,2
13049,2
13050,0
13051,0
13052,4
13053,2
13054,2
13055,2
13056,2
13057,2
13058,0
13059,2
13060,2
13061,2
13062,2
13063,2
13064,2
13065,2
13066,2
13067,4
13068,0
13069,3
13070,4
13071,0
13072,2
13073,2
13074,0
13075,0
13076,4
13077,4
13078,2
13079,2
13080,2
13081,2
13082,2
13083,2
13084,2
13085,2
13086,2
13087,2
13088,2
13089,2
13090,2
13091,2
13092,2
13093,2
13094,2
13095,2
13096,2
13097,2
13098,0
13099,2
13100,2
13101,2
13102,2
13103,2
13104,2
13105,2
13106,2
13107,2
13108,2
13109,2
13110,2
13111,2
13112,2
13113,2
13114,2
13115,2
13116,2
13117,2
13118,2
13119,2
13120,2
13121,2
13122,2
13123,2
13124,2
13125,2
13126,2
13127,2
13128,2
13129,2
13130,2
13131,2
13132,2
13133,2
13134,2
13135,2
13136,2
13137,2
13138,2
13139,2
13140,2
13141,2
13142,2
13143,2
13144,2
13145,2
13146,2
13147,2
13148,2
13149,2
13150,2
13151,2
13152,2
13153,2
13154,2
13155,2
13156,2
13157,2
13158,2
13159,2
13160,2
13161,2
13162,2
13163,2
13164,2
13165,4
13166,2
13167,4
13168,2
13169,2
13170,2
13171,2
13172,5
13173,2
13174,2
13175,3
13176,2
13177,3
13178,2
13179,2
13180,2
13181,2
13182,2
13183,2
13184,2
13185,2
13186,5
13187,2
13188,2
13189,2
13190,2
13191,2
13192,2
13193,2
13194,2
13195,2
13196,2
13197,2
13198,1
13199,4
13200,2
13201,2
13202,2
13203,2
13204,2
13205,2
13206,2
13207,2
13208,2
13209,2
13210,2
13211,1
13212,4
13213,4
13214,2
13215,2
13216,2
13217,4
13218,2
13219,4
13220,4
13221,4
13222,3
13223,4
13224,4
13225,2
13226,4
13227,2
13228,3
13229,2
13230,2
13231,2
13232,4
13233,2
13234,2
13235,2
13236,2
13237,2
13238,2
13239,2
13240,3
13241,2
13242,2
13243,2
13244,2
13245,2
13246,2
13247,2
13248,2
13249,2
13250,2
13251,2
13252,2
13253,2
13254,4
13255,0
13256,5
13257,0
13258,0
13259,4
13260,2
13261,2
13262,2
13263,3
13264,2
13265,2
13266,4
13267,2
13268,4
13269,2
13270,3
13271,1
13272,2
13273,0
13274,2
13275,0
13276,2
13277,2
13278,3
13279,4
13280,4
13281,4
13282,4
13283,3
13284,4
13285,3
13286,3
13287,4
13288,2
13289,3
13290,2
13291,2
13292,3
13293,3
13294,3
13295,3
13296,3
13297,3
13298,4
13299,3
13300,3
13301,2
13302,4
13303,5
13304,4
13305,2
13306,2
13307,2
13308,2
13309,2
13310,2
13311,2
13312,2
13313,2
13314,2
13315,2
13316,2
13317,2
13318,2
13319,2
13320,2
13321,2
13322,2
13323,2
13324,2
13325,2
13326,2
13327,2
13328,2
13329,2
13330,2
13331,2
13332,2
13333,2
13334,2
13335,2
13336,2
13337,2
13338,2
13339,2
13340,2
13341,2
13342,2
13343,2
13344,4
13345,2
13346,2
13347,2
13348,2
13349,2
13350,2
13351,2
13352,2
13353,2
13354,2
13355,2
13356,2
13357,2
13358,2
13359,2
13360,2
13361,2
13362,2
13363,2
13364,2
13365,2
13366,2
13367,2
13368,2
13369,2
13370,5
13371,2
13372,5
13373,5
13374,5
13375,4
13376,5
13377,5
13378,4
13379,5
13380,3
13381,1
13382,2
13383,4
13384,3
13385,3
13386,3
13387,3
13388,3
13389,4
13390,3
13391,2
13392,2
13393,2
13394,2
13395,2
13396,2
13397,2
13398,2
13399,2
13400,2
13401,2
13402,2
13403,2
13404,2
13405,2
13406,2
13407,3
13408,4
13409,4
13410,4
13411,2
13412,4
13413,0
13414,2
13415,4
13416,0
13417,2
13418,2
13419,2
13420,2
13421,2
13422,2
13423,2
13424,2
13425,2
13426,2
13427,2
13428,2
13429,0
13430,2
13431,2
13432,2
13433,2
13434,2
13435,2
13436,2
13437,2
13438,2
13439,2
13440,2
13441,2
13442,2
13443,2
13444,2
13445,2
13446,2
13447,2
13448,2
13449,2
13450,2
13451,2
13452,2
13453,2
13454,2
13455,2
13456,2
13457,2
13458,2
13459,2
13460,2
13461,2
13462,2
13463,2
13464,2
13465,2
13466,2
13467,4
13468,4
13469,2
13470,0
13471,2
13472,2
13473,5
13474,2
13475,2
13476,2
13477,2
13478,2
13479,4
13480,2
13481,2
13482,2
13483,2
13484,2
13485,2
13486,2
13487,4
13488,2
13489,2
13490,2
13491,2
13492,2
13493,2
13494,2
13495,2
13496,2
13497,2
13498,2
13499,2
13500,2
13501,2
13502,2
13503,2
13504,3
13505,2
13506,2
13507,2
13508,2
13509,2
13510,2
13511,2
13512,2
13513,2
13514,2
13515,2
13516,2
13517,4
13518,2
13519,4
13520,2
13521,2
13522,2
13523,2
13524,2
13525,2
13526,2
13527,2
13528,2
13529,2
13530,2
13531,2
13532,2
13533,2
13534,2
13535,2
13536,2
13537,2
13538,2
13539,2
13540,2
13541,2
13542,2
13543,2
13544,2
13545,2
13546,2
13547,2
13548,2
13549,2
13550,0
13551,2
13552,0
13553,3
13554,2
13555,2
13556,2
13557,0
13558,4
13559,0
13560,0
13561,0
13562,0
13563,0
13564,0
13565,0
13566,0
13567,2
13568,2
13569,2
13570,3
13571,2
13572,2
13573,2
13574,2
13575,2
13576,2
13577,2
13578,2
13579,2
13580,2
13581,2
13582,2
13583,2
13584,2
13585,2
13586,2
13587,2
13588,2
13589,2
13590,2
13591,2
13592,2
13593,2
13594,2
13595,2
13596,2
13597,2
13598,2
13599,2
13600,2
13601,2
13602,2
13603,4
13604,2
13605,2
13606,5
13607,1
13608,4
13609,2
13610,4
13611,4
13612,4
13613,4
13614,4
13615,5
13616,5
13617,3
13618,4
13619,3
13620,3
13621,3
13622,4
13623,4
13624,4
13625,4
13626,0
13627,0
13628,4
13629,0
13630,0
13631,2
13632,0
13633,3
13634,0
13635,0
13636,0
13637,2
13638,2
13639,0
13640,2
13641,3
13642,3
13643,0
13644,0
13645,0
13646,2
13647,0
13648,0
13649,4
13650,0
13651,2
13652,0
13653,4
13654,2
13655,2
13656,0
13657,4
13658,4
13659,4
13660,4
13661,4
13662,1
13663,4
13664,4
13665,4
13666,4
13667,4
13668,2
13669,4
13670,3
13671,2
13672,3
13673,4
13674,2
13675,4
13676,3
13677,3
13678,3
13679,4
13680,4
13681,4
13682,4
13683,2
13684,4
13685,2
13686,2
13687,2
13688,2
13689,2
13690,2
13691,3
13692,4
13693,1
13694,4
13695,4
13696,4
13697,4
13698,2
13699,4
13700,4
13701,4
13702,4
13703,4
13704,4
13705,4
13706,2
13707,4
13708,1
13709,2
13710,2
13711,2
13712,4
13713,2
13714,2
13715,2
13716,2
13717,2
13718,2
13719,4
13720,4
13721,4
13722,4
13723,4
13724,4
13725,3
13726,4
13727,2
13728,4
13729,2
13730,0
13731,0
13732,4
13733,4
13734,0
13735,0
13736,2
13737,2
13738,2
13739,4
13740,0
13741,4
13742,2
13743,4
13744,3
13745,4
13746,2
13747,0
13748,2
13749,0
13750,0
13751,0
13752,0
13753,2
13754,0
13755,4
13756,2
13757,2
13758,2
13759,2
13760,3
13761,2
13762,1
13763,4
13764,4
13765,4
13766,4
13767,3
13768,1
13769,2
13770,3
13771,3
13772,2
13773,2
13774,2
13775,2
13776,3
13777,2
13778,4
13779,3
13780,4
13781,4
13782,0
13783,4
13784,1
13785,3
13786,4
13787,2
13788,4
13789,2
13790,4
13791,3
13792,4
13793,4
13794,4
13795,4
13796,4
13797,2
13798,1
13799,2
13800,0
13801,4
13802,2
13803,2
13804,2
13805,0
13806,4
13807,3
13808,4
13809,4
13810,2
13811,2
13812,2
13813,4
13814,4
13815,4
13816,2
13817,2
13818,0
13819,3
13820,2
13821,4
13822,3
13823,0
13824,2
13825,2
13826,4
13827,4
13828,0
13829,2
13830,2
13831,2
13832,2
13833,4
13834,4
13835,4
13836,2
13837,0
13838,2
13839,4
13840,3
13841,4
13842,2
13843,2
13844,2
13845,2
13846,4
13847,2
13848,2
13849,2
13850,4
13851,4
13852,4
13853,4
13854,4
13855,3
13856,3
13857,4
13858,4
13859,2
13860,2
13861,4
13862,4
13863,2
13864,2
13865,2
13866,2
13867,3
13868,2
13869,2
13870,2
13871,0
13872,3
13873,5
13874,2
13875,5
13876,5
13877,2
13878,2
13879,2
13880,2
13881,2
13882,0
13883,2
13884,4
13885,2
13886,4
13887,2
13888,2
13889,2
13890,2
13891,2
13892,2
13893,2
13894,4
13895,2
13896,4
13897,1
13898,2
13899,2
13900,2
13901,2
13902,2
13903,4
13904,2
13905,2
13906,2
13907,2
13908,2
13909,0
13910,2
13911,2
13912,2
13913,2
13914,2
13915,2
13916,2
13917,2
13918,2
13919,2
13920,2
13921,3
13922,4
13923,4
13924,4
13925,4
13926,3
13927,4
13928,4
13929,4
13930,4
13931,2
13932,2
13933,3
13934,0
13935,2
13936,2
13937,2
13938,2
13939,3
13940,4
13941,4
13942,4
13943,4
13944,2
13945,2
13946,0
13947,4
13948,4
13949,4
13950,0
13951,4
13952,4
13953,0
13954,2
13955,2
13956,2
13957,2
13958,2
13959,4
13960,2
13961,2
13962,2
13963,2
13964,2
13965,2
13966,2
13967,2
13968,2
13969,2
13970,2
13971,2
13972,2
13973,2
13974,2
13975,2
13976,4
13977,4
13978,2
13979,2
13980,2
13981,2
13982,2
13983,2
13984,2
13985,2
13986,2
13987,4
13988,2
13989,4
13990,2
13991,2
13992,2
13993,2
13994,2
13995,2
13996,2
13997,2
13998,2
13999,2
14000,2
14001,2
14002,2
14003,0
14004,0
14005,2
14006,2
14007,2
14008,0
14009,2
14010,0
14011,2
14012,0
14013,0
14014,2
14015,0
14016,0
14017,0
14018,0
14019,2
14020,0
14021,2
14022,2
14023,0
14024,2
14025,2
14026,2
14027,4
14028,2
14029,4
14030,2
14031,2
14032,2
14033,2
14034,2
14035,2
14036,2
14037,2
14038,2
14039,2
14040,4
14041,4
14042,2
14043,2
14044,2
14045,0
14046,0
14047,5
14048,0
14049,2
14050,2
14051,2
14052,2
14053,0
14054,0
14055,3
14056,2
14057,3
14058,4
14059,2
14060,3
14061,0
14062,0
14063,2
14064,2
14065,2
14066,2
14067,3
14068,2
14069,2
14070,2
14071,0
14072,4
14073,2
14074,3
14075,3
14076,4
14077,2
14078,2
14079,2
14080,2
14081,2
14082,2
14083,2
14084,2
14085,2
14086,2
14087,2
14088,2
14089,3
14090,4
14091,1
14092,4
14093,4
14094,4
14095,5
14096,4
14097,3
14098,2
14099,4
14100,4
14101,0
14102,0
14103,0
14104,0
14105,4
14106,0
14107,4
14108,2
14109,4
14110,5
14111,2
14112,5
14113,2
14114,2
14115,4
14116,4
14117,4
14118,0
14119,4
14120,2
14121,4
14122,0
14123,3
14124,0
14125,4
14126,2
14127,2
14128,3
14129,2
14130,4
14131,5
14132,4
14133,4
14134,4
14135,4
14136,3
14137,2
14138,2
14139,2
14140,2
14141,3
14142,3
14143,3
14144,4
14145,3
14146,2
14147,2
14148,4
14149,4
14150,2
14151,4
14152,4
14153,4
14154,4
14155,0
14156,3
14157,4
14158,4
14159,3
14160,4
14161,2
14162,0
14163,2
14164,2
14165,2
14166,2
14167,2
14168,2
14169,4
14170,3
14171,4
14172,0
14173,0
14174,4
14175,2
14176,2
14177,4
14178,4
14179,3
14180,5
14181,2
14182,0
14183,2
14184,2
14185,2
14186,2
14187,2
14188,2
14189,2
14190,2
14191,2
14192,0
14193,0
14194,2
14195,2
14196,2
14197,3
14198,0
14199,5
14200,0
14201,2
14202,2
14203,2
14204,2
14205,5
14206,0
14207,2
14208,5
14209,0
14210,2
14211,0
14212,2
14213,0
14214,5
14215,4
14216,4
14217,0
14218,2
14219,2
14220,2
14221,2
14222,2
14223,2
14224,2
14225,2
14226,2
14227,2
14228,2
14229,2
14230,2
14231,4
14232,2
14233,0
14234,2
14235,2
14236,2
14237,5
14238,1
14239,0
14240,5
14241,0
14242,2
14243,2
14244,2
14245,2
14246,2
14247,5
14248,3
14249,2
14250,2
14251,2
14252,2
14253,2
14254,4
14255,2
14256,2
14257,2
14258,2
14259,2
14260,2
14261,2
14262,2
14263,2
14264,2
14265,2
14266,2
14267,2
14268,2
14269,2
14270,2
14271,2
14272,2
14273,2
14274,2
14275,5
14276,2
14277,4
14278,2
14279,2
14280,2
14281,4
14282,2
14283,2
14284,2
14285,2
14286,2
14287,2
14288,4
14289,2
14290,0
14291,2
14292,4
14293,4
14294,1
14295,2
14296,5
14297,2
14298,2
14299,2
14300,2
14301,2
14302,2
14303,5
14304,5
14305,5
14306,0
14307,0
14308,0
14309,2
14310,2
14311,2
14312,2
14313,2
14314,2
14315,2
14316,2
14317,2
14318,2
14319,2
14320,4
14321,4
14322,2
14323,2
14324,2
14325,2
14326,2
14327,5
14328,2
14329,2
14330,2
14331,2
14332,2
14333,2
14334,0
14335,2
14336,2
14337,2
14338,2
14339,2
14340,2
14341,2
14342,2
14343,5
14344,5
14345,2
14346,4
14347,5
14348,5
14349,2
14350,2
14351,5
14352,5
14353,0
14354,0
14355,0
14356,0
14357,0
14358,0
14359,0
14360,5
14361,2
14362,0
14363,4
14364,0
14365,4
14366,4
14367,1
14368,5
14369,2
14370,2
14371,2
14372,4
14373,2
14374,2
14375,2
14376,2
14377,2
14378,5
14379,2
14380,1
14381,2
14382,2
14383,2
14384,2
14385,0
14386,2
14387,2
14388,2
14389,2
14390,2
14391,0
14392,2
14393,2
14394,2
14395,2
14396,2
14397,2
14398,2
14399,5
14400,5
14401,0
14402,2
14403,0
14404,2
14405,0
14406,2
14407,4
14408,2
14409,0
14410,4
14411,2
14412,2
14413,2
14414,4
14415,5
14416,0
14417,2
14418,5
14419,5
14420,2
14421,0
14422,0
14423,2
14424,2
14425,5
14426,2
14427,2
14428,2
14429,2
14430,2
14431,2
14432,2
14433,0
14434,2
14435,4
14436,2
14437,2
14438,2
14439,2
14440,0
14441,0
14442,2
14443,2
14444,2
14445,2
14446,5
14447,2
14448,2
14449,5
14450,1
14451,0
14452,3
14453,5
14454,5
14455,4
14456,4
14457,0
14458,2
14459,2
14460,0
14461,2
14462,0
14463,0
14464,2
14465,3
14466,0
14467,0
14468,2
14469,2
14470,2
14471,2
14472,0
14473,4
14474,0
14475,0
14476,0
14477,0
14478,0
14479,2
14480,2
14481,2
14482,2
14483,0
14484,0
14485,2
14486,2
14487,2
14488,2
14489,0
14490,2
14491,2
14492,2
14493,4
14494,4
14495,0
14496,0
14497,0
14498,2
14499,2
14500,2
14501,2
14502,2
14503,2
14504,2
14505,2
14506,4
14507,4
14508,0
14509,2
14510,2
14511,4
14512,2
14513,2
14514,2
14515,2
14516,4
14517,0
14518,4
14519,2
14520,2
14521,2
14522,1
14523,4
14524,5
14525,0
14526,5
14527,5
14528,1
14529,0
14530,0
14531,2
14532,0
14533,1
14534,2
14535,5
14536,2
14537,2
14538,4
14539,2
14540,2
14541,2
14542,2
14543,2
14544,2
14545,2
14546,2
14547,2
14548,2
14549,0
14550,1
14551,5
14552,2
14553,2
14554,4
14555,2
14556,2
14557,0
14558,2
14559,5
14560,4
14561,0
14562,0
14563,5
14564,0
14565,5
14566,5
14567,2
14568,1
14569,1
14570,4
14571,2
14572,1
14573,0
14574,2
14575,1
14576,1
14577,5
14578,4
14579,2
14580,0
14581,2
14582,2
14583,2
14584,4
14585,2
14586,2
14587,0
14588,2
14589,2
14590,4
14591,2
14592,2
14593,2
14594,4
14595,5
14596,2
14597,2
14598,2
14599,4
14600,4
14601,5
14602,0
14603,2
14604,2
14605,2
14606,2
14607,2
14608,2
14609,1
14610,0
14611,0
14612,2
14613,5
14614,0
14615,2
14616,0
14617,2
14618,2
14619,2
14620,2
14621,2
14622,0
14623,2
14624,2
14625,5
14626,2
14627,2
14628,0
14629,2
14630,2
14631,2
14632,0
14633,2
14634,2
14635,5
14636,5
14637,1
14638,5
14639,4
14640,0
14641,2
14642,4
14643,4
14644,5
14645,5
14646,4
14647,2
14648,2
14649,3
14650,4
14651,5
14652,5
14653,5
14654,5
14655,5
14656,5
14657,0
14658,5
14659,0
14660,1
14661,5
14662,5
14663,5
14664,0
14665,5
14666,4
14667,3
14668,3
14669,3
14670,5
14671,2
14672,2
14673,4
14674,5
14675,4
14676,1
14677,5
14678,5
14679,1
14680,0
14681,4
14682,0
14683,0
14684,0
14685,2
14686,3
14687,5
14688,2
14689,5
14690,3
14691,4
14692,2
14693,5
14694,4
14695,4
14696,5
14697,4
14698,5
14699,2
14700,5
14701,4
14702,2
14703,4
14704,0
14705,2
14706,2
14707,2
14708,5
14709,0
14710,2
14711,2
14712,0
14713,0
14714,5
14715,5
14716,2
14717,0
14718,0
14719,0
14720,4
14721,5
14722,2
14723,2
14724,0
14725,5
14726,0
14727,0
14728,4
14729,2
14730,2
14731,2
14732,0
14733,2
14734,2
14735,0
14736,0
14737,0
14738,2
14739,2
14740,5
14741,1
14742,2
14743,0
14744,4
14745,5
14746,2
14747,2
14748,0
14749,0
14750,2
14751,5
14752,2
14753,0
14754,0
14755,0
14756,0
14757,0
14758,2
14759,3
14760,3
14761,2
14762,0
14763,0
14764,0
14765,4
14766,4
14767,5
14768,5
14769,4
14770,5
14771,5
14772,0
14773,2
14774,5
14775,2
14776,2
14777,2
14778,2
14779,5
14780,0
14781,4
14782,2
14783,4
14784,2
14785,2
14786,5
14787,2
14788,4
14789,0
14790,1
14791,5
14792,5
14793,4
14794,5
14795,0
14796,2
14797,5
14798,0
14799,4
14800,0
14801,0
14802,5
14803,2
14804,5
14805,5
14806,5
14807,5
14808,5
14809,5
14810,2
14811,5
14812,2
14813,0
14814,4
14815,0
14816,0
14817,0
14818,0
14819,0
14820,5
14821,5
14822,5
14823,5
14824,5
14825,5
14826,4
14827,4
14828,5
14829,2
14830,2
14831,5
14832,2
14833,2
14834,2
14835,2
14836,4
14837,4
14838,2
14839,2
14840,5
14841,4
14842,2
14843,2
14844,2
14845,2
14846,2
14847,2
14848,5
14849,0
14850,2
14851,2
14852,2
14853,2
14854,2
14855,2
14856,2
14857,2
14858,2
14859,2
14860,2
14861,2
14862,5
14863,5
14864,5
14865,0
14866,4
14867,4
14868,2
14869,4
14870,2
14871,3
14872,0
14873,2
14874,2
14875,0
14876,4
14877,4
14878,0
14879,4
14880,2
14881,2
14882,0
14883,2
14884,4
14885,0
14886,5
14887,0
14888,0
14889,4
14890,0
14891,2
14892,2
14893,2
14894,2
14895,2
14896,0
14897,2
14898,2
14899,4
14900,4
14901,2
14902,0
14903,0
14904,0
14905,5
14906,2
14907,4
14908,0
14909,2
14910,4
14911,4
14912,0
14913,4
14914,0
14915,0
14916,5
14917,0
14918,0
14919,0
14920,0
14921,2
14922,2
14923,2
14924,0
14925,4
14926,2
14927,4
14928,4
14929,4
14930,2
14931,2
14932,2
14933,0
14934,2
14935,5
14936,0
14937,2
14938,1
14939,2
14940,2
14941,2
14942,2
14943,4
14944,2
14945,0
14946,5
14947,2
14948,4
14949,0
14950,0
14951,2
14952,0
14953,0
14954,2
14955,0
14956,0
14957,0
14958,2
14959,2
14960,2
14961,2
14962,2
14963,0
14964,2
14965,0
14966,2
14967,0
14968,2
14969,2
14970,2
14971,2
14972,0
14973,2
14974,0
14975,0
14976,2
14977,2
14978,2
14979,0
14980,2
14981,2
14982,2
14983,2
14984,4
14985,2
14986,0
14987,2
14988,2
14989,0
14990,4
14991,0
14992,2
14993,2
14994,2
14995,0
14996,2
14997,2
14998,2
14999,2
15000,2
15001,2
15002,2
15003,0
15004,0
15005,4
15006,2
15007,2
15008,0
15009,2
15010,2
15011,0
15012,2
15013,2
15014,2
15015,5
15016,0
15017,2
15018,2
15019,0
15020,0
15021,0
15022,4
15023,2
15024,0
15025,0
15026,0
15027,0
15028,0
15029,0
15030,2
15031,0
15032,0
15033,0
15034,0
15035,2
15036,4
15037,2
15038,3
15039,3
15040,4
15041,0
15042,0
15043,0
15044,0
15045,5
15046,4
15047,0
15048,2
15049,5
15050,0
15051,2
15052,0
15053,0
15054,2
15055,2
15056,2
15057,0
15058,5
15059,2
15060,0
15061,2
15062,2
15063,2
15064,2
15065,2
15066,2
15067,2
15068,2
15069,4
15070,2
15071,5
15072,4
15073,4
15074,5
15075,2
15076,5
15077,4
15078,2
15079,0
15080,0
15081,1
15082,3
15083,2
15084,2
15085,4
15086,4
15087,1
15088,5
15089,4
15090,5
15091,5
15092,5
15093,5
15094,4
15095,5
15096,5
15097,5
15098,5
15099,5
15100,5
15101,5
15102,5
15103,5
15104,5
15105,5
15106,5
15107,2
15108,0
15109,2
15110,4
15111,0
15112,2
15113,2
15114,0
15115,2
15116,2
15117,4
15118,4
15119,2
15120,5
15121,2
15122,5
15123,2
15124,4
15125,2
15126,0
15127,2
15128,1
15129,4
15130,4
15131,2
15132,2
15133,2
15134,2
15135,2
15136,2
15137,2
15138,2
15139,5
15140,2
15141,2
15142,2
15143,2
15144,2
15145,4
15146,5
15147,2
15148,2
15149,5
15150,2
15151,2
15152,4
15153,2
15154,2
15155,2
15156,2
15157,2
15158,2
15159,3
15160,3
15161,4
15162,2
15163,3
15164,2
15165,5
15166,2
15167,2
15168,4
15169,2
15170,2
15171,0
15172,0
15173,2
15174,2
15175,2
15176,4
15177,2
15178,2
15179,2
15180,2
15181,2
15182,2
15183,2
15184,2
15185,2
15186,3
15187,2
15188,5
15189,5
15190,3
15191,2
15192,2
15193,2
15194,2
15195,2
15196,2
15197,2
15198,2
15199,2
15200,5
15201,2
15202,5
15203,0
15204,2
15205,2
15206,2
15207,2
15208,0
15209,2
15210,2
15211,2
15212,2
15213,2
15214,2
15215,0
15216,2
15217,2
15218,0
15219,2
15220,5
15221,2
15222,2
15223,3
15224,2
15225,2
15226,2
15227,2
15228,2
15229,2
15230,2
15231,2
15232,2
15233,2
15234,0
15235,2
15236,2
15237,2
15238,2
15239,3
15240,2
15241,2
15242,5
15243,2
15244,5
15245,2
15246,0
15247,5
15248,2
15249,2
15250,2
15251,2
15252,2
15253,2
15254,2
15255,2
15256,2
15257,2
15258,2
15259,2
15260,2
15261,2
15262,2
15263,2
15264,2
15265,5
15266,2
15267,2
15268,2
15269,2
15270,2
15271,2
15272,2
15273,2
15274,2
15275,2
15276,2
15277,2
15278,2
15279,2
15280,2
15281,2
15282,0
15283,5
15284,0
15285,0
15286,2
15287,2
15288,2
15289,2
15290,2
15291,2
15292,2
15293,2
15294,2
15295,5
15296,0
15297,0
15298,0
15299,0
15300,1
15301,0
15302,0
15303,0
15304,0
15305,0
15306,0
15307,0
15308,0
15309,0
15310,2
15311,2
15312,0
15313,2
15314,0
15315,0
15316,3
15317,0
15318,0
15319,5
15320,4
15321,5
15322,1
15323,1
15324,4
15325,4
15326,1
15327,1
15328,4
15329,0
15330,2
15331,1
15332,5
15333,1
15334,5
15335,2
15336,5
15337,1
15338,1
15339,5
15340,5
15341,5
15342,5
15343,5
15344,5
15345,4
15346,1
15347,5
15348,5
15349,5
15350,4
15351,5
15352,5
15353,5
15354,2
15355,2
15356,1
15357,0
15358,0
15359,2
15360,2
15361,5
15362,2
15363,2
15364,2
15365,2
15366,2
15367,2
15368,2
15369,2
15370,2
15371,2
15372,2
15373,2
15374,2
15375,2
15376,2
15377,2
15378,2
15379,2
15380,2
15381,2
15382,0
15383,2
15384,2
15385,2
15386,2
15387,2
15388,2
15389,2
15390,2
15391,2
15392,2
15393,2
15394,2
15395,2
15396,2
15397,2
15398,2
15399,0
15400,2
15401,0
15402,2
15403,2
15404,2
15405,2
15406,2
15407,2
15408,0
15409,0
15410,1
15411,1
15412,0
15413,2
15414,0
15415,2
15416,2
15417,2
15418,0
15419,2
15420,2
15421,3
15422,2
15423,2
15424,2
15425,2
15426,0
15427,2
15428,2
15429,2
15430,1
15431,2
15432,0
15433,0
15434,1
15435,2
15436,2
15437,2
15438,3
15439,2
15440,2
15441,3
15442,2
15443,2
15444,2
15445,2
15446,2
15447,0
15448,2
15449,2
15450,1
15451,2
15452,2
15453,2
15454,0
15455,0
15456,0
15457,2
15458,2
15459,2
15460,2
15461,0
15462,2
15463,0
15464,0
15465,3
15466,0
15467,2
15468,3
15469,2
15470,2
15471,3
15472,3
15473,3
15474,3
15475,0
15476,2
15477,2
15478,2
15479,2
15480,3
15481,1
15482,2
15483,2
15484,2
15485,2
15486,2
15487,2
15488,2
15489,2
15490,2
15491,3
15492,2
15493,3
15494,2
15495,2
15496,2
15497,2
15498,2
15499,2
15500,2
15501,3
15502,2
15503,3
15504,3
15505,0
15506,2
15507,2
15508,2
15509,0
15510,0
15511,0
15512,3
15513,0
15514,0
15515,0
15516,0
15517,3
15518,2
15519,2
15520,2
15521,2
15522,2
15523,2
15524,0
15525,2
15526,0
15527,1
15528,1
15529,3
15530,2
15531,2
15532,2
15533,2
15534,1
15535,0
15536,2
15537,2
15538,3
15539,0
15540,2
15541,3
15542,3
15543,2
15544,2
15545,3
15546,2
15547,1
15548,3
15549,2
15550,3
15551,3
15552,1
15553,3
15554,2
15555,2
15556,2
15557,1
15558,2
15559,2
15560,2
15561,2
15562,3
15563,3
15564,2
15565,2
15566,2
15567,2
15568,3
15569,2
15570,2
15571,2
15572,2
15573,2
15574,2
15575,2
15576,2
15577,3
15578,1
15579,3
15580,2
15581,2
15582,2
15583,0
15584,0
15585,2
15586,2
15587,3
15588,0
15589,0
15590,0
15591,0
15592,0
15593,0
15594,0
15595,2
15596,2
15597,2
15598,2
15599,3
15600,0
15601,0
15602,0
15603,3
15604,3
15605,2
15606,2
15607,3
15608,3
15609,2
15610,2
15611,2
15612,2
15613,2
15614,3
15615,2
15616,2
15617,2
15618,2
15619,2
15620,2
15621,2
15622,2
15623,2
15624,2
15625,2
15626,3
15627,2
15628,1
15629,2
15630,2
15631,0
15632,0
15633,0
15634,2
15635,0
15636,0
15637,0
15638,0
15639,2
15640,2
15641,2
15642,3
15643,2
15644,2
15645,2
15646,2
15647,2
15648,2
15649,2
15650,0
15651,0
15652,0
15653,0
15654,0
15655,1
15656,3
15657,2
15658,1
15659,2
15660,0
15661,1
15662,0
15663,0
15664,2
15665,0
15666,1
15667,0
15668,0
15669,0
15670,2
15671,0
15672,1
15673,3
15674,2
15675,1
15676,1
15677,3
15678,1
15679,2
15680,0
15681,0
15682,0
15683,2
15684,0
15685,0
15686,0
15687,2
15688,0
15689,2
15690,0
15691,0
15692,0
15693,0
15694,0
15695,0
15696,5
15697,0
15698,0
15699,0
15700,0
15701,0
15702,0
15703,0
15704,0
15705,1
15706,2
15707,2
15708,2
15709,1
15710,3
15711,2
15712,1
15713,0
15714,2
15715,2
15716,2
15717,3
15718,3
15719,3
15720,1
15721,0
15722,1
15723,3
15724,2
15725,0
15726,0
15727,0
15728,0
15729,1
15730,2
15731,2
15732,2
15733,2
15734,4
15735,3
15736,0
15737,0
15738,3
15739,3
15740,0
15741,0
15742,0
15743,3
15744,1
15745,0
15746,3
15747,1
15748,0
15749,0
15750,0
15751,0
15752,0
15753,3
15754,0
15755,3
15756,0
15757,3
15758,0
15759,2
15760,2
15761,2
15762,2
15763,2
15764,2
15765,5
15766,2
15767,5
15768,3
15769,3
15770,3
15771,2
15772,3
15773,3
15774,0
15775,0
15776,3
15777,1
15778,0
15779,1
15780,2
15781,2
15782,3
15783,2
15784,1
15785,2
15786,1
15787,3
15788,2
15789,3
15790,3
15791,3
15792,3
15793,2
15794,3
15795,3
15796,2
15797,1
15798,3
15799,3
15800,3
15801,2
15802,1
15803,3
15804,1
15805,1
15806,2
15807,2
15808,3
15809,1
15810,2
15811,2
15812,2
15813,2
15814,1
15815,2
15816,3
15817,3
15818,3
15819,3
15820,3
15821,1
15822,3
15823,2
15824,1
15825,2
15826,2
15827,2
15828,2
15829,2
15830,2
15831,2
15832,2
15833,2
15834,2
15835,2
15836,1
15837,2
15838,1
15839,1
15840,2
15841,3
15842,2
15843,3
15844,3
15845,2
15846,1
15847,1
15848,2
15849,2
15850,2
15851,1
15852,2
15853,2
15854,2
15855,2
15856,3
15857,1
15858,2
15859,1
15860,3
15861,2
15862,2
15863,3
15864,2
15865,2
15866,2
15867,2
15868,2
15869,1
15870,0
15871,2
15872,2
15873,2
15874,0
15875,0
15876,0
15877,0
15878,0
15879,5
15880,2
15881,2
15882,0
15883,0
15884,0
15885,0
15886,2
15887,2
15888,0
15889,0
15890,0
15891,0
15892,2
15893,0
15894,0
15895,0
15896,0
15897,2
15898,2
15899,2
15900,2
15901,2
15902,3
15903,2
15904,2
15905,2
15906,0
15907,2
15908,2
15909,2
15910,2
15911,1
15912,3
15913,0
15914,2
15915,2
15916,2
15917,2
15918,2
15919,3
15920,2
15921,2
15922,2
15923,0
15924,3
15925,2
15926,0
15927,0
15928,5
15929,2
15930,0
15931,0
15932,2
15933,2
15934,2
15935,2
15936,2
15937,2
15938,0
15939,0
15940,2
15941,2
15942,2
15943,2
15944,5
15945,0
15946,2
15947,2
15948,2
15949,2
15950,2
15951,2
15952,1
15953,2
15954,2
15955,2
15956,2
15957,2
15958,2
15959,2
15960,2
15961,2
15962,0
15963,2
15964,2
15965,0
15966,2
15967,2
15968,2
15969,0
15970,2
15971,5
15972,0
15973,2
15974,2
15975,0
15976,2
15977,2
15978,2
15979,2
15980,2
15981,2
15982,5
15983,2
15984,2
15985,0
15986,2
15987,0
15988,0
15989,0
15990,2
15991,2
15992,2
15993,2
15994,2
15995,2
15996,2
15997,0
15998,2
15999,2
16000,0
16001,1
16002,3
16003,2
16004,2
16005,2
16006,2
16007,2
16008,2
16009,2
16010,2
16011,0
16012,2
16013,2
16014,2
16015,2
16016,2
16017,2
16018,2
16019,2
16020,2
16021,2
16022,2
16023,2
16024,1
16025,2
16026,2
16027,2
16028,2
16029,2
16030,2
16031,2
16032,2
16033,2
16034,2
16035,2
16036,2
16037,2
16038,2
16039,0
16040,2
16041,2
16042,2
16043,2
16044,2
16045,2
16046,2
16047,2
16048,2
16049,2
16050,2
16051,2
16052,2
16053,2
16054,2
16055,2
16056,2
16057,2
16058,2
16059,2
16060,2
16061,2
16062,2
16063,2
16064,2
16065,2
16066,2
16067,2
16068,2
16069,2
16070,2
16071,2
16072,2
16073,2
16074,2
16075,2
16076,2
16077,2
16078,2
16079,2
16080,2
16081,2
16082,2
16083,2
16084,2
16085,2
16086,2
16087,2
16088,2
16089,2
16090,2
16091,2
16092,2
16093,5
16094,2
16095,2
16096,2
16097,2
16098,2
16099,2
16100,2
16101,2
16102,2
16103,2
16104,2
16105,2
16106,2
16107,2
16108,2
16109,2
16110,2
16111,2
16112,2
16113,2
16114,2
16115,2
16116,2
16117,2
16118,2
16119,2
16120,2
16121,2
16122,2
16123,2
16124,2
16125,2
16126,2
16127,0
16128,2
16129,2
16130,2
16131,2
16132,2
16133,2
16134,2
16135,2
16136,2
16137,2
16138,2
16139,2
16140,2
16141,2
16142,1
16143,2
16144,2
16145,2
16146,2
16147,2
16148,2
16149,2
16150,2
16151,2
16152,2
16153,2
16154,2
16155,0
16156,2
16157,2
16158,2
16159,0
16160,2
16161,2
16162,2
16163,2
16164,2
16165,2
16166,2
16167,2
16168,1
16169,2
16170,2
16171,2
16172,2
16173,2
16174,2
16175,2
16176,2
16177,2
16178,2
16179,2
16180,2
16181,2
16182,2
16183,2
16184,2
16185,2
16186,2
16187,2
16188,2
16189,2
16190,2
16191,2
16192,2
16193,0
16194,2
16195,2
16196,2
16197,2
16198,2
16199,2
16200,2
16201,2
16202,2
16203,3
16204,2
16205,2
16206,2
16207,2
16208,2
16209,2
16210,2
16211,2
16212,2
16213,2
16214,2
16215,0
16216,2
16217,2
16218,2
16219,2
16220,2
16221,2
16222,2
16223,2
16224,2
16225,2
16226,2
16227,2
16228,2
16229,2
16230,2
16231,2
16232,2
16233,2
16234,2
16235,2
16236,2
16237,2
16238,2
16239,2
16240,2
16241,2
16242,2
16243,0
16244,2
16245,2
16246,2
16247,0
16248,2
16249,2
16250,2
16251,2
16252,2
16253,2
16254,2
16255,2
16256,2
16257,2
16258,2
16259,2
16260,2
16261,2
16262,3
16263,2
16264,2
16265,0
16266,2
16267,2
16268,2
16269,2
16270,2
16271,2
16272,2
16273,3
16274,0
16275,2
16276,2
16277,0
16278,2
16279,2
16280,2
16281,2
16282,2
16283,2
16284,2
16285,3
16286,0
16287,2
16288,2
16289,2
16290,2
16291,2
16292,2
16293,2
16294,2
16295,2
16296,2
16297,2
16298,2
16299,2
16300,2
16301,2
16302,2
16303,2
16304,2
16305,2
16306,2
16307,2
16308,2
16309,2
16310,2
16311,2
16312,2
16313,2
16314,2
16315,2
16316,2
16317,2
16318,2
16319,2
16320,2
16321,2
16322,2
16323,2
16324,2
16325,2
16326,2
16327,2
16328,2
16329,2
16330,0
16331,2
16332,2
16333,2
16334,2
16335,2
16336,2
16337,2
16338,2
16339,2
16340,2
16341,2
16342,2
16343,2
16344,2
16345,2
16346,2
16347,2
16348,2
16349,3
16350,2
16351,2
16352,2
16353,0
16354,0
16355,2
16356,2
16357,2
16358,0
16359,5
16360,5
16361,0
16362,2
16363,2
16364,3
16365,5
16366,0
16367,0
16368,1
16369,3
16370,3
16371,2
16372,3
16373,5
16374,0
16375,0
16376,1
16377,0
16378,2
16379,2
16380,2
16381,2
16382,2
16383,0
16384,2
16385,2
16386,2
16387,0
16388,2
16389,0
16390,2
16391,0
16392,2
16393,3
16394,3
16395,2
16396,2
16397,2
16398,2
16399,0
16400,0
16401,2
16402,2
16403,2
16404,3
16405,0
16406,2
16407,2
16408,2
16409,2
16410,0
16411,3
16412,2
16413,2
16414,1
16415,2
16416,1
16417,2
16418,2
16419,2
16420,0
16421,2
16422,0
16423,2
16424,2
16425,2
16426,2
16427,2
16428,2
16429,2
16430,0
16431,0
16432,2
16433,2
16434,2
16435,1
16436,2
16437,2
16438,2
16439,2
16440,2
16441,2
16442,2
16443,2
16444,2
16445,0
16446,3
16447,2
16448,2
16449,2
16450,2
16451,0
16452,2
16453,0
16454,0
16455,1
16456,3
16457,0
16458,0
16459,0
16460,2
16461,3
16462,3
16463,3
16464,2
16465,2
16466,2
16467,2
16468,2
16469,0
16470,0
16471,2
16472,2
16473,1
16474,0
16475,0
16476,0
16477,0
16478,0
16479,1
16480,0
16481,0
16482,2
16483,0
16484,2
16485,2
16486,2
16487,3
16488,3
16489,2
16490,2
16491,2
16492,2
16493,2
16494,2
16495,2
16496,2
16497,2
16498,2
16499,2
16500,2
16501,2
16502,2
16503,2
16504,2
16505,2
16506,2
16507,2
16508,2
16509,2
16510,0
16511,2
16512,5
16513,2
16514,2
16515,2
16516,2
16517,2
16518,5
16519,5
16520,2
16521,0
16522,2
16523,0
16524,2
16525,2
16526,2
16527,2
16528,2
16529,2
16530,2
16531,2
16532,2
16533,2
16534,2
16535,2
16536,2
16537,2
16538,2
16539,2
16540,2
16541,2
16542,2
16543,2
16544,2
16545,2
16546,2
16547,2
16548,2
16549,2
16550,2
16551,2
16552,2
16553,2
16554,2
16555,2
16556,2
16557,2
16558,2
16559,2
16560,2
16561,2
16562,2
16563,2
16564,2
16565,2
16566,0
16567,2
16568,2
16569,2
16570,2
16571,0
16572,2
16573,2
16574,0
16575,2
16576,2
16577,2
16578,0
16579,2
16580,2
16581,0
16582,2
16583,2
16584,2
16585,2
16586,2
16587,2
16588,2
16589,2
16590,2
16591,2
16592,2
16593,2
16594,0
16595,0
16596,1
16597,5
16598,2
16599,2
16600,3
16601,2
16602,0
16603,0
16604,2
16605,2
16606,2
16607,2
16608,2
16609,2
16610,2
16611,2
16612,2
16613,2
16614,2
16615,2
16616,2
16617,2
16618,2
16619,2
16620,2
16621,2
16622,2
16623,2
16624,2
16625,2
16626,2
16627,0
16628,2
16629,2
16630,2
16631,2
16632,2
16633,2
16634,2
16635,2
16636,2
16637,2
16638,2
16639,2
16640,2
16641,2
16642,2
16643,2
16644,2
16645,2
16646,2
16647,2
16648,2
16649,2
16650,2
16651,2
16652,2
16653,2
16654,2
16655,2
16656,2
16657,2
16658,2
16659,2
16660,2
16661,2
16662,2
16663,2
16664,2
16665,2
16666,2
16667,2
16668,2
16669,2
16670,2
16671,2
16672,2
16673,2
16674,2
16675,2
16676,2
16677,2
16678,2
16679,2
16680,2
16681,2
16682,2
16683,2
16684,2
16685,0
16686,2
16687,2
16688,2
16689,2
16690,2
16691,2
16692,2
16693,2
16694,2
16695,2
16696,2
16697,2
16698,2
16699,2
16700,2
16701,2
16702,0
16703,2
16704,2
16705,2
16706,2
16707,2
16708,2
16709,2
16710,2
16711,2
16712,2
16713,2
16714,2
16715,2
16716,2
16717,2
16718,2
16719,2
16720,2
16721,2
16722,2
16723,2
16724,2
16725,2
16726,2
16727,2
16728,2
16729,2
16730,2
16731,5
16732,5
16733,2
16734,2
16735,2
16736,5
16737,2
16738,2
16739,2
16740,2
16741,5
16742,5
16743,2
16744,2
16745,2
16746,2
16747,2
16748,0
16749,2
16750,2
16751,2
16752,2
16753,2
16754,2
16755,2
16756,2
16757,2
16758,2
16759,0
16760,2
16761,2
16762,2
16763,0
16764,2
16765,2
16766,2
16767,2
16768,2
16769,2
16770,2
16771,2
16772,0
16773,3
16774,5
16775,2
16776,1
16777,2
16778,2
16779,2
16780,2
16781,2
16782,2
16783,1
16784,1
16785,1
16786,3
16787,1
16788,2
16789,2
16790,2
16791,2
16792,2
16793,3
16794,3
16795,2
16796,1
16797,2
16798,1
16799,3
16800,3
16801,3
16802,3
16803,3
16804,2
16805,2
16806,2
16807,5
16808,2
16809,2
16810,1
16811,2
16812,3
16813,2
16814,2
16815,1
16816,0
16817,3
16818,3
16819,1
16820,3
16821,1
16822,2
16823,2
16824,1
16825,2
16826,2
16827,2
16828,2
16829,2
16830,2
16831,3
16832,2
16833,1
16834,2
16835,1
16836,2
16837,3
16838,2
16839,3
16840,2
16841,2
16842,3
16843,2
16844,3
16845,2
16846,2
16847,2
16848,2
16849,2
16850,2
16851,2
16852,2
16853,2
16854,2
16855,3
16856,5
16857,3
16858,0
16859,3
16860,1
16861,0
16862,2
16863,2
16864,2
16865,0
16866,2
16867,3
16868,2
16869,0
16870,2
16871,1
16872,2
16873,2
16874,2
16875,2
16876,2
16877,2
16878,0
16879,0
16880,2
16881,2
16882,3
16883,2
16884,2
16885,2
16886,0
16887,2
16888,0
16889,0
16890,0
16891,3
16892,0
16893,2
16894,2
16895,0
16896,2
16897,2
16898,2
16899,5
16900,2
16901,0
16902,0
16903,0
16904,2
16905,2
16906,2
16907,2
16908,2
16909,3
16910,3
16911,2
16912,2
16913,3
16914,2
16915,5
16916,2
16917,0
16918,2
16919,2
16920,2
16921,2
16922,2
16923,2
16924,2
16925,2
16926,2
16927,2
16928,2
16929,2
16930,2
16931,0
16932,0
16933,5
16934,5
16935,5
16936,2
16937,3
16938,0
16939,0
16940,2
16941,2
16942,2
16943,2
16944,0
16945,2
16946,2
16947,2
16948,2
16949,2
16950,2
16951,2
16952,2
16953,2
16954,2
16955,2
16956,2
16957,2
16958,2
16959,2
16960,2
16961,0
16962,0
16963,2
16964,0
16965,2
16966,3
16967,0
16968,2
16969,2
16970,0
16971,0
16972,2
16973,0
16974,2
16975,0
16976,2
16977,2
16978,2
16979,0
16980,0
16981,2
16982,1
16983,2
16984,2
16985,2
16986,0
16987,2
16988,2
16989,2
16990,2
16991,2
16992,3
16993,2
16994,0
16995,2
16996,2
16997,2
16998,2
16999,2
17000,2
17001,3
17002,2
17003,2
17004,2
17005,5
17006,0
17007,0
17008,0
17009,2
17010,0
17011,2
17012,2
17013,2
17014,2
17015,2
17016,2
17017,2
17018,2
17019,2
17020,0
17021,2
17022,2
17023,2
17024,2
17025,0
17026,0
17027,2
17028,2
17029,0
17030,2
17031,2
17032,2
17033,2
17034,2
17035,2
17036,2
17037,0
17038,2
17039,2
17040,2
17041,2
17042,2
17043,2
17044,2
17045,2
17046,2
17047,2
17048,2
17049,2
17050,2
17051,2
17052,2
17053,2
17054,2
17055,2
17056,2
17057,2
17058,2
17059,2
17060,2
17061,2
17062,2
17063,2
17064,2
17065,2
17066,2
17067,2
17068,2
17069,2
17070,3
17071,0
17072,2
17073,0
17074,2
17075,2
17076,0
17077,5
17078,0
17079,2
17080,2
17081,0
17082,0
17083,0
17084,2
17085,2
17086,5
17087,5
17088,0
17089,3
17090,1
17091,2
17092,3
17093,2
17094,3
17095,2
17096,3
17097,0
17098,1
17099,1
17100,1
17101,2
17102,3
17103,3
17104,2
17105,2
17106,2
17107,3
17108,5
17109,5
17110,3
17111,3
17112,3
17113,2
17114,2
17115,1
17116,1
17117,1
17118,3
17119,0
17120,3
17121,2
17122,3
17123,3
17124,3
17125,2
17126,0
17127,1
17128,2
17129,3
17130,2
17131,1
17132,2
17133,3
17134,2
17135,2
17136,2
17137,2
17138,2
17139,3
17140,3
17141,3
17142,3
17143,3
17144,3
17145,4
17146,4
17147,3
17148,3
17149,3
17150,3
17151,3
17152,1
17153,3
17154,3
17155,3
17156,3
17157,0
17158,0
17159,0
17160,0
17161,3
17162,5
17163,0
17164,0
17165,0
17166,0
17167,0
17168,0
17169,0
17170,0
17171,3
17172,2
17173,0
17174,2
17175,2
17176,3
17177,2
17178,2
17179,0
17180,0
17181,0
17182,0
17183,2
17184,2
17185,0
17186,0
17187,2
17188,2
17189,2
17190,2
17191,0
17192,2
17193,2
17194,2
17195,2
17196,2
17197,2
17198,2
17199,0
17200,2
17201,0
17202,2
17203,2
17204,2
17205,2
17206,0
17207,0
17208,3
17209,2
17210,0
17211,2
17212,2
17213,1
17214,2
17215,2
17216,5
17217,2
17218,2
17219,0
17220,2
17221,2
17222,0
17223,2
17224,2
17225,2
17226,3
17227,2
17228,2
17229,3
17230,2
17231,2
17232,2
17233,2
17234,2
17235,2
17236,2
17237,2
17238,2
17239,2
17240,2
17241,3
17242,0
17243,2
17244,2
17245,2
17246,2
17247,2
17248,2
17249,2
17250,2
17251,0
17252,2
17253,3
17254,2
17255,2
17256,2
17257,2
17258,2
17259,2
17260,2
17261,2
17262,2
17263,2
17264,2
17265,2
17266,3
17267,0
17268,2
17269,2
17270,2
17271,2
17272,2
17273,2
17274,2
17275,2
17276,2
17277,2
17278,2
17279,2
17280,2
17281,2
17282,2
17283,3
17284,2
17285,2
17286,2
17287,2
17288,2
17289,2
17290,2
17291,2
17292,2
17293,3
17294,0
17295,2
17296,2
17297,2
17298,2
17299,2
17300,2
17301,2
17302,2
17303,2
17304,2
17305,2
17306,2
17307,2
17308,3
17309,2
17310,2
17311,2
17312,2
17313,2
17314,2
17315,2
17316,2
17317,2
17318,2
17319,2
17320,0
17321,2
17322,2
17323,3
17324,2
17325,0
17326,3
17327,0
17328,1
17329,2
17330,0
17331,0
17332,2
17333,0
17334,0
17335,0
17336,2
17337,2
17338,0
17339,2
17340,2
17341,2
17342,0
17343,2
17344,0
17345,3
17346,0
17347,3
17348,3
17349,3
17350,3
17351,3
17352,0
17353,0
17354,3
17355,3
17356,5
17357,3
17358,3
17359,3
17360,3
17361,3
17362,3
17363,5
17364,5
17365,3
17366,3
17367,5
17368,3
17369,3
17370,3
17371,3
17372,5
17373,5
17374,4
17375,3
17376,3
17377,2
17378,4
17379,2
17380,3
17381,2
17382,2
17383,2
17384,2
17385,2
17386,2
17387,0
17388,2
17389,2
17390,2
17391,2
17392,2
17393,3
17394,3
17395,3
17396,1
17397,1
17398,1
17399,1
17400,3
17401,3
17402,3
17403,1
17404,1
17405,1
17406,1
17407,3
17408,3
17409,3
17410,1
17411,1
17412,3
17413,1
17414,3
17415,1
17416,3
17417,2
17418,3
17419,0
17420,2
17421,0
17422,2
17423,3
17424,0
17425,3
17426,0
17427,0
17428,0
17429,0
17430,3
17431,2
17432,3
17433,3
17434,3
17435,3
17436,3
17437,2
17438,3
17439,3
17440,3
17441,0
17442,3
17443,2
17444,2
17445,3
17446,3
17447,2
17448,3
17449,2
17450,3
17451,2
17452,2
17453,2
17454,2
17455,3
17456,3
17457,2
17458,2
17459,2
17460,3
17461,1
17462,2
17463,3
17464,3
17465,3
17466,3
17467,3
17468,1
17469,3
17470,3
17471,1
17472,3
17473,3
17474,3
17475,3
17476,0
17477,3
17478,2
17479,3
17480,1
17481,3
17482,3
17483,3
17484,0
17485,3
17486,0
17487,2
17488,3
17489,3
17490,3
17491,2
17492,0
17493,3
17494,2
17495,2
17496,2
17497,2
17498,2
17499,2
17500,2
17501,5
17502,5
17503,2
17504,2
17505,2
17506,2
17507,2
17508,2
17509,0
17510,2
17511,2
17512,2
17513,2
17514,2
17515,2
17516,2
17517,2
17518,3
17519,5
17520,5
17521,4
17522,4
17523,1
17524,2
17525,2
17526,3
17527,3
17528,3
17529,0
17530,3
17531,3
17532,3
17533,3
17534,3
17535,2
17536,2
17537,0
17538,0
17539,0
17540,0
17541,3
17542,3
17543,2
17544,2
17545,2
17546,2
17547,3
17548,2
17549,2
17550,2
17551,3
17552,2
17553,4
17554,4
17555,4
17556,4
17557,4
17558,0
17559,2
17560,2
17561,4
17562,3
17563,0
17564,3
17565,3
17566,3
17567,2
17568,3
17569,0
17570,0
17571,0
17572,0
17573,2
17574,0
17575,0
17576,0
17577,0
17578,0
17579,0
17580,0
17581,0
17582,0
17583,3
17584,0
17585,2
17586,2
17587,2
17588,3
17589,3
17590,3
17591,3
17592,1
17593,2
17594,3
17595,2
17596,2
17597,3
17598,3
17599,4
17600,2
17601,4
17602,1
17603,3
17604,2
17605,4
17606,1
17607,3
17608,2
17609,4
17610,2
17611,2
17612,2
17613,3
17614,3
17615,3
17616,1
17617,2
17618,2
17619,3
17620,4
17621,4
17622,1
17623,4
17624,4
17625,1
17626,2
17627,3
17628,5
17629,2
17630,2
17631,2
17632,2
17633,2
17634,2
17635,2
17636,3
17637,3
17638,2
17639,1
17640,2
17641,4
17642,2
17643,2
17644,3
17645,3
17646,3
17647,3
17648,3
17649,0
17650,2
17651,4
17652,2
17653,2
17654,2
17655,2
17656,2
17657,1
17658,1
17659,2
17660,2
17661,1
17662,2
17663,2
17664,2
17665,2
17666,2
17667,2
17668,2
17669,2
17670,2
17671,2
17672,2
17673,2
17674,2
17675,2
17676,3
17677,0
17678,2
17679,0
17680,0
17681,3
17682,4
17683,3
17684,3
17685,2
17686,2
17687,4
17688,4
17689,4
17690,4
17691,1
17692,4
17693,2
17694,2
17695,3
17696,0
17697,2
17698,4
17699,3
17700,3
17701,2
17702,2
17703,2
17704,2
17705,4
17706,2
17707,0
17708,2
17709,2
17710,3
17711,2
17712,3
17713,2
17714,2
17715,2
17716,2
17717,2
17718,3
17719,3
17720,2
17721,3
17722,3
17723,2
17724,5
17725,4
17726,2
17727,2
17728,3
17729,3
17730,3
17731,3
17732,2
17733,2
17734,2
17735,2
17736,2
17737,2
17738,2
17739,2
17740,2
17741,5
17742,2
17743,2
17744,2
17745,2
17746,2
17747,2
17748,2
17749,2
17750,2
17751,2
17752,2
17753,3
17754,2
17755,2
17756,2
17757,2
17758,2
17759,3
17760,3
17761,2
17762,3
17763,4
17764,2
17765,3
17766,2
17767,1
17768,4
17769,2
17770,4
17771,4
17772,3
17773,3
17774,3
17775,0
17776,2
17777,2
17778,2
17779,2
17780,2
17781,3
17782,2
17783,3
17784,2
17785,2
17786,3
17787,4
17788,3
17789,3
17790,2
17791,2
17792,4
17793,2
17794,2
17795,1
17796,2
17797,2
17798,2
17799,2
17800,0
17801,0
17802,2
17803,0
17804,2
17805,2
17806,2
17807,2
17808,2
17809,4
17810,2
17811,0
17812,2
17813,2
17814,2
17815,2
17816,2
17817,2
17818,2
17819,2
17820,0
17821,0
17822,0
17823,0
17824,0
17825,2
17826,0
17827,2
17828,2
17829,0
17830,0
17831,2
17832,2
17833,0
17834,0
17835,0
17836,0
17837,2
17838,2
17839,2
17840,2
17841,2
17842,2
17843,2
17844,4
17845,2
17846,2
17847,2
17848,3
17849,3
17850,3
17851,5
17852,3
17853,2
17854,0
17855,2
17856,2
17857,2
17858,2
17859,0
17860,0
17861,2
17862,2
17863,2
17864,0
17865,2
17866,3
17867,3
17868,2
17869,0
17870,2
17871,2
17872,2
17873,2
17874,2
17875,2
17876,2
17877,2
17878,2
17879,2
17880,3
17881,2
17882,4
17883,2
17884,2
17885,2
17886,2
17887,2
17888,2
17889,2
17890,4
17891,4
17892,4
17893,4
17894,3
17895,2
17896,2
17897,4
17898,2
17899,2
17900,2
17901,2
17902,2
17903,2
17904,2
17905,2
17906,2
17907,4
17908,4
17909,3
17910,4
17911,3
17912,2
17913,2
17914,2
17915,2
17916,2
17917,0
17918,2
17919,2
17920,4
17921,2
17922,2
17923,2
17924,2
17925,4
17926,4
17927,2
17928,0
17929,2
17930,2
17931,2
17932,2
17933,2
17934,2
17935,2
17936,2
17937,2
17938,3
17939,2
17940,4
17941,2
17942,2
17943,4
17944,4
17945,2
17946,4
17947,2
17948,4
17949,3
17950,4
17951,2
17952,2
17953,2
17954,2
17955,4
17956,0
17957,2
17958,2
17959,4
17960,3
17961,2
17962,2
17963,4
17964,2
17965,2
17966,1
17967,4
17968,2
17969,2
17970,2
17971,2
17972,2
17973,4
17974,2
17975,4
17976,2
17977,4
17978,2
17979,2
17980,2
17981,4
17982,2
17983,4
17984,2
17985,2
17986,2
17987,2
17988,4
17989,2
17990,2
17991,2
17992,2
17993,2
17994,2
17995,2
17996,2
17997,2
17998,2
17999,2
18000,2
18001,2
18002,2
18003,2
18004,2
18005,2
18006,2
18007,2
18008,2
18009,2
18010,2
18011,2
18012,2
18013,2
18014,2
18015,2
18016,2
18017,2
18018,2
18019,2
18020,2
18021,2
18022,2
18023,2
18024,2
18025,0
18026,2
18027,2
18028,2
18029,4
18030,2
18031,2
18032,2
18033,2
18034,2
18035,2
18036,2
18037,2
18038,2
18039,2
18040,2
18041,0
18042,2
18043,2
18044,4
18045,4
18046,4
18047,2
18048,2
18049,2
18050,2
18051,2
18052,2
18053,2
18054,3
18055,3
18056,2
18057,2
18058,3
18059,2
18060,3
18061,2
18062,2
18063,2
18064,2
18065,2
18066,2
18067,2
18068,2
18069,3
18070,2
18071,2
18072,0
18073,0
18074,2
18075,2
18076,0
18077,0
18078,2
18079,4
18080,0
18081,2
18082,4
18083,4
18084,4
18085,2
18086,2
18087,4
18088,2
18089,0
18090,2
18091,2
18092,2
18093,0
18094,2
18095,2
18096,4
18097,4
18098,4
18099,2
18100,3
18101,3
18102,4
18103,2
18104,4
18105,2
18106,3
18107,0
18108,2
18109,0
18110,2
18111,2
18112,2
18113,2
18114,2
18115,2
18116,4
18117,2
18118,2
18119,2
18120,2
18121,2
18122,0
18123,3
18124,2
18125,4
18126,2
18127,4
18128,4
18129,4
18130,3
18131,2
18132,3
18133,5
18134,4
18135,2
18136,4
18137,2
18138,0
18139,2
18140,2
18141,2
18142,4
18143,4
18144,2
18145,4
18146,3
18147,2
18148,2
18149,2
18150,2
18151,2
18152,3
18153,0
18154,2
18155,3
18156,3
18157,3
18158,3
18159,2
18160,3
18161,4
18162,3
18163,3
18164,3
18165,4
18166,2
18167,2
18168,0
18169,2
18170,4
18171,2
18172,3
18173,4
18174,3
18175,3
18176,2
18177,2
18178,2
18179,3
18180,3
18181,4
18182,3
18183,2
18184,4
18185,3
18186,3
18187,2
18188,3
18189,4
18190,2
18191,2
18192,2
18193,4
18194,2
18195,2
18196,2
18197,2
18198,2
18199,2
18200,2
18201,2
18202,2
18203,2
18204,2
18205,4
18206,4
18207,0
18208,3
18209,3
18210,2
18211,2
18212,2
18213,4
18214,2
18215,2
18216,2
18217,2
18218,3
18219,2
18220,4
18221,2
18222,2
18223,3
18224,2
18225,2
18226,4
18227,2
18228,2
18229,2
18230,2
18231,2
18232,2
18233,2
18234,2
18235,2
18236,2
18237,2
18238,4
18239,2
18240,2
18241,2
18242,3
18243,2
18244,2
18245,2
18246,4
18247,4
18248,2
18249,2
18250,2
18251,2
18252,2
18253,2
18254,0
18255,2
18256,2
18257,2
18258,2
18259,2
18260,2
18261,2
18262,2
18263,2
18264,2
18265,2
18266,4
18267,2
18268,2
18269,3
18270,2
18271,2
18272,2
18273,2
18274,2
18275,2
18276,2
18277,2
18278,3
18279,2
18280,2
18281,2
18282,2
18283,4
18284,0
18285,2
18286,2
18287,2
18288,2
18289,4
18290,2
18291,2
18292,2
18293,2
18294,2
18295,4
18296,2
18297,2
18298,0
18299,2
18300,2
18301,2
18302,2
18303,2
18304,2
18305,2
18306,2
18307,2
18308,2
18309,2
18310,2
18311,3
18312,3
18313,4
18314,4
18315,4
18316,4
18317,4
18318,2
18319,4
18320,2
18321,3
18322,4
18323,4
18324,3
18325,4
18326,2
18327,4
18328,2
18329,3
18330,2
18331,2
18332,2
18333,2
18334,2
18335,2
18336,2
18337,4
18338,2
18339,2
18340,2
18341,2
18342,2
18343,2
18344,2
18345,2
18346,2
18347,2
18348,2
18349,2
18350,2
18351,2
18352,2
18353,2
18354,2
18355,2
18356,2
18357,2
18358,2
18359,4
18360,4
18361,4
18362,4
18363,4
18364,4
18365,4
18366,4
18367,4
18368,4
18369,4
18370,4
18371,4
18372,4
18373,4
18374,4
18375,4
18376,4
18377,4
18378,4
18379,4
18380,3
18381,4
18382,2
18383,2
18384,2
18385,2
18386,2
18387,2
18388,2
18389,2
18390,2
18391,2
18392,2
18393,2
18394,4
18395,4
18396,4
18397,4
18398,4
18399,4
18400,4
18401,4
18402,4
18403,4
18404,4
18405,4
18406,4
18407,4
18408,2
18409,2
18410,3
18411,4
18412,4
18413,2
18414,2
18415,2
18416,4
18417,4
18418,4
18419,2
18420,4
18421,2
18422,2
18423,2
18424,2
18425,2
18426,2
18427,2
18428,2
18429,2
18430,2
18431,4
18432,3
18433,4
18434,3
18435,2
18436,2
18437,4
18438,2
18439,2
18440,2
18441,4
18442,4
18443,4
18444,2
18445,2
18446,4
18447,4
18448,4
18449,2
18450,2
18451,2
18452,2
18453,2
18454,4
18455,2
18456,4
18457,4
18458,4
18459,4
18460,4
18461,4
18462,2
18463,2
18464,2
18465,4
18466,4
18467,4
18468,2
18469,4
18470,4
18471,4
18472,3
18473,2
18474,2
18475,3
18476,2
18477,2
18478,2
18479,2
18480,2
18481,2
18482,2
18483,0
18484,2
18485,3
18486,3
18487,2
18488,3
18489,4
18490,4
18491,2
18492,2
18493,2
18494,2
18495,2
18496,2
18497,2
18498,2
18499,2
18500,2
18501,2
18502,4
18503,4
18504,2
18505,2
18506,4
18507,4
18508,4
18509,4
18510,2
18511,0
18512,4
18513,4
18514,3
18515,2
18516,2
18517,2
18518,2
18519,2
18520,4
18521,2
18522,4
18523,4
18524,2
18525,0
18526,2
18527,2
18528,2
18529,2
18530,2
18531,2
18532,2
18533,2
18534,2
18535,2
18536,2
18537,2
18538,4
18539,4
18540,4
18541,4
18542,2
18543,2
18544,4
18545,2
18546,4
18547,4
18548,4
18549,4
18550,2
18551,3
18552,4
18553,2
18554,2
18555,4
18556,4
18557,4
18558,4
18559,2
18560,2
18561,2
18562,2
18563,2
18564,2
18565,2
18566,2
18567,4
18568,4
18569,2
18570,2
18571,2
18572,4
18573,4
18574,4
18575,2
18576,4
18577,4
18578,4
18579,4
18580,2
18581,2
18582,3
18583,4
18584,4
18585,2
18586,2
18587,4
18588,4
18589,4
18590,4
18591,2
18592,2
18593,2
18594,2
18595,4
18596,4
18597,4
18598,4
18599,2
18600,4
18601,4
18602,4
18603,4
18604,4
18605,2
18606,4
18607,4
18608,4
18609,4
18610,4
18611,4
18612,4
18613,2
18614,4
18615,3
18616,2
18617,2
18618,2
18619,0
18620,2
18621,2
18622,2
18623,2
18624,2
18625,2
18626,2
18627,2
18628,2
18629,2
18630,2
18631,2
18632,2
18633,4
18634,3
18635,2
18636,2
18637,2
18638,2
18639,2
18640,4
18641,2
18642,2
18643,2
18644,2
18645,2
18646,2
18647,4
18648,4
18649,4
18650,2
18651,4
18652,4
18653,2
18654,2
18655,4
18656,2
18657,4
18658,4
18659,4
18660,2
18661,2
18662,4
18663,2
18664,2
18665,4
18666,2
18667,4
18668,2
18669,2
18670,2
18671,2
18672,2
18673,2
18674,0
18675,2
18676,2
18677,2
18678,2
18679,2
18680,2
18681,2
18682,2
18683,2
18684,2
18685,2
18686,2
18687,1
18688,2
18689,4
18690,4
18691,2
18692,2
18693,2
18694,2
18695,2
18696,2
18697,2
18698,2
18699,4
18700,0
18701,4
18702,2
18703,2
18704,2
18705,2
18706,2
18707,4
18708,2
18709,2
18710,2
18711,4
18712,4
18713,1
18714,2
18715,2
18716,2
18717,2
18718,2
18719,2
18720,2
18721,2
18722,2
18723,2
18724,3
18725,3
18726,1
18727,4
18728,3
18729,4
18730,3
18731,2
18732,3
18733,2
18734,3
18735,4
18736,3
18737,4
18738,3
18739,4
18740,2
18741,0
18742,0
18743,2
18744,5
18745,4
18746,4
18747,4
18748,2
18749,3
18750,2
18751,3
18752,3
18753,2
18754,2
18755,2
18756,2
18757,3
18758,4
18759,2
18760,2
18761,2
18762,4
18763,3
18764,2
18765,4
18766,2
18767,2
18768,2
18769,0
18770,4
18771,4
18772,4
18773,2
18774,0
18775,2
18776,2
18777,2
18778,2
18779,2
18780,2
18781,2
18782,2
18783,3
18784,2
18785,2
18786,2
18787,2
18788,2
18789,2
18790,2
18791,2
18792,2
18793,2
18794,2
18795,2
18796,3
18797,2
18798,2
18799,2
18800,2
18801,2
18802,2
18803,2
18804,5
18805,2
18806,2
18807,2
18808,2
18809,2
18810,1
18811,3
18812,5
18813,2
18814,2
18815,2
18816,2
18817,2
18818,2
18819,3
18820,4
18821,4
18822,2
18823,4
18824,2
18825,2
18826,2
18827,2
18828,2
18829,2
18830,2
18831,2
18832,2
18833,2
18834,5
18835,2
18836,4
18837,2
18838,2
18839,4
18840,0
18841,2
18842,2
18843,4
18844,2
18845,2
18846,5
18847,2
18848,4
18849,2
18850,2
18851,4
18852,2
18853,2
18854,2
18855,2
18856,2
18857,2
18858,4
18859,2
18860,2
18861,2
18862,2
18863,2
18864,3
18865,2
18866,2
18867,2
18868,2
18869,2
18870,2
18871,2
18872,3
18873,2
18874,3
18875,2
18876,2
18877,2
18878,2
18879,2
18880,2
18881,2
18882,2
18883,2
18884,2
18885,2
18886,2
18887,2
18888,0
18889,2
18890,1
18891,1
18892,2
18893,2
18894,2
18895,2
18896,2
18897,2
18898,2
18899,2
18900,2
18901,2
18902,2
18903,0
18904,2
18905,2
18906,1
18907,2
18908,4
18909,2
18910,3
18911,2
18912,2
18913,2
18914,2
18915,2
18916,2
18917,2
18918,4
18919,4
18920,2
18921,0
18922,2
18923,2
18924,2
18925,0
18926,2
18927,2
18928,2
18929,2
18930,2
18931,0
18932,2
18933,2
18934,2
18935,4
18936,2
18937,2
18938,4
18939,3
18940,2
18941,2
18942,2
18943,2
18944,2
18945,4
18946,2
18947,0
18948,2
18949,2
18950,2
18951,2
18952,2
18953,2
18954,2
18955,2
18956,2
18957,2
18958,2
18959,2
18960,2
18961,2
18962,2
18963,2
18964,2
18965,2
18966,5
18967,2
18968,2
18969,2
18970,2
18971,2
18972,2
18973,0
18974,2
18975,2
18976,2
18977,2
18978,2
18979,2
18980,2
18981,2
18982,2
18983,0
18984,2
18985,2
18986,2
18987,2
18988,2
18989,2
18990,2
18991,2
18992,2
18993,2
18994,5
18995,2
18996,2
18997,2
18998,2
18999,2
19000,2
19001,2
19002,2
19003,2
19004,2
19005,2
19006,2
19007,2
19008,2
19009,2
19010,2
19011,2
19012,2
19013,2
19014,2
19015,2
19016,2
19017,2
19018,2
19019,2
19020,4
19021,2
19022,2
19023,2
19024,2
19025,2
19026,2
19027,2
19028,3
19029,2
19030,2
19031,2
19032,2
19033,2
19034,5
19035,2
19036,4
19037,2
19038,2
19039,2
19040,2
19041,2
19042,2
19043,2
19044,2
19045,2
19046,2
19047,2
19048,2
19049,2
19050,2
19051,2
19052,2
19053,2
19054,2
19055,3
19056,2
19057,0
19058,2
19059,2
19060,2
19061,2
19062,2
19063,2
19064,2
19065,2
19066,2
19067,2
19068,2
19069,2
19070,2
19071,2
19072,2
19073,2
19074,2
19075,2
19076,2
19077,2
19078,2
19079,0
19080,2
19081,4
19082,5
19083,2
19084,2
19085,2
19086,4
19087,4
19088,3
19089,5
19090,2
19091,2
19092,2
19093,2
19094,2
19095,2
19096,2
19097,2
19098,2
19099,2
19100,2
19101,2
19102,2
19103,2
19104,2
19105,2
19106,2
19107,2
19108,2
19109,2
19110,2
19111,2
19112,2
19113,2
19114,2
19115,2
19116,2
19117,2
19118,2
19119,4
19120,2
19121,2
19122,2
19123,0
19124,2
19125,2
19126,2
19127,2
19128,4
19129,2
19130,2
19131,2
19132,2
19133,2
19134,2
19135,2
19136,2
19137,2
19138,2
19139,2
19140,2
19141,2
19142,2
19143,2
19144,2
19145,2
19146,2
19147,2
19148,4
19149,2
19150,2
19151,2
19152,2
19153,2
19154,2
19155,2
19156,2
19157,3
19158,4
19159,2
19160,2
19161,2
19162,2
19163,2
19164,2
19165,4
19166,2
19167,2
19168,3
19169,2
19170,2
19171,2
19172,2
19173,3
19174,2
19175,2
19176,4
19177,2
19178,2
19179,2
19180,2
19181,2
19182,2
19183,4
19184,2
19185,2
19186,2
19187,2
19188,2
19189,2
19190,2
19191,3
19192,2
19193,2
19194,2
19195,2
19196,5
19197,2
19198,0
19199,2
19200,2
19201,1
19202,2
19203,2
19204,2
19205,2
19206,2
19207,0
19208,2
19209,2
19210,0
19211,2
19212,2
19213,2
19214,2
19215,0
19216,2
19217,2
19218,0
19219,2
19220,4
19221,0
19222,2
19223,0
19224,2
19225,0
19226,2
19227,2
19228,2
19229,0
19230,2
19231,2
19232,2
19233,4
19234,5
19235,2
19236,4
19237,2
19238,2
19239,2
19240,3
19241,2
19242,2
19243,2
19244,2
19245,3
19246,0
19247,2
19248,2
19249,4
19250,2
19251,2
19252,2
19253,2
19254,5
19255,2
19256,5
19257,2
19258,2
19259,3
19260,2
19261,2
19262,4
19263,2
19264,1
19265,2
19266,2
19267,2
19268,2
19269,0
19270,2
19271,2
19272,2
19273,2
19274,2
19275,0
19276,0
19277,4
19278,2
19279,2
19280,2
19281,2
19282,0
19283,2
19284,2
19285,2
19286,2
19287,2
19288,0
19289,2
19290,3
19291,2
19292,2
19293,2
19294,4
19295,2
19296,2
19297,2
19298,2
19299,4
19300,0
19301,2
19302,2
19303,4
19304,2
19305,2
19306,2
19307,3
19308,4
19309,2
19310,0
19311,2
19312,2
19313,2
19314,2
19315,4
19316,2
19317,2
19318,2
19319,2
19320,3
19321,4
19322,2
19323,2
19324,2
19325,2
19326,4
19327,2
19328,4
19329,2
19330,2
19331,2
19332,2
19333,3
19334,2
19335,2
19336,4
19337,4
19338,2
19339,2
19340,4
19341,2
19342,2
19343,4
19344,4
19345,4
19346,2
19347,3
19348,3
19349,2
19350,2
19351,4
19352,4
19353,2
19354,2
19355,3
19356,2
19357,2
19358,2
19359,3
19360,2
19361,4
19362,2
19363,2
19364,2
19365,2
19366,2
19367,2
19368,4
19369,2
19370,2
19371,4
19372,0
19373,2
19374,2
19375,4
19376,2
19377,2
19378,2
19379,1
19380,2
19381,2
19382,4
19383,2
19384,2
19385,2
19386,2
19387,2
19388,2
19389,2
19390,2
19391,4
19392,2
19393,2
19394,2
19395,2
19396,2
19397,2
19398,2
19399,2
19400,0
19401,2
19402,2
19403,3
19404,2
19405,0
19406,2
19407,2
19408,2
19409,2
19410,2
19411,2
19412,2
19413,2
19414,2
19415,2
19416,2
19417,2
19418,2
19419,2
19420,2
19421,2
19422,2
19423,2
19424,2
19425,2
19426,2
19427,2
19428,2
19429,2
19430,4
19431,2
19432,2
19433,2
19434,2
19435,2
19436,0
19437,2
19438,2
19439,2
19440,2
19441,2
19442,2
19443,2
19444,2
19445,2
19446,2
19447,2
19448,2
19449,2
19450,2
19451,2
19452,2
19453,2
19454,2
19455,2
19456,2
19457,2
19458,3
19459,3
19460,3
19461,4
19462,4
19463,3
19464,5
19465,5
19466,2
19467,2
19468,2
19469,3
19470,4
19471,4
19472,2
19473,2
19474,5
19475,0
19476,4
19477,4
19478,2
19479,4
19480,2
19481,2
19482,2
19483,2
19484,4
19485,2
19486,2
19487,0
19488,2
19489,2
19490,2
19491,2
19492,2
19493,2
19494,2
19495,2
19496,2
19497,2
19498,2
19499,3
19500,2
19501,2
19502,2
19503,2
19504,2
19505,2
19506,2
19507,4
19508,2
19509,2
19510,2
19511,2
19512,2
19513,2
19514,2
19515,3
19516,4
19517,3
19518,4
19519,2
19520,3
19521,2
19522,2
19523,0
19524,0
19525,3
19526,3
19527,4
19528,4
19529,2
19530,2
19531,2
19532,2
19533,2
19534,2
19535,2
19536,4
19537,2
19538,4
19539,2
19540,4
19541,0
19542,4
19543,4
19544,5
19545,2
19546,2
19547,3
19548,3
19549,2
19550,2
19551,2
19552,4
19553,3
19554,2
19555,2
19556,4
19557,2
19558,2
19559,5
19560,4
19561,5
19562,3
19563,3
19564,5
19565,5
19566,5
19567,5
19568,3
19569,5
19570,5
19571,5
19572,5
19573,5
19574,3
19575,1
19576,5
19577,0
19578,5
19579,5
19580,3
19581,0
19582,5
19583,5
19584,3
19585,0
19586,5
19587,3
19588,0
19589,0
19590,3
19591,3
19592,3
19593,3
19594,3
19595,0
19596,3
19597,3
19598,3
19599,3
19600,3
19601,3
19602,3
19603,3
19604,3
19605,0
19606,3
19607,3
19608,3
19609,3
19610,3
19611,3
19612,3
19613,3
19614,3
19615,3
19616,3
19617,2
19618,5
19619,3
19620,2
19621,3
19622,5
19623,5
19624,5
19625,2
19626,2
19627,2
19628,5
19629,5
19630,2
19631,2
19632,2
19633,0
19634,5
19635,2
19636,2
19637,2
19638,2
19639,5
19640,5
19641,5
19642,5
19643,5
19644,3
19645,3
19646,2
19647,3
19648,2
19649,5
19650,5
19651,3
19652,5
19653,3
19654,3
19655,5
19656,5
19657,5
19658,5
19659,3
19660,5
19661,5
19662,5
19663,5
19664,5
19665,5
19666,5
19667,5
19668,5
19669,0
19670,5
19671,5
19672,5
19673,5
19674,2
19675,2
19676,2
19677,3
19678,2
19679,2
19680,5
19681,2
19682,2
19683,5
19684,5
19685,5
19686,5
19687,5
19688,2
19689,2
19690,3
19691,5
19692,5
19693,3
19694,3
19695,2
19696,2
19697,3
19698,2
19699,2
19700,2
19701,2
19702,3
19703,2
19704,5
19705,5
19706,2
19707,5
19708,2
19709,5
19710,3
19711,5
19712,3
19713,2
19714,3
19715,3
19716,0
19717,1
19718,3
19719,3
19720,5
19721,1
19722,1
19723,1
19724,1
19725,1
19726,1
19727,1
19728,1
19729,1
19730,5
19731,5
19732,1
19733,1
19734,1
19735,1
19736,5
19737,5
19738,3
19739,5
19740,5
19741,5
19742,5
19743,5
19744,3
19745,3
19746,3
19747,3
19748,5
19749,3
19750,5
19751,5
19752,5
19753,3
19754,3
19755,3
19756,5
19757,0
19758,0
19759,5
19760,0
19761,0
19762,0
19763,5
19764,5
19765,5
19766,5
19767,5
19768,5
19769,5
19770,5
19771,5
19772,5
19773,5
19774,5
19775,5
19776,3
19777,5
19778,0
19779,5
19780,5
19781,3
19782,5
19783,2
19784,3
19785,3
19786,3
19787,3
19788,3
19789,3
19790,5
19791,5
19792,2
19793,0
19794,3
19795,5
19796,5
19797,5
19798,3
19799,5
19800,5
19801,5
19802,5
19803,5
19804,3
19805,2
19806,2
19807,1
19808,0
19809,5
19810,3
19811,0
19812,3
19813,3
19814,2
19815,3
19816,5
19817,2
19818,0
19819,5
19820,3
19821,5
19822,1
19823,5
19824,5
19825,3
19826,3
19827,0
19828,5
19829,5
19830,3
19831,0
19832,0
19833,5
19834,5
19835,0
19836,0
19837,0
19838,0
19839,3
19840,2
19841,2
19842,3
19843,2
19844,3
19845,3
19846,3
19847,5
19848,5
19849,5
19850,5
19851,3
19852,5
19853,2
19854,5
19855,5
19856,0
19857,5
19858,2
19859,2
19860,5
19861,5
19862,1
19863,1
19864,5
19865,5
19866,5
19867,5
19868,1
19869,1
19870,5
19871,5
19872,5
19873,5
19874,5
19875,3
19876,1
19877,1
19878,5
19879,1
19880,5
19881,5
19882,5
19883,0
19884,5
19885,3
19886,3
19887,3
19888,5
19889,3
19890,3
19891,3
19892,5
19893,5
19894,3
19895,5
19896,2
19897,5
19898,2
19899,2
19900,5
19901,5
19902,5
19903,5
19904,2
19905,3
19906,2
19907,2
19908,3
19909,5
19910,2
19911,3
19912,2
19913,3
19914,2
19915,3
19916,3
19917,2
19918,3
19919,3
19920,2
19921,3
19922,3
19923,3
19924,3
19925,2
19926,2
19927,2
19928,3
19929,2
19930,5
19931,5
19932,2
19933,2
19934,3
19935,2
19936,0
19937,5
19938,3
19939,3
19940,3
19941,0
19942,5
19943,0
19944,1
19945,1
19946,1
19947,1
19948,1
19949,5
19950,1
19951,1
19952,2
19953,5
19954,2
19955,5
19956,1
19957,1
19958,3
19959,1
19960,2
19961,5
19962,2
19963,5
19964,2
19965,2
19966,0
19967,5
19968,5
19969,5
19970,5
19971,2
19972,3
19973,3
19974,3
19975,2
19976,2
19977,3
19978,3
19979,2
19980,3
19981,1
19982,3
19983,3
19984,3
19985,2
19986,3
19987,2
19988,2
19989,4
19990,4
19991,2
19992,3
19993,2
19994,4
19995,3
19996,3
19997,3
19998,3
19999,3
20000,0
20001,2
20002,2
20003,4
20004,1
20005,2
20006,2
20007,2
20008,3
20009,2
20010,3
20011,2
20012,3
20013,2
20014,3
20015,2
20016,2
20017,2
20018,2
20019,2
20020,2
20021,2
20022,2
20023,1
20024,2
20025,2
20026,2
20027,2
20028,2
20029,4
20030,2
20031,2
20032,2
20033,2
20034,2
20035,3
20036,2
20037,2
20038,3
20039,3
20040,2
20041,2
20042,2
20043,0
20044,2
20045,2
20046,3
20047,3
20048,3
20049,1
20050,0
20051,2
20052,3
20053,2
20054,3
20055,2
20056,2
20057,3
20058,3
20059,3
20060,3
20061,3
20062,3
20063,3
20064,3
20065,2
20066,2
20067,2
20068,4
20069,3
20070,3
20071,3
20072,3
20073,4
20074,3
20075,3
20076,3
20077,3
20078,3
20079,3
20080,3
20081,3
20082,3
20083,3
20084,2
20085,3
20086,1
20087,3
20088,3
20089,2
20090,4
20091,3
20092,4
20093,2
20094,1
20095,2
20096,4
20097,4
20098,3
20099,4
20100,3
20101,3
20102,3
20103,3
20104,3
20105,4
20106,3
20107,3
20108,3
20109,3
20110,3
20111,3
20112,3
20113,2
20114,3
20115,3
20116,0
20117,3
20118,3
20119,4
20120,3
20121,0
20122,3
20123,3
20124,4
20125,2
20126,2
20127,3
20128,3
20129,4
20130,2
20131,3
20132,3
20133,3
20134,3
20135,4
20136,3
20137,3
20138,2
20139,3
20140,3
20141,3
20142,3
20143,3
20144,3
20145,3
20146,3
20147,3
20148,3
20149,3
20150,3
20151,4
20152,0
20153,3
20154,2
20155,1
20156,1
20157,1
20158,3
20159,3
20160,3
20161,4
20162,4
20163,3
20164,0
20165,3
20166,0
20167,3
20168,0
20169,1
20170,3
20171,3
20172,3
20173,3
20174,3
20175,3
20176,3
20177,3
20178,3
20179,3
20180,4
20181,3
20182,2
20183,4
20184,3
20185,3
20186,3
20187,3
20188,3
20189,3
20190,3
20191,0
20192,3
20193,0
20194,4
20195,4
20196,3
20197,4
20198,3
20199,3
20200,4
20201,4
20202,3
20203,2
20204,2
20205,3
20206,3
20207,3
20208,3
20209,1
20210,3
20211,3
20212,3
20213,3
20214,3
20215,3
20216,3
20217,1
20218,4
20219,3
20220,4
20221,2
20222,3
20223,3
20224,3
20225,3
20226,3
20227,1
20228,3
20229,3
20230,1
20231,3
20232,3
20233,3
20234,3
20235,3
20236,3
20237,1
20238,1
20239,3
20240,1
20241,2
20242,1
20243,3
20244,4
20245,2
20246,0
20247,3
20248,4
20249,0
20250,3
20251,3
20252,4
20253,3
20254,1
20255,3
20256,3
20257,3
20258,1
20259,3
20260,0
20261,2
20262,3
20263,3
20264,2
20265,3
20266,3
20267,4
20268,2
20269,2
20270,3
20271,3
20272,3
20273,1
20274,3
20275,2
20276,3
20277,3
20278,4
20279,4
20280,3
20281,4
20282,4
20283,2
20284,3
20285,4
20286,3
20287,3
20288,3
20289,3
20290,3
20291,3
20292,3
20293,1
20294,2
20295,0
20296,3
20297,3
20298,3
20299,2
20300,4
20301,3
20302,3
20303,3
20304,3
20305,4
20306,4
20307,1
20308,4
20309,3
20310,4
20311,3
20312,4
20313,4
20314,3
20315,3
20316,3
20317,4
20318,2
20319,4
20320,1
20321,4
20322,4
20323,3
20324,4
20325,3
20326,4
20327,2
20328,3
20329,3
20330,3
20331,2
20332,3
20333,3
20334,3
20335,3
20336,3
20337,3
20338,3
20339,2
20340,2
20341,1
20342,4
20343,2
20344,1
20345,3
20346,3
20347,2
20348,2
20349,2
20350,2
20351,3
20352,2
20353,1
20354,4
20355,3
20356,3
20357,3
20358,3
20359,3
20360,4
20361,3
20362,2
20363,3
20364,2
20365,3
20366,3
20367,3
20368,0
20369,4
20370,3
20371,3
20372,3
20373,3
20374,4
20375,4
20376,2
20377,2
20378,2
20379,4
20380,3
20381,3
20382,2
20383,2
20384,3
20385,2
20386,2
20387,2
20388,4
20389,3
20390,3
20391,4
20392,3
20393,3
20394,3
20395,3
20396,3
20397,3
20398,3
20399,3
20400,3
20401,3
20402,3
20403,4
20404,3
20405,3
20406,1
20407,1
20408,3
20409,3
20410,3
20411,2
20412,1
20413,2
20414,2
20415,3
20416,3
20417,3
20418,3
20419,3
20420,3
20421,2
20422,3
20423,3
20424,3
20425,1
20426,3
20427,3
20428,4
20429,0
20430,3
20431,3
20432,3
20433,3
20434,3
20435,3
20436,3
20437,3
20438,3
20439,3
20440,3
20441,3
20442,3
20443,3
20444,3
20445,3
20446,2
20447,3
20448,2
20449,3
20450,3
20451,4
20452,1
20453,4
20454,4
20455,3
20456,3
20457,3
20458,3
20459,1
20460,3
20461,3
20462,4
20463,3
20464,4
20465,4
20466,3
20467,3
20468,3
20469,3
20470,4
20471,3
20472,3
20473,4
20474,4
20475,2
20476,3
20477,4
20478,3
20479,4
20480,3
20481,4
20482,4
20483,1
20484,3
20485,3
20486,1
20487,3
20488,2
20489,3
20490,4
20491,2
20492,2
20493,0
20494,0
20495,0
20496,0
20497,0
20498,0
20499,0
20500,0
20501,0
20502,0
20503,0
20504,0
20505,0
20506,0
20507,0
20508,0
20509,0
20510,0
20511,0
20512,0
20513,0
20514,0
20515,0
20516,0
20517,0
20518,0
20519,0
20520,5
20521,5
20522,5
20523,0
20524,0
20525,0
20526,0
20527,0
20528,0
20529,0
20530,3
20531,3
20532,1
20533,3
20534,3
20535,1
20536,0
20537,0
20538,4
20539,3
20540,3
20541,3
20542,3
20543,3
20544,0
20545,4
20546,3
20547,2
20548,2
20549,3
20550,2
20551,3
20552,3
20553,3
20554,3
20555,0
20556,3
20557,1
20558,2
20559,4
20560,0
20561,2
20562,3
20563,2
20564,2
20565,1
20566,2
20567,4
20568,2
20569,2
20570,2
20571,2
20572,2
20573,2
20574,2
20575,1
20576,2
20577,3
20578,1
20579,0
20580,0
20581,0
20582,0
20583,0
20584,0
20585,0
20586,0
20587,0
20588,0
20589,0
20590,3
20591,2
20592,2
20593,2
20594,2
20595,3
20596,2
20597,2
20598,2
20599,2
20600,2
20601,2
20602,2
20603,2
20604,2
20605,2
20606,2
20607,2
20608,2
20609,0
20610,2
20611,2
20612,2
20613,3
20614,3
20615,3
20616,3
20617,1
20618,3
20619,1
20620,1
20621,3
20622,4
20623,3
20624,3
20625,1
20626,5
20627,5
20628,2
20629,1
20630,1
20631,1
20632,1
20633,1
20634,0
20635,0
20636,0
20637,0
20638,0
20639,0
20640,0
20641,5
20642,0
20643,0
20644,0
20645,0
20646,0
20647,5
20648,0
20649,3
20650,3
20651,3
20652,3
20653,3
20654,3
20655,3
20656,3
20657,3
20658,3
20659,3
20660,3
20661,3
20662,3
20663,3
20664,4
20665,3
20666,3
20667,0
20668,0
20669,0
20670,0
20671,0
20672,0
20673,0
20674,0
20675,0
20676,3
20677,3
20678,0
20679,0
20680,0
20681,0
20682,2
20683,0
20684,0
20685,0
20686,5
20687,5
20688,0
20689,5
20690,5
20691,3
20692,5
20693,0
20694,0
20695,0
20696,0
20697,0
20698,1
20699,1
20700,1
20701,4
20702,4
20703,0
20704,0
20705,2
20706,2
20707,3
20708,2
20709,3
20710,1
20711,0
20712,2
20713,0
20714,3
20715,0
20716,2
20717,0
20718,0
20719,0
20720,0
20721,0
20722,3
20723,3
20724,3
20725,3
20726,3
20727,4
20728,3
20729,2
20730,2
20731,2
20732,2
20733,2
20734,2
20735,1
20736,0
20737,3
20738,2
20739,3
20740,2
20741,3
20742,2
20743,2
20744,2
20745,2
20746,2
20747,2
20748,2
20749,2
20750,2
20751,2
20752,2
20753,2
20754,2
20755,2
20756,2
20757,2
20758,2
20759,2
20760,2
20761,2
20762,2
20763,2
20764,3
20765,2
20766,1
20767,2
20768,2
20769,2
20770,2
20771,2
20772,2
20773,2
20774,2
20775,2
20776,2
20777,2
20778,2
20779,2
20780,2
20781,2
20782,2
20783,2
20784,2
20785,2
20786,2
20787,2
20788,2
20789,0
20790,2
20791,2
20792,2
20793,2
20794,2
20795,2
20796,2
20797,2
20798,2
20799,2
20800,2
20801,2
20802,2
20803,0
20804,0
20805,2
20806,2
20807,2
20808,2
20809,2
20810,2
20811,2
20812,2
20813,2
20814,1
20815,1
20816,2
20817,2
20818,2
20819,0
20820,3
20821,2
20822,2
20823,2
20824,2
20825,3
20826,2
20827,0
20828,2
20829,2
20830,2
20831,3
20832,2
20833,0
20834,2
20835,2
20836,0
20837,2
20838,2
20839,2
20840,1
20841,2
20842,0
20843,2
20844,2
20845,0
20846,2
20847,2
20848,0
20849,1
20850,1
20851,2
20852,2
20853,0
20854,0
20855,0
20856,0
20857,0
20858,0
20859,0
20860,0
20861,0
20862,2
20863,2
20864,2
20865,0
20866,2
20867,1
20868,1
20869,1
20870,0
20871,0
20872,0
20873,0
20874,0
20875,4
20876,3
20877,0
20878,2
20879,3
20880,4
20881,3
20882,3
20883,3
20884,2
20885,2
20886,0
20887,2
20888,2
20889,2
20890,2
20891,2
20892,1
20893,1
20894,3
20895,1
20896,1
20897,2
20898,2
20899,2
20900,2
20901,1
20902,3
20903,2
20904,2
20905,3
20906,3
20907,3
20908,1
20909,1
20910,1
20911,1
20912,1
20913,1
20914,1
20915,0
20916,1
20917,1
20918,1
20919,1
20920,3
20921,1
20922,1
20923,3
20924,3
20925,2
20926,3
20927,3
20928,3
20929,2
20930,3
20931,3
20932,2
20933,2
20934,0
20935,0
20936,2
20937,0
20938,1
20939,1
20940,2
20941,2
20942,2
20943,2
20944,2
20945,2
20946,3
20947,0
20948,2
20949,0
20950,3
20951,1
20952,3
20953,3
20954,0
20955,0
20956,3
20957,3
20958,3
20959,0
20960,2
20961,2
20962,3
20963,1
20964,3
20965,2
20966,1
20967,2
20968,3
20969,2
20970,2
20971,1
20972,1
20973,0
20974,3
20975,3
20976,0
20977,2
20978,3
20979,3
20980,3
20981,3
20982,3
20983,3
20984,3
20985,2
20986,3
20987,2
20988,2
20989,1
20990,1
20991,3
20992,3
20993,3
20994,3
20995,3
20996,3
20997,3
20998,3
20999,3
21000,3
21001,3
21002,1
21003,1
21004,1
21005,1
21006,1
21007,1
21008,1
21009,1
21010,1
21011,1
21012,1
21013,1
21014,3
21015,1
21016,1
21017,1
21018,3
21019,1
21020,3
21021,1
21022,1
21023,1
21024,3
21025,1
21026,1
21027,3
21028,3
21029,1
21030,1
21031,1
21032,1
21033,1
21034,1
21035,3
21036,3
21037,1
21038,1
21039,1
21040,1
21041,1
21042,1
21043,3
21044,3
21045,1
21046,1
21047,1
21048,1
21049,1
21050,1
21051,1
21052,3
21053,3
21054,2
21055,2
21056,0
21057,3
21058,1
21059,1
21060,1
21061,1
21062,0
21063,2
21064,3
21065,1
21066,3
21067,2
21068,2
21069,3
21070,3
21071,3
21072,0
21073,1
21074,0
21075,3
21076,2
21077,3
21078,3
21079,3
21080,3
21081,3
21082,3
21083,3
21084,0
21085,3
21086,2
21087,2
21088,2
21089,2
21090,3
21091,1
21092,3
21093,0
21094,2
21095,3
21096,3
21097,3
21098,3
21099,3
21100,2
21101,2
21102,2
21103,1
21104,1
21105,1
21106,1
21107,2
21108,3
21109,1
21110,1
21111,3
21112,1
21113,2
21114,1
21115,1
21116,1
21117,1
21118,1
21119,1
21120,2
21121,3
21122,2
21123,2
21124,0
21125,0
21126,0
21127,1
21128,3
21129,1
21130,3
21131,1
21132,1
21133,1
21134,2
21135,0
21136,1
21137,1
21138,1
21139,1
21140,0
21141,1
21142,3
21143,1
21144,1
21145,1
21146,1
21147,1
21148,1
21149,1
21150,2
21151,1
21152,1
21153,1
21154,1
21155,3
21156,3
21157,3
21158,3
21159,3
21160,3
21161,2
21162,1
21163,3
21164,1
21165,3
21166,1
21167,1
21168,1
21169,1
21170,1
21171,3
21172,3
21173,3
21174,3
21175,2
21176,2
21177,2
21178,2
21179,2
21180,2
21181,2
21182,3
21183,2
21184,2
21185,0
21186,0
21187,0
21188,0
21189,0
21190,3
21191,1
21192,0
21193,0
21194,3
21195,3
21196,3
21197,1
21198,0
21199,1
21200,0
21201,2
21202,1
21203,0
21204,2
21205,3
21206,3
21207,3
21208,1
21209,3
21210,2
21211,3
21212,3
21213,0
21214,3
21215,1
21216,0
21217,0
21218,2
21219,2
21220,0
21221,2
21222,2
21223,2
21224,2
21225,2
21226,2
21227,2
21228,2
21229,2
21230,2
21231,2
21232,2
21233,2
21234,2
21235,2
21236,2
21237,2
21238,2
21239,2
21240,3
21241,2
21242,2
21243,2
21244,2
21245,2
21246,1
21247,3
21248,2
21249,2
21250,2
21251,2
21252,2
21253,2
21254,2
21255,2
21256,2
21257,2
21258,2
21259,2
21260,0
21261,2
21262,2
21263,2
21264,2
21265,5
21266,2
21267,3
21268,1
21269,3
21270,2
21271,3
21272,3
21273,3
21274,3
21275,3
21276,3
21277,3
21278,2
21279,3
21280,3
21281,3
21282,3
21283,3
21284,3
21285,0
21286,0
21287,3
21288,2
21289,3
21290,3
21291,3
21292,3
21293,0
21294,2
21295,2
21296,2
21297,3
21298,3
21299,2
21300,3
21301,2
21302,2
21303,2
21304,3
21305,2
21306,2
21307,2
21308,3
21309,2
21310,2
21311,2
21312,3
21313,3
21314,3
21315,3
21316,2
21317,2
21318,2
21319,3
21320,3
21321,3
21322,2
21323,3
21324,2
21325,2
21326,2
21327,2
21328,3
21329,3
21330,2
21331,2
21332,3
21333,0
21334,2
21335,2
21336,2
21337,2
21338,0
21339,3
21340,2
21341,2
21342,2
21343,2
21344,2
21345,3
21346,2
21347,2
21348,2
21349,2
21350,2
21351,2
21352,2
21353,2
21354,2
21355,2
21356,2
21357,3
21358,2
21359,3
21360,2
21361,2
21362,2
21363,2
21364,2
21365,2
21366,2
21367,2
21368,2
21369,2
21370,2
21371,3
21372,2
21373,2
21374,2
21375,0
21376,0
21377,2
21378,3
21379,2
21380,3
21381,2
21382,0
21383,2
21384,2
21385,2
21386,2
21387,3
21388,2
21389,3
21390,2
21391,2
21392,2
21393,2
21394,2
21395,2
21396,0
21397,2
21398,2
21399,2
21400,2
21401,2
21402,3
21403,2
21404,2
21405,3
21406,2
21407,2
21408,3
21409,2
21410,2
21411,2
21412,2
21413,0
21414,2
21415,2
21416,2
21417,2
21418,2
21419,3
21420,2
21421,2
21422,2
21423,2
21424,0
21425,0
21426,2
21427,3
21428,3
21429,2
21430,2
21431,2
21432,2
21433,2
21434,3
21435,3
21436,3
21437,3
21438,2
21439,3
21440,3
21441,3
21442,3
21443,2
21444,2
21445,2
21446,3
21447,0
21448,2
21449,0
21450,1
21451,1
21452,3
21453,0
21454,0
21455,2
21456,2
21457,3
21458,3
21459,3
21460,1
21461,1
21462,3
21463,2
21464,0
21465,0
21466,0
21467,0
21468,0
21469,2
21470,0
21471,2
21472,2
21473,2
21474,2
21475,0
21476,0
21477,0
21478,2
21479,2
21480,2
21481,1
21482,3
21483,2
21484,2
21485,2
21486,3
21487,0
21488,3
21489,3
21490,2
21491,3
21492,2
21493,0
21494,0
21495,2
21496,2
21497,2
21498,2
21499,2
21500,2
21501,0
21502,0
21503,0
21504,2
21505,2
21506,2
21507,2
21508,2
21509,2
21510,2
21511,2
21512,0
21513,3
21514,0
21515,3
21516,2
21517,0
21518,0
21519,2
21520,2
21521,0
21522,2
21523,3
21524,3
21525,2
21526,2
21527,2
21528,3
21529,2
21530,2
21531,2
21532,2
21533,3
21534,2
21535,2
21536,2
21537,0
21538,2
21539,2
21540,2
21541,2
21542,2
21543,2
21544,0
21545,0
21546,2
21547,2
21548,2
21549,2
21550,2
21551,2
21552,2
21553,2
21554,2
21555,0
21556,0
21557,2
21558,0
21559,2
21560,2
21561,2
21562,2
21563,0
21564,1
21565,3
21566,0
21567,1
21568,0
21569,0
21570,0
21571,0
21572,1
21573,0
21574,2
21575,2
21576,0
21577,2
21578,1
21579,3
21580,2
21581,2
21582,2
21583,0
21584,2
21585,2
21586,0
21587,0
21588,0
21589,0
21590,0
21591,0
21592,0
21593,2
21594,3
21595,3
21596,2
21597,0
21598,2
21599,2
21600,2
21601,2
21602,2
21603,2
21604,0
21605,0
21606,0
21607,2
21608,2
21609,3
21610,3
21611,2
21612,2
21613,0
21614,0
21615,2
21616,0
21617,2
21618,2
21619,2
21620,2
21621,2
21622,2
21623,0
21624,2
21625,0
21626,2
21627,2
21628,2
21629,2
21630,2
21631,2
21632,2
21633,2
21634,2
21635,2
21636,2
21637,2
21638,2
21639,2
21640,2
21641,0
21642,2
21643,2
21644,2
21645,2
21646,2
21647,2
21648,0
21649,2
21650,2
21651,2
21652,0
21653,2
21654,2
21655,2
21656,0
21657,2
21658,2
21659,2
21660,2
21661,0
21662,0
21663,0
21664,0
21665,2
21666,2
21667,2
21668,2
21669,2
21670,2
21671,0
21672,2
21673,2
21674,2
21675,2
21676,2
21677,2
21678,2
21679,2
21680,2
21681,2
21682,0
21683,2
21684,2
21685,2
21686,2
21687,2
21688,2
21689,2
21690,1
21691,2
21692,2
21693,2
21694,0
21695,0
21696,0
21697,0
21698,2
21699,2
21700,2
21701,2
21702,2
21703,2
21704,0
21705,2
21706,2
21707,0
21708,2
21709,0
21710,2
21711,2
21712,2
21713,2
21714,2
21715,1
21716,2
21717,0
21718,2
21719,2
21720,2
21721,2
21722,2
21723,2
21724,2
21725,2
21726,0
21727,2
21728,0
21729,0
21730,2
21731,2
21732,2
21733,2
21734,2
21735,0
21736,2
21737,2
21738,2
21739,2
21740,2
21741,2
21742,2
21743,3
21744,0
21745,0
21746,0
21747,5
21748,2
21749,0
21750,0
21751,0
21752,2
21753,2
21754,0
21755,2
21756,0
21757,2
21758,2
21759,0
21760,2
21761,3
21762,1
21763,3
21764,1
21765,0
21766,0
21767,2
21768,2
21769,2
21770,2
21771,0
21772,2
21773,0
21774,2
21775,2
21776,2
21777,0
21778,2
21779,2
21780,2
21781,2
21782,0
21783,2
21784,0
21785,2
21786,2
21787,2
21788,0
21789,2
21790,0
21791,0
21792,2
21793,0
21794,2
21795,2
21796,0
21797,2
21798,2
21799,0
21800,0
21801,2
21802,2
21803,2
21804,2
21805,2
21806,2
21807,2
21808,2
21809,2
21810,2
21811,0
21812,2
21813,0
21814,0
21815,3
21816,0
21817,0
21818,0
21819,2
21820,2
21821,1
21822,2
21823,2
21824,2
21825,2
21826,2
21827,0
21828,2
21829,2
21830,2
21831,2
21832,2
21833,1
21834,1
21835,1
21836,0
21837,2
21838,2
21839,3
21840,0
21841,2
21842,2
21843,2
21844,0
21845,0
21846,2
21847,2
21848,1
21849,0
21850,2
21851,0
21852,2
21853,0
21854,0
21855,2
21856,2
21857,0
21858,2
21859,2
21860,2
21861,2
21862,2
21863,2
21864,2
21865,2
21866,2
21867,2
21868,2
21869,2
21870,0
21871,0
21872,2
21873,0
21874,2
21875,2
21876,0
21877,2
21878,2
21879,0
21880,2
21881,2
21882,2
21883,2
21884,0
21885,2
21886,2
21887,0
21888,2
21889,2
21890,2
21891,0
21892,0
21893,0
21894,2
21895,2
21896,2
21897,2
21898,2
21899,2
21900,2
21901,2
21902,0
21903,2
21904,0
21905,2
21906,2
21907,2
21908,2
21909,2
21910,2
21911,3
21912,2
21913,2
21914,2
21915,0
21916,0
21917,3
21918,2
21919,2
21920,0
21921,0
21922,0
21923,1
21924,1
21925,1
21926,2
21927,2
21928,0
21929,2
21930,3
21931,2
21932,2
21933,2
21934,2
21935,2
21936,2
21937,2
21938,0
21939,2
21940,2
21941,0
21942,2
21943,2
21944,2
21945,2
21946,2
21947,2
21948,2
21949,2
21950,2
21951,0
21952,2
21953,0
21954,0
21955,2
21956,0
21957,0
21958,0
21959,2
21960,2
21961,2
21962,2
21963,3
21964,3
21965,3
21966,2
21967,3
21968,2
21969,3
21970,3
21971,2
21972,2
21973,0
21974,0
21975,2
21976,3
21977,1
21978,1
21979,1
21980,2
21981,2
21982,2
21983,2
21984,3
21985,0
21986,3
21987,3
21988,2
21989,2
21990,2
21991,2
21992,0
21993,2
21994,0
21995,2
21996,2
21997,2
21998,2
21999,2
22000,2
22001,2
22002,2
22003,0
22004,0
22005,2
22006,2
22007,2
22008,0
22009,0
22010,3
22011,3
22012,2
22013,2
22014,2
22015,2
22016,1
22017,1
22018,0
22019,2
22020,0
22021,2
22022,2
22023,2
22024,2
22025,2
22026,2
22027,3
22028,2
22029,0
22030,3
22031,3
22032,1
22033,2
22034,1
22035,3
22036,3
22037,0
22038,2
22039,3
22040,2
22041,3
22042,3
22043,0
22044,3
22045,3
22046,3
22047,3
22048,2
22049,3
22050,2
22051,2
22052,2
22053,0
22054,2
22055,2
22056,0
22057,2
22058,3
22059,3
22060,3
22061,0
22062,2
22063,2
22064,2
22065,2
22066,0
22067,0
22068,2
22069,0
22070,2
22071,2
22072,2
22073,2
22074,2
22075,2
22076,0
22077,0
22078,0
22079,0
22080,0
22081,2
22082,0
22083,2
22084,2
22085,0
22086,2
22087,2
22088,2
22089,0
22090,0
22091,2
22092,2
22093,2
22094,2
22095,0
22096,0
22097,2
22098,2
22099,0
22100,2
22101,0
22102,2
22103,0
22104,2
22105,2
22106,2
22107,0
22108,2
22109,2
22110,2
22111,2
22112,2
22113,2
22114,2
22115,2
22116,2
22117,2
22118,0
22119,2
22120,2
22121,2
22122,2
22123,2
22124,3
22125,0
22126,2
22127,2
22128,2
22129,2
22130,2
22131,2
22132,2
22133,2
22134,0
22135,2
22136,2
22137,2
22138,2
22139,2
22140,2
22141,2
22142,2
22143,2
22144,2
22145,2
22146,2
22147,2
22148,2
22149,2
22150,2
22151,2
22152,0
22153,2
22154,0
22155,2
22156,2
22157,2
22158,0
22159,2
22160,2
22161,2
22162,2
22163,2
22164,0
22165,2
22166,2
22167,2
22168,0
22169,2
22170,2
22171,2
22172,2
22173,2
22174,2
22175,2
22176,2
22177,2
22178,2
22179,2
22180,2
22181,2
22182,2
22183,2
22184,2
22185,2
22186,0
22187,2
22188,2
22189,2
22190,2
22191,2
22192,2
22193,2
22194,2
22195,2
22196,2
22197,2
22198,2
22199,2
22200,2
22201,2
22202,2
22203,3
22204,2
22205,2
22206,2
22207,0
22208,2
22209,2
22210,2
22211,2
22212,2
22213,2
22214,2
22215,2
22216,2
22217,2
22218,0
22219,2
22220,2
22221,2
22222,2
22223,2
22224,2
22225,2
22226,2
22227,2
22228,2
22229,2
22230,2
22231,2
22232,0
22233,2
22234,2
22235,2
22236,2
22237,2
22238,2
22239,2
22240,2
22241,2
22242,2
22243,2
22244,2
22245,2
22246,2
22247,2
22248,2
22249,2
22250,3
22251,3
22252,3
22253,2
22254,2
22255,2
22256,0
22257,2
22258,2
22259,2
22260,2
22261,2
22262,2
22263,2
22264,2
22265,2
22266,2
22267,0
22268,2
22269,2
22270,2
22271,2
22272,2
22273,2
22274,2
22275,2
22276,2
22277,2
22278,0
22279,2
22280,2
22281,2
22282,2
22283,2
22284,2
22285,2
22286,2
22287,2
22288,2
22289,2
22290,2
22291,2
22292,2
22293,2
22294,2
22295,2
22296,2
22297,2
22298,2
22299,2
22300,2
22301,2
22302,2
22303,2
22304,2
22305,2
22306,2
22307,2
22308,2
22309,2
22310,2
22311,2
22312,2
22313,2
22314,2
22315,2
22316,2
22317,2
22318,2
22319,2
22320,2
22321,2
22322,2
22323,2
22324,2
22325,0
22326,2
22327,2
22328,2
22329,2
22330,2
22331,2
22332,2
22333,2
22334,2
22335,2
22336,2
22337,2
22338,0
22339,2
22340,2
22341,0
22342,2
22343,2
22344,2
22345,2
22346,2
22347,2
22348,2
22349,2
22350,2
22351,2
22352,2
22353,2
22354,2
22355,2
22356,2
22357,2
22358,2
22359,2
22360,2
22361,2
22362,2
22363,2
22364,2
22365,0
22366,2
22367,2
22368,2
22369,3
22370,3
22371,2
22372,1
22373,0
22374,3
22375,1
22376,1
22377,1
22378,3
22379,1
22380,3
22381,2
22382,2
22383,2
22384,2
22385,0
22386,0
22387,0
22388,0
22389,0
22390,2
22391,2
22392,0
22393,2
22394,3
22395,0
22396,2
22397,2
22398,2
22399,2
22400,2
22401,2
22402,2
22403,3
22404,2
22405,2
22406,2
22407,2
22408,2
22409,1
22410,0
22411,2
22412,0
22413,2
22414,2
22415,2
22416,2
22417,3
22418,0
22419,2
22420,3
22421,0
22422,0
22423,0
22424,3
22425,0
22426,2
22427,0
22428,2
22429,0
22430,2
22431,0
22432,2
22433,2
22434,2
22435,2
22436,2
22437,2
22438,2
22439,2
22440,2
22441,2
22442,2
22443,2
22444,2
22445,2
22446,2
22447,2
22448,2
22449,2
22450,2
22451,0
22452,2
22453,2
22454,2
22455,2
22456,2
22457,2
22458,2
22459,2
22460,2
22461,2
22462,2
22463,2
22464,2
22465,2
22466,2
22467,2
22468,2
22469,2
22470,2
22471,2
22472,2
22473,2
22474,2
22475,2
22476,2
22477,2
22478,2
22479,2
22480,2
22481,0
22482,0
22483,2
22484,0
22485,2
22486,2
22487,2
22488,2
22489,2
22490,0
22491,3
22492,0
22493,0
22494,0
22495,1
22496,3
22497,3
22498,3
22499,3
22500,3
22501,3
22502,3
22503,2
22504,3
22505,3
22506,3
22507,3
22508,0
22509,3
22510,3
22511,3
22512,1
22513,4
22514,0
22515,0
22516,0
22517,0
22518,1
22519,0
22520,3
22521,3
22522,3
22523,4
22524,3
22525,3
22526,3
22527,3
22528,3
22529,3
22530,3
22531,3
22532,3
22533,3
22534,0
22535,0
22536,3
22537,0
22538,0
22539,0
22540,1
22541,2
22542,2
22543,0
22544,3
22545,0
22546,0
22547,0
22548,3
22549,3
22550,3
22551,2
22552,3
22553,2
22554,4
22555,2
22556,4
22557,2
22558,4
22559,3
22560,3
22561,3
22562,3
22563,4
22564,3
22565,3
22566,3
22567,0
22568,4
22569,3
22570,4
22571,4
22572,3
22573,4
22574,3
22575,3
22576,3
22577,3
22578,3
22579,3
22580,3
22581,3
22582,3
22583,3
22584,3
22585,0
22586,3
22587,3
22588,1
22589,1
22590,1
22591,1
22592,1
22593,1
22594,3
22595,3
22596,0
22597,3
22598,2
22599,2
22600,3
22601,4
22602,3
22603,3
22604,3
22605,3
22606,1
22607,3
22608,2
22609,0
22610,2
22611,3
22612,3
22613,3
22614,2
22615,4
22616,2
22617,4
22618,2
22619,3
22620,4
22621,2
22622,2
22623,3
22624,3
22625,2
22626,0
22627,3
22628,3
22629,3
22630,3
22631,1
22632,1
22633,3
22634,3
22635,3
22636,4
22637,3
22638,3
22639,1
22640,1
22641,1
22642,4
22643,4
22644,1
22645,1
22646,2
22647,3
22648,3
22649,3
22650,3
22651,3
22652,0
22653,0
22654,3
22655,3
22656,0
22657,2
22658,2
22659,0
22660,3
22661,3
22662,0
22663,3
22664,1
22665,3
22666,3
22667,0
22668,3
22669,3
22670,4
22671,3
22672,3
22673,1
22674,3
22675,3
22676,3
22677,3
22678,3
22679,1
22680,1
22681,4
22682,3
22683,2
22684,3
22685,3
22686,2
22687,3
22688,1
22689,4
22690,2
22691,3
22692,3
22693,2
22694,4
22695,2
22696,3
22697,3
22698,3
22699,3
22700,3
22701,1
22702,3
22703,3
22704,4
22705,2
22706,3
22707,3
22708,2
22709,3
22710,1
22711,1
22712,1
22713,3
22714,1
22715,2
22716,1
22717,3
22718,3
22719,3
22720,3
22721,3
22722,3
22723,3
22724,1
22725,1
22726,1
22727,1
22728,1
22729,3
22730,3
22731,3
22732,3
22733,4
22734,4
22735,3
22736,1
22737,3
22738,3
22739,0
22740,2
22741,2
22742,3
22743,2
22744,2
22745,2
22746,4
22747,1
22748,2
22749,2
22750,3
22751,3
22752,2
22753,4
22754,3
22755,3
22756,3
22757,3
22758,3
22759,3
22760,3
22761,3
22762,3
22763,3
22764,0
22765,1
22766,3
22767,0
22768,3
22769,1
22770,2
22771,3
22772,2
22773,2
22774,3
22775,3
22776,2
22777,3
22778,1
22779,1
22780,1
22781,2
22782,3
22783,3
22784,3
22785,4
22786,3
22787,3
22788,3
22789,1
22790,1
22791,3
22792,3
22793,0
22794,3
22795,3
22796,2
22797,4
22798,3
22799,3
22800,3
22801,1
22802,3
22803,3
22804,3
22805,3
22806,3
22807,3
22808,0
22809,0
22810,0
22811,0
22812,0
22813,1
22814,3
22815,3
22816,1
22817,3
22818,1
22819,0
22820,0
22821,0
22822,1
22823,3
22824,1
22825,3
22826,1
22827,0
22828,1
22829,3
22830,1
22831,3
22832,3
22833,3
22834,3
22835,0
22836,3
22837,0
22838,0
22839,0
22840,0
22841,3
22842,0
22843,3
22844,3
22845,3
22846,3
22847,3
22848,0
22849,3
22850,2
22851,2
22852,2
22853,2
22854,3
22855,3
22856,1
22857,4
22858,3
22859,3
22860,3
22861,4
22862,3
22863,4
22864,3
22865,3
22866,3
22867,3
22868,3
22869,3
22870,1
22871,0
22872,0
22873,3
22874,4
22875,4
22876,3
22877,1
22878,4
22879,2
22880,0
22881,3
22882,1
22883,1
22884,3
22885,3
22886,3
22887,3
22888,3
22889,3
22890,3
22891,3
22892,3
22893,3
22894,3
22895,3
22896,3
22897,3
22898,3
22899,3
22900,3
22901,3
22902,3
22903,3
22904,3
22905,3
22906,2
22907,2
22908,3
22909,1
22910,3
22911,3
22912,3
22913,0
22914,3
22915,4
22916,3
22917,4
22918,3
22919,3
22920,0
22921,4
22922,3
22923,3
22924,3
22925,3
22926,3
22927,3
22928,3
22929,3
22930,3
22931,3
22932,4
22933,4
22934,3
22935,0
22936,1
22937,3
22938,3
22939,3
22940,3
22941,3
22942,3
22943,3
22944,3
22945,3
22946,3
22947,3
22948,4
22949,3
22950,3
22951,3
22952,3
22953,3
22954,3
22955,3
22956,3
22957,3
22958,3
22959,3
22960,0
22961,3
22962,0
22963,0
22964,1
22965,0
22966,0
22967,3
22968,0
22969,0
22970,3
22971,0
22972,0
22973,3
22974,3
22975,3
22976,2
22977,1
22978,1
22979,2
22980,1
22981,0
22982,3
22983,1
22984,3
22985,3
22986,3
22987,3
22988,3
22989,3
22990,1
22991,0
22992,0
22993,0
22994,0
22995,0
22996,0
22997,0
22998,0
22999,0
23000,0
23001,0
23002,1
23003,1
23004,3
23005,3
23006,3
23007,3
23008,3
23009,3
23010,3
23011,2
23012,2
23013,1
23014,3
23015,3
23016,1
23017,3
23018,3
23019,3
23020,3
23021,3
23022,1
23023,1
23024,1
23025,3
23026,3
23027,2
23028,0
23029,4
23030,3
23031,4
23032,3
23033,3
23034,3
23035,3
23036,3
23037,3
23038,3
23039,3
23040,3
23041,3
23042,3
23043,3
23044,4
23045,3
23046,3
23047,4
23048,4
23049,0
23050,0
23051,4
23052,0
23053,0
23054,3
23055,3
23056,3
23057,3
23058,4
23059,3
23060,3
23061,3
23062,3
23063,3
23064,3
23065,3
23066,3
23067,3
23068,3
23069,3
23070,3
23071,3
23072,4
23073,3
23074,3
23075,3
23076,0
23077,3
23078,2
23079,3
23080,3
23081,1
23082,1
23083,2
23084,1
23085,3
23086,3
23087,3
23088,1
23089,3
23090,0
23091,3
23092,0
23093,3
23094,1
23095,2
23096,3
23097,3
23098,3
23099,3
23100,3
23101,3
23102,3
23103,3
23104,3
23105,3
23106,3
23107,3
23108,3
23109,2
23110,3
23111,3
23112,3
23113,4
23114,3
23115,2
23116,3
23117,1
23118,3
23119,3
23120,3
23121,3
23122,3
23123,3
23124,3
23125,1
23126,3
23127,1
23128,1
23129,3
23130,1
23131,0
23132,0
23133,1
23134,0
23135,0
23136,0
23137,3
23138,3
23139,3
23140,3
23141,2
23142,1
23143,4
23144,3
23145,3
23146,3
23147,3
23148,0
23149,3
23150,3
23151,3
23152,3
23153,3
23154,2
23155,3
23156,1
23157,1
23158,3
23159,1
23160,4
23161,2
23162,3
23163,0
23164,0
23165,0
23166,1
23167,3
23168,1
23169,3
23170,3
23171,0
23172,4
23173,3
23174,3
23175,3
23176,3
23177,3
23178,3
23179,3
23180,3
23181,3
23182,0
23183,0
23184,3
23185,3
23186,1
23187,0
23188,3
23189,4
23190,1
23191,1
23192,1
23193,1
23194,3
23195,1
23196,4
23197,3
23198,3
23199,3
23200,3
23201,3
23202,3
23203,3
23204,4
23205,3
23206,2
23207,3
23208,3
23209,2
23210,3
23211,3
23212,3
23213,3
23214,1
23215,3
23216,1
23217,1
23218,3
23219,1
23220,1
23221,3
23222,3
23223,3
23224,3
23225,3
23226,0
23227,3
23228,1
23229,3
23230,1
23231,3
23232,2
23233,0
23234,0
23235,0
23236,0
23237,3
23238,3
23239,3
23240,3
23241,3
23242,2
23243,3
23244,3
23245,3
23246,3
23247,3
23248,0
23249,1
23250,0
23251,1
23252,3
23253,3
23254,3
23255,3
23256,3
23257,1
23258,3
23259,3
23260,3
23261,3
23262,2
23263,0
23264,2
23265,3
23266,3
23267,1
23268,3
23269,1
23270,3
23271,3
23272,2
23273,3
23274,3
23275,3
23276,3
23277,3
23278,2
23279,1
23280,1
23281,3
23282,1
23283,3
23284,2
23285,3
23286,0
23287,3
23288,3
23289,3
23290,0
23291,3
23292,3
23293,3
23294,3
23295,3
23296,3
23297,3
23298,3
23299,1
23300,3
23301,3
23302,3
23303,3
23304,3
23305,3
23306,3
23307,3
23308,3
23309,3
23310,2
23311,1
23312,3
23313,0
23314,3
23315,3
23316,0
23317,0
23318,0
23319,0
23320,4
23321,0
23322,1
23323,1
23324,3
23325,3
23326,4
23327,4
23328,3
23329,2
23330,3
23331,3
23332,3
23333,3
23334,3
23335,3
23336,3
23337,3
23338,3
23339,4
23340,3
23341,3
23342,3
23343,3
23344,4
23345,3
23346,3
23347,3
23348,3
23349,3
23350,3
23351,3
23352,3
23353,4
23354,0
23355,1
23356,4
23357,3
23358,0
23359,3
23360,3
23361,0
23362,0
23363,0
23364,0
23365,2
23366,0
23367,3
23368,0
23369,2
23370,3
23371,0
23372,0
23373,3
23374,2
23375,2
23376,2
23377,3
23378,3
23379,1
23380,3
23381,3
23382,3
23383,1
23384,1
23385,1
23386,3
23387,3
23388,3
23389,3
23390,2
23391,3
23392,3
23393,3
23394,1
23395,3
23396,3
23397,3
23398,2
23399,1
23400,3
23401,3
23402,2
23403,3
23404,3
23405,2
23406,2
23407,1
23408,1
23409,2
23410,3
23411,2
23412,3
23413,1
23414,2
23415,3
23416,2
23417,1
23418,2
23419,1
23420,3
23421,3
23422,3
23423,1
23424,3
23425,3
23426,3
23427,3
23428,3
23429,1
23430,3
23431,4
23432,1
23433,3
23434,3
23435,1
23436,1
23437,3
23438,3
23439,1
23440,3
23441,1
23442,3
23443,0
23444,2
23445,0
23446,0
23447,0
23448,0
23449,0
23450,0
23451,0
23452,0
23453,0
23454,3
23455,0
23456,3
23457,3
23458,4
23459,3
23460,3
23461,1
23462,2
23463,3
23464,2
23465,3
23466,3
23467,3
23468,3
23469,3
23470,0
23471,3
23472,2
23473,3
23474,3
23475,3
23476,3
23477,3
23478,3
23479,0
23480,3
23481,3
23482,3
23483,3
23484,1
23485,2
23486,2
23487,2
23488,2
23489,1
23490,3
23491,3
23492,2
23493,3
23494,3
23495,0
23496,2
23497,3
23498,3
23499,3
23500,3
23501,3
23502,3
23503,3
23504,3
23505,3
23506,3
23507,3
23508,0
23509,3
23510,4
23511,0
23512,0
23513,0
23514,0
23515,0
23516,0
23517,0
23518,0
23519,2
23520,0
23521,0
23522,0
23523,1
23524,3
23525,1
23526,1
23527,1
23528,0
23529,0
23530,0
23531,0
23532,3
23533,3
23534,3
23535,2
23536,3
23537,3
23538,3
23539,3
23540,0
23541,3
23542,1
23543,0
23544,3
23545,0
23546,1
23547,3
23548,1
23549,1
23550,0
23551,1
23552,1
23553,3
23554,2
23555,1
23556,0
23557,1
23558,0
23559,0
23560,3
23561,3
23562,3
23563,3
23564,3
23565,1
23566,3
23567,1
23568,1
23569,1
23570,3
23571,1
23572,3
23573,0
23574,0
23575,0
23576,0
23577,0
23578,0
23579,0
23580,0
23581,4
23582,3
23583,1
23584,3
23585,1
23586,1
23587,1
23588,1
23589,0
23590,0
23591,0
23592,3
23593,0
23594,3
23595,0
23596,0
23597,0
23598,3
23599,1
23600,1
23601,2
23602,3
23603,3
23604,1
23605,0
23606,0
23607,0
23608,0
23609,1
23610,0
23611,3
23612,3
23613,0
23614,1
23615,1
23616,1
23617,3
23618,3
23619,3
23620,3
23621,3
23622,3
23623,1
23624,0
23625,2
23626,0
23627,0
23628,0
23629,0
23630,0
23631,0
23632,1
23633,2
23634,3
23635,3
23636,3
23637,3
23638,2
23639,3
23640,3
23641,3
23642,3
23643,1
23644,1
23645,2
23646,3
23647,2
23648,2
23649,3
23650,3
23651,1
23652,3
23653,3
23654,3
23655,3
23656,3
23657,0
23658,1
23659,1
23660,1
23661,1
23662,5
23663,5
23664,1
23665,2
23666,2
23667,1
23668,0
23669,2
23670,1
23671,1
23672,1
23673,1
23674,1
23675,1
23676,1
23677,1
23678,1
23679,5
23680,1
23681,5
23682,2
23683,1
23684,1
23685,1
23686,1
23687,1
23688,1
23689,5
23690,1
23691,1
23692,1
23693,1
23694,1
23695,2
23696,1
23697,1
23698,1
23699,1
23700,2
23701,1
23702,2
23703,2
23704,2
23705,2
23706,2
23707,2
23708,2
23709,2
23710,2
23711,2
23712,2
23713,2
23714,1
23715,2
23716,2
23717,5
23718,0
23719,4
23720,5
23721,1
23722,2
23723,2
23724,2
23725,2
23726,1
23727,2
23728,0
23729,5
23730,5
23731,5
23732,2
23733,5
23734,2
23735,2
23736,2
23737,5
23738,2
23739,1
23740,1
23741,2
23742,2
23743,2
23744,2
23745,2
23746,2
23747,2
23748,2
23749,2
23750,2
23751,1
23752,2
23753,2
23754,2
23755,0
23756,0
23757,0
23758,0
23759,2
23760,2
23761,4
23762,2
23763,5
23764,2
23765,1
23766,1
23767,1
23768,1
23769,5
23770,5
23771,1
23772,0
23773,0
23774,0
23775,0
23776,5
23777,5
23778,5
23779,1
23780,1
23781,1
23782,1
23783,0
23784,3
23785,1
23786,0
23787,0
23788,0
23789,0
23790,2
23791,2
23792,1
23793,0
23794,0
23795,0
23796,0
23797,0
23798,0
23799,0
23800,0
23801,5
23802,0
23803,0
23804,0
23805,0
23806,0
23807,0
23808,0
23809,0
23810,0
23811,5
23812,0
23813,0
23814,2
23815,0
23816,5
23817,5
23818,0
23819,0
23820,0
23821,0
23822,2
23823,5
23824,5
23825,0
23826,0
23827,0
23828,0
23829,5
23830,0
23831,1
23832,5
23833,1
23834,0
23835,0
23836,0
23837,0
23838,0
23839,1
23840,0
23841,2
23842,2
23843,2
23844,2
23845,2
23846,2
23847,2
23848,0
23849,2
23850,4
23851,2
23852,2
23853,5
23854,0
23855,5
23856,5
23857,5
23858,2
23859,5
23860,5
23861,5
23862,2
23863,2
23864,2
23865,2
23866,2
23867,2
23868,2
23869,0
23870,2
23871,2
23872,2
23873,2
23874,2
23875,2
23876,2
23877,2
23878,5
23879,2
23880,0
23881,2
23882,2
23883,0
23884,2
23885,2
23886,0
23887,1
23888,0
23889,0
23890,0
23891,0
23892,0
23893,0
23894,0
23895,0
23896,2
23897,0
23898,0
23899,2
23900,0
23901,0
23902,2
23903,0
23904,2
23905,2
23906,2
23907,2
23908,2
23909,0
23910,2
23911,0
23912,0
23913,2
23914,2
23915,2
23916,2
23917,2
23918,2
23919,3
23920,1
23921,0
23922,2
23923,0
23924,2
23925,2
23926,1
23927,2
23928,0
23929,0
23930,3
23931,2
23932,3
23933,2
23934,2
23935,4
23936,2
23937,0
23938,2
23939,5
23940,0
23941,3
23942,2
23943,2
23944,4
23945,0
23946,2
23947,2
23948,2
23949,2
23950,1
23951,1
23952,5
23953,2
23954,5
23955,2
23956,2
23957,2
23958,2
23959,1
23960,1
23961,1
23962,2
23963,1
23964,2
23965,2
23966,1
23967,1
23968,5
23969,5
23970,1
23971,1
23972,1
23973,1
23974,1
23975,1
23976,1
23977,1
23978,1
23979,2
23980,1
23981,2
23982,2
23983,2
23984,2
23985,5
23986,2
23987,0
23988,0
23989,0
23990,0
23991,0
23992,0
23993,0
23994,2
23995,0
23996,5
23997,5
23998,4
23999,1
24000,2
24001,2
24002,5
24003,5
24004,2
24005,5
24006,5
24007,0
24008,0
24009,2
24010,2
24011,3
24012,4
24013,3
24014,3
24015,1
24016,3
24017,3
24018,3
24019,0
24020,3
24021,2
24022,2
24023,4
24024,3
24025,3
24026,0
24027,0
24028,3
24029,0
24030,5
24031,2
24032,1
24033,2
24034,0
24035,3
24036,2
24037,0
24038,0
24039,0
24040,5
24041,0
24042,0
24043,0
24044,0
24045,3
24046,0
24047,1
24048,1
24049,0
24050,2
24051,0
24052,4
24053,4
24054,1
24055,0
24056,2
24057,2
24058,2
24059,2
24060,3
24061,2
24062,3
24063,2
24064,2
24065,2
24066,2
24067,2
24068,2
24069,2
24070,2
24071,2
24072,5
24073,5
24074,5
24075,5
24076,5
24077,5
24078,5
24079,5
24080,5
24081,5
24082,5
24083,2
24084,0
24085,5
24086,5
24087,1
24088,0
24089,5
24090,2
24091,2
24092,2
24093,1
24094,1
24095,1
24096,1
24097,5
24098,4
24099,2
24100,3
24101,0
24102,3
24103,0
24104,0
24105,1
24106,1
24107,1
24108,5
24109,0
24110,0
24111,0
24112,0
24113,0
24114,0
24115,0
24116,4
24117,1
24118,1
24119,1
24120,0
24121,0
24122,0
24123,0
24124,1
24125,4
24126,2
24127,2
24128,3
24129,0
24130,0
24131,0
24132,0
24133,1
24134,0
24135,0
24136,0
24137,0
24138,0
24139,0
24140,4
24141,0
24142,1
24143,0
24144,0
24145,2
24146,0
24147,0
24148,0
24149,0
24150,0
24151,0
24152,0
24153,2
24154,0
24155,1
24156,3
24157,0
24158,0
24159,5
24160,2
24161,2
24162,2
24163,0
24164,0
24165,0
24166,0
24167,0
24168,0
24169,0
24170,0
24171,2
24172,2
24173,3
24174,0
24175,2
24176,1
24177,5
24178,1
24179,5
24180,2
24181,2
24182,1
24183,0
24184,2
24185,0
24186,2
24187,0
24188,5
24189,5
24190,5
24191,5
24192,5
24193,1
24194,1
24195,1
24196,2
24197,2
24198,5
24199,5
24200,1
24201,2
24202,2
24203,0
24204,2
24205,2
24206,2
24207,0
24208,0
24209,2
24210,2
24211,2
24212,2
24213,2
24214,2
24215,2
24216,1
24217,2
24218,2
24219,2
24220,5
24221,2
24222,2
24223,2
24224,1
24225,1
24226,1
24227,0
24228,1
24229,5
24230,1
24231,1
24232,2
24233,4
24234,4
24235,2
24236,4
24237,2
24238,0
24239,0
24240,0
24241,1
24242,1
24243,1
24244,0
24245,1
24246,2
24247,2
24248,5
24249,3
24250,4
24251,2
24252,3
24253,0
24254,2
24255,2
24256,3
24257,3
24258,3
24259,2
24260,5
24261,2
24262,2
24263,3
24264,2
24265,2
24266,2
24267,2
24268,2
24269,2
24270,2
24271,2
24272,2
24273,2
24274,2
24275,3
24276,3
24277,1
24278,1
24279,0
24280,1
24281,1
24282,0
24283,4
24284,4
24285,0
24286,2
24287,3
24288,0
24289,2
24290,5
24291,2
24292,2
24293,0
24294,3
24295,2
24296,0
24297,5
24298,4
24299,0
24300,3
24301,1
24302,0
24303,0
24304,0
24305,0
24306,1
24307,1
24308,5
24309,5
24310,5
24311,1
24312,1
24313,3
24314,0
24315,0
24316,0
24317,0
24318,0
24319,0
24320,0
24321,0
24322,0
24323,0
24324,0
24325,0
24326,4
24327,4
24328,3
24329,1
24330,1
24331,1
24332,2
24333,3
24334,2
24335,1
24336,3
24337,2
24338,1
24339,2
24340,1
24341,2
24342,2
24343,2
24344,2
24345,1
24346,1
24347,1
24348,1
24349,1
24350,1
24351,1
24352,1
24353,1
24354,1
24355,0
24356,0
24357,0
24358,0
24359,0
24360,0
24361,3
24362,2
24363,0
24364,2
24365,0
24366,1
24367,1
24368,1
24369,4
24370,1
24371,1
24372,1
24373,2
24374,1
24375,2
24376,4
24377,2
24378,2
24379,0
24380,2
24381,2
24382,1
24383,0
24384,1
24385,2
24386,5
24387,0
24388,0
24389,0
24390,2
24391,0
24392,0
24393,0
24394,0
24395,0
24396,0
24397,2
24398,0
24399,0
24400,0
24401,0
24402,0
24403,0
24404,0
24405,0
24406,4
24407,0
24408,0
24409,0
24410,0
24411,0
24412,2
24413,0
24414,0
24415,0
24416,0
24417,0
24418,0
24419,2
24420,2
24421,1
24422,1
24423,0
24424,0
24425,0
24426,2
24427,2
24428,0
24429,0
24430,2
24431,0
24432,0
24433,0
24434,0
24435,0
24436,0
24437,0
24438,0
24439,0
24440,0
24441,0
24442,1
24443,4
24444,1
24445,4
24446,1
24447,1
24448,2
24449,3
24450,2
24451,1
24452,0
24453,0
24454,0
24455,0
24456,0
24457,0
24458,0
24459,0
24460,0
24461,0
24462,0
24463,1
24464,1
24465,3
24466,3
24467,0
24468,0
24469,0
24470,0
24471,2
24472,3
24473,0
24474,5
24475,3
24476,2
24477,3
24478,2
24479,4
24480,3
24481,2
24482,4
24483,3
24484,1
24485,3
24486,1
24487,3
24488,1
24489,2
24490,1
24491,1
24492,0
24493,2
24494,3
24495,3
24496,2
24497,3
24498,3
24499,5
24500,3
24501,3
24502,3
24503,3
24504,1
24505,3
24506,1
24507,1
24508,3
24509,3
24510,0
24511,1
24512,0
24513,1
24514,1
24515,1
24516,1
24517,1
24518,5
24519,2
24520,2
24521,1
24522,2
24523,1
24524,2
24525,0
24526,0
24527,3
24528,1
24529,2
24530,3
24531,2
24532,0
24533,3
24534,0
24535,0
24536,0
24537,1
24538,0
24539,3
24540,0
24541,0
24542,0
24543,0
24544,1
24545,0
24546,1
24547,0
24548,0
24549,3
24550,3
24551,1
24552,1
24553,3
24554,2
24555,1
24556,3
24557,1
24558,3
24559,3
24560,0
24561,0
24562,3
24563,3
24564,0
24565,2
24566,2
24567,0
24568,2
24569,2
24570,2
24571,2
24572,2
24573,3
24574,2
24575,2
24576,2
24577,4
24578,2
24579,3
24580,0
24581,5
24582,0
24583,3
24584,0
24585,3
24586,0
24587,3
24588,0
24589,1
24590,2
24591,4
24592,0
24593,2
24594,0
24595,1
24596,3
24597,3
24598,2
24599,0
24600,3
24601,3
24602,2
24603,4
24604,4
24605,4
24606,4
24607,3
24608,1
24609,1
24610,4
24611,4
24612,3
24613,3
24614,3
24615,4
24616,4
24617,2
24618,0
24619,0
24620,0
24621,4
24622,0
24623,4
24624,2
24625,4
24626,1
24627,4
24628,4
24629,1
24630,4
24631,4
24632,4
24633,4
24634,3
24635,4
24636,4
24637,4
24638,4
24639,4
24640,1
24641,1
24642,2
24643,2
24644,1
24645,2
24646,2
24647,2
24648,2
24649,0
24650,4
24651,4
24652,4
24653,4
24654,4
24655,4
24656,1
24657,3
24658,3
24659,4
24660,3
24661,3
24662,1
24663,3
24664,4
24665,3
24666,4
24667,4
24668,4
24669,4
24670,4
24671,2
24672,4
24673,4
24674,2
24675,4
24676,4
24677,2
24678,4
24679,4
24680,1
24681,0
24682,0
24683,4
24684,4
24685,4
24686,2
24687,2
24688,2
24689,4
24690,1
24691,4
24692,3
24693,2
24694,4
24695,3
24696,4
24697,4
24698,2
24699,4
24700,4
24701,4
24702,2
24703,2
24704,4
24705,3
24706,4
24707,3
24708,2
24709,2
24710,2
24711,2
24712,2
24713,2
24714,2
24715,3
24716,4
24717,0
24718,1
24719,4
24720,4
24721,4
24722,4
24723,4
24724,1
24725,1
24726,1
24727,0
24728,4
24729,0
24730,4
24731,2
24732,3
24733,3
24734,2
24735,3
24736,2
24737,4
24738,0
24739,2
24740,2
24741,3
24742,2
24743,2
24744,2
24745,2
24746,2
24747,3
24748,3
24749,3
24750,2
24751,2
24752,2
24753,2
24754,2
24755,2
24756,2
24757,2
24758,2
24759,2
24760,2
24761,2
24762,2
24763,2
24764,3
24765,2
24766,2
24767,2
24768,2
24769,2
24770,2
24771,3
24772,3
24773,3
24774,2
24775,2
24776,2
24777,2
24778,3
24779,2
24780,2
24781,2
24782,2
24783,2
24784,2
24785,2
24786,3
24787,3
24788,3
24789,2
24790,2
24791,2
24792,2
24793,2
24794,2
24795,2
24796,2
24797,2
24798,2
24799,2
24800,2
24801,3
24802,2
24803,3
24804,2
24805,2
24806,3
24807,3
24808,2
24809,2
24810,3
24811,2
24812,2
24813,3
24814,3
24815,3
24816,3
24817,2
24818,0
24819,2
24820,0
24821,3
24822,0
24823,0
24824,0
24825,0
24826,0
24827,0
24828,0
24829,3
24830,2
24831,2
24832,1
24833,3
24834,1
24835,1
24836,0
24837,4
24838,0
24839,2
24840,0
24841,4
24842,3
24843,3
24844,2
24845,3
24846,2
24847,1
24848,1
24849,0
24850,4
24851,1
24852,4
24853,0
24854,4
24855,4
24856,4
24857,2
24858,4
24859,3
24860,2
24861,0
24862,2
24863,2
24864,0
24865,0
24866,0
24867,0
24868,4
24869,2
24870,0
24871,0
24872,0
24873,0
24874,0
24875,2
24876,3
24877,3
24878,3
24879,2
24880,2
24881,1
24882,3
24883,3
24884,3
24885,3
24886,0
24887,3
24888,3
24889,0
24890,3
24891,2
24892,4
24893,0
24894,3
24895,3
24896,1
24897,0
24898,3
24899,0
24900,2
24901,4
24902,3
24903,2
24904,0
24905,4
24906,0
24907,0
24908,0
24909,2
24910,2
24911,2
24912,2
24913,2
24914,2
24915,0
24916,2
24917,2
24918,2
24919,2
24920,4
24921,4
24922,4
24923,2
24924,0
24925,4
24926,3
24927,4
24928,3
24929,0
24930,4
24931,2
24932,0
24933,4
24934,1
24935,1
24936,1
24937,3
24938,3
24939,3
24940,1
24941,3
24942,3
24943,3
24944,3
24945,3
24946,3
24947,3
24948,3
24949,3
24950,0
24951,3
24952,0
24953,0
24954,0
24955,3
24956,2
24957,3
24958,3
24959,3
24960,3
24961,3
24962,3
24963,3
24964,0
24965,4
24966,3
24967,3
24968,3
24969,2
24970,2
24971,3
24972,2
24973,1
24974,3
24975,3
24976,3
24977,1
24978,0
24979,1
24980,0
24981,3
24982,3
24983,3
24984,3
24985,0
24986,0
24987,2
24988,2
24989,2
24990,0
24991,3
24992,0
24993,2
24994,2
24995,3
24996,2
24997,0
24998,2
24999,0
25000,2
25001,1
25002,0
25003,0
25004,3
25005,2
25006,0
25007,3
25008,3
25009,3
25010,0
25011,3
25012,1
25013,3
25014,2
25015,2
25016,2
25017,2
25018,0
25019,2
25020,3
25021,3
25022,5
25023,2
25024,3
25025,2
25026,3
25027,2
25028,3
25029,0
25030,3
25031,0
25032,3
25033,3
25034,2
25035,0
25036,2
25037,3
25038,2
25039,3
25040,3
25041,2
25042,2
25043,0
25044,3
25045,0
25046,1
25047,2
25048,0
25049,1
25050,3
25051,0
25052,3
25053,3
25054,2
25055,2
25056,3
25057,2
25058,3
25059,5
25060,0
25061,3
25062,0
25063,3
25064,3
25065,3
25066,3
25067,3
25068,3
25069,0
25070,0
25071,0
25072,0
25073,0
25074,0
25075,0
25076,1
25077,1
25078,1
25079,0
25080,3
25081,3
25082,0
25083,0
25084,0
25085,0
25086,0
25087,0
25088,3
25089,3
25090,3
25091,0
25092,0
25093,3
25094,0
25095,0
25096,2
25097,0
25098,0
25099,0
25100,0
25101,0
25102,0
25103,0
25104,0
25105,2
25106,0
25107,0
25108,0
25109,0
25110,0
25111,0
25112,0
25113,3
25114,0
25115,0
25116,0
25117,0
25118,0
25119,0
25120,0
25121,4
25122,5
25123,0
25124,3
25125,3
25126,3
25127,0
25128,3
25129,3
25130,3
25131,3
25132,3
25133,3
25134,3
25135,3
25136,3
25137,0
25138,0
25139,0
25140,0
25141,0
25142,0
25143,2
25144,2
25145,2
25146,2
25147,3
25148,3
25149,3
25150,3
25151,3
25152,3
25153,3
25154,0
25155,0
25156,0
25157,0
25158,0
25159,0
25160,0
25161,0
25162,0
25163,0
25164,0
25165,0
25166,0
25167,0
25168,0
25169,0
25170,0
25171,0
25172,3
25173,3
25174,3
25175,3
25176,3
25177,4
25178,3
25179,3
25180,3
25181,3
25182,3
25183,3
25184,3
25185,3
25186,3
25187,3
25188,3
25189,1
25190,3
25191,3
25192,3
25193,3
25194,3
25195,3
25196,0
25197,0
25198,0
25199,0
25200,0
25201,0
25202,0
25203,0
25204,0
25205,0
25206,3
25207,0
25208,0
25209,0
25210,0
25211,0
25212,0
25213,0
25214,0
25215,0
25216,3
25217,0
25218,4
25219,4
25220,1
25221,0
25222,0
25223,0
25224,3
25225,4
25226,4
25227,3
25228,4
25229,3
25230,4
25231,0
25232,3
25233,1
25234,3
25235,3
25236,3
25237,3
25238,3
25239,3
25240,3
25241,3
25242,3
25243,0
25244,1
25245,0
25246,0
25247,0
25248,0
25249,0
25250,0
25251,0
25252,2
25253,0
25254,0
25255,0
25256,3
25257,0
25258,0
25259,3
25260,2
25261,2
25262,0
25263,3
25264,3
25265,0
25266,3
25267,0
25268,0
25269,0
25270,3
25271,3
25272,3
25273,1
25274,5
25275,0
25276,0
25277,0
25278,0
25279,0
25280,0
25281,0
25282,3
25283,3
25284,3
25285,1
25286,3
25287,0
25288,0
25289,0
25290,0
25291,0
25292,2
25293,0
25294,0
25295,3
25296,0
25297,3
25298,0
25299,0
25300,1
25301,1
25302,3
25303,3
25304,3
25305,1
25306,1
25307,3
25308,3
25309,3
25310,3
25311,3
25312,3
25313,1
25314,3
25315,3
25316,3
25317,0
25318,1
25319,1
25320,1
25321,3
25322,3
25323,3
25324,0
25325,0
25326,0
25327,0
25328,0
25329,3
25330,3
25331,0
25332,3
25333,3
25334,0
25335,3
25336,2
25337,3
25338,3
25339,3
25340,3
25341,3
25342,0
25343,3
25344,3
25345,3
25346,3
25347,4
25348,0
25349,3
25350,3
25351,3
25352,3
25353,3
25354,3
25355,3
25356,3
25357,3
25358,1
25359,2
25360,3
25361,1
25362,2
25363,3
25364,3
25365,1
25366,1
25367,3
25368,3
25369,3
25370,0
25371,3
25372,3
25373,3
25374,3
25375,1
25376,3
25377,0
25378,1
25379,1
25380,3
25381,0
25382,3
25383,2
25384,3
25385,3
25386,3
25387,3
25388,3
25389,1
25390,3
25391,0
25392,3
25393,3
25394,3
25395,0
25396,3
25397,3
25398,3
25399,3
25400,3
25401,1
25402,3
25403,1
25404,3
25405,3
25406,3
25407,3
25408,0
25409,1
25410,0
25411,3
25412,3
25413,3
25414,3
25415,3
25416,3
25417,4
25418,3
25419,4
25420,3
25421,0
25422,0
25423,0
25424,3
25425,1
25426,1
25427,3
25428,3
25429,3
25430,3
25431,0
25432,0
25433,3
25434,3
25435,3
25436,3
25437,3
25438,3
25439,3
25440,3
25441,3
25442,3
25443,1
25444,3
25445,3
25446,3
25447,1
25448,2
25449,0
25450,3
25451,3
25452,1
25453,1
25454,3
25455,0
25456,0
25457,0
25458,0
25459,3
25460,3
25461,1
25462,3
25463,3
25464,3
25465,3
25466,3
25467,3
25468,3
25469,0
25470,1
25471,0
25472,3
25473,1
25474,2
25475,0
25476,3
25477,3
25478,3
25479,3
25480,0
25481,1
25482,2
25483,3
25484,2
25485,2
25486,3
25487,3
25488,3
25489,2
25490,0
25491,0
25492,0
25493,1
25494,2
25495,2
25496,3
25497,0
25498,2
25499,0
25500,2
25501,0
25502,0
25503,3
25504,2
25505,2
25506,0
25507,3
25508,3
25509,3
25510,0
25511,2
25512,2
25513,1
25514,3
25515,3
25516,3
25517,1
25518,3
25519,3
25520,3
25521,3
25522,2
25523,0
25524,0
25525,3
25526,0
25527,0
25528,3
25529,3
25530,3
25531,3
25532,3
25533,0
25534,0
25535,0
25536,1
25537,0
25538,0
25539,0
25540,0
25541,3
25542,1
25543,0
25544,3
25545,3
25546,3
25547,3
25548,3
25549,3
25550,3
25551,1
25552,1
25553,0
25554,2
25555,0
25556,0
25557,0
25558,3
25559,1
25560,1
25561,2
25562,0
25563,0
25564,0
25565,3
25566,3
25567,3
25568,3
25569,0
25570,0
25571,0
25572,3
25573,4
25574,1
25575,3
25576,3
25577,3
25578,3
25579,1
25580,0
25581,0
25582,0
25583,0
25584,0
25585,0
25586,0
25587,0
25588,4
25589,0
25590,0
25591,0
25592,0
25593,0
25594,0
25595,0
25596,0
25597,0
25598,0
25599,0
25600,0
25601,0
25602,0
25603,0
25604,0
25605,0
25606,0
25607,2
25608,1
25609,1
25610,1
25611,0
25612,0
25613,0
25614,0
25615,2
25616,2
25617,2
25618,2
25619,0
25620,2
25621,3
25622,2
25623,2
25624,2
25625,2
25626,2
25627,2
25628,0
25629,2
25630,2
25631,2
25632,3
25633,2
25634,2
25635,3
25636,2
25637,2
25638,2
25639,3
25640,2
25641,2
25642,2
25643,3
25644,3
25645,2
25646,2
25647,2
25648,2
25649,2
25650,2
25651,2
25652,2
25653,3
25654,2
25655,2
25656,2
25657,2
25658,2
25659,2
25660,2
25661,2
25662,3
25663,2
25664,2
25665,2
25666,2
25667,2
25668,2
25669,3
25670,2
25671,2
25672,3
25673,3
25674,2
25675,2
25676,2
25677,2
25678,2
25679,2
25680,2
25681,2
25682,2
25683,2
25684,2
25685,3
25686,3
25687,2
25688,2
25689,3
25690,2
25691,2
25692,2
25693,2
25694,2
25695,3
25696,2
25697,2
25698,2
25699,2
25700,2
25701,2
25702,3
25703,2
25704,2
25705,2
25706,2
25707,2
25708,3
25709,2
25710,2
25711,2
25712,2
25713,2
25714,3
25715,2
25716,2
25717,2
25718,2
25719,2
25720,2
25721,3
25722,2
25723,3
25724,3
25725,2
25726,2
25727,2
25728,2
25729,2
25730,2
25731,2
25732,2
25733,2
25734,2
25735,3
25736,2
25737,2
25738,3
25739,2
25740,2
25741,3
25742,2
25743,5
25744,2
25745,3
25746,3
25747,2
25748,2
25749,3
25750,3
25751,3
25752,2
25753,3
25754,2
25755,2
25756,2
25757,2
25758,3
25759,2
25760,2
25761,2
25762,2
25763,2
25764,2
25765,2
25766,3
25767,2
25768,2
25769,2
25770,2
25771,2
25772,2
25773,2
25774,2
25775,2
25776,2
25777,3
25778,2
25779,2
25780,3
25781,2
25782,2
25783,2
25784,2
25785,2
25786,3
25787,2
25788,3
25789,3
25790,2
25791,2
25792,3
25793,3
25794,2
25795,2
25796,2
25797,2
25798,3
25799,2
25800,2
25801,2
25802,2
25803,2
25804,3
25805,2
25806,2
25807,3
25808,5
25809,5
25810,3
25811,0
25812,3
25813,3
25814,3
25815,1
25816,2
25817,3
25818,4
25819,2
25820,2
25821,2
25822,3
25823,2
25824,3
25825,2
25826,5
25827,2
25828,2
25829,2
25830,0
25831,0
25832,0
25833,3
25834,2
25835,3
25836,3
25837,3
25838,3
25839,0
25840,5
25841,2
25842,5
25843,3
25844,3
25845,0
25846,3
25847,0
25848,5
25849,0
25850,0
25851,0
25852,3
25853,3
25854,3
25855,3
25856,3
25857,3
25858,3
25859,3
25860,3
25861,0
25862,4
25863,2
25864,2
25865,3
25866,3
25867,3
25868,3
25869,2
25870,2
25871,3
25872,0
25873,1
25874,1
25875,5
25876,5
25877,3
25878,5
25879,0
25880,3
25881,4
25882,3
25883,3
25884,4
25885,0
25886,0
25887,0
25888,0
25889,0
25890,0
25891,0
25892,0
25893,0
25894,0
25895,0
25896,0
25897,0
25898,3
25899,0
25900,0
25901,0
25902,0
25903,0
25904,0
25905,0
25906,0
25907,0
25908,0
25909,2
25910,2
25911,0
25912,2
25913,3
25914,3
25915,3
25916,5
25917,3
25918,3
25919,3
25920,2
25921,3
25922,3
25923,0
25924,3
25925,3
25926,3
25927,3
25928,1
25929,3
25930,3
25931,3
25932,3
25933,3
25934,2
25935,3
25936,0
25937,0
25938,0
25939,2
25940,3
25941,3
25942,3
25943,0
25944,3
25945,3
25946,3
25947,0
25948,3
25949,2
25950,5
25951,2
25952,0
25953,3
25954,3
25955,3
25956,3
25957,3
25958,3
25959,3
25960,0
25961,3
25962,3
25963,0
25964,0
25965,3
25966,3
25967,3
25968,3
25969,3
25970,3
25971,3
25972,3
25973,3
25974,3
25975,0
25976,2
25977,2
25978,3
25979,3
25980,3
25981,0
25982,0
25983,0
25984,3
25985,3
25986,2
25987,0
25988,3
25989,0
25990,0
25991,2
25992,3
25993,3
25994,3
25995,3
25996,3
25997,2
25998,3
25999,2
26000,3
26001,3
26002,3
26003,3
26004,3
26005,3
26006,5
26007,2
26008,3
26009,0
26010,3
26011,2
26012,0
26013,3
26014,3
26015,5
26016,2
26017,0
26018,3
26019,0
26020,2
26021,3
26022,3
26023,5
26024,5
26025,0
26026,2
26027,5
26028,2
26029,0
26030,2
26031,0
26032,0
26033,0
26034,0
26035,2
26036,5
26037,5
26038,0
26039,1
26040,3
26041,3
26042,3
26043,0
26044,0
26045,5
26046,0
26047,0
26048,0
26049,2
26050,2
26051,2
26052,0
26053,2
26054,5
26055,3
26056,0
26057,3
26058,3
26059,2
26060,0
26061,2
26062,0
26063,3
26064,3
26065,3
26066,2
26067,4
26068,3
26069,3
26070,0
26071,0
26072,0
26073,5
26074,5
26075,0
26076,3
26077,3
26078,3
26079,0
26080,0
26081,0
26082,0
26083,0
26084,0
26085,3
26086,3
26087,2
26088,0
26089,3
26090,0
26091,0
26092,0
26093,0
26094,0
26095,0
26096,2
26097,0
26098,2
26099,3
26100,0
26101,0
26102,0
26103,2
26104,3
26105,0
26106,0
26107,0
26108,3
26109,3
26110,4
26111,2
26112,0
26113,3
26114,0
26115,0
26116,0
26117,0
26118,5
26119,0
26120,2
26121,0
26122,0
26123,1
26124,0
26125,0
26126,2
26127,2
26128,2
26129,3
26130,3
26131,3
26132,2
26133,2
26134,3
26135,4
26136,1
26137,5
26138,5
26139,0
26140,0
26141,2
26142,0
26143,2
26144,0
26145,3
26146,0
26147,3
26148,3
26149,3
26150,0
26151,3
26152,0
26153,0
26154,3
26155,0
26156,3
26157,3
26158,0
26159,3
26160,0
26161,3
26162,0
26163,3
26164,3
26165,0
26166,2
26167,0
26168,0
26169,0
26170,3
26171,3
26172,0
26173,5
26174,3
26175,0
26176,3
26177,3
26178,3
26179,3
26180,3
26181,3
26182,1
26183,3
26184,3
26185,3
26186,3
26187,3
26188,3
26189,0
26190,3
26191,2
26192,5
26193,3
26194,3
26195,3
26196,0
26197,3
26198,3
26199,0
26200,3
26201,3
26202,3
26203,3
26204,3
26205,3
26206,3
26207,3
26208,3
26209,3
26210,3
26211,3
26212,3
26213,3
26214,3
26215,3
26216,3
26217,3
26218,3
26219,3
26220,3
26221,3
26222,3
26223,3
26224,3
26225,3
26226,3
26227,3
26228,3
26229,0
26230,0
26231,3
26232,1
26233,3
26234,3
26235,3
26236,3
26237,3
26238,3
26239,3
26240,1
26241,1
26242,1
26243,1
26244,1
26245,1
26246,3
26247,3
26248,3
26249,3
26250,1
26251,1
26252,1
26253,1
26254,1
26255,1
26256,1
26257,1
26258,1
26259,3
26260,3
26261,3
26262,0
26263,1
26264,1
26265,3
26266,2
26267,2
26268,3
26269,2
26270,2
26271,2
26272,3
26273,3
26274,2
26275,0
26276,2
26277,2
26278,0
26279,2
26280,2
26281,3
26282,2
26283,2
26284,3
26285,2
26286,2
26287,0
26288,2
26289,3
26290,3
26291,3
26292,3
26293,2
26294,3
26295,3
26296,3
26297,3
26298,3
26299,3
26300,1
26301,1
26302,3
26303,1
26304,3
26305,3
26306,3
26307,3
26308,3
26309,3
26310,3
26311,3
26312,3
26313,3
26314,3
26315,2
26316,3
26317,3
26318,3
26319,3
26320,3
26321,3
26322,3
26323,3
26324,3
26325,1
26326,1
26327,3
26328,1
26329,1
26330,3
26331,3
26332,3
26333,3
26334,0
26335,0
26336,3
26337,0
26338,3
26339,0
26340,0
26341,0
26342,3
26343,3
26344,3
26345,3
26346,3
26347,3
26348,3
26349,0
26350,3
26351,0
26352,3
26353,1
26354,1
26355,1
26356,3
26357,1
26358,1
26359,3
26360,3
26361,3
26362,3
26363,0
26364,0
26365,0
26366,0
26367,0
26368,0
26369,0
26370,0
26371,0
26372,0
26373,3
26374,3
26375,1
26376,3
26377,3
26378,0
26379,0
26380,3
26381,0
26382,3
26383,0
26384,0
26385,3
26386,0
26387,3
26388,3
26389,3
26390,3
26391,3
26392,3
26393,3
26394,3
26395,3
26396,0
26397,3
26398,0
26399,0
26400,0
26401,3
26402,3
26403,3
26404,3
26405,1
26406,3
26407,3
26408,0
26409,3
26410,1
26411,1
26412,3
26413,1
26414,0
26415,3
26416,0
26417,0
26418,3
26419,3
26420,0
26421,3
26422,3
26423,0
26424,3
26425,3
26426,0
26427,0
26428,2
26429,2
26430,2
26431,2
26432,2
26433,3
26434,3
26435,2
26436,3
26437,3
26438,3
26439,3
26440,3
26441,2
26442,0
26443,0
26444,0
26445,3
26446,3
26447,3
26448,3
26449,3
26450,3
26451,3
26452,3
26453,3
26454,3
26455,3
26456,3
26457,3
26458,1
26459,3
26460,3
26461,3
26462,3
26463,3
26464,3
26465,3
26466,3
26467,3
26468,3
26469,3
26470,3
26471,3
26472,0
26473,0
26474,0
26475,3
26476,3
26477,3
26478,3
26479,0
26480,3
26481,3
26482,3
26483,3
26484,3
26485,3
26486,2
26487,3
26488,0
26489,3
26490,3
26491,0
26492,0
26493,2
26494,2
26495,2
26496,2
26497,0
26498,2
26499,3
26500,3
26501,0
26502,3
26503,3
26504,2
26505,0
26506,0
26507,2
26508,3
26509,3
26510,0
26511,3
26512,3
26513,3
26514,3
26515,3
26516,3
26517,0
26518,0
26519,0
26520,2
26521,2
26522,2
26523,0
26524,2
26525,2
26526,3
26527,0
26528,0
26529,0
26530,3
26531,3
26532,3
26533,0
26534,3
26535,1
26536,0
26537,3
26538,3
26539,2
26540,2
26541,1
26542,1
26543,1
26544,2
26545,3
26546,3
26547,3
26548,1
26549,2
26550,3
26551,3
26552,2
26553,0
26554,2
26555,2
26556,0
26557,2
26558,2
26559,0
26560,2
26561,3
26562,3
26563,3
26564,3
26565,2
26566,2
26567,0
26568,0
26569,0
26570,3
26571,0
26572,0
26573,2
26574,2
26575,3
26576,2
26577,0
26578,3
26579,0
26580,3
26581,2
26582,3
26583,3
26584,3
26585,2
26586,2
26587,3
26588,0
26589,3
26590,3
26591,2
26592,2
26593,3
26594,2
26595,2
26596,0
26597,2
26598,3
26599,2
26600,3
26601,0
26602,0
26603,0
26604,3
26605,2
26606,0
26607,0
26608,3
26609,3
26610,3
26611,0
26612,3
26613,3
26614,3
26615,1
26616,3
26617,0
26618,1
26619,1
26620,1
26621,1
26622,3
26623,3
26624,3
26625,3
26626,0
26627,0
26628,3
26629,3
26630,3
26631,3
26632,2
26633,3
26634,3
26635,3
26636,3
26637,3
26638,0
26639,0
26640,0
26641,0
26642,0
26643,0
26644,3
26645,0
26646,0
26647,3
26648,3
26649,0
26650,3
26651,3
26652,3
26653,3
26654,3
26655,3
26656,3
26657,1
26658,3
26659,0
26660,3
26661,3
26662,3
26663,3
26664,2
26665,2
26666,2
26667,2
26668,2
26669,2
26670,2
26671,3
26672,2
26673,2
26674,2
26675,3
26676,2
26677,3
26678,2
26679,0
26680,3
26681,3
26682,3
26683,3
26684,1
26685,3
26686,1
26687,3
26688,3
26689,1
26690,0
26691,0
26692,0
26693,0
26694,1
26695,2
26696,2
26697,2
26698,3
26699,3
26700,3
26701,3
26702,0
26703,0
26704,2
26705,0
26706,0
26707,0
26708,0
26709,0
26710,0
26711,0
26712,0
26713,0
26714,0
26715,3
26716,1
26717,1
26718,1
26719,1
26720,1
26721,3
26722,3
26723,3
26724,3
26725,3
26726,2
26727,3
26728,0
26729,0
26730,0
26731,0
26732,0
26733,0
26734,1
26735,0
26736,1
26737,3
26738,3
26739,3
26740,1
26741,1
26742,3
26743,3
26744,3
26745,3
26746,3
26747,3
26748,3
26749,2
26750,2
26751,3
26752,2
26753,3
26754,1
26755,1
26756,2
26757,2
26758,2
26759,3
26760,3
26761,2
26762,2
26763,2
26764,2
26765,2
26766,2
26767,2
26768,0
26769,2
26770,2
26771,2
26772,2
26773,2
26774,3
26775,2
26776,2
26777,2
26778,2
26779,2
26780,2
26781,2
26782,2
26783,2
26784,2
26785,2
26786,2
26787,2
26788,3
26789,2
26790,3
26791,1
26792,1
26793,2
26794,0
26795,2
26796,2
26797,2
26798,2
26799,3
26800,2
26801,2
26802,2
26803,3
26804,3
26805,3
26806,1
26807,1
26808,3
26809,3
26810,1
26811,4
26812,3
26813,1
26814,3
26815,0
26816,3
26817,3
26818,2
26819,2
26820,2
26821,1
26822,3
26823,2
26824,3
26825,2
26826,2
26827,2
26828,2
26829,3
26830,1
26831,0
26832,1
26833,1
26834,1
26835,3
26836,3
26837,1
26838,0
26839,2
26840,3
26841,1
26842,3
26843,1
26844,3
26845,1
26846,3
26847,3
26848,3
26849,3
26850,3
26851,2
26852,2
26853,3
26854,2
26855,2
26856,3
26857,3
26858,3
26859,3
26860,1
26861,1
26862,4
26863,3
26864,3
26865,3
26866,3
26867,1
26868,0
26869,3
26870,1
26871,3
26872,1
26873,3
26874,1
26875,1
26876,3
26877,1
26878,1
26879,1
26880,1
26881,0
26882,2
26883,0
26884,1
26885,0
26886,0
26887,1
26888,1
26889,1
26890,1
26891,3
26892,1
26893,2
26894,1
26895,1
26896,1
26897,1
26898,1
26899,1
26900,1
26901,1
26902,3
26903,4
26904,3
26905,3
26906,3
26907,3
26908,2
26909,2
26910,2
26911,3
26912,3
26913,3
26914,3
26915,3
26916,0
26917,3
26918,2
26919,0
26920,1
26921,0
26922,3
26923,3
26924,3
26925,3
26926,2
26927,3
26928,3
26929,3
26930,3
26931,2
26932,0
26933,0
26934,0
26935,0
26936,0
26937,0
26938,3
26939,0
26940,0
26941,0
26942,3
26943,2
26944,3
26945,3
26946,3
26947,3
26948,3
26949,3
26950,3
26951,3
26952,1
26953,3
26954,3
26955,3
26956,4
26957,4
26958,4
26959,3
26960,3
26961,1
26962,1
26963,0
26964,3
26965,3
26966,3
26967,4
26968,3
26969,1
26970,3
26971,3
26972,1
26973,3
26974,0
26975,1
26976,3
26977,3
26978,3
26979,3
26980,3
26981,3
26982,3
26983,0
26984,3
26985,3
26986,3
26987,3
26988,3
26989,3
26990,4
26991,1
26992,3
26993,3
26994,1
26995,1
26996,1
26997,3
26998,1
26999,4
27000,3
27001,1
27002,1
27003,1
27004,1
27005,3
27006,3
27007,0
27008,3
27009,3
27010,3
27011,2
27012,2
27013,2
27014,3
27015,1
27016,3
27017,3
27018,3
27019,3
27020,3
27021,4
27022,3
27023,1
27024,3
27025,1
27026,4
27027,3
27028,3
27029,3
27030,3
27031,3
27032,3
27033,1
27034,1
27035,1
27036,1
27037,1
27038,1
27039,1
27040,2
27041,3
27042,2
27043,2
27044,3
27045,3
27046,3
27047,3
27048,0
27049,3
27050,2
27051,2
27052,3
27053,3
27054,2
27055,2
27056,2
27057,3
27058,3
27059,0
27060,1
27061,1
27062,2
27063,2
27064,2
27065,2
27066,2
27067,2
27068,2
27069,2
27070,3
27071,2
27072,2
27073,2
27074,2
27075,1
27076,3
27077,2
27078,3
27079,3
27080,3
27081,3
27082,2
27083,2
27084,3
27085,2
27086,3
27087,2
27088,1
27089,3
27090,2
27091,2
27092,1
27093,3
27094,0
27095,2
27096,2
27097,3
27098,3
27099,0
27100,2
27101,0
27102,0
27103,3
27104,3
27105,4
27106,3
27107,0
27108,0
27109,2
27110,1
27111,1
27112,2
27113,2
27114,1
27115,1
27116,3
27117,2
27118,2
27119,2
27120,2
27121,3
27122,2
27123,2
27124,1
27125,2
27126,2
27127,3
27128,0
27129,3
27130,3
27131,1
27132,3
27133,3
27134,2
27135,3
27136,3
27137,2
27138,3
27139,3
27140,2
27141,2
27142,2
27143,2
27144,2
27145,2
27146,2
27147,2
27148,2
27149,4
27150,2
27151,2
27152,2
27153,2
27154,2
27155,2
27156,2
27157,2
27158,2
27159,2
27160,2
27161,2
27162,2
27163,2
27164,2
27165,0
27166,2
27167,2
27168,2
27169,2
27170,2
27171,2
27172,2
27173,2
27174,2
27175,2
27176,2
27177,2
27178,0
27179,2
27180,2
27181,2
27182,2
27183,5
27184,2
27185,2
27186,2
27187,3
27188,2
27189,2
27190,2
27191,2
27192,2
27193,2
27194,2
27195,2
27196,2
27197,2
27198,2
27199,2
27200,2
27201,2
27202,4
27203,2
27204,0
27205,2
27206,2
27207,2
27208,2
27209,2
27210,2
27211,2
27212,2
27213,2
27214,2
27215,2
27216,4
27217,0
27218,2
27219,2
27220,2
27221,2
27222,2
27223,2
27224,2
27225,2
27226,2
27227,2
27228,2
27229,2
27230,2
27231,2
27232,2
27233,4
27234,2
27235,4
27236,4
27237,4
27238,2
27239,2
27240,2
27241,2
27242,2
27243,4
27244,0
27245,2
27246,4
27247,4
27248,2
27249,4
27250,4
27251,4
27252,2
27253,2
27254,0
27255,2
27256,3
27257,2
27258,4
27259,0
27260,4
27261,0
27262,4
27263,2
27264,0
27265,2
27266,2
27267,2
27268,2
27269,2
27270,2
27271,4
27272,2
27273,4
27274,4
27275,3
27276,2
27277,3
27278,3
27279,3
27280,3
27281,3
27282,2
27283,2
27284,4
27285,4
27286,4
27287,2
27288,3
27289,2
27290,4
27291,2
27292,4
27293,4
27294,2
27295,4
27296,2
27297,3
27298,4
27299,4
27300,4
27301,4
27302,3
27303,0
27304,2
27305,2
27306,2
27307,4
27308,4
27309,3
27310,4
27311,4
27312,4
27313,2
27314,2
27315,4
27316,3
27317,4
27318,2
27319,3
27320,2
27321,0
27322,4
27323,0
27324,4
27325,4
27326,0
27327,2
27328,4
27329,4
27330,0
27331,2
27332,2
27333,2
27334,0
27335,4
27336,4
27337,4
27338,4
27339,4
27340,4
27341,4
27342,2
27343,2
27344,0
27345,2
27346,4
27347,0
27348,4
27349,2
27350,4
27351,3
27352,3
27353,2
27354,2
27355,2
27356,2
27357,0
27358,2
27359,2
27360,4
27361,2
27362,2
27363,0
27364,4
27365,0
27366,2
27367,2
27368,2
27369,4
27370,2
27371,3
27372,0
27373,2
27374,3
27375,0
27376,2
27377,2
27378,0
27379,2
27380,4
27381,2
27382,4
27383,2
27384,2
27385,2
27386,2
27387,0
27388,0
27389,2
27390,2
27391,2
27392,2
27393,4
27394,2
27395,2
27396,4
27397,2
27398,2
27399,2
27400,4
27401,2
27402,2
27403,0
27404,2
27405,2
27406,2
27407,2
27408,3
27409,2
27410,2
27411,2
27412,2
27413,2
27414,4
27415,4
27416,4
27417,4
27418,4
27419,4
27420,2
27421,2
27422,0
27423,2
27424,3
27425,3
27426,0
27427,2
27428,0
27429,0
27430,3
27431,2
27432,4
27433,2
27434,0
27435,4
27436,3
27437,0
27438,2
27439,2
27440,4
27441,2
27442,2
27443,2
27444,4
27445,2
27446,4
27447,2
27448,0
27449,2
27450,2
27451,2
27452,4
27453,2
27454,0
27455,4
27456,2
27457,2
27458,4
27459,1
27460,2
27461,2
27462,0
27463,2
27464,2
27465,2
27466,2
27467,2
27468,2
27469,2
27470,2
27471,2
27472,0
27473,2
27474,2
27475,2
27476,2
27477,2
27478,2
27479,2
27480,2
27481,2
27482,2
27483,4
27484,2
27485,2
27486,4
27487,2
27488,2
27489,4
27490,4
27491,0
27492,2
27493,2
27494,2
27495,2
27496,2
27497,2
27498,2
27499,2
27500,1
27501,2
27502,2
27503,2
27504,2
27505,2
27506,0
27507,2
27508,2
27509,2
27510,2
27511,2
27512,2
27513,2
27514,2
27515,2
27516,2
27517,2
27518,4
27519,2
27520,2
27521,2
27522,2
27523,2
27524,2
27525,2
27526,2
27527,2
27528,2
27529,2
27530,2
27531,2
27532,2
27533,2
27534,0
27535,2
27536,0
27537,2
27538,2
27539,2
27540,2
27541,4
27542,1
27543,2
27544,4
27545,4
27546,3
27547,2
27548,2
27549,0
27550,2
27551,2
27552,4
27553,4
27554,4
27555,2
27556,4
27557,0
27558,2
27559,2
27560,4
27561,4
27562,4
27563,4
27564,2
27565,2
27566,2
27567,3
27568,2
27569,2
27570,4
27571,2
27572,2
27573,2
27574,4
27575,2
27576,4
27577,2
27578,4
27579,2
27580,0
27581,4
27582,2
27583,2
27584,4
27585,2
27586,2
27587,2
27588,2
27589,0
27590,2
27591,2
27592,0
27593,2
27594,2
27595,2
27596,2
27597,2
27598,4
27599,2
27600,2
27601,0
27602,0
27603,0
27604,3
27605,0
27606,2
27607,2
27608,4
27609,2
27610,3
27611,4
27612,0
27613,0
27614,2
27615,3
27616,3
27617,0
27618,2
27619,0
27620,0
27621,3
27622,3
27623,2
27624,2
27625,4
27626,2
27627,0
27628,4
27629,2
27630,2
27631,2
27632,2
27633,2
27634,2
27635,0
27636,2
27637,0
27638,4
27639,2
27640,2
27641,0
27642,2
27643,2
27644,2
27645,2
27646,2
27647,2
27648,2
27649,2
27650,2
27651,2
27652,2
27653,2
27654,2
27655,1
27656,2
27657,2
27658,0
27659,2
27660,2
27661,2
27662,2
27663,2
27664,0
27665,2
27666,2
27667,2
27668,2
27669,2
27670,2
27671,0
27672,2
27673,2
27674,2
27675,2
27676,2
27677,2
27678,1
27679,2
27680,2
27681,2
27682,2
27683,4
27684,2
27685,4
27686,2
27687,2
27688,4
27689,2
27690,2
27691,2
27692,2
27693,2
27694,2
27695,2
27696,2
27697,4
27698,3
27699,2
27700,2
27701,2
27702,2
27703,0
27704,4
27705,3
27706,4
27707,1
27708,2
27709,0
27710,2
27711,4
27712,2
27713,4
27714,3
27715,3
27716,3
27717,0
27718,2
27719,2
27720,4
27721,2
27722,2
27723,4
27724,4
27725,2
27726,2
27727,3
27728,0
27729,4
27730,2
27731,4
27732,2
27733,4
27734,4
27735,3
27736,2
27737,0
27738,0
27739,2
27740,2
27741,2
27742,3
27743,2
27744,2
27745,4
27746,4
27747,4
27748,3
27749,4
27750,4
27751,4
27752,4
27753,4
27754,4
27755,2
27756,4
27757,2
27758,2
27759,2
27760,2
27761,2
27762,2
27763,2
27764,4
27765,2
27766,2
27767,2
27768,4
27769,4
27770,2
27771,2
27772,2
27773,2
27774,4
27775,4
27776,4
27777,4
27778,4
27779,4
27780,4
27781,2
27782,2
27783,2
27784,2
27785,2
27786,2
27787,2
27788,4
27789,2
27790,2
27791,0
27792,2
27793,2
27794,2
27795,4
27796,2
27797,2
27798,2
27799,2
27800,2
27801,2
27802,0
27803,2
27804,4
27805,2
27806,3
27807,2
27808,2
27809,2
27810,2
27811,2
27812,2
27813,2
27814,2
27815,4
27816,2
27817,2
27818,4
27819,2
27820,2
27821,2
27822,2
27823,2
27824,2
27825,2
27826,2
27827,2
27828,2
27829,2
27830,2
27831,2
27832,2
27833,2
27834,2
27835,2
27836,2
27837,2
27838,2
27839,2
27840,2
27841,2
27842,2
27843,2
27844,2
27845,2
27846,2
27847,2
27848,4
27849,2
27850,2
27851,2
27852,2
27853,4
27854,2
27855,2
27856,2
27857,2
27858,2
27859,2
27860,2
27861,4
27862,3
27863,2
27864,2
27865,2
27866,0
27867,2
27868,2
27869,2
27870,2
27871,4
27872,2
27873,2
27874,2
27875,4
27876,2
27877,4
27878,2
27879,5
27880,2
27881,2
27882,0
27883,2
27884,2
27885,2
27886,2
27887,4
27888,4
27889,0
27890,4
27891,0
27892,4
27893,0
27894,2
27895,2
27896,2
27897,2
27898,4
27899,2
27900,2
27901,2
27902,2
27903,2
27904,0
27905,2
27906,4
27907,2
27908,2
27909,2
27910,2
27911,2
27912,2
27913,2
27914,2
27915,2
27916,2
27917,2
27918,2
27919,2
27920,2
27921,2
27922,2
27923,2
27924,2
27925,4
27926,4
27927,0
27928,0
27929,2
27930,2
27931,2
27932,2
27933,2
27934,2
27935,2
27936,2
27937,4
27938,4
27939,2
27940,2
27941,2
27942,2
27943,2
27944,2
27945,2
27946,4
27947,4
27948,3
27949,2
27950,2
27951,2
27952,2
27953,2
27954,2
27955,2
27956,2
27957,2
27958,2
27959,2
27960,2
27961,2
27962,2
27963,2
27964,2
27965,2
27966,2
27967,2
27968,2
27969,2
27970,2
27971,2
27972,3
27973,2
27974,2
27975,2
27976,2
27977,2
27978,4
27979,4
27980,2
27981,2
27982,2
27983,2
27984,1
27985,2
27986,3
27987,2
27988,2
27989,2
27990,2
27991,2
27992,2
27993,2
27994,2
27995,4
27996,2
27997,2
27998,4
27999,4
28000,3
28001,2
28002,2
28003,2
28004,4
28005,2
28006,2
28007,2
28008,2
28009,2
28010,2
28011,2
28012,2
28013,0
28014,2
28015,2
28016,2
28017,2
28018,2
28019,2
28020,2
28021,2
28022,0
28023,0
28024,2
28025,2
28026,2
28027,2
28028,2
28029,2
28030,2
28031,2
28032,2
28033,2
28034,2
28035,2
28036,2
28037,2
28038,2
28039,2
28040,4
28041,2
28042,2
28043,4
28044,2
28045,2
28046,2
28047,2
28048,2
28049,2
28050,2
28051,2
28052,2
28053,2
28054,2
28055,2
28056,2
28057,0
28058,2
28059,2
28060,4
28061,4
28062,4
28063,2
28064,2
28065,4
28066,4
28067,2
28068,2
28069,2
28070,2
28071,2
28072,2
28073,2
28074,2
28075,2
28076,2
28077,4
28078,0
28079,2
28080,2
28081,2
28082,2
28083,2
28084,2
28085,2
28086,0
28087,2
28088,2
28089,2
28090,2
28091,2
28092,4
28093,2
28094,2
28095,2
28096,2
28097,2
28098,2
28099,2
28100,2
28101,2
28102,2
28103,2
28104,2
28105,2
28106,2
28107,2
28108,2
28109,2
28110,2
28111,4
28112,0
28113,4
28114,2
28115,2
28116,2
28117,2
28118,2
28119,2
28120,2
28121,0
28122,4
28123,2
28124,0
28125,2
28126,2
28127,4
28128,2
28129,2
28130,2
28131,1
28132,2
28133,2
28134,2
28135,2
28136,2
28137,2
28138,2
28139,2
28140,2
28141,2
28142,2
28143,2
28144,2
28145,2
28146,2
28147,2
28148,2
28149,2
28150,2
28151,2
28152,2
28153,2
28154,1
28155,2
28156,2
28157,1
28158,2
28159,2
28160,2
28161,2
28162,2
28163,2
28164,0
28165,2
28166,0
28167,2
28168,4
28169,2
28170,2
28171,2
28172,1
28173,2
28174,2
28175,2
28176,2
28177,2
28178,0
28179,2
28180,2
28181,0
28182,1
28183,2
28184,2
28185,4
28186,2
28187,2
28188,0
28189,2
28190,4
28191,5
28192,0
28193,2
28194,0
28195,2
28196,2
28197,2
28198,2
28199,2
28200,2
28201,2
28202,2
28203,4
28204,3
28205,3
28206,2
28207,2
28208,2
28209,2
28210,2
28211,2
28212,2
28213,2
28214,2
28215,2
28216,0
28217,2
28218,2
28219,2
28220,2
28221,2
28222,4
28223,1
28224,2
28225,2
28226,4
28227,0
28228,2
28229,3
28230,2
28231,3
28232,2
28233,4
28234,2
28235,0
28236,2
28237,3
28238,4
28239,0
28240,0
28241,2
28242,2
28243,4
28244,2
28245,2
28246,2
28247,2
28248,2
28249,2
28250,2
28251,2
28252,2
28253,2
28254,2
28255,0
28256,2
28257,2
28258,2
28259,2
28260,2
28261,2
28262,0
28263,3
28264,2
28265,2
28266,2
28267,2
28268,2
28269,2
28270,2
28271,2
28272,3
28273,2
28274,2
28275,2
28276,2
28277,0
28278,2
28279,2
28280,0
28281,2
28282,2
28283,2
28284,2
28285,2
28286,2
28287,2
28288,0
28289,0
28290,2
28291,2
28292,2
28293,2
28294,2
28295,2
28296,2
28297,2
28298,2
28299,2
28300,2
28301,2
28302,2
28303,2
28304,2
28305,0
28306,2
28307,2
28308,2
28309,4
28310,2
28311,2
28312,0
28313,2
28314,2
28315,2
28316,2
28317,2
28318,2
28319,2
28320,2
28321,2
28322,2
28323,1
28324,2
28325,0
28326,0
28327,2
28328,2
28329,2
28330,2
28331,2
28332,2
28333,2
28334,2
28335,2
28336,2
28337,2
28338,2
28339,2
28340,2
28341,2
28342,2
28343,2
28344,2
28345,2
28346,2
28347,2
28348,2
28349,0
28350,0
28351,2
28352,4
28353,2
28354,2
28355,2
28356,2
28357,4
28358,2
28359,2
28360,2
28361,0
28362,2
28363,3
28364,2
28365,2
28366,2
28367,2
28368,2
28369,5
28370,2
28371,2
28372,2
28373,2
28374,2
28375,2
28376,5
28377,2
28378,0
28379,2
28380,2
28381,2
28382,0
28383,2
28384,4
28385,2
28386,0
28387,0
28388,2
28389,2
28390,2
28391,4
28392,0
28393,2
28394,4
28395,2
28396,2
28397,2
28398,2
28399,2
28400,0
28401,2
28402,4
28403,2
28404,0
28405,2
28406,2
28407,4
28408,2
28409,2
28410,2
28411,2
28412,2
28413,0
28414,2
28415,2
28416,0
28417,2
28418,0
28419,3
28420,2
28421,0
28422,2
28423,2
28424,2
28425,4
28426,2
28427,2
28428,2
28429,4
28430,2
28431,0
28432,4
28433,2
28434,2
28435,2
28436,0
28437,2
28438,2
28439,4
28440,2
28441,4
28442,2
28443,2
28444,2
28445,2
28446,0
28447,2
28448,2
28449,0
28450,4
28451,4
28452,0
28453,2
28454,0
28455,2
28456,2
28457,0
28458,2
28459,2
28460,2
28461,2
28462,2
28463,4
28464,2
28465,2
28466,0
28467,2
28468,3
28469,4
28470,4
28471,2
28472,2
28473,2
28474,4
28475,2
28476,2
28477,2
28478,2
28479,2
28480,2
28481,2
28482,2
28483,2
28484,2
28485,2
28486,2
28487,0
28488,2
28489,2
28490,2
28491,2
28492,2
28493,4
28494,2
28495,2
28496,4
28497,2
28498,2
28499,2
28500,2
28501,2
28502,2
28503,2
28504,1
28505,2
28506,2
28507,2
28508,2
28509,2
28510,2
28511,2
28512,2
28513,2
28514,2
28515,2
28516,2
28517,2
28518,0
28519,2
28520,4
28521,2
28522,0
28523,2
28524,2
28525,2
28526,0
28527,2
28528,1
28529,2
28530,2
28531,2
28532,2
28533,2
28534,2
28535,2
28536,2
28537,2
28538,2
28539,2
28540,1
28541,2
28542,2
28543,2
28544,2
28545,2
28546,2
28547,2
28548,2
28549,2
28550,2
28551,2
28552,0
28553,2
28554,2
28555,2
28556,0
28557,2
28558,5
28559,3
28560,1
28561,3
28562,2
28563,0
28564,2
28565,0
28566,0
28567,3
28568,2
28569,3
28570,0
28571,2
28572,2
28573,2
28574,2
28575,2
28576,2
28577,2
28578,2
28579,2
28580,3
28581,2
28582,2
28583,2
28584,2
28585,3
28586,2
28587,2
28588,2
28589,2
28590,2
28591,2
28592,4
28593,4
28594,2
28595,2
28596,4
28597,2
28598,4
28599,2
28600,0
28601,2
28602,0
28603,2
28604,0
28605,4
28606,0
28607,2
28608,2
28609,2
28610,2
28611,2
28612,4
28613,4
28614,2
28615,2
28616,2
28617,2
28618,0
28619,2
28620,2
28621,0
28622,4
28623,3
28624,4
28625,2
28626,4
28627,2
28628,2
28629,4
28630,2
28631,2
28632,2
28633,2
28634,4
28635,4
28636,2
28637,4
28638,4
28639,2
28640,0
28641,4
28642,4
28643,2
28644,2
28645,2
28646,2
28647,2
28648,2
28649,4
28650,2
28651,2
28652,2
28653,2
28654,4
28655,3
28656,2
28657,2
28658,2
28659,2
28660,2
28661,2
28662,4
28663,4
28664,2
28665,2
28666,2
28667,5
28668,2
28669,2
28670,0
28671,3
28672,2
28673,4
28674,2
28675,2
28676,2
28677,4
28678,4
28679,4
28680,2
28681,2
28682,2
28683,2
28684,2
28685,2
28686,1
28687,2
28688,2
28689,2
28690,2
28691,2
28692,2
28693,4
28694,2
28695,2
28696,4
28697,2
28698,4
28699,2
28700,2
28701,4
28702,0
28703,0
28704,2
28705,0
28706,2
28707,2
28708,2
28709,4
28710,2
28711,2
28712,2
28713,2
28714,2
28715,2
28716,2
28717,1
28718,2
28719,4
28720,4
28721,2
28722,2
28723,0
28724,1
28725,2
28726,2
28727,1
28728,5
28729,1
28730,2
28731,3
28732,2
28733,2
28734,2
28735,2
28736,3
28737,2
28738,2
28739,2
28740,0
28741,2
28742,5
28743,5
28744,2
28745,2
28746,2
28747,2
28748,2
28749,0
28750,0
28751,5
28752,2
28753,2
28754,2
28755,1
28756,2
28757,0
28758,2
28759,2
28760,4
28761,2
28762,2
28763,2
28764,2
28765,2
28766,2
28767,0
28768,2
28769,2
28770,0
28771,2
28772,2
28773,4
28774,4
28775,2
28776,2
28777,2
28778,2
28779,4
28780,2
28781,2
28782,2
28783,2
28784,2
28785,2
28786,2
28787,2
28788,2
28789,2
28790,4
28791,4
28792,2
28793,3
28794,2
28795,5
28796,2
28797,2
28798,2
28799,2
28800,2
28801,2
28802,4
28803,2
28804,2
28805,2
28806,2
28807,2
28808,2
28809,4
28810,2
28811,2
28812,2
28813,3
28814,2
28815,4
28816,2
28817,4
28818,0
28819,2
28820,2
28821,2
28822,2
28823,2
28824,2
28825,2
28826,2
28827,2
28828,2
28829,2
28830,2
28831,2
28832,2
28833,0
28834,3
28835,4
28836,0
28837,2
28838,5
28839,2
28840,2
28841,2
28842,0
28843,2
28844,5
28845,2
28846,2
28847,2
28848,2
28849,2
28850,2
28851,2
28852,2
28853,2
28854,2
28855,2
28856,2
28857,2
28858,0
28859,0
28860,2
28861,2
28862,2
28863,4
28864,2
28865,4
28866,2
28867,4
28868,2
28869,2
28870,4
28871,2
28872,2
28873,2
28874,4
28875,2
28876,4
28877,2
28878,2
28879,3
28880,4
28881,2
28882,4
28883,2
28884,4
28885,4
28886,4
28887,2
28888,2
28889,2
28890,2
28891,2
28892,0
28893,4
28894,2
28895,2
28896,2
28897,2
28898,4
28899,2
28900,4
28901,4
28902,0
28903,2
28904,2
28905,4
28906,2
28907,2
28908,0
28909,2
28910,2
28911,4
28912,2
28913,2
28914,2
28915,2
28916,2
28917,2
28918,2
28919,4
28920,2
28921,2
28922,2
28923,2
28924,2
28925,2
28926,2
28927,2
28928,2
28929,2
28930,2
28931,2
28932,2
28933,2
28934,2
28935,4
28936,2
28937,4
28938,5
28939,4
28940,2
28941,2
28942,2
28943,2
28944,4
28945,2
28946,2
28947,0
28948,4
28949,3
28950,2
28951,0
28952,1
28953,2
28954,2
28955,2
28956,2
28957,4
28958,0
28959,2
28960,2
28961,2
28962,4
28963,2
28964,2
28965,2
28966,2
28967,2
28968,3
28969,2
28970,0
28971,2
28972,2
28973,2
28974,2
28975,2
28976,2
28977,2
28978,2
28979,2
28980,2
28981,2
28982,2
28983,2
28984,2
28985,2
28986,2
28987,2
28988,4
28989,2
28990,2
28991,3
28992,2
28993,2
28994,2
28995,2
28996,2
28997,0
28998,2
28999,2
29000,1
29001,1
29002,2
29003,2
29004,2
29005,2
29006,2
29007,2
29008,2
29009,2
29010,2
29011,2
29012,2
29013,2
29014,2
29015,2
29016,0
29017,2
29018,2
29019,0
29020,2
29021,1
29022,2
29023,4
29024,0
29025,2
29026,2
29027,2
29028,2
29029,5
29030,2
29031,2
29032,1
29033,2
29034,2
29035,2
29036,2
29037,4
29038,2
29039,0
29040,4
29041,2
29042,2
29043,2
29044,2
29045,2
29046,2
29047,2
29048,0
29049,2
29050,2
29051,2
29052,2
29053,2
29054,2
29055,2
29056,2
29057,2
29058,2
29059,2
29060,2
29061,2
29062,2
29063,2
29064,2
29065,2
29066,5
29067,2
29068,2
29069,2
29070,2
29071,2
29072,2
29073,1
29074,2
29075,0
29076,2
29077,2
29078,2
29079,2
29080,0
29081,2
29082,2
29083,2
29084,0
29085,2
29086,1
29087,2
29088,2
29089,2
29090,2
29091,2
29092,2
29093,0
29094,2
29095,4
29096,2
29097,0
29098,0
29099,4
29100,0
29101,2
29102,4
29103,3
29104,3
29105,2
29106,2
29107,0
29108,1
29109,3
29110,2
29111,3
29112,4
29113,4
29114,1
29115,3
29116,2
29117,2
29118,4
29119,4
29120,4
29121,2
29122,0
29123,2
29124,4
29125,2
29126,3
29127,3
29128,3
29129,2
29130,3
29131,3
29132,3
29133,4
29134,4
29135,0
29136,2
29137,4
29138,2
29139,4
29140,2
29141,3
29142,3
29143,4
29144,4
29145,3
29146,2
29147,2
29148,2
29149,2
29150,2
29151,2
29152,2
29153,2
29154,2
29155,2
29156,2
29157,2
29158,2
29159,2
29160,2
29161,2
29162,2
29163,2
29164,2
29165,2
29166,2
29167,2
29168,2
29169,2
29170,2
29171,4
29172,2
29173,2
29174,2
29175,2
29176,2
29177,2
29178,2
29179,2
29180,2
29181,2
29182,2
29183,2
29184,2
29185,2
29186,2
29187,2
29188,2
29189,2
29190,2
29191,2
29192,2
29193,2
29194,0
29195,2
29196,2
29197,2
29198,4
29199,2
29200,2
29201,0
29202,2
29203,2
29204,2
29205,2
29206,2
29207,2
29208,2
29209,2
29210,2
29211,2
29212,2
29213,4
29214,4
29215,2
29216,2
29217,2
29218,2
29219,2
29220,2
29221,2
29222,0
29223,2
29224,2
29225,2
29226,2
29227,1
29228,0
29229,0
29230,4
29231,2
29232,2
29233,2
29234,2
29235,3
29236,3
29237,4
29238,1
29239,3
29240,3
29241,1
29242,1
29243,1
29244,1
29245,1
29246,1
29247,1
29248,2
29249,2
29250,2
29251,2
29252,4
29253,4
29254,0
29255,2
29256,2
29257,4
29258,4
29259,4
29260,4
29261,0
29262,4
29263,2
29264,4
29265,2
29266,2
29267,1
29268,1
29269,2
29270,2
29271,5
29272,2
29273,3
29274,2
29275,4
29276,0
29277,2
29278,2
29279,1
29280,2
29281,3
29282,2
29283,2
29284,2
29285,2
29286,2
29287,2
29288,2
29289,4
29290,1
29291,2
29292,2
29293,2
29294,2
29295,2
29296,2
29297,2
29298,0
29299,1
29300,2
29301,2
29302,0
29303,2
29304,2
29305,2
29306,2
29307,2
29308,2
29309,2
29310,2
29311,2
29312,2
29313,2
29314,0
29315,2
29316,2
29317,0
29318,5
29319,2
29320,2
29321,2
29322,2
29323,2
29324,0
29325,2
29326,2
29327,0
29328,2
29329,2
29330,2
29331,2
29332,2
29333,2
29334,0
29335,2
29336,1
29337,2
29338,4
29339,4
29340,2
29341,0
29342,2
29343,0
29344,2
29345,2
29346,2
29347,4
29348,3
29349,2
29350,2
29351,2
29352,2
29353,0
29354,4
29355,2
29356,2
29357,0
29358,0
29359,1
29360,2
29361,0
29362,2
29363,0
29364,3
29365,0
29366,2
29367,2
29368,2
29369,2
29370,2
29371,2
29372,2
29373,2
29374,2
29375,2
29376,2
29377,2
29378,2
29379,2
29380,4
29381,2
29382,2
29383,2
29384,0
29385,2
29386,2
29387,2
29388,2
29389,2
29390,2
29391,2
29392,2
29393,2
29394,1
29395,2
29396,2
29397,2
29398,2
29399,2
29400,2
29401,2
29402,2
29403,2
29404,4
29405,2
29406,2
29407,2
29408,2
29409,2
29410,2
29411,2
29412,3
29413,2
29414,2
29415,2
29416,2
29417,2
29418,2
29419,2
29420,0
29421,0
29422,2
29423,2
29424,2
29425,2
29426,2
29427,4
29428,2
29429,2
29430,2
29431,2
29432,2
29433,2
29434,2
29435,2
29436,2
29437,2
29438,2
29439,0
29440,2
29441,4
29442,1
29443,4
29444,1
29445,2
29446,4
29447,4
29448,4
29449,4
29450,1
29451,1
29452,1
29453,1
29454,1
29455,4
29456,2
29457,4
29458,1
29459,1
29460,1
29461,4
29462,2
29463,2
29464,2
29465,4
29466,0
29467,2
29468,2
29469,0
29470,2
29471,0
29472,1
29473,0
29474,2
29475,0
29476,2
29477,4
29478,2
29479,1
29480,2
29481,2
29482,2
29483,2
29484,2
29485,2
29486,2
29487,2
29488,2
29489,2
29490,2
29491,1
29492,1
29493,2
29494,2
29495,1
29496,4
29497,2
29498,2
29499,0
29500,0
29501,2
29502,2
29503,2
29504,2
29505,2
29506,2
29507,2
29508,2
29509,2
29510,2
29511,2
29512,2
29513,2
29514,2
29515,2
29516,2
29517,2
29518,2
29519,2
29520,2
29521,2
29522,2
29523,2
29524,2
29525,2
29526,2
29527,2
29528,1
29529,2
29530,2
29531,2
29532,2
29533,4
29534,2
29535,2
29536,2
29537,2
29538,2
29539,2
29540,2
29541,2
29542,2
29543,2
29544,2
29545,2
29546,2
29547,2
29548,2
29549,2
29550,0
29551,2
29552,2
29553,2
29554,2
29555,2
29556,2
29557,2
29558,2
29559,2
29560,2
29561,2
29562,2
29563,2
29564,2
29565,2
29566,2
29567,2
29568,2
29569,2
29570,2
29571,2
29572,2
29573,2
29574,2
29575,2
29576,2
29577,2
29578,2
29579,2
29580,2
29581,4
29582,2
29583,4
29584,2
29585,0
29586,0
29587,4
29588,2
29589,2
29590,0
29591,0
29592,0
29593,0
29594,4
29595,2
29596,3
29597,2
29598,5
29599,2
29600,0
29601,2
29602,2
29603,2
29604,2
29605,0
29606,5
29607,2
29608,2
29609,5
29610,4
29611,1
29612,2
29613,2
29614,3
29615,2
29616,2
29617,0
29618,2
29619,0
29620,5
29621,4
29622,0
29623,2
29624,2
29625,2
29626,2
29627,2
29628,2
29629,2
29630,2
29631,2
29632,2
29633,2
29634,2
29635,2
29636,2
29637,2
29638,2
29639,2
29640,2
29641,2
29642,0
29643,2
29644,2
29645,2
29646,4
29647,4
29648,4
29649,2
29650,4
29651,4
29652,2
29653,2
29654,2
29655,2
29656,2
29657,2
29658,4
29659,2
29660,2
29661,2
29662,4
29663,4
29664,4
29665,2
29666,2
29667,2
29668,2
29669,2
29670,4
29671,2
29672,4
29673,2
29674,5
29675,2
29676,2
29677,2
29678,1
29679,2
29680,1
29681,1
29682,1
29683,2
29684,5
29685,2
29686,2
29687,2
29688,2
29689,2
29690,4
29691,2
29692,2
29693,2
29694,0
29695,2
29696,2
29697,5
29698,2
29699,2
29700,2
29701,5
29702,2
29703,2
29704,2
29705,2
29706,2
29707,2
29708,2
29709,2
29710,2
29711,2
29712,2
29713,2
29714,4
29715,2
29716,0
29717,0
29718,2
29719,2
29720,4
29721,2
29722,2
29723,2
29724,2
29725,2
29726,2
29727,2
29728,2
29729,2
29730,0
29731,0
29732,0
29733,0
29734,0
29735,2
29736,2
29737,0
29738,2
29739,2
29740,1
29741,2
29742,2
29743,2
29744,2
29745,2
29746,2
29747,2
29748,3
29749,2
29750,0
29751,2
29752,2
29753,2
29754,2
29755,3
29756,2
29757,2
29758,2
29759,2
29760,0
29761,2
29762,2
29763,2
29764,2
29765,2
29766,2
29767,2
29768,2
29769,2
29770,2
29771,2
29772,0
29773,2
29774,2
29775,2
29776,2
29777,2
29778,0
29779,0
29780,2
29781,2
29782,2
29783,2
29784,2
29785,2
29786,2
29787,4
29788,2
29789,0
29790,2
29791,2
29792,0
29793,2
29794,2
29795,2
29796,3
29797,4
29798,2
29799,4
29800,2
29801,2
29802,2
29803,2
29804,5
29805,5
29806,2
29807,2
29808,2
29809,2
29810,2
29811,2
29812,4
29813,2
29814,2
29815,2
29816,2
29817,2
29818,2
29819,2
29820,2
29821,2
29822,2
29823,2
29824,2
29825,2
29826,0
29827,4
29828,2
29829,4
29830,2
29831,2
29832,2
29833,2
29834,2
29835,2
29836,2
29837,2
29838,4
29839,2
29840,2
29841,2
29842,0
29843,2
29844,2
29845,2
29846,1
29847,1
29848,0
29849,1
29850,2
29851,2
29852,2
29853,2
29854,2
29855,2
29856,2
29857,2
29858,1
29859,2
29860,2
29861,2
29862,2
29863,2
29864,0
29865,2
29866,2
29867,2
29868,2
29869,2
29870,2
29871,2
29872,4
29873,4
29874,2
29875,2
29876,0
29877,2
29878,2
29879,2
29880,0
29881,0
29882,2
29883,2
29884,2
29885,2
29886,2
29887,2
29888,0
29889,2
29890,2
29891,2
29892,2
29893,1
29894,0
29895,4
29896,2
29897,0
29898,2
29899,2
29900,2
29901,2
29902,2
29903,2
29904,2
29905,5
29906,2
29907,2
29908,2
29909,2
29910,2
29911,2
29912,2
29913,4
29914,5
29915,2
29916,2
29917,2
29918,2
29919,5
29920,2
29921,2
29922,4
29923,3
29924,0
29925,2
29926,2
29927,4
29928,2
29929,0
29930,3
29931,2
29932,2
29933,2
29934,2
29935,0
29936,2
29937,2
29938,2
29939,2
29940,4
29941,2
29942,2
29943,2
29944,2
29945,2
29946,2
29947,2
29948,2
29949,2
29950,2
29951,3
29952,2
29953,2
29954,2
29955,4
29956,4
29957,2
29958,2
29959,2
29960,2
29961,2
29962,2
29963,2
29964,2
29965,2
29966,4
29967,2
29968,2
29969,1
29970,2
29971,4
29972,0
29973,2
29974,2
29975,2
29976,2
29977,2
29978,2
29979,2
29980,0
29981,2
29982,5
29983,2
29984,2
29985,0
29986,2
29987,2
29988,0
29989,2
29990,2
29991,2
29992,2
29993,4
29994,2
29995,2
29996,2
29997,2
29998,2
29999,2
30000,2
30001,2
30002,2
30003,1
30004,2
30005,2
30006,2
30007,2
30008,2
30009,2
30010,2
30011,2
30012,2
30013,2
30014,5
30015,2
30016,2
30017,2
30018,2
30019,0
30020,0
30021,0
30022,2
30023,2
30024,2
30025,2
30026,2
30027,2
30028,2
30029,2
30030,2
30031,2
30032,2
30033,2
30034,2
30035,2
30036,0
30037,2
30038,0
30039,0
30040,2
30041,2
30042,2
30043,2
30044,0
30045,2
30046,2
30047,2
30048,0
30049,2
30050,2
30051,2
30052,2
30053,2
30054,4
30055,2
30056,2
30057,2
30058,2
30059,2
30060,2
30061,2
30062,2
30063,0
30064,2
30065,0
30066,3
30067,2
30068,4
30069,2
30070,2
30071,2
30072,2
30073,2
30074,0
30075,0
30076,2
30077,2
30078,2
30079,5
30080,2
30081,2
30082,2
30083,2
30084,2
30085,5
30086,2
30087,4
30088,5
30089,2
30090,2
30091,2
30092,2
30093,2
30094,2
30095,2
30096,2
30097,2
30098,2
30099,2
30100,2
30101,2
30102,2
30103,2
30104,2
30105,2
30106,2
30107,2
30108,2
30109,2
30110,2
30111,2
30112,2
30113,2
30114,4
30115,2
30116,4
30117,0
30118,2
30119,2
30120,4
30121,4
30122,2
30123,2
30124,2
30125,2
30126,2
30127,0
30128,2
30129,2
30130,2
30131,2
30132,2
30133,2
30134,2
30135,2
30136,2
30137,2
30138,2
30139,2
30140,2
30141,0
30142,2
30143,2
30144,2
30145,2
30146,2
30147,2
30148,2
30149,2
30150,2
30151,2
30152,2
30153,1
30154,2
30155,3
30156,2
30157,0
30158,2
30159,2
30160,3
30161,4
30162,2
30163,2
30164,2
30165,4
30166,4
30167,4
30168,2
30169,0
30170,2
30171,2
30172,2
30173,2
30174,3
30175,2
30176,0
30177,3
30178,0
30179,2
30180,3
30181,0
30182,2
30183,4
30184,4
30185,4
30186,2
30187,2
30188,4
30189,0
30190,2
30191,2
30192,4
30193,2
30194,2
30195,2
30196,0
30197,0
30198,0
30199,2
30200,2
30201,3
30202,2
30203,4
30204,2
30205,2
30206,2
30207,2
30208,2
30209,2
30210,2
30211,2
30212,2
30213,2
30214,2
30215,2
30216,2
30217,2
30218,2
30219,2
30220,2
30221,2
30222,2
30223,2
30224,2
30225,2
30226,2
30227,2
30228,2
30229,0
30230,2
30231,2
30232,2
30233,2
30234,2
30235,2
30236,2
30237,4
30238,2
30239,2
30240,2
30241,2
30242,2
30243,2
30244,2
30245,2
30246,4
30247,2
30248,2
30249,2
30250,2
30251,0
30252,2
30253,3
30254,2
30255,2
30256,2
30257,2
30258,2
30259,2
30260,0
30261,2
30262,2
30263,0
30264,0
30265,1
30266,2
30267,2
30268,0
30269,2
30270,4
30271,2
30272,2
30273,1
30274,2
30275,2
30276,2
30277,2
30278,2
30279,2
30280,2
30281,2
30282,2
30283,2
30284,2
30285,2
30286,4
30287,2
30288,2
30289,2
30290,2
30291,0
30292,2
30293,0
30294,0
30295,0
30296,0
30297,2
30298,5
30299,5
30300,4
30301,2
30302,1
30303,2
30304,2
30305,2
30306,2
30307,2
30308,2
30309,2
30310,2
30311,4
30312,2
30313,1
30314,4
30315,0
30316,4
30317,2
30318,2
30319,2
30320,2
30321,0
30322,4
30323,0
30324,2
30325,2
30326,2
30327,2
30328,2
30329,2
30330,4
30331,2
30332,2
30333,2
30334,2
30335,2
30336,2
30337,4
30338,0
30339,4
30340,2
30341,2
30342,4
30343,0
30344,2
30345,2
30346,0
30347,2
30348,2
30349,2
30350,2
30351,2
30352,2
30353,2
30354,4
30355,2
30356,2
30357,2
30358,2
30359,0
30360,3
30361,2
30362,4
30363,2
30364,2
30365,2
30366,0
30367,2
30368,2
30369,2
30370,2
30371,2
30372,1
30373,2
30374,2
30375,1
30376,5
30377,4
30378,2
30379,2
30380,2
30381,2
30382,4
30383,2
30384,0
30385,2
30386,2
30387,2
30388,2
30389,0
30390,3
30391,3
30392,3
30393,3
30394,1
30395,1
30396,1
30397,3
30398,3
30399,3
30400,3
30401,1
30402,1
30403,1
30404,3
30405,3
30406,3
30407,3
30408,3
30409,3
30410,1
30411,1
30412,1
30413,3
30414,1
30415,1
30416,1
30417,1
30418,1
30419,3
30420,3
30421,3
30422,3
30423,3
30424,1
30425,1
30426,1
30427,1
30428,1
30429,3
30430,1
30431,3
30432,3
30433,3
30434,3
30435,1
30436,1
30437,1
30438,1
30439,1
30440,1
30441,1
30442,1
30443,1
30444,1
30445,1
30446,1
30447,3
30448,3
30449,1
30450,3
30451,3
30452,3
30453,3
30454,1
30455,1
30456,1
30457,1
30458,1
30459,3
30460,1
30461,3
30462,3
30463,3
30464,3
30465,3
30466,1
30467,1
30468,3
30469,1
30470,1
30471,1
30472,3
30473,3
30474,3
30475,1
30476,1
30477,3
30478,1
30479,3
30480,3
30481,1
30482,1
30483,1
30484,1
30485,3
30486,1
30487,1
30488,3
30489,3
30490,3
30491,3
30492,1
30493,3
30494,3
30495,3
30496,1
30497,3
30498,3
30499,1
30500,1
30501,1
30502,3
30503,3
30504,3
30505,3
30506,3
30507,1
30508,3
30509,1
30510,3
30511,1
30512,3
30513,3
30514,3
30515,3
30516,3
30517,1
30518,1
30519,1
30520,1
30521,1
30522,3
30523,1
30524,3
30525,1
30526,3
30527,1
30528,3
30529,3
30530,3
30531,3
30532,3
30533,3
30534,1
30535,3
30536,1
30537,3
30538,3
30539,1
30540,3
30541,1
30542,1
30543,3
30544,3
30545,1
30546,3
30547,3
30548,3
30549,3
30550,3
30551,3
30552,3
30553,3
30554,3
30555,3
30556,3
30557,3
30558,3
30559,3
30560,3
30561,3
30562,3
30563,3
30564,3
30565,3
30566,1
30567,1
30568,3
30569,3
30570,1
30571,3
30572,1
30573,1
30574,1
30575,3
30576,3
30577,1
30578,3
30579,3
30580,3
30581,3
30582,1
30583,3
30584,3
30585,3
30586,3
30587,1
30588,3
30589,3
30590,3
30591,3
30592,3
30593,3
30594,3
30595,3
30596,3
30597,3
30598,3
30599,3
30600,3
30601,3
30602,3
30603,1
30604,3
30605,3
30606,3
30607,3
30608,3
30609,1
30610,3
30611,3
30612,1
30613,3
30614,1
30615,1
30616,1
30617,1
30618,1
30619,1
30620,1
30621,3
30622,1
30623,3
30624,1
30625,1
30626,1
30627,1
30628,1
30629,1
30630,1
30631,1
30632,1
30633,1
30634,1
30635,3
30636,3
30637,1
30638,1
30639,3
30640,3
30641,1
30642,1
30643,1
30644,1
30645,1
30646,1
30647,1
30648,1
30649,1
30650,1
30651,1
30652,3
30653,3
30654,3
30655,1
30656,3
30657,3
30658,3
30659,1
30660,1
30661,3
30662,1
30663,3
30664,1
30665,1
30666,3
30667,3
30668,3
30669,3
30670,3
30671,1
30672,1
30673,3
30674,3
30675,3
30676,1
30677,1
30678,3
30679,3
30680,1
30681,3
30682,3
30683,3
30684,3
30685,3
30686,3
30687,1
30688,1
30689,3
30690,3
30691,1
30692,1
30693,3
30694,1
30695,1
30696,3
30697,1
30698,1
30699,1
30700,1
30701,1
30702,1
30703,1
30704,1
30705,1
30706,1
30707,1
30708,1
30709,1
30710,1
30711,1
30712,1
30713,1
30714,1
30715,1
30716,1
30717,1
30718,1
30719,1
30720,1
30721,1
30722,1
30723,1
30724,1
30725,1
30726,1
30727,1
30728,1
30729,1
30730,1
30731,1
30732,1
30733,1
30734,1
30735,1
30736,1
30737,1
30738,1
30739,1
30740,1
30741,1
30742,1
30743,1
30744,1
30745,1
30746,1
30747,1
30748,1
30749,1
30750,3
30751,1
30752,1
30753,1
30754,1
30755,1
30756,1
30757,1
30758,1
30759,1
30760,1
30761,1
30762,1
30763,1
30764,1
30765,1
30766,1
30767,1
30768,1
30769,1
30770,1
30771,1
30772,3
30773,3
30774,3
30775,3
30776,3
30777,3
30778,1
30779,3
30780,1
30781,1
30782,3
30783,1
30784,1
30785,3
30786,1
30787,1
30788,3
30789,1
30790,1
30791,3
30792,1
30793,3
30794,3
30795,3
30796,3
30797,3
30798,3
30799,1
30800,3
30801,3
30802,3
30803,3
30804,1
30805,1
30806,1
30807,3
30808,3
30809,3
30810,3
30811,3
30812,3
30813,3
30814,3
30815,1
30816,1
30817,3
30818,3
30819,3
30820,3
30821,3
30822,3
30823,1
30824,0
30825,0
30826,0
30827,0
30828,0
30829,0
30830,3
30831,0
30832,0
30833,0
30834,1
30835,0
30836,0
30837,0
30838,0
30839,0
30840,0
30841,0
30842,0
30843,0
30844,0
30845,0
30846,0
30847,0
30848,0
30849,0
30850,0
30851,0
30852,0
30853,1
30854,0
30855,0
30856,0
30857,0
30858,0
30859,0
30860,0
30861,0
30862,0
30863,1
30864,1
30865,1
30866,3
30867,3
30868,3
30869,3
30870,3
30871,3
30872,3
30873,1
30874,3
30875,1
30876,1
30877,3
30878,3
30879,3
30880,3
30881,3
30882,3
30883,3
30884,3
30885,1
30886,3
30887,3
30888,3
30889,1
30890,3
30891,3
30892,3
30893,3
30894,3
30895,3
30896,3
30897,1
30898,1
30899,1
30900,3
30901,3
30902,3
30903,3
30904,1
30905,3
30906,3
30907,3
30908,3
30909,3
30910,1
30911,1
30912,3
30913,3
30914,3
30915,3
30916,3
30917,3
30918,3
30919,3
30920,3
30921,3
30922,1
30923,3
30924,1
30925,1
30926,3
30927,3
30928,3
30929,3
30930,1
30931,3
30932,1
30933,3
30934,3
30935,3
30936,1
30937,1
30938,1
30939,3
30940,3
30941,1
30942,1
30943,1
30944,1
30945,1
30946,3
30947,0
30948,3
30949,1
30950,3
30951,3
30952,1
30953,1
30954,3
30955,1
30956,3
30957,3
30958,3
30959,3
30960,3
30961,3
30962,3
30963,3
30964,3
30965,3
30966,1
30967,3
30968,3
30969,3
30970,3
30971,3
30972,3
30973,3
30974,3
30975,1
30976,0
30977,1
30978,3
30979,3
30980,3
30981,5
30982,1
30983,3
30984,1
30985,1
30986,0
30987,1
30988,1
30989,0
30990,1
30991,0
30992,3
30993,1
30994,1
30995,3
30996,3
30997,1
30998,1
30999,1
31000,0
31001,1
31002,1
31003,0
31004,1
31005,1
31006,1
31007,1
31008,1
31009,1
31010,1
31011,1
31012,1
31013,1
31014,1
31015,1
31016,1
31017,1
31018,1
31019,1
31020,1
31021,0
31022,0
31023,1
31024,0
31025,0
31026,0
31027,0
31028,1
31029,0
31030,0
31031,3
31032,3
31033,3
31034,3
31035,1
31036,3
31037,3
31038,3
31039,3
31040,3
31041,1
31042,3
31043,1
31044,3
31045,1
31046,1
31047,3
31048,1
31049,3
31050,3
31051,3
31052,3
31053,3
31054,3
31055,0
31056,1
31057,0
31058,3
31059,3
31060,1
31061,1
31062,0
31063,3
31064,1
31065,0
31066,1
31067,3
31068,1
31069,1
31070,3
31071,3
31072,1
31073,1
31074,1
31075,1
31076,1
31077,3
31078,3
31079,1
31080,1
31081,1
31082,3
31083,3
31084,1
31085,1
31086,1
31087,1
31088,3
31089,1
31090,1
31091,1
31092,3
31093,3
31094,3
31095,1
31096,3
31097,3
31098,1
31099,0
31100,5
31101,3
31102,3
31103,5
31104,1
31105,1
31106,3
31107,3
31108,2
31109,1
31110,3
31111,3
31112,1
31113,1
31114,1
31115,1
31116,1
31117,1
31118,1
31119,1
31120,1
31121,1
31122,1
31123,1
31124,1
31125,1
31126,1
31127,1
31128,1
31129,1
31130,1
31131,3
31132,3
31133,3
31134,1
31135,0
31136,0
31137,0
31138,1
31139,0
31140,1
31141,0
31142,0
31143,0
31144,0
31145,3
31146,1
31147,1
31148,1
31149,0
31150,0
31151,0
31152,1
31153,0
31154,0
31155,0
31156,0
31157,1
31158,0
31159,3
31160,3
31161,0
31162,1
31163,0
31164,0
31165,1
31166,0
31167,1
31168,0
31169,1
31170,0
31171,0
31172,0
31173,1
31174,0
31175,1
31176,1
31177,0
31178,0
31179,0
31180,0
31181,0
31182,1
31183,1
31184,1
31185,3
31186,1
31187,3
31188,1
31189,1
31190,3
31191,1
31192,3
31193,3
31194,1
31195,3
31196,1
31197,3
31198,3
31199,0
31200,1
31201,3
31202,1
31203,1
31204,3
31205,1
31206,1
31207,1
31208,3
31209,1
31210,3
31211,1
31212,1
31213,1
31214,1
31215,1
31216,1
31217,1
31218,3
31219,2
31220,5
31221,5
31222,0
31223,0
31224,1
31225,5
31226,0
31227,0
31228,5
31229,0
31230,0
31231,3
31232,3
31233,3
31234,5
31235,1
31236,3
31237,3
31238,0
31239,2
31240,2
31241,0
31242,0
31243,3
31244,3
31245,3
31246,2
31247,2
31248,3
31249,3
31250,0
31251,0
31252,3
31253,0
31254,0
31255,0
31256,0
31257,0
31258,0
31259,0
31260,0
31261,0
31262,0
31263,0
31264,0
31265,0
31266,3
31267,3
31268,0
31269,3
31270,3
31271,2
31272,3
31273,2
31274,2
31275,2
31276,2
31277,2
31278,3
31279,2
31280,3
31281,3
31282,3
31283,3
31284,1
31285,3
31286,3
31287,3
31288,0
31289,3
31290,3
31291,2
31292,2
31293,2
31294,2
31295,2
31296,2
31297,2
31298,2
31299,2
31300,2
31301,2
31302,4
31303,4
31304,4
31305,4
31306,2
31307,2
31308,2
31309,2
31310,3
31311,2
31312,2
31313,2
31314,3
31315,1
31316,1
31317,1
31318,3
31319,3
31320,3
31321,3
31322,3
31323,3
31324,3
31325,2
31326,3
31327,3
31328,3
31329,3
31330,3
31331,3
31332,2
31333,2
31334,2
31335,2
31336,2
31337,2
31338,2
31339,2
31340,0
31341,3
31342,2
31343,3
31344,3
31345,3
31346,2
31347,3
31348,3
31349,3
31350,2
31351,0
31352,2
31353,2
31354,2
31355,0
31356,0
31357,3
31358,2
31359,2
31360,2
31361,2
31362,2
31363,3
31364,3
31365,3
31366,3
31367,3
31368,3
31369,3
31370,3
31371,3
31372,2
31373,2
31374,2
31375,2
31376,2
31377,4
31378,3
31379,3
31380,3
31381,2
31382,2
31383,3
31384,2
31385,2
31386,3
31387,3
31388,4
31389,3
31390,2
31391,3
31392,2
31393,2
31394,2
31395,1
31396,4
31397,3
31398,3
31399,3
31400,2
31401,2
31402,2
31403,2
31404,3
31405,3
31406,3
31407,3
31408,3
31409,3
31410,3
31411,3
31412,2
31413,3
31414,3
31415,3
31416,3
31417,2
31418,3
31419,2
31420,4
31421,2
31422,2
31423,2
31424,4
31425,2
31426,2
31427,2
31428,3
31429,2
31430,2
31431,2
31432,2
31433,2
31434,2
31435,2
31436,2
31437,2
31438,3
31439,2
31440,3
31441,2
31442,3
31443,3
31444,4
31445,3
31446,3
31447,3
31448,3
31449,3
31450,3
31451,3
31452,3
31453,3
31454,1
31455,1
31456,1
31457,1
31458,1
31459,1
31460,1
31461,1
31462,1
31463,3
31464,1
31465,2
31466,2
31467,2
31468,2
31469,2
31470,4
31471,2
31472,2
31473,2
31474,2
31475,2
31476,2
31477,3
31478,2
31479,2
31480,3
31481,2
31482,2
31483,2
31484,2
31485,1
31486,2
31487,1
31488,0
31489,2
31490,2
31491,2
31492,2
31493,3
31494,1
31495,1
31496,1
31497,1
31498,1
31499,1
31500,2
31501,2
31502,2
31503,2
31504,2
31505,3
31506,2
31507,2
31508,2
31509,0
31510,0
31511,3
31512,2
31513,3
31514,3
31515,3
31516,3
31517,3
31518,3
31519,2
31520,3
31521,3
31522,3
31523,2
31524,2
31525,3
31526,3
31527,3
31528,3
31529,3
31530,3
31531,2
31532,3
31533,3
31534,3
31535,3
31536,3
31537,3
31538,1
31539,1
31540,1
31541,1
31542,1
31543,3
31544,3
31545,3
31546,3
31547,3
31548,3
31549,3
31550,3
31551,3
31552,0
31553,2
31554,2
31555,2
31556,2
31557,2
31558,2
31559,3
31560,2
31561,2
31562,2
31563,3
31564,2
31565,3
31566,2
31567,2
31568,2
31569,2
31570,3
31571,2
31572,2
31573,2
31574,3
31575,3
31576,0
31577,3
31578,3
31579,3
31580,3
31581,3
31582,3
31583,3
31584,3
31585,4
31586,2
31587,2
31588,0
31589,2
31590,3
31591,3
31592,3
31593,3
31594,3
31595,3
31596,3
31597,3
31598,3
31599,3
31600,3
31601,3
31602,2
31603,3
31604,3
31605,3
31606,3
31607,3
31608,4
31609,3
31610,4
31611,3
31612,3
31613,3
31614,3
31615,3
31616,3
31617,3
31618,3
31619,3
31620,3
31621,3
31622,3
31623,2
31624,3
31625,3
31626,3
31627,2
31628,3
31629,3
31630,3
31631,3
31632,3
31633,3
31634,3
31635,3
31636,3
31637,3
31638,3
31639,3
31640,2
31641,2
31642,3
31643,3
31644,3
31645,3
31646,3
31647,4
31648,3
31649,3
31650,3
31651,4
31652,3
31653,3
31654,3
31655,3
31656,3
31657,1
31658,1
31659,3
31660,1
31661,1
31662,1
31663,1
31664,1
31665,1
31666,1
31667,1
31668,3
31669,4
31670,4
31671,4
31672,3
31673,3
31674,3
31675,3
31676,2
31677,3
31678,4
31679,3
31680,3
31681,3
31682,3
31683,4
31684,3
31685,3
31686,3
31687,3
31688,3
31689,3
31690,3
31691,2
31692,2
31693,2
31694,3
31695,3
31696,3
31697,3
31698,3
31699,1
31700,1
31701,3
31702,3
31703,3
31704,3
31705,3
31706,3
31707,2
31708,3
31709,2
31710,3
31711,3
31712,4
31713,3
31714,4
31715,3
31716,3
31717,3
31718,3
31719,1
31720,3
31721,3
31722,1
31723,1
31724,3
31725,3
31726,3
31727,3
31728,2
31729,1
31730,3
31731,3
31732,4
31733,3
31734,1
31735,4
31736,2
31737,1
31738,3
31739,2
31740,2
31741,1
31742,1
31743,0
31744,2
31745,2
31746,2
31747,3
31748,2
31749,2
31750,2
31751,2
31752,2
31753,2
31754,3
31755,2
31756,2
31757,2
31758,2
31759,1
31760,2
31761,3
31762,3
31763,3
31764,3
31765,3
31766,3
31767,2
31768,2
31769,2
31770,0
31771,2
31772,2
31773,3
31774,3
31775,3
31776,1
31777,1
31778,1
31779,1
31780,3
31781,3
31782,2
31783,2
31784,3
31785,2
31786,3
31787,2
31788,3
31789,2
31790,2
31791,2
31792,3
31793,2
31794,3
31795,1
31796,3
31797,2
31798,2
31799,3
31800,3
31801,2
31802,1
31803,1
31804,1
31805,1
31806,1
31807,1
31808,1
31809,1
31810,1
31811,1
31812,1
31813,2
31814,2
31815,2
31816,3
31817,0
31818,1
31819,1
31820,2
31821,2
31822,3
31823,3
31824,0
31825,3
31826,2
31827,2
31828,2
31829,2
31830,0
31831,4
31832,2
31833,2
31834,0
31835,0
31836,0
31837,2
31838,0
31839,2
31840,2
31841,2
31842,3
31843,2
31844,3
31845,2
31846,3
31847,1
31848,3
31849,3
31850,3
31851,3
31852,3
31853,3
31854,3
31855,3
31856,3
31857,3
31858,3
31859,3
31860,1
31861,1
31862,1
31863,1
31864,3
31865,3
31866,3
31867,3
31868,3
31869,3
31870,3
31871,3
31872,3
31873,3
31874,2
31875,3
31876,3
31877,3
31878,3
31879,3
31880,3
31881,3
31882,3
31883,3
31884,3
31885,1
31886,1
31887,3
31888,3
31889,3
31890,3
31891,3
31892,3
31893,3
31894,2
31895,2
31896,2
31897,3
31898,3
31899,3
31900,3
31901,3
31902,3
31903,3
31904,3
31905,3
31906,1
31907,1
31908,2
31909,1
31910,0
31911,0
31912,0
31913,3
31914,2
31915,2
31916,0
31917,3
31918,0
31919,0
31920,0
31921,2
31922,2
31923,3
31924,0
31925,3
31926,2
31927,3
31928,2
31929,3
31930,2
31931,2
31932,3
31933,3
31934,2
31935,3
31936,0
31937,3
31938,0
31939,0
31940,2
31941,2
31942,2
31943,0
31944,3
31945,2
31946,3
31947,2
31948,0
31949,2
31950,2
31951,3
31952,3
31953,3
31954,3
31955,3
31956,1
31957,5
31958,5
31959,5
31960,4
31961,5
31962,5
31963,2
31964,2
31965,2
31966,5
31967,5
31968,5
31969,5
31970,5
31971,5
31972,5
31973,5
31974,5
31975,5
31976,5
31977,5
31978,5
31979,5
31980,5
31981,5
31982,5
31983,2
31984,5
31985,0
31986,2
31987,2
31988,4
31989,2
31990,0
31991,3
31992,2
31993,2
31994,0
31995,2
31996,2
31997,2
31998,2
31999,2
32000,2
32001,2
32002,2
32003,4
32004,2
32005,2
32006,2
32007,1
32008,2
32009,5
32010,5
32011,5
32012,2
32013,2
32014,2
32015,5
32016,2
32017,2
32018,2
32019,2
32020,2
32021,2
32022,2
32023,2
32024,1
32025,1
32026,5
32027,2
32028,5
32029,0
32030,2
32031,5
32032,0
32033,2
32034,5
32035,5
32036,2
32037,2
32038,2
32039,2
32040,5
32041,2
32042,2
32043,2
32044,5
32045,5
32046,5
32047,5
32048,5
32049,2
32050,5
32051,5
32052,5
32053,0
32054,5
32055,2
32056,5
32057,2
32058,5
32059,5
32060,5
32061,5
32062,2
32063,5
32064,5
32065,5
32066,2
32067,2
32068,2
32069,2
32070,2
32071,5
32072,2
32073,2
32074,2
32075,5
32076,2
32077,5
32078,2
32079,5
32080,5
32081,5
32082,5
32083,5
32084,5
32085,2
32086,5
32087,5
32088,2
32089,5
32090,5
32091,5
32092,2
32093,2
32094,2
32095,2
32096,2
32097,2
32098,2
32099,2
32100,5
32101,5
32102,2
32103,2
32104,2
32105,2
32106,2
32107,2
32108,2
32109,2
32110,2
32111,5
32112,5
32113,5
32114,5
32115,5
32116,5
32117,5
32118,5
32119,5
32120,5
32121,5
32122,5
32123,5
32124,2
32125,2
32126,2
32127,4
32128,2
32129,2
32130,5
32131,5
32132,5
32133,5
32134,5
32135,5
32136,2
32137,2
32138,2
32139,5
32140,5
32141,5
32142,5
32143,5
32144,5
32145,5
32146,5
32147,5
32148,5
32149,5
32150,2
32151,5
32152,5
32153,5
32154,2
32155,2
32156,2
32157,2
32158,1
32159,2
32160,3
32161,2
32162,5
32163,5
32164,0
32165,2
32166,2
32167,0
32168,2
32169,5
32170,5
32171,5
32172,5
32173,5
32174,5
32175,2
32176,2
32177,2
32178,5
32179,5
32180,2
32181,5
32182,5
32183,5
32184,5
32185,2
32186,2
32187,5
32188,5
32189,5
32190,5
32191,2
32192,5
32193,5
32194,5
32195,5
32196,5
32197,5
32198,2
32199,2
32200,2
32201,2
32202,2
32203,2
32204,2
32205,2
32206,2
32207,2
32208,2
32209,2
32210,2
32211,2
32212,2
32213,2
32214,0
32215,0
32216,2
32217,2
32218,2
32219,2
32220,2
32221,2
32222,5
32223,5
32224,2
32225,2
32226,5
32227,5
32228,5
32229,2
32230,2
32231,5
32232,2
32233,2
32234,5
32235,0
32236,5
32237,5
32238,2
32239,5
32240,2
32241,0
32242,3
32243,5
32244,0
32245,5
32246,0
32247,5
32248,5
32249,5
32250,5
32251,2
32252,2
32253,2
32254,2
32255,2
32256,4
32257,5
32258,5
32259,2
32260,5
32261,0
32262,2
32263,5
32264,5
32265,5
32266,5
32267,5
32268,2
32269,1
32270,5
32271,0
32272,1
32273,0
32274,5
32275,3
32276,5
32277,0
32278,4
32279,2
32280,2
32281,2
32282,2
32283,2
32284,5
32285,2
32286,2
32287,5
32288,5
32289,5
32290,2
32291,2
32292,2
32293,2
32294,5
32295,5
32296,5
32297,2
32298,5
32299,5
32300,2
32301,2
32302,2
32303,0
32304,2
32305,2
32306,5
32307,2
32308,5
32309,5
32310,2
32311,2
32312,2
32313,2
32314,2
32315,5
32316,0
32317,2
32318,2
32319,2
32320,2
32321,5
32322,2
32323,5
32324,5
32325,2
32326,5
32327,5
32328,5
32329,5
32330,5
32331,2
32332,2
32333,5
32334,2
32335,2
32336,0
32337,2
32338,2
32339,5
32340,2
32341,5
32342,5
32343,5
32344,5
32345,5
32346,2
32347,5
32348,2
32349,2
32350,5
32351,5
32352,5
32353,5
32354,5
32355,5
32356,5
32357,2
32358,2
32359,5
32360,5
32361,5
32362,0
32363,2
32364,2
32365,2
32366,5
32367,2
32368,2
32369,2
32370,2
32371,2
32372,5
32373,5
32374,2
32375,2
32376,5
32377,5
32378,5
32379,5
32380,5
32381,5
32382,5
32383,2
32384,2
32385,5
32386,2
32387,5
32388,5
32389,5
32390,5
32391,2
32392,5
32393,5
32394,5
32395,2
32396,2
32397,5
32398,2
32399,2
32400,2
32401,5
32402,5
32403,2
32404,5
32405,5
32406,2
32407,2
32408,2
32409,2
32410,2
32411,2
32412,2
32413,2
32414,2
32415,2
32416,0
32417,2
32418,0
32419,2
32420,2
32421,5
32422,5
32423,5
32424,5
32425,5
32426,5
32427,5
32428,5
32429,2
32430,5
32431,5
32432,5
32433,1
32434,1
32435,0
32436,1
32437,2
32438,2
32439,2
32440,0
32441,1
32442,2
32443,4
32444,5
32445,5
32446,5
32447,5
32448,2
32449,5
32450,5
32451,2
32452,5
32453,2
32454,2
32455,5
32456,5
32457,2
32458,5
32459,2
32460,2
32461,2
32462,2
32463,2
32464,5
32465,5
32466,2
32467,5
32468,5
32469,5
32470,5
32471,2
32472,5
32473,2
32474,2
32475,2
32476,2
32477,5
32478,2
32479,5
32480,5
32481,2
32482,2
32483,2
32484,5
32485,5
32486,5
32487,5
32488,5
32489,5
32490,5
32491,5
32492,5
32493,2
32494,5
32495,5
32496,5
32497,5
32498,2
32499,5
32500,5
32501,2
32502,5
32503,2
32504,2
32505,5
32506,5
32507,5
32508,5
32509,2
32510,5
32511,2
32512,5
32513,2
32514,2
32515,2
32516,2
32517,2
32518,4
32519,5
32520,5
32521,2
32522,2
32523,2
32524,5
32525,2
32526,2
32527,2
32528,2
32529,2
32530,5
32531,2
32532,2
32533,5
32534,2
32535,2
32536,3
32537,5
32538,2
32539,2
32540,2
32541,2
32542,2
32543,2
32544,2
32545,4
32546,1
32547,3
32548,4
32549,0
32550,3
32551,3
32552,2
32553,3
32554,3
32555,0
32556,3
32557,3
32558,3
32559,3
32560,5
32561,4
32562,3
32563,3
32564,0
32565,1
32566,1
32567,1
32568,4
32569,0
32570,1
32571,1
32572,1
32573,3
32574,3
32575,1
32576,4
32577,1
32578,1
32579,3
32580,3
32581,1
32582,0
32583,5
32584,3
32585,0
32586,1
32587,3
32588,4
32589,0
32590,0
32591,4
32592,0
32593,4
32594,0
32595,1
32596,1
32597,1
32598,1
32599,1
32600,1
32601,1
32602,1
32603,0
32604,0
32605,1
32606,3
32607,3
32608,1
32609,1
32610,0
32611,1
32612,0
32613,0
32614,1
32615,3
32616,1
32617,3
32618,0
32619,1
32620,0
32621,3
32622,1
32623,1
32624,3
32625,3
32626,1
32627,0
32628,0
32629,0
32630,0
32631,0
32632,0
32633,0
32634,0
32635,0
32636,0
32637,0
32638,0
32639,0
32640,3
32641,3
32642,3
32643,3
32644,5
32645,3
32646,3
32647,0
32648,0
32649,3
32650,3
32651,3
32652,3
32653,3
32654,3
32655,3
32656,3
32657,3
32658,0
32659,0
32660,0
32661,3
32662,3
32663,3
32664,3
32665,3
32666,3
32667,3
32668,3
32669,3
32670,3
32671,3
32672,3
32673,3
32674,3
32675,0
32676,3
32677,3
32678,3
32679,3
32680,3
32681,0
32682,3
32683,3
32684,3
32685,3
32686,3
32687,3
32688,5
32689,3
32690,3
32691,3
32692,5
32693,3
32694,3
32695,3
32696,3
32697,0
32698,3
32699,3
32700,3
32701,3
32702,3
32703,3
32704,1
32705,3
32706,3
32707,1
32708,3
32709,3
32710,3
32711,3
32712,1
32713,1
32714,3
32715,3
32716,3
32717,3
32718,3
32719,3
32720,3
32721,3
32722,3
32723,3
32724,3
32725,3
32726,3
32727,3
32728,3
32729,3
32730,0
32731,0
32732,0
32733,0
32734,3
32735,0
32736,0
32737,0
32738,3
32739,3
32740,4
32741,3
32742,3
32743,3
32744,3
32745,3
32746,3
32747,3
32748,3
32749,3
32750,3
32751,3
32752,3
32753,3
32754,3
32755,3
32756,3
32757,0
32758,0
32759,0
32760,0
32761,0
32762,0
32763,0
32764,0
32765,0
32766,0
32767,0
32768,0
32769,0
32770,0
32771,0
32772,0
32773,0
32774,3
32775,0
32776,0
32777,0
32778,0
32779,0
32780,3
32781,3
32782,3
32783,0
32784,3
32785,0
32786,3
32787,3
32788,3
32789,3
32790,3
32791,3
32792,3
32793,3
32794,3
32795,3
32796,3
32797,3
32798,3
32799,3
32800,0
32801,3
32802,3
32803,1
32804,3
32805,3
32806,3
32807,3
32808,3
32809,3
32810,3
32811,3
32812,4
32813,3
32814,3
32815,3
32816,0
32817,3
32818,0
32819,3
32820,0
32821,0
32822,3
32823,3
32824,3
32825,3
32826,3
32827,3
32828,3
32829,3
32830,0
32831,3
32832,3
32833,3
32834,3
32835,3
32836,0
32837,1
32838,3
32839,3
32840,3
32841,3
32842,3
32843,3
32844,3
32845,0
32846,0
32847,0
32848,3
32849,0
32850,3
32851,0
32852,0
32853,0
32854,0
32855,0
32856,0
32857,0
32858,3
32859,3
32860,3
32861,0
32862,0
32863,0
32864,0
32865,3
32866,1
32867,3
32868,3
32869,3
32870,3
32871,3
32872,0
32873,3
32874,3
32875,0
32876,4
32877,0
32878,4
32879,3
32880,0
32881,0
32882,0
32883,0
32884,3
32885,3
32886,3
32887,3
32888,3
32889,1
32890,0
32891,3
32892,1
32893,3
32894,1
32895,3
32896,0
32897,3
32898,0
32899,3
32900,1
32901,3
32902,0
32903,3
32904,3
32905,3
32906,3
32907,0
32908,3
32909,1
32910,3
32911,3
32912,3
32913,3
32914,0
32915,0
32916,3
32917,3
32918,3
32919,3
32920,3
32921,3
32922,3
32923,3
32924,3
32925,0
32926,0
32927,0
32928,0
32929,1
32930,3
32931,1
32932,3
32933,1
32934,3
32935,0
32936,0
32937,0
32938,0
32939,0
32940,0
32941,3
32942,3
32943,3
32944,3
32945,3
32946,3
32947,3
32948,0
32949,0
32950,0
32951,1
32952,1
32953,0
32954,3
32955,3
32956,0
32957,0
32958,0
32959,0
32960,0
32961,0
32962,0
32963,0
32964,0
32965,0
32966,0
32967,0
32968,0
32969,0
32970,0
32971,0
32972,4
32973,3
32974,0
32975,0
32976,0
32977,0
32978,0
32979,0
32980,0
32981,0
32982,0
32983,0
32984,3
32985,3
32986,0
32987,3
32988,0
32989,3
32990,3
32991,3
32992,0
32993,3
32994,3
32995,3
32996,3
32997,5
32998,0
32999,0
33000,0
33001,2
33002,0
33003,0
33004,0
33005,0
33006,3
33007,0
33008,0
33009,0
33010,0
33011,0
33012,3
33013,3
33014,0
33015,0
33016,0
33017,0
33018,0
33019,0
33020,0
33021,3
33022,3
33023,1
33024,1
33025,1
33026,3
33027,3
33028,3
33029,4
33030,4
33031,4
33032,3
33033,1
33034,1
33035,0
33036,0
33037,0
33038,0
33039,0
33040,0
33041,0
33042,0
33043,0
33044,0
33045,0
33046,0
33047,0
33048,0
33049,0
33050,0
33051,0
33052,0
33053,0
33054,0
33055,0
33056,0
33057,0
33058,0
33059,0
33060,0
33061,0
33062,3
33063,3
33064,3
33065,0
33066,3
33067,3
33068,0
33069,3
33070,0
33071,0
33072,0
33073,1
33074,3
33075,1
33076,3
33077,0
33078,3
33079,3
33080,3
33081,1
33082,1
33083,0
33084,0
33085,3
33086,1
33087,0
33088,1
33089,0
33090,0
33091,0
33092,0
33093,0
33094,0
33095,0
33096,0
33097,0
33098,0
33099,0
33100,0
33101,0
33102,0
33103,0
33104,0
33105,0
33106,0
33107,0
33108,1
33109,3
33110,0
33111,0
33112,3
33113,0
33114,0
33115,0
33116,3
33117,0
33118,0
33119,1
33120,1
33121,1
33122,0
33123,0
33124,0
33125,0
33126,3
33127,0
33128,0
33129,2
33130,0
33131,0
33132,0
33133,1
33134,0
33135,0
33136,0
33137,3
33138,2
33139,0
33140,0
33141,3
33142,3
33143,0
33144,1
33145,1
33146,1
33147,3
33148,2
33149,2
33150,3
33151,1
33152,1
33153,1
33154,3
33155,1
33156,0
33157,0
33158,3
33159,5
33160,0
33161,0
33162,0
33163,5
33164,3
33165,2
33166,0
33167,2
33168,2
33169,2
33170,2
33171,2
33172,2
33173,2
33174,0
33175,2
33176,2
33177,2
33178,0
33179,0
33180,0
33181,2
33182,3
33183,2
33184,0
33185,2
33186,2
33187,3
33188,2
33189,2
33190,2
33191,2
33192,2
33193,2
33194,2
33195,2
33196,2
33197,2
33198,2
33199,3
33200,3
33201,2
33202,2
33203,2
33204,2
33205,2
33206,2
33207,2
33208,0
33209,0
33210,2
33211,0
33212,0
33213,2
33214,2
33215,0
33216,0
33217,0
33218,0
33219,0
33220,2
33221,0
33222,0
33223,0
33224,0
33225,2
33226,0
33227,0
33228,0
33229,4
33230,0
33231,0
33232,2
33233,0
33234,0
33235,0
33236,0
33237,2
33238,0
33239,3
33240,1
33241,1
33242,0
33243,0
33244,0
33245,0
33246,2
33247,2
33248,3
33249,0
33250,2
33251,2
33252,2
33253,2
33254,2
33255,2
33256,2
33257,0
33258,2
33259,2
33260,0
33261,3
33262,1
33263,0
33264,2
33265,2
33266,1
33267,2
33268,3
33269,0
33270,0
33271,1
33272,3
33273,3
33274,3
33275,3
33276,2
33277,3
33278,1
33279,1
33280,1
33281,1
33282,1
33283,0
33284,1
33285,0
33286,0
33287,1
33288,3
33289,2
33290,1
33291,3
33292,3
33293,0
33294,3
33295,2
33296,3
33297,1
33298,1
33299,1
33300,0
33301,2
33302,2
33303,2
33304,1
33305,1
33306,1
33307,0
33308,2
33309,1
33310,2
33311,2
33312,3
33313,0
33314,1
33315,0
33316,3
33317,2
33318,3
33319,3
33320,2
33321,2
33322,3
33323,2
33324,2
33325,1
33326,3
33327,1
33328,1
33329,1
33330,1
33331,2
33332,0
33333,2
33334,0
33335,2
33336,0
33337,4
33338,0
33339,2
33340,3
33341,2
33342,0
33343,2
33344,2
33345,3
33346,2
33347,2
33348,2
33349,2
33350,2
33351,2
33352,2
33353,0
33354,2
33355,2
33356,2
33357,1
33358,1
33359,1
33360,1
33361,1
33362,1
33363,2
33364,2
33365,2
33366,2
33367,2
33368,2
33369,1
33370,2
33371,2
33372,2
33373,2
33374,1
33375,0
33376,0
33377,2
33378,0
33379,2
33380,3
33381,2
33382,3
33383,1
33384,1
33385,3
33386,2
33387,2
33388,2
33389,0
33390,2
33391,0
33392,2
33393,0
33394,4
33395,0
33396,1
33397,1
33398,3
33399,3
33400,2
33401,4
33402,2
33403,2
33404,1
33405,2
33406,2
33407,2
33408,4
33409,2
33410,1
33411,1
33412,4
33413,2
33414,2
33415,4
33416,1
33417,1
33418,2
33419,0
33420,0
33421,0
33422,2
33423,3
33424,1
33425,2
33426,1
33427,2
33428,2
33429,2
33430,1
33431,2
33432,1
33433,1
33434,3
33435,1
33436,1
33437,0
33438,1
33439,1
33440,1
33441,2
33442,3
33443,1
33444,1
33445,1
33446,0
33447,1
33448,2
33449,2
33450,0
33451,1
33452,1
33453,3
33454,1
33455,2
33456,1
33457,0
33458,2
33459,0
33460,2
33461,1
33462,2
33463,1
33464,1
33465,2
33466,1
33467,1
33468,1
33469,1
33470,2
33471,1
33472,1
33473,1
33474,1
33475,2
33476,1
33477,1
33478,2
33479,2
33480,2
33481,3
33482,2
33483,3
33484,2
33485,2
33486,2
33487,2
33488,2
33489,1
33490,1
33491,2
33492,1
33493,1
33494,1
33495,3
33496,1
33497,1
33498,1
33499,3
33500,2
33501,1
33502,2
33503,2
33504,1
33505,2
33506,5
33507,2
33508,2
33509,4
33510,1
33511,4
33512,1
33513,1
33514,2
33515,2
33516,1
33517,2
33518,0
33519,2
33520,2
33521,1
33522,2
33523,3
33524,3
33525,2
33526,0
33527,2
33528,1
33529,1
33530,1
33531,1
33532,5
33533,1
33534,0
33535,1
33536,1
33537,1
33538,1
33539,1
33540,2
33541,0
33542,0
33543,3
33544,1
33545,3
33546,1
33547,1
33548,1
33549,2
33550,1
33551,1
33552,1
33553,1
33554,4
33555,1
33556,4
33557,4
33558,4
33559,1
33560,3
33561,3
33562,4
33563,2
33564,4
33565,2
33566,3
33567,2
33568,1
33569,1
33570,1
33571,1
33572,1
33573,2
33574,2
33575,1
33576,1
33577,1
33578,2
33579,2
33580,2
33581,1
33582,2
33583,3
33584,2
33585,1
33586,1
33587,2
33588,1
33589,1
33590,0
33591,1
33592,1
33593,0
33594,1
33595,1
33596,1
33597,1
33598,2
33599,2
33600,1
33601,1
33602,1
33603,1
33604,1
33605,2
33606,2
33607,1
33608,3
33609,1
33610,3
33611,3
33612,2
33613,2
33614,2
33615,2
33616,2
33617,1
33618,2
33619,1
33620,2
33621,2
33622,2
33623,2
33624,2
33625,2
33626,2
33627,2
33628,2
33629,2
33630,2
33631,0
33632,2
33633,2
33634,2
33635,0
33636,0
33637,2
33638,2
33639,2
33640,2
33641,2
33642,2
33643,3
33644,0
33645,0
33646,0
33647,2
33648,2
33649,2
33650,2
33651,2
33652,2
33653,2
33654,3
33655,2
33656,2
33657,3
33658,2
33659,2
33660,3
33661,1
33662,4
33663,2
33664,3
33665,1
33666,2
33667,1
33668,1
33669,3
33670,2
33671,3
33672,3
33673,2
33674,2
33675,2
33676,0
33677,0
33678,2
33679,2
33680,2
33681,2
33682,2
33683,2
33684,2
33685,2
33686,2
33687,2
33688,2
33689,2
33690,1
33691,1
33692,2
33693,0
33694,0
33695,2
33696,2
33697,2
33698,2
33699,2
33700,2
33701,2
33702,2
33703,2
33704,2
33705,3
33706,3
33707,1
33708,1
33709,1
33710,1
33711,2
33712,2
33713,3
33714,2
33715,2
33716,2
33717,2
33718,1
33719,2
33720,4
33721,4
33722,1
33723,2
33724,4
33725,0
33726,4
33727,1
33728,4
33729,4
33730,4
33731,2
33732,4
33733,0
33734,4
33735,4
33736,3
33737,0
33738,4
33739,1
33740,0
33741,0
33742,1
33743,1
33744,1
33745,3
33746,2
33747,2
33748,2
33749,0
33750,4
33751,0
33752,1
33753,2
33754,2
33755,1
33756,4
33757,2
33758,3
33759,3
33760,2
33761,2
33762,2
33763,2
33764,2
33765,2
33766,2
33767,2
33768,2
33769,2
33770,2
33771,2
33772,2
33773,1
33774,3
33775,4
33776,3
33777,1
33778,2
33779,0
33780,3
33781,3
33782,1
33783,3
33784,3
33785,3
33786,4
33787,2
33788,2
33789,0
33790,3
33791,3
33792,2
33793,0
33794,0
33795,3
33796,3
33797,0
33798,4
33799,3
33800,0
33801,0
33802,1
33803,1
33804,4
33805,4
33806,1
33807,3
33808,0
33809,3
33810,0
33811,2
33812,2
33813,2
33814,2
33815,4
33816,3
33817,4
33818,4
33819,3
33820,1
33821,3
33822,3
33823,3
33824,3
33825,3
33826,3
33827,1
33828,2
33829,3
33830,1
33831,2
33832,2
33833,3
33834,1
33835,3
33836,1
33837,2
33838,1
33839,4
33840,1
33841,1
33842,3
33843,2
33844,1
33845,3
33846,2
33847,2
33848,0
33849,2
33850,4
33851,0
33852,2
33853,2
33854,4
33855,2
33856,4
33857,3
33858,3
33859,0
33860,3
33861,0
33862,3
33863,0
33864,3
33865,3
33866,1
33867,0
33868,0
33869,3
33870,1
33871,2
33872,0
33873,3
33874,0
33875,3
33876,0
33877,2
33878,0
33879,2
33880,1
33881,2
33882,2
33883,0
33884,3
33885,3
33886,3
33887,0
33888,2
33889,0
33890,2
33891,2
33892,3
33893,4
33894,3
33895,3
33896,0
33897,0
33898,0
33899,4
33900,4
33901,3
33902,4
33903,2
33904,2
33905,0
33906,2
33907,1
33908,4
33909,1
33910,4
33911,3
33912,3
33913,2
33914,0
33915,3
33916,1
33917,2
33918,2
33919,2
33920,2
33921,4
33922,4
33923,1
33924,2
33925,2
33926,0
33927,2
33928,2
33929,3
33930,3
33931,3
33932,0
33933,1
33934,0
33935,2
33936,1
33937,4
33938,4
33939,1
33940,0
33941,4
33942,3
33943,2
33944,4
33945,0
33946,4
33947,4
33948,2
33949,2
33950,0
33951,0
33952,2
33953,2
33954,2
33955,2
33956,2
33957,0
33958,0
33959,2
33960,2
33961,2
33962,2
33963,0
33964,2
33965,2
33966,0
33967,2
33968,0
33969,2
33970,0
33971,0
33972,2
33973,2
33974,2
33975,0
33976,2
33977,2
33978,2
33979,2
33980,2
33981,2
33982,2
33983,2
33984,2
33985,0
33986,3
33987,2
33988,2
33989,2
33990,2
33991,2
33992,2
33993,2
33994,2
33995,2
33996,2
33997,2
33998,3
33999,2
34000,2
34001,3
34002,2
34003,2
34004,2
34005,0
34006,2
34007,1
34008,4
34009,3
34010,2
34011,2
34012,0
34013,0
34014,2
34015,2
34016,2
34017,4
34018,4
34019,0
34020,2
34021,2
34022,1
34023,0
34024,1
34025,2
34026,2
34027,2
34028,1
34029,2
34030,2
34031,2
34032,0
34033,2
34034,0
34035,0
34036,2
34037,2
34038,2
34039,2
34040,2
34041,2
34042,0
34043,2
34044,2
34045,2
34046,2
34047,2
34048,2
34049,2
34050,2
34051,2
34052,0
34053,0
34054,2
34055,0
34056,2
34057,2
34058,2
34059,2
34060,2
34061,2
34062,3
34063,4
34064,2
34065,2
34066,2
34067,0
34068,2
34069,2
34070,2
34071,2
34072,2
34073,2
34074,2
34075,2
34076,2
34077,2
34078,2
34079,2
34080,2
34081,2
34082,2
34083,2
34084,2
34085,0
34086,2
34087,2
34088,1
34089,2
34090,2
34091,2
34092,2
34093,2
34094,1
34095,4
34096,2
34097,2
34098,2
34099,2
34100,2
34101,2
34102,2
34103,2
34104,2
34105,0
34106,2
34107,2
34108,2
34109,2
34110,2
34111,2
34112,2
34113,1
34114,2
34115,2
34116,1
34117,1
34118,1
34119,2
34120,2
34121,2
34122,2
34123,2
34124,2
34125,2
34126,2
34127,4
34128,2
34129,2
34130,1
34131,4
34132,4
34133,2
34134,4
34135,5
34136,4
34137,2
34138,3
34139,0
34140,1
34141,1
34142,1
34143,1
34144,1
34145,1
34146,0
34147,4
34148,3
34149,0
34150,1
34151,1
34152,0
34153,0
34154,4
34155,1
34156,3
34157,0
34158,4
34159,2
34160,4
34161,0
34162,0
34163,4
34164,0
34165,0
34166,0
34167,0
34168,0
34169,2
34170,1
34171,0
34172,2
34173,0
34174,1
34175,4
34176,4
34177,4
34178,4
34179,1
34180,3
34181,4
34182,4
34183,1
34184,3
34185,1
34186,0
34187,1
34188,4
34189,1
34190,3
34191,1
34192,1
34193,4
34194,4
34195,4
34196,4
34197,4
34198,4
34199,1
34200,1
34201,4
34202,0
34203,1
34204,1
34205,1
34206,4
34207,3
34208,3
34209,0
34210,0
34211,0
34212,0
34213,0
34214,0
34215,0
34216,1
34217,1
34218,1
34219,0
34220,0
34221,0
34222,0
34223,1
34224,4
34225,1
34226,0
34227,1
34228,0
34229,1
34230,1
34231,1
34232,0
34233,3
34234,3
34235,3
34236,1
34237,2
34238,4
34239,2
34240,2
34241,1
34242,4
34243,3
34244,3
34245,3
34246,3
34247,3
34248,0
34249,0
34250,3
34251,2
34252,2
34253,3
34254,3
34255,3
34256,3
34257,2
34258,3
34259,2
34260,3
34261,2
34262,2
34263,0
34264,3
34265,2
34266,0
34267,2
34268,3
34269,0
34270,0
34271,4
34272,1
34273,1
34274,1
34275,2
34276,2
34277,2
34278,1
34279,3
34280,4
34281,4
34282,2
34283,1
34284,0
34285,1
34286,1
34287,4
34288,4
34289,1
34290,4
34291,2
34292,1
34293,1
34294,3
34295,1
34296,1
34297,1
34298,0
34299,2
34300,0
34301,1
34302,0
34303,0
34304,3
34305,5
34306,2
34307,0
34308,2
34309,1
34310,1
34311,1
34312,0
34313,0
34314,0
34315,2
34316,2
34317,4
34318,0
34319,5
34320,4
34321,1
34322,1
34323,1
34324,1
34325,1
34326,2
34327,2
34328,0
34329,0
34330,0
34331,1
34332,3
34333,4
34334,3
34335,1
34336,1
34337,2
34338,1
34339,0
34340,1
34341,0
34342,1
34343,2
34344,0
34345,0
34346,0
34347,1
34348,2
34349,2
34350,2
34351,2
34352,0
34353,0
34354,2
34355,0
34356,2
34357,2
34358,0
34359,0
34360,1
34361,3
34362,2
34363,3
34364,1
34365,0
34366,3
34367,3
34368,4
34369,3
34370,1
34371,3
34372,2
34373,0
34374,2
34375,1
34376,3
34377,0
34378,1
34379,2
34380,4
34381,1
34382,2
34383,2
34384,0
34385,2
34386,4
34387,4
34388,4
34389,0
34390,4
34391,4
34392,4
34393,1
34394,4
34395,0
34396,0
34397,1
34398,0
34399,4
34400,4
34401,4
34402,4
34403,4
34404,2
34405,0
34406,2
34407,4
34408,4
34409,2
34410,4
34411,4
34412,4
34413,4
34414,4
34415,2
34416,0
34417,1
34418,1
34419,0
34420,1
34421,1
34422,1
34423,0
34424,3
34425,0
34426,0
34427,0
34428,0
34429,0
34430,1
34431,1
34432,1
34433,1
34434,1
34435,1
34436,0
34437,3
34438,1
34439,2
34440,0
34441,1
34442,1
34443,1
34444,2
34445,1
34446,4
34447,4
34448,4
34449,1
34450,4
34451,2
34452,0
34453,0
34454,2
34455,0
34456,3
34457,3
34458,3
34459,2
34460,3
34461,3
34462,2
34463,3
34464,3
34465,0
34466,3
34467,4
34468,0
34469,0
34470,3
34471,3
34472,2
34473,1
34474,0
34475,0
34476,1
34477,3
34478,0
34479,3
34480,3
34481,3
34482,0
34483,3
34484,0
34485,4
34486,2
34487,3
34488,3
34489,0
34490,0
34491,3
34492,4
34493,0
34494,3
34495,2
34496,3
34497,3
34498,3
34499,3
34500,3
34501,0
34502,2
34503,3
34504,3
34505,4
34506,0
34507,4
34508,0
34509,3
34510,0
34511,1
34512,4
34513,2
34514,1
34515,1
34516,1
34517,1
34518,1
34519,4
34520,3
34521,3
34522,1
34523,1
34524,0
34525,1
34526,4
34527,3
34528,1
34529,4
34530,1
34531,2
34532,1
34533,3
34534,1
34535,1
34536,3
34537,1
34538,3
34539,3
34540,3
34541,1
34542,3
34543,4
34544,3
34545,1
34546,3
34547,1
34548,3
34549,1
34550,3
34551,1
34552,4
34553,3
34554,3
34555,1
34556,4
34557,1
34558,1
34559,4
34560,1
34561,1
34562,1
34563,0
34564,2
34565,2
34566,3
34567,1
34568,3
34569,3
34570,2
34571,3
34572,3
34573,2
34574,2
34575,4
34576,2
34577,3
34578,0
34579,3
34580,4
34581,0
34582,3
34583,0
34584,3
34585,3
34586,4
34587,4
34588,3
34589,4
34590,4
34591,3
34592,3
34593,0
34594,0
34595,4
34596,4
34597,0
34598,3
34599,3
34600,3
34601,3
34602,3
34603,4
34604,3
34605,3
34606,4
34607,4
34608,4
34609,3
34610,2
34611,0
34612,4
34613,3
34614,0
34615,3
34616,3
34617,2
34618,2
34619,0
34620,3
34621,3
34622,3
34623,2
34624,3
34625,3
34626,3
34627,3
34628,3
34629,3
34630,3
34631,2
34632,3
34633,2
34634,3
34635,3
34636,0
34637,0
34638,4
34639,3
34640,1
34641,1
34642,1
34643,1
34644,1
34645,4
34646,3
34647,1
34648,3
34649,3
34650,1
34651,4
34652,3
34653,1
34654,3
34655,0
34656,2
34657,1
34658,4
34659,2
34660,3
34661,3
34662,4
34663,2
34664,3
34665,1
34666,1
34667,1
34668,2
34669,3
34670,4
34671,4
34672,3
34673,4
34674,2
34675,4
34676,2
34677,2
34678,0
34679,2
34680,4
34681,3
34682,4
34683,4
34684,4
34685,3
34686,3
34687,2
34688,1
34689,0
34690,4
34691,0
34692,3
34693,4
34694,3
34695,3
34696,3
34697,2
34698,2
34699,2
34700,2
34701,2
34702,2
34703,2
34704,3
34705,2
34706,1
34707,2
34708,2
34709,2
34710,2
34711,4
34712,4
34713,0
34714,1
34715,4
34716,1
34717,1
34718,3
34719,4
34720,2
34721,4
34722,3
34723,0
34724,3
34725,4
34726,4
34727,4
34728,3
34729,3
34730,4
34731,2
34732,3
34733,2
34734,2
34735,0
34736,3
34737,3
34738,3
34739,4
34740,0
34741,3
34742,0
34743,3
34744,4
34745,0
34746,2
34747,3
34748,2
34749,2
34750,2
34751,0
34752,2
34753,3
34754,2
34755,2
34756,2
34757,2
34758,2
34759,3
34760,2
34761,2
34762,2
34763,4
34764,3
34765,2
34766,0
34767,2
34768,3
34769,3
34770,2
34771,1
34772,2
34773,2
34774,0
34775,3
34776,4
34777,4
34778,1
34779,4
34780,0
34781,0
34782,1
34783,3
34784,1
34785,1
34786,1
34787,4
34788,3
34789,3
34790,3
34791,1
34792,0
34793,4
34794,3
34795,1
34796,1
34797,0
34798,3
34799,0
34800,1
34801,1
34802,1
34803,5
34804,1
34805,1
34806,3
34807,1
34808,3
34809,4
34810,1
34811,1
34812,1
34813,1
34814,4
34815,1
34816,1
34817,4
34818,4
34819,4
34820,4
34821,1
34822,1
34823,4
34824,3
34825,1
34826,4
34827,4
34828,2
34829,1
34830,0
34831,2
34832,2
34833,2
34834,2
34835,0
34836,3
34837,1
34838,2
34839,2
34840,2
34841,3
34842,3
34843,2
34844,3
34845,2
34846,1
34847,1
34848,3
34849,1
34850,3
34851,0
34852,0
34853,2
34854,1
34855,3
34856,1
34857,1
34858,3
34859,0
34860,4
34861,3
34862,4
34863,2
34864,0
34865,0
34866,0
34867,2
34868,1
34869,2
34870,2
34871,2
34872,0
34873,2
34874,2
34875,1
34876,2
34877,1
34878,2
34879,0
34880,1
34881,2
34882,2
34883,2
34884,2
34885,2
34886,2
34887,1
34888,2
34889,2
34890,2
34891,2
34892,0
34893,2
34894,1
34895,0
34896,0
34897,5
34898,1
34899,4
34900,5
34901,4
34902,3
34903,3
34904,3
34905,4
34906,3
34907,2
34908,0
34909,4
34910,0
34911,2
34912,3
34913,3
34914,3
34915,0
34916,3
34917,3
34918,3
34919,2
34920,0
34921,3
34922,2
34923,0
34924,3
34925,3
34926,3
34927,1
34928,1
34929,4
34930,1
34931,4
34932,4
34933,4
34934,4
34935,4
34936,4
34937,4
34938,4
34939,4
34940,4
34941,1
34942,4
34943,0
34944,4
34945,4
34946,2
34947,4
34948,4
34949,4
34950,4
34951,0
34952,3
34953,4
34954,4
34955,4
34956,4
34957,4
34958,4
34959,4
34960,0
34961,3
34962,0
34963,0
34964,4
34965,2
34966,1
34967,3
34968,4
34969,1
34970,0
34971,2
34972,3
34973,0
34974,2
34975,2
34976,2
34977,2
34978,2
34979,2
34980,2
34981,0
34982,2
34983,2
34984,2
34985,2
34986,2
34987,2
34988,2
34989,2
34990,2
34991,2
34992,1
34993,0
34994,0
34995,1
34996,0
34997,2
34998,0
34999,4
35000,2
35001,3
35002,2
35003,2
35004,0
35005,2
35006,2
35007,2
35008,2
35009,2
35010,2
35011,2
35012,2
35013,2
35014,2
35015,2
35016,2
35017,2
35018,2
35019,2
35020,2
35021,2
35022,0
35023,3
35024,2
35025,2
35026,2
35027,3
35028,3
35029,3
35030,2
35031,2
35032,2
35033,2
35034,2
35035,2
35036,2
35037,2
35038,3
35039,2
35040,2
35041,3
35042,3
35043,3
35044,2
35045,3
35046,3
35047,2
35048,3
35049,2
35050,3
35051,2
35052,3
35053,3
35054,0
35055,4
35056,2
35057,0
35058,1
35059,3
35060,3
35061,3
35062,3
35063,5
35064,5
35065,4
35066,5
35067,4
35068,5
35069,2
35070,5
35071,5
35072,4
35073,5
35074,5
35075,4
35076,4
35077,4
35078,5
35079,5
35080,2
35081,5
35082,4
35083,5
35084,5
35085,4
35086,2
35087,2
35088,4
35089,2
35090,5
35091,2
35092,0
35093,2
35094,2
35095,2
35096,2
35097,5
35098,2
35099,2
35100,4
35101,2
35102,2
35103,2
35104,2
35105,1
35106,2
35107,2
35108,2
35109,2
35110,2
35111,2
35112,4
35113,2
35114,2
35115,2
35116,2
35117,2
35118,2
35119,4
35120,4
35121,2
35122,2
35123,2
35124,2
35125,2
35126,2
35127,4
35128,2
35129,2
35130,2
35131,2
35132,2
35133,2
35134,2
35135,2
35136,2
35137,2
35138,2
35139,2
35140,2
35141,2
35142,2
35143,2
35144,2
35145,2
35146,2
35147,2
35148,2
35149,2
35150,2
35151,2
35152,4
35153,2
35154,2
35155,3
35156,2
35157,2
35158,2
35159,2
35160,2
35161,2
35162,2
35163,2
35164,2
35165,3
35166,2
35167,2
35168,2
35169,2
35170,2
35171,2
35172,2
35173,2
35174,2
35175,2
35176,2
35177,2
35178,2
35179,2
35180,2
35181,2
35182,2
35183,2
35184,2
35185,2
35186,2
35187,2
35188,2
35189,2
35190,2
35191,2
35192,2
35193,2
35194,2
35195,2
35196,2
35197,2
35198,2
35199,2
35200,2
35201,2
35202,2
35203,2
35204,2
35205,2
35206,2
35207,2
35208,2
35209,2
35210,2
35211,2
35212,2
35213,2
35214,2
35215,2
35216,2
35217,2
35218,2
35219,2
35220,2
35221,2
35222,2
35223,2
35224,2
35225,2
35226,4
35227,2
35228,2
35229,2
35230,2
35231,2
35232,2
35233,2
35234,2
35235,2
35236,2
35237,2
35238,2
35239,2
35240,2
35241,2
35242,2
35243,2
35244,2
35245,2
35246,2
35247,2
35248,2
35249,2
35250,2
35251,2
35252,2
35253,2
35254,2
35255,2
35256,2
35257,2
35258,2
35259,2
35260,2
35261,2
35262,2
35263,2
35264,2
35265,2
35266,2
35267,2
35268,2
35269,2
35270,2
35271,2
35272,2
35273,2
35274,2
35275,2
35276,2
35277,2
35278,2
35279,2
35280,2
35281,2
35282,2
35283,2
35284,2
35285,2
35286,2
35287,2
35288,2
35289,2
35290,2
35291,2
35292,2
35293,2
35294,2
35295,2
35296,2
35297,2
35298,2
35299,4
35300,4
35301,2
35302,2
35303,2
35304,2
35305,4
35306,4
35307,2
35308,2
35309,2
35310,2
35311,2
35312,2
35313,2
35314,4
35315,2
35316,2
35317,2
35318,2
35319,2
35320,2
35321,4
35322,4
35323,2
35324,4
35325,4
35326,2
35327,2
35328,2
35329,4
35330,2
35331,4
35332,2
35333,0
35334,4
35335,2
35336,2
35337,2
35338,2
35339,2
35340,2
35341,2
35342,2
35343,2
35344,2
35345,2
35346,2
35347,2
35348,2
35349,2
35350,2
35351,2
35352,2
35353,2
35354,2
35355,2
35356,2
35357,2
35358,4
35359,2
35360,2
35361,2
35362,2
35363,4
35364,2
35365,2
35366,2
35367,2
35368,2
35369,2
35370,2
35371,2
35372,2
35373,2
35374,2
35375,2
35376,2
35377,0
35378,2
35379,2
35380,2
35381,2
35382,2
35383,2
35384,2
35385,2
35386,2
35387,2
35388,2
35389,2
35390,2
35391,2
35392,2
35393,2
35394,4
35395,2
35396,2
35397,2
35398,2
35399,2
35400,2
35401,2
35402,2
35403,2
35404,2
35405,2
35406,2
35407,2
35408,2
35409,2
35410,2
35411,2
35412,2
35413,2
35414,2
35415,2
35416,4
35417,4
35418,4
35419,4
35420,2
35421,2
35422,2
35423,2
35424,2
35425,4
35426,2
35427,2
35428,2
35429,1
35430,2
35431,2
35432,2
35433,4
35434,4
35435,4
35436,2
35437,2
35438,4
35439,4
35440,4
35441,4
35442,2
35443,4
35444,2
35445,2
35446,4
35447,4
35448,4
35449,2
35450,4
35451,2
35452,2
35453,4
35454,4
35455,4
35456,2
35457,2
35458,2
35459,4
35460,4
35461,2
35462,2
35463,4
35464,4
35465,4
35466,2
35467,2
35468,2
35469,2
35470,2
35471,4
35472,2
35473,2
35474,4
35475,2
35476,4
35477,2
35478,2
35479,2
35480,4
35481,2
35482,2
35483,2
35484,4
35485,4
35486,2
35487,2
35488,2
35489,2
35490,2
35491,2
35492,2
35493,2
35494,2
35495,2
35496,2
35497,2
35498,2
35499,2
35500,2
35501,4
35502,2
35503,2
35504,2
35505,4
35506,2
35507,2
35508,2
35509,2
35510,2
35511,4
35512,2
35513,2
35514,2
35515,2
35516,2
35517,2
35518,2
35519,2
35520,4
35521,2
35522,4
35523,2
35524,2
35525,4
35526,4
35527,4
35528,4
35529,2
35530,2
35531,2
35532,2
35533,2
35534,2
35535,2
35536,2
35537,2
35538,2
35539,2
35540,4
35541,2
35542,2
35543,2
35544,4
35545,4
35546,4
35547,4
35548,4
35549,2
35550,2
35551,2
35552,4
35553,2
35554,4
35555,2
35556,2
35557,2
35558,4
35559,2
35560,4
35561,4
35562,4
35563,2
35564,2
35565,4
35566,4
35567,4
35568,2
35569,2
35570,2
35571,2
35572,2
35573,2
35574,2
35575,2
35576,2
35577,4
35578,2
35579,4
35580,4
35581,2
35582,2
35583,2
35584,4
35585,2
35586,2
35587,2
35588,4
35589,4
35590,2
35591,2
35592,4
35593,2
35594,4
35595,4
35596,2
35597,2
35598,2
35599,2
35600,2
35601,2
35602,2
35603,2
35604,2
35605,2
35606,2
35607,2
35608,2
35609,2
35610,2
35611,2
35612,2
35613,2
35614,2
35615,2
35616,2
35617,2
35618,2
35619,2
35620,4
35621,2
35622,2
35623,2
35624,2
35625,2
35626,2
35627,2
35628,2
35629,2
35630,4
35631,2
35632,2
35633,2
35634,2
35635,2
35636,2
35637,2
35638,2
35639,4
35640,2
35641,2
35642,2
35643,2
35644,2
35645,2
35646,2
35647,2
35648,2
35649,2
35650,2
35651,2
35652,2
35653,4
35654,2
35655,2
35656,2
35657,2
35658,2
35659,2
35660,2
35661,2
35662,2
35663,2
35664,2
35665,4
35666,4
35667,2
35668,4
35669,4
35670,2
35671,2
35672,4
35673,2
35674,2
35675,2
35676,2
35677,4
35678,2
35679,2
35680,2
35681,2
35682,2
35683,2
35684,2
35685,2
35686,2
35687,2
35688,2
35689,2
35690,4
35691,2
35692,2
35693,2
35694,2
35695,2
35696,2
35697,2
35698,2
35699,2
35700,4
35701,2
35702,2
35703,2
35704,2
35705,2
35706,5
35707,4
35708,2
35709,2
35710,2
35711,2
35712,2
35713,2
35714,2
35715,2
35716,2
35717,2
35718,2
35719,2
35720,2
35721,2
35722,2
35723,2
35724,2
35725,4
35726,2
35727,2
35728,4
35729,2
35730,2
35731,2
35732,2
35733,2
35734,2
35735,2
35736,2
35737,2
35738,2
35739,2
35740,2
35741,1
35742,2
35743,2
35744,2
35745,2
35746,2
35747,2
35748,3
35749,2
35750,2
35751,4
35752,2
35753,2
35754,2
35755,2
35756,2
35757,2
35758,2
35759,2
35760,2
35761,2
35762,2
35763,2
35764,2
35765,2
35766,2
35767,2
35768,2
35769,2
35770,2
35771,2
35772,2
35773,2
35774,2
35775,2
35776,2
35777,2
35778,2
35779,2
35780,2
35781,2
35782,2
35783,2
35784,2
35785,2
35786,4
35787,4
35788,1
35789,4
35790,4
35791,1
35792,4
35793,4
35794,0
35795,3
35796,0
35797,2
35798,2
35799,4
35800,0
35801,0
35802,4
35803,0
35804,2
35805,2
35806,2
35807,2
35808,2
35809,2
35810,2
35811,2
35812,2
35813,2
35814,2
35815,2
35816,2
35817,2
35818,4
35819,2
35820,2
35821,2
35822,2
35823,2
35824,2
35825,2
35826,2
35827,2
35828,2
35829,2
35830,2
35831,2
35832,2
35833,2
35834,2
35835,2
35836,2
35837,2
35838,2
35839,2
35840,2
35841,2
35842,4
35843,2
35844,2
35845,2
35846,2
35847,2
35848,2
35849,2
35850,4
35851,2
35852,2
35853,2
35854,2
35855,4
35856,2
35857,2
35858,2
35859,2
35860,2
35861,2
35862,2
35863,2
35864,2
35865,2
35866,2
35867,4
35868,2
35869,2
35870,2
35871,2
35872,2
35873,4
35874,4
35875,2
35876,2
35877,4
35878,2
35879,2
35880,2
35881,2
35882,2
35883,2
35884,2
35885,2
35886,2
35887,2
35888,2
35889,2
35890,2
35891,2
35892,2
35893,2
35894,2
35895,2
35896,2
35897,2
35898,2
35899,2
35900,2
35901,2
35902,3
35903,2
35904,3
35905,4
35906,4
35907,2
35908,2
35909,2
35910,2
35911,2
35912,2
35913,2
35914,2
35915,2
35916,2
35917,2
35918,2
35919,0
35920,2
35921,2
35922,2
35923,2
35924,2
35925,2
35926,2
35927,2
35928,2
35929,2
35930,2
35931,2
35932,2
35933,2
35934,2
35935,2
35936,2
35937,2
35938,2
35939,2
35940,2
35941,2
35942,2
35943,2
35944,2
35945,2
35946,2
35947,2
35948,2
35949,2
35950,3
35951,2
35952,2
35953,2
35954,2
35955,2
35956,2
35957,2
35958,2
35959,2
35960,2
35961,2
35962,2
35963,2
35964,2
35965,2
35966,2
35967,2
35968,2
35969,2
35970,2
35971,2
35972,2
35973,2
35974,2
35975,2
35976,2
35977,2
35978,3
35979,0
35980,2
35981,2
35982,2
35983,2
35984,2
35985,0
35986,2
35987,2
35988,2
35989,2
35990,2
35991,2
35992,2
35993,2
35994,2
35995,2
35996,2
35997,2
35998,2
35999,2
36000,2
36001,2
36002,2
36003,2
36004,2
36005,2
36006,2
36007,2
36008,2
36009,2
36010,2
36011,2
36012,2
36013,2
36014,2
36015,2
36016,2
36017,2
36018,2
36019,2
36020,2
36021,2
36022,2
36023,2
36024,2
36025,2
36026,3
36027,2
36028,3
36029,2
36030,2
36031,2
36032,2
36033,4
36034,4
36035,4
36036,0
36037,2
36038,2
36039,2
36040,2
36041,2
36042,2
36043,2
36044,2
36045,2
36046,2
36047,2
36048,2
36049,2
36050,2
36051,2
36052,2
36053,2
36054,2
36055,2
36056,2
36057,2
36058,2
36059,5
36060,2
36061,2
36062,2
36063,2
36064,2
36065,2
36066,2
36067,2
36068,2
36069,2
36070,2
36071,2
36072,2
36073,2
36074,2
36075,2
36076,2
36077,2
36078,3
36079,2
36080,2
36081,2
36082,2
36083,2
36084,2
36085,2
36086,2
36087,2
36088,2
36089,2
36090,2
36091,2
36092,2
36093,2
36094,2
36095,2
36096,2
36097,2
36098,2
36099,2
36100,2
36101,2
36102,2
36103,2
36104,2
36105,2
36106,2
36107,2
36108,2
36109,2
36110,2
36111,2
36112,2
36113,2
36114,2
36115,2
36116,2
36117,2
36118,2
36119,2
36120,2
36121,2
36122,2
36123,2
36124,2
36125,2
36126,2
36127,2
36128,2
36129,2
36130,2
36131,2
36132,2
36133,2
36134,2
36135,2
36136,2
36137,2
36138,2
36139,2
36140,2
36141,4
36142,2
36143,2
36144,2
36145,2
36146,2
36147,2
36148,2
36149,2
36150,2
36151,2
36152,2
36153,2
36154,2
36155,2
36156,0
36157,2
36158,2
36159,4
36160,4
36161,2
36162,2
36163,2
36164,2
36165,2
36166,2
36167,4
36168,2
36169,4
36170,2
36171,2
36172,2
36173,2
36174,4
36175,2
36176,2
36177,4
36178,2
36179,2
36180,4
36181,2
36182,2
36183,2
36184,2
36185,2
36186,2
36187,2
36188,2
36189,2
36190,2
36191,2
36192,2
36193,2
36194,2
36195,2
36196,2
36197,2
36198,2
36199,2
36200,2
36201,2
36202,2
36203,2
36204,2
36205,2
36206,2
36207,2
36208,2
36209,4
36210,2
36211,2
36212,3
36213,2
36214,2
36215,2
36216,2
36217,2
36218,2
36219,4
36220,2
36221,2
36222,2
36223,2
36224,2
36225,2
36226,2
36227,2
36228,2
36229,2
36230,2
36231,4
36232,2
36233,2
36234,2
36235,2
36236,2
36237,2
36238,2
36239,2
36240,2
36241,2
36242,2
36243,2
36244,2
36245,2
36246,2
36247,2
36248,2
36249,2
36250,4
36251,4
36252,2
36253,4
36254,2
36255,4
36256,2
36257,4
36258,2
36259,4
36260,2
36261,2
36262,4
36263,2
36264,4
36265,4
36266,4
36267,4
36268,4
36269,2
36270,2
36271,2
36272,2
36273,2
36274,2
36275,2
36276,2
36277,4
36278,2
36279,2
36280,2
36281,2
36282,2
36283,2
36284,2
36285,2
36286,2
36287,2
36288,2
36289,2
36290,2
36291,2
36292,2
36293,2
36294,2
36295,4
36296,2
36297,2
36298,2
36299,2
36300,2
36301,2
36302,2
36303,2
36304,2
36305,2
36306,2
36307,2
36308,2
36309,2
36310,2
36311,2
36312,2
36313,2
36314,2
36315,2
36316,2
36317,2
36318,4
36319,2
36320,2
36321,2
36322,2
36323,2
36324,2
36325,2
36326,2
36327,2
36328,2
36329,2
36330,2
36331,2
36332,2
36333,2
36334,2
36335,2
36336,2
36337,2
36338,2
36339,2
36340,2
36341,2
36342,2
36343,2
36344,2
36345,4
36346,2
36347,2
36348,2
36349,2
36350,2
36351,2
36352,2
36353,2
36354,2
36355,2
36356,2
36357,2
36358,2
36359,2
36360,2
36361,2
36362,2
36363,2
36364,2
36365,2
36366,2
36367,2
36368,2
36369,2
36370,2
36371,2
36372,2
36373,2
36374,2
36375,2
36376,2
36377,2
36378,2
36379,4
36380,4
36381,2
36382,2
36383,2
36384,2
36385,2
36386,2
36387,4
36388,2
36389,2
36390,2
36391,2
36392,2
36393,4
36394,2
36395,2
36396,2
36397,4
36398,2
36399,4
36400,2
36401,2
36402,2
36403,2
36404,2
36405,2
36406,2
36407,4
36408,2
36409,2
36410,2
36411,2
36412,2
36413,2
36414,2
36415,2
36416,2
36417,2
36418,2
36419,0
36420,2
36421,2
36422,2
36423,2
36424,2
36425,2
36426,2
36427,2
36428,2
36429,2
36430,2
36431,2
36432,0
36433,0
36434,2
36435,0
36436,2
36437,2
36438,2
36439,2
36440,4
36441,0
36442,2
36443,2
36444,2
36445,2
36446,0
36447,0
36448,2
36449,2
36450,2
36451,2
36452,2
36453,2
36454,2
36455,2
36456,2
36457,2
36458,0
36459,2
36460,2
36461,2
36462,4
36463,2
36464,2
36465,2
36466,2
36467,2
36468,2
36469,2
36470,1
36471,2
36472,2
36473,2
36474,2
36475,0
36476,2
36477,2
36478,2
36479,2
36480,0
36481,2
36482,2
36483,2
36484,2
36485,2
36486,2
36487,2
36488,2
36489,2
36490,2
36491,2
36492,2
36493,2
36494,2
36495,2
36496,2
36497,2
36498,2
36499,2
36500,2
36501,2
36502,2
36503,2
36504,2
36505,2
36506,2
36507,2
36508,2
36509,2
36510,0
36511,2
36512,2
36513,2
36514,2
36515,2
36516,2
36517,2
36518,2
36519,2
36520,2
36521,2
36522,2
36523,2
36524,2
36525,2
36526,2
36527,2
36528,4
36529,2
36530,2
36531,2
36532,2
36533,2
36534,2
36535,2
36536,2
36537,2
36538,2
36539,2
36540,2
36541,2
36542,2
36543,2
36544,2
36545,4
36546,2
36547,2
36548,2
36549,2
36550,2
36551,2
36552,2
36553,2
36554,2
36555,2
36556,2
36557,2
36558,2
36559,2
36560,2
36561,2
36562,2
36563,2
36564,2
36565,2
36566,2
36567,2
36568,2
36569,2
36570,1
36571,2
36572,0
36573,2
36574,2
36575,2
36576,2
36577,2
36578,2
36579,2
36580,2
36581,2
36582,2
36583,2
36584,2
36585,2
36586,2
36587,2
36588,2
36589,2
36590,2
36591,2
36592,2
36593,2
36594,0
36595,2
36596,0
36597,0
36598,2
36599,2
36600,2
36601,2
36602,2
36603,2
36604,2
36605,2
36606,2
36607,2
36608,2
36609,2
36610,2
36611,2
36612,2
36613,2
36614,2
36615,0
36616,2
36617,2
36618,2
36619,2
36620,2
36621,2
36622,2
36623,2
36624,2
36625,2
36626,2
36627,2
36628,2
36629,2
36630,0
36631,2
36632,2
36633,2
36634,2
36635,2
36636,2
36637,2
36638,2
36639,4
36640,4
36641,2
36642,2
36643,2
36644,2
36645,4
36646,2
36647,4
36648,2
36649,2
36650,4
36651,2
36652,2
36653,2
36654,2
36655,2
36656,2
36657,2
36658,2
36659,2
36660,2
36661,2
36662,2
36663,2
36664,2
36665,2
36666,4
36667,4
36668,4
36669,2
36670,4
36671,4
36672,2
36673,4
36674,2
36675,2
36676,4
36677,2
36678,2
36679,2
36680,0
36681,2
36682,2
36683,2
36684,2
36685,2
36686,2
36687,2
36688,2
36689,2
36690,2
36691,2
36692,4
36693,2
36694,2
36695,2
36696,0
36697,4
36698,2
36699,2
36700,4
36701,4
36702,4
36703,2
36704,4
36705,2
36706,4
36707,2
36708,2
36709,2
36710,2
36711,2
36712,2
36713,0
36714,2
36715,2
36716,2
36717,2
36718,2
36719,2
36720,2
36721,2
36722,2
36723,0
36724,4
36725,2
36726,4
36727,2
36728,0
36729,2
36730,4
36731,2
36732,0
36733,2
36734,2
36735,4
36736,4
36737,2
36738,2
36739,2
36740,2
36741,2
36742,2
36743,2
36744,2
36745,2
36746,2
36747,4
36748,2
36749,2
36750,2
36751,2
36752,2
36753,2
36754,2
36755,2
36756,1
36757,2
36758,2
36759,2
36760,2
36761,2
36762,2
36763,2
36764,4
36765,2
36766,2
36767,2
36768,2
36769,2
36770,2
36771,2
36772,2
36773,2
36774,2
36775,2
36776,2
36777,0
36778,2
36779,2
36780,2
36781,2
36782,2
36783,2
36784,2
36785,2
36786,2
36787,2
36788,2
36789,2
36790,2
36791,2
36792,2
36793,2
36794,2
36795,2
36796,2
36797,2
36798,2
36799,2
36800,2
36801,4
36802,2
36803,1
36804,2
36805,2
36806,2
36807,2
36808,2
36809,2
36810,2
36811,2
36812,2
36813,2
36814,2
36815,2
36816,2
36817,2
36818,2
36819,2
36820,2
36821,2
36822,2
36823,2
36824,2
36825,2
36826,2
36827,2
36828,4
36829,2
36830,2
36831,2
36832,2
36833,2
36834,2
36835,2
36836,2
36837,2
36838,2
36839,2
36840,2
36841,0
36842,2
36843,2
36844,4
36845,4
36846,2
36847,2
36848,0
36849,4
36850,4
36851,4
36852,2
36853,2
36854,2
36855,2
36856,2
36857,2
36858,2
36859,2
36860,2
36861,2
36862,2
36863,1
36864,2
36865,2
36866,2
36867,2
36868,2
36869,4
36870,2
36871,2
36872,2
36873,2
36874,2
36875,4
36876,2
36877,4
36878,4
36879,2
36880,4
36881,2
36882,4
36883,2
36884,2
36885,2
36886,2
36887,2
36888,2
36889,2
36890,2
36891,2
36892,2
36893,2
36894,2
36895,2
36896,2
36897,2
36898,2
36899,2
36900,2
36901,2
36902,2
36903,2
36904,2
36905,2
36906,2
36907,2
36908,2
36909,2
36910,2
36911,4
36912,2
36913,2
36914,2
36915,2
36916,2
36917,2
36918,2
36919,2
36920,2
36921,2
36922,2
36923,2
36924,2
36925,2
36926,5
36927,2
36928,2
36929,2
36930,2
36931,2
36932,2
36933,2
36934,2
36935,2
36936,2
36937,2
36938,2
36939,2
36940,2
36941,0
36942,2
36943,2
36944,2
36945,2
36946,2
36947,2
36948,2
36949,2
36950,2
36951,2
36952,2
36953,2
36954,2
36955,2
36956,2
36957,0
36958,2
36959,2
36960,0
36961,2
36962,2
36963,2
36964,2
36965,2
36966,2
36967,2
36968,4
36969,2
36970,2
36971,2
36972,2
36973,2
36974,2
36975,2
36976,2
36977,2
36978,2
36979,2
36980,2
36981,2
36982,2
36983,2
36984,2
36985,2
36986,2
36987,2
36988,2
36989,2
36990,2
36991,2
36992,2
36993,2
36994,2
36995,2
36996,2
36997,2
36998,2
36999,0
37000,2
37001,2
37002,2
37003,2
37004,2
37005,2
37006,2
37007,2
37008,2
37009,2
37010,2
37011,4
37012,2
37013,0
37014,2
37015,2
37016,2
37017,2
37018,0
37019,2
37020,2
37021,2
37022,2
37023,0
37024,2
37025,2
37026,4
37027,2
37028,2
37029,2
37030,2
37031,2
37032,2
37033,2
37034,2
37035,2
37036,2
37037,2
37038,2
37039,2
37040,2
37041,2
37042,2
37043,4
37044,2
37045,2
37046,2
37047,2
37048,2
37049,2
37050,2
37051,2
37052,2
37053,2
37054,2
37055,2
37056,2
37057,2
37058,2
37059,2
37060,2
37061,2
37062,2
37063,2
37064,2
37065,2
37066,2
37067,2
37068,2
37069,2
37070,2
37071,2
37072,2
37073,2
37074,2
37075,2
37076,2
37077,2
37078,2
37079,2
37080,2
37081,2
37082,2
37083,2
37084,2
37085,2
37086,2
37087,2
37088,2
37089,2
37090,2
37091,2
37092,2
37093,2
37094,2
37095,2
37096,2
37097,2
37098,4
37099,2
37100,2
37101,2
37102,2
37103,4
37104,2
37105,2
37106,4
37107,2
37108,2
37109,2
37110,2
37111,2
37112,4
37113,2
37114,2
37115,2
37116,2
37117,2
37118,2
37119,2
37120,2
37121,2
37122,2
37123,2
37124,0
37125,2
37126,2
37127,2
37128,2
37129,2
37130,2
37131,2
37132,2
37133,2
37134,2
37135,2
37136,2
37137,2
37138,2
37139,2
37140,2
37141,4
37142,2
37143,2
37144,2
37145,2
37146,2
37147,2
37148,2
37149,2
37150,2
37151,2
37152,2
37153,2
37154,2
37155,2
37156,2
37157,2
37158,2
37159,2
37160,2
37161,2
37162,2
37163,2
37164,2
37165,2
37166,2
37167,2
37168,2
37169,2
37170,2
37171,2
37172,0
37173,2
37174,2
37175,2
37176,2
37177,2
37178,2
37179,2
37180,2
37181,2
37182,2
37183,2
37184,2
37185,2
37186,2
37187,2
37188,2
37189,2
37190,2
37191,2
37192,2
37193,2
37194,2
37195,2
37196,2
37197,2
37198,2
37199,2
37200,2
37201,2
37202,2
37203,2
37204,2
37205,2
37206,2
37207,2
37208,2
37209,2
37210,2
37211,2
37212,2
37213,2
37214,2
37215,2
37216,2
37217,2
37218,2
37219,2
37220,2
37221,4
37222,2
37223,2
37224,2
37225,2
37226,2
37227,2
37228,2
37229,2
37230,2
37231,2
37232,2
37233,2
37234,2
37235,2
37236,2
37237,2
37238,2
37239,2
37240,1
37241,2
37242,2
37243,2
37244,2
37245,4
37246,2
37247,2
37248,2
37249,2
37250,2
37251,2
37252,2
37253,2
37254,2
37255,2
37256,2
37257,2
37258,2
37259,2
37260,2
37261,2
37262,2
37263,2
37264,2
37265,4
37266,4
37267,2
37268,2
37269,2
37270,2
37271,2
37272,1
37273,2
37274,2
37275,2
37276,2
37277,2
37278,2
37279,2
37280,2
37281,2
37282,2
37283,2
37284,2
37285,0
37286,2
37287,2
37288,2
37289,2
37290,2
37291,2
37292,2
37293,2
37294,2
37295,2
37296,2
37297,2
37298,2
37299,4
37300,2
37301,2
37302,2
37303,2
37304,2
37305,2
37306,2
37307,0
37308,2
37309,2
37310,2
37311,2
37312,2
37313,2
37314,2
37315,4
37316,2
37317,2
37318,2
37319,2
37320,2
37321,2
37322,2
37323,2
37324,2
37325,2
37326,4
37327,2
37328,2
37329,2
37330,2
37331,2
37332,4
37333,4
37334,2
37335,2
37336,2
37337,2
37338,2
37339,4
37340,2
37341,4
37342,2
37343,2
37344,4
37345,4
37346,2
37347,2
37348,2
37349,2
37350,2
37351,4
37352,2
37353,2
37354,2
37355,2
37356,4
37357,2
37358,4
37359,2
37360,2
37361,2
37362,2
37363,2
37364,2
37365,2
37366,2
37367,2
37368,2
37369,2
37370,2
37371,2
37372,2
37373,2
37374,2
37375,2
37376,4
37377,2
37378,2
37379,2
37380,2
37381,2
37382,2
37383,2
37384,2
37385,2
37386,2
37387,4
37388,2
37389,2
37390,2
37391,2
37392,2
37393,2
37394,2
37395,2
37396,2
37397,2
37398,2
37399,2
37400,2
37401,2
37402,2
37403,2
37404,2
37405,2
37406,2
37407,2
37408,2
37409,2
37410,2
37411,2
37412,2
37413,2
37414,2
37415,2
37416,2
37417,2
37418,2
37419,2
37420,2
37421,2
37422,0
37423,2
37424,2
37425,2
37426,2
37427,4
37428,2
37429,2
37430,2
37431,2
37432,2
37433,2
37434,2
37435,2
37436,2
37437,2
37438,2
37439,2
37440,2
37441,2
37442,2
37443,2
37444,2
37445,2
37446,2
37447,2
37448,2
37449,2
37450,2
37451,2
37452,2
37453,2
37454,2
37455,2
37456,2
37457,2
37458,2
37459,2
37460,2
37461,2
37462,2
37463,2
37464,2
37465,2
37466,2
37467,2
37468,2
37469,2
37470,2
37471,2
37472,2
37473,2
37474,2
37475,2
37476,2
37477,2
37478,2
37479,2
37480,2
37481,2
37482,2
37483,2
37484,2
37485,1
37486,2
37487,2
37488,2
37489,2
37490,2
37491,2
37492,2
37493,2
37494,2
37495,2
37496,2
37497,2
37498,2
37499,2
37500,2
37501,2
37502,2
37503,2
37504,2
37505,2
37506,2
37507,2
37508,2
37509,2
37510,2
37511,2
37512,2
37513,2
37514,2
37515,2
37516,2
37517,2
37518,2
37519,2
37520,2
37521,2
37522,3
37523,2
37524,2
37525,2
37526,2
37527,4
37528,2
37529,2
37530,2
37531,2
37532,2
37533,2
37534,2
37535,2
37536,2
37537,2
37538,2
37539,2
37540,2
37541,2
37542,2
37543,2
37544,2
37545,2
37546,2
37547,2
37548,0
37549,2
37550,2
37551,2
37552,4
37553,2
37554,2
37555,2
37556,2
37557,2
37558,2
37559,2
37560,2
37561,2
37562,2
37563,2
37564,2
37565,2
37566,2
37567,2
37568,2
37569,2
37570,2
37571,2
37572,2
37573,2
37574,2
37575,2
37576,2
37577,2
37578,3
37579,2
37580,2
37581,2
37582,2
37583,2
37584,2
37585,2
37586,2
37587,2
37588,2
37589,2
37590,2
37591,2
37592,2
37593,2
37594,2
37595,2
37596,0
37597,2
37598,2
37599,2
37600,2
37601,2
37602,2
37603,2
37604,2
37605,2
37606,2
37607,2
37608,2
37609,2
37610,2
37611,2
37612,2
37613,2
37614,2
37615,2
37616,2
37617,2
37618,2
37619,2
37620,2
37621,2
37622,2
37623,2
37624,2
37625,2
37626,2
37627,2
37628,2
37629,2
37630,2
37631,2
37632,2
37633,2
37634,2
37635,2
37636,2
37637,2
37638,1
37639,2
37640,2
37641,2
37642,2
37643,2
37644,2
37645,3
37646,2
37647,2
37648,2
37649,2
37650,2
37651,2
37652,2
37653,2
37654,2
37655,2
37656,2
37657,2
37658,2
37659,2
37660,2
37661,2
37662,2
37663,2
37664,2
37665,2
37666,2
37667,2
37668,2
37669,2
37670,2
37671,2
37672,2
37673,2
37674,2
37675,2
37676,2
37677,5
37678,2
37679,2
37680,2
37681,2
37682,2
37683,2
37684,2
37685,2
37686,2
37687,2
37688,2
37689,2
37690,2
37691,2
37692,2
37693,2
37694,2
37695,2
37696,2
37697,2
37698,2
37699,2
37700,2
37701,2
37702,2
37703,2
37704,2
37705,2
37706,2
37707,2
37708,2
37709,2
37710,2
37711,2
37712,2
37713,2
37714,2
37715,2
37716,2
37717,2
37718,2
37719,2
37720,2
37721,2
37722,2
37723,2
37724,2
37725,2
37726,2
37727,2
37728,2
37729,2
37730,2
37731,2
37732,2
37733,2
37734,2
37735,2
37736,2
37737,2
37738,2
37739,2
37740,2
37741,2
37742,2
37743,2
37744,2
37745,2
37746,2
37747,2
37748,2
37749,2
37750,2
37751,2
37752,2
37753,2
37754,2
37755,2
37756,2
37757,2
37758,2
37759,2
37760,2
37761,2
37762,2
37763,2
37764,2
37765,2
37766,2
37767,2
37768,2
37769,2
37770,2
37771,2
37772,2
37773,2
37774,2
37775,2
37776,2
37777,2
37778,2
37779,2
37780,2
37781,2
37782,2
37783,2
37784,2
37785,2
37786,2
37787,2
37788,2
37789,2
37790,2
37791,2
37792,2
37793,2
37794,2
37795,2
37796,2
37797,2
37798,2
37799,2
37800,2
37801,2
37802,2
37803,2
37804,2
37805,2
37806,2
37807,2
37808,2
37809,2
37810,2
37811,2
37812,2
37813,2
37814,2
37815,2
37816,2
37817,2
37818,2
37819,2
37820,2
37821,2
37822,2
37823,2
37824,2
37825,2
37826,2
37827,2
37828,2
37829,2
37830,2
37831,2
37832,2
37833,2
37834,2
37835,2
37836,2
37837,2
37838,2
37839,2
37840,2
37841,2
37842,2
37843,2
37844,2
37845,2
37846,2
37847,2
37848,2
37849,2
37850,2
37851,4
37852,2
37853,2
37854,2
37855,2
37856,2
37857,2
37858,2
37859,2
37860,2
37861,2
37862,2
37863,2
37864,2
37865,2
37866,2
37867,2
37868,2
37869,2
37870,2
37871,2
37872,2
37873,2
37874,2
37875,2
37876,4
37877,2
37878,2
37879,2
37880,2
37881,2
37882,2
37883,2
37884,2
37885,2
37886,2
37887,2
37888,2
37889,2
37890,2
37891,2
37892,2
37893,0
37894,2
37895,2
37896,2
37897,2
37898,2
37899,2
37900,2
37901,2
37902,2
37903,2
37904,2
37905,2
37906,2
37907,2
37908,2
37909,2
37910,2
37911,2
37912,2
37913,2
37914,2
37915,2
37916,2
37917,2
37918,2
37919,2
37920,2
37921,2
37922,4
37923,2
37924,2
37925,2
37926,4
37927,0
37928,2
37929,2
37930,4
37931,2
37932,2
37933,2
37934,2
37935,2
37936,2
37937,2
37938,0
37939,2
37940,2
37941,2
37942,2
37943,2
37944,2
37945,2
37946,2
37947,4
37948,2
37949,2
37950,2
37951,2
37952,2
37953,2
37954,2
37955,4
37956,4
37957,2
37958,2
37959,2
37960,2
37961,2
37962,2
37963,2
37964,2
37965,4
37966,4
37967,2
37968,2
37969,4
37970,4
37971,2
37972,4
37973,2
37974,2
37975,2
37976,2
37977,5
37978,2
37979,4
37980,2
37981,5
37982,2
37983,2
37984,2
37985,2
37986,4
37987,4
37988,2
37989,2
37990,4
37991,4
37992,2
37993,2
37994,4
37995,2
37996,4
37997,2
37998,2
37999,4
38000,4
38001,4
38002,2
38003,4
38004,2
38005,2
38006,4
38007,4
38008,2
38009,2
38010,2
38011,4
38012,4
38013,2
38014,2
38015,4
38016,4
38017,2
38018,4
38019,4
38020,4
38021,4
38022,4
38023,4
38024,4
38025,2
38026,2
38027,2
38028,2
38029,2
38030,2
38031,2
38032,2
38033,4
38034,0
38035,2
38036,2
38037,5
38038,5
38039,2
38040,2
38041,2
38042,5
38043,2
38044,2
38045,2
38046,2
38047,5
38048,2
38049,2
38050,5
38051,2
38052,0
38053,5
38054,5
38055,0
38056,2
38057,2
38058,5
38059,5
38060,2
38061,2
38062,2
38063,2
38064,1
38065,4
38066,1
38067,2
38068,2
38069,2
38070,2
38071,2
38072,2
38073,5
38074,2
38075,2
38076,2
38077,5
38078,2
38079,2
38080,2
38081,2
38082,2
38083,2
38084,2
38085,5
38086,2
38087,1
38088,5
38089,5
38090,2
38091,2
38092,5
38093,5
38094,5
38095,2
38096,5
38097,4
38098,4
38099,4
38100,4
38101,2
38102,4
38103,2
38104,2
38105,4
38106,4
38107,4
38108,2
38109,2
38110,4
38111,2
38112,2
38113,2
38114,2
38115,4
38116,2
38117,2
38118,2
38119,2
38120,2
38121,2
38122,2
38123,2
38124,4
38125,2
38126,2
38127,2
38128,2
38129,2
38130,2
38131,2
38132,2
38133,4
38134,2
38135,2
38136,2
38137,2
38138,2
38139,2
38140,2
38141,2
38142,0
38143,2
38144,2
38145,2
38146,2
38147,2
38148,2
38149,4
38150,2
38151,4
38152,2
38153,2
38154,2
38155,2
38156,2
38157,2
38158,2
38159,2
38160,2
38161,2
38162,2
38163,2
38164,5
38165,2
38166,2
38167,2
38168,2
38169,2
38170,2
38171,2
38172,2
38173,2
38174,2
38175,2
38176,2
38177,2
38178,2
38179,2
38180,2
38181,2
38182,2
38183,2
38184,2
38185,2
38186,2
38187,2
38188,2
38189,2
38190,2
38191,4
38192,2
38193,2
38194,2
38195,2
38196,2
38197,2
38198,0
38199,4
38200,2
38201,4
38202,4
38203,4
38204,4
38205,4
38206,4
38207,4
38208,2
38209,4
38210,2
38211,4
38212,4
38213,2
38214,2
38215,2
38216,2
38217,2
38218,2
38219,2
38220,2
38221,2
38222,2
38223,2
38224,2
38225,2
38226,2
38227,2
38228,2
38229,2
38230,2
38231,4
38232,2
38233,2
38234,0
38235,2
38236,4
38237,2
38238,4
38239,2
38240,0
38241,2
38242,2
38243,4
38244,2
38245,4
38246,2
38247,2
38248,4
38249,4
38250,2
38251,2
38252,2
38253,2
38254,2
38255,2
38256,2
38257,2
38258,2
38259,2
38260,4
38261,2
38262,2
38263,2
38264,2
38265,2
38266,2
38267,2
38268,2
38269,2
38270,2
38271,2
38272,2
38273,2
38274,2
38275,2
38276,4
38277,2
38278,2
38279,2
38280,2
38281,0
38282,2
38283,2
38284,2
38285,2
38286,2
38287,2
38288,2
38289,2
38290,4
38291,2
38292,2
38293,2
38294,2
38295,2
38296,2
38297,2
38298,2
38299,2
38300,2
38301,2
38302,2
38303,2
38304,2
38305,2
38306,2
38307,2
38308,2
38309,2
38310,2
38311,2
38312,2
38313,2
38314,2
38315,2
38316,2
38317,2
38318,2
38319,2
38320,2
38321,2
38322,2
38323,2
38324,2
38325,2
38326,2
38327,2
38328,2
38329,2
38330,2
38331,5
38332,2
38333,2
38334,2
38335,2
38336,2
38337,2
38338,2
38339,2
38340,2
38341,2
38342,2
38343,2
38344,2
38345,2
38346,2
38347,2
38348,2
38349,2
38350,2
38351,2
38352,2
38353,2
38354,2
38355,2
38356,2
38357,2
38358,2
38359,2
38360,2
38361,2
38362,2
38363,2
38364,2
38365,2
38366,2
38367,2
38368,2
38369,2
38370,4
38371,2
38372,4
38373,2
38374,2
38375,4
38376,2
38377,2
38378,4
38379,2
38380,2
38381,2
38382,2
38383,2
38384,2
38385,2
38386,2
38387,2
38388,3
38389,2
38390,2
38391,2
38392,3
38393,2
38394,2
38395,2
38396,2
38397,2
38398,2
38399,2
38400,2
38401,2
38402,2
38403,2
38404,2
38405,2
38406,2
38407,2
38408,2
38409,2
38410,2
38411,2
38412,2
38413,2
38414,2
38415,2
38416,2
38417,2
38418,2
38419,2
38420,2
38421,2
38422,2
38423,2
38424,2
38425,2
38426,2
38427,2
38428,2
38429,2
38430,2
38431,2
38432,2
38433,2
38434,2
38435,2
38436,2
38437,2
38438,2
38439,2
38440,2
38441,2
38442,2
38443,2
38444,2
38445,2
38446,3
38447,2
38448,2
38449,2
38450,2
38451,2
38452,2
38453,2
38454,2
38455,2
38456,2
38457,0
38458,2
38459,2
38460,2
38461,2
38462,2
38463,2
38464,2
38465,2
38466,2
38467,2
38468,2
38469,2
38470,2
38471,2
38472,2
38473,2
38474,2
38475,2
38476,2
38477,2
38478,2
38479,2
38480,2
38481,2
38482,2
38483,2
38484,2
38485,2
38486,2
38487,2
38488,0
38489,2
38490,2
38491,2
38492,2
38493,2
38494,2
38495,2
38496,2
38497,2
38498,2
38499,2
38500,2
38501,2
38502,2
38503,2
38504,2
38505,2
38506,2
38507,2
38508,2
38509,2
38510,2
38511,2
38512,2
38513,2
38514,2
38515,2
38516,2
38517,2
38518,2
38519,2
38520,2
38521,2
38522,2
38523,2
38524,0
38525,0
38526,2
38527,2
38528,2
38529,2
38530,2
38531,2
38532,2
38533,2
38534,2
38535,2
38536,2
38537,2
38538,2
38539,2
38540,2
38541,2
38542,2
38543,2
38544,2
38545,2
38546,2
38547,2
38548,2
38549,2
38550,2
38551,2
38552,2
38553,2
38554,2
38555,2
38556,2
38557,2
38558,2
38559,2
38560,2
38561,2
38562,2
38563,2
38564,2
38565,2
38566,2
38567,2
38568,2
38569,2
38570,2
38571,2
38572,2
38573,4
38574,2
38575,2
38576,2
38577,2
38578,2
38579,2
38580,2
38581,2
38582,2
38583,2
38584,2
38585,2
38586,2
38587,2
38588,2
38589,2
38590,2
38591,2
38592,2
38593,2
38594,2
38595,2
38596,2
38597,2
38598,2
38599,2
38600,2
38601,2
38602,5
38603,2
38604,2
38605,2
38606,2
38607,2
38608,2
38609,2
38610,2
38611,2
38612,2
38613,2
38614,2
38615,2
38616,2
38617,2
38618,2
38619,2
38620,2
38621,2
38622,2
38623,2
38624,2
38625,2
38626,2
38627,5
38628,2
38629,2
38630,2
38631,0
38632,2
38633,2
38634,2
38635,2
38636,2
38637,2
38638,2
38639,2
38640,2
38641,2
38642,2
38643,2
38644,2
38645,2
38646,2
38647,2
38648,2
38649,2
38650,2
38651,2
38652,2
38653,2
38654,2
38655,2
38656,2
38657,2
38658,2
38659,2
38660,2
38661,2
38662,2
38663,2
38664,2
38665,2
38666,2
38667,2
38668,2
38669,2
38670,2
38671,2
38672,2
38673,2
38674,2
38675,2
38676,2
38677,2
38678,2
38679,2
38680,2
38681,2
38682,2
38683,2
38684,2
38685,2
38686,2
38687,2
38688,2
38689,2
38690,2
38691,2
38692,2
38693,2
38694,2
38695,2
38696,2
38697,2
38698,4
38699,2
38700,2
38701,2
38702,2
38703,2
38704,2
38705,2
38706,2
38707,2
38708,2
38709,2
38710,2
38711,2
38712,2
38713,2
38714,2
38715,2
38716,2
38717,2
38718,2
38719,2
38720,2
38721,2
38722,2
38723,2
38724,2
38725,2
38726,2
38727,2
38728,2
38729,2
38730,2
38731,2
38732,2
38733,2
38734,2
38735,2
38736,2
38737,2
38738,2
38739,2
38740,2
38741,2
38742,2
38743,2
38744,2
38745,4
38746,2
38747,2
38748,4
38749,4
38750,2
38751,2
38752,2
38753,2
38754,2
38755,2
38756,2
38757,2
38758,2
38759,2
38760,2
38761,2
38762,2
38763,2
38764,2
38765,2
38766,2
38767,2
38768,2
38769,2
38770,2
38771,2
38772,2
38773,2
38774,2
38775,2
38776,2
38777,2
38778,2
38779,2
38780,2
38781,2
38782,2
38783,2
38784,2
38785,2
38786,2
38787,2
38788,2
38789,2
38790,2
38791,2
38792,2
38793,2
38794,2
38795,2
38796,2
38797,2
38798,2
38799,2
38800,2
38801,2
38802,2
38803,2
38804,2
38805,2
38806,2
38807,2
38808,3
38809,2
38810,2
38811,3
38812,2
38813,2
38814,2
38815,2
38816,2
38817,4
38818,2
38819,4
38820,2
38821,2
38822,3
38823,2
38824,2
38825,2
38826,2
38827,2
38828,2
38829,2
38830,3
38831,2
38832,2
38833,2
38834,2
38835,2
38836,4
38837,2
38838,2
38839,3
38840,0
38841,2
38842,2
38843,4
38844,2
38845,2
38846,2
38847,2
38848,3
38849,3
38850,2
38851,2
38852,2
38853,2
38854,2
38855,2
38856,4
38857,2
38858,2
38859,4
38860,2
38861,2
38862,2
38863,2
38864,2
38865,2
38866,2
38867,2
38868,3
38869,2
38870,2
38871,4
38872,0
38873,2
38874,4
38875,2
38876,2
38877,2
38878,2
38879,2
38880,2
38881,2
38882,2
38883,2
38884,2
38885,5
38886,2
38887,2
38888,2
38889,4
38890,2
38891,2
38892,3
38893,2
38894,2
38895,2
38896,2
38897,4
38898,4
38899,2
38900,2
38901,2
38902,2
38903,2
38904,2
38905,2
38906,2
38907,2
38908,2
38909,2
38910,2
38911,2
38912,2
38913,2
38914,2
38915,2
38916,2
38917,2
38918,2
38919,2
38920,2
38921,2
38922,2
38923,2
38924,2
38925,2
38926,2
38927,2
38928,2
38929,2
38930,2
38931,2
38932,2
38933,2
38934,2
38935,2
38936,2
38937,2
38938,2
38939,2
38940,2
38941,2
38942,2
38943,2
38944,4
38945,2
38946,2
38947,2
38948,2
38949,4
38950,2
38951,2
38952,2
38953,2
38954,2
38955,2
38956,2
38957,2
38958,2
38959,2
38960,2
38961,2
38962,2
38963,2
38964,2
38965,2
38966,2
38967,4
38968,2
38969,2
38970,2
38971,2
38972,2
38973,2
38974,2
38975,2
38976,2
38977,2
38978,2
38979,2
38980,2
38981,2
38982,2
38983,2
38984,2
38985,2
38986,2
38987,2
38988,2
38989,2
38990,2
38991,2
38992,2
38993,2
38994,2
38995,4
38996,2
38997,2
38998,2
38999,2
39000,2
39001,2
39002,2
39003,4
39004,2
39005,2
39006,2
39007,4
39008,2
39009,2
39010,2
39011,2
39012,2
39013,2
39014,2
39015,2
39016,2
39017,2
39018,2
39019,2
39020,2
39021,2
39022,2
39023,2
39024,2
39025,2
39026,2
39027,2
39028,2
39029,2
39030,2
39031,2
39032,4
39033,2
39034,2
39035,2
39036,2
39037,2
39038,2
39039,2
39040,2
39041,2
39042,2
39043,4
39044,2
39045,2
39046,2
39047,2
39048,2
39049,2
39050,2
39051,2
39052,2
39053,2
39054,2
39055,2
39056,2
39057,2
39058,2
39059,2
39060,2
39061,2
39062,2
39063,2
39064,0
39065,0
39066,2
39067,2
39068,2
39069,2
39070,2
39071,2
39072,2
39073,2
39074,2
39075,2
39076,2
39077,2
39078,2
39079,2
39080,2
39081,2
39082,2
39083,2
39084,2
39085,2
39086,2
39087,2
39088,2
39089,2
39090,2
39091,2
39092,2
39093,4
39094,3
39095,2
39096,2
39097,2
39098,2
39099,2
39100,2
39101,4
39102,4
39103,2
39104,2
39105,4
39106,2
39107,2
39108,2
39109,2
39110,2
39111,2
39112,2
39113,2
39114,2
39115,2
39116,2
39117,2
39118,2
39119,2
39120,2
39121,2
39122,2
39123,2
39124,2
39125,2
39126,2
39127,2
39128,2
39129,2
39130,2
39131,2
39132,2
39133,2
39134,2
39135,2
39136,2
39137,2
39138,2
39139,4
39140,2
39141,2
39142,2
39143,2
39144,2
39145,2
39146,2
39147,2
39148,2
39149,2
39150,2
39151,2
39152,2
39153,2
39154,0
39155,2
39156,2
39157,2
39158,2
39159,2
39160,3
39161,3
39162,2
39163,2
39164,2
39165,2
39166,2
39167,2
39168,2
39169,2
39170,2
39171,2
39172,2
39173,2
39174,2
39175,2
39176,2
39177,2
39178,2
39179,2
39180,2
39181,2
39182,0
39183,2
39184,3
39185,2
39186,2
39187,2
39188,2
39189,2
39190,2
39191,2
39192,2
39193,2
39194,2
39195,2
39196,2
39197,4
39198,2
39199,2
39200,2
39201,2
39202,2
39203,2
39204,2
39205,2
39206,2
39207,4
39208,4
39209,4
39210,2
39211,2
39212,2
39213,2
39214,2
39215,2
39216,2
39217,2
39218,2
39219,2
39220,2
39221,2
39222,2
39223,2
39224,2
39225,2
39226,2
39227,4
39228,4
39229,2
39230,2
39231,2
39232,2
39233,2
39234,2
39235,2
39236,4
39237,2
39238,2
39239,2
39240,2
39241,2
39242,2
39243,2
39244,4
39245,4
39246,2
39247,4
39248,0
39249,2
39250,2
39251,2
39252,2
39253,2
39254,2
39255,2
39256,2
39257,2
39258,2
39259,4
39260,2
39261,2
39262,2
39263,2
39264,2
39265,2
39266,2
39267,2
39268,2
39269,2
39270,4
39271,2
39272,0
39273,2
39274,2
39275,2
39276,2
39277,2
39278,2
39279,2
39280,2
39281,2
39282,2
39283,2
39284,2
39285,2
39286,2
39287,2
39288,2
39289,2
39290,2
39291,2
39292,2
39293,2
39294,2
39295,2
39296,2
39297,4
39298,4
39299,2
39300,2
39301,2
39302,2
39303,2
39304,2
39305,2
39306,2
39307,2
39308,2
39309,2
39310,2
39311,0
39312,2
39313,2
39314,2
39315,2
39316,2
39317,2
39318,2
39319,2
39320,4
39321,2
39322,2
39323,2
39324,2
39325,2
39326,2
39327,2
39328,2
39329,2
39330,2
39331,2
39332,2
39333,2
39334,2
39335,2
39336,2
39337,2
39338,2
39339,2
39340,2
39341,2
39342,2
39343,2
39344,2
39345,2
39346,2
39347,4
39348,2
39349,2
39350,0
39351,0
39352,2
39353,2
39354,2
39355,2
39356,2
39357,2
39358,2
39359,2
39360,2
39361,0
39362,2
39363,2
39364,2
39365,2
39366,2
39367,2
39368,2
39369,2
39370,4
39371,2
39372,2
39373,0
39374,2
39375,4
39376,4
39377,2
39378,0
39379,2
39380,2
39381,3
39382,2
39383,2
39384,2
39385,2
39386,2
39387,2
39388,2
39389,2
39390,4
39391,2
39392,2
39393,2
39394,2
39395,2
39396,2
39397,2
39398,2
39399,2
39400,2
39401,2
39402,2
39403,2
39404,2
39405,2
39406,2
39407,2
39408,2
39409,2
39410,2
39411,2
39412,2
39413,2
39414,2
39415,2
39416,2
39417,2
39418,2
39419,2
39420,2
39421,2
39422,2
39423,2
39424,2
39425,2
39426,2
39427,2
39428,2
39429,2
39430,2
39431,2
39432,2
39433,4
39434,2
39435,2
39436,2
39437,2
39438,2
39439,2
39440,2
39441,2
39442,2
39443,2
39444,2
39445,2
39446,2
39447,2
39448,2
39449,4
39450,2
39451,2
39452,2
39453,2
39454,2
39455,2
39456,2
39457,2
39458,2
39459,2
39460,2
39461,2
39462,2
39463,2
39464,2
39465,2
39466,2
39467,2
39468,2
39469,2
39470,2
39471,2
39472,2
39473,2
39474,2
39475,2
39476,2
39477,2
39478,2
39479,2
39480,2
39481,2
39482,2
39483,2
39484,2
39485,2
39486,2
39487,2
39488,2
39489,2
39490,2
39491,2
39492,2
39493,2
39494,2
39495,2
39496,2
39497,2
39498,2
39499,2
39500,2
39501,2
39502,2
39503,2
39504,2
39505,2
39506,2
39507,2
39508,2
39509,2
39510,2
39511,2
39512,2
39513,2
39514,2
39515,2
39516,2
39517,2
39518,2
39519,2
39520,0
39521,2
39522,2
39523,2
39524,2
39525,2
39526,2
39527,2
39528,2
39529,2
39530,2
39531,0
39532,2
39533,2
39534,2
39535,2
39536,2
39537,0
39538,2
39539,2
39540,2
39541,2
39542,2
39543,2
39544,2
39545,2
39546,2
39547,2
39548,2
39549,2
39550,2
39551,2
39552,2
39553,2
39554,2
39555,2
39556,2
39557,4
39558,2
39559,2
39560,2
39561,2
39562,4
39563,2
39564,2
39565,2
39566,2
39567,2
39568,2
39569,4
39570,4
39571,4
39572,4
39573,4
39574,4
39575,2
39576,4
39577,4
39578,2
39579,2
39580,2
39581,0
39582,2
39583,2
39584,2
39585,4
39586,2
39587,2
39588,2
39589,0
39590,4
39591,4
39592,2
39593,2
39594,4
39595,0
39596,4
39597,2
39598,2
39599,2
39600,2
39601,0
39602,2
39603,2
39604,2
39605,2
39606,2
39607,0
39608,2
39609,2
39610,2
39611,2
39612,2
39613,5
39614,0
39615,4
39616,4
39617,4
39618,1
39619,2
39620,2
39621,4
39622,4
39623,4
39624,4
39625,4
39626,2
39627,2
39628,2
39629,4
39630,2
39631,4
39632,4
39633,2
39634,2
39635,2
39636,4
39637,2
39638,2
39639,4
39640,4
39641,4
39642,2
39643,0
39644,2
39645,2
39646,2
39647,2
39648,2
39649,2
39650,2
39651,2
39652,2
39653,2
39654,2
39655,3
39656,2
39657,4
39658,2
39659,2
39660,2
39661,2
39662,2
39663,1
39664,3
39665,2
39666,2
39667,2
39668,2
39669,2
39670,2
39671,2
39672,2
39673,2
39674,2
39675,2
39676,0
39677,2
39678,2
39679,2
39680,2
39681,2
39682,2
39683,2
39684,2
39685,4
39686,2
39687,2
39688,2
39689,1
39690,3
39691,3
39692,0
39693,0
39694,3
39695,3
39696,3
39697,3
39698,3
39699,3
39700,3
39701,3
39702,3
39703,3
39704,3
39705,3
39706,3
39707,2
39708,2
39709,2
39710,3
39711,0
39712,3
39713,3
39714,0
39715,0
39716,0
39717,1
39718,2
39719,4
39720,0
39721,0
39722,0
39723,0
39724,0
39725,0
39726,0
39727,0
39728,0
39729,0
39730,0
39731,0
39732,0
39733,0
39734,0
39735,0
39736,0
39737,0
39738,0
39739,5
39740,0
39741,0
39742,0
39743,3
39744,2
39745,2
39746,2
39747,2
39748,2
39749,3
39750,3
39751,2
39752,3
39753,1
39754,0
39755,0
39756,0
39757,0
39758,3
39759,0
39760,0
39761,3
39762,0
39763,0
39764,0
39765,2
39766,4
39767,3
39768,0
39769,0
39770,0
39771,1
39772,3
39773,0
39774,0
39775,0
39776,0
39777,1
39778,1
39779,1
39780,1
39781,1
39782,1
39783,0
39784,0
39785,0
39786,0
39787,0
39788,0
39789,0
39790,0
39791,0
39792,0
39793,0
39794,0
39795,0
39796,0
39797,0
39798,0
39799,0
39800,0
39801,0
39802,3
39803,3
39804,1
39805,5
39806,1
39807,5
39808,2
39809,3
39810,0
39811,0
39812,0
39813,2
39814,0
39815,0
39816,0
39817,0
39818,0
39819,0
39820,0
39821,0
39822,0
39823,0
39824,4
39825,0
39826,0
39827,0
39828,0
39829,0
39830,1
39831,2
39832,3
39833,2
39834,2
39835,2
39836,3
39837,4
39838,3
39839,3
39840,5
39841,3
39842,4
39843,4
39844,3
39845,0
39846,3
39847,4
39848,3
39849,0
39850,3
39851,3
39852,3
39853,3
39854,3
39855,3
39856,3
39857,0
39858,3
39859,2
39860,2
39861,3
39862,0
39863,5
39864,2
39865,4
39866,2
39867,3
39868,4
39869,4
39870,3
39871,4
39872,3
39873,3
39874,2
39875,2
39876,2
39877,5
39878,3
39879,0
39880,0
39881,4
39882,3
39883,4
39884,4
39885,3
39886,4
39887,4
39888,5
39889,4
39890,3
39891,2
39892,2
39893,2
39894,2
39895,3
39896,2
39897,2
39898,2
39899,2
39900,2
39901,2
39902,0
39903,0
39904,1
39905,0
39906,0
39907,4
39908,1
39909,1
39910,1
39911,1
39912,2
39913,1
39914,1
39915,1
39916,3
39917,1
39918,1
39919,1
39920,1
39921,1
39922,1
39923,3
39924,1
39925,1
39926,1
39927,1
39928,1
39929,3
39930,3
39931,1
39932,3
39933,3
39934,3
39935,3
39936,3
39937,3
39938,3
39939,3
39940,1
39941,3
39942,3
39943,3
39944,3
39945,3
39946,4
39947,4
39948,4
39949,3
39950,0
39951,0
39952,0
39953,2
39954,2
39955,0
39956,2
39957,1
39958,1
39959,1
39960,1
39961,1
39962,1
39963,1
39964,1
39965,1
39966,1
39967,1
39968,1
39969,1
39970,1
39971,4
39972,3
39973,2
39974,2
39975,0
39976,2
39977,2
39978,3
39979,3
39980,3
39981,0
39982,0
39983,2
39984,2
39985,2
39986,2
39987,2
39988,2
39989,0
39990,2
39991,2
39992,3
39993,1
39994,4
39995,1
39996,2
39997,3
39998,1
39999,3
40000,3
40001,2
40002,1
40003,3
40004,2
40005,3
40006,1
40007,3
40008,3
40009,0
40010,3
40011,3
40012,3
40013,0
40014,3
40015,0
40016,3
40017,0
40018,4
40019,0
40020,0
40021,0
40022,0
40023,5
40024,3
40025,3
40026,2
40027,3
40028,1
40029,1
40030,3
40031,0
40032,0
40033,0
40034,0
40035,0
40036,0
40037,0
40038,0
40039,0
40040,0
40041,5
40042,0
40043,0
40044,0
40045,0
40046,0
40047,0
40048,0
40049,0
40050,0
40051,0
40052,0
40053,0
40054,0
40055,0
40056,0
40057,0
40058,0
40059,0
40060,0
40061,0
40062,0
40063,0
40064,0
40065,0
40066,0
40067,0
40068,0
40069,0
40070,0
40071,0
40072,0
40073,3
40074,0
40075,0
40076,0
40077,0
40078,0
40079,0
40080,0
40081,0
40082,0
40083,0
40084,0
40085,0
40086,0
40087,4
40088,0
40089,0
40090,0
40091,1
40092,0
40093,0
40094,0
40095,0
40096,0
40097,0
40098,0
40099,0
40100,0
40101,0
40102,0
40103,0
40104,0
40105,0
40106,0
40107,0
40108,0
40109,0
40110,0
40111,0
40112,0
40113,0
40114,0
40115,0
40116,0
40117,0
40118,3
40119,0
40120,0
40121,3
40122,3
40123,0
40124,2
40125,0
40126,0
40127,0
40128,0
40129,2
40130,0
40131,0
40132,0
40133,0
40134,3
40135,3
40136,0
40137,0
40138,3
40139,0
40140,0
40141,0
40142,0
40143,0
40144,0
40145,0
40146,0
40147,0
40148,0
40149,0
40150,0
40151,0
40152,0
40153,0
40154,0
40155,0
40156,3
40157,0
40158,0
40159,0
40160,0
40161,0
40162,0
40163,1
40164,0
40165,0
40166,0
40167,0
40168,0
40169,0
40170,0
40171,0
40172,0
40173,0
40174,0
40175,0
40176,0
40177,0
40178,0
40179,2
40180,0
40181,0
40182,0
40183,0
40184,0
40185,3
40186,0
40187,0
40188,0
40189,0
40190,0
40191,0
40192,0
40193,0
40194,0
40195,0
40196,0
40197,0
40198,0
40199,0
40200,0
40201,0
40202,0
40203,0
40204,0
40205,0
40206,0
40207,0
40208,0
40209,0
40210,3
40211,0
40212,0
40213,0
40214,0
40215,4
40216,2
40217,0
40218,0
40219,2
40220,0
40221,0
40222,2
40223,4
40224,2
40225,4
40226,2
40227,0
40228,0
40229,2
40230,0
40231,2
40232,0
40233,0
40234,0
40235,0
40236,0
40237,0
40238,3
40239,2
40240,0
40241,0
40242,0
40243,0
40244,2
40245,2
40246,0
40247,0
40248,2
40249,0
40250,2
40251,0
40252,0
40253,0
40254,0
40255,0
40256,0
40257,0
40258,0
40259,0
40260,0
40261,0
40262,0
40263,2
40264,0
40265,2
40266,2
40267,0
40268,0
40269,0
40270,0
40271,0
40272,0
40273,0
40274,0
40275,0
40276,0
40277,0
40278,2
40279,1
40280,1
40281,1
40282,1
40283,1
40284,1
40285,1
40286,1
40287,1
40288,1
40289,1
40290,1
40291,1
40292,1
40293,1
40294,1
40295,2
40296,1
40297,3
40298,1
40299,1
40300,1
40301,4
40302,4
40303,4
40304,1
40305,3
40306,3
40307,3
40308,3
40309,2
40310,3
40311,0
40312,0
40313,3
40314,4
40315,2
40316,2
40317,2
40318,2
40319,2
40320,2
40321,4
40322,3
40323,3
40324,4
40325,0
40326,3
40327,2
40328,3
40329,3
40330,3
40331,0
40332,3
40333,0
40334,3
40335,0
40336,0
40337,3
40338,3
40339,3
40340,0
40341,4
40342,2
40343,0
40344,0
40345,0
40346,3
40347,1
40348,4
40349,2
40350,3
40351,3
40352,3
40353,3
40354,3
40355,5
40356,1
40357,2
40358,2
40359,2
40360,0
40361,0
40362,3
40363,3
40364,3
40365,3
40366,3
40367,2
40368,3
40369,0
40370,3
40371,3
40372,1
40373,3
40374,3
40375,3
40376,1
40377,3
40378,2
40379,2
40380,1
40381,1
40382,3
40383,3
40384,1
40385,3
40386,3
40387,4
40388,3
40389,3
40390,3
40391,3
40392,3
40393,2
40394,2
40395,5
40396,2
40397,1
40398,3
40399,0
40400,0
40401,1
40402,3
40403,3
40404,3
40405,3
40406,3
40407,2
40408,3
40409,3
40410,3
40411,3
40412,0
40413,0
40414,0
40415,0
40416,0
40417,0
40418,0
40419,0
40420,0
40421,0
40422,0
40423,0
40424,0
40425,0
40426,0
40427,0
40428,0
40429,0
40430,0
40431,0
40432,3
40433,0
40434,0
40435,0
40436,0
40437,0
40438,0
40439,0
40440,0
40441,0
40442,0
40443,0
40444,3
40445,3
40446,0
40447,2
40448,0
40449,3
40450,3
40451,1
40452,1
40453,3
40454,3
40455,3
40456,3
40457,3
40458,3
40459,3
40460,3
40461,3
40462,3
40463,1
40464,3
40465,3
40466,3
40467,3
40468,3
40469,3
40470,3
40471,0
40472,0
40473,1
40474,0
40475,3
40476,3
40477,3
40478,3
40479,1
40480,3
40481,3
40482,3
40483,3
40484,3
40485,1
40486,3
40487,3
40488,0
40489,3
40490,3
40491,3
40492,3
40493,3
40494,3
40495,3
40496,0
40497,2
40498,0
40499,0
40500,3
40501,0
40502,0
40503,1
40504,1
40505,3
40506,0
40507,0
40508,1
40509,1
40510,1
40511,1
40512,0
40513,1
40514,3
40515,0
40516,1
40517,3
40518,3
40519,1
40520,3
40521,3
40522,1
40523,1
40524,1
40525,1
40526,1
40527,1
40528,1
40529,1
40530,1
40531,1
40532,3
40533,3
40534,3
40535,3
40536,1
40537,1
40538,1
40539,1
40540,1
40541,1
40542,1
40543,1
40544,1
40545,1
40546,1
40547,3
40548,1
40549,1
40550,1
40551,1
40552,1
40553,1
40554,1
40555,1
40556,1
40557,1
40558,1
40559,1
40560,1
40561,1
40562,1
40563,1
40564,1
40565,3
40566,1
40567,1
40568,1
40569,1
40570,1
40571,1
40572,1
40573,1
40574,1
40575,1
40576,1
40577,3
40578,3
40579,4
40580,3
40581,0
40582,2
40583,3
40584,3
40585,4
40586,3
40587,4
40588,4
40589,3
40590,3
40591,3
40592,2
40593,2
40594,3
40595,0
40596,0
40597,2
40598,0
40599,0
40600,2
40601,0
40602,0
40603,2
40604,2
40605,3
40606,3
40607,0
40608,1
40609,3
40610,3
40611,5
40612,3
40613,2
40614,2
40615,3
40616,0
40617,0
40618,3
40619,2
40620,5
40621,3
40622,3
40623,3
40624,2
40625,3
40626,0
40627,2
40628,2
40629,0
40630,0
40631,0
40632,0
40633,0
40634,0
40635,0
40636,0
40637,0
40638,0
40639,0
40640,0
40641,0
40642,0
40643,0
40644,3
40645,0
40646,0
40647,3
40648,0
40649,0
40650,0
40651,0
40652,0
40653,0
40654,0
40655,0
40656,0
40657,0
40658,0
40659,0
40660,1
40661,0
40662,0
40663,0
40664,0
40665,0
40666,0
40667,0
40668,0
40669,0
40670,0
40671,0
40672,0
40673,0
40674,0
40675,0
40676,0
40677,0
40678,0
40679,3
40680,0
40681,0
40682,0
40683,0
40684,0
40685,0
40686,0
40687,0
40688,0
40689,4
40690,0
40691,0
40692,0
40693,0
40694,2
40695,0
40696,0
40697,0
40698,0
40699,0
40700,3
40701,3
40702,1
40703,0
40704,0
40705,0
40706,3
40707,1
40708,3
40709,1
40710,1
40711,1
40712,1
40713,1
40714,1
40715,1
40716,1
40717,1
40718,1
40719,1
40720,1
40721,1
40722,1
40723,1
40724,1
40725,1
40726,5
40727,5
40728,5
40729,0
40730,1
40731,3
40732,3
40733,3
40734,3
40735,3
40736,3
40737,3
40738,4
40739,0
40740,0
40741,0
40742,2
40743,0
40744,0
40745,0
40746,0
40747,0
40748,0
40749,0
40750,3
40751,3
40752,2
40753,3
40754,0
40755,3
40756,3
40757,3
40758,4
40759,4
40760,3
40761,3
40762,0
40763,2
40764,0
40765,3
40766,3
40767,3
40768,4
40769,4
40770,3
40771,3
40772,4
40773,4
40774,4
40775,0
40776,0
40777,1
40778,1
40779,1
40780,1
40781,1
40782,1
40783,1
40784,1
40785,1
40786,1
40787,3
40788,1
40789,3
40790,0
40791,1
40792,1
40793,1
40794,1
40795,0
40796,1
40797,1
40798,1
40799,1
40800,1
40801,0
40802,0
40803,0
40804,1
40805,1
40806,1
40807,3
40808,1
40809,1
40810,1
40811,1
40812,1
40813,1
40814,1
40815,1
40816,1
40817,1
40818,1
40819,1
40820,1
40821,1
40822,1
40823,1
40824,1
40825,1
40826,1
40827,1
40828,1
40829,1
40830,1
40831,1
40832,1
40833,3
40834,1
40835,1
40836,3
40837,5
40838,3
40839,0
40840,3
40841,3
40842,3
40843,3
40844,3
40845,3
40846,4
40847,2
40848,2
40849,2
40850,3
40851,3
40852,2
40853,2
40854,3
40855,3
40856,3
40857,2
40858,2
40859,2
40860,2
40861,2
40862,2
40863,2
40864,2
40865,3
40866,2
40867,3
40868,3
40869,3
40870,3
40871,2
40872,2
40873,2
40874,2
40875,1
40876,1
40877,1
40878,1
40879,3
40880,0
40881,3
40882,2
40883,3
40884,2
40885,2
40886,2
40887,3
40888,3
40889,3
40890,2
40891,3
40892,2
40893,2
40894,3
40895,3
40896,1
40897,2
40898,2
40899,3
40900,3
40901,2
40902,2
40903,3
40904,3
40905,2
40906,3
40907,2
40908,2
40909,3
40910,4
40911,3
40912,3
40913,2
40914,3
40915,2
40916,1
40917,2
40918,3
40919,3
40920,2
40921,2
40922,3
40923,3
40924,2
40925,2
40926,3
40927,2
40928,0
40929,2
40930,2
40931,3
40932,5
40933,0
40934,3
40935,2
40936,2
40937,2
40938,2
40939,3
40940,2
40941,2
40942,2
40943,2
40944,2
40945,3
40946,2
40947,2
40948,3
40949,3
40950,2
40951,3
40952,2
40953,2
40954,2
40955,2
40956,2
40957,2
40958,3
40959,3
40960,2
40961,2
40962,5
40963,2
40964,3
40965,3
40966,3
40967,2
40968,2
40969,2
40970,2
40971,3
40972,2
40973,4
40974,3
40975,3
40976,2
40977,3
40978,2
40979,2
40980,3
40981,3
40982,2
40983,1
40984,2
40985,2
40986,3
40987,2
40988,2
40989,3
40990,3
40991,2
40992,3
40993,2
40994,2
40995,2
40996,2
40997,4
40998,3
40999,2
41000,2
41001,2
41002,2
41003,3
41004,3
41005,3
41006,2
41007,3
41008,2
41009,3
41010,2
41011,3
41012,0
41013,2
41014,3
41015,3
41016,1
41017,1
41018,3
41019,3
41020,1
41021,0
41022,1
41023,3
41024,3
41025,0
41026,3
41027,2
41028,0
41029,2
41030,2
41031,0
41032,0
41033,5
41034,3
41035,1
41036,1
41037,1
41038,2
41039,3
41040,3
41041,0
41042,4
41043,3
41044,3
41045,2
41046,2
41047,3
41048,2
41049,2
41050,2
41051,3
41052,3
41053,0
41054,2
41055,2
41056,2
41057,2
41058,2
41059,3
41060,2
41061,3
41062,4
41063,2
41064,3
41065,2
41066,3
41067,2
41068,2
41069,2
41070,2
41071,2
41072,2
41073,2
41074,1
41075,1
41076,1
41077,1
41078,3
41079,0
41080,1
41081,2
41082,1
41083,2
41084,2
41085,4
41086,4
41087,3
41088,2
41089,3
41090,3
41091,3
41092,4
41093,3
41094,2
41095,0
41096,3
41097,1
41098,5
41099,2
41100,3
41101,0
41102,2
41103,2
41104,5
41105,5
41106,5
41107,5
41108,0
41109,2
41110,2
41111,2
41112,2
41113,0
41114,3
41115,2
41116,2
41117,2
41118,1
41119,1
41120,2
41121,3
41122,3
41123,3
41124,0
41125,4
41126,1
41127,1
41128,1
41129,1
41130,1
41131,1
41132,1
41133,1
41134,1
41135,1
41136,1
41137,1
41138,2
41139,1
41140,1
41141,3
41142,3
41143,3
41144,2
41145,2
41146,3
41147,2
41148,3
41149,4
41150,2
41151,2
41152,2
41153,4
41154,2
41155,3
41156,2
41157,4
41158,3
41159,0
41160,2
41161,3
41162,3
41163,3
41164,3
41165,1
41166,3
41167,1
41168,3
41169,3
41170,3
41171,3
41172,3
41173,3
41174,3
41175,3
41176,3
41177,3
41178,3
41179,3
41180,3
41181,3
41182,3
41183,3
41184,1
41185,1
41186,1
41187,3
41188,1
41189,3
41190,3
41191,3
41192,0
41193,1
41194,2
41195,3
41196,3
41197,1
41198,1
41199,1
41200,1
41201,1
41202,1
41203,1
41204,4
41205,1
41206,1
41207,3
41208,3
41209,1
41210,1
41211,1
41212,3
41213,3
41214,4
41215,3
41216,1
41217,1
41218,1
41219,4
41220,1
41221,3
41222,1
41223,2
41224,0
41225,2
41226,2
41227,2
41228,3
41229,2
41230,3
41231,4
41232,3
41233,2
41234,2
41235,2
41236,3
41237,2
41238,2
41239,2
41240,2
41241,2
41242,2
41243,3
41244,2
41245,2
41246,2
41247,2
41248,2
41249,2
41250,2
41251,2
41252,2
41253,2
41254,2
41255,2
41256,2
41257,2
41258,2
41259,3
41260,3
41261,3
41262,3
41263,3
41264,3
41265,1
41266,3
41267,3
41268,3
41269,3
41270,3
41271,3
41272,1
41273,2
41274,2
41275,2
41276,2
41277,2
41278,2
41279,2
41280,2
41281,2
41282,0
41283,2
41284,2
41285,2
41286,2
41287,2
41288,3
41289,2
41290,3
41291,3
41292,2
41293,2
41294,3
41295,2
41296,2
41297,2
41298,2
41299,2
41300,3
41301,3
41302,3
41303,3
41304,3
41305,3
41306,3
41307,3
41308,0
41309,1
41310,1
41311,3
41312,3
41313,3
41314,4
41315,4
41316,3
41317,3
41318,3
41319,3
41320,4
41321,4
41322,1
41323,3
41324,2
41325,2
41326,2
41327,2
41328,3
41329,3
41330,3
41331,4
41332,3
41333,3
41334,1
41335,1
41336,4
41337,1
41338,3
41339,3
41340,2
41341,2
41342,2
41343,3
41344,2
41345,3
41346,3
41347,3
41348,2
41349,3
41350,3
41351,3
41352,3
41353,3
41354,3
41355,3
41356,4
41357,4
41358,3
41359,2
41360,2
41361,2
41362,2
41363,2
41364,2
41365,3
41366,3
41367,2
41368,0
41369,2
41370,3
41371,2
41372,2
41373,2
41374,2
41375,3
41376,3
41377,1
41378,1
41379,1
41380,3
41381,3
41382,3
41383,1
41384,3
41385,3
41386,3
41387,2
41388,2
41389,3
41390,5
41391,2
41392,3
41393,3
41394,1
41395,1
41396,1
41397,2
41398,0
41399,2
41400,2
41401,3
41402,3
41403,1
41404,1
41405,1
41406,0
41407,1
41408,2
41409,2
41410,2
41411,2
41412,2
41413,2
41414,3
41415,3
41416,0
41417,3
41418,1
41419,0
41420,0
41421,0
41422,0
41423,3
41424,3
41425,0
41426,0
41427,0
41428,0
41429,3
41430,0
41431,3
41432,1
41433,0
41434,1
41435,0
41436,2
41437,4
41438,0
41439,1
41440,1
41441,0
41442,0
41443,0
41444,0
41445,1
41446,1
41447,0
41448,0
41449,0
41450,0
41451,0
41452,0
41453,0
41454,2
41455,2
41456,2
41457,2
41458,2
41459,1
41460,2
41461,2
41462,2
41463,2
41464,2
41465,2
41466,3
41467,2
41468,2
41469,0
41470,2
41471,3
41472,2
41473,1
41474,3
41475,2
41476,2
41477,1
41478,1
41479,5
41480,1
41481,1
41482,5
41483,1
41484,1
41485,3
41486,1
41487,2
41488,4
41489,2
41490,2
41491,2
41492,1
41493,2
41494,1
41495,2
41496,2
41497,1
41498,2
41499,1
41500,2
41501,1
41502,1
41503,1
41504,3
41505,4
41506,3
41507,2
41508,3
41509,3
41510,3
41511,2
41512,2
41513,2
41514,2
41515,2
41516,0
41517,2
41518,1
41519,0
41520,1
41521,1
41522,1
41523,1
41524,1
41525,0
41526,0
41527,2
41528,2
41529,2
41530,2
41531,2
41532,2
41533,2
41534,2
41535,1
41536,2
41537,1
41538,1
41539,1
41540,1
41541,1
41542,2
41543,1
41544,0
41545,1
41546,1
41547,0
41548,0
41549,0
41550,1
41551,1
41552,2
41553,2
41554,2
41555,2
41556,3
41557,2
41558,4
41559,0
41560,2
41561,3
41562,0
41563,2
41564,2
41565,0
41566,0
41567,2
41568,2
41569,0
41570,2
41571,3
41572,1
41573,2
41574,2
41575,2
41576,2
41577,2
41578,2
41579,2
41580,2
41581,2
41582,2
41583,2
41584,2
41585,3
41586,2
41587,2
41588,0
41589,1
41590,1
41591,1
41592,4
41593,3
41594,1
41595,3
41596,1
41597,3
41598,3
41599,1
41600,2
41601,2
41602,3
41603,2
41604,2
41605,3
41606,3
41607,2
41608,2
41609,2
41610,2
41611,3
41612,2
41613,0
41614,2
41615,2
41616,0
41617,2
41618,2
41619,1
41620,1
41621,2
41622,2
41623,3
41624,2
41625,2
41626,2
41627,3
41628,3
41629,2
41630,1
41631,1
41632,1
41633,1
41634,0
41635,2
41636,3
41637,1
41638,2
41639,3
41640,3
41641,4
41642,4
41643,4
41644,4
41645,0
41646,3
41647,0
41648,0
41649,0
41650,0
41651,0
41652,0
41653,0
41654,4
41655,4
41656,0
41657,0
41658,0
41659,4
41660,4
41661,4
41662,4
41663,4
41664,4
41665,4
41666,4
41667,4
41668,4
41669,4
41670,4
41671,4
41672,4
41673,3
41674,0
41675,0
41676,3
41677,4
41678,4
41679,4
41680,0
41681,4
41682,4
41683,0
41684,0
41685,0
41686,0
41687,0
41688,1
41689,0
41690,0
41691,0
41692,0
41693,4
41694,4
41695,4
41696,4
41697,4
41698,4
41699,4
41700,4
41701,4
41702,4
41703,4
41704,3
41705,1
41706,4
41707,4
41708,4
41709,4
41710,4
41711,4
41712,4
41713,4
41714,4
41715,4
41716,4
41717,4
41718,4
41719,4
41720,4
41721,3
41722,3
41723,4
41724,4
41725,4
41726,4
41727,4
41728,4
41729,4
41730,4
41731,4
41732,1
41733,4
41734,4
41735,4
41736,4
41737,4
41738,1
41739,4
41740,5
41741,5
41742,4
41743,4
41744,0
41745,3
41746,4
41747,4
41748,4
41749,0
41750,4
41751,4
41752,5
41753,4
41754,5
41755,4
41756,4
41757,4
41758,4
41759,4
41760,1
41761,2
41762,0
41763,0
41764,0
41765,0
41766,4
41767,0
41768,0
41769,0
41770,0
41771,0
41772,3
41773,4
41774,4
41775,4
41776,3
41777,0
41778,0
41779,0
41780,0
41781,0
41782,0
41783,0
41784,0
41785,0
41786,0
41787,0
41788,0
41789,0
41790,0
41791,0
41792,4
41793,2
41794,2
41795,2
41796,0
41797,3
41798,2
41799,2
41800,4
41801,5
41802,0
41803,3
41804,4
41805,4
41806,0
41807,3
41808,0
41809,0
41810,0
41811,0
41812,0
41813,4
41814,4
41815,1
41816,3
41817,4
41818,4
41819,0
41820,4
41821,0
41822,0
41823,0
41824,0
41825,0
41826,0
41827,4
41828,4
41829,2
41830,4
41831,4
41832,4
41833,3
41834,4
41835,4
41836,1
41837,4
41838,4
41839,4
41840,4
41841,2
41842,4
41843,0
41844,0
41845,0
41846,0
41847,0
41848,3
41849,3
41850,4
41851,0
41852,0
41853,4
41854,4
41855,3
41856,4
41857,2
41858,2
41859,0
41860,0
41861,0
41862,0
41863,0
41864,0
41865,0
41866,3
41867,2
41868,3
41869,3
41870,0
41871,0
41872,4
41873,0
41874,2
41875,2
41876,1
41877,1
41878,2
41879,4
41880,3
41881,4
41882,4
41883,4
41884,2
41885,0
41886,4
41887,2
41888,2
41889,4
41890,0
41891,0
41892,4
41893,0
41894,0
41895,0
41896,0
41897,0
41898,4
41899,4
41900,4
41901,1
41902,4
41903,0
41904,4
41905,4
41906,3
41907,0
41908,0
41909,4
41910,0
41911,0
41912,0
41913,0
41914,0
41915,0
41916,0
41917,0
41918,3
41919,0
41920,3
41921,0
41922,0
41923,0
41924,4
41925,0
41926,3
41927,0
41928,2
41929,3
41930,0
41931,0
41932,5
41933,5
41934,2
41935,2
41936,2
41937,2
41938,4
41939,2
41940,2
41941,4
41942,2
41943,2
41944,4
41945,0
41946,5
41947,2
41948,4
41949,1
41950,1
41951,2
41952,0
41953,0
41954,0
41955,0
41956,0
41957,3
41958,3
41959,0
41960,3
41961,0
41962,0
41963,0
41964,0
41965,0
41966,1
41967,0
41968,4
41969,0
41970,0
41971,0
41972,0
41973,0
41974,0
41975,0
41976,0
41977,0
41978,0
41979,0
41980,0
41981,0
41982,0
41983,0
41984,4
41985,0
41986,0
41987,0
41988,4
41989,0
41990,5
41991,4
41992,0
41993,4
41994,4
41995,4
41996,1
41997,4
41998,4
41999,4
42000,3
42001,4
42002,0
42003,0
42004,0
42005,0
42006,4
42007,4
42008,2
42009,4
42010,0
42011,3
42012,4
42013,4
42014,3
42015,4
42016,4
42017,4
42018,4
42019,4
42020,4
42021,4
42022,0
42023,0
42024,4
42025,4
42026,4
42027,4
42028,4
42029,0
42030,0
42031,0
42032,4
42033,4
42034,4
42035,4
42036,4
42037,0
42038,3
42039,5
42040,0
42041,4
42042,4
42043,0
42044,4
42045,4
42046,0
42047,4
42048,0
42049,0
42050,4
42051,2
42052,2
42053,3
42054,4
42055,4
42056,4
42057,4
42058,4
42059,0
42060,0
42061,0
42062,0
42063,0
42064,0
42065,0
42066,0
42067,0
42068,0
42069,4
42070,4
42071,4
42072,0
42073,0
42074,0
42075,0
42076,0
42077,2
42078,3
42079,4
42080,1
42081,4
42082,4
42083,4
42084,4
42085,1
42086,4
42087,1
42088,2
42089,0
42090,2
42091,0
42092,1
42093,0
42094,2
42095,4
42096,4
42097,2
42098,4
42099,3
42100,4
42101,4
42102,4
42103,4
42104,3
42105,4
42106,4
42107,4
42108,4
42109,4
42110,0
42111,3
42112,0
42113,2
42114,4
42115,2
42116,4
42117,0
42118,0
42119,2
42120,4
42121,2
42122,2
42123,1
42124,3
42125,3
42126,1
42127,0
42128,3
42129,2
42130,2
42131,3
42132,0
42133,0
42134,0
42135,0
42136,3
42137,4
42138,3
42139,0
42140,0
42141,0
42142,0
42143,0
42144,0
42145,0
42146,2
42147,3
42148,3
42149,3
42150,3
42151,4
42152,0
42153,3
42154,3
42155,3
42156,0
42157,0
42158,3
42159,3
42160,3
42161,0
42162,3
42163,4
42164,3
42165,0
42166,5
42167,4
42168,4
42169,2
42170,2
42171,2
42172,2
42173,2
42174,4
42175,2
42176,4
42177,2
42178,3
42179,4
42180,2
42181,2
42182,0
42183,2
42184,1
42185,2
42186,2
42187,0
42188,4
42189,0
42190,0
42191,4
42192,4
42193,3
42194,3
42195,0
42196,3
42197,4
42198,4
42199,0
42200,3
42201,0
42202,4
42203,0
42204,4
42205,1
42206,4
42207,1
42208,4
42209,4
42210,0
42211,4
42212,4
42213,4
42214,4
42215,4
42216,4
42217,4
42218,4
42219,0
42220,3
42221,1
42222,4
42223,0
42224,0
42225,4
42226,0
42227,4
42228,4
42229,4
42230,4
42231,4
42232,4
42233,4
42234,4
42235,1
42236,5
42237,3
42238,3
42239,5
42240,2
42241,0
42242,0
42243,0
42244,2
42245,4
42246,4
42247,4
42248,5
42249,1
42250,4
42251,3
42252,4
42253,4
42254,1
42255,4
42256,4
42257,4
42258,3
42259,3
42260,0
42261,4
42262,4
42263,4
42264,4
42265,4
42266,0
42267,0
42268,5
42269,5
42270,5
42271,5
42272,0
42273,5
42274,5
42275,5
42276,4
42277,4
42278,0
42279,4
42280,4
42281,4
42282,0
42283,5
42284,0
42285,0
42286,0
42287,0
42288,4
42289,3
42290,5
42291,5
42292,0
42293,0
42294,0
42295,0
42296,0
42297,0
42298,0
42299,0
42300,4
42301,4
42302,4
42303,0
42304,4
42305,4
42306,2
42307,0
42308,4
42309,4
42310,4
42311,2
42312,1
42313,1
42314,3
42315,0
42316,3
42317,3
42318,5
42319,2
42320,4
42321,2
42322,3
42323,5
42324,4
42325,5
42326,2
42327,0
42328,3
42329,0
42330,3
42331,0
42332,4
42333,3
42334,0
42335,3
42336,0
42337,0
42338,0
42339,3
42340,3
42341,3
42342,3
42343,3
42344,3
42345,4
42346,4
42347,3
42348,3
42349,0
42350,0
42351,4
42352,5
42353,0
42354,0
42355,0
42356,0
42357,0
42358,0
42359,0
42360,0
42361,0
42362,0
42363,0
42364,0
42365,0
42366,0
42367,0
42368,0
42369,0
42370,0
42371,2
42372,0
42373,0
42374,4
42375,5
42376,1
42377,1
42378,1
42379,1
42380,1
42381,1
42382,4
42383,2
42384,0
42385,3
42386,0
42387,5
42388,5
42389,5
42390,0
42391,0
42392,4
42393,2
42394,4
42395,2
42396,0
42397,0
42398,0
42399,0
42400,0
42401,0
42402,0
42403,0
42404,4
42405,4
42406,4
42407,4
42408,4
42409,3
42410,1
42411,3
42412,4
42413,3
42414,4
42415,4
42416,4
42417,4
42418,4
42419,4
42420,4
42421,4
42422,0
42423,3
42424,4
42425,1
42426,4
42427,4
42428,4
42429,4
42430,4
42431,4
42432,4
42433,4
42434,4
42435,4
42436,0
42437,0
42438,0
42439,0
42440,0
42441,0
42442,0
42443,0
42444,0
42445,0
42446,4
42447,0
42448,0
42449,0
42450,1
42451,3
42452,2
42453,0
42454,0
42455,0
42456,0
42457,0
42458,0
42459,0
42460,4
42461,5
42462,2
42463,4
42464,3
42465,4
42466,4
42467,3
42468,3
42469,3
42470,3
42471,4
42472,3
42473,4
42474,1
42475,1
42476,3
42477,3
42478,3
42479,4
42480,4
42481,4
42482,4
42483,5
42484,4
42485,0
42486,5
42487,5
42488,5
42489,2
42490,5
42491,5
42492,5
42493,0
42494,5
42495,2
42496,4
42497,4
42498,0
42499,0
42500,0
42501,0
42502,5
42503,5
42504,0
42505,5
42506,4
42507,3
42508,0
42509,4
42510,4
42511,4
42512,1
42513,1
42514,4
42515,4
42516,4
42517,4
42518,4
42519,4
42520,0
42521,4
42522,4
42523,4
42524,5
42525,5
42526,5
42527,0
42528,0
42529,0
42530,0
42531,0
42532,0
42533,0
42534,0
42535,5
42536,5
42537,4
42538,0
42539,4
42540,4
42541,4
42542,4
42543,2
42544,4
42545,4
42546,4
42547,4
42548,0
42549,3
42550,4
42551,4
42552,4
42553,4
42554,4
42555,3
42556,2
42557,1
42558,4
42559,3
42560,3
42561,3
42562,3
42563,3
42564,3
42565,4
42566,4
42567,4
42568,4
42569,4
42570,4
42571,3
42572,4
42573,4
42574,4
42575,3
42576,4
42577,4
42578,3
42579,4
42580,4
42581,0
42582,3
42583,4
42584,3
42585,3
42586,3
42587,0
42588,2
42589,4
42590,4
42591,4
42592,4
42593,2
42594,4
42595,4
42596,2
42597,4
42598,2
42599,4
42600,2
42601,4
42602,3
42603,2
42604,3
42605,2
42606,5
42607,5
42608,5
42609,4
42610,4
42611,4
42612,4
42613,2
42614,2
42615,4
42616,4
42617,4
42618,2
42619,4
42620,4
42621,2
42622,0
42623,2
42624,2
42625,0
42626,0
42627,0
42628,0
42629,0
42630,0
42631,0
42632,4
42633,2
42634,0
42635,5
42636,0
42637,0
42638,0
42639,0
42640,5
42641,0
42642,0
42643,0
42644,0
42645,0
42646,0
42647,0
42648,0
42649,4
42650,0
42651,0
42652,2
42653,0
42654,0
42655,2
42656,4
42657,0
42658,0
42659,0
42660,4
42661,4
42662,4
42663,0
42664,0
42665,0
42666,4
42667,0
42668,4
42669,0
42670,0
42671,0
42672,4
42673,0
42674,4
42675,4
42676,4
42677,0
42678,0
42679,4
42680,0
42681,0
42682,0
42683,0
42684,0
42685,0
42686,0
42687,4
42688,4
42689,4
42690,0
42691,4
42692,4
42693,4
42694,4
42695,4
42696,0
42697,4
42698,0
42699,4
42700,5
42701,0
42702,5
42703,0
42704,5
42705,0
42706,0
42707,4
42708,4
42709,0
42710,0
42711,4
42712,5
42713,5
42714,5
42715,5
42716,5
42717,4
42718,4
42719,3
42720,3
42721,4
42722,5
42723,0
42724,5
42725,5
42726,5
42727,5
42728,5
42729,5
42730,5
42731,4
42732,4
42733,4
42734,5
42735,4
42736,4
42737,4
42738,4
42739,4
42740,4
42741,4
42742,0
42743,0
42744,4
42745,4
42746,0
42747,0
42748,0
42749,4
42750,4
42751,4
42752,5
42753,4
42754,4
42755,4
42756,4
42757,4
42758,4
42759,4
42760,4
42761,4
42762,0
42763,0
42764,0
42765,3
42766,4
42767,4
42768,0
42769,0
42770,0
42771,4
42772,0
42773,0
42774,0
42775,0
42776,4
42777,4
42778,0
42779,0
42780,0
42781,4
42782,0
42783,0
42784,0
42785,4
42786,0
42787,0
42788,5
42789,5
42790,0
42791,0
42792,0
42793,0
42794,5
42795,0
42796,0
42797,0
42798,0
42799,0
42800,0
42801,5
42802,0
42803,0
42804,0
42805,4
42806,2
42807,0
42808,2
42809,4
42810,4
42811,3
42812,2
42813,2
42814,2
42815,2
42816,2
42817,2
42818,4
42819,4
42820,4
42821,4
42822,4
42823,4
42824,4
42825,4
42826,4
42827,4
42828,4
42829,4
42830,4
42831,4
42832,4
42833,1
42834,4
42835,4
42836,4
42837,5
42838,4
42839,2
42840,0
42841,4
42842,4
42843,3
42844,4
42845,2
42846,2
42847,3
42848,3
42849,2
42850,2
42851,2
42852,4
42853,4
42854,2
42855,0
42856,4
42857,0
42858,0
42859,0
42860,0
42861,0
42862,0
42863,4
42864,5
42865,4
42866,4
42867,2
42868,4
42869,2
42870,0
42871,0
42872,0
42873,0
42874,0
42875,0
42876,0
42877,0
42878,0
42879,0
42880,4
42881,0
42882,0
42883,3
42884,3
42885,0
42886,3
42887,0
42888,3
42889,2
42890,3
42891,0
42892,1
42893,0
42894,0
42895,0
42896,0
42897,1
42898,1
42899,3
42900,3
42901,1
42902,3
42903,3
42904,3
42905,3
42906,3
42907,3
42908,3
42909,3
42910,3
42911,3
42912,3
42913,3
42914,3
42915,3
42916,3
42917,3
42918,3
42919,3
42920,3
42921,3
42922,3
42923,3
42924,1
42925,3
42926,3
42927,1
42928,1
42929,3
42930,1
42931,3
42932,3
42933,3
42934,3
42935,3
42936,3
42937,3
42938,3
42939,1
42940,3
42941,3
42942,3
42943,1
42944,1
42945,3
42946,1
42947,0
42948,3
42949,3
42950,3
42951,3
42952,0
42953,3
42954,3
42955,3
42956,3
42957,1
42958,3
42959,3
42960,1
42961,3
42962,0
42963,1
42964,3
42965,3
42966,3
42967,3
42968,3
42969,3
42970,1
42971,3
42972,3
42973,1
42974,3
42975,3
42976,3
42977,1
42978,0
42979,2
42980,3
42981,3
42982,3
42983,3
42984,2
42985,3
42986,3
42987,3
42988,1
42989,1
42990,2
42991,2
42992,0
42993,0
42994,0
42995,0
42996,3
42997,3
42998,0
42999,3
43000,3
43001,0
43002,3
43003,3
43004,1
43005,0
43006,0
43007,1
43008,1
43009,3
43010,3
43011,3
43012,3
43013,3
43014,3
43015,3
43016,3
43017,3
43018,3
43019,3
43020,0
43021,0
43022,1
43023,3
43024,1
43025,1
43026,3
43027,1
43028,3
43029,3
43030,3
43031,1
43032,2
43033,3
43034,3
43035,1
43036,3
43037,3
43038,2
43039,3
43040,1
43041,1
43042,3
43043,1
43044,1
43045,3
43046,3
43047,1
43048,0
43049,3
43050,0
43051,0
43052,0
43053,0
43054,3
43055,3
43056,3
43057,3
43058,3
43059,3
43060,3
43061,3
43062,3
43063,0
43064,0
43065,3
43066,1
43067,1
43068,1
43069,1
43070,3
43071,3
43072,1
43073,3
43074,3
43075,3
43076,3
43077,3
43078,3
43079,3
43080,3
43081,2
43082,3
43083,3
43084,3
43085,3
43086,1
43087,3
43088,3
43089,1
43090,3
43091,1
43092,1
43093,1
43094,1
43095,1
43096,3
43097,3
43098,3
43099,1
43100,3
43101,3
43102,0
43103,0
43104,2
43105,0
43106,1
43107,1
43108,1
43109,2
43110,0
43111,3
43112,3
43113,0
43114,3
43115,3
43116,3
43117,3
43118,3
43119,1
43120,3
43121,3
43122,1
43123,3
43124,3
43125,3
43126,3
43127,0
43128,0
43129,2
43130,1
43131,1
43132,1
43133,3
43134,3
43135,3
43136,3
43137,3
43138,3
43139,3
43140,3
43141,3
43142,3
43143,3
43144,1
43145,1
43146,1
43147,1
43148,3
43149,1
43150,1
43151,3
43152,1
43153,1
43154,3
43155,1
43156,1
43157,1
43158,1
43159,1
43160,3
43161,3
43162,2
43163,2
43164,0
43165,3
43166,3
43167,1
43168,3
43169,3
43170,3
43171,3
43172,3
43173,3
43174,3
43175,3
43176,3
43177,3
43178,1
43179,3
43180,3
43181,3
43182,3
43183,1
43184,0
43185,0
43186,0
43187,1
43188,0
43189,3
43190,3
43191,3
43192,3
43193,3
43194,0
43195,0
43196,0
43197,0
43198,0
43199,0
43200,3
43201,1
43202,0
43203,3
43204,3
43205,3
43206,3
43207,1
43208,3
43209,3
43210,3
43211,0
43212,3
43213,3
43214,3
43215,3
43216,3
43217,3
43218,3
43219,1
43220,1
43221,3
43222,3
43223,3
43224,3
43225,3
43226,1
43227,1
43228,3
43229,3
43230,3
43231,1
43232,1
43233,3
43234,3
43235,3
43236,3
43237,1
43238,2
43239,0
43240,1
43241,3
43242,3
43243,3
43244,3
43245,3
43246,3
43247,2
43248,3
43249,1
43250,3
43251,2
43252,2
43253,2
43254,0
43255,2
43256,3
43257,3
43258,0
43259,3
43260,3
43261,3
43262,3
43263,3
43264,3
43265,3
43266,0
43267,3
43268,1
43269,1
43270,3
43271,1
43272,3
43273,3
43274,0
43275,0
43276,3
43277,3
43278,3
43279,1
43280,3
43281,0
43282,3
43283,3
43284,3
43285,0
43286,1
43287,1
43288,1
43289,3
43290,3
43291,3
43292,3
43293,1
43294,3
43295,3
43296,3
43297,3
43298,3
43299,0
43300,2
43301,1
43302,3
43303,3
43304,3
43305,3
43306,3
43307,3
43308,3
43309,3
43310,3
43311,3
43312,1
43313,1
43314,3
43315,3
43316,3
43317,1
43318,3
43319,3
43320,3
43321,3
43322,3
43323,4
43324,1
43325,3
43326,1
43327,3
43328,1
43329,1
43330,1
43331,1
43332,1
43333,3
43334,3
43335,3
43336,3
43337,3
43338,3
43339,3
43340,3
43341,1
43342,3
43343,1
43344,3
43345,1
43346,1
43347,0
43348,3
43349,3
43350,3
43351,3
43352,3
43353,3
43354,3
43355,3
43356,3
43357,3
43358,3
43359,3
43360,3
43361,3
43362,3
43363,3
43364,3
43365,1
43366,1
43367,3
43368,3
43369,1
43370,0
43371,3
43372,3
43373,3
43374,3
43375,1
43376,3
43377,2
43378,3
43379,3
43380,3
43381,3
43382,1
43383,1
43384,3
43385,3
43386,3
43387,3
43388,3
43389,3
43390,3
43391,3
43392,3
43393,3
43394,3
43395,3
43396,3
43397,3
43398,3
43399,3
43400,3
43401,1
43402,3
43403,1
43404,3
43405,0
43406,3
43407,3
43408,3
43409,3
43410,1
43411,1
43412,3
43413,3
43414,3
43415,3
43416,3
43417,3
43418,1
43419,3
43420,3
43421,1
43422,3
43423,3
43424,1
43425,1
43426,3
43427,1
43428,1
43429,1
43430,3
43431,3
43432,3
43433,2
43434,0
43435,1
43436,3
43437,1
43438,2
43439,1
43440,3
43441,3
43442,3
43443,3
43444,1
43445,3
43446,3
43447,3
43448,3
43449,3
43450,3
43451,3
43452,3
43453,1
43454,1
43455,1
43456,1
43457,1
43458,3
43459,3
43460,0
43461,0
43462,0
43463,3
43464,3
43465,3
43466,3
43467,3
43468,3
43469,3
43470,1
43471,3
43472,3
43473,3
43474,3
43475,3
43476,0
43477,0
43478,0
43479,0
43480,3
43481,1
43482,1
43483,0
43484,3
43485,3
43486,3
43487,3
43488,3
43489,3
43490,2
43491,3
43492,2
43493,3
43494,3
43495,2
43496,1
43497,3
43498,1
43499,3
43500,3
43501,3
43502,3
43503,3
43504,3
43505,3
43506,1
43507,3
43508,2
43509,3
43510,3
43511,3
43512,1
43513,3
43514,1
43515,1
43516,1
43517,3
43518,3
43519,3
43520,3
43521,2
43522,2
43523,2
43524,1
43525,2
43526,1
43527,1
43528,3
43529,1
43530,3
43531,1
43532,2
43533,3
43534,3
43535,2
43536,3
43537,1
43538,3
43539,3
43540,1
43541,3
43542,3
43543,0
43544,1
43545,1
43546,0
43547,0
43548,3
43549,3
43550,1
43551,3
43552,3
43553,3
43554,3
43555,1
43556,3
43557,0
43558,1
43559,3
43560,0
43561,3
43562,3
43563,3
43564,3
43565,3
43566,1
43567,3
43568,1
43569,1
43570,2
43571,1
43572,2
43573,1
43574,1
43575,3
43576,3
43577,3
43578,1
43579,3
43580,3
43581,3
43582,3
43583,3
43584,3
43585,2
43586,3
43587,3
43588,3
43589,1
43590,0
43591,3
43592,3
43593,1
43594,1
43595,1
43596,3
43597,1
43598,3
43599,1
43600,1
43601,3
43602,3
43603,3
43604,3
43605,3
43606,3
43607,3
43608,3
43609,3
43610,3
43611,3
43612,0
43613,2
43614,1
43615,1
43616,1
43617,1
43618,1
43619,3
43620,3
43621,2
43622,1
43623,3
43624,1
43625,1
43626,3
43627,1
43628,3
43629,3
43630,3
43631,1
43632,3
43633,0
43634,0
43635,3
43636,3
43637,1
43638,3
43639,3
43640,3
43641,3
43642,3
43643,3
43644,1
43645,1
43646,3
43647,3
43648,1
43649,1
43650,1
43651,1
43652,1
43653,3
43654,3
43655,3
43656,3
43657,3
43658,3
43659,3
43660,3
43661,3
43662,3
43663,3
43664,3
43665,1
43666,3
43667,3
43668,1
43669,0
43670,1
43671,3
43672,3
43673,1
43674,3
43675,2
43676,3
43677,3
43678,3
43679,3
43680,3
43681,2
43682,2
43683,1
43684,1
43685,3
43686,1
43687,0
43688,3
43689,3
43690,1
43691,1
43692,1
43693,3
43694,3
43695,3
43696,3
43697,3
43698,1
43699,2
43700,3
43701,3
43702,3
43703,2
43704,3
43705,4
43706,3
43707,3
43708,3
43709,0
43710,3
43711,3
43712,3
43713,1
43714,1
43715,1
43716,3
43717,3
43718,1
43719,1
43720,3
43721,3
43722,1
43723,3
43724,3
43725,2
43726,1
43727,1
43728,2
43729,2
43730,2
43731,1
43732,1
43733,1
43734,3
43735,0
43736,3
43737,1
43738,3
43739,1
43740,3
43741,3
43742,0
43743,0
43744,0
43745,3
43746,4
43747,0
43748,3
43749,3
43750,3
43751,5
43752,3
43753,3
43754,3
43755,3
43756,3
43757,0
43758,0
43759,3
43760,0
43761,3
43762,1
43763,3
43764,3
43765,4
43766,2
43767,4
43768,3
43769,3
43770,3
43771,4
43772,2
43773,3
43774,3
43775,3
43776,2
43777,3
43778,3
43779,3
43780,3
43781,3
43782,3
43783,3
43784,4
43785,3
43786,1
43787,3
43788,3
43789,3
43790,3
43791,3
43792,1
43793,3
43794,3
43795,3
43796,3
43797,3
43798,3
43799,3
43800,1
43801,0
43802,3
43803,0
43804,3
43805,3
43806,3
43807,4
43808,4
43809,2
43810,3
43811,2
43812,2
43813,3
43814,2
43815,3
43816,4
43817,2
43818,2
43819,3
43820,3
43821,3
43822,0
43823,3
43824,3
43825,3
43826,3
43827,2
43828,2
43829,4
43830,3
43831,3
43832,3
43833,4
43834,2
43835,0
43836,3
43837,3
43838,2
43839,3
43840,3
43841,4
43842,4
43843,4
43844,4
43845,4
43846,3
43847,3
43848,3
43849,3
43850,4
43851,3
43852,3
43853,4
43854,3
43855,3
43856,3
43857,3
43858,3
43859,3
43860,3
43861,3
43862,3
43863,3
43864,3
43865,0
43866,3
43867,4
43868,3
43869,1
43870,1
43871,0
43872,3
43873,0
43874,2
43875,2
43876,3
43877,3
43878,3
43879,3
43880,2
43881,3
43882,2
43883,3
43884,3
43885,2
43886,3
43887,3
43888,3
43889,1
43890,3
43891,2
43892,3
43893,3
43894,3
43895,3
43896,2
43897,2
43898,2
43899,3
43900,3
43901,3
43902,4
43903,2
43904,4
43905,0
43906,3
43907,3
43908,1
43909,2
43910,2
43911,3
43912,4
43913,2
43914,3
43915,4
43916,3
43917,3
43918,3
43919,3
43920,4
43921,4
43922,3
43923,0
43924,4
43925,3
43926,3
43927,3
43928,3
43929,3
43930,1
43931,3
43932,1
43933,0
43934,3
43935,3
43936,3
43937,3
43938,2
43939,3
43940,3
43941,2
43942,3
43943,2
43944,2
43945,3
43946,3
43947,2
43948,3
43949,3
43950,3
43951,0
43952,0
43953,3
43954,2
43955,2
43956,4
43957,3
43958,3
43959,3
43960,3
43961,3
43962,4
43963,3
43964,3
43965,4
43966,3
43967,3
43968,3
43969,3
43970,4
43971,3
43972,3
43973,3
43974,3
43975,3
43976,3
43977,4
43978,3
43979,3
43980,3
43981,4
43982,0
43983,3
43984,3
43985,3
43986,3
43987,3
43988,3
43989,3
43990,2
43991,3
43992,4
43993,4
43994,4
43995,3
43996,0
43997,4
43998,4
43999,2
44000,0
44001,3
44002,0
44003,3
44004,0
44005,4
44006,4
44007,0
44008,0
44009,3
44010,0
44011,3
44012,3
44013,3
44014,2
44015,2
44016,2
44017,2
44018,3
44019,0
44020,2
44021,3
44022,3
44023,2
44024,2
44025,2
44026,2
44027,2
44028,3
44029,2
44030,2
44031,2
44032,2
44033,2
44034,2
44035,2
44036,2
44037,3
44038,3
44039,3
44040,3
44041,2
44042,3
44043,2
44044,2
44045,2
44046,2
44047,2
44048,2
44049,0
44050,3
44051,2
44052,2
44053,2
44054,2
44055,2
44056,2
44057,2
44058,2
44059,2
44060,3
44061,3
44062,3
44063,2
44064,3
44065,3
44066,3
44067,3
44068,3
44069,2
44070,2
44071,2
44072,3
44073,2
44074,2
44075,3
44076,4
44077,3
44078,3
44079,3
44080,2
44081,3
44082,3
44083,3
44084,3
44085,3
44086,2
44087,2
44088,2
44089,2
44090,3
44091,3
44092,2
44093,2
44094,2
44095,2
44096,2
44097,2
44098,1
44099,3
44100,3
44101,3
44102,3
44103,1
44104,3
44105,4
44106,4
44107,3
44108,3
44109,3
44110,4
44111,4
44112,5
44113,2
44114,0
44115,2
44116,3
44117,3
44118,3
44119,2
44120,2
44121,3
44122,3
44123,2
44124,3
44125,3
44126,4
44127,3
44128,2
44129,4
44130,2
44131,2
44132,2
44133,2
44134,2
44135,3
44136,2
44137,4
44138,2
44139,2
44140,3
44141,4
44142,1
44143,4
44144,4
44145,3
44146,2
44147,4
44148,3
44149,3
44150,3
44151,0
44152,3
44153,3
44154,3
44155,3
44156,1
44157,2
44158,3
44159,2
44160,2
44161,2
44162,2
44163,2
44164,2
44165,3
44166,3
44167,3
44168,3
44169,3
44170,3
44171,3
44172,3
44173,0
44174,4
44175,0
44176,2
44177,4
44178,2
44179,2
44180,3
44181,2
44182,3
44183,3
44184,3
44185,3
44186,1
44187,2
44188,2
44189,3
44190,4
44191,4
44192,4
44193,3
44194,3
44195,3
44196,3
44197,4
44198,3
44199,4
44200,2
44201,3
44202,3
44203,3
44204,3
44205,3
44206,4
44207,3
44208,3
44209,3
44210,3
44211,3
44212,3
44213,3
44214,4
44215,3
44216,3
44217,3
44218,4
44219,4
44220,3
44221,3
44222,3
44223,3
44224,3
44225,3
44226,4
44227,4
44228,4
44229,3
44230,3
44231,3
44232,4
44233,4
44234,3
44235,2
44236,2
44237,2
44238,2
44239,2
44240,2
44241,2
44242,2
44243,2
44244,3
44245,4
44246,2
44247,3
44248,2
44249,2
44250,2
44251,2
44252,2
44253,3
44254,2
44255,3
44256,3
44257,4
44258,3
44259,4
44260,3
44261,3
44262,3
44263,3
44264,3
44265,3
44266,3
44267,4
44268,0
44269,3
44270,3
44271,3
44272,0
44273,4
44274,3
44275,4
44276,0
44277,3
44278,3
44279,3
44280,3
44281,3
44282,4
44283,0
44284,3
44285,3
44286,2
44287,3
44288,3
44289,4
44290,2
44291,3
44292,3
44293,3
44294,3
44295,4
44296,3
44297,0
44298,0
44299,2
44300,3
44301,2
44302,3
44303,3
44304,0
44305,3
44306,3
44307,3
44308,3
44309,3
44310,1
44311,3
44312,3
44313,3
44314,3
44315,0
44316,0
44317,0
44318,0
44319,0
44320,0
44321,1
44322,2
44323,3
44324,3
44325,2
44326,4
44327,3
44328,2
44329,2
44330,3
44331,2
44332,2
44333,2
44334,2
44335,3
44336,2
44337,2
44338,3
44339,2
44340,4
44341,2
44342,3
44343,4
44344,3
44345,3
44346,3
44347,3
44348,3
44349,4
44350,3
44351,3
44352,3
44353,4
44354,3
44355,3
44356,3
44357,3
44358,4
44359,2
44360,3
44361,3
44362,2
44363,3
44364,3
44365,3
44366,4
44367,3
44368,3
44369,3
44370,3
44371,3
44372,3
44373,3
44374,3
44375,0
44376,4
44377,4
44378,3
44379,0
44380,4
44381,3
44382,3
44383,3
44384,3
44385,3
44386,3
44387,2
44388,3
44389,3
44390,3
44391,3
44392,2
44393,3
44394,2
44395,3
44396,3
44397,3
44398,3
44399,3
44400,3
44401,2
44402,2
44403,3
44404,3
44405,3
44406,3
44407,3
44408,2
44409,3
44410,3
44411,3
44412,3
44413,2
44414,3
44415,3
44416,3
44417,1
44418,3
44419,3
44420,2
44421,0
44422,4
44423,0
44424,0
44425,0
44426,1
44427,1
44428,4
44429,0
44430,3
44431,3
44432,4
44433,0
44434,0
44435,2
44436,3
44437,3
44438,3
44439,4
44440,3
44441,0
44442,0
44443,0
44444,0
44445,0
44446,0
44447,0
44448,3
44449,0
44450,0
44451,0
44452,0
44453,0
44454,0
44455,2
44456,0
44457,0
44458,0
44459,0
44460,3
44461,0
44462,0
44463,0
44464,0
44465,3
44466,0
44467,0
44468,0
44469,3
44470,4
44471,3
44472,3
44473,0
44474,0
44475,2
44476,3
44477,3
44478,3
44479,3
44480,3
44481,3
44482,3
44483,3
44484,3
44485,1
44486,3
44487,3
44488,3
44489,3
44490,3
44491,3
44492,3
44493,3
44494,3
44495,0
44496,3
44497,3
44498,3
44499,0
44500,0
44501,0
44502,0
44503,0
44504,0
44505,0
44506,0
44507,3
44508,0
44509,0
44510,0
44511,0
44512,0
44513,3
44514,0
44515,0
44516,3
44517,0
44518,3
44519,0
44520,3
44521,0
44522,3
44523,4
44524,0
44525,4
44526,3
44527,1
44528,0
44529,3
44530,1
44531,0
44532,0
44533,0
44534,0
44535,0
44536,0
44537,0
44538,0
44539,0
44540,3
44541,2
44542,3
44543,3
44544,3
44545,2
44546,2
44547,4
44548,3
44549,3
44550,3
44551,3
44552,3
44553,3
44554,3
44555,4
44556,3
44557,3
44558,3
44559,0
44560,3
44561,4
44562,2
44563,3
44564,3
44565,3
44566,1
44567,3
44568,3
44569,3
44570,4
44571,4
44572,5
44573,3
44574,3
44575,3
44576,4
44577,2
44578,3
44579,3
44580,3
44581,3
44582,3
44583,4
44584,3
44585,5
44586,3
44587,3
44588,3
44589,4
44590,3
44591,3
44592,4
44593,3
44594,3
44595,3
44596,3
44597,1
44598,3
44599,3
44600,3
44601,3
44602,3
44603,3
44604,3
44605,3
44606,3
44607,3
44608,2
44609,3
44610,3
44611,3
44612,3
44613,3
44614,3
44615,3
44616,3
44617,3
44618,2
44619,3
44620,3
44621,3
44622,3
44623,4
44624,3
44625,3
44626,3
44627,3
44628,3
44629,4
44630,3
44631,3
44632,3
44633,3
44634,3
44635,4
44636,4
44637,3
44638,3
44639,2
44640,3
44641,3
44642,3
44643,3
44644,3
44645,3
44646,3
44647,4
44648,3
44649,3
44650,3
44651,3
44652,4
44653,3
44654,3
44655,3
44656,3
44657,3
44658,3
44659,3
44660,3
44661,3
44662,3
44663,3
44664,2
44665,3
44666,3
44667,3
44668,3
44669,3
44670,4
44671,3
44672,3
44673,3
44674,3
44675,3
44676,3
44677,3
44678,3
44679,3
44680,3
44681,3
44682,3
44683,3
44684,0
44685,0
44686,3
44687,3
44688,3
44689,3
44690,0
44691,3
44692,0
44693,0
44694,3
44695,0
44696,0
44697,2
44698,0
44699,0
44700,3
44701,0
44702,3
44703,0
44704,3
44705,0
44706,0
44707,5
44708,0
44709,3
44710,3
44711,3
44712,3
44713,3
44714,0
44715,3
44716,0
44717,0
44718,3
44719,3
44720,3
44721,3
44722,3
44723,3
44724,3
44725,1
44726,4
44727,3
44728,4
44729,0
44730,0
44731,3
44732,2
44733,2
44734,3
44735,0
44736,4
44737,4
44738,0
44739,4
44740,4
44741,2
44742,2
44743,4
44744,2
44745,4
44746,4
44747,3
44748,3
44749,4
44750,4
44751,2
44752,4
44753,3
44754,0
44755,3
44756,3
44757,3
44758,0
44759,3
44760,3
44761,3
44762,2
44763,3
44764,3
44765,0
44766,3
44767,3
44768,3
44769,3
44770,3
44771,3
44772,4
44773,2
44774,0
44775,2
44776,3
44777,0
44778,3
44779,0
44780,0
44781,0
44782,0
44783,0
44784,2
44785,0
44786,3
44787,0
44788,0
44789,0
44790,0
44791,0
44792,0
44793,0
44794,0
44795,0
44796,3
44797,0
44798,3
44799,3
44800,2
44801,2
44802,3
44803,2
44804,3
44805,2
44806,3
44807,2
44808,2
44809,4
44810,2
44811,3
44812,4
44813,0
44814,2
44815,1
44816,0
44817,4
44818,0
44819,3
44820,2
44821,2
44822,2
44823,3
44824,1
44825,3
44826,3
44827,4
44828,4
44829,4
44830,4
44831,4
44832,2
44833,4
44834,5
44835,5
44836,4
44837,5
44838,1
44839,1
44840,3
44841,4
44842,4
44843,4
44844,2
44845,2
44846,2
44847,2
44848,2
44849,0
44850,2
44851,2
44852,2
44853,5
44854,5
44855,5
44856,2
44857,2
44858,2
44859,4
44860,2
44861,4
44862,2
44863,2
44864,2
44865,3
44866,2
44867,2
44868,2
44869,2
44870,2
44871,0
44872,2
44873,2
44874,2
44875,2
44876,2
44877,2
44878,2
44879,3
44880,2
44881,1
44882,5
44883,2
44884,2
44885,2
44886,3
44887,3
44888,2
44889,3
44890,2
44891,2
44892,2
44893,2
44894,0
44895,0
44896,3
44897,4
44898,4
44899,2
44900,4
44901,2
44902,4
44903,2
44904,4
44905,2
44906,4
44907,5
44908,4
44909,4
44910,4
44911,4
44912,4
44913,4
44914,4
44915,5
44916,4
44917,4
44918,1
44919,4
44920,4
44921,4
44922,4
44923,5
44924,4
44925,4
44926,5
44927,4
44928,5
44929,1
44930,5
44931,2
44932,4
44933,4
44934,3
44935,4
44936,2
44937,4
44938,4
44939,4
44940,4
44941,4
44942,4
44943,4
44944,4
44945,4
44946,4
44947,4
44948,4
44949,4
44950,3
44951,4
44952,4
44953,4
44954,4
44955,3
44956,3
44957,3
44958,2
44959,2
44960,2
44961,2
44962,2
44963,2
44964,2
44965,2
44966,5
44967,2
44968,5
44969,2
44970,2
44971,2
44972,2
44973,2
44974,2
44975,2
44976,2
44977,2
44978,2
44979,2
44980,2
44981,2
44982,2
44983,2
44984,2
44985,4
44986,2
44987,2
44988,2
44989,2
44990,2
44991,2
44992,2
44993,2
44994,2
44995,2
44996,2
44997,2
44998,0
44999,2
45000,2
45001,2
45002,2
45003,2
45004,4
45005,4
45006,4
45007,2
45008,4
45009,0
45010,2
45011,2
45012,2
45013,2
45014,2
45015,2
45016,2
45017,2
45018,2
45019,4
45020,2
45021,2
45022,2
45023,0
45024,2
45025,2
45026,2
45027,2
45028,2
45029,4
45030,4
45031,2
45032,2
45033,2
45034,2
45035,2
45036,4
45037,2
45038,4
45039,2
45040,4
45041,2
45042,2
45043,2
45044,2
45045,4
45046,4
45047,4
45048,2
45049,2
45050,4
45051,4
45052,2
45053,2
45054,2
45055,4
45056,2
45057,4
45058,4
45059,2
45060,2
45061,4
45062,2
45063,2
45064,2
45065,2
45066,2
45067,4
45068,0
45069,2
45070,2
45071,4
45072,2
45073,2
45074,4
45075,4
45076,2
45077,2
45078,2
45079,2
45080,4
45081,2
45082,4
45083,2
45084,2
45085,2
45086,2
45087,2
45088,2
45089,2
45090,2
45091,2
45092,4
45093,4
45094,4
45095,4
45096,2
45097,4
45098,4
45099,4
45100,4
45101,2
45102,2
45103,4
45104,2
45105,2
45106,4
45107,2
45108,2
45109,2
45110,2
45111,4
45112,2
45113,2
45114,2
45115,2
45116,2
45117,2
45118,2
45119,2
45120,2
45121,2
45122,2
45123,2
45124,2
45125,2
45126,2
45127,2
45128,4
45129,2
45130,4
45131,2
45132,2
45133,2
45134,2
45135,2
45136,4
45137,4
45138,2
45139,2
45140,2
45141,2
45142,2
45143,2
45144,4
45145,4
45146,2
45147,4
45148,2
45149,4
45150,4
45151,4
45152,2
45153,4
45154,4
45155,4
45156,4
45157,1
45158,1
45159,4
45160,4
45161,2
45162,2
45163,2
45164,0
45165,2
45166,2
45167,2
45168,2
45169,4
45170,2
45171,2
45172,2
45173,2
45174,2
45175,2
45176,2
45177,2
45178,4
45179,2
45180,4
45181,2
45182,2
45183,2
45184,2
45185,2
45186,2
45187,2
45188,2
45189,2
45190,2
45191,2
45192,2
45193,2
45194,4
45195,2
45196,4
45197,4
45198,4
45199,0
45200,2
45201,4
45202,4
45203,4
45204,4
45205,2
45206,2
45207,4
45208,4
45209,4
45210,4
45211,4
45212,4
45213,4
45214,4
45215,2
45216,4
45217,2
45218,4
45219,4
45220,4
45221,4
45222,4
45223,4
45224,4
45225,4
45226,4
45227,4
45228,4
45229,4
45230,4
45231,4
45232,4
45233,2
45234,2
45235,2
45236,0
45237,4
45238,4
45239,4
45240,2
45241,2
45242,0
45243,4
45244,4
45245,4
45246,4
45247,4
45248,4
45249,4
45250,4
45251,4
45252,4
45253,4
45254,4
45255,4
45256,4
45257,4
45258,5
45259,4
45260,4
45261,4
45262,4
45263,4
45264,4
45265,4
45266,4
45267,2
45268,2
45269,4
45270,4
45271,2
45272,4
45273,4
45274,4
45275,2
45276,2
45277,2
45278,2
45279,2
45280,2
45281,2
45282,2
45283,4
45284,4
45285,4
45286,4
45287,2
45288,4
45289,4
45290,4
45291,4
45292,4
45293,4
45294,2
45295,2
45296,2
45297,4
45298,4
45299,4
45300,4
45301,4
45302,4
45303,4
45304,2
45305,2
45306,4
45307,4
45308,0
45309,0
45310,4
45311,0
45312,1
45313,2
45314,4
45315,2
45316,4
45317,4
45318,4
45319,4
45320,2
45321,2
45322,2
45323,2
45324,2
45325,4
45326,4
45327,4
45328,3
45329,4
45330,3
45331,4
45332,4
45333,4
45334,4
45335,4
45336,4
45337,4
45338,1
45339,4
45340,4
45341,3
45342,4
45343,1
45344,2
45345,0
45346,2
45347,4
45348,4
45349,4
45350,4
45351,4
45352,4
45353,2
45354,2
45355,2
45356,4
45357,4
45358,4
45359,4
45360,2
45361,2
45362,4
45363,2
45364,2
45365,4
45366,4
45367,4
45368,2
45369,4
45370,2
45371,4
45372,2
45373,2
45374,2
45375,4
45376,2
45377,2
45378,2
45379,2
45380,4
45381,2
45382,2
45383,4
45384,4
45385,4
45386,2
45387,2
45388,2
45389,4
45390,2
45391,4
45392,2
45393,4
45394,2
45395,2
45396,2
45397,2
45398,4
45399,4
45400,4
45401,4
45402,4
45403,2
45404,4
45405,2
45406,2
45407,4
45408,4
45409,4
45410,4
45411,2
45412,2
45413,4
45414,2
45415,4
45416,4
45417,4
45418,2
45419,2
45420,2
45421,2
45422,2
45423,4
45424,2
45425,2
45426,2
45427,2
45428,4
45429,2
45430,4
45431,4
45432,5
45433,2
45434,2
45435,2
45436,2
45437,2
45438,2
45439,2
45440,2
45441,2
45442,2
45443,2
45444,2
45445,2
45446,4
45447,2
45448,4
45449,2
45450,2
45451,2
45452,2
45453,4
45454,2
45455,2
45456,2
45457,2
45458,2
45459,2
45460,2
45461,2
45462,2
45463,2
45464,2
45465,2
45466,2
45467,2
45468,2
45469,2
45470,2
45471,4
45472,4
45473,4
45474,4
45475,2
45476,2
45477,2
45478,4
45479,4
45480,4
45481,2
45482,4
45483,4
45484,4
45485,1
45486,1
45487,1
45488,4
45489,4
45490,4
45491,1
45492,1
45493,4
45494,4
45495,4
45496,2
45497,4
45498,4
45499,2
45500,4
45501,2
45502,4
45503,4
45504,2
45505,4
45506,4
45507,4
45508,4
45509,5
45510,4
45511,4
45512,0
45513,4
45514,4
45515,4
45516,2
45517,2
45518,3
45519,4
45520,2
45521,4
45522,2
45523,2
45524,2
45525,4
45526,0
45527,2
45528,0
45529,4
45530,2
45531,4
45532,2
45533,4
45534,2
45535,0
45536,2
45537,2
45538,2
45539,2
45540,2
45541,2
45542,2
45543,2
45544,0
45545,4
45546,4
45547,2
45548,2
45549,2
45550,4
45551,4
45552,4
45553,2
45554,2
45555,2
45556,2
45557,2
45558,2
45559,2
45560,4
45561,2
45562,2
45563,2
45564,2
45565,2
45566,2
45567,2
45568,2
45569,4
45570,2
45571,2
45572,2
45573,2
45574,2
45575,2
45576,0
45577,2
45578,2
45579,2
45580,2
45581,4
45582,4
45583,2
45584,2
45585,2
45586,4
45587,2
45588,0
45589,4
45590,0
45591,2
45592,2
45593,2
45594,0
45595,2
45596,2
45597,2
45598,4
45599,2
45600,1
45601,2
45602,2
45603,2
45604,2
45605,2
45606,2
45607,4
45608,2
45609,4
45610,2
45611,2
45612,2
45613,2
45614,2
45615,2
45616,2
45617,2
45618,2
45619,2
45620,2
45621,4
45622,4
45623,4
45624,2
45625,2
45626,2
45627,2
45628,5
45629,4
45630,2
45631,2
45632,4
45633,2
45634,2
45635,4
45636,2
45637,2
45638,2
45639,2
45640,0
45641,2
45642,2
45643,2
45644,2
45645,2
45646,2
45647,2
45648,4
45649,4
45650,4
45651,4
45652,4
45653,4
45654,4
45655,4
45656,4
45657,4
45658,4
45659,4
45660,2
45661,2
45662,2
45663,2
45664,4
45665,4
45666,4
45667,4
45668,4
45669,2
45670,2
45671,2
45672,2
45673,4
45674,4
45675,4
45676,2
45677,4
45678,4
45679,4
45680,0
45681,4
45682,0
45683,0
45684,4
45685,0
45686,4
45687,2
45688,0
45689,2
45690,2
45691,0
45692,0
45693,2
45694,2
45695,0
45696,4
45697,4
45698,2
45699,2
45700,2
45701,2
45702,2
45703,2
45704,2
45705,4
45706,0
45707,4
45708,0
45709,2
45710,2
45711,4
45712,2
45713,0
45714,2
45715,2
45716,2
45717,2
45718,2
45719,2
45720,2
45721,4
45722,2
45723,2
45724,4
45725,2
45726,2
45727,2
45728,4
45729,4
45730,2
45731,4
45732,2
45733,2
45734,2
45735,2
45736,2
45737,2
45738,2
45739,2
45740,2
45741,2
45742,2
45743,2
45744,2
45745,2
45746,2
45747,4
45748,2
45749,2
45750,2
45751,2
45752,2
45753,4
45754,2
45755,2
45756,2
45757,2
45758,2
45759,4
45760,4
45761,4
45762,4
45763,2
45764,2
45765,2
45766,2
45767,2
45768,2
45769,2
45770,2
45771,2
45772,2
45773,2
45774,2
45775,2
45776,2
45777,2
45778,2
45779,2
45780,2
45781,2
45782,2
45783,2
45784,2
45785,2
45786,2
45787,2
45788,2
45789,4
45790,2
45791,4
45792,2
45793,2
45794,2
45795,2
45796,2
45797,2
45798,2
45799,2
45800,2
45801,2
45802,2
45803,2
45804,2
45805,2
45806,2
45807,2
45808,2
45809,2
45810,2
45811,2
45812,2
45813,2
45814,2
45815,2
45816,4
45817,2
45818,2
45819,2
45820,2
45821,2
45822,2
45823,2
45824,4
45825,4
45826,2
45827,2
45828,4
45829,4
45830,2
45831,4
45832,4
45833,2
45834,2
45835,2
45836,2
45837,2
45838,2
45839,2
45840,2
45841,2
45842,2
45843,2
45844,2
45845,4
45846,2
45847,2
45848,2
45849,2
45850,0
45851,0
45852,0
45853,2
45854,2
45855,2
45856,2
45857,2
45858,2
45859,0
45860,2
45861,2
45862,2
45863,2
45864,2
45865,2
45866,2
45867,2
45868,2
45869,2
45870,2
45871,2
45872,2
45873,2
45874,2
45875,2
45876,2
45877,2
45878,2
45879,2
45880,2
45881,2
45882,2
45883,2
45884,2
45885,2
45886,2
45887,2
45888,2
45889,2
45890,2
45891,2
45892,2
45893,2
45894,4
45895,2
45896,2
45897,4
45898,4
45899,2
45900,2
45901,0
45902,4
45903,4
45904,1
45905,1
45906,1
45907,1
45908,3
45909,3
45910,3
45911,4
45912,3
45913,4
45914,1
45915,3
45916,0
45917,1
45918,1
45919,3
45920,5
45921,5
45922,2
45923,2
45924,0
45925,2
45926,2
45927,2
45928,2
45929,2
45930,2
45931,2
45932,1
45933,1
45934,1
45935,2
45936,2
45937,2
45938,2
45939,2
45940,4
45941,1
45942,2
45943,4
45944,1
45945,4
45946,4
45947,1
45948,1
45949,1
45950,1
45951,1
45952,2
45953,2
45954,3
45955,3
45956,3
45957,2
45958,3
45959,3
45960,4
45961,4
45962,4
45963,4
45964,4
45965,1
45966,4
45967,2
45968,3
45969,2
45970,3
45971,3
45972,0
45973,3
45974,0
45975,3
45976,3
45977,1
45978,4
45979,2
45980,1
45981,3
45982,2
45983,3
45984,3
45985,2
45986,1
45987,0
45988,4
45989,4
45990,3
45991,4
45992,4
45993,2
45994,3
45995,1
45996,1
45997,0
45998,2
45999,3
46000,3
46001,3
46002,0
46003,3
46004,4
46005,0
46006,1
46007,1
46008,1
46009,1
46010,2
46011,3
46012,1
46013,1
46014,1
46015,2
46016,3
46017,1
46018,0
46019,0
46020,0
46021,0
46022,2
46023,3
46024,1
46025,0
46026,0
46027,1
46028,1
46029,5
46030,1
46031,0
46032,0
46033,0
46034,0
46035,3
46036,0
46037,0
46038,2
46039,2
46040,2
46041,2
46042,2
46043,2
46044,1
46045,1
46046,1
46047,1
46048,3
46049,3
46050,1
46051,0
46052,3
46053,4
46054,3
46055,3
46056,3
46057,3
46058,3
46059,3
46060,4
46061,1
46062,3
46063,3
46064,3
46065,3
46066,3
46067,4
46068,4
46069,3
46070,4
46071,1
46072,2
46073,2
46074,4
46075,4
46076,3
46077,5
46078,0
46079,0
46080,0
46081,0
46082,4
46083,0
46084,0
46085,4
46086,4
46087,1
46088,0
46089,0
46090,0
46091,0
46092,0
46093,0
46094,0
46095,0
46096,0
46097,0
46098,3
46099,1
46100,0
46101,0
46102,0
46103,1
46104,2
46105,2
46106,0
46107,0
46108,0
46109,0
46110,0
46111,0
46112,1
46113,2
46114,3
46115,0
46116,3
46117,1
46118,1
46119,4
46120,1
46121,0
46122,0
46123,3
46124,3
46125,1
46126,1
46127,3
46128,1
46129,0
46130,2
46131,0
46132,0
46133,0
46134,0
46135,0
46136,0
46137,0
46138,0
46139,0
46140,0
46141,0
46142,2
46143,1
46144,4
46145,4
46146,1
46147,1
46148,0
46149,0
46150,0
46151,1
46152,1
46153,3
46154,4
46155,4
46156,3
46157,0
46158,3
46159,4
46160,0
46161,3
46162,4
46163,3
46164,3
46165,1
46166,4
46167,4
46168,0
46169,3
46170,3
46171,1
46172,0
46173,0
46174,4
46175,1
46176,3
46177,0
46178,3
46179,0
46180,0
46181,0
46182,4
46183,0
46184,3
46185,1
46186,3
46187,3
46188,3
46189,4
46190,3
46191,3
46192,3
46193,3
46194,3
46195,4
46196,0
46197,3
46198,0
46199,3
46200,3
46201,3
46202,3
46203,0
46204,0
46205,0
46206,0
46207,1
46208,1
46209,0
46210,0
46211,0
46212,0
46213,0
46214,0
46215,0
46216,0
46217,0
46218,0
46219,0
46220,0
46221,0
46222,0
46223,1
46224,4
46225,1
46226,4
46227,4
46228,4
46229,4
46230,2
46231,2
46232,2
46233,2
46234,4
46235,2
46236,2
46237,2
46238,2
46239,2
46240,2
46241,2
46242,2
46243,2
46244,2
46245,1
46246,1
46247,1
46248,0
46249,0
46250,0
46251,0
46252,0
46253,0
46254,0
46255,0
46256,0
46257,0
46258,1
46259,3
46260,1
46261,3
46262,1
46263,0
46264,1
46265,0
46266,1
46267,0
46268,0
46269,0
46270,0
46271,4
46272,3
46273,4
46274,3
46275,2
46276,4
46277,3
46278,4
46279,3
46280,3
46281,3
46282,3
46283,3
46284,3
46285,3
46286,3
46287,3
46288,1
46289,1
46290,1
46291,1
46292,1
46293,1
46294,3
46295,1
46296,1
46297,0
46298,1
46299,4
46300,1
46301,3
46302,3
46303,4
46304,1
46305,1
46306,1
46307,3
46308,1
46309,1
46310,5
46311,3
46312,2
46313,0
46314,3
46315,1
46316,3
46317,0
46318,4
46319,1
46320,3
46321,3
46322,3
46323,3
46324,1
46325,1
46326,3
46327,3
46328,4
46329,3
46330,1
46331,4
46332,1
46333,3
46334,3
46335,3
46336,1
46337,3
46338,0
46339,3
46340,2
46341,4
46342,3
46343,0
46344,0
46345,1
46346,1
46347,1
46348,3
46349,1
46350,1
46351,1
46352,1
46353,4
46354,2
46355,3
46356,2
46357,1
46358,1
46359,1
46360,2
46361,2
46362,4
46363,2
46364,1
46365,4
46366,3
46367,0
46368,0
46369,1
46370,0
46371,3
46372,1
46373,0
46374,0
46375,0
46376,0
46377,0
46378,0
46379,0
46380,4
46381,3
46382,1
46383,3
46384,2
46385,1
46386,1
46387,1
46388,2
46389,1
46390,1
46391,3
46392,3
46393,0
46394,2
46395,0
46396,0
46397,0
46398,0
46399,0
46400,1
46401,0
46402,0
46403,0
46404,0
46405,1
46406,0
46407,1
46408,1
46409,1
46410,1
46411,0
46412,0
46413,0
46414,0
46415,1
46416,2
46417,1
46418,5
46419,0
46420,1
46421,4
46422,2
46423,2
46424,0
46425,1
46426,1
46427,1
46428,1
46429,4
46430,1
46431,2
46432,2
46433,1
46434,1
46435,1
46436,3
46437,3
46438,1
46439,1
46440,1
46441,1
46442,1
46443,0
46444,0
46445,0
46446,0
46447,0
46448,0
46449,0
46450,0
46451,1
46452,1
46453,1
46454,0
46455,0
46456,1
46457,2
46458,3
46459,0
46460,0
46461,0
46462,0
46463,1
46464,5
46465,1
46466,0
46467,0
46468,0
46469,0
46470,3
46471,1
46472,0
46473,0
46474,3
46475,1
46476,3
46477,0
46478,1
46479,1
46480,1
46481,2
46482,2
46483,3
46484,1
46485,0
46486,0
46487,1
46488,1
46489,4
46490,4
46491,4
46492,4
46493,4
46494,4
46495,1
46496,1
46497,1
46498,0
46499,0
46500,0
46501,4
46502,1
46503,4
46504,4
46505,1
46506,1
46507,3
46508,3
46509,4
46510,2
46511,4
46512,4
46513,4
46514,1
46515,4
46516,3
46517,4
46518,3
46519,1
46520,1
46521,4
46522,3
46523,1
46524,3
46525,4
46526,4
46527,3
46528,3
46529,1
46530,4
46531,1
46532,3
46533,3
46534,0
46535,3
46536,1
46537,3
46538,3
46539,2
46540,1
46541,0
46542,0
46543,1
46544,4
46545,3
46546,0
46547,3
46548,3
46549,0
46550,0
46551,0
46552,0
46553,0
46554,0
46555,1
46556,1
46557,1
46558,0
46559,1
46560,1
46561,0
46562,3
46563,4
46564,1
46565,1
46566,1
46567,1
46568,4
46569,3
46570,1
46571,2
46572,3
46573,2
46574,2
46575,2
46576,2
46577,4
46578,2
46579,2
46580,2
46581,2
46582,2
46583,2
46584,2
46585,2
46586,0
46587,2
46588,0
46589,2
46590,2
46591,2
46592,0
46593,2
46594,5
46595,2
46596,2
46597,2
46598,2
46599,0
46600,0
46601,2
46602,0
46603,2
46604,0
46605,5
46606,5
46607,2
46608,4
46609,4
46610,5
46611,4
46612,1
46613,2
46614,5
46615,2
46616,4
46617,5
46618,2
46619,5
46620,2
46621,2
46622,5
46623,2
46624,5
46625,2
46626,2
46627,2
46628,2
46629,2
46630,2
46631,4
46632,4
46633,1
46634,2
46635,2
46636,4
46637,5
46638,5
46639,2
46640,4
46641,4
46642,4
46643,4
46644,2
46645,4
46646,4
46647,5
46648,2
46649,2
46650,2
46651,2
46652,2
46653,2
46654,0
46655,5
46656,5
46657,5
46658,4
46659,2
46660,2
46661,2
46662,2
46663,5
46664,2
46665,2
46666,2
46667,2
46668,2
46669,2
46670,2
46671,2
46672,2
46673,0
46674,5
46675,2
46676,2
46677,2
46678,2
46679,2
46680,2
46681,2
46682,2
46683,2
46684,2
46685,2
46686,4
46687,5
46688,2
46689,4
46690,4
46691,5
46692,2
46693,2
46694,2
46695,2
46696,2
46697,2
46698,5
46699,5
46700,5
46701,2
46702,2
46703,2
46704,2
46705,2
46706,2
46707,2
46708,2
46709,3
46710,5
46711,2
46712,2
46713,2
46714,5
46715,5
46716,2
46717,2
46718,2
46719,2
46720,2
46721,2
46722,2
46723,2
46724,2
46725,2
46726,2
46727,0
46728,5
46729,0
46730,2
46731,2
46732,2
46733,2
46734,5
46735,5
46736,5
46737,2
46738,2
46739,5
46740,2
46741,2
46742,5
46743,2
46744,5
46745,5
46746,2
46747,2
46748,2
46749,2
46750,2
46751,2
46752,2
46753,2
46754,5
46755,2
46756,2
46757,2
46758,2
46759,2
46760,2
46761,2
46762,2
46763,1
46764,2
46765,2
46766,2
46767,2
46768,2
46769,2
46770,4
46771,2
46772,2
46773,2
46774,2
46775,2
46776,2
46777,2
46778,2
46779,2
46780,2
46781,4
46782,2
46783,2
46784,2
46785,2
46786,2
46787,2
46788,0
46789,4
46790,0
46791,2
46792,0
46793,2
46794,2
46795,2
46796,0
46797,0
46798,5
46799,0
46800,2
46801,4
46802,2
46803,2
46804,2
46805,2
46806,5
46807,1
46808,5
46809,2
46810,5
46811,5
46812,2
46813,2
46814,2
46815,2
46816,2
46817,4
46818,2
46819,5
46820,2
46821,2
46822,5
46823,4
46824,4
46825,2
46826,2
46827,2
46828,2
46829,5
46830,2
46831,2
46832,5
46833,2
46834,5
46835,2
46836,5
46837,4
46838,5
46839,5
46840,5
46841,3
46842,4
46843,5
46844,4
46845,2
46846,4
46847,4
46848,5
46849,4
46850,2
46851,2
46852,2
46853,2
46854,2
46855,4
46856,4
46857,2
46858,2
46859,2
46860,2
46861,2
46862,2
46863,4
46864,2
46865,4
46866,2
46867,2
46868,2
46869,2
46870,4
46871,2
46872,2
46873,2
46874,1
46875,1
46876,2
46877,2
46878,2
46879,2
46880,2
46881,2
46882,2
46883,2
46884,2
46885,0
46886,2
46887,2
46888,2
46889,2
46890,2
46891,2
46892,4
46893,2
46894,2
46895,5
46896,5
46897,5
46898,2
46899,5
46900,5
46901,5
46902,2
46903,2
46904,2
46905,2
46906,5
46907,0
46908,5
46909,2
46910,2
46911,5
46912,2
46913,2
46914,2
46915,2
46916,2
46917,2
46918,5
46919,5
46920,5
46921,2
46922,2
46923,2
46924,2
46925,2
46926,2
46927,5
46928,4
46929,2
46930,2
46931,4
46932,2
46933,2
46934,4
46935,5
46936,2
46937,3
46938,2
46939,2
46940,2
46941,2
46942,2
46943,2
46944,2
46945,2
46946,2
46947,2
46948,2
46949,2
46950,2
46951,2
46952,5
46953,4
46954,2
46955,2
46956,5
46957,1
46958,2
46959,2
46960,2
46961,2
46962,2
46963,2
46964,2
46965,2
46966,2
46967,5
46968,5
46969,2
46970,4
46971,2
46972,2
46973,2
46974,2
46975,2
46976,2
46977,2
46978,2
46979,2
46980,2
46981,2
46982,2
46983,2
46984,2
46985,2
46986,2
46987,2
46988,2
46989,2
46990,2
46991,2
46992,2
46993,2
46994,2
46995,2
46996,2
46997,2
46998,0
46999,2
47000,2
47001,2
47002,2
47003,3
47004,2
47005,2
47006,2
47007,2
47008,2
47009,2
47010,1
47011,5
47012,3
47013,2
47014,2
47015,5
47016,5
47017,2
47018,2
47019,2
47020,2
47021,2
47022,2
47023,2
47024,2
47025,5
47026,5
47027,2
47028,4
47029,2
47030,2
47031,2
47032,2
47033,5
47034,4
47035,2
47036,2
47037,5
47038,2
47039,2
47040,2
47041,2
47042,2
47043,2
47044,2
47045,2
47046,2
47047,2
47048,2
47049,2
47050,2
47051,2
47052,2
47053,2
47054,0
47055,5
47056,1
47057,4
47058,5
47059,5
47060,5
47061,2
47062,2
47063,0
47064,5
47065,2
47066,2
47067,4
47068,2
47069,4
47070,2
47071,2
47072,4
47073,2
47074,2
47075,2
47076,2
47077,2
47078,2
47079,5
47080,2
47081,4
47082,2
47083,5
47084,2
47085,2
47086,2
47087,2
47088,2
47089,2
47090,2
47091,2
47092,2
47093,2
47094,2
47095,0
47096,2
47097,5
47098,5
47099,2
47100,2
47101,2
47102,5
47103,2
47104,2
47105,2
47106,2
47107,2
47108,2
47109,2
47110,5
47111,2
47112,2
47113,2
47114,2
47115,2
47116,2
47117,4
47118,2
47119,2
47120,2
47121,1
47122,2
47123,2
47124,2
47125,5
47126,5
47127,5
47128,5
47129,5
47130,5
47131,5
47132,5
47133,5
47134,2
47135,5
47136,5
47137,5
47138,5
47139,1
47140,1
47141,1
47142,2
47143,2
47144,2
47145,2
47146,2
47147,2
47148,2
47149,2
47150,2
47151,2
47152,2
47153,2
47154,2
47155,2
47156,5
47157,3
47158,2
47159,2
47160,2
47161,2
47162,2
47163,2
47164,0
47165,2
47166,5
47167,2
47168,2
47169,2
47170,2
47171,2
47172,2
47173,2
47174,2
47175,2
47176,2
47177,2
47178,2
47179,2
47180,2
47181,2
47182,2
47183,2
47184,2
47185,2
47186,2
47187,2
47188,0
47189,0
47190,0
47191,1
47192,1
47193,5
47194,5
47195,3
47196,2
47197,3
47198,3
47199,1
47200,5
47201,4
47202,5
47203,2
47204,2
47205,2
47206,0
47207,2
47208,2
47209,2
47210,2
47211,2
47212,2
47213,4
47214,5
47215,2
47216,2
47217,5
47218,0
47219,2
47220,2
47221,5
47222,2
47223,5
47224,0
47225,5
47226,2
47227,2
47228,2
47229,2
47230,2
47231,2
47232,2
47233,2
47234,2
47235,2
47236,2
47237,2
47238,5
47239,0
47240,2
47241,0
47242,2
47243,5
47244,2
47245,5
47246,4
47247,5
47248,2
47249,0
47250,5
47251,2
47252,0
47253,2
47254,2
47255,2
47256,2
47257,2
47258,2
47259,4
47260,2
47261,2
47262,2
47263,2
47264,2
47265,2
47266,2
47267,4
47268,0
47269,0
47270,0
47271,4
47272,4
47273,4
47274,4
47275,4
47276,4
47277,4
47278,1
47279,4
47280,2
47281,4
47282,2
47283,4
47284,4
47285,4
47286,3
47287,1
47288,1
47289,1
47290,1
47291,3
47292,4
47293,4
47294,4
47295,3
47296,4
47297,4
47298,4
47299,4
47300,3
47301,3
47302,3
47303,4
47304,2
47305,2
47306,2
47307,2
47308,2
47309,2
47310,2
47311,5
47312,5
47313,4
47314,2
47315,2
47316,2
47317,2
47318,2
47319,2
47320,2
47321,2
47322,2
47323,2
47324,5
47325,2
47326,2
47327,2
47328,2
47329,2
47330,2
47331,2
47332,4
47333,4
47334,4
47335,5
47336,0
47337,5
47338,4
47339,4
47340,1
47341,5
47342,5
47343,5
47344,0
47345,2
47346,5
47347,5
47348,2
47349,5
47350,2
47351,5
47352,2
47353,5
47354,5
47355,2
47356,2
47357,2
47358,2
47359,2
47360,2
47361,2
47362,5
47363,2
47364,5
47365,0
47366,3
47367,3
47368,2
47369,2
47370,2
47371,4
47372,2
47373,2
47374,2
47375,2
47376,2
47377,2
47378,2
47379,2
47380,2
47381,2
47382,2
47383,2
47384,2
47385,2
47386,2
47387,2
47388,2
47389,2
47390,2
47391,5
47392,2
47393,2
47394,2
47395,5
47396,0
47397,5
47398,2
47399,2
47400,2
47401,2
47402,5
47403,2
47404,2
47405,2
47406,2
47407,2
47408,5
47409,5
47410,2
47411,2
47412,2
47413,2
47414,2
47415,2
47416,2
47417,2
47418,2
47419,2
47420,2
47421,5
47422,2
47423,2
47424,2
47425,2
47426,2
47427,2
47428,0
47429,2
47430,5
47431,5
47432,5
47433,2
47434,2
47435,5
47436,5
47437,2
47438,5
47439,2
47440,5
47441,2
47442,2
47443,2
47444,2
47445,2
47446,2
47447,2
47448,2
47449,2
47450,2
47451,0
47452,2
47453,2
47454,2
47455,0
47456,2
47457,2
47458,2
47459,5
47460,2
47461,5
47462,5
47463,2
47464,5
47465,5
47466,3
47467,5
47468,5
47469,2
47470,2
47471,2
47472,2
47473,2
47474,1
47475,5
47476,2
47477,5
47478,2
47479,2
47480,2
47481,2
47482,2
47483,2
47484,2
47485,2
47486,2
47487,2
47488,5
47489,5
47490,5
47491,2
47492,5
47493,5
47494,5
47495,5
47496,1
47497,2
47498,5
47499,2
47500,2
47501,2
47502,2
47503,2
47504,2
47505,2
47506,2
47507,2
47508,2
47509,2
47510,2
47511,2
47512,2
47513,2
47514,2
47515,2
47516,2
47517,5
47518,2
47519,2
47520,2
47521,2
47522,2
47523,2
47524,2
47525,2
47526,2
47527,2
47528,2
47529,2
47530,2
47531,2
47532,2
47533,2
47534,2
47535,2
47536,2
47537,5
47538,1
47539,1
47540,5
47541,1
47542,5
47543,1
47544,5
47545,0
47546,0
47547,0
47548,4
47549,0
47550,5
47551,0
47552,4
47553,0
47554,5
47555,5
47556,4
47557,2
47558,4
47559,2
47560,5
47561,2
47562,2
47563,5
47564,2
47565,5
47566,5
47567,5
47568,2
47569,2
47570,2
47571,2
47572,5
47573,5
47574,5
47575,5
47576,2
47577,5
47578,5
47579,2
47580,5
47581,2
47582,4
47583,2
47584,5
47585,1
47586,1
47587,5
47588,2
47589,2
47590,2
47591,2
47592,4
47593,2
47594,2
47595,2
47596,2
47597,4
47598,4
47599,5
47600,5
47601,5
47602,5
47603,5
47604,4
47605,4
47606,2
47607,2
47608,2
47609,5
47610,2
47611,5
47612,2
47613,2
47614,2
47615,5
47616,5
47617,2
47618,2
47619,2
47620,5
47621,2
47622,2
47623,2
47624,2
47625,2
47626,5
47627,0
47628,2
47629,2
47630,3
47631,2
47632,2
47633,2
47634,2
47635,1
47636,3
47637,2
47638,1
47639,4
47640,3
47641,3
47642,3
47643,3
47644,3
47645,2
47646,2
47647,3
47648,3
47649,1
47650,2
47651,2
47652,3
47653,2
47654,3
47655,3
47656,2
47657,2
47658,4
47659,4
47660,1
47661,3
47662,3
47663,3
47664,2
47665,2
47666,2
47667,2
47668,2
47669,2
47670,2
47671,2
47672,2
47673,2
47674,2
47675,2
47676,3
47677,4
47678,1
47679,1
47680,4
47681,1
47682,1
47683,1
47684,3
47685,2
47686,2
47687,2
47688,2
47689,3
47690,2
47691,3
47692,2
47693,2
47694,2
47695,2
47696,2
47697,2
47698,2
47699,2
47700,2
47701,2
47702,2
47703,2
47704,2
47705,2
47706,2
47707,2
47708,2
47709,2
47710,2
47711,3
47712,2
47713,2
47714,2
47715,4
47716,2
47717,2
47718,2
47719,2
47720,2
47721,2
47722,2
47723,2
47724,2
47725,3
47726,4
47727,0
47728,4
47729,4
47730,4
47731,4
47732,3
47733,4
47734,4
47735,3
47736,2
47737,2
47738,0
47739,0
47740,5
47741,3
47742,1
47743,1
47744,3
47745,1
47746,1
47747,0
47748,0
47749,1
47750,5
47751,1
47752,1
47753,5
47754,2
47755,0
47756,0
47757,2
47758,2
47759,1
47760,0
47761,2
47762,2
47763,2
47764,0
47765,1
47766,0
47767,0
47768,0
47769,0
47770,5
47771,2
47772,0
47773,0
47774,0
47775,2
47776,3
47777,0
47778,2
47779,0
47780,4
47781,3
47782,5
47783,3
47784,3
47785,3
47786,0
47787,0
47788,2
47789,4
47790,2
47791,2
47792,2
47793,1
47794,3
47795,1
47796,0
47797,3
47798,3
47799,2
47800,3
47801,0
47802,2
47803,1
47804,1
47805,1
47806,1
47807,2
47808,1
47809,1
47810,2
47811,2
47812,2
47813,0
47814,0
47815,1
47816,1
47817,3
47818,1
47819,2
47820,2
47821,0
47822,2
47823,0
47824,0
47825,0
47826,0
47827,0
47828,2
47829,2
47830,0
47831,2
47832,2
47833,2
47834,2
47835,2
47836,2
47837,2
47838,2
47839,2
47840,2
47841,2
47842,3
47843,2
47844,2
47845,2
47846,0
47847,2
47848,2
47849,2
47850,3
47851,4
47852,1
47853,3
47854,3
47855,0
47856,2
47857,3
47858,5
47859,0
47860,1
47861,3
47862,3
47863,0
47864,3
47865,0
47866,0
47867,2
47868,0
47869,0
47870,0
47871,3
47872,2
47873,3
47874,3
47875,1
47876,1
47877,1
47878,1
47879,2
47880,2
47881,3
47882,0
47883,2
47884,2
47885,2
47886,2
47887,2
47888,2
47889,2
47890,2
47891,2
47892,2
47893,2
47894,2
47895,2
47896,2
47897,2
47898,2
47899,2
47900,2
47901,2
47902,5
47903,3
47904,5
47905,5
47906,3
47907,3
47908,3
47909,5
47910,1
47911,0
47912,5
47913,5
47914,5
47915,1
47916,0
47917,5
47918,5
47919,5
47920,5
47921,1
47922,0
47923,1
47924,0
47925,1
47926,1
47927,1
47928,2
47929,1
47930,0
47931,0
47932,2
47933,1
47934,0
47935,0
47936,0
47937,0
47938,0
47939,0
47940,0
47941,0
47942,0
47943,0
47944,0
47945,0
47946,0
47947,0
47948,4
47949,0
47950,0
47951,0
47952,0
47953,0
47954,0
47955,0
47956,0
47957,0
47958,0
47959,0
47960,0
47961,0
47962,0
47963,0
47964,0
47965,0
47966,0
47967,0
47968,0
47969,0
47970,0
47971,0
47972,0
47973,4
47974,3
47975,0
47976,3
47977,1
47978,4
47979,2
47980,2
47981,0
47982,1
47983,3
47984,2
47985,1
47986,5
47987,0
47988,3
47989,5
47990,5
47991,3
47992,1
47993,0
47994,1
47995,2
47996,0
47997,1
47998,3
47999,3
48000,0
48001,3
48002,3
48003,3
48004,5
48005,1
48006,0
48007,1
48008,2
48009,2
48010,2
48011,1
48012,1
48013,1
48014,5
48015,1
48016,5
48017,0
48018,5
48019,5
48020,5
48021,5
48022,0
48023,5
48024,2
48025,5
48026,5
48027,0
48028,3
48029,2
48030,0
48031,1
48032,0
48033,1
48034,1
48035,1
48036,1
48037,1
48038,3
48039,1
48040,3
48041,2
48042,5
48043,5
48044,5
48045,3
48046,2
48047,3
48048,4
48049,1
48050,2
48051,3
48052,1
48053,0
48054,0
48055,2
48056,2
48057,0
48058,0
48059,0
48060,0
48061,3
48062,0
48063,1
48064,3
48065,3
48066,3
48067,0
48068,0
48069,0
48070,0
48071,0
48072,0
48073,0
48074,0
48075,2
48076,2
48077,3
48078,3
48079,3
48080,0
48081,0
48082,0
48083,4
48084,4
48085,2
48086,2
48087,0
48088,2
48089,3
48090,1
48091,3
48092,3
48093,3
48094,3
48095,1
48096,4
48097,5
48098,3
48099,1
48100,3
48101,3
48102,1
48103,4
48104,3
48105,3
48106,3
48107,1
48108,1
48109,1
48110,1
48111,1
48112,2
48113,3
48114,1
48115,1
48116,1
48117,1
48118,2
48119,1
48120,1
48121,0
48122,2
48123,3
48124,2
48125,2
48126,2
48127,3
48128,2
48129,2
48130,2
48131,0
48132,1
48133,3
48134,1
48135,2
48136,2
48137,4
48138,0
48139,2
48140,1
48141,1
48142,2
48143,0
48144,1
48145,2
48146,5
48147,0
48148,0
48149,0
48150,3
48151,2
48152,1
48153,0
48154,2
48155,2
48156,1
48157,0
48158,0
48159,2
48160,0
48161,2
48162,2
48163,2
48164,2
48165,1
48166,3
48167,3
48168,3
48169,0
48170,0
48171,0
48172,0
48173,0
48174,0
48175,0
48176,0
48177,0
48178,0
48179,4
48180,0
48181,2
48182,4
48183,0
48184,2
48185,0
48186,0
48187,2
48188,0
48189,0
48190,0
48191,0
48192,0
48193,0
48194,0
48195,0
48196,0
48197,0
48198,1
48199,3
48200,0
48201,0
48202,2
48203,5
48204,5
48205,2
48206,0
48207,5
48208,5
48209,2
48210,2
48211,5
48212,3
48213,3
48214,3
48215,3
48216,3
48217,1
48218,3
48219,3
48220,5
48221,3
48222,3
48223,3
48224,3
48225,3
48226,3
48227,3
48228,3
48229,3
48230,3
48231,3
48232,3
48233,3
48234,3
48235,3
48236,3
48237,3
48238,3
48239,3
48240,3
48241,3
48242,4
48243,3
48244,3
48245,3
48246,3
48247,3
48248,4
48249,3
48250,3
48251,3
48252,4
48253,1
48254,4
48255,4
48256,4
48257,5
48258,3
48259,3
48260,2
48261,2
48262,3
48263,5
48264,4
48265,5
48266,5
48267,0
48268,0
48269,3
48270,3
48271,3
48272,3
48273,3
48274,0
48275,1
48276,3
48277,3
48278,2
48279,5
48280,5
48281,5
48282,5
48283,5
48284,5
48285,3
48286,0
48287,5
48288,1
48289,2
48290,3
48291,0
48292,1
48293,2
48294,0
48295,1
48296,2
48297,1
48298,1
48299,1
48300,1
48301,1
48302,1
48303,1
48304,1
48305,1
48306,0
48307,3
48308,2
48309,2
48310,0
48311,0
48312,1
48313,1
48314,4
48315,0
48316,0
48317,0
48318,4
48319,4
48320,0
48321,0
48322,0
48323,0
48324,0
48325,0
48326,0
48327,0
48328,0
48329,0
48330,5
48331,0
48332,5
48333,0
48334,0
48335,1
48336,0
48337,1
48338,3
48339,0
48340,0
48341,3
48342,0
48343,2
48344,3
48345,1
48346,2
48347,2
48348,2
48349,1
48350,0
48351,0
48352,0
48353,0
48354,0
48355,1
48356,1
48357,3
48358,5
48359,3
48360,1
48361,3
48362,3
48363,3
48364,3
48365,3
48366,3
48367,2
48368,3
48369,3
48370,2
48371,3
48372,2
48373,4
48374,2
48375,4
48376,3
48377,2
48378,2
48379,2
48380,4
48381,3
48382,3
48383,3
48384,3
48385,3
48386,3
48387,4
48388,2
48389,2
48390,2
48391,0
48392,5
48393,1
48394,3
48395,1
48396,1
48397,3
48398,0
48399,0
48400,3
48401,5
48402,2
48403,5
48404,0
48405,0
48406,3
48407,5
48408,0
48409,3
48410,4
48411,3
48412,3
48413,4
48414,3
48415,3
48416,2
48417,2
48418,2
48419,2
48420,3
48421,3
48422,3
48423,3
48424,1
48425,3
48426,1
48427,3
48428,3
48429,2
48430,3
48431,1
48432,0
48433,0
48434,3
48435,1
48436,1
48437,1
48438,1
48439,0
48440,2
48441,0
48442,0
48443,0
48444,0
48445,0
48446,0
48447,0
48448,2
48449,2
48450,0
48451,0
48452,0
48453,0
48454,0
48455,0
48456,0
48457,0
48458,0
48459,0
48460,0
48461,0
48462,0
48463,2
48464,0
48465,0
48466,1
48467,1
48468,0
48469,3
48470,3
48471,2
48472,2
48473,2
48474,2
48475,3
48476,5
48477,3
48478,2
48479,1
48480,1
48481,3
48482,3
48483,3
48484,3
48485,3
48486,3
48487,2
48488,2
48489,3
48490,2
48491,5
48492,2
48493,2
48494,2
48495,2
48496,2
48497,2
48498,5
48499,2
48500,2
48501,2
48502,2
48503,2
48504,2
48505,0
48506,2
48507,4
48508,3
48509,2
48510,2
48511,3
48512,1
48513,2
48514,2
48515,3
48516,3
48517,2
48518,3
48519,2
48520,3
48521,3
48522,4
48523,2
48524,2
48525,4
48526,1
48527,3
48528,1
48529,0
48530,3
48531,3
48532,3
48533,3
48534,3
48535,0
48536,2
48537,1
48538,1
48539,3
48540,5
48541,1
48542,0
48543,0
48544,3
48545,1
48546,1
48547,1
48548,1
48549,1
48550,3
48551,3
48552,1
48553,3
48554,0
48555,2
48556,2
48557,0
48558,2
48559,1
48560,0
48561,0
48562,2
48563,1
48564,3
48565,1
48566,2
48567,2
48568,2
48569,2
48570,2
48571,2
48572,4
48573,2
48574,4
48575,0
48576,4
48577,2
48578,2
48579,3
48580,2
48581,2
48582,2
48583,2
48584,2
48585,2
48586,2
48587,3
48588,2
48589,3
48590,2
48591,2
48592,3
48593,2
48594,2
48595,2
48596,2
48597,2
48598,2
48599,2
48600,2
48601,2
48602,2
48603,2
48604,2
48605,3
48606,1
48607,2
48608,2
48609,2
48610,2
48611,2
48612,2
48613,2
48614,2
48615,2
48616,2
48617,2
48618,2
48619,2
48620,2
48621,2
48622,2
48623,2
48624,2
48625,1
48626,0
48627,4
48628,2
48629,2
48630,4
48631,2
48632,2
48633,2
48634,2
48635,2
48636,2
48637,2
48638,2
48639,3
48640,2
48641,2
48642,2
48643,0
48644,2
48645,2
48646,2
48647,2
48648,2
48649,2
48650,0
48651,2
48652,0
48653,0
48654,3
48655,3
48656,0
48657,3
48658,3
48659,0
48660,2
48661,0
48662,3
48663,2
48664,0
48665,2
48666,2
48667,2
48668,3
48669,0
48670,0
48671,2
48672,0
48673,2
48674,2
48675,2
48676,2
48677,2
48678,2
48679,2
48680,0
48681,0
48682,3
48683,3
48684,2
48685,2
48686,2
48687,2
48688,2
48689,2
48690,0
48691,3
48692,2
48693,1
48694,5
48695,3
48696,3
48697,1
48698,3
48699,4
48700,4
48701,1
48702,0
48703,4
48704,0
48705,2
48706,0
48707,2
48708,5
48709,5
48710,1
48711,5
48712,3
48713,5
48714,5
48715,3
48716,2
48717,3
48718,4
48719,4
48720,4
48721,3
48722,3
48723,3
48724,3
48725,3
48726,2
48727,2
48728,3
48729,4
48730,3
48731,4
48732,4
48733,0
48734,0
48735,2
48736,3
48737,3
48738,2
48739,2
48740,2
48741,2
48742,2
48743,2
48744,2
48745,2
48746,4
48747,2
48748,4
48749,2
48750,2
48751,0
48752,2
48753,2
48754,2
48755,2
48756,2
48757,2
48758,2
48759,2
48760,3
48761,2
48762,2
48763,2
48764,2
48765,2
48766,4
48767,2
48768,4
48769,2
48770,2
48771,2
48772,2
48773,2
48774,2
48775,2
48776,2
48777,2
48778,2
48779,2
48780,2
48781,2
48782,2
48783,2
48784,2
48785,2
48786,4
48787,2
48788,2
48789,2
48790,3
48791,3
48792,2
48793,2
48794,2
48795,2
48796,2
48797,3
48798,3
48799,2
48800,3
48801,1
48802,2
48803,3
48804,2
48805,2
48806,2
48807,2
48808,2
48809,2
48810,3
48811,3
48812,3
48813,4
48814,3
48815,3
48816,3
48817,3
48818,4
48819,3
48820,3
48821,2
48822,3
48823,3
48824,3
48825,3
48826,3
48827,3
48828,2
48829,2
48830,4
48831,2
48832,3
48833,3
48834,3
48835,2
48836,2
48837,3
48838,2
48839,0
48840,2
48841,2
48842,2
48843,3
48844,3
48845,2
48846,2
48847,3
48848,2
48849,2
48850,2
48851,2
48852,4
48853,2
48854,2
48855,2
48856,2
48857,2
48858,2
48859,2
48860,2
48861,2
48862,2
48863,2
48864,2
48865,2
48866,2
48867,2
48868,2
48869,2
48870,2
48871,2
48872,2
48873,2
48874,2
48875,2
48876,2
48877,2
48878,2
48879,2
48880,2
48881,2
48882,2
48883,1
48884,2
48885,2
48886,2
48887,2
48888,2
48889,2
48890,0
48891,2
48892,2
48893,2
48894,2
48895,2
48896,2
48897,2
48898,2
48899,2
48900,2
48901,2
48902,3
48903,1
48904,3
48905,2
48906,5
48907,5
48908,3
48909,2
48910,3
48911,3
48912,0
48913,2
48914,3
48915,2
48916,2
48917,2
48918,5
48919,2
48920,3
48921,3
48922,5
48923,3
48924,5
48925,3
48926,3
48927,2
48928,2
48929,2
48930,2
48931,2
48932,3
48933,2
48934,2
48935,2
48936,2
48937,0
48938,2
48939,2
48940,5
48941,0
48942,3
48943,2
48944,2
48945,2
48946,2
48947,2
48948,2
48949,2
48950,2
48951,0
48952,2
48953,2
48954,2
48955,3
48956,0
48957,0
48958,3
48959,2
48960,2
48961,2
48962,2
48963,1
48964,2
48965,2
48966,2
48967,2
48968,2
48969,2
48970,2
48971,2
48972,2
48973,3
48974,2
48975,0
48976,3
48977,2
48978,2
48979,2
48980,2
48981,2
48982,2
48983,2
48984,2
48985,0
48986,2
48987,3
48988,2
48989,0
48990,2
48991,2
48992,2
48993,2
48994,2
48995,3
48996,5
48997,5
48998,5
48999,2
49000,2
49001,2
49002,2
49003,2
49004,2
49005,2
49006,2
49007,2
49008,2
49009,2
49010,2
49011,2
49012,2
49013,2
49014,2
49015,0
49016,0
49017,1
49018,1
49019,2
49020,5
49021,5
49022,2
49023,2
49024,2
49025,2
49026,2
49027,0
49028,2
49029,2
49030,2
49031,3
49032,2
49033,2
49034,2
49035,2
49036,2
49037,2
49038,2
49039,2
49040,3
49041,2
49042,2
49043,3
49044,2
49045,2
49046,2
49047,2
49048,2
49049,2
49050,2
49051,2
49052,5
49053,0
49054,2
49055,2
49056,2
49057,2
49058,2
49059,2
49060,2
49061,2
49062,2
49063,2
49064,2
49065,1
49066,2
49067,3
49068,3
49069,2
49070,2
49071,2
49072,2
49073,2
49074,2
49075,2
49076,2
49077,2
49078,2
49079,2
49080,2
49081,2
49082,2
49083,2
49084,2
49085,2
49086,2
49087,5
49088,2
49089,2
49090,2
49091,5
49092,5
49093,2
49094,2
49095,5
49096,5
49097,2
49098,2
49099,5
49100,5
49101,2
49102,2
49103,5
49104,2
49105,3
49106,1
49107,3
49108,2
49109,2
49110,2
49111,2
49112,2
49113,2
49114,2
49115,2
49116,2
49117,2
49118,2
49119,2
49120,2
49121,2
49122,2
49123,3
49124,5
49125,5
49126,2
49127,0
49128,2
49129,2
49130,0
49131,2
49132,5
49133,0
49134,5
49135,2
49136,5
49137,2
49138,2
49139,5
49140,3
49141,2
49142,5
49143,2
49144,2
49145,2
49146,2
49147,3
49148,3
49149,0
49150,0
49151,3
49152,3
49153,5
49154,3
49155,2
49156,0
49157,3
49158,2
49159,5
49160,5
49161,2
49162,2
49163,4
49164,2
49165,3
49166,2
49167,1
49168,2
49169,2
49170,2
49171,2
49172,2
49173,3
49174,2
49175,5
49176,5
49177,5
49178,3
49179,5
49180,5
49181,5
49182,5
49183,3
49184,5
49185,5
49186,0
49187,0
49188,0
49189,1
49190,5
49191,2
49192,2
49193,2
49194,2
49195,0
49196,2
49197,2
49198,2
49199,2
49200,2
49201,2
49202,1
49203,1
49204,2
49205,2
49206,0
49207,2
49208,0
49209,0
49210,2
49211,2
49212,0
49213,2
49214,2
49215,1
49216,1
49217,0
49218,0
49219,5
49220,5
49221,5
49222,5
49223,5
49224,5
49225,2
49226,2
49227,2
49228,5
49229,3
49230,3
49231,3
49232,3
49233,2
49234,2
49235,5
49236,2
49237,2
49238,5
49239,2
49240,2
49241,3
49242,3
49243,3
49244,3
49245,2
49246,0
49247,2
49248,2
49249,2
49250,2
49251,2
49252,2
49253,2
49254,3
49255,2
49256,2
49257,0
49258,3
49259,2
49260,2
49261,2
49262,5
49263,3
49264,2
49265,2
49266,2
49267,2
49268,3
49269,2
49270,2
49271,2
49272,2
49273,2
49274,2
49275,3
49276,2
49277,4
49278,2
49279,2
49280,3
49281,2
49282,1
49283,2
49284,2
49285,2
49286,4
49287,2
49288,2
49289,3
49290,3
49291,0
49292,3
49293,4
49294,3
49295,4
49296,4
49297,1
49298,1
49299,2
49300,4
49301,2
49302,4
49303,3
49304,3
49305,0
49306,4
49307,2
49308,2
49309,2
49310,2
49311,2
49312,3
49313,0
49314,2
49315,1
49316,2
49317,2
49318,0
49319,3
49320,3
49321,0
49322,3
49323,2
49324,5
49325,0
49326,5
49327,3
49328,2
49329,5
49330,5
49331,0
49332,5
49333,5
49334,0
49335,5
49336,5
49337,0
49338,0
49339,3
49340,3
49341,4
49342,4
49343,4
49344,4
49345,4
49346,4
49347,4
49348,4
49349,4
49350,4
49351,4
49352,4
49353,4
49354,4
49355,4
49356,4
49357,4
49358,4
49359,4
49360,4
49361,4
49362,4
49363,4
49364,4
49365,4
49366,4
49367,4
49368,4
49369,4
49370,4
49371,3
49372,2
49373,4
49374,1
49375,3
49376,4
49377,2
49378,4
49379,4
49380,4
49381,4
49382,4
49383,4
49384,4
49385,4
49386,1
49387,1
49388,1
49389,1
49390,1
49391,1
49392,4
49393,1
49394,1
49395,1
49396,1
49397,1
49398,1
49399,1
49400,1
49401,1
49402,1
49403,1
49404,1
49405,1
49406,1
49407,1
49408,1
49409,1
49410,1
49411,1
49412,1
49413,1
49414,1
49415,1
49416,1
49417,1
49418,1
49419,1
49420,4
49421,4
49422,1
49423,1
49424,1
49425,4
49426,1
49427,1
49428,1
49429,1
49430,1
49431,4
49432,1
49433,1
49434,1
49435,1
49436,1
49437,1
49438,4
49439,4
49440,1
49441,1
49442,1
49443,1
49444,1
49445,1
49446,1
49447,1
49448,1
49449,2
49450,0
49451,2
49452,2
49453,0
49454,5
49455,5
49456,4
49457,4
49458,2
49459,5
49460,5
49461,5
49462,3
49463,2
49464,5
49465,5
49466,2
49467,2
49468,5
49469,5
49470,5
49471,5
49472,5
49473,5
49474,5
49475,2
49476,2
49477,2
49478,2
49479,2
49480,2
49481,2
49482,2
49483,5
49484,2
49485,2
49486,2
49487,2
49488,2
49489,5
49490,2
49491,2
49492,2
49493,2
49494,0
49495,5
49496,5
49497,2
49498,5
49499,0
49500,5
49501,2
49502,2
49503,2
49504,5
49505,5
49506,5
49507,0
49508,2
49509,5
49510,2
49511,2
49512,5
49513,2
49514,2
49515,2
49516,2
49517,2
49518,2
49519,2
49520,2
49521,2
49522,4
49523,2
49524,2
49525,0
49526,2
49527,2
49528,2
49529,0
49530,2
49531,2
49532,0
49533,1
49534,5
49535,5
49536,5
49537,2
49538,2
49539,5
49540,2
49541,5
49542,5
49543,5
49544,2
49545,2
49546,5
49547,0
49548,0
49549,5
49550,5
49551,5
49552,5
49553,5
49554,5
49555,2
49556,5
49557,2
49558,5
49559,5
49560,5
49561,5
49562,4
49563,3
49564,5
49565,5
49566,5
49567,5
49568,3
49569,5
49570,5
49571,5
49572,5
49573,5
49574,5
49575,5
49576,5
49577,5
49578,0
49579,2
49580,2
49581,2
49582,0
49583,2
49584,2
49585,2
49586,0
49587,3
49588,2
49589,5
49590,5
49591,2
49592,2
49593,5
49594,2
49595,0
49596,5
49597,5
49598,2
49599,2
49600,2
49601,2
49602,5
49603,5
49604,5
49605,5
49606,5
49607,5
49608,5
49609,2
49610,0
49611,2
49612,2
49613,2
49614,2
49615,2
49616,2
49617,0
49618,2
49619,2
49620,5
49621,5
49622,5
49623,5
49624,5
49625,5
49626,5
49627,4
49628,2
49629,4
49630,2
49631,2
49632,4
49633,5
49634,5
49635,5
49636,5
49637,2
49638,2
49639,5
49640,5
49641,5
49642,5
49643,5
49644,5
49645,5
49646,0
49647,5
49648,2
49649,5
49650,5
49651,5
49652,5
49653,5
49654,5
49655,5
49656,5
49657,5
49658,5
49659,5
49660,2
49661,5
49662,5
49663,5
49664,5
49665,5
49666,5
49667,5
49668,5
49669,2
49670,5
49671,5
49672,5
49673,5
49674,5
49675,5
49676,5
49677,5
49678,2
49679,2
49680,5
49681,2
49682,2
49683,5
49684,5
49685,5
49686,2
49687,5
49688,5
49689,0
49690,0
49691,5
49692,2
49693,2
49694,2
49695,2
49696,5
49697,5
49698,2
49699,2
49700,5
49701,2
49702,2
49703,2
49704,2
49705,2
49706,2
49707,2
49708,3
49709,2
49710,2
49711,5
49712,5
49713,5
49714,2
49715,5
49716,5
49717,2
49718,5
49719,2
49720,5
49721,2
49722,5
49723,5
49724,2
49725,5
49726,5
49727,3
49728,2
49729,2
49730,5
49731,5
49732,3
49733,5
49734,0
49735,2
49736,5
49737,2
49738,5
49739,5
49740,0
49741,0
49742,0
49743,5
49744,0
49745,5
49746,2
49747,5
49748,2
49749,5
49750,5
49751,5
49752,3
49753,2
49754,2
49755,2
49756,5
49757,2
49758,2
49759,2
49760,0
49761,2
49762,0
49763,2
49764,5
49765,5
49766,5
49767,5
49768,2
49769,5
49770,2
49771,5
49772,5
49773,2
49774,2
49775,0
49776,2
49777,2
49778,2
49779,5
49780,5
49781,2
49782,2
49783,2
49784,4
49785,2
49786,2
49787,2
49788,2
49789,2
49790,2
49791,2
49792,2
49793,4
49794,2
49795,2
49796,4
49797,5
49798,2
49799,2
49800,2
49801,2
49802,2
49803,2
49804,2
49805,2
49806,2
49807,2
49808,2
49809,2
49810,2
49811,2
49812,2
49813,2
49814,0
49815,2
49816,2
49817,2
49818,2
49819,4
49820,5
49821,2
49822,2
49823,2
49824,0
49825,2
49826,5
49827,5
49828,5
49829,5
49830,2
49831,2
49832,2
49833,2
49834,2
49835,2
49836,5
49837,5
49838,2
49839,5
49840,2
49841,2
49842,0
49843,2
49844,2
49845,2
49846,5
49847,0
49848,5
49849,0
49850,0
49851,0
49852,4
49853,2
49854,2
49855,2
49856,2
49857,2
49858,5
49859,2
49860,5
49861,0
49862,5
49863,5
49864,3
49865,2
49866,0
49867,5
49868,3
49869,5
49870,5
49871,2
49872,2
49873,5
49874,0
49875,5
49876,3
49877,2
49878,2
49879,2
49880,2
49881,5
49882,5
49883,5
49884,5
49885,5
49886,5
49887,5
49888,5
49889,2
49890,3
49891,5
49892,2
49893,2
49894,2
49895,2
49896,2
49897,2
49898,0
49899,0
49900,2
49901,2
49902,2
49903,2
49904,2
49905,5
49906,0
49907,5
49908,5
49909,5
49910,2
49911,2
49912,2
49913,2
49914,0
49915,5
49916,2
49917,5
49918,0
49919,0
49920,2
49921,2
49922,2
49923,2
49924,3
49925,2
49926,2
49927,0
49928,2
49929,5
49930,2
49931,2
49932,5
49933,5
49934,2
49935,2
49936,2
49937,5
49938,2
49939,2
49940,0
49941,2
49942,2
49943,2
49944,2
49945,2
49946,2
49947,2
49948,2
49949,2
49950,2
49951,2
49952,2
49953,2
49954,2
49955,2
49956,2
49957,2
49958,2
49959,2
49960,2
49961,2
49962,2
49963,2
49964,2
49965,2
49966,2
49967,2
49968,2
49969,5
49970,2
49971,2
49972,2
49973,4
49974,2
49975,2
49976,2
49977,2
49978,0
49979,2
49980,2
49981,2
49982,2
49983,2
49984,2
49985,2
49986,2
49987,2
49988,2
49989,2
49990,2
49991,2
49992,2
49993,5
49994,2
49995,5
49996,5
49997,5
49998,0
49999,0
50000,2
50001,0
50002,5
50003,2
50004,0
50005,2
50006,2
50007,2
50008,0
50009,2
50010,2
50011,2
50012,0
50013,0
50014,2
50015,2
50016,2
50017,0
50018,2
50019,4
50020,2
50021,2
50022,2
50023,2
50024,2
50025,2
50026,2
50027,2
50028,2
50029,2
50030,5
50031,0
50032,2
50033,2
50034,0
50035,0
50036,2
50037,0
50038,5
50039,5
50040,0
50041,2
50042,2
50043,2
50044,5
50045,5
50046,5
50047,2
50048,2
50049,2
50050,2
50051,2
50052,0
50053,2
50054,2
50055,2
50056,2
50057,0
50058,2
50059,2
50060,2
50061,0
50062,2
50063,2
50064,2
50065,2
50066,2
50067,2
50068,4
50069,2
50070,2
50071,3
50072,2
50073,2
50074,2
50075,2
50076,2
50077,2
50078,2
50079,2
50080,2
50081,2
50082,2
50083,2
50084,0
50085,2
50086,2
50087,5
50088,5
50089,2
50090,2
50091,2
50092,2
50093,2
50094,2
50095,2
50096,2
50097,2
50098,2
50099,2
50100,0
50101,5
50102,5
50103,2
50104,5
50105,2
50106,2
50107,5
50108,2
50109,5
50110,5
50111,5
50112,2
50113,2
50114,2
50115,0
50116,5
50117,2
50118,0
50119,2
50120,2
50121,2
50122,2
50123,2
50124,0
50125,2
50126,5
50127,0
50128,0
50129,0
50130,0
50131,2
50132,0
50133,2
50134,0
50135,0
50136,2
50137,0
50138,5
50139,0
50140,0
50141,0
50142,2
50143,2
50144,2
50145,0
50146,0
50147,0
50148,2
50149,0
50150,0
50151,0
50152,0
50153,2
50154,0
50155,0
50156,0
50157,2
50158,0
50159,0
50160,0
50161,0
50162,2
50163,0
50164,2
50165,2
50166,2
50167,2
50168,0
50169,2
50170,0
50171,2
50172,3
50173,0
50174,2
50175,0
50176,0
50177,2
50178,0
50179,2
50180,2
50181,2
50182,0
50183,2
50184,2
50185,2
50186,2
50187,0
50188,2
50189,0
50190,2
50191,2
50192,2
50193,0
50194,0
50195,2
50196,0
50197,4
50198,0
50199,0
50200,0
50201,2
50202,2
50203,0
50204,2
50205,0
50206,0
50207,5
50208,0
50209,2
50210,0
50211,2
50212,0
50213,2
50214,0
50215,5
50216,5
50217,0
50218,2
50219,0
50220,0
50221,0
50222,2
50223,5
50224,5
50225,0
50226,2
50227,5
50228,5
50229,0
50230,2
50231,5
50232,2
50233,2
50234,5
50235,0
50236,0
50237,2
50238,0
50239,0
50240,2
50241,5
50242,5
50243,2
50244,5
50245,5
50246,0
50247,0
50248,3
50249,0
50250,2
50251,2
50252,2
50253,5
50254,5
50255,0
50256,2
50257,2
50258,5
50259,2
50260,2
50261,2
50262,2
50263,2
50264,0
50265,2
50266,2
50267,0
50268,0
50269,2
50270,0
50271,0
50272,2
50273,2
50274,2
50275,0
50276,2
50277,2
50278,2
50279,2
50280,2
50281,2
50282,2
50283,2
50284,2
50285,2
50286,2
50287,2
50288,2
50289,2
50290,5
50291,5
50292,2
50293,2
50294,0
50295,2
50296,0
50297,2
50298,2
50299,2
50300,2
50301,0
50302,2
50303,2
50304,2
50305,2
50306,0
50307,2
50308,2
50309,2
50310,4
50311,0
50312,2
50313,2
50314,0
50315,0
50316,0
50317,0
50318,0
50319,2
50320,5
50321,2
50322,5
50323,2
50324,2
50325,2
50326,2
50327,0
50328,2
50329,2
50330,2
50331,0
50332,0
50333,0
50334,2
50335,0
50336,0
50337,2
50338,0
50339,2
50340,2
50341,2
50342,0
50343,2
50344,2
50345,2
50346,2
50347,2
50348,2
50349,5
50350,2
50351,2
50352,0
50353,2
50354,0
50355,2
50356,2
50357,2
50358,2
50359,0
50360,0
50361,0
50362,2
50363,0
50364,2
50365,2
50366,2
50367,0
50368,2
50369,2
50370,2
50371,2
50372,2
50373,2
50374,0
50375,0
50376,2
50377,2
50378,2
50379,0
50380,2
50381,2
50382,2
50383,0
50384,2
50385,2
50386,0
50387,2
50388,2
50389,0
50390,2
50391,2
50392,2
50393,2
50394,2
50395,2
50396,0
50397,2
50398,0
50399,2
50400,2
50401,2
50402,0
50403,2
50404,2
50405,2
50406,0
50407,0
50408,0
50409,0
50410,0
50411,0
50412,2
50413,5
50414,5
50415,2
50416,5
50417,2
50418,2
50419,0
50420,0
50421,0
50422,0
50423,0
50424,0
50425,0
50426,0
50427,0
50428,0
50429,2
50430,0
50431,0
50432,2
50433,2
50434,0
50435,2
50436,5
50437,2
50438,2
50439,0
50440,2
50441,5
50442,0
50443,2
50444,5
50445,5
50446,5
50447,5
50448,2
50449,2
50450,2
50451,0
50452,0
50453,2
50454,0
50455,2
50456,2
50457,0
50458,2
50459,0
50460,5
50461,5
50462,5
50463,0
50464,0
50465,0
50466,0
50467,2
50468,2
50469,5
50470,2
50471,2
50472,5
50473,5
50474,0
50475,0
50476,2
50477,0
50478,2
50479,0
50480,0
50481,2
50482,2
50483,3
50484,2
50485,2
50486,0
50487,2
50488,2
50489,5
50490,0
50491,5
50492,5
50493,2
50494,0
50495,2
50496,0
50497,0
50498,2
50499,0
50500,2
50501,2
50502,2
50503,5
50504,2
50505,2
50506,3
50507,4
50508,0
50509,0
50510,2
50511,2
50512,5
50513,2
50514,4
50515,4
50516,4
50517,2
50518,3
50519,1
50520,1
50521,1
50522,5
50523,5
50524,2
50525,0
50526,2
50527,0
50528,2
50529,3
50530,2
50531,5
50532,5
50533,5
50534,2
50535,2
50536,2
50537,2
50538,2
50539,0
50540,0
50541,5
50542,2
50543,5
50544,5
50545,5
50546,5
50547,0
50548,2
50549,0
50550,5
50551,5
50552,0
50553,0
50554,5
50555,5
50556,5
50557,5
50558,5
50559,0
50560,5
50561,5
50562,5
50563,2
50564,5
50565,5
50566,2
50567,5
50568,0
50569,5
50570,5
50571,5
50572,5
50573,5
50574,5
50575,5
50576,5
50577,5
50578,5
50579,5
50580,5
50581,4
50582,0
50583,5
50584,5
50585,5
50586,5
50587,5
50588,5
50589,5
50590,5
50591,5
50592,5
50593,5
50594,5
50595,5
50596,5
50597,3
50598,2
50599,4
50600,5
50601,5
50602,3
50603,2
50604,2
50605,2
50606,2
50607,2
50608,4
50609,4
50610,1
50611,4
50612,4
50613,4
50614,4
50615,4
50616,4
50617,4
50618,4
50619,4
50620,4
50621,4
50622,4
50623,3
50624,3
50625,3
50626,4
50627,3
50628,4
50629,4
50630,3
50631,3
50632,0
50633,4
50634,2
50635,2
50636,4
50637,4
50638,0
50639,4
50640,4
50641,2
50642,4
50643,4
50644,0
50645,4
50646,4
50647,4
50648,2
50649,4
50650,4
50651,3
50652,4
50653,4
50654,0
50655,3
50656,4
50657,3
50658,0
50659,3
50660,0
50661,4
50662,3
50663,4
50664,4
50665,2
50666,4
50667,3
50668,2
50669,3
50670,3
50671,4
50672,0
50673,3
50674,5
50675,0
50676,2
50677,2
50678,3
50679,2
50680,4
50681,4
50682,4
50683,0
50684,2
50685,3
50686,4
50687,2
50688,2
50689,2
50690,4
50691,2
50692,4
50693,4
50694,3
50695,2
50696,3
50697,4
50698,5
50699,4
50700,4
50701,5
50702,3
50703,4
50704,4
50705,3
50706,4
50707,4
50708,3
50709,3
50710,3
50711,4
50712,4
50713,4
50714,4
50715,4
50716,3
50717,4
50718,3
50719,3
50720,3
50721,4
50722,4
50723,4
50724,4
50725,4
50726,4
50727,4
50728,4
50729,3
50730,3
50731,4
50732,5
50733,4
50734,4
50735,4
50736,4
50737,4
50738,4
50739,4
50740,5
50741,4
50742,4
50743,5
50744,4
50745,4
50746,4
50747,4
50748,4
50749,2
50750,4
50751,3
50752,3
50753,3
50754,4
50755,5
50756,3
50757,2
50758,2
50759,5
50760,2
50761,2
50762,2
50763,2
50764,5
50765,2
50766,2
50767,2
50768,2
50769,2
50770,2
50771,2
50772,2
50773,0
50774,2
50775,0
50776,2
50777,2
50778,2
50779,5
50780,0
50781,0
50782,4
50783,2
50784,2
50785,5
50786,0
50787,0
50788,2
50789,2
50790,0
50791,4
50792,3
50793,4
50794,3
50795,2
50796,4
50797,2
50798,4
50799,4
50800,3
50801,4
50802,4
50803,4
50804,4
50805,3
50806,4
50807,4
50808,4
50809,4
50810,4
50811,4
50812,4
50813,4
50814,4
50815,4
50816,4
50817,4
50818,4
50819,5
50820,4
50821,0
50822,0
50823,3
50824,5
50825,4
50826,4
50827,3
50828,2
50829,4
50830,4
50831,4
50832,1
50833,2
50834,2
50835,5
50836,2
50837,2
50838,2
50839,2
50840,2
50841,0
50842,2
50843,2
50844,2
50845,5
50846,5
50847,2
50848,0
50849,2
50850,5
50851,5
50852,5
50853,2
50854,2
50855,5
50856,5
50857,2
50858,3
50859,4
50860,3
50861,4
50862,4
50863,0
50864,4
50865,4
50866,4
50867,2
50868,3
50869,3
50870,3
50871,0
50872,5
50873,5
50874,5
50875,5
50876,5
50877,4
50878,5
50879,2
50880,2
50881,2
50882,0
50883,0
50884,4
50885,4
50886,0
50887,0
50888,2
50889,0
50890,5
50891,0
50892,0
50893,5
50894,5
50895,2
50896,0
50897,2
50898,2
50899,2
50900,0
50901,2
50902,2
50903,2
50904,5
50905,5
50906,3
50907,2
50908,0
50909,5
50910,5
50911,4
50912,0
50913,0
50914,5
50915,2
50916,2
50917,4
50918,2
50919,2
50920,2
50921,2
50922,2
50923,2
50924,2
50925,4
50926,2
50927,2
50928,2
50929,4
50930,2
50931,2
50932,4
50933,4
50934,1
50935,4
50936,5
50937,0
50938,1
50939,2
50940,4
50941,2
50942,5
50943,2
50944,2
50945,0
50946,2
50947,2
50948,0
50949,0
50950,2
50951,5
50952,2
50953,2
50954,2
50955,0
50956,2
50957,2
50958,0
50959,2
50960,2
50961,2
50962,2
50963,2
50964,2
50965,5
50966,0
50967,2
50968,5
50969,0
50970,2
50971,2
50972,2
50973,2
50974,5
50975,3
50976,2
50977,5
50978,2
50979,2
50980,0
50981,2
50982,2
50983,2
50984,2
50985,2
50986,2
50987,0
50988,2
50989,2
50990,0
50991,2
50992,2
50993,2
50994,5
50995,2
50996,2
50997,5
50998,2
50999,4
51000,2
51001,4
51002,4
51003,4
51004,0
51005,4
51006,2
51007,2
51008,2
51009,4
51010,2
51011,2
51012,2
51013,2
51014,2
51015,0
51016,5
51017,4
51018,4
51019,4
51020,0
51021,2
51022,2
51023,2
51024,2
51025,2
51026,0
51027,0
51028,0
51029,2
51030,0
51031,2
51032,2
51033,2
51034,2
51035,2
51036,0
51037,2
51038,0
51039,2
51040,2
51041,3
51042,4
51043,3
51044,5
51045,4
51046,4
51047,4
51048,2
51049,0
51050,4
51051,2
51052,4
51053,2
51054,2
51055,2
51056,2
51057,2
51058,2
51059,2
51060,5
51061,0
51062,2
51063,0
51064,0
51065,2
51066,2
51067,4
51068,5
51069,4
51070,2
51071,0
51072,2
51073,5
51074,5
51075,4
51076,1
51077,5
51078,5
51079,2
51080,2
51081,2
51082,2
51083,2
51084,2
51085,2
51086,0
51087,2
51088,2
51089,4
51090,4
51091,4
51092,4
51093,2
51094,2
51095,2
51096,0
51097,2
51098,2
51099,2
51100,2
51101,2
51102,5
51103,5
51104,5
51105,2
51106,2
51107,2
51108,2
51109,2
51110,2
51111,2
51112,0
51113,5
51114,2
51115,2
51116,2
51117,3
51118,4
51119,0
51120,5
51121,2
51122,4
51123,2
51124,2
51125,2
51126,2
51127,5
51128,2
51129,5
51130,5
51131,4
51132,4
51133,2
51134,5
51135,2
51136,0
51137,2
51138,5
51139,2
51140,2
51141,2
51142,4
51143,2
51144,4
51145,2
51146,0
51147,2
51148,4
51149,0
51150,2
51151,2
51152,2
51153,2
51154,5
51155,5
51156,4
51157,0
51158,2
51159,5
51160,2
51161,2
51162,0
51163,2
51164,2
51165,2
51166,2
51167,3
51168,3
51169,2
51170,3
51171,3
51172,3
51173,0
51174,3
51175,3
51176,0
51177,5
51178,5
51179,5
51180,5
51181,5
51182,5
51183,2
51184,5
51185,5
51186,5
51187,5
51188,2
51189,2
51190,2
51191,2
51192,2
51193,2
51194,2
51195,2
51196,5
51197,5
51198,2
51199,2
51200,4
51201,2
51202,2
51203,2
51204,2
51205,2
51206,2
51207,2
51208,0
51209,5
51210,5
51211,5
51212,2
51213,5
51214,2
51215,5
51216,2
51217,5
51218,0
51219,2
51220,2
51221,4
51222,2
51223,4
51224,2
51225,0
51226,2
51227,2
51228,0
51229,5
51230,2
51231,2
51232,2
51233,2
51234,2
51235,2
51236,0
51237,2
51238,0
51239,2
51240,2
51241,2
51242,5
51243,2
51244,2
51245,5
51246,2
51247,2
51248,2
51249,2
51250,2
51251,2
51252,0
51253,2
51254,2
51255,2
51256,2
51257,4
51258,2
51259,0
51260,2
51261,0
51262,5
51263,5
51264,2
51265,2
51266,2
51267,2
51268,2
51269,2
51270,2
51271,3
51272,2
51273,2
51274,2
51275,0
51276,2
51277,2
51278,2
51279,2
51280,5
51281,2
51282,0
51283,2
51284,2
51285,5
51286,2
51287,0
51288,2
51289,0
51290,0
51291,2
51292,0
51293,2
51294,2
51295,2
51296,0
51297,0
51298,2
51299,0
51300,2
51301,0
51302,2
51303,2
51304,2
51305,0
51306,2
51307,0
51308,2
51309,2
51310,2
51311,2
51312,2
51313,2
51314,2
51315,0
51316,2
51317,2
51318,2
51319,2
51320,2
51321,5
51322,5
51323,2
51324,2
51325,5
51326,2
51327,2
51328,5
51329,2
51330,2
51331,2
51332,2
51333,2
51334,2
51335,2
51336,2
51337,2
51338,2
51339,2
51340,2
51341,2
51342,2
51343,2
51344,0
51345,2
51346,2
51347,2
51348,5
51349,2
51350,0
51351,0
51352,0
51353,2
51354,2
51355,0
51356,2
51357,0
51358,2
51359,0
51360,2
51361,2
51362,2
51363,2
51364,2
51365,0
51366,0
51367,0
51368,0
51369,0
51370,2
51371,2
51372,2
51373,0
51374,2
51375,2
51376,2
51377,0
51378,2
51379,2
51380,2
51381,0
51382,2
51383,2
51384,0
51385,2
51386,2
51387,2
51388,2
51389,2
51390,2
51391,2
51392,2
51393,2
51394,0
51395,0
51396,2
51397,2
51398,0
51399,2
51400,2
51401,4
51402,2
51403,2
51404,2
51405,2
51406,2
51407,0
51408,0
51409,2
51410,2
51411,2
51412,2
51413,2
51414,2
51415,2
51416,2
51417,0
51418,0
51419,2
51420,5
51421,5
51422,0
51423,0
51424,2
51425,5
51426,2
51427,0
51428,4
51429,2
51430,2
51431,2
51432,0
51433,4
51434,2
51435,2
51436,0
51437,2
51438,0
51439,2
51440,2
51441,5
51442,2
51443,2
51444,2
51445,2
51446,2
51447,2
51448,4
51449,2
51450,4
51451,2
51452,0
51453,2
51454,5
51455,2
51456,2
51457,0
51458,5
51459,4
51460,5
51461,4
51462,2
51463,2
51464,0
51465,2
51466,0
51467,0
51468,2
51469,2
51470,2
51471,2
51472,2
51473,2
51474,2
51475,2
51476,2
51477,0
51478,0
51479,0
51480,2
51481,0
51482,0
51483,2
51484,0
51485,2
51486,2
51487,0
51488,0
51489,0
51490,0
51491,0
51492,4
51493,0
51494,0
51495,3
51496,5
51497,3
51498,3
51499,4
51500,1
51501,4
51502,3
51503,0
51504,0
51505,3
51506,3
51507,3
51508,1
51509,2
51510,3
51511,1
51512,0
51513,5
51514,3
51515,5
51516,5
51517,5
51518,3
51519,3
51520,0
51521,1
51522,5
51523,3
51524,3
51525,0
51526,5
51527,0
51528,0
51529,1
51530,0
51531,3
51532,3
51533,3
51534,3
51535,3
51536,2
51537,0
51538,2
51539,5
51540,4
51541,5
51542,3
51543,5
51544,0
51545,1
51546,3
51547,3
51548,3
51549,1
51550,3
51551,3
51552,1
51553,3
51554,2
51555,3
51556,1
51557,2
51558,1
51559,3
51560,2
51561,5
51562,5
51563,3
51564,1
51565,2
51566,2
51567,3
51568,3
51569,3
51570,5
51571,4
51572,3
51573,5
51574,5
51575,3
51576,2
51577,5
51578,1
51579,3
51580,3
51581,0
51582,0
51583,0
51584,4
51585,5
51586,3
51587,3
51588,3
51589,0
51590,3
51591,3
51592,0
51593,3
51594,4
51595,4
51596,3
51597,3
51598,4
51599,3
51600,4
51601,4
51602,4
51603,3
51604,3
51605,3
51606,3
51607,3
51608,4
51609,1
51610,1
51611,1
51612,0
51613,0
51614,0
51615,0
51616,0
51617,0
51618,0
51619,3
51620,0
51621,1
51622,0
51623,0
51624,1
51625,5
51626,0
51627,3
51628,3
51629,5
51630,0
51631,3
51632,2
51633,5
51634,0
51635,2
51636,3
51637,5
51638,5
51639,4
51640,0
51641,3
51642,3
51643,3
51644,0
51645,5
51646,0
51647,5
51648,3
51649,3
51650,1
51651,3
51652,2
51653,5
51654,3
51655,0
51656,3
51657,3
51658,4
51659,2
51660,4
51661,0
51662,4
51663,5
51664,5
51665,0
51666,0
51667,0
51668,0
51669,0
51670,0
51671,0
51672,0
51673,0
51674,0
51675,0
51676,3
51677,2
51678,0
51679,0
51680,0
51681,0
51682,0
51683,0
51684,0
51685,0
51686,0
51687,0
51688,0
51689,0
51690,0
51691,0
51692,0
51693,0
51694,0
51695,0
51696,0
51697,0
51698,0
51699,0
51700,1
51701,1
51702,0
51703,0
51704,5
51705,5
51706,3
51707,3
51708,3
51709,1
51710,3
51711,5
51712,5
51713,3
51714,3
51715,4
51716,0
51717,0
51718,0
51719,0
51720,0
51721,0
51722,0
51723,0
51724,0
51725,0
51726,0
51727,0
51728,0
51729,0
51730,0
51731,0
51732,2
51733,0
51734,0
51735,0
51736,0
51737,0
51738,0
51739,0
51740,0
51741,0
51742,1
51743,0
51744,0
51745,0
51746,3
51747,5
51748,2
51749,2
51750,0
51751,2
51752,2
51753,2
51754,2
51755,0
51756,0
51757,5
51758,2
51759,1
51760,1
51761,3
51762,3
51763,0
51764,3
51765,3
51766,0
51767,2
51768,3
51769,2
51770,4
51771,2
51772,3
51773,3
51774,3
51775,0
51776,0
51777,2
51778,2
51779,2
51780,2
51781,2
51782,0
51783,3
51784,2
51785,0
51786,2
51787,0
51788,2
51789,3
51790,0
51791,2
51792,2
51793,2
51794,4
51795,2
51796,3
51797,3
51798,3
51799,3
51800,3
51801,3
51802,4
51803,2
51804,2
51805,2
51806,2
51807,2
51808,2
51809,2
51810,2
51811,2
51812,2
51813,2
51814,2
51815,2
51816,2
51817,2
51818,3
51819,3
51820,2
51821,3
51822,4
51823,4
51824,2
51825,2
51826,2
51827,2
51828,2
51829,2
51830,2
51831,2
51832,2
51833,2
51834,3
51835,3
51836,3
51837,3
51838,3
51839,2
51840,3
51841,3
51842,2
51843,2
51844,1
51845,2
51846,2
51847,3
51848,3
51849,0
51850,2
51851,2
51852,2
51853,2
51854,2
51855,2
51856,2
51857,2
51858,2
51859,3
51860,2
51861,2
51862,2
51863,2
51864,2
51865,2
51866,2
51867,3
51868,2
51869,2
51870,2
51871,3
51872,3
51873,3
51874,3
51875,3
51876,3
51877,3
51878,0
51879,2
51880,3
51881,2
51882,2
51883,2
51884,2
51885,2
51886,1
51887,3
51888,2
51889,3
51890,3
51891,3
51892,2
51893,2
51894,4
51895,4
51896,3
51897,3
51898,1
51899,3
51900,3
51901,3
51902,3
51903,3
51904,3
51905,1
51906,0
51907,4
51908,4
51909,4
51910,2
51911,1
51912,3
51913,2
51914,3
51915,4
51916,4
51917,0
51918,4
51919,3
51920,0
51921,4
51922,1
51923,3
51924,3
51925,2
51926,1
51927,1
51928,2
51929,3
51930,3
51931,2
51932,3
51933,3
51934,3
51935,3
51936,1
51937,2
51938,2
51939,2
51940,2
51941,0
51942,3
51943,0
51944,3
51945,2
51946,2
51947,2
51948,2
51949,2
51950,2
51951,3
51952,4
51953,4
51954,3
51955,1
51956,0
51957,2
51958,0
51959,2
51960,0
51961,2
51962,2
51963,2
51964,2
51965,0
51966,1
51967,1
51968,0
51969,0
51970,0
51971,0
51972,3
51973,0
51974,0
51975,0
51976,0
51977,3
51978,0
51979,0
51980,0
51981,0
51982,0
51983,0
51984,0
51985,0
51986,0
51987,0
51988,0
51989,0
51990,0
51991,0
51992,0
51993,3
51994,2
51995,0
51996,0
51997,1
51998,1
51999,1
52000,1
52001,1
52002,3
52003,3
52004,1
52005,5
52006,1
52007,3
52008,1
52009,1
52010,3
52011,1
52012,1
52013,5
52014,1
52015,1
52016,1
52017,3
52018,3
52019,1
52020,1
52021,1
52022,5
52023,1
52024,3
52025,0
52026,1
52027,0
52028,0
52029,3
52030,3
52031,1
52032,1
52033,0
52034,3
52035,3
52036,3
52037,0
52038,0
52039,0
52040,0
52041,3
52042,0
52043,0
52044,0
52045,5
52046,3
52047,0
52048,0
52049,0
52050,0
52051,2
52052,1
52053,1
52054,3
52055,3
52056,1
52057,3
52058,3
52059,1
52060,0
52061,1
52062,4
52063,3
52064,3
52065,1
52066,3
52067,3
52068,3
52069,1
52070,3
52071,3
52072,3
52073,3
52074,1
52075,3
52076,3
52077,1
52078,1
52079,3
52080,3
52081,3
52082,3
52083,3
52084,1
52085,3
52086,1
52087,1
52088,3
52089,3
52090,3
52091,3
52092,3
52093,3
52094,1
52095,1
52096,1
52097,1
52098,1
52099,3
52100,3
52101,0
52102,3
52103,3
52104,3
52105,1
52106,1
52107,1
52108,1
52109,1
52110,1
52111,1
52112,5
52113,1
52114,0
52115,1
52116,1
52117,1
52118,3
52119,0
52120,0
52121,0
52122,3
52123,5
52124,1
52125,3
52126,4
52127,2
52128,2
52129,3
52130,3
52131,0
52132,1
52133,0
52134,1
52135,3
52136,3
52137,1
52138,3
52139,1
52140,3
52141,3
52142,3
52143,3
52144,0
52145,3
52146,1
52147,1
52148,3
52149,0
52150,1
52151,1
52152,3
52153,3
52154,3
52155,0
52156,3
52157,0
52158,1
52159,1
52160,2
52161,3
52162,3
52163,3
52164,3
52165,3
52166,3
52167,3
52168,3
52169,3
52170,3
52171,3
52172,3
52173,1
52174,3
52175,3
52176,3
52177,3
52178,3
52179,3
52180,3
52181,3
52182,0
52183,1
52184,1
52185,1
52186,3
52187,1
52188,1
52189,1
52190,1
52191,1
52192,1
52193,1
52194,3
52195,1
52196,0
52197,3
52198,0
52199,0
52200,0
52201,0
52202,0
52203,0
52204,0
52205,3
52206,3
52207,1
52208,3
52209,1
52210,1
52211,1
52212,1
52213,1
52214,1
52215,3
52216,3
52217,3
52218,3
52219,3
52220,1
52221,1
52222,1
52223,1
52224,1
52225,3
52226,3
52227,1
52228,3
52229,3
52230,4
52231,1
52232,1
52233,1
52234,1
52235,0
52236,0
52237,0
52238,0
52239,0
52240,0
52241,0
52242,0
52243,0
52244,0
52245,0
52246,0
52247,0
52248,0
52249,0
52250,0
52251,0
52252,0
52253,0
52254,5
52255,3
52256,1
52257,3
52258,3
52259,0
52260,3
52261,3
52262,3
52263,1
52264,1
52265,1
52266,1
52267,1
52268,1
52269,1
52270,1
52271,3
52272,1
52273,1
52274,1
52275,1
52276,1
52277,3
52278,3
52279,1
52280,1
52281,1
52282,1
52283,1
52284,3
52285,1
52286,1
52287,3
52288,1
52289,3
52290,3
52291,1
52292,1
52293,3
52294,1
52295,1
52296,3
52297,3
52298,3
52299,3
52300,3
52301,3
52302,3
52303,3
52304,3
52305,5
52306,3
52307,3
52308,3
52309,3
52310,0
52311,1
52312,3
52313,3
52314,3
52315,3
52316,3
52317,3
52318,3
52319,3
52320,4
52321,3
52322,1
52323,1
52324,3
52325,0
52326,0
52327,1
52328,1
52329,1
52330,1
52331,0
52332,2
52333,2
52334,1
52335,1
52336,1
52337,1
52338,1
52339,4
52340,0
52341,0
52342,0
52343,3
52344,3
52345,0
52346,0
52347,0
52348,3
52349,0
52350,0
52351,1
52352,5
52353,3
52354,1
52355,3
52356,3
52357,3
52358,3
52359,3
52360,3
52361,3
52362,3
52363,3
52364,3
52365,3
52366,1
52367,3
52368,3
52369,3
52370,3
52371,3
52372,1
52373,1
52374,1
52375,3
52376,5
52377,3
52378,3
52379,3
52380,3
52381,1
52382,1
52383,1
52384,1
52385,3
52386,0
52387,0
52388,1
52389,3
52390,1
52391,3
52392,2
52393,1
52394,3
52395,3
52396,3
52397,3
52398,2
52399,3
52400,3
52401,3
52402,3
52403,3
52404,0
52405,3
52406,0
52407,3
52408,2
52409,3
52410,0
52411,0
52412,3
52413,0
52414,0
52415,0
52416,0
52417,3
52418,3
52419,0
52420,0
52421,0
52422,0
52423,0
52424,0
52425,0
52426,0
52427,3
52428,0
52429,0
52430,0
52431,0
52432,0
52433,3
52434,3
52435,2
52436,0
52437,0
52438,3
52439,3
52440,3
52441,1
52442,1
52443,2
52444,3
52445,4
52446,2
52447,0
52448,3
52449,1
52450,1
52451,1
52452,2
52453,1
52454,3
52455,0
52456,0
52457,0
52458,0
52459,0
52460,0
52461,0
52462,0
52463,0
52464,0
52465,0
52466,0
52467,0
52468,0
52469,3
52470,3
52471,2
52472,0
52473,0
52474,0
52475,0
52476,2
52477,0
52478,0
52479,0
52480,0
52481,0
52482,5
52483,0
52484,3
52485,3
52486,3
52487,1
52488,3
52489,3
52490,0
52491,1
52492,3
52493,1
52494,1
52495,1
52496,1
52497,2
52498,1
52499,5
52500,1
52501,3
52502,1
52503,1
52504,3
52505,0
52506,0
52507,0
52508,1
52509,1
52510,3
52511,3
52512,3
52513,3
52514,3
52515,3
52516,3
52517,3
52518,3
52519,3
52520,0
52521,3
52522,1
52523,3
52524,1
52525,3
52526,3
52527,0
52528,2
52529,3
52530,3
52531,0
52532,3
52533,3
52534,1
52535,1
52536,1
52537,3
52538,2
52539,0
52540,1
52541,3
52542,3
52543,0
52544,0
52545,3
52546,1
52547,1
52548,0
52549,0
52550,0
52551,3
52552,0
52553,0
52554,0
52555,0
52556,3
52557,0
52558,0
52559,0
52560,0
52561,0
52562,0
52563,0
52564,0
52565,0
52566,0
52567,0
52568,0
52569,0
52570,2
52571,0
52572,0
52573,5
52574,0
52575,0
52576,0
52577,0
52578,3
52579,3
52580,0
52581,0
52582,0
52583,0
52584,2
52585,2
52586,3
52587,2
52588,0
52589,0
52590,0
52591,0
52592,5
52593,3
52594,0
52595,3
52596,1
52597,3
52598,3
52599,0
52600,0
52601,1
52602,3
52603,2
52604,3
52605,3
52606,3
52607,3
52608,3
52609,0
52610,0
52611,3
52612,0
52613,3
52614,3
52615,0
52616,0
52617,0
52618,0
52619,0
52620,0
52621,0
52622,0
52623,2
52624,2
52625,0
52626,0
52627,0
52628,0
52629,0
52630,3
52631,0
52632,0
52633,0
52634,0
52635,0
52636,3
52637,0
52638,1
52639,1
52640,1
52641,1
52642,1
52643,1
52644,1
52645,1
52646,0
52647,1
52648,1
52649,3
52650,3
52651,3
52652,3
52653,3
52654,1
52655,3
52656,3
52657,3
52658,3
52659,3
52660,3
52661,0
52662,0
52663,3
52664,4
52665,4
52666,3
52667,4
52668,3
52669,3
52670,4
52671,3
52672,3
52673,0
52674,3
52675,1
52676,0
52677,1
52678,1
52679,3
52680,1
52681,1
52682,3
52683,3
52684,3
52685,3
52686,0
52687,1
52688,3
52689,0
52690,3
52691,3
52692,0
52693,0
52694,0
52695,0
52696,0
52697,3
52698,0
52699,3
52700,3
52701,3
52702,3
52703,3
52704,3
52705,0
52706,0
52707,3
52708,3
52709,1
52710,3
52711,3
52712,3
52713,3
52714,1
52715,1
52716,3
52717,3
52718,3
52719,3
52720,3
52721,4
52722,3
52723,4
52724,3
52725,3
52726,1
52727,1
52728,4
52729,1
52730,3
52731,3
52732,3
52733,1
52734,1
52735,1
52736,1
52737,4
52738,3
52739,3
52740,3
52741,3
52742,3
52743,4
52744,1
52745,3
52746,3
52747,3
52748,3
52749,3
52750,3
52751,3
52752,3
52753,1
52754,1
52755,1
52756,3
52757,3
52758,1
52759,0
52760,0
52761,1
52762,1
52763,1
52764,3
52765,1
52766,1
52767,3
52768,3
52769,3
52770,1
52771,3
52772,3
52773,1
52774,3
52775,1
52776,1
52777,3
52778,1
52779,3
52780,1
52781,3
52782,1
52783,3
52784,3
52785,3
52786,1
52787,3
52788,3
52789,3
52790,3
52791,3
52792,3
52793,3
52794,3
52795,1
52796,3
52797,3
52798,3
52799,3
52800,1
52801,1
52802,1
52803,1
52804,3
52805,3
52806,3
52807,1
52808,3
52809,1
52810,1
52811,3
52812,1
52813,1
52814,3
52815,3
52816,1
52817,0
52818,0
52819,0
52820,0
52821,0
52822,0
52823,0
52824,0
52825,3
52826,0
52827,0
52828,0
52829,3
52830,1
52831,1
52832,1
52833,1
52834,0
52835,0
52836,0
52837,0
52838,0
52839,0
52840,0
52841,0
52842,0
52843,0
52844,0
52845,0
52846,0
52847,0
52848,0
52849,0
52850,0
52851,0
52852,0
52853,0
52854,3
52855,0
52856,0
52857,0
52858,0
52859,3
52860,0
52861,0
52862,2
52863,0
52864,0
52865,0
52866,0
52867,0
52868,0
52869,0
52870,0
52871,0
52872,0
52873,0
52874,0
52875,3
52876,0
52877,0
52878,0
52879,0
52880,0
52881,0
52882,0
52883,0
52884,0
52885,0
52886,0
52887,0
52888,0
52889,0
52890,0
52891,0
52892,4
52893,0
52894,0
52895,0
52896,0
52897,0
52898,0
52899,0
52900,0
52901,0
52902,0
52903,0
52904,0
52905,0
52906,0
52907,0
52908,0
52909,0
52910,0
52911,0
52912,0
52913,3
52914,0
52915,0
52916,0
52917,0
52918,0
52919,0
52920,0
52921,3
52922,3
52923,0
52924,0
52925,0
52926,0
52927,0
52928,0
52929,0
52930,0
52931,0
52932,0
52933,0
52934,5
52935,5
52936,0
52937,0
52938,0
52939,0
52940,0
52941,0
52942,0
52943,0
52944,3
52945,0
52946,0
52947,0
52948,3
52949,0
52950,0
52951,3
52952,0
52953,0
52954,0
52955,0
52956,0
52957,0
52958,0
52959,0
52960,0
52961,0
52962,0
52963,0
52964,0
52965,0
52966,0
52967,0
52968,0
52969,3
52970,0
52971,0
52972,0
52973,0
52974,0
52975,0
52976,0
52977,0
52978,0
52979,0
52980,0
52981,5
52982,5
52983,3
52984,5
52985,3
52986,1
52987,0
52988,0
52989,0
52990,0
52991,0
52992,0
52993,0
52994,0
52995,0
52996,3
52997,3
52998,1
52999,1
53000,1
53001,0
53002,0
53003,0
53004,0
53005,0
53006,0
53007,0
53008,0
53009,0
53010,3
53011,0
53012,0
53013,0
53014,0
53015,1
53016,0
53017,3
53018,1
53019,3
53020,3
53021,3
53022,3
53023,1
53024,1
53025,1
53026,1
53027,3
53028,3
53029,0
53030,3
53031,3
53032,3
53033,0
53034,4
53035,3
53036,3
53037,0
53038,0
53039,0
53040,0
53041,3
53042,0
53043,0
53044,0
53045,3
53046,3
53047,2
53048,1
53049,3
53050,1
53051,0
53052,0
53053,3
53054,0
53055,0
53056,1
53057,3
53058,0
53059,3
53060,3
53061,1
53062,1
53063,1
53064,1
53065,3
53066,4
53067,3
53068,3
53069,3
53070,1
53071,0
53072,0
53073,0
53074,3
53075,4
53076,3
53077,3
53078,4
53079,2
53080,2
53081,3
53082,4
53083,3
53084,0
53085,0
53086,0
53087,0
53088,0
53089,3
53090,3
53091,3
53092,3
53093,3
53094,3
53095,3
53096,0
53097,3
53098,3
53099,3
53100,3
53101,3
53102,3
53103,3
53104,3
53105,0
53106,3
53107,3
53108,3
53109,2
53110,3
53111,2
53112,3
53113,2
53114,5
53115,3
53116,0
53117,3
53118,5
53119,3
53120,0
53121,5
53122,3
53123,5
53124,3
53125,5
53126,5
53127,5
53128,5
53129,5
53130,2
53131,3
53132,3
53133,3
53134,1
53135,4
53136,3
53137,3
53138,3
53139,0
53140,0
53141,3
53142,3
53143,3
53144,3
53145,0
53146,3
53147,3
53148,2
53149,2
53150,0
53151,1
53152,3
53153,3
53154,3
53155,1
53156,3
53157,4
53158,0
53159,0
53160,3
53161,3
53162,3
53163,3
53164,4
53165,4
53166,3
53167,4
53168,3
53169,3
53170,3
53171,3
53172,0
53173,3
53174,3
53175,2
53176,3
53177,3
53178,1
53179,1
53180,3
53181,3
53182,3
53183,3
53184,3
53185,1
53186,3
53187,0
53188,3
53189,1
53190,0
53191,0
53192,0
53193,0
53194,0
53195,0
53196,0
53197,0
53198,0
53199,0
53200,0
53201,3
53202,3
53203,3
53204,2
53205,3
53206,3
53207,2
53208,3
53209,3
53210,3
53211,0
53212,0
53213,2
53214,2
53215,2
53216,2
53217,3
53218,3
53219,3
53220,2
53221,3
53222,0
53223,3
53224,5
53225,0
53226,3
53227,3
53228,3
53229,1
53230,3
53231,4
53232,4
53233,4
53234,0
53235,4
53236,3
53237,2
53238,4
53239,2
53240,1
53241,1
53242,2
53243,2
53244,1
53245,3
53246,4
53247,0
53248,3
53249,5
53250,3
53251,3
53252,0
53253,2
53254,1
53255,3
53256,3
53257,0
53258,4
53259,4
53260,0
53261,3
53262,1
53263,4
53264,4
53265,3
53266,4
53267,1
53268,3
53269,1
53270,4
53271,4
53272,1
53273,2
53274,3
53275,4
53276,3
53277,4
53278,2
53279,3
53280,3
53281,0
53282,3
53283,0
53284,3
53285,3
53286,3
53287,3
53288,3
53289,0
53290,3
53291,3
53292,3
53293,3
53294,3
53295,4
53296,3
53297,2
53298,2
53299,2
53300,3
53301,0
53302,3
53303,2
53304,3
53305,3
53306,3
53307,3
53308,0
53309,0
53310,3
53311,3
53312,3
53313,4
53314,3
53315,3
53316,3
53317,3
53318,4
53319,3
53320,3
53321,3
53322,3
53323,3
53324,3
53325,4
53326,4
53327,3
53328,3
53329,3
53330,3
53331,3
53332,3
53333,3
53334,3
53335,3
53336,3
53337,3
53338,3
53339,1
53340,3
53341,3
53342,4
53343,3
53344,1
53345,3
53346,3
53347,3
53348,3
53349,1
53350,3
53351,3
53352,3
53353,3
53354,2
53355,5
53356,3
53357,3
53358,3
53359,5
53360,1
53361,0
53362,3
53363,0
53364,3
53365,1
53366,1
53367,3
53368,3
53369,4
53370,3
53371,2
53372,1
53373,2
53374,1
53375,3
53376,3
53377,3
53378,3
53379,0
53380,3
53381,3
53382,2
53383,3
53384,3
53385,3
53386,3
53387,3
53388,3
53389,4
53390,3
53391,4
53392,3
53393,3
53394,3
53395,3
53396,4
53397,3
53398,3
53399,3
53400,0
53401,3
53402,3
53403,0
53404,3
53405,4
53406,3
53407,1
53408,3
53409,3
53410,3
53411,3
53412,3
53413,3
53414,3
53415,3
53416,3
53417,3
53418,3
53419,3
53420,0
53421,3
53422,3
53423,3
53424,1
53425,1
53426,2
53427,2
53428,1
53429,3
53430,3
53431,1
53432,1
53433,3
53434,0
53435,0
53436,3
53437,4
53438,3
53439,4
53440,4
53441,3
53442,2
53443,4
53444,3
53445,1
53446,0
53447,3
53448,3
53449,3
53450,3
53451,4
53452,0
53453,1
53454,1
53455,3
53456,1
53457,3
53458,4
53459,0
53460,0
53461,0
53462,0
53463,0
53464,0
53465,0
53466,0
53467,2
53468,0
53469,0
53470,0
53471,3
53472,3
53473,3
53474,3
53475,3
53476,0
53477,2
53478,2
53479,2
53480,0
53481,4
53482,0
53483,0
53484,0
53485,5
53486,1
53487,1
53488,3
53489,3
53490,3
53491,0
53492,0
53493,3
53494,3
53495,3
53496,0
53497,3
53498,0
53499,3
53500,0
53501,0
53502,0
53503,4
53504,3
53505,3
53506,2
53507,2
53508,3
53509,0
53510,3
53511,0
53512,2
53513,3
53514,1
53515,1
53516,3
53517,1
53518,0
53519,3
53520,3
53521,3
53522,3
53523,3
53524,3
53525,3
53526,2
53527,3
53528,2
53529,2
53530,3
53531,3
53532,3
53533,3
53534,2
53535,2
53536,0
53537,0
53538,0
53539,0
53540,0
53541,0
53542,2
53543,2
53544,3
53545,3
53546,2
53547,3
53548,3
53549,0
53550,1
53551,5
53552,3
53553,2
53554,0
53555,3
53556,0
53557,0
53558,3
53559,2
53560,0
53561,0
53562,3
53563,0
53564,0
53565,0
53566,2
53567,3
53568,3
53569,2
53570,0
53571,3
53572,3
53573,3
53574,0
53575,0
53576,3
53577,0
53578,0
53579,0
53580,3
53581,3
53582,0
53583,3
53584,3
53585,0
53586,4
53587,3
53588,1
53589,3
53590,3
53591,0
53592,0
53593,3
53594,3
53595,3
53596,2
53597,2
53598,2
53599,2
53600,2
53601,2
53602,2
53603,2
53604,2
53605,2
53606,2
53607,2
53608,2
53609,3
53610,2
53611,2
53612,2
53613,2
53614,2
53615,2
53616,2
53617,2
53618,2
53619,2
53620,2
53621,2
53622,2
53623,2
53624,2
53625,2
53626,2
53627,2
53628,2
53629,2
53630,2
53631,2
53632,2
53633,2
53634,2
53635,3
53636,2
53637,2
53638,3
53639,3
53640,2
53641,2
53642,0
53643,2
53644,2
53645,2
53646,2
53647,2
53648,2
53649,2
53650,2
53651,2
53652,3
53653,2
53654,2
53655,2
53656,0
53657,3
53658,2
53659,0
53660,0
53661,2
53662,0
53663,0
53664,0
53665,0
53666,2
53667,2
53668,2
53669,2
53670,3
53671,2
53672,2
53673,3
53674,3
53675,3
53676,3
53677,3
53678,3
53679,3
53680,3
53681,0
53682,0
53683,3
53684,3
53685,3
53686,2
53687,2
53688,2
53689,2
53690,2
53691,2
53692,2
53693,2
53694,2
53695,2
53696,2
53697,2
53698,2
53699,2
53700,2
53701,2
53702,2
53703,2
53704,2
53705,2
53706,2
53707,2
53708,2
53709,0
53710,2
53711,2
53712,2
53713,2
53714,2
53715,2
53716,2
53717,5
53718,2
53719,2
53720,2
53721,2
53722,5
53723,2
53724,2
53725,2
53726,2
53727,0
53728,5
53729,5
53730,5
53731,5
53732,5
53733,0
53734,5
53735,5
53736,5
53737,2
53738,2
53739,5
53740,2
53741,5
53742,5
53743,2
53744,5
53745,5
53746,5
53747,5
53748,2
53749,5
53750,2
53751,2
53752,2
53753,2
53754,2
53755,2
53756,2
53757,2
53758,3
53759,2
53760,0
53761,0
53762,0
53763,2
53764,2
53765,1
53766,1
53767,1
53768,1
53769,1
53770,1
53771,1
53772,1
53773,1
53774,1
53775,1
53776,1
53777,1
53778,1
53779,1
53780,1
53781,1
53782,2
53783,2
53784,2
53785,2
53786,2
53787,1
53788,1
53789,1
53790,1
53791,4
53792,3
53793,2
53794,3
53795,1
53796,3
53797,3
53798,3
53799,3
53800,0
53801,2
53802,0
53803,2
53804,0
53805,3
53806,3
53807,3
53808,3
53809,3
53810,3
53811,4
53812,3
53813,3
53814,3
53815,3
53816,3
53817,3
53818,3
53819,3
53820,3
53821,3
53822,3
53823,3
53824,0
53825,3
53826,2
53827,3
53828,2
53829,3
53830,3
53831,3
53832,3
53833,3
53834,3
53835,3
53836,3
53837,3
53838,1
53839,3
53840,3
53841,3
53842,1
53843,3
53844,3
53845,3
53846,3
53847,3
53848,3
53849,3
53850,3
53851,3
53852,4
53853,4
53854,3
53855,0
53856,3
53857,4
53858,3
53859,3
53860,3
53861,0
53862,3
53863,3
53864,0
53865,3
53866,3
53867,3
53868,3
53869,3
53870,3
53871,3
53872,3
53873,1
53874,3
53875,3
53876,3
53877,3
53878,3
53879,3
53880,3
53881,0
53882,3
53883,3
53884,3
53885,3
53886,3
53887,3
53888,3
53889,3
53890,2
53891,3
53892,2
53893,1
53894,3
53895,3
53896,3
53897,3
53898,0
53899,3
53900,3
53901,3
53902,3
53903,3
53904,0
53905,3
53906,3
53907,0
53908,3
53909,3
53910,3
53911,3
53912,3
53913,2
53914,3
53915,3
53916,0
53917,3
53918,4
53919,3
53920,0
53921,3
53922,3
53923,3
53924,3
53925,3
53926,3
53927,3
53928,2
53929,3
53930,3
53931,3
53932,3
53933,3
53934,3
53935,3
53936,3
53937,3
53938,3
53939,3
53940,3
53941,3
53942,3
53943,3
53944,3
53945,3
53946,3
53947,1
53948,5
53949,3
53950,0
53951,4
53952,3
53953,1
53954,3
53955,1
53956,0
53957,1
53958,4
53959,4
53960,4
53961,1
53962,3
53963,3
53964,3
53965,3
53966,3
53967,3
53968,3
53969,3
53970,3
53971,3
53972,3
53973,2
53974,2
53975,3
53976,3
53977,0
53978,2
53979,2
53980,3
53981,2
53982,2
53983,2
53984,2
53985,3
53986,1
53987,2
53988,2
53989,1
53990,3
53991,2
53992,0
53993,2
53994,2
53995,3
53996,2
53997,3
53998,0
53999,3
54000,3
54001,3
54002,2
54003,0
54004,3
54005,0
54006,0
54007,3
54008,0
54009,3
54010,0
54011,0
54012,0
54013,0
54014,0
54015,0
54016,0
54017,0
54018,0
54019,0
54020,0
54021,0
54022,3
54023,0
54024,1
54025,0
54026,3
54027,0
54028,0
54029,0
54030,0
54031,0
54032,0
54033,3
54034,3
54035,0
54036,0
54037,0
54038,0
54039,0
54040,0
54041,0
54042,0
54043,0
54044,0
54045,0
54046,0
54047,0
54048,0
54049,0
54050,0
54051,3
54052,0
54053,0
54054,0
54055,1
54056,0
54057,0
54058,0
54059,0
54060,3
54061,0
54062,0
54063,3
54064,0
54065,0
54066,0
54067,0
54068,0
54069,0
54070,0
54071,0
54072,0
54073,2
54074,0
54075,0
54076,0
54077,0
54078,0
54079,0
54080,0
54081,0
54082,0
54083,2
54084,2
54085,0
54086,2
54087,3
54088,0
54089,0
54090,0
54091,0
54092,0
54093,0
54094,0
54095,2
54096,2
54097,0
54098,0
54099,0
54100,0
54101,0
54102,0
54103,0
54104,0
54105,0
54106,0
54107,0
54108,1
54109,3
54110,0
54111,0
54112,1
54113,2
54114,0
54115,0
54116,0
54117,0
54118,0
54119,3
54120,0
54121,0
54122,0
54123,0
54124,0
54125,0
54126,3
54127,0
54128,0
54129,3
54130,3
54131,2
54132,3
54133,5
54134,0
54135,3
54136,4
54137,4
54138,1
54139,3
54140,1
54141,5
54142,2
54143,1
54144,0
54145,0
54146,0
54147,0
54148,3
54149,0
54150,0
54151,0
54152,0
54153,3
54154,0
54155,1
54156,5
54157,0
54158,0
54159,0
54160,0
54161,0
54162,0
54163,1
54164,3
54165,3
54166,2
54167,4
54168,3
54169,3
54170,5
54171,0
54172,0
54173,0
54174,2
54175,2
54176,1
54177,2
54178,0
54179,1
54180,3
54181,0
54182,0
54183,0
54184,3
54185,0
54186,3
54187,0
54188,0
54189,0
54190,4
54191,0
54192,0
54193,3
54194,3
54195,3
54196,0
54197,0
54198,0
54199,0
54200,0
54201,0
54202,2
54203,0
54204,0
54205,0
54206,0
54207,0
54208,0
54209,0
54210,0
54211,0
54212,0
54213,0
54214,2
54215,0
54216,0
54217,5
54218,5
54219,3
54220,0
54221,0
54222,0
54223,0
54224,4
54225,0
54226,3
54227,3
54228,3
54229,3
54230,3
54231,4
54232,3
54233,3
54234,1
54235,3
54236,3
54237,0
54238,1
54239,2
54240,0
54241,3
54242,5
54243,0
54244,0
54245,0
54246,0
54247,3
54248,3
54249,4
54250,4
54251,3
54252,3
54253,3
54254,0
54255,1
54256,3
54257,1
54258,1
54259,1
54260,3
54261,3
54262,3
54263,3
54264,3
54265,3
54266,3
54267,3
54268,3
54269,3
54270,1
54271,4
54272,3
54273,3
54274,3
54275,3
54276,3
54277,3
54278,3
54279,3
54280,1
54281,3
54282,1
54283,3
54284,5
54285,5
54286,1
54287,5
54288,3
54289,3
54290,5
54291,5
54292,3
54293,0
54294,0
54295,0
54296,3
54297,0
54298,0
54299,0
54300,0
54301,1
54302,0
54303,0
54304,3
54305,3
54306,3
54307,5
54308,2
54309,1
54310,5
54311,1
54312,3
54313,3
54314,3
54315,3
54316,1
54317,1
54318,1
54319,1
54320,1
54321,1
54322,1
54323,1
54324,1
54325,1
54326,1
54327,1
54328,1
54329,1
54330,1
54331,1
54332,1
54333,5
54334,5
54335,3
54336,1
54337,1
54338,1
54339,1
54340,1
54341,1
54342,1
54343,1
54344,1
54345,1
54346,3
54347,1
54348,1
54349,2
54350,3
54351,1
54352,0
54353,3
54354,1
54355,1
54356,3
54357,1
54358,3
54359,1
54360,5
54361,1
54362,1
54363,1
54364,1
54365,5
54366,0
54367,1
54368,0
54369,1
54370,1
54371,1
54372,1
54373,1
54374,1
54375,1
54376,1
54377,1
54378,1
54379,1
54380,1
54381,1
54382,1
54383,1
54384,1
54385,0
54386,1
54387,1
54388,1
54389,1
54390,1
54391,1
54392,2
54393,1
54394,1
54395,1
54396,1
54397,1
54398,4
54399,4
54400,3
54401,1
54402,5
54403,1
54404,4
54405,1
54406,1
54407,1
54408,5
54409,3
54410,1
54411,3
54412,3
54413,1
54414,1
54415,0
54416,1
54417,5
54418,5
54419,1
54420,1
54421,5
54422,5
54423,4
54424,3
54425,3
54426,0
54427,2
54428,3
54429,0
54430,0
54431,3
54432,3
54433,3
54434,1
54435,3
54436,3
54437,2
54438,4
54439,3
54440,3
54441,4
54442,4
54443,4
54444,4
54445,1
54446,1
54447,4
54448,2
54449,4
54450,2
54451,4
54452,4
54453,4
54454,1
54455,1
54456,1
54457,1
54458,1
54459,1
54460,1
54461,1
54462,1
54463,1
54464,1
54465,1
54466,1
54467,1
54468,1
54469,4
54470,4
54471,1
54472,4
54473,4
54474,4
54475,4
54476,4
54477,1
54478,4
54479,4
54480,3
54481,2
54482,2
54483,4
54484,1
54485,4
54486,2
54487,4
54488,2
54489,3
54490,3
54491,2
54492,4
54493,4
54494,4
54495,4
54496,4
54497,4
54498,4
54499,4
54500,2
54501,1
54502,2
54503,2
54504,2
54505,2
54506,2
54507,3
54508,1
54509,2
54510,2
54511,1
54512,2
54513,1
54514,1
54515,2
54516,3
54517,3
54518,4
54519,4
54520,2
54521,4
54522,3
54523,3
54524,4
54525,2
54526,2
54527,1
54528,1
54529,1
54530,2
54531,4
54532,4
54533,4
54534,4
54535,4
54536,4
54537,4
54538,4
54539,4
54540,2
54541,4
54542,2
54543,4
54544,4
54545,4
54546,4
54547,4
54548,4
54549,4
54550,4
54551,2
54552,1
54553,4
54554,4
54555,4
54556,4
54557,4
54558,4
54559,4
54560,4
54561,4
54562,4
54563,4
54564,4
54565,4
54566,4
54567,4
54568,4
54569,4
54570,4
54571,2
54572,3
54573,3
54574,4
54575,4
54576,4
54577,4
54578,4
54579,3
54580,2
54581,1
54582,3
54583,4
54584,4
54585,4
54586,4
54587,4
54588,4
54589,1
54590,4
54591,3
54592,1
54593,1
54594,1
54595,1
54596,1
54597,1
54598,2
54599,3
54600,2
54601,1
54602,1
54603,4
54604,2
54605,2
54606,5
54607,5
54608,5
54609,3
54610,5
54611,1
54612,5
54613,3
54614,5
54615,3
54616,2
54617,3
54618,3
54619,2
54620,3
54621,4
54622,0
54623,2
54624,4
54625,3
54626,4
54627,0
54628,4
54629,3
54630,3
54631,3
54632,3
54633,2
54634,4
54635,3
54636,3
54637,2
54638,2
54639,2
54640,4
54641,5
54642,5
54643,2
54644,5
54645,5
54646,2
54647,2
54648,5
54649,2
54650,2
54651,0
54652,2
54653,2
54654,2
54655,2
54656,2
54657,2
54658,2
54659,2
54660,2
54661,2
54662,2
54663,2
54664,0
54665,2
54666,2
54667,2
54668,2
54669,2
54670,2
54671,2
54672,5
54673,2
54674,0
54675,2
54676,2
54677,2
54678,4
54679,3
54680,5
54681,4
54682,2
54683,2
54684,2
54685,1
54686,4
54687,3
54688,1
54689,3
54690,2
54691,3
54692,0
54693,2
54694,3
54695,2
54696,2
54697,0
54698,4
54699,2
54700,2
54701,2
54702,2
54703,2
54704,2
54705,2
54706,0
54707,0
54708,2
54709,2
54710,5
54711,2
54712,2
54713,5
54714,2
54715,5
54716,5
54717,2
54718,2
54719,5
54720,2
54721,5
54722,5
54723,5
54724,5
54725,5
54726,5
54727,5
54728,5
54729,5
54730,3
54731,2
54732,2
54733,5
54734,2
54735,2
54736,2
54737,2
54738,2
54739,5
54740,5
54741,0
54742,3
54743,2
54744,2
54745,0
54746,3
54747,2
54748,0
54749,2
54750,3
54751,2
54752,2
54753,3
54754,3
54755,4
54756,3
54757,5
54758,2
54759,2
54760,2
54761,3
54762,3
54763,4
54764,2
54765,4
54766,2
54767,4
54768,2
54769,3
54770,3
54771,2
54772,3
54773,3
54774,3
54775,2
54776,4
54777,0
54778,5
54779,5
54780,2
54781,4
54782,3
54783,1
54784,4
54785,4
54786,3
54787,2
54788,2
54789,3
54790,4
54791,1
54792,5
54793,1
54794,3
54795,3
54796,4
54797,2
54798,2
54799,0
54800,2
54801,2
54802,2
54803,4
54804,5
54805,2
54806,2
54807,0
54808,2
54809,5
54810,2
54811,3
54812,2
54813,5
54814,5
54815,0
54816,1
54817,5
54818,4
54819,4
54820,4
54821,3
54822,2
54823,3
54824,2
54825,4
54826,3
54827,2
54828,0
54829,3
54830,5
54831,0
54832,3
54833,2
54834,5
54835,2
54836,2
54837,2
54838,2
54839,3
54840,2
54841,3
54842,0
54843,0
54844,4
54845,2
54846,2
54847,4
54848,5
54849,5
54850,3
54851,3
54852,3
54853,2
54854,5
54855,5
54856,5
54857,4
54858,2
54859,2
54860,4
54861,4
54862,3
54863,4
54864,2
54865,5
54866,3
54867,5
54868,0
54869,2
54870,2
54871,3
54872,5
54873,3
54874,5
54875,3
54876,3
54877,3
54878,3
54879,2
54880,2
54881,2
54882,4
54883,2
54884,2
54885,5
54886,5
54887,0
54888,2
54889,2
54890,3
54891,2
54892,2
54893,5
54894,2
54895,1
54896,2
54897,3
54898,3
54899,0
54900,2
54901,5
54902,5
54903,2
54904,3
54905,5
54906,3
54907,5
54908,5
54909,2
54910,5
54911,5
54912,5
54913,5
54914,5
54915,1
54916,2
54917,2
54918,4
54919,5
54920,3
54921,2
54922,5
54923,2
54924,4
54925,5
54926,5
54927,4
54928,2
54929,3
54930,2
54931,3
54932,1
54933,3
54934,1
54935,3
54936,2
54937,4
54938,3
54939,2
54940,5
54941,3
54942,0
54943,2
54944,2
54945,5
54946,2
54947,5
54948,2
54949,2
54950,3
54951,2
54952,2
54953,2
54954,2
54955,4
54956,2
54957,0
54958,2
54959,2
54960,3
54961,0
54962,0
54963,5
54964,4
54965,3
54966,3
54967,5
54968,2
54969,4
54970,4
54971,0
54972,4
54973,3
54974,2
54975,0
54976,1
54977,2
54978,3
54979,4
54980,2
54981,2
54982,2
54983,3
54984,3
54985,5
54986,3
54987,2
54988,5
54989,3
54990,3
54991,3
54992,3
54993,4
54994,4
54995,3
54996,4
54997,5
54998,3
54999,4
55000,2
55001,2
55002,2
55003,4
55004,2
55005,2
55006,3
55007,2
55008,2
55009,2
55010,3
55011,2
55012,4
55013,2
55014,2
55015,2
55016,2
55017,2
55018,2
55019,2
55020,3
55021,2
55022,0
55023,0
55024,2
55025,2
55026,5
55027,5
55028,5
55029,2
55030,2
55031,2
55032,2
55033,2
55034,2
55035,0
55036,2
55037,2
55038,2
55039,5
55040,5
55041,2
55042,5
55043,3
55044,2
55045,3
55046,0
55047,3
55048,2
55049,2
55050,2
55051,2
55052,2
55053,2
55054,5
55055,2
55056,2
55057,5
55058,2
55059,3
55060,2
55061,3
55062,3
55063,2
55064,2
55065,2
55066,2
55067,2
55068,3
55069,2
55070,2
55071,5
55072,2
55073,2
55074,3
55075,2
55076,4
55077,3
55078,3
55079,4
55080,2
55081,3
55082,1
55083,5
55084,4
55085,0
55086,2
55087,2
55088,0
55089,4
55090,3
55091,4
55092,0
55093,5
55094,3
55095,2
55096,3
55097,3
55098,5
55099,5
55100,4
55101,2
55102,3
55103,5
55104,2
55105,2
55106,0
55107,2
55108,2
55109,2
55110,2
55111,2
55112,2
55113,2
55114,4
55115,2
55116,3
55117,3
55118,2
55119,2
55120,2
55121,2
55122,2
55123,2
55124,2
55125,2
55126,2
55127,0
55128,0
55129,2
55130,2
55131,2
55132,2
55133,2
55134,2
55135,2
55136,2
55137,2
55138,2
55139,2
55140,2
55141,2
55142,2
55143,3
55144,0
55145,3
55146,2
55147,2
55148,3
55149,5
55150,3
55151,3
55152,3
55153,3
55154,2
55155,2
55156,2
55157,0
55158,3
55159,3
55160,4
55161,3
55162,4
55163,3
55164,2
55165,2
55166,2
55167,0
55168,2
55169,2
55170,2
55171,2
55172,2
55173,3
55174,5
55175,3
55176,2
55177,3
55178,5
55179,2
55180,2
55181,5
55182,5
55183,5
55184,5
55185,2
55186,2
55187,2
55188,2
55189,2
55190,2
55191,3
55192,3
55193,2
55194,3
55195,3
55196,3
55197,2
55198,2
55199,3
55200,2
55201,2
55202,2
55203,2
55204,4
55205,2
55206,2
55207,2
55208,5
55209,2
55210,2
55211,2
55212,2
55213,4
55214,3
55215,2
55216,4
55217,3
55218,2
55219,2
55220,2
55221,2
55222,2
55223,2
55224,2
55225,2
55226,2
55227,2
55228,2
55229,2
55230,2
55231,2
55232,2
55233,2
55234,5
55235,2
55236,5
55237,5
55238,5
55239,2
55240,3
55241,2
55242,2
55243,2
55244,2
55245,5
55246,2
55247,3
55248,2
55249,2
55250,2
55251,2
55252,2
55253,2
55254,2
55255,2
55256,2
55257,2
55258,2
55259,5
55260,2
55261,3
55262,3
55263,2
55264,2
55265,2
55266,2
55267,2
55268,0
55269,2
55270,3
55271,5
55272,5
55273,3
55274,5
55275,2
55276,5
55277,2
55278,2
55279,5
55280,2
55281,2
55282,2
55283,2
55284,2
55285,2
55286,2
55287,2
55288,2
55289,2
55290,2
55291,2
55292,2
55293,2
55294,2
55295,3
55296,5
55297,3
55298,2
55299,3
55300,3
55301,2
55302,2
55303,2
55304,3
55305,3
55306,2
55307,3
55308,2
55309,2
55310,2
55311,5
55312,2
55313,2
55314,2
55315,2
55316,2
55317,2
55318,2
55319,2
55320,2
55321,2
55322,2
55323,2
55324,2
55325,2
55326,2
55327,2
55328,5
55329,5
55330,2
55331,2
55332,2
55333,2
55334,4
55335,5
55336,2
55337,2
55338,3
55339,2
55340,2
55341,2
55342,3
55343,2
55344,2
55345,2
55346,2
55347,0
55348,2
55349,2
55350,3
55351,2
55352,2
55353,3
55354,2
55355,2
55356,2
55357,5
55358,2
55359,2
55360,2
55361,0
55362,2
55363,2
55364,2
55365,5
55366,3
55367,2
55368,2
55369,2
55370,4
55371,2
55372,2
55373,2
55374,2
55375,2
55376,2
55377,2
55378,2
55379,5
55380,2
55381,2
55382,0
55383,2
55384,0
55385,2
55386,5
55387,5
55388,2
55389,2
55390,2
55391,2
55392,2
55393,2
55394,2
55395,2
55396,5
55397,2
55398,2
55399,3
55400,0
55401,1
55402,1
55403,1
55404,1
55405,1
55406,1
55407,1
55408,0
55409,0
55410,0
55411,0
55412,5
55413,2
55414,2
55415,2
55416,4
55417,2
55418,2
55419,5
55420,2
55421,5
55422,2
55423,5
55424,2
55425,5
55426,2
55427,2
55428,2
55429,0
55430,2
55431,1
55432,1
55433,1
55434,5
55435,3
55436,2
55437,2
55438,2
55439,5
55440,5
55441,5
55442,4
55443,5
55444,5
55445,5
55446,2
55447,5
55448,5
55449,2
55450,5
55451,5
55452,5
55453,5
55454,0
55455,2
55456,5
55457,2
55458,2
55459,5
55460,0
55461,5
55462,2
55463,0
55464,0
55465,2
55466,5
55467,2
55468,2
55469,2
55470,5
55471,2
55472,5
55473,4
55474,2
55475,5
55476,5
55477,5
55478,2
55479,2
55480,2
55481,2
55482,0
55483,2
55484,2
55485,2
55486,0
55487,0
55488,0
55489,0
55490,0
55491,3
55492,0
55493,0
55494,0
55495,0
55496,0
55497,0
55498,3
55499,3
55500,3
55501,3
55502,3
55503,3
55504,2
55505,3
55506,3
55507,3
55508,3
55509,3
55510,3
55511,5
55512,2
55513,1
55514,3
55515,1
55516,1
55517,0
55518,1
55519,1
55520,1
55521,1
55522,1
55523,1
55524,1
55525,0
55526,0
55527,0
55528,0
55529,0
55530,0
55531,0
55532,0
55533,0
55534,0
55535,1
55536,0
55537,0
55538,0
55539,0
55540,1
55541,1
55542,1
55543,1
55544,2
55545,1
55546,1
55547,1
55548,0
55549,1
55550,1
55551,1
55552,3
55553,3
55554,3
55555,3
55556,0
55557,3
55558,3
55559,3
55560,3
55561,3
55562,3
55563,0
55564,2
55565,3
55566,3
55567,3
55568,3
55569,2
55570,3
55571,1
55572,3
55573,3
55574,5
55575,3
55576,3
55577,3
55578,3
55579,3
55580,3
55581,0
55582,3
55583,3
55584,3
55585,0
55586,0
55587,0
55588,0
55589,0
55590,0
55591,3
55592,5
55593,3
55594,5
55595,5
55596,0
55597,5
55598,5
55599,1
55600,3
55601,3
55602,3
55603,3
55604,3
55605,3
55606,5
55607,5
55608,5
55609,5
55610,5
55611,5
55612,3
55613,2
55614,2
55615,3
55616,2
55617,3
55618,3
55619,3
55620,3
55621,3
55622,3
55623,3
55624,3
55625,3
55626,3
55627,3
55628,3
55629,2
55630,3
55631,3
55632,3
55633,3
55634,3
55635,3
55636,5
55637,3
55638,3
55639,3
55640,3
55641,3
55642,3
55643,3
55644,3
55645,3
55646,3
55647,3
55648,3
55649,2
55650,2
55651,3
55652,2
55653,3
55654,3
55655,1
55656,1
55657,1
55658,0
55659,5
55660,3
55661,1
55662,3
55663,3
55664,1
55665,1
55666,2
55667,3
55668,3
55669,3
55670,0
55671,1
55672,1
55673,1
55674,1
55675,2
55676,3
55677,3
55678,3
55679,3
55680,3
55681,3
55682,3
55683,5
55684,3
55685,3
55686,3
55687,3
55688,5
55689,5
55690,0
55691,0
55692,3
55693,3
55694,3
55695,3
55696,3
55697,3
55698,3
55699,3
55700,3
55701,3
55702,3
55703,0
55704,0
55705,0
55706,2
55707,0
55708,0
55709,0
55710,0
55711,0
55712,0
55713,0
55714,0
55715,0
55716,0
55717,0
55718,0
55719,0
55720,0
55721,0
55722,0
55723,0
55724,0
55725,0
55726,0
55727,0
55728,0
55729,0
55730,0
55731,0
55732,0
55733,0
55734,0
55735,0
55736,3
55737,1
55738,3
55739,0
55740,0
55741,3
55742,1
55743,1
55744,1
55745,4
55746,1
55747,1
55748,5
55749,3
55750,3
55751,1
55752,3
55753,3
55754,3
55755,3
55756,3
55757,0
55758,2
55759,3
55760,1
55761,3
55762,3
55763,3
55764,3
55765,3
55766,1
55767,3
55768,3
55769,3
55770,3
55771,0
55772,0
55773,0
55774,0
55775,0
55776,0
55777,0
55778,0
55779,0
55780,0
55781,0
55782,0
55783,0
55784,0
55785,0
55786,0
55787,0
55788,0
55789,0
55790,0
55791,0
55792,0
55793,0
55794,0
55795,0
55796,0
55797,0
55798,0
55799,0
55800,2
55801,3
55802,3
55803,1
55804,1
55805,1
55806,1
55807,1
55808,1
55809,3
55810,3
55811,3
55812,5
55813,5
55814,5
55815,3
55816,3
55817,2
55818,1
55819,3
55820,3
55821,5
55822,5
55823,2
55824,3
55825,3
55826,3
55827,0
55828,3
55829,2
55830,1
55831,2
55832,0
55833,0
55834,2
55835,0
55836,0
55837,0
55838,0
55839,0
55840,0
55841,0
55842,0
55843,0
55844,0
55845,0
55846,0
55847,0
55848,0
55849,2
55850,0
55851,0
55852,0
55853,0
55854,0
55855,0
55856,0
55857,0
55858,0
55859,0
55860,0
55861,0
55862,0
55863,0
55864,0
55865,0
55866,0
55867,0
55868,0
55869,0
55870,0
55871,0
55872,0
55873,1
55874,0
55875,0
55876,0
55877,1
55878,3
55879,0
55880,0
55881,0
55882,0
55883,0
55884,1
55885,0
55886,0
55887,1
55888,1
55889,0
55890,3
55891,1
55892,1
55893,1
55894,0
55895,1
55896,1
55897,3
55898,0
55899,0
55900,0
55901,0
55902,0
55903,0
55904,0
55905,3
55906,0
55907,0
55908,0
55909,3
55910,0
55911,0
55912,0
55913,0
55914,0
55915,0
55916,0
55917,0
55918,0
55919,0
55920,0
55921,0
55922,0
55923,3
55924,3
55925,1
55926,1
55927,1
55928,1
55929,0
55930,1
55931,0
55932,0
55933,0
55934,0
55935,0
55936,0
55937,0
55938,0
55939,0
55940,0
55941,0
55942,0
55943,0
55944,0
55945,0
55946,0
55947,0
55948,0
55949,0
55950,0
55951,0
55952,0
55953,0
55954,0
55955,0
55956,0
55957,3
55958,3
55959,1
55960,3
55961,3
55962,2
55963,3
55964,3
55965,3
55966,1
55967,3
55968,2
55969,2
55970,1
55971,2
55972,3
55973,1
55974,3
55975,0
55976,5
55977,3
55978,1
55979,3
55980,5
55981,3
55982,1
55983,3
55984,3
55985,0
55986,0
55987,0
55988,0
55989,0
55990,0
55991,1
55992,0
55993,0
55994,0
55995,0
55996,3
55997,0
55998,0
55999,0
56000,0
56001,0
56002,0
56003,0
56004,0
56005,0
56006,0
56007,0
56008,0
56009,0
56010,0
56011,0
56012,0
56013,0
56014,0
56015,0
56016,0
56017,0
56018,0
56019,0
56020,1
56021,1
56022,1
56023,3
56024,2
56025,2
56026,3
56027,3
56028,3
56029,0
56030,1
56031,3
56032,3
56033,3
56034,3
56035,1
56036,3
56037,3
56038,0
56039,2
56040,0
56041,2
56042,0
56043,0
56044,0
56045,0
56046,0
56047,2
56048,0
56049,0
56050,0
56051,0
56052,0
56053,1
56054,1
56055,1
56056,1
56057,1
56058,1
56059,1
56060,2
56061,0
56062,0
56063,0
56064,0
56065,2
56066,1
56067,5
56068,5
56069,5
56070,5
56071,3
56072,5
56073,5
56074,5
56075,2
56076,2
56077,5
56078,2
56079,2
56080,3
56081,0
56082,0
56083,0
56084,0
56085,0
56086,0
56087,0
56088,0
56089,0
56090,3
56091,3
56092,1
56093,0
56094,1
56095,1
56096,3
56097,1
56098,5
56099,0
56100,3
56101,3
56102,3
56103,3
56104,0
56105,0
56106,3
56107,0
56108,2
56109,3
56110,3
56111,3
56112,5
56113,3
56114,1
56115,3
56116,0
56117,0
56118,0
56119,0
56120,0
56121,0
56122,0
56123,0
56124,0
56125,0
56126,0
56127,0
56128,0
56129,0
56130,0
56131,0
56132,0
56133,3
56134,1
56135,0
56136,0
56137,0
56138,2
56139,0
56140,0
56141,0
56142,3
56143,3
56144,1
56145,1
56146,0
56147,3
56148,3
56149,5
56150,3
56151,0
56152,1
56153,1
56154,0
56155,3
56156,3
56157,3
56158,1
56159,1
56160,3
56161,3
56162,3
56163,1
56164,1
56165,1
56166,0
56167,0
56168,0
56169,0
56170,0
56171,0
56172,0
56173,0
56174,0
56175,0
56176,0
56177,0
56178,0
56179,0
56180,0
56181,1
56182,5
56183,1
56184,1
56185,1
56186,1
56187,1
56188,1
56189,1
56190,3
56191,1
56192,3
56193,3
56194,0
56195,0
56196,0
56197,0
56198,0
56199,0
56200,0
56201,0
56202,0
56203,0
56204,0
56205,0
56206,0
56207,0
56208,0
56209,0
56210,0
56211,0
56212,0
56213,0
56214,0
56215,0
56216,2
56217,0
56218,0
56219,0
56220,1
56221,3
56222,1
56223,3
56224,1
56225,1
56226,3
56227,3
56228,3
56229,3
56230,3
56231,3
56232,3
56233,3
56234,3
56235,3
56236,3
56237,3
56238,1
56239,3
56240,2
56241,1
56242,2
56243,3
56244,3
56245,1
56246,1
56247,5
56248,3
56249,3
56250,3
56251,3
56252,3
56253,1
56254,1
56255,1
56256,1
56257,5
56258,5
56259,3
56260,0
56261,0
56262,0
56263,0
56264,0
56265,0
56266,0
56267,0
56268,0
56269,0
56270,0
56271,0
56272,0
56273,0
56274,0
56275,0
56276,3
56277,0
56278,1
56279,0
56280,0
56281,0
56282,0
56283,1
56284,1
56285,0
56286,0
56287,0
56288,0
56289,0
56290,0
56291,0
56292,0
56293,0
56294,0
56295,0
56296,0
56297,0
56298,0
56299,0
56300,0
56301,0
56302,0
56303,0
56304,0
56305,0
56306,0
56307,0
56308,0
56309,0
56310,0
56311,0
56312,0
56313,0
56314,0
56315,0
56316,0
56317,0
56318,0
56319,3
56320,0
56321,2
56322,2
56323,2
56324,2
56325,2
56326,2
56327,2
56328,3
56329,2
56330,0
56331,5
56332,2
56333,2
56334,2
56335,2
56336,3
56337,3
56338,3
56339,3
56340,3
56341,3
56342,5
56343,1
56344,2
56345,2
56346,3
56347,2
56348,3
56349,3
56350,1
56351,0
56352,2
56353,2
56354,2
56355,2
56356,2
56357,3
56358,2
56359,3
56360,4
56361,4
56362,2
56363,3
56364,3
56365,3
56366,3
56367,2
56368,2
56369,3
56370,3
56371,3
56372,3
56373,2
56374,2
56375,3
56376,3
56377,2
56378,0
56379,2
56380,2
56381,2
56382,3
56383,2
56384,2
56385,3
56386,4
56387,2
56388,4
56389,2
56390,2
56391,3
56392,3
56393,2
56394,5
56395,5
56396,2
56397,2
56398,2
56399,1
56400,5
56401,2
56402,2
56403,3
56404,3
56405,3
56406,2
56407,2
56408,5
56409,2
56410,2
56411,4
56412,2
56413,2
56414,4
56415,2
56416,2
56417,2
56418,4
56419,4
56420,0
56421,2
56422,2
56423,3
56424,2
56425,2
56426,5
56427,0
56428,5
56429,3
56430,2
56431,2
56432,2
56433,4
56434,2
56435,3
56436,0
56437,0
56438,2
56439,2
56440,2
56441,2
56442,0
56443,3
56444,4
56445,3
56446,0
56447,0
56448,0
56449,1
56450,3
56451,3
56452,2
56453,3
56454,3
56455,3
56456,3
56457,3
56458,3
56459,1
56460,2
56461,3
56462,4
56463,3
56464,4
56465,3
56466,3
56467,5
56468,3
56469,3
56470,5
56471,2
56472,5
56473,4
56474,3
56475,3
56476,2
56477,3
56478,2
56479,3
56480,4
56481,2
56482,2
56483,5
56484,1
56485,1
56486,5
56487,4
56488,3
56489,3
56490,3
56491,4
56492,3
56493,3
56494,3
56495,2
56496,3
56497,3
56498,0
56499,3
56500,3
56501,3
56502,4
56503,3
56504,2
56505,3
56506,5
56507,3
56508,0
56509,2
56510,5
56511,2
56512,1
56513,3
56514,2
56515,0
56516,2
56517,0
56518,2
56519,5
56520,5
56521,1
56522,5
56523,2
56524,5
56525,5
56526,2
56527,2
56528,5
56529,5
56530,2
56531,2
56532,2
56533,2
56534,2
56535,2
56536,2
56537,2
56538,0
56539,0
56540,5
56541,2
56542,2
56543,2
56544,2
56545,5
56546,3
56547,2
56548,5
56549,2
56550,2
56551,5
56552,2
56553,2
56554,2
56555,4
56556,2
56557,3
56558,2
56559,2
56560,2
56561,2
56562,3
56563,2
56564,2
56565,2
56566,1
56567,2
56568,2
56569,4
56570,0
56571,2
56572,2
56573,3
56574,5
56575,2
56576,2
56577,2
56578,2
56579,2
56580,2
56581,2
56582,3
56583,0
56584,0
56585,5
56586,2
56587,0
56588,2
56589,2
56590,1
56591,5
56592,5
56593,1
56594,2
56595,2
56596,2
56597,2
56598,3
56599,5
56600,0
56601,2
56602,2
56603,5
56604,0
56605,5
56606,3
56607,0
56608,3
56609,2
56610,3
56611,2
56612,0
56613,2
56614,4
56615,0
56616,3
56617,2
56618,3
56619,3
56620,0
56621,3
56622,2
56623,3
56624,3
56625,3
56626,0
56627,0
56628,3
56629,3
56630,3
56631,3
56632,3
56633,3
56634,3
56635,1
56636,3
56637,1
56638,3
56639,4
56640,3
56641,3
56642,4
56643,4
56644,4
56645,3
56646,2
56647,4
56648,4
56649,3
56650,4
56651,4
56652,4
56653,3
56654,4
56655,4
56656,3
56657,3
56658,3
56659,3
56660,3
56661,4
56662,3
56663,4
56664,3
56665,3
56666,0
56667,3
56668,0
56669,3
56670,0
56671,3
56672,3
56673,3
56674,3
56675,3
56676,3
56677,3
56678,3
56679,3
56680,3
56681,3
56682,3
56683,3
56684,3
56685,3
56686,3
56687,3
56688,3
56689,3
56690,3
56691,3
56692,3
56693,3
56694,3
56695,4
56696,2
56697,3
56698,3
56699,2
56700,3
56701,3
56702,4
56703,0
56704,0
56705,2
56706,2
56707,2
56708,1
56709,2
56710,0
56711,2
56712,0
56713,2
56714,0
56715,2
56716,0
56717,0
56718,2
56719,0
56720,0
56721,2
56722,2
56723,0
56724,0
56725,0
56726,2
56727,0
56728,0
56729,0
56730,0
56731,0
56732,2
56733,0
56734,0
56735,0
56736,0
56737,0
56738,1
56739,3
56740,3
56741,0
56742,0
56743,0
56744,0
56745,3
56746,0
56747,0
56748,0
56749,0
56750,3
56751,1
56752,1
56753,0
56754,0
56755,2
56756,0
56757,2
56758,0
56759,0
56760,0
56761,0
56762,0
56763,0
56764,3
56765,0
56766,0
56767,3
56768,2
56769,2
56770,0
56771,0
56772,0
56773,0
56774,0
56775,0
56776,3
56777,3
56778,3
56779,4
56780,3
56781,0
56782,3
56783,3
56784,3
56785,0
56786,3
56787,3
56788,3
56789,3
56790,4
56791,3
56792,4
56793,3
56794,3
56795,1
56796,3
56797,1
56798,3
56799,1
56800,3
56801,3
56802,3
56803,3
56804,3
56805,3
56806,3
56807,3
56808,3
56809,0
56810,1
56811,0
56812,1
56813,0
56814,1
56815,3
56816,3
56817,2
56818,3
56819,3
56820,1
56821,4
56822,1
56823,3
56824,3
56825,0
56826,3
56827,3
56828,3
56829,0
56830,3
56831,0
56832,0
56833,3
56834,3
56835,0
56836,0
56837,0
56838,0
56839,1
56840,0
56841,3
56842,3
56843,2
56844,3
56845,4
56846,4
56847,3
56848,3
56849,3
56850,3
56851,3
56852,3
56853,3
56854,3
56855,1
56856,1
56857,0
56858,3
56859,0
56860,2
56861,3
56862,3
56863,3
56864,3
56865,2
56866,0
56867,0
56868,0
56869,0
56870,0
56871,0
56872,1
56873,3
56874,3
56875,3
56876,3
56877,3
56878,0
56879,3
56880,3
56881,1
56882,3
56883,3
56884,0
56885,0
56886,0
56887,0
56888,2
56889,0
56890,0
56891,0
56892,0
56893,0
56894,0
56895,0
56896,0
56897,0
56898,0
56899,0
56900,0
56901,3
56902,3
56903,1
56904,3
56905,3
56906,3
56907,0
56908,0
56909,3
56910,0
56911,1
56912,0
56913,3
56914,0
56915,0
56916,0
56917,3
56918,3
56919,0
56920,3
56921,3
56922,1
56923,3
56924,1
56925,0
56926,3
56927,0
56928,0
56929,0
56930,2
56931,3
56932,2
56933,0
56934,1
56935,3
56936,3
56937,3
56938,0
56939,3
56940,4
56941,3
56942,0
56943,0
56944,0
56945,0
56946,0
56947,3
56948,0
56949,0
56950,0
56951,0
56952,0
56953,0
56954,0
56955,0
56956,0
56957,0
56958,0
56959,0
56960,0
56961,0
56962,0
56963,0
56964,0
56965,0
56966,0
56967,0
56968,0
56969,0
56970,0
56971,0
56972,0
56973,0
56974,1
56975,0
56976,3
56977,3
56978,4
56979,3
56980,0
56981,0
56982,3
56983,3
56984,0
56985,0
56986,3
56987,3
56988,0
56989,3
56990,3
56991,0
56992,0
56993,0
56994,4
56995,3
56996,3
56997,3
56998,3
56999,1
57000,1
57001,0
57002,0
57003,0
57004,0
57005,0
57006,0
57007,0
57008,3
57009,0
57010,0
57011,0
57012,3
57013,3
57014,3
57015,3
57016,0
57017,0
57018,0
57019,3
57020,3
57021,3
57022,0
57023,0
57024,0
57025,0
57026,3
57027,2
57028,1
57029,1
57030,2
57031,2
57032,2
57033,4
57034,1
57035,4
57036,4
57037,0
57038,4
57039,3
57040,3
57041,2
57042,4
57043,0
57044,4
57045,2
57046,2
57047,1
57048,1
57049,3
57050,3
57051,1
57052,2
57053,2
57054,2
57055,2
57056,1
57057,1
57058,3
57059,3
57060,0
57061,3
57062,4
57063,0
57064,0
57065,3
57066,3
57067,2
57068,3
57069,0
57070,3
57071,3
57072,4
57073,0
57074,0
57075,4
57076,1
57077,4
57078,4
57079,3
57080,4
57081,0
57082,0
57083,0
57084,4
57085,0
57086,1
57087,3
57088,3
57089,3
57090,4
57091,0
57092,0
57093,0
57094,1
57095,0
57096,0
57097,0
57098,0
57099,0
57100,0
57101,0
57102,3
57103,0
57104,3
57105,4
57106,4
57107,0
57108,3
57109,0
57110,3
57111,3
57112,3
57113,1
57114,3
57115,3
57116,3
57117,3
57118,1
57119,3
57120,3
57121,0
57122,3
57123,3
57124,2
57125,0
57126,3
57127,3
57128,3
57129,0
57130,3
57131,3
57132,3
57133,3
57134,2
57135,4
57136,1
57137,1
57138,2
57139,3
57140,3
57141,4
57142,0
57143,3
57144,2
57145,2
57146,2
57147,2
57148,2
57149,2
57150,0
57151,2
57152,4
57153,4
57154,4
57155,4
57156,0
57157,4
57158,4
57159,3
57160,3
57161,3
57162,4
57163,3
57164,3
57165,4
57166,3
57167,3
57168,3
57169,1
57170,3
57171,3
57172,4
57173,1
57174,3
57175,0
57176,3
57177,3
57178,3
57179,3
57180,4
57181,1
57182,0
57183,0
57184,0
57185,0
57186,0
57187,0
57188,0
57189,0
57190,0
57191,0
57192,0
57193,0
57194,0
57195,0
57196,0
57197,0
57198,0
57199,1
57200,0
57201,0
57202,0
57203,0
57204,0
57205,0
57206,0
57207,0
57208,0
57209,0
57210,0
57211,0
57212,1
57213,0
57214,0
57215,3
57216,3
57217,3
57218,3
57219,3
57220,3
57221,3
57222,3
57223,3
57224,4
57225,3
57226,3
57227,1
57228,3
57229,3
57230,0
57231,3
57232,1
57233,3
57234,4
57235,4
57236,4
57237,3
57238,3
57239,3
57240,3
57241,1
57242,0
57243,4
57244,3
57245,3
57246,3
57247,3
57248,0
57249,3
57250,3
57251,0
57252,0
57253,3
57254,3
57255,0
57256,0
57257,0
57258,0
57259,0
57260,0
57261,0
57262,0
57263,3
57264,0
57265,0
57266,0
57267,0
57268,0
57269,0
57270,0
57271,0
57272,0
57273,1
57274,0
57275,0
57276,0
57277,0
57278,0
57279,4
57280,4
57281,0
57282,0
57283,4
57284,0
57285,0
57286,3
57287,3
57288,2
57289,2
57290,2
57291,4
57292,4
57293,0
57294,3
57295,4
57296,4
57297,3
57298,3
57299,0
57300,1
57301,4
57302,0
57303,1
57304,4
57305,0
57306,0
57307,3
57308,0
57309,4
57310,3
57311,3
57312,0
57313,0
57314,0
57315,0
57316,0
57317,2
57318,0
57319,0
57320,0
57321,0
57322,0
57323,3
57324,3
57325,3
57326,3
57327,3
57328,0
57329,3
57330,3
57331,3
57332,3
57333,4
57334,3
57335,0
57336,0
57337,3
57338,3
57339,3
57340,0
57341,0
57342,0
57343,3
57344,0
57345,0
57346,4
57347,3
57348,0
57349,0
57350,3
57351,0
57352,0
57353,0
57354,0
57355,0
57356,0
57357,2
57358,0
57359,0
57360,0
57361,0
57362,3
57363,0
57364,0
57365,0
57366,3
57367,0
57368,0
57369,3
57370,0
57371,0
57372,0
57373,3
57374,1
57375,1
57376,1
57377,1
57378,1
57379,3
57380,1
57381,3
57382,0
57383,0
57384,3
57385,0
57386,0
57387,0
57388,0
57389,0
57390,0
57391,0
57392,0
57393,0
57394,0
57395,0
57396,0
57397,0
57398,0
57399,2
57400,0
57401,0
57402,0
57403,0
57404,0
57405,0
57406,0
57407,0
57408,0
57409,0
57410,0
57411,2
57412,0
57413,3
57414,3
57415,3
57416,3
57417,3
57418,3
57419,0
57420,3
57421,1
57422,0
57423,0
57424,0
57425,0
57426,0
57427,0
57428,0
57429,0
57430,0
57431,1
57432,1
57433,1
57434,1
57435,1
57436,1
57437,1
57438,1
57439,1
57440,0
57441,1
57442,1
57443,1
57444,1
57445,1
57446,2
57447,0
57448,3
57449,3
57450,1
57451,3
57452,3
57453,0
57454,3
57455,0
57456,0
57457,0
57458,3
57459,3
57460,3
57461,3
57462,0
57463,0
57464,0
57465,0
57466,0
57467,0
57468,4
57469,3
57470,0
57471,3
57472,0
57473,0
57474,3
57475,0
57476,0
57477,0
57478,0
57479,1
57480,0
57481,0
57482,0
57483,3
57484,3
57485,3
57486,0
57487,3
57488,3
57489,0
57490,0
57491,0
57492,1
57493,3
57494,3
57495,3
57496,3
57497,0
57498,0
57499,0
57500,0
57501,0
57502,0
57503,0
57504,0
57505,0
57506,0
57507,0
57508,0
57509,0
57510,0
57511,0
57512,4
57513,0
57514,0
57515,0
57516,0
57517,0
57518,1
57519,1
57520,3
57521,3
57522,0
57523,0
57524,0
57525,3
57526,3
57527,3
57528,0
57529,0
57530,0
57531,3
57532,0
57533,0
57534,1
57535,1
57536,0
57537,0
57538,0
57539,2
57540,3
57541,0
57542,0
57543,0
57544,0
57545,1
57546,1
57547,1
57548,1
57549,1
57550,1
57551,0
57552,0
57553,3
57554,0
57555,0
57556,0
57557,1
57558,0
57559,0
57560,0
57561,0
57562,0
57563,0
57564,0
57565,0
57566,0
57567,2
57568,2
57569,2
57570,2
57571,2
57572,0
57573,0
57574,0
57575,2
57576,2
57577,2
57578,1
57579,0
57580,1
57581,2
57582,1
57583,2
57584,3
57585,1
57586,3
57587,0
57588,0
57589,0
57590,0
57591,0
57592,1
57593,3
57594,0
57595,0
57596,3
57597,0
57598,0
57599,0
57600,3
57601,0
57602,3
57603,2
57604,0
57605,0
57606,2
57607,3
57608,0
57609,1
57610,3
57611,2
57612,1
57613,3
57614,3
57615,1
57616,2
57617,3
57618,5
57619,2
57620,0
57621,0
57622,3
57623,4
57624,2
57625,1
57626,3
57627,1
57628,5
57629,1
57630,3
57631,3
57632,3
57633,1
57634,3
57635,3
57636,1
57637,1
57638,0
57639,2
57640,1
57641,1
57642,1
57643,2
57644,1
57645,2
57646,2
57647,0
57648,2
57649,2
57650,2
57651,2
57652,2
57653,2
57654,2
57655,2
57656,1
57657,2
57658,2
57659,2
57660,3
57661,1
57662,1
57663,2
57664,2
57665,3
57666,2
57667,1
57668,2
57669,2
57670,2
57671,2
57672,2
57673,2
57674,2
57675,2
57676,2
57677,2
57678,2
57679,2
57680,2
57681,2
57682,1
57683,2
57684,2
57685,2
57686,2
57687,0
57688,1
57689,2
57690,2
57691,3
57692,2
57693,1
57694,2
57695,2
57696,2
57697,1
57698,2
57699,2
57700,2
57701,2
57702,1
57703,2
57704,0
57705,0
57706,2
57707,2
57708,2
57709,2
57710,2
57711,2
57712,0
57713,2
57714,2
57715,2
57716,2
57717,2
57718,2
57719,2
57720,1
57721,1
57722,1
57723,1
57724,1
57725,1
57726,1
57727,1
57728,1
57729,1
57730,1
57731,3
57732,2
57733,2
57734,2
57735,1
57736,2
57737,3
57738,2
57739,3
57740,3
57741,2
57742,2
57743,2
57744,2
57745,2
57746,1
57747,2
57748,2
57749,1
57750,2
57751,3
57752,1
57753,3
57754,3
57755,1
57756,2
57757,2
57758,2
57759,2
57760,1
57761,2
57762,1
57763,2
57764,2
57765,2
57766,2
57767,2
57768,3
57769,2
57770,1
57771,1
57772,2
57773,1
57774,1
57775,1
57776,3
57777,2
57778,2
57779,1
57780,1
57781,1
57782,1
57783,1
57784,2
57785,1
57786,1
57787,1
57788,1
57789,1
57790,1
57791,2
57792,1
57793,2
57794,3
57795,3
57796,0
57797,1
57798,3
57799,3
57800,1
57801,3
57802,0
57803,1
57804,1
57805,3
57806,1
57807,1
57808,1
57809,1
57810,0
57811,1
57812,2
57813,3
57814,1
57815,2
57816,1
57817,2
57818,2
57819,0
57820,1
57821,1
57822,0
57823,1
57824,1
57825,1
57826,1
57827,0
57828,1
57829,3
57830,1
57831,1
57832,0
57833,1
57834,1
57835,1
57836,1
57837,1
57838,1
57839,1
57840,4
57841,3
57842,1
57843,1
57844,1
57845,1
57846,1
57847,4
57848,0
57849,0
57850,4
57851,4
57852,2
57853,3
57854,2
57855,2
57856,1
57857,1
57858,1
57859,3
57860,3
57861,1
57862,3
57863,3
57864,3
57865,3
57866,3
57867,3
57868,3
57869,3
57870,3
57871,1
57872,3
57873,3
57874,1
57875,1
57876,1
57877,1
57878,4
57879,4
57880,1
57881,3
57882,1
57883,3
57884,3
57885,1
57886,3
57887,4
57888,3
57889,1
57890,3
57891,3
57892,3
57893,2
57894,1
57895,0
57896,5
57897,3
57898,2
57899,5
57900,0
57901,4
57902,3
57903,1
57904,1
57905,3
57906,5
57907,1
57908,3
57909,3
57910,3
57911,1
57912,3
57913,3
57914,1
57915,1
57916,1
57917,3
57918,1
57919,1
57920,1
57921,2
57922,1
57923,3
57924,3
57925,5
57926,1
57927,3
57928,3
57929,3
57930,1
57931,1
57932,2
57933,1
57934,3
57935,3
57936,1
57937,1
57938,5
57939,5
57940,2
57941,3
57942,3
57943,1
57944,3
57945,2
57946,2
57947,1
57948,1
57949,0
57950,2
57951,0
57952,2
57953,1
57954,3
57955,4
57956,0
57957,2
57958,1
57959,2
57960,2
57961,2
57962,3
57963,1
57964,1
57965,1
57966,1
57967,3
57968,3
57969,2
57970,1
57971,1
57972,2
57973,1
57974,5
57975,3
57976,0
57977,1
57978,2
57979,3
57980,2
57981,1
57982,2
57983,2
57984,2
57985,2
57986,0
57987,1
57988,3
57989,2
57990,0
57991,1
57992,0
57993,0
57994,3
57995,2
57996,0
57997,3
57998,3
57999,3
58000,0
58001,1
58002,1
58003,0
58004,3
58005,1
58006,3
58007,0
58008,0
58009,0
58010,4
58011,3
58012,2
58013,3
58014,1
58015,2
58016,3
58017,3
58018,3
58019,4
58020,0
58021,4
58022,4
58023,3
58024,1
58025,3
58026,3
58027,3
58028,3
58029,1
58030,1
58031,3
58032,1
58033,1
58034,1
58035,3
58036,3
58037,1
58038,1
58039,0
58040,0
58041,2
58042,3
58043,1
58044,1
58045,1
58046,1
58047,3
58048,1
58049,1
58050,1
58051,2
58052,1
58053,2
58054,0
58055,1
58056,2
58057,0
58058,1
58059,1
58060,1
58061,2
58062,2
58063,2
58064,2
58065,2
58066,2
58067,2
58068,3
58069,2
58070,2
58071,1
58072,2
58073,0
58074,1
58075,2
58076,2
58077,2
58078,2
58079,2
58080,2
58081,2
58082,2
58083,2
58084,1
58085,2
58086,2
58087,2
58088,2
58089,1
58090,2
58091,1
58092,3
58093,1
58094,2
58095,2
58096,2
58097,2
58098,0
58099,1
58100,1
58101,1
58102,1
58103,0
58104,0
58105,3
58106,1
58107,2
58108,2
58109,5
58110,5
58111,2
58112,2
58113,3
58114,5
58115,5
58116,5
58117,1
58118,1
58119,1
58120,5
58121,3
58122,5
58123,1
58124,1
58125,1
58126,1
58127,5
58128,1
58129,3
58130,3
58131,5
58132,1
58133,5
58134,3
58135,3
58136,1
58137,3
58138,2
58139,5
58140,5
58141,3
58142,3
58143,5
58144,3
58145,1
58146,1
58147,3
58148,3
58149,1
58150,3
58151,4
58152,3
58153,3
58154,1
58155,3
58156,3
58157,4
58158,5
58159,5
58160,0
58161,0
58162,0
58163,0
58164,0
58165,1
58166,0
58167,0
58168,5
58169,3
58170,5
58171,3
58172,5
58173,3
58174,3
58175,3
58176,3
58177,3
58178,4
58179,3
58180,3
58181,0
58182,3
58183,3
58184,3
58185,3
58186,5
58187,1
58188,1
58189,3
58190,5
58191,3
58192,3
58193,1
58194,3
58195,3
58196,3
58197,3
58198,1
58199,3
58200,3
58201,2
58202,2
58203,3
58204,2
58205,3
58206,0
58207,4
58208,2
58209,4
58210,5
58211,3
58212,3
58213,3
58214,3
58215,2
58216,3
58217,3
58218,5
58219,3
58220,3
58221,3
58222,3
58223,3
58224,3
58225,3
58226,3
58227,0
58228,0
58229,3
58230,5
58231,3
58232,5
58233,2
58234,3
58235,0
58236,3
58237,4
58238,3
58239,4
58240,5
58241,3
58242,3
58243,1
58244,4
58245,3
58246,3
58247,3
58248,1
58249,1
58250,1
58251,1
58252,1
58253,1
58254,1
58255,1
58256,1
58257,1
58258,1
58259,1
58260,5
58261,1
58262,1
58263,1
58264,1
58265,1
58266,1
58267,1
58268,1
58269,1
58270,1
58271,1
58272,1
58273,1
58274,1
58275,1
58276,5
58277,4
58278,1
58279,1
58280,1
58281,5
58282,1
58283,1
58284,0
58285,2
58286,0
58287,4
58288,3
58289,3
58290,0
58291,3
58292,3
58293,3
58294,0
58295,3
58296,3
58297,3
58298,2
58299,3
58300,3
58301,2
58302,3
58303,3
58304,5
58305,0
58306,3
58307,3
58308,3
58309,3
58310,3
58311,3
58312,3
58313,3
58314,2
58315,3
58316,0
58317,0
58318,0
58319,2
58320,3
58321,3
58322,2
58323,2
58324,3
58325,3
58326,5
58327,3
58328,0
58329,3
58330,3
58331,3
58332,3
58333,3
58334,1
58335,0
58336,2
58337,3
58338,5
58339,5
58340,2
58341,3
58342,3
58343,3
58344,3
58345,3
58346,4
58347,3
58348,3
58349,3
58350,0
58351,0
58352,0
58353,0
58354,0
58355,0
58356,0
58357,0
58358,0
58359,3
58360,2
58361,0
58362,0
58363,2
58364,0
58365,3
58366,3
58367,0
58368,3
58369,2
58370,2
58371,1
58372,0
58373,3
58374,3
58375,3
58376,2
58377,2
58378,2
58379,0
58380,0
58381,0
58382,3
58383,0
58384,2
58385,2
58386,3
58387,3
58388,2
58389,3
58390,3
58391,0
58392,0
58393,0
58394,2
58395,1
58396,0
58397,2
58398,3
58399,2
58400,2
58401,0
58402,0
58403,2
58404,0
58405,0
58406,2
58407,0
58408,2
58409,0
58410,2
58411,0
58412,0
58413,2
58414,3
58415,2
58416,2
58417,2
58418,2
58419,2
58420,2
58421,4
58422,2
58423,2
58424,2
58425,2
58426,3
58427,2
58428,2
58429,2
58430,3
58431,2
58432,2
58433,2
58434,2
58435,2
58436,0
58437,2
58438,2
58439,2
58440,2
58441,2
58442,4
58443,3
58444,2
58445,2
58446,2
58447,2
58448,4
58449,3
58450,2
58451,2
58452,2
58453,2
58454,2
58455,4
58456,2
58457,2
58458,2
58459,2
58460,2
58461,2
58462,2
58463,3
58464,2
58465,4
58466,2
58467,2
58468,2
58469,3
58470,2
58471,4
58472,3
58473,2
58474,2
58475,2
58476,1
58477,2
58478,2
58479,4
58480,2
58481,4
58482,2
58483,2
58484,2
58485,3
58486,2
58487,2
58488,3
58489,2
58490,2
58491,2
58492,2
58493,2
58494,2
58495,3
58496,2
58497,2
58498,2
58499,2
58500,2
58501,2
58502,2
58503,2
58504,0
58505,3
58506,0
58507,3
58508,2
58509,2
58510,2
58511,3
58512,3
58513,3
58514,3
58515,1
58516,2
58517,2
58518,2
58519,2
58520,2
58521,2
58522,2
58523,2
58524,3
58525,2
58526,3
58527,2
58528,5
58529,3
58530,2
58531,3
58532,2
58533,5
58534,3
58535,2
58536,2
58537,1
58538,2
58539,1
58540,1
58541,4
58542,3
58543,2
58544,2
58545,2
58546,2
58547,2
58548,0
58549,1
58550,2
58551,2
58552,0
58553,2
58554,0
58555,3
58556,3
58557,3
58558,2
58559,2
58560,2
58561,2
58562,2
58563,2
58564,2
58565,0
58566,2
58567,2
58568,2
58569,3
58570,0
58571,2
58572,2
58573,2
58574,2
58575,3
58576,3
58577,2
58578,5
58579,2
58580,2
58581,2
58582,5
58583,2
58584,2
58585,0
58586,3
58587,2
58588,3
58589,2
58590,2
58591,2
58592,5
58593,3
58594,0
58595,2
58596,2
58597,2
58598,5
58599,3
58600,0
58601,2
58602,2
58603,2
58604,2
58605,3
58606,2
58607,2
58608,2
58609,2
58610,2
58611,2
58612,0
58613,3
58614,2
58615,2
58616,2
58617,2
58618,2
58619,2
58620,2
58621,2
58622,2
58623,2
58624,2
58625,3
58626,3
58627,3
58628,0
58629,0
58630,3
58631,3
58632,3
58633,3
58634,3
58635,3
58636,5
58637,3
58638,3
58639,3
58640,0
58641,0
58642,2
58643,2
58644,2
58645,2
58646,2
58647,2
58648,4
58649,3
58650,3
58651,3
58652,5
58653,3
58654,0
58655,0
58656,2
58657,2
58658,0
58659,2
58660,2
58661,0
58662,3
58663,3
58664,2
58665,2
58666,3
58667,5
58668,3
58669,2
58670,2
58671,2
58672,2
58673,2
58674,2
58675,3
58676,2
58677,2
58678,2
58679,2
58680,0
58681,3
58682,2
58683,0
58684,0
58685,0
58686,0
58687,3
58688,0
58689,0
58690,0
58691,0
58692,0
58693,0
58694,0
58695,2
58696,2
58697,0
58698,1
58699,1
58700,1
58701,1
58702,1
58703,3
58704,3
58705,1
58706,1
58707,1
58708,1
58709,1
58710,1
58711,1
58712,3
58713,3
58714,3
58715,2
58716,2
58717,2
58718,5
58719,5
58720,0
58721,0
58722,5
58723,0
58724,0
58725,0
58726,0
58727,0
58728,3
58729,3
58730,2
58731,4
58732,2
58733,3
58734,5
58735,2
58736,0
58737,0
58738,3
58739,0
58740,0
58741,0
58742,0
58743,2
58744,3
58745,2
58746,2
58747,2
58748,2
58749,0
58750,0
58751,2
58752,0
58753,0
58754,0
58755,0
58756,2
58757,0
58758,2
58759,0
58760,2
58761,2
58762,2
58763,0
58764,0
58765,0
58766,0
58767,2
58768,2
58769,0
58770,0
58771,0
58772,0
58773,5
58774,0
58775,0
58776,3
58777,0
58778,2
58779,2
58780,2
58781,0
58782,2
58783,0
58784,0
58785,0
58786,3
58787,4
58788,3
58789,4
58790,0
58791,3
58792,0
58793,0
58794,4
58795,0
58796,4
58797,4
58798,4
58799,4
58800,1
58801,1
58802,3
58803,3
58804,3
58805,5
58806,5
58807,5
58808,3
58809,1
58810,1
58811,1
58812,1
58813,4
58814,4
58815,4
58816,4
58817,4
58818,4
58819,4
58820,1
58821,4
58822,4
58823,4
58824,4
58825,1
58826,0
58827,3
58828,5
58829,3
58830,5
58831,5
58832,1
58833,4
58834,4
58835,0
58836,4
58837,5
58838,0
58839,0
58840,5
58841,4
58842,5
58843,4
58844,5
58845,1
58846,5
58847,4
58848,5
58849,5
58850,5
58851,3
58852,3
58853,0
58854,0
58855,4
58856,3
58857,5
58858,4
58859,4
58860,5
58861,5
58862,1
58863,3
58864,5
58865,1
58866,1
58867,3
58868,3
58869,5
58870,5
58871,5
58872,5
58873,4
58874,5
58875,5
58876,1
58877,5
58878,1
58879,4
58880,1
58881,1
58882,1
58883,1
58884,1
58885,1
58886,4
58887,5
58888,5
58889,5
58890,1
58891,1
58892,1
58893,4
58894,5
58895,3
58896,5
58897,3
58898,5
58899,5
58900,4
58901,4
58902,5
58903,4
58904,4
58905,4
58906,4
58907,0
58908,4
58909,1
58910,1
58911,5
58912,1
58913,4
58914,4
58915,3
58916,4
58917,4
58918,5
58919,5
58920,1
58921,1
58922,5
58923,4
58924,1
58925,4
58926,5
58927,4
58928,4
58929,5
58930,5
58931,4
58932,1
58933,3
58934,4
58935,4
58936,1
58937,5
58938,1
58939,4
58940,4
58941,1
58942,4
58943,5
58944,4
58945,1
58946,0
58947,1
58948,1
58949,5
58950,1
58951,1
58952,4
58953,4
58954,4
58955,4
58956,4
58957,4
58958,1
58959,4
58960,4
58961,5
58962,4
58963,1
58964,4
58965,4
58966,4
58967,1
58968,4
58969,4
58970,4
58971,4
58972,4
58973,4
58974,4
58975,4
58976,4
58977,4
58978,4
58979,0
58980,0
58981,4
58982,4
58983,4
58984,3
58985,4
58986,4
58987,4
58988,3
58989,4
58990,4
58991,3
58992,4
58993,4
58994,4
58995,4
58996,4
58997,4
58998,4
58999,5
59000,3
59001,1
59002,4
59003,5
59004,1
59005,4
59006,4
59007,4
59008,4
59009,4
59010,4
59011,4
59012,4
59013,4
59014,3
59015,4
59016,4
59017,4
59018,4
59019,4
59020,4
59021,4
59022,4
59023,4
59024,4
59025,4
59026,4
59027,4
59028,4
59029,4
59030,4
59031,4
59032,4
59033,4
59034,5
59035,4
59036,5
59037,4
59038,4
59039,3
59040,5
59041,5
59042,4
59043,4
59044,4
59045,4
59046,4
59047,4
59048,5
59049,4
59050,4
59051,4
59052,3
59053,3
59054,4
59055,4
59056,4
59057,4
59058,3
59059,4
59060,0
59061,0
59062,4
59063,4
59064,4
59065,4
59066,4
59067,4
59068,4
59069,4
59070,4
59071,4
59072,4
59073,4
59074,4
59075,3
59076,3
59077,4
59078,4
59079,4
59080,4
59081,4
59082,4
59083,4
59084,3
59085,4
59086,1
59087,1
59088,4
59089,0
59090,4
59091,4
59092,4
59093,4
59094,4
59095,4
59096,4
59097,4
59098,4
59099,4
59100,4
59101,4
59102,3
59103,3
59104,4
59105,4
59106,4
59107,4
59108,4
59109,4
59110,4
59111,5
59112,4
59113,0
59114,4
59115,4
59116,0
59117,3
59118,1
59119,4
59120,3
59121,4
59122,4
59123,4
59124,4
59125,4
59126,0
59127,4
59128,0
59129,4
59130,3
59131,5
59132,4
59133,4
59134,4
59135,4
59136,4
59137,4
59138,3
59139,4
59140,4
59141,0
59142,4
59143,5
59144,3
59145,4
59146,3
59147,4
59148,4
59149,4
59150,1
59151,4
59152,3
59153,3
59154,0
59155,3
59156,4
59157,4
59158,1
59159,5
59160,4
59161,4
59162,4
59163,4
59164,3
59165,4
59166,4
59167,4
59168,4
59169,4
59170,4
59171,4
59172,4
59173,3
59174,5
59175,4
59176,4
59177,4
59178,4
59179,4
59180,4
59181,4
59182,4
59183,4
59184,4
59185,4
59186,4
59187,3
59188,4
59189,4
59190,0
59191,4
59192,4
59193,4
59194,4
59195,4
59196,5
59197,3
59198,0
59199,4
59200,3
59201,0
59202,0
59203,4
59204,4
59205,5
59206,3
59207,4
59208,3
59209,2
59210,1
59211,1
59212,1
59213,1
59214,1
59215,1
59216,4
59217,4
59218,4
59219,4
59220,1
59221,2
59222,5
59223,4
59224,4
59225,4
59226,4
59227,4
59228,4
59229,4
59230,4
59231,4
59232,4
59233,4
59234,4
59235,4
59236,4
59237,2
59238,4
59239,3
59240,4
59241,0
59242,1
59243,3
59244,3
59245,4
59246,0
59247,5
59248,1
59249,1
59250,1
59251,1
59252,1
59253,1
59254,4
59255,3
59256,1
59257,3
59258,3
59259,4
59260,4
59261,3
59262,2
59263,3
59264,4
59265,3
59266,3
59267,1
59268,5
59269,1
59270,3
59271,4
59272,1
59273,1
59274,5
59275,1
59276,1
59277,3
59278,3
59279,3
59280,3
59281,3
59282,1
59283,3
59284,3
59285,3
59286,3
59287,4
59288,3
59289,5
59290,3
59291,1
59292,2
59293,2
59294,2
59295,1
59296,3
59297,1
59298,2
59299,1
59300,5
59301,1
59302,1
59303,3
59304,3
59305,3
59306,3
59307,3
59308,3
59309,3
59310,3
59311,3
59312,3
59313,3
59314,3
59315,3
59316,5
59317,3
59318,5
59319,2
59320,3
59321,1
59322,5
59323,3
59324,3
59325,3
59326,3
59327,3
59328,4
59329,1
59330,1
59331,4
59332,3
59333,2
59334,3
59335,3
59336,2
59337,2
59338,2
59339,3
59340,3
59341,5
59342,3
59343,1
59344,5
59345,5
59346,1
59347,1
59348,3
59349,3
59350,3
59351,3
59352,2
59353,3
59354,2
59355,3
59356,1
59357,3
59358,1
59359,1
59360,3
59361,1
59362,1
59363,2
59364,2
59365,3
59366,3
59367,5
59368,1
59369,5
59370,1
59371,1
59372,3
59373,2
59374,3
59375,5
59376,4
59377,2
59378,1
59379,2
59380,2
59381,2
59382,3
59383,3
59384,1
59385,1
59386,1
59387,1
59388,1
59389,1
59390,1
59391,1
59392,1
59393,1
59394,1
59395,1
59396,1
59397,1
59398,1
59399,1
59400,1
59401,1
59402,1
59403,1
59404,1
59405,1
59406,1
59407,1
59408,1
59409,3
59410,1
59411,1
59412,5
59413,1
59414,1
59415,1
59416,3
59417,1
59418,3
59419,3
59420,2
59421,3
59422,1
59423,1
59424,1
59425,1
59426,1
59427,1
59428,1
59429,1
59430,1
59431,1
59432,1
59433,1
59434,2
59435,1
59436,1
59437,1
59438,2
59439,1
59440,1
59441,1
59442,3
59443,4
59444,3
59445,3
59446,3
59447,3
59448,3
59449,3
59450,2
59451,1
59452,1
59453,1
59454,1
59455,1
59456,1
59457,4
59458,4
59459,5
59460,3
59461,3
59462,3
59463,3
59464,2
59465,2
59466,1
59467,1
59468,1
59469,3
59470,2
59471,1
59472,1
59473,2
59474,1
59475,1
59476,1
59477,3
59478,1
59479,3
59480,1
59481,2
59482,2
59483,1
59484,1
59485,2
59486,2
59487,1
59488,2
59489,2
59490,2
59491,2
59492,1
59493,1
59494,3
59495,1
59496,2
59497,1
59498,3
59499,2
59500,1
59501,3
59502,3
59503,3
59504,3
59505,1
59506,3
59507,3
59508,1
59509,3
59510,2
59511,3
59512,2
59513,3
59514,1
59515,1
59516,2
59517,3
59518,3
59519,3
59520,1
59521,1
59522,5
59523,3
59524,3
59525,3
59526,3
59527,1
59528,3
59529,3
59530,3
59531,3
59532,1
59533,3
59534,3
59535,3
59536,3
59537,1
59538,2
59539,5
59540,3
59541,1
59542,3
59543,3
59544,3
59545,1
59546,5
59547,1
59548,1
59549,5
59550,1
59551,3
59552,3
59553,2
59554,3
59555,3
59556,2
59557,2
59558,1
59559,2
59560,2
59561,1
59562,1
59563,3
59564,2
59565,1
59566,1
59567,3
59568,3
59569,3
59570,2
59571,2
59572,2
59573,3
59574,1
59575,3
59576,2
59577,2
59578,2
59579,2
59580,1
59581,2
59582,3
59583,3
59584,4
59585,3
59586,1
59587,3
59588,3
59589,3
59590,2
59591,3
59592,3
59593,5
59594,3
59595,3
59596,3
59597,3
59598,3
59599,3
59600,3
59601,2
59602,3
59603,3
59604,3
59605,3
59606,5
59607,5
59608,1
59609,2
59610,1
59611,3
59612,2
59613,2
59614,1
59615,1
59616,1
59617,1
59618,1
59619,1
59620,1
59621,2
59622,1
59623,2
59624,2
59625,1
59626,2
59627,1
59628,3
59629,3
59630,1
59631,1
59632,1
59633,1
59634,0
59635,2
59636,4
59637,5
59638,3
59639,5
59640,0
59641,0
59642,0
59643,5
59644,5
59645,5
59646,5
59647,5
59648,5
59649,0
59650,0
59651,0
59652,0
59653,0
59654,0
59655,0
59656,0
59657,0
59658,0
59659,0
59660,0
59661,0
59662,0
59663,0
59664,0
59665,0
59666,0
59667,3
59668,5
59669,2
59670,2
59671,0
59672,2
59673,2
59674,3
59675,2
59676,3
59677,3
59678,5
59679,3
59680,2
59681,2
59682,2
59683,2
59684,2
59685,2
59686,2
59687,5
59688,2
59689,2
59690,2
59691,2
59692,2
59693,2
59694,0
59695,2
59696,2
59697,2
59698,2
59699,2
59700,2
59701,2
59702,2
59703,2
59704,2
59705,2
59706,2
59707,2
59708,2
59709,2
59710,2
59711,2
59712,2
59713,0
59714,0
59715,5
59716,2
59717,3
59718,3
59719,0
59720,5
59721,0
59722,2
59723,2
59724,2
59725,2
59726,2
59727,2
59728,2
59729,2
59730,2
59731,2
59732,2
59733,2
59734,5
59735,1
59736,1
59737,1
59738,1
59739,1
59740,1
59741,1
59742,1
59743,1
59744,2
59745,1
59746,4
59747,3
59748,4
59749,4
59750,1
59751,2
59752,2
59753,2
59754,2
59755,2
59756,2
59757,2
59758,2
59759,2
59760,2
59761,2
59762,2
59763,2
59764,2
59765,2
59766,2
59767,2
59768,2
59769,2
59770,2
59771,2
59772,2
59773,2
59774,2
59775,2
59776,2
59777,2
59778,2
59779,2
59780,2
59781,2
59782,2
59783,2
59784,2
59785,2
59786,2
59787,2
59788,2
59789,2
59790,2
59791,2
59792,2
59793,2
59794,2
59795,0
59796,3
59797,2
59798,2
59799,3
59800,1
59801,3
59802,1
59803,3
59804,3
59805,1
59806,4
59807,3
59808,3
59809,3
59810,3
59811,5
59812,3
59813,3
59814,5
59815,5
59816,3
59817,3
59818,1
59819,3
59820,4
59821,3
59822,4
59823,3
59824,2
59825,1
59826,5
59827,5
59828,1
59829,0
59830,0
59831,5
59832,2
59833,2
59834,5
59835,3
59836,5
59837,3
59838,0
59839,1
59840,1
59841,0
59842,0
59843,0
59844,0
59845,0
59846,0
59847,0
59848,2
59849,4
59850,0
59851,3
59852,3
59853,3
59854,1
59855,3
59856,5
59857,0
59858,0
59859,2
59860,1
59861,3
59862,2
59863,2
59864,1
59865,4
59866,3
59867,0
59868,3
59869,2
59870,1
59871,3
59872,3
59873,3
59874,0
59875,3
59876,3
59877,3
59878,2
59879,3
59880,5
59881,3
59882,2
59883,2
59884,2
59885,5
59886,5
59887,5
59888,5
59889,4
59890,5
59891,5
59892,5
59893,2
59894,5
59895,5
59896,4
59897,5
59898,2
59899,5
59900,2
59901,2
59902,2
59903,2
59904,2
59905,2
59906,2
59907,5
59908,5
59909,5
59910,5
59911,1
59912,5
59913,5
59914,5
59915,1
59916,1
59917,1
59918,2
59919,2
59920,2
59921,2
59922,2
59923,2
59924,2
59925,2
59926,2
59927,2
59928,2
59929,3
59930,3
59931,2
59932,2
59933,2
59934,2
59935,2
59936,2
59937,0
59938,3
59939,2
59940,2
59941,2
59942,2
59943,2
59944,2
59945,2
59946,2
59947,2
59948,2
59949,2
59950,2
59951,2
59952,2
59953,2
59954,2
59955,3
59956,3
59957,2
59958,2
59959,2
59960,2
59961,2
59962,5
59963,5
59964,5
59965,5
59966,5
59967,5
59968,5
59969,5
59970,5
59971,0
59972,5
59973,2
59974,2
59975,3
59976,5
59977,2
59978,5
59979,5
59980,5
59981,5
59982,3
59983,5
59984,5
59985,2
59986,3
59987,2
59988,2
59989,3
59990,2
59991,2
59992,3
59993,3
59994,3
59995,2
59996,5
59997,2
59998,5
59999,5
60000,3
60001,0
60002,0
60003,0
60004,0
60005,0
60006,0
60007,2
60008,2
60009,2
60010,2
60011,3
60012,3
60013,2
60014,3
60015,0
60016,2
60017,2
60018,5
60019,0
60020,4
60021,0
60022,5
60023,3
60024,5
60025,5
60026,3
60027,3
60028,5
60029,1
60030,5
60031,5
60032,1
60033,0
60034,3
60035,5
60036,5
60037,5
60038,0
60039,2
60040,2
60041,4
60042,4
60043,3
60044,4
60045,4
60046,4
60047,4
60048,4
60049,4
60050,1
60051,1
60052,1
60053,2
60054,2
60055,2
60056,2
60057,2
60058,2
60059,2
60060,2
60061,2
60062,0
60063,0
60064,4
60065,2
60066,2
60067,2
60068,2
60069,2
60070,2
60071,2
60072,2
60073,4
60074,2
60075,2
60076,4
60077,2
60078,2
60079,2
60080,4
60081,2
60082,2
60083,2
60084,0
60085,3
60086,4
60087,3
60088,3
60089,0
60090,3
60091,2
60092,2
60093,3
60094,2
60095,2
60096,4
60097,2
60098,2
60099,2
60100,2
60101,2
60102,0
60103,2
60104,2
60105,2
60106,2
60107,4
60108,4
60109,4
60110,0
60111,2
60112,2
60113,2
60114,2
60115,2
60116,1
60117,2
60118,4
60119,4
60120,4
60121,4
60122,4
60123,4
60124,4
60125,2
60126,3
60127,3
60128,4
60129,4
60130,4
60131,4
60132,4
60133,2
60134,4
60135,4
60136,4
60137,4
60138,4
60139,4
60140,4
60141,4
60142,4
60143,2
60144,2
60145,2
60146,4
60147,2
60148,4
60149,4
60150,4
60151,4
60152,2
60153,4
60154,4
60155,2
60156,4
60157,4
60158,4
60159,4
60160,2
60161,4
60162,4
60163,4
60164,4
60165,4
60166,2
60167,2
60168,4
60169,2
60170,4
60171,4
60172,4
60173,4
60174,4
60175,2
60176,4
60177,4
60178,4
60179,4
60180,4
60181,4
60182,2
60183,4
60184,4
60185,2
60186,4
60187,4
60188,4
60189,4
60190,4
60191,4
60192,4
60193,4
60194,4
60195,4
60196,4
60197,4
60198,2
60199,3
60200,3
60201,4
60202,4
60203,4
60204,4
60205,4
60206,2
60207,4
60208,2
60209,2
60210,2
60211,2
60212,3
60213,4
60214,4
60215,4
60216,2
60217,4
60218,2
60219,2
60220,4
60221,2
60222,4
60223,4
60224,2
60225,4
60226,4
60227,4
60228,4
60229,2
60230,4
60231,2
60232,2
60233,4
60234,1
60235,4
60236,4
60237,2
60238,4
60239,2
60240,2
60241,2
60242,4
60243,2
60244,4
60245,4
60246,2
60247,4
60248,4
60249,4
60250,4
60251,4
60252,2
60253,2
60254,4
60255,4
60256,4
60257,4
60258,4
60259,4
60260,2
60261,2
60262,4
60263,4
60264,4
60265,2
60266,2
60267,2
60268,4
60269,2
60270,2
60271,2
60272,4
60273,2
60274,2
60275,4
60276,4
60277,4
60278,4
60279,4
60280,4
60281,4
60282,4
60283,4
60284,2
60285,2
60286,4
60287,4
60288,4
60289,4
60290,2
60291,2
60292,4
60293,4
60294,2
60295,2
60296,2
60297,4
60298,2
60299,4
60300,2
60301,4
60302,2
60303,2
60304,2
60305,2
60306,2
60307,2
60308,4
60309,1
60310,2
60311,1
60312,4
60313,2
60314,2
60315,2
60316,1
60317,2
60318,2
60319,2
60320,4
60321,2
60322,2
60323,2
60324,4
60325,2
60326,4
60327,2
60328,4
60329,2
60330,4
60331,4
60332,2
60333,4
60334,1
60335,1
60336,2
60337,4
60338,2
60339,4
60340,4
60341,2
60342,2
60343,4
60344,4
60345,4
60346,4
60347,4
60348,4
60349,0
60350,4
60351,4
60352,4
60353,4
60354,0
60355,4
60356,4
60357,4
60358,2
60359,4
60360,4
60361,4
60362,4
60363,4
60364,4
60365,4
60366,2
60367,2
60368,2
60369,3
60370,3
60371,3
60372,4
60373,2
60374,4
60375,2
60376,2
60377,0
60378,2
60379,4
60380,2
60381,0
60382,0
60383,0
60384,1
60385,2
60386,4
60387,2
60388,3
60389,4
60390,4
60391,4
60392,4
60393,2
60394,2
60395,4
60396,4
60397,4
60398,1
60399,2
60400,1
60401,2
60402,2
60403,2
60404,2
60405,2
60406,4
60407,1
60408,1
60409,3
60410,4
60411,4
60412,4
60413,4
60414,4
60415,4
60416,4
60417,4
60418,2
60419,1
60420,1
60421,2
60422,4
60423,2
60424,4
60425,1
60426,4
60427,4
60428,0
60429,4
60430,3
60431,4
60432,4
60433,1
60434,4
60435,4
60436,4
60437,1
60438,2
60439,2
60440,4
60441,3
60442,1
60443,4
60444,1
60445,0
60446,2
60447,2
60448,1
60449,0
60450,3
60451,0
60452,0
60453,1
60454,4
60455,4
60456,4
60457,4
60458,4
60459,4
60460,3
60461,3
60462,4
60463,4
60464,4
60465,4
60466,4
60467,2
60468,4
60469,4
60470,1
60471,1
60472,1
60473,2
60474,1
60475,2
60476,2
60477,2
60478,2
60479,2
60480,2
60481,2
60482,2
60483,4
60484,4
60485,4
60486,4
60487,2
60488,2
60489,2
60490,2
60491,1
60492,1
60493,1
60494,1
60495,1
60496,4
60497,4
60498,4
60499,2
60500,2
60501,2
60502,2
60503,2
60504,2
60505,2
60506,2
60507,2
60508,2
60509,2
60510,2
60511,2
60512,2
60513,2
60514,2
60515,2
60516,2
60517,2
60518,2
60519,2
60520,2
60521,2
60522,3
60523,2
60524,2
60525,2
60526,2
60527,2
60528,2
60529,2
60530,2
60531,2
60532,2
60533,2
60534,2
60535,4
60536,2
60537,2
60538,2
60539,2
60540,2
60541,2
60542,2
60543,2
60544,2
60545,2
60546,2
60547,2
60548,2
60549,2
60550,2
60551,2
60552,4
60553,2
60554,2
60555,2
60556,2
60557,2
60558,3
60559,2
60560,2
60561,2
60562,2
60563,2
60564,2
60565,2
60566,2
60567,2
60568,2
60569,2
60570,2
60571,2
60572,2
60573,2
60574,2
60575,2
60576,2
60577,1
60578,2
60579,1
60580,2
60581,2
60582,2
60583,2
60584,2
60585,2
60586,2
60587,2
60588,2
60589,2
60590,2
60591,2
60592,2
60593,2
60594,2
60595,2
60596,2
60597,2
60598,2
60599,2
60600,2
60601,2
60602,2
60603,2
60604,2
60605,2
60606,2
60607,2
60608,2
60609,2
60610,2
60611,2
60612,2
60613,2
60614,2
60615,2
60616,3
60617,2
60618,2
60619,2
60620,2
60621,2
60622,1
60623,4
60624,2
60625,2
60626,2
60627,2
60628,2
60629,2
60630,4
60631,1
60632,2
60633,2
60634,2
60635,2
60636,2
60637,2
60638,1
60639,2
60640,2
60641,2
60642,2
60643,1
60644,2
60645,2
60646,2
60647,2
60648,2
60649,1
60650,2
60651,4
60652,2
60653,2
60654,2
60655,2
60656,2
60657,4
60658,2
60659,2
60660,2
60661,2
60662,2
60663,2
60664,2
60665,2
60666,2
60667,2
60668,2
60669,2
60670,2
60671,1
60672,2
60673,1
60674,2
60675,2
60676,2
60677,2
60678,2
60679,2
60680,2
60681,2
60682,2
60683,2
60684,2
60685,2
60686,2
60687,2
60688,2
60689,2
60690,2
60691,2
60692,2
60693,1
60694,2
60695,2
60696,2
60697,2
60698,2
60699,2
60700,2
60701,2
60702,2
60703,2
60704,2
60705,2
60706,2
60707,2
60708,2
60709,2
60710,2
60711,2
60712,2
60713,2
60714,2
60715,2
60716,2
60717,2
60718,2
60719,2
60720,2
60721,2
60722,2
60723,2
60724,2
60725,2
60726,1
60727,2
60728,2
60729,2
60730,2
60731,2
60732,2
60733,2
60734,2
60735,2
60736,2
60737,2
60738,2
60739,2
60740,1
60741,1
60742,2
60743,1
60744,1
60745,1
60746,1
60747,1
60748,1
60749,1
60750,1
60751,1
60752,1
60753,1
60754,1
60755,3
60756,1
60757,1
60758,1
60759,1
60760,1
60761,1
60762,1
60763,1
60764,1
60765,1
60766,1
60767,1
60768,1
60769,1
60770,1
60771,1
60772,1
60773,1
60774,1
60775,1
60776,2
60777,2
60778,1
60779,3
60780,2
60781,1
60782,3
60783,1
60784,1
60785,1
60786,1
60787,1
60788,3
60789,3
60790,3
60791,3
60792,3
60793,1
60794,1
60795,1
60796,1
60797,1
60798,3
60799,1
60800,1
60801,1
60802,3
60803,0
60804,3
60805,3
60806,2
60807,3
60808,3
60809,3
60810,0
60811,1
60812,1
60813,1
60814,3
60815,3
60816,3
60817,3
60818,0
60819,0
60820,0
60821,0
60822,4
60823,3
60824,3
60825,3
60826,1
60827,0
60828,2
60829,0
60830,3
60831,0
60832,0
60833,3
60834,3
60835,0
60836,1
60837,3
60838,3
60839,1
60840,3
60841,0
60842,2
60843,3
60844,2
60845,3
60846,0
60847,0
60848,0
60849,3
60850,0
60851,0
60852,0
60853,0
60854,0
60855,0
60856,0
60857,0
60858,2
60859,0
60860,0
60861,0
60862,0
60863,0
60864,0
60865,0
60866,2
60867,1
60868,1
60869,2
60870,1
60871,2
60872,2
60873,0
60874,3
60875,3
60876,3
60877,1
60878,3
60879,2
60880,2
60881,0
60882,0
60883,0
60884,3
60885,1
60886,0
60887,3
60888,0
60889,3
60890,3
60891,3
60892,2
60893,0
60894,1
60895,0
60896,0
60897,0
60898,3
60899,0
60900,0
60901,0
60902,3
60903,1
60904,1
60905,1
60906,3
60907,3
60908,0
60909,3
60910,3
60911,3
60912,3
60913,1
60914,3
60915,2
60916,2
60917,3
60918,1
60919,1
60920,0
60921,0
60922,3
60923,0
60924,1
60925,0
60926,2
60927,2
60928,0
60929,3
60930,0
60931,3
60932,3
60933,2
60934,2
60935,3
60936,3
60937,3
60938,2
60939,3
60940,1
60941,1
60942,1
60943,3
60944,3
60945,3
60946,1
60947,3
60948,3
60949,3
60950,2
60951,2
60952,1
60953,2
60954,2
60955,2
60956,3
60957,3
60958,1
60959,1
60960,1
60961,1
60962,1
60963,1
60964,1
60965,1
60966,1
60967,1
60968,1
60969,1
60970,0
60971,0
60972,0
60973,0
60974,0
60975,0
60976,2
60977,3
60978,0
60979,0
60980,0
60981,0
60982,0
60983,0
60984,0
60985,0
60986,0
60987,0
60988,0
60989,0
60990,0
60991,0
60992,0
60993,0
60994,2
60995,3
60996,3
60997,3
60998,3
60999,3
61000,3
61001,3
61002,3
61003,3
61004,3
61005,3
61006,3
61007,2
61008,1
61009,2
61010,2
61011,1
61012,1
61013,1
61014,3
61015,2
61016,1
61017,1
61018,1
61019,1
61020,1
61021,1
61022,1
61023,1
61024,3
61025,1
61026,2
61027,2
61028,1
61029,1
61030,1
61031,1
61032,1
61033,2
61034,2
61035,2
61036,1
61037,3
61038,2
61039,3
61040,3
61041,3
61042,3
61043,3
61044,3
61045,3
61046,2
61047,3
61048,3
61049,3
61050,3
61051,3
61052,3
61053,3
61054,3
61055,3
61056,3
61057,2
61058,0
61059,2
61060,3
61061,3
61062,3
61063,3
61064,0
61065,3
61066,3
61067,3
61068,3
61069,3
61070,3
61071,3
61072,3
61073,3
61074,2
61075,2
61076,2
61077,1
61078,2
61079,2
61080,2
61081,0
61082,3
61083,2
61084,3
61085,2
61086,2
61087,0
61088,2
61089,2
61090,2
61091,0
61092,0
61093,0
61094,0
61095,0
61096,0
61097,0
61098,0
61099,0
61100,0
61101,0
61102,0
61103,0
61104,0
61105,0
61106,0
61107,0
61108,0
61109,0
61110,0
61111,0
61112,0
61113,0
61114,0
61115,0
61116,0
61117,0
61118,0
61119,0
61120,0
61121,0
61122,0
61123,0
61124,0
61125,3
61126,3
61127,3
61128,3
61129,3
61130,2
61131,2
61132,0
61133,0
61134,0
61135,2
61136,0
61137,0
61138,0
61139,0
61140,0
61141,0
61142,0
61143,2
61144,0
61145,0
61146,0
61147,0
61148,0
61149,0
61150,0
61151,2
61152,0
61153,0
61154,0
61155,0
61156,0
61157,0
61158,0
61159,0
61160,0
61161,0
61162,0
61163,0
61164,0
61165,0
61166,0
61167,0
61168,0
61169,0
61170,0
61171,0
61172,0
61173,0
61174,0
61175,0
61176,0
61177,2
61178,0
61179,0
61180,0
61181,0
61182,0
61183,0
61184,0
61185,0
61186,0
61187,0
61188,0
61189,0
61190,0
61191,0
61192,0
61193,0
61194,2
61195,0
61196,0
61197,0
61198,0
61199,0
61200,0
61201,0
61202,0
61203,0
61204,0
61205,0
61206,0
61207,0
61208,0
61209,0
61210,0
61211,0
61212,0
61213,0
61214,0
61215,0
61216,0
61217,0
61218,0
61219,0
61220,3
61221,2
61222,2
61223,3
61224,0
61225,2
61226,0
61227,1
61228,1
61229,3
61230,1
61231,1
61232,3
61233,1
61234,3
61235,3
61236,1
61237,1
61238,3
61239,1
61240,1
61241,2
61242,2
61243,2
61244,2
61245,2
61246,2
61247,2
61248,0
61249,0
61250,0
61251,0
61252,0
61253,0
61254,0
61255,0
61256,0
61257,0
61258,0
61259,0
61260,0
61261,0
61262,0
61263,0
61264,0
61265,0
61266,0
61267,0
61268,0
61269,0
61270,1
61271,0
61272,0
61273,0
61274,0
61275,0
61276,0
61277,0
61278,0
61279,0
61280,0
61281,0
61282,0
61283,0
61284,0
61285,0
61286,0
61287,0
61288,0
61289,0
61290,0
61291,0
61292,0
61293,0
61294,0
61295,0
61296,0
61297,0
61298,0
61299,0
61300,0
61301,0
61302,0
61303,0
61304,0
61305,0
61306,0
61307,0
61308,0
61309,0
61310,0
61311,0
61312,0
61313,0
61314,0
61315,0
61316,0
61317,0
61318,0
61319,0
61320,0
61321,0
61322,0
61323,0
61324,0
61325,0
61326,0
61327,0
61328,0
61329,0
61330,0
61331,0
61332,0
61333,0
61334,0
61335,0
61336,0
61337,0
61338,0
61339,0
61340,0
61341,0
61342,0
61343,0
61344,0
61345,0
61346,0
61347,0
61348,0
61349,0
61350,0
61351,0
61352,0
61353,0
61354,0
61355,0
61356,0
61357,0
61358,0
61359,0
61360,0
61361,0
61362,0
61363,0
61364,0
61365,0
61366,0
61367,0
61368,0
61369,0
61370,0
61371,0
61372,0
61373,0
61374,0
61375,0
61376,0
61377,0
61378,0
61379,0
61380,0
61381,0
61382,0
61383,0
61384,0
61385,0
61386,0
61387,0
61388,0
61389,0
61390,0
61391,0
61392,0
61393,0
61394,0
61395,0
61396,0
61397,0
61398,0
61399,0
61400,0
61401,0
61402,0
61403,0
61404,0
61405,2
61406,0
61407,0
61408,0
61409,0
61410,0
61411,0
61412,0
61413,0
61414,0
61415,0
61416,0
61417,0
61418,0
61419,0
61420,0
61421,0
61422,0
61423,0
61424,0
61425,0
61426,0
61427,0
61428,0
61429,0
61430,0
61431,0
61432,0
61433,0
61434,0
61435,0
61436,0
61437,0
61438,0
61439,0
61440,0
61441,1
61442,0
61443,1
61444,2
61445,1
61446,2
61447,2
61448,2
61449,3
61450,0
61451,3
61452,3
61453,2
61454,2
61455,0
61456,1
61457,3
61458,2
61459,3
61460,0
61461,0
61462,0
61463,0
61464,0
61465,0
61466,0
61467,0
61468,0
61469,0
61470,0
61471,0
61472,0
61473,0
61474,0
61475,0
61476,0
61477,0
61478,0
61479,0
61480,0
61481,0
61482,0
61483,0
61484,0
61485,0
61486,0
61487,0
61488,0
61489,0
61490,0
61491,0
61492,0
61493,0
61494,0
61495,0
61496,0
61497,0
61498,0
61499,0
61500,2
61501,2
61502,0
61503,0
61504,0
61505,0
61506,0
61507,0
61508,0
61509,0
61510,0
61511,0
61512,0
61513,0
61514,0
61515,2
61516,2
61517,1
61518,2
61519,1
61520,2
61521,0
61522,0
61523,0
61524,0
61525,2
61526,0
61527,0
61528,0
61529,0
61530,0
61531,2
61532,0
61533,2
61534,2
61535,1
61536,2
61537,2
61538,1
61539,0
61540,0
61541,2
61542,1
61543,1
61544,1
61545,3
61546,3
61547,3
61548,3
61549,0
61550,1
61551,3
61552,3
61553,1
61554,0
61555,0
61556,0
61557,3
61558,3
61559,3
61560,3
61561,3
61562,0
61563,0
61564,2
61565,0
61566,0
61567,0
61568,0
61569,0
61570,0
61571,0
61572,0
61573,0
61574,0
61575,0
61576,0
61577,0
61578,0
61579,0
61580,0
61581,0
61582,0
61583,0
61584,0
61585,0
61586,0
61587,0
61588,0
61589,0
61590,0
61591,0
61592,0
61593,0
61594,0
61595,0
61596,0
61597,0
61598,0
61599,0
61600,0
61601,0
61602,0
61603,0
61604,0
61605,0
61606,0
61607,0
61608,0
61609,0
61610,0
61611,0
61612,0
61613,0
61614,0
61615,0
61616,0
61617,0
61618,0
61619,0
61620,2
61621,2
61622,1
61623,2
61624,2
61625,5
61626,5
61627,5
61628,0
61629,0
61630,5
61631,0
61632,0
61633,0
61634,0
61635,5
61636,5
61637,2
61638,2
61639,5
61640,0
61641,0
61642,2
61643,2
61644,0
61645,2
61646,2
61647,0
61648,0
61649,2
61650,5
61651,0
61652,0
61653,0
61654,0
61655,0
61656,5
61657,0
61658,0
61659,0
61660,2
61661,0
61662,2
61663,2
61664,2
61665,2
61666,2
61667,2
61668,0
61669,2
61670,2
61671,2
61672,2
61673,2
61674,2
61675,2
61676,2
61677,2
61678,2
61679,2
61680,2
61681,2
61682,2
61683,2
61684,5
61685,3
61686,0
61687,2
61688,2
61689,2
61690,5
61691,1
61692,2
61693,1
61694,5
61695,1
61696,5
61697,5
61698,5
61699,5
61700,2
61701,3
61702,4
61703,2
61704,3
61705,3
61706,2
61707,2
61708,3
61709,3
61710,1
61711,0
61712,2
61713,3
61714,5
61715,5
61716,5
61717,1
61718,1
61719,1
61720,2
61721,2
61722,2
61723,2
61724,2
61725,2
61726,2
61727,2
61728,1
61729,2
61730,3
61731,2
61732,2
61733,2
61734,2
61735,1
61736,5
61737,5
61738,5
61739,3
61740,2
61741,5
61742,1
61743,5
61744,5
61745,4
61746,4
61747,4
61748,5
61749,2
61750,5
61751,2
61752,2
61753,2
61754,5
61755,4
61756,4
61757,4
61758,2
61759,2
61760,2
61761,2
61762,2
61763,2
61764,2
61765,2
61766,2
61767,2
61768,2
61769,2
61770,2
61771,3
61772,2
61773,2
61774,2
61775,3
61776,2
61777,2
61778,3
61779,2
61780,1
61781,1
61782,2
61783,1
61784,1
61785,0
61786,1
61787,2
61788,2
61789,2
61790,2
61791,2
61792,2
61793,2
61794,2
61795,2
61796,2
61797,1
61798,1
61799,2
61800,2
61801,2
61802,2
61803,2
61804,2
61805,2
61806,2
61807,2
61808,2
61809,2
61810,2
61811,2
61812,2
61813,2
61814,2
61815,2
61816,2
61817,2
61818,2
61819,2
61820,2
61821,2
61822,2
61823,2
61824,2
61825,2
61826,2
61827,2
61828,2
61829,2
61830,3
61831,2
61832,2
61833,0
61834,1
61835,3
61836,2
61837,2
61838,2
61839,2
61840,2
61841,2
61842,2
61843,2
61844,2
61845,2
61846,3
61847,2
61848,2
61849,2
61850,2
61851,2
61852,1
61853,2
61854,2
61855,2
61856,2
61857,2
61858,2
61859,2
61860,0
61861,2
61862,1
61863,0
61864,2
61865,2
61866,0
61867,2
61868,3
61869,2
61870,2
61871,2
61872,2
61873,2
61874,2
61875,2
61876,2
61877,2
61878,2
61879,2
61880,2
61881,2
61882,2
61883,2
61884,2
61885,2
61886,2
61887,2
61888,2
61889,2
61890,4
61891,2
61892,2
61893,2
61894,2
61895,2
61896,2
61897,2
61898,2
61899,2
61900,3
61901,4
61902,4
61903,2
61904,4
61905,0
61906,0
61907,2
61908,2
61909,3
61910,0
61911,0
61912,0
61913,2
61914,0
61915,1
61916,4
61917,2
61918,2
61919,1
61920,2
61921,2
61922,1
61923,2
61924,2
61925,2
61926,2
61927,2
61928,2
61929,2
61930,2
61931,2
61932,2
61933,2
61934,2
61935,2
61936,2
61937,2
61938,2
61939,2
61940,2
61941,2
61942,2
61943,2
61944,2
61945,1
61946,2
61947,2
61948,2
61949,2
61950,2
61951,2
61952,2
61953,2
61954,2
61955,1
61956,2
61957,1
61958,1
61959,1
61960,3
61961,2
61962,2
61963,2
61964,2
61965,2
61966,5
61967,2
61968,2
61969,2
61970,2
61971,2
61972,2
61973,2
61974,2
61975,2
61976,2
61977,2
61978,2
61979,2
61980,1
61981,2
61982,2
61983,2
61984,2
61985,2
61986,2
61987,2
61988,2
61989,2
61990,2
61991,2
61992,2
61993,2
61994,2
61995,2
61996,2
61997,2
61998,1
61999,1
62000,5
62001,1
62002,1
62003,2
62004,2
62005,1
62006,1
62007,2
62008,2
62009,2
62010,2
62011,2
62012,2
62013,2
62014,2
62015,2
62016,2
62017,2
62018,2
62019,2
62020,2
62021,4
62022,2
62023,2
62024,2
62025,2
62026,2
62027,2
62028,3
62029,2
62030,2
62031,2
62032,2
62033,2
62034,2
62035,2
62036,2
62037,2
62038,1
62039,2
62040,2
62041,2
62042,2
62043,2
62044,2
62045,2
62046,0
62047,2
62048,0
62049,1
62050,1
62051,2
62052,2
62053,2
62054,2
62055,2
62056,2
62057,2
62058,2
62059,2
62060,1
62061,2
62062,0
62063,5
62064,2
62065,0
62066,0
62067,2
62068,2
62069,2
62070,2
62071,1
62072,2
62073,2
62074,2
62075,2
62076,3
62077,2
62078,2
62079,2
62080,4
62081,2
62082,1
62083,2
62084,2
62085,2
62086,3
62087,3
62088,2
62089,5
62090,5
62091,5
62092,5
62093,0
62094,5
62095,1
62096,0
62097,5
62098,0
62099,0
62100,0
62101,4
62102,2
62103,2
62104,2
62105,3
62106,2
62107,2
62108,1
62109,1
62110,2
62111,2
62112,2
62113,2
62114,2
62115,2
62116,2
62117,0
62118,2
62119,2
62120,2
62121,2
62122,2
62123,2
62124,2
62125,2
62126,2
62127,2
62128,1
62129,2
62130,2
62131,2
62132,2
62133,3
62134,3
62135,3
62136,0
62137,3
62138,3
62139,2
62140,3
62141,3
62142,3
62143,3
62144,2
62145,3
62146,3
62147,0
62148,2
62149,3
62150,3
62151,3
62152,3
62153,1
62154,2
62155,3
62156,2
62157,3
62158,0
62159,3
62160,3
62161,3
62162,2
62163,3
62164,3
62165,2
62166,2
62167,3
62168,2
62169,2
62170,3
62171,1
62172,3
62173,0
62174,3
62175,3
62176,3
62177,3
62178,3
62179,3
62180,1
62181,3
62182,3
62183,4
62184,3
62185,2
62186,1
62187,1
62188,1
62189,1
62190,1
62191,1
62192,1
62193,1
62194,1
62195,1
62196,1
62197,1
62198,1
62199,1
62200,3
62201,3
62202,3
62203,3
62204,3
62205,3
62206,3
62207,3
62208,3
62209,3
62210,3
62211,3
62212,3
62213,3
62214,3
62215,3
62216,0
62217,0
62218,0
62219,1
62220,1
62221,3
62222,3
62223,2
62224,3
62225,2
62226,3
62227,5
62228,5
62229,1
62230,3
62231,2
62232,3
62233,3
62234,0
62235,3
62236,3
62237,3
62238,3
62239,0
62240,2
62241,3
62242,4
62243,3
62244,3
62245,3
62246,1
62247,1
62248,3
62249,3
62250,0
62251,0
62252,0
62253,2
62254,3
62255,3
62256,0
62257,0
62258,3
62259,0
62260,3
62261,3
62262,3
62263,3
62264,3
62265,2
62266,3
62267,3
62268,0
62269,3
62270,3
62271,1
62272,3
62273,1
62274,3
62275,3
62276,2
62277,2
62278,0
62279,0
62280,3
62281,0
62282,3
62283,2
62284,1
62285,1
62286,1
62287,1
62288,1
62289,1
62290,1
62291,1
62292,1
62293,1
62294,1
62295,1
62296,4
62297,1
62298,1
62299,1
62300,1
62301,1
62302,1
62303,5
62304,1
62305,1
62306,1
62307,1
62308,1
62309,3
62310,1
62311,1
62312,5
62313,1
62314,1
62315,1
62316,1
62317,1
62318,4
62319,2
62320,2
62321,2
62322,4
62323,2
62324,4
62325,0
62326,4
62327,1
62328,4
62329,4
62330,4
62331,0
62332,4
62333,4
62334,4
62335,2
62336,0
62337,0
62338,2
62339,4
62340,2
62341,0
62342,2
62343,2
62344,0
62345,2
62346,3
62347,4
62348,4
62349,4
62350,2
62351,2
62352,3
62353,3
62354,1
62355,0
62356,3
62357,2
62358,2
62359,3
62360,4
62361,2
62362,1
62363,3
62364,4
62365,4
62366,4
62367,2
62368,2
62369,3
62370,1
62371,4
62372,1
62373,1
62374,1
62375,1
62376,1
62377,1
62378,3
62379,1
62380,1
62381,0
62382,3
62383,3
62384,4
62385,4
62386,1
62387,1
62388,1
62389,3
62390,4
62391,4
62392,4
62393,4
62394,5
62395,4
62396,3
62397,0
62398,5
62399,5
62400,4
62401,3
62402,2
62403,2
62404,2
62405,5
62406,4
62407,1
62408,1
62409,1
62410,1
62411,1
62412,1
62413,1
62414,1
62415,1
62416,1
62417,1
62418,1
62419,5
62420,0
62421,4
62422,4
62423,3
62424,1
62425,1
62426,4
62427,3
62428,4
62429,3
62430,0
62431,1
62432,3
62433,1
62434,4
62435,1
62436,1
62437,1
62438,1
62439,1
62440,1
62441,1
62442,1
62443,1
62444,1
62445,1
62446,1
62447,0
62448,3
62449,1
62450,4
62451,0
62452,3
62453,4
62454,4
62455,4
62456,3
62457,4
62458,1
62459,3
62460,3
62461,3
62462,4
62463,3
62464,2
62465,3
62466,2
62467,3
62468,4
62469,3
62470,4
62471,4
62472,3
62473,5
62474,5
62475,0
62476,0
62477,3
62478,5
62479,4
62480,0
62481,0
62482,1
62483,0
62484,0
62485,2
62486,2
62487,2
62488,2
62489,2
62490,2
62491,2
62492,2
62493,2
62494,2
62495,4
62496,4
62497,4
62498,2
62499,4
62500,4
62501,3
62502,4
62503,3
62504,4
62505,4
62506,2
62507,2
62508,4
62509,2
62510,2
62511,4
62512,3
62513,1
62514,1
62515,4
62516,4
62517,3
62518,4
62519,4
62520,4
62521,4
62522,4
62523,4
62524,4
62525,4
62526,4
62527,4
62528,4
62529,1
62530,1
62531,4
62532,4
62533,4
62534,4
62535,5
62536,4
62537,4
62538,5
62539,3
62540,4
62541,5
62542,4
62543,5
62544,1
62545,4
62546,4
62547,5
62548,4
62549,2
62550,2
62551,2
62552,4
62553,3
62554,3
62555,1
62556,1
62557,1
62558,1
62559,1
62560,0
62561,0
62562,2
62563,4
62564,1
62565,3
62566,4
62567,5
62568,1
62569,3
62570,2
62571,4
62572,4
62573,4
62574,2
62575,4
62576,4
62577,2
62578,2
62579,4
62580,4
62581,4
62582,2
62583,2
62584,2
62585,2
62586,2
62587,4
62588,4
62589,4
62590,4
62591,2
62592,4
62593,4
62594,4
62595,2
62596,2
62597,2
62598,0
62599,4
62600,2
62601,4
62602,2
62603,4
62604,4
62605,1
62606,2
62607,2
62608,4
62609,2
62610,2
62611,3
62612,4
62613,2
62614,3
62615,2
62616,2
62617,0
62618,4
62619,2
62620,2
62621,2
62622,3
62623,2
62624,2
62625,4
62626,4
62627,2
62628,2
62629,2
62630,3
62631,1
62632,1
62633,5
62634,5
62635,3
62636,5
62637,5
62638,3
62639,5
62640,3
62641,2
62642,3
62643,3
62644,2
62645,2
62646,2
62647,2
62648,3
62649,2
62650,2
62651,1
62652,3
62653,2
62654,3
62655,3
62656,0
62657,2
62658,2
62659,2
62660,2
62661,2
62662,0
62663,0
62664,0
62665,0
62666,0
62667,5
62668,0
62669,2
62670,2
62671,2
62672,0
62673,0
62674,0
62675,0
62676,0
62677,0
62678,0
62679,0
62680,0
62681,1
62682,2
62683,3
62684,3
62685,3
62686,3
62687,1
62688,3
62689,3
62690,3
62691,3
62692,3
62693,0
62694,2
62695,2
62696,3
62697,0
62698,3
62699,3
62700,3
62701,3
62702,0
62703,5
62704,3
62705,5
62706,4
62707,3
62708,2
62709,3
62710,1
62711,3
62712,0
62713,0
62714,3
62715,0
62716,0
62717,0
62718,5
62719,0
62720,0
62721,1
62722,5
62723,3
62724,3
62725,3
62726,3
62727,3
62728,3
62729,5
62730,5
62731,1
62732,1
62733,1
62734,1
62735,1
62736,3
62737,3
62738,3
62739,3
62740,3
62741,3
62742,3
62743,1
62744,3
62745,3
62746,3
62747,0
62748,3
62749,3
62750,3
62751,3
62752,1
62753,3
62754,1
62755,3
62756,0
62757,3
62758,1
62759,1
62760,5
62761,3
62762,3
62763,3
62764,3
62765,3
62766,3
62767,3
62768,1
62769,1
62770,1
62771,0
62772,5
62773,3
62774,3
62775,3
62776,3
62777,0
62778,0
62779,3
62780,5
62781,1
62782,3
62783,3
62784,0
62785,2
62786,2
62787,2
62788,0
62789,0
62790,0
62791,2
62792,0
62793,0
62794,0
62795,0
62796,0
62797,0
62798,0
62799,0
62800,0
62801,0
62802,0
62803,0
62804,5
62805,3
62806,3
62807,1
62808,3
62809,3
62810,3
62811,3
62812,3
62813,3
62814,3
62815,3
62816,0
62817,3
62818,3
62819,2
62820,5
62821,5
62822,3
62823,2
62824,0
62825,0
62826,0
62827,2
62828,5
62829,3
62830,1
62831,0
62832,5
62833,2
62834,3
62835,5
62836,2
62837,3
62838,3
62839,3
62840,0
62841,0
62842,0
62843,0
62844,0
62845,0
62846,0
62847,0
62848,0
62849,0
62850,0
62851,3
62852,0
62853,3
62854,2
62855,0
62856,3
62857,0
62858,2
62859,3
62860,0
62861,0
62862,2
62863,3
62864,3
62865,3
62866,2
62867,3
62868,0
62869,3
62870,3
62871,3
62872,3
62873,3
62874,3
62875,1
62876,3
62877,5
62878,0
62879,0
62880,0
62881,0
62882,0
62883,0
62884,2
62885,0
62886,2
62887,0
62888,1
62889,3
62890,0
62891,2
62892,3
62893,0
62894,3
62895,2
62896,0
62897,3
62898,2
62899,5
62900,1
62901,3
62902,3
62903,2
62904,0
62905,0
62906,3
62907,3
62908,3
62909,2
62910,0
62911,0
62912,2
62913,0
62914,0
62915,1
62916,1
62917,0
62918,4
62919,3
62920,3
62921,3
62922,3
62923,5
62924,3
62925,3
62926,3
62927,3
62928,2
62929,2
62930,3
62931,3
62932,3
62933,2
62934,2
62935,3
62936,2
62937,1
62938,1
62939,0
62940,2
62941,0
62942,0
62943,0
62944,0
62945,0
62946,3
62947,2
62948,3
62949,3
62950,0
62951,3
62952,3
62953,3
62954,3
62955,2
62956,3
62957,2
62958,2
62959,1
62960,3
62961,1
62962,2
62963,3
62964,2
62965,2
62966,1
62967,0
62968,3
62969,3
62970,3
62971,3
62972,3
62973,1
62974,5
62975,2
62976,2
62977,2
62978,2
62979,3
62980,3
62981,3
62982,2
62983,3
62984,0
62985,3
62986,3
62987,3
62988,3
62989,1
62990,3
62991,1
62992,0
62993,0
62994,2
62995,2
62996,2
62997,2
62998,2
62999,2
63000,2
63001,2
63002,2
63003,2
63004,2
63005,2
63006,2
63007,2
63008,2
63009,2
63010,3
63011,2
63012,2
63013,2
63014,3
63015,4
63016,2
63017,4
63018,2
63019,2
63020,2
63021,2
63022,2
63023,4
63024,4
63025,4
63026,2
63027,2
63028,2
63029,2
63030,2
63031,4
63032,2
63033,2
63034,2
63035,2
63036,2
63037,2
63038,2
63039,2
63040,2
63041,4
63042,2
63043,3
63044,2
63045,2
63046,2
63047,2
63048,3
63049,1
63050,3
63051,2
63052,2
63053,2
63054,3
63055,2
63056,5
63057,2
63058,5
63059,5
63060,5
63061,2
63062,2
63063,2
63064,2
63065,2
63066,2
63067,2
63068,2
63069,2
63070,2
63071,2
63072,2
63073,4
63074,2
63075,2
63076,2
63077,2
63078,2
63079,5
63080,2
63081,2
63082,2
63083,2
63084,2
63085,5
63086,5
63087,2
63088,5
63089,2
63090,5
63091,2
63092,2
63093,2
63094,5
63095,5
63096,5
63097,2
63098,2
63099,3
63100,5
63101,4
63102,1
63103,1
63104,1
63105,5
63106,3
63107,2
63108,2
63109,2
63110,2
63111,2
63112,4
63113,2
63114,2
63115,2
63116,4
63117,2
63118,2
63119,2
63120,2
63121,5
63122,2
63123,2
63124,2
63125,2
63126,2
63127,2
63128,3
63129,2
63130,2
63131,2
63132,2
63133,2
63134,2
63135,2
63136,2
63137,2
63138,2
63139,2
63140,2
63141,2
63142,2
63143,2
63144,4
63145,1
63146,2
63147,3
63148,3
63149,0
63150,0
63151,2
63152,0
63153,2
63154,2
63155,2
63156,4
63157,2
63158,4
63159,4
63160,2
63161,2
63162,2
63163,2
63164,2
63165,2
63166,2
63167,2
63168,2
63169,2
63170,2
63171,2
63172,2
63173,3
63174,2
63175,2
63176,2
63177,3
63178,2
63179,2
63180,2
63181,2
63182,0
63183,2
63184,2
63185,2
63186,2
63187,2
63188,2
63189,2
63190,2
63191,2
63192,2
63193,2
63194,2
63195,5
63196,0
63197,2
63198,4
63199,2
63200,3
63201,5
63202,2
63203,0
63204,5
63205,2
63206,5
63207,5
63208,2
63209,2
63210,2
63211,5
63212,2
63213,5
63214,5
63215,2
63216,2
63217,2
63218,3
63219,5
63220,5
63221,2
63222,2
63223,1
63224,2
63225,2
63226,2
63227,2
63228,2
63229,0
63230,2
63231,2
63232,0
63233,2
63234,2
63235,5
63236,2
63237,2
63238,2
63239,2
63240,3
63241,2
63242,4
63243,3
63244,2
63245,3
63246,3
63247,2
63248,2
63249,2
63250,1
63251,2
63252,2
63253,2
63254,5
63255,2
63256,2
63257,2
63258,2
63259,2
63260,5
63261,2
63262,2
63263,2
63264,2
63265,2
63266,2
63267,2
63268,2
63269,2
63270,2
63271,2
63272,2
63273,2
63274,2
63275,2
63276,2
63277,2
63278,5
63279,5
63280,2
63281,2
63282,2
63283,2
63284,2
63285,2
63286,2
63287,2
63288,2
63289,2
63290,0
63291,2
63292,2
63293,2
63294,2
63295,4
63296,4
63297,2
63298,5
63299,2
63300,2
63301,2
63302,5
63303,2
63304,2
63305,2
63306,2
63307,2
63308,2
63309,2
63310,4
63311,2
63312,2
63313,4
63314,2
63315,2
63316,2
63317,2
63318,4
63319,4
63320,3
63321,2
63322,2
63323,2
63324,2
63325,4
63326,2
63327,2
63328,2
63329,2
63330,4
63331,2
63332,2
63333,2
63334,2
63335,2
63336,2
63337,2
63338,2
63339,2
63340,2
63341,1
63342,2
63343,2
63344,4
63345,2
63346,2
63347,2
63348,2
63349,2
63350,5
63351,2
63352,4
63353,5
63354,2
63355,2
63356,5
63357,2
63358,2
63359,2
63360,2
63361,2
63362,2
63363,2
63364,2
63365,0
63366,2
63367,2
63368,0
63369,2
63370,2
63371,2
63372,0
63373,1
63374,2
63375,2
63376,2
63377,3
63378,2
63379,2
63380,2
63381,2
63382,2
63383,2
63384,2
63385,4
63386,3
63387,3
63388,1
63389,3
63390,1
63391,3
63392,0
63393,1
63394,1
63395,1
63396,1
63397,1
63398,1
63399,1
63400,1
63401,5
63402,1
63403,1
63404,1
63405,4
63406,3
63407,4
63408,5
63409,2
63410,4
63411,1
63412,2
63413,4
63414,3
63415,0
63416,4
63417,2
63418,2
63419,2
63420,2
63421,3
63422,2
63423,2
63424,2
63425,4
63426,2
63427,2
63428,2
63429,2
63430,2
63431,2
63432,2
63433,2
63434,2
63435,2
63436,2
63437,2
63438,2
63439,2
63440,4
63441,2
63442,2
63443,5
63444,5
63445,5
63446,5
63447,5
63448,2
63449,5
63450,2
63451,2
63452,3
63453,2
63454,2
63455,2
63456,2
63457,2
63458,2
63459,2
63460,2
63461,2
63462,3
63463,2
63464,2
63465,2
63466,5
63467,2
63468,2
63469,2
63470,5
63471,2
63472,2
63473,2
63474,2
63475,2
63476,2
63477,2
63478,2
63479,3
63480,3
63481,2
63482,2
63483,2
63484,2
63485,2
63486,5
63487,2
63488,2
63489,2
63490,2
63491,1
63492,2
63493,2
63494,2
63495,2
63496,2
63497,2
63498,2
63499,2
63500,2
63501,2
63502,2
63503,2
63504,2
63505,2
63506,2
63507,1
63508,2
63509,1
63510,5
63511,4
63512,2
63513,0
63514,2
63515,2
63516,2
63517,2
63518,2
63519,2
63520,2
63521,2
63522,2
63523,2
63524,2
63525,2
63526,2
63527,2
63528,4
63529,2
63530,0
63531,2
63532,2
63533,2
63534,2
63535,2
63536,2
63537,2
63538,2
63539,2
63540,2
63541,2
63542,2
63543,2
63544,2
63545,2
63546,2
63547,2
63548,2
63549,2
63550,2
63551,0
63552,2
63553,2
63554,2
63555,2
63556,2
63557,2
63558,2
63559,2
63560,2
63561,4
63562,2
63563,2
63564,2
63565,2
63566,2
63567,5
63568,5
63569,5
63570,5
63571,5
63572,5
63573,2
63574,5
63575,5
63576,2
63577,2
63578,5
63579,1
63580,2
63581,5
63582,2
63583,5
63584,2
63585,2
63586,2
63587,2
63588,2
63589,2
63590,2
63591,2
63592,5
63593,2
63594,2
63595,2
63596,3
63597,2
63598,2
63599,2
63600,2
63601,2
63602,2
63603,2
63604,2
63605,2
63606,2
63607,2
63608,2
63609,2
63610,2
63611,2
63612,2
63613,1
63614,2
63615,2
63616,2
63617,2
63618,2
63619,2
63620,2
63621,2
63622,2
63623,2
63624,2
63625,2
63626,2
63627,2
63628,2
63629,2
63630,4
63631,5
63632,2
63633,2
63634,2
63635,2
63636,2
63637,2
63638,4
63639,2
63640,2
63641,4
63642,2
63643,2
63644,2
63645,2
63646,2
63647,2
63648,4
63649,2
63650,2
63651,2
63652,2
63653,2
63654,2
63655,2
63656,2
63657,2
63658,2
63659,2
63660,2
63661,2
63662,2
63663,4
63664,2
63665,4
63666,2
63667,2
63668,2
63669,2
63670,2
63671,3
63672,2
63673,2
63674,2
63675,4
63676,2
63677,2
63678,5
63679,2
63680,2
63681,2
63682,2
63683,2
63684,2
63685,2
63686,2
63687,2
63688,2
63689,3
63690,2
63691,2
63692,2
63693,4
63694,2
63695,4
63696,2
63697,2
63698,2
63699,2
63700,2
63701,2
63702,2
63703,2
63704,2
63705,2
63706,4
63707,2
63708,2
63709,2
63710,2
63711,2
63712,2
63713,2
63714,2
63715,2
63716,2
63717,2
63718,4
63719,2
63720,2
63721,2
63722,2
63723,2
63724,2
63725,2
63726,2
63727,1
63728,4
63729,2
63730,2
63731,2
63732,2
63733,2
63734,2
63735,2
63736,2
63737,2
63738,2
63739,2
63740,2
63741,2
63742,2
63743,2
63744,2
63745,2
63746,2
63747,2
63748,2
63749,2
63750,2
63751,2
63752,2
63753,2
63754,2
63755,2
63756,2
63757,2
63758,2
63759,2
63760,2
63761,2
63762,2
63763,2
63764,2
63765,2
63766,2
63767,2
63768,2
63769,2
63770,3
63771,1
63772,1
63773,2
63774,5
63775,5
63776,5
63777,5
63778,2
63779,3
63780,5
63781,1
63782,3
63783,5
63784,2
63785,2
63786,2
63787,2
63788,2
63789,5
63790,2
63791,2
63792,2
63793,2
63794,2
63795,0
63796,2
63797,2
63798,2
63799,2
63800,1
63801,3
63802,0
63803,2
63804,2
63805,2
63806,2
63807,2
63808,5
63809,5
63810,3
63811,2
63812,5
63813,2
63814,5
63815,5
63816,4
63817,4
63818,5
63819,2
63820,2
63821,2
63822,5
63823,2
63824,5
63825,2
63826,5
63827,2
63828,2
63829,4
63830,2
63831,5
63832,2
63833,2
63834,2
63835,2
63836,2
63837,2
63838,3
63839,2
63840,2
63841,2
63842,2
63843,2
63844,4
63845,2
63846,2
63847,2
63848,2
63849,2
63850,2
63851,2
63852,2
63853,2
63854,2
63855,2
63856,2
63857,5
63858,2
63859,5
63860,2
63861,2
63862,2
63863,2
63864,2
63865,2
63866,2
63867,2
63868,2
63869,2
63870,2
63871,2
63872,2
63873,2
63874,2
63875,2
63876,2
63877,2
63878,2
63879,2
63880,2
63881,2
63882,2
63883,2
63884,2
63885,2
63886,2
63887,2
63888,4
63889,5
63890,2
63891,2
63892,2
63893,2
63894,2
63895,1
63896,2
63897,2
63898,2
63899,2
63900,2
63901,2
63902,2
63903,2
63904,3
63905,2
63906,2
63907,2
63908,2
63909,4
63910,2
63911,2
63912,2
63913,2
63914,2
63915,2
63916,2
63917,2
63918,2
63919,2
63920,2
63921,2
63922,2
63923,1
63924,5
63925,2
63926,2
63927,5
63928,2
63929,2
63930,2
63931,2
63932,2
63933,2
63934,2
63935,2
63936,2
63937,2
63938,2
63939,2
63940,3
63941,2
63942,2
63943,2
63944,0
63945,2
63946,2
63947,2
63948,2
63949,2
63950,2
63951,2
63952,2
63953,2
63954,2
63955,3
63956,2
63957,2
63958,2
63959,2
63960,2
63961,2
63962,2
63963,2
63964,1
63965,2
63966,2
63967,4
63968,2
63969,2
63970,0
63971,2
63972,2
63973,2
63974,2
63975,2
63976,2
63977,2
63978,2
63979,2
63980,2
63981,2
63982,2
63983,2
63984,2
63985,4
63986,2
63987,2
63988,2
63989,2
63990,2
63991,2
63992,2
63993,2
63994,2
63995,2
63996,2
63997,4
63998,4
63999,4
64000,2
64001,2
64002,0
64003,4
64004,2
64005,2
64006,2
64007,2
64008,2
64009,2
64010,2
64011,2
64012,2
64013,2
64014,2
64015,2
64016,2
64017,2
64018,2
64019,2
64020,2
64021,2
64022,2
64023,2
64024,2
64025,2
64026,2
64027,2
64028,2
64029,2
64030,2
64031,2
64032,2
64033,1
64034,2
64035,2
64036,2
64037,2
64038,3
64039,2
64040,2
64041,2
64042,4
64043,4
64044,2
64045,2
64046,2
64047,2
64048,2
64049,2
64050,2
64051,2
64052,2
64053,2
64054,3
64055,3
64056,2
64057,3
64058,2
64059,2
64060,2
64061,5
64062,0
64063,3
64064,1
64065,1
64066,5
64067,1
64068,5
64069,5
64070,1
64071,1
64072,2
64073,3
64074,5
64075,3
64076,2
64077,3
64078,2
64079,2
64080,5
64081,3
64082,4
64083,3
64084,2
64085,2
64086,2
64087,3
64088,2
64089,2
64090,2
64091,2
64092,2
64093,2
64094,2
64095,2
64096,2
64097,3
64098,2
64099,2
64100,2
64101,2
64102,2
64103,2
64104,2
64105,2
64106,2
64107,2
64108,2
64109,2
64110,2
64111,2
64112,2
64113,0
64114,2
64115,2
64116,2
64117,2
64118,2
64119,2
64120,2
64121,2
64122,2
64123,2
64124,2
64125,2
64126,2
64127,2
64128,2
64129,2
64130,2
64131,2
64132,2
64133,2
64134,2
64135,2
64136,2
64137,2
64138,4
64139,1
64140,2
64141,2
64142,2
64143,4
64144,2
64145,4
64146,1
64147,2
64148,4
64149,1
64150,1
64151,2
64152,2
64153,2
64154,2
64155,2
64156,4
64157,2
64158,2
64159,4
64160,2
64161,2
64162,2
64163,2
64164,2
64165,2
64166,2
64167,2
64168,2
64169,2
64170,2
64171,2
64172,2
64173,2
64174,5
64175,2
64176,2
64177,2
64178,2
64179,2
64180,2
64181,2
64182,2
64183,2
64184,2
64185,2
64186,2
64187,2
64188,2
64189,2
64190,2
64191,2
64192,2
64193,2
64194,2
64195,2
64196,2
64197,2
64198,2
64199,2
64200,2
64201,2
64202,2
64203,2
64204,2
64205,2
64206,2
64207,2
64208,2
64209,2
64210,2
64211,2
64212,2
64213,2
64214,2
64215,2
64216,2
64217,2
64218,2
64219,4
64220,2
64221,4
64222,4
64223,0
64224,2
64225,2
64226,2
64227,2
64228,2
64229,2
64230,2
64231,2
64232,2
64233,2
64234,2
64235,2
64236,2
64237,2
64238,2
64239,2
64240,2
64241,2
64242,2
64243,2
64244,2
64245,2
64246,2
64247,2
64248,2
64249,2
64250,1
64251,2
64252,2
64253,3
64254,2
64255,2
64256,2
64257,2
64258,2
64259,2
64260,2
64261,2
64262,2
64263,2
64264,2
64265,2
64266,2
64267,2
64268,2
64269,2
64270,2
64271,2
64272,2
64273,2
64274,2
64275,2
64276,2
64277,2
64278,2
64279,2
64280,2
64281,2
64282,2
64283,2
64284,2
64285,2
64286,2
64287,0
64288,2
64289,2
64290,2
64291,5
64292,5
64293,2
64294,2
64295,2
64296,2
64297,2
64298,2
64299,2
64300,2
64301,2
64302,2
64303,2
64304,2
64305,2
64306,2
64307,2
64308,2
64309,2
64310,2
64311,2
64312,2
64313,2
64314,2
64315,2
64316,2
64317,2
64318,2
64319,2
64320,2
64321,2
64322,2
64323,2
64324,2
64325,2
64326,2
64327,2
64328,2
64329,5
64330,2
64331,2
64332,2
64333,2
64334,2
64335,2
64336,2
64337,2
64338,2
64339,2
64340,2
64341,5
64342,2
64343,5
64344,2
64345,2
64346,2
64347,2
64348,2
64349,2
64350,2
64351,2
64352,0
64353,5
64354,2
64355,2
64356,2
64357,1
64358,2
64359,2
64360,1
64361,2
64362,2
64363,2
64364,2
64365,2
64366,2
64367,2
64368,2
64369,2
64370,2
64371,2
64372,2
64373,2
64374,2
64375,2
64376,2
64377,4
64378,2
64379,2
64380,2
64381,2
64382,2
64383,2
64384,2
64385,2
64386,2
64387,2
64388,2
64389,2
64390,2
64391,2
64392,2
64393,2
64394,2
64395,2
64396,2
64397,2
64398,2
64399,2
64400,2
64401,2
64402,2
64403,2
64404,2
64405,2
64406,1
64407,2
64408,1
64409,2
64410,2
64411,2
64412,2
64413,2
64414,2
64415,2
64416,2
64417,0
64418,2
64419,2
64420,2
64421,2
64422,2
64423,2
64424,2
64425,2
64426,2
64427,2
64428,2
64429,5
64430,2
64431,2
64432,0
64433,2
64434,0
64435,0
64436,5
64437,2
64438,2
64439,2
64440,2
64441,2
64442,2
64443,2
64444,2
64445,2
64446,2
64447,2
64448,2
64449,2
64450,2
64451,2
64452,2
64453,2
64454,2
64455,2
64456,3
64457,2
64458,2
64459,2
64460,2
64461,2
64462,2
64463,2
64464,2
64465,2
64466,2
64467,2
64468,2
64469,2
64470,2
64471,2
64472,4
64473,2
64474,2
64475,2
64476,2
64477,2
64478,2
64479,2
64480,2
64481,2
64482,2
64483,2
64484,2
64485,2
64486,2
64487,2
64488,1
64489,4
64490,2
64491,2
64492,2
64493,2
64494,2
64495,2
64496,2
64497,2
64498,2
64499,2
64500,2
64501,2
64502,2
64503,2
64504,2
64505,2
64506,2
64507,2
64508,2
64509,2
64510,2
64511,2
64512,2
64513,2
64514,2
64515,2
64516,2
64517,2
64518,2
64519,2
64520,2
64521,2
64522,2
64523,5
64524,2
64525,2
64526,2
64527,1
64528,2
64529,2
64530,2
64531,2
64532,2
64533,2
64534,2
64535,2
64536,2
64537,2
64538,2
64539,2
64540,2
64541,2
64542,2
64543,2
64544,2
64545,2
64546,2
64547,2
64548,5
64549,2
64550,1
64551,2
64552,2
64553,2
64554,2
64555,2
64556,2
64557,2
64558,2
64559,2
64560,2
64561,2
64562,2
64563,2
64564,2
64565,2
64566,2
64567,2
64568,2
64569,2
64570,2
64571,2
64572,2
64573,2
64574,2
64575,2
64576,2
64577,2
64578,2
64579,2
64580,2
64581,2
64582,2
64583,2
64584,2
64585,2
64586,5
64587,2
64588,4
64589,2
64590,2
64591,2
64592,2
64593,2
64594,2
64595,2
64596,2
64597,2
64598,2
64599,2
64600,2
64601,2
64602,2
64603,2
64604,2
64605,2
64606,2
64607,2
64608,2
64609,2
64610,2
64611,2
64612,2
64613,2
64614,2
64615,2
64616,2
64617,2
64618,2
64619,2
64620,2
64621,5
64622,2
64623,2
64624,2
64625,4
64626,2
64627,2
64628,2
64629,2
64630,2
64631,2
64632,2
64633,2
64634,2
64635,2
64636,2
64637,2
64638,2
64639,2
64640,2
64641,2
64642,2
64643,2
64644,2
64645,2
64646,2
64647,2
64648,2
64649,2
64650,2
64651,2
64652,2
64653,2
64654,2
64655,2
64656,2
64657,2
64658,2
64659,2
64660,2
64661,2
64662,2
64663,2
64664,2
64665,2
64666,2
64667,2
64668,2
64669,2
64670,2
64671,2
64672,2
64673,0
64674,2
64675,2
64676,2
64677,2
64678,2
64679,2
64680,2
64681,2
64682,2
64683,2
64684,2
64685,2
64686,2
64687,3
64688,2
64689,2
64690,2
64691,2
64692,2
64693,2
64694,2
64695,2
64696,2
64697,2
64698,2
64699,2
64700,2
64701,2
64702,2
64703,2
64704,2
64705,2
64706,2
64707,2
64708,2
64709,2
64710,2
64711,2
64712,2
64713,2
64714,2
64715,2
64716,2
64717,2
64718,2
64719,2
64720,2
64721,1
64722,2
64723,4
64724,2
64725,2
64726,2
64727,2
64728,2
64729,2
64730,4
64731,2
64732,2
64733,2
64734,2
64735,2
64736,2
64737,2
64738,2
64739,2
64740,2
64741,2
64742,2
64743,2
64744,2
64745,2
64746,2
64747,2
64748,2
64749,2
64750,2
64751,2
64752,2
64753,2
64754,2
64755,0
64756,2
64757,3
64758,3
64759,3
64760,3
64761,5
64762,3
64763,3
64764,3
64765,3
64766,1
64767,1
64768,3
64769,3
64770,3
64771,4
64772,3
64773,3
64774,4
64775,1
64776,3
64777,5
64778,5
64779,5
64780,1
64781,1
64782,3
64783,3
64784,3
64785,3
64786,3
64787,3
64788,3
64789,3
64790,3
64791,3
64792,3
64793,3
64794,3
64795,3
64796,5
64797,3
64798,3
64799,3
64800,3
64801,1
64802,3
64803,1
64804,3
64805,3
64806,2
64807,2
64808,4
64809,3
64810,3
64811,3
64812,3
64813,3
64814,4
64815,3
64816,3
64817,5
64818,5
64819,5
64820,5
64821,2
64822,2
64823,2
64824,2
64825,2
64826,2
64827,2
64828,3
64829,0
64830,2
64831,2
64832,2
64833,2
64834,2
64835,2
64836,1
64837,2
64838,2
64839,2
64840,2
64841,2
64842,5
64843,5
64844,3
64845,3
64846,5
64847,3
64848,1
64849,1
64850,2
64851,3
64852,3
64853,3
64854,3
64855,3
64856,3
64857,5
64858,3
64859,3
64860,3
64861,3
64862,3
64863,3
64864,3
64865,3
64866,3
64867,3
64868,3
64869,3
64870,3
64871,5
64872,3
64873,3
64874,3
64875,3
64876,3
64877,3
64878,3
64879,3
64880,3
64881,2
64882,2
64883,2
64884,2
64885,2
64886,2
64887,2
64888,5
64889,2
64890,2
64891,2
64892,2
64893,2
64894,2
64895,2
64896,2
64897,5
64898,2
64899,2
64900,3
64901,2
64902,2
64903,3
64904,2
64905,2
64906,2
64907,2
64908,3
64909,2
64910,3
64911,2
64912,2
64913,2
64914,2
64915,2
64916,1
64917,5
64918,1
64919,1
64920,1
64921,3
64922,1
64923,1
64924,1
64925,1
64926,1
64927,1
64928,1
64929,1
64930,1
64931,3
64932,1
64933,1
64934,3
64935,1
64936,1
64937,1
64938,1
64939,3
64940,3
64941,3
64942,3
64943,1
64944,1
64945,1
64946,1
64947,1
64948,1
64949,1
64950,2
64951,1
64952,2
64953,2
64954,4
64955,1
64956,3
64957,3
64958,4
64959,3
64960,4
64961,4
64962,3
64963,4
64964,4
64965,1
64966,1
64967,1
64968,1
64969,4
64970,4
64971,3
64972,4
64973,3
64974,2
64975,3
64976,4
64977,4
64978,2
64979,0
64980,0
64981,4
64982,3
64983,4
64984,3
64985,2
64986,4
64987,3
64988,2
64989,3
64990,3
64991,3
64992,1
64993,1
64994,1
64995,1
64996,1
64997,0
64998,3
64999,2
65000,2
65001,4
65002,2
65003,3
65004,4
65005,2
65006,2
65007,3
65008,3
65009,3
65010,3
65011,3
65012,1
65013,2
65014,3
65015,2
65016,2
65017,4
65018,2
65019,1
65020,3
65021,4
65022,4
65023,4
65024,4
65025,4
65026,4
65027,5
65028,4
65029,4
65030,4
65031,4
65032,4
65033,4
65034,4
65035,4
65036,4
65037,4
65038,4
65039,4
65040,3
65041,3
65042,1
65043,3
65044,3
65045,3
65046,3
65047,3
65048,3
65049,3
65050,3
65051,3
65052,3
65053,3
65054,2
65055,3
65056,1
65057,3
65058,3
65059,1
65060,3
65061,3
65062,4
65063,3
65064,4
65065,4
65066,4
65067,4
65068,3
65069,3
65070,3
65071,4
65072,4
65073,3
65074,3
65075,3
65076,3
65077,4
65078,4
65079,5
65080,5
65081,3
65082,5
65083,5
65084,5
65085,4
65086,3
65087,3
65088,3
65089,3
65090,3
65091,3
65092,1
65093,1
65094,3
65095,1
65096,3
65097,3
65098,3
65099,3
65100,3
65101,4
65102,2
65103,4
65104,4
65105,3
65106,3
65107,3
65108,4
65109,3
65110,3
65111,3
65112,2
65113,3
65114,3
65115,4
65116,3
65117,3
65118,5
65119,4
65120,4
65121,4
65122,5
65123,1
65124,3
65125,3
65126,5
65127,3
65128,3
65129,3
65130,3
65131,5
65132,5
65133,3
65134,3
65135,4
65136,0
65137,3
65138,2
65139,3
65140,2
65141,0
65142,4
65143,3
65144,3
65145,5
65146,1
65147,3
65148,4
65149,3
65150,4
65151,4
65152,3
65153,4
65154,4
65155,4
65156,3
65157,3
65158,4
65159,4
65160,4
65161,4
65162,3
65163,3
65164,3
65165,3
65166,4
65167,3
65168,4
65169,4
65170,3
65171,3
65172,3
65173,3
65174,3
65175,3
65176,2
65177,3
65178,2
65179,4
65180,3
65181,2
65182,4
65183,3
65184,2
65185,2
65186,4
65187,2
65188,3
65189,4
65190,4
65191,4
65192,3
65193,3
65194,4
65195,3
65196,5
65197,3
65198,3
65199,4
65200,4
65201,3
65202,4
65203,1
65204,5
65205,1
65206,4
65207,3
65208,3
65209,4
65210,3
65211,4
65212,3
65213,5
65214,1
65215,5
65216,5
65217,5
65218,3
65219,3
65220,3
65221,5
65222,4
65223,2
65224,4
65225,3
65226,5
65227,2
65228,3
65229,4
65230,4
65231,3
65232,4
65233,3
65234,3
65235,5
65236,5
65237,5
65238,4
65239,5
65240,5
65241,2
65242,5
65243,5
65244,5
65245,5
65246,5
65247,5
65248,5
65249,5
65250,3
65251,5
65252,3
65253,4
65254,1
65255,4
65256,3
65257,0
65258,3
65259,3
65260,4
65261,4
65262,0
65263,5
65264,3
65265,3
65266,4
65267,3
65268,3
65269,3
65270,2
65271,2
65272,3
65273,1
65274,2
65275,2
65276,3
65277,3
65278,2
65279,3
65280,5
65281,4
65282,3
65283,4
65284,4
65285,3
65286,2
65287,3
65288,3
65289,5
65290,2
65291,4
65292,3
65293,2
65294,1
65295,2
65296,2
65297,2
65298,1
65299,1
65300,4
65301,3
65302,4
65303,4
65304,3
65305,4
65306,5
65307,4
65308,0
65309,3
65310,3
65311,3
65312,3
65313,0
65314,2
65315,2
65316,4
65317,2
65318,3
65319,0
65320,3
65321,3
65322,3
65323,2
65324,2
65325,3
65326,4
65327,4
65328,3
65329,3
65330,1
65331,2
65332,1
65333,2
65334,1
65335,3
65336,5
65337,3
65338,5
65339,3
65340,1
65341,1
65342,5
65343,1
65344,1
65345,2
65346,1
65347,3
65348,2
65349,3
65350,3
65351,2
65352,3
65353,2
65354,2
65355,3
65356,1
65357,3
65358,2
65359,5
65360,3
65361,3
65362,3
65363,5
65364,1
65365,2
65366,1
65367,5
65368,5
65369,4
65370,5
65371,3
65372,3
65373,1
65374,5
65375,3
65376,5
65377,2
65378,2
65379,2
65380,3
65381,3
65382,1
65383,4
65384,1
65385,1
65386,1
65387,4
65388,4
65389,1
65390,1
65391,1
65392,5
65393,5
65394,3
65395,5
65396,5
65397,4
65398,3
65399,2
65400,2
65401,2
65402,3
65403,3
65404,2
65405,4
65406,3
65407,3
65408,2
65409,5
65410,4
65411,5
65412,5
65413,5
65414,3
65415,3
65416,4
65417,3
65418,3
65419,4
65420,2
65421,2
65422,4
65423,3
65424,2
65425,4
65426,2
65427,2
65428,2
65429,3
65430,5
65431,2
65432,2
65433,4
65434,2
65435,2
65436,2
65437,2
65438,3
65439,2
65440,3
65441,2
65442,3
65443,3
65444,3
65445,4
65446,4
65447,2
65448,4
65449,3
65450,2
65451,3
65452,4
65453,1
65454,1
65455,1
65456,2
65457,1
65458,1
65459,1
65460,1
65461,3
65462,2
65463,4
65464,4
65465,3
65466,4
65467,1
65468,1
65469,4
65470,2
65471,1
65472,3
65473,3
65474,1
65475,3
65476,5
65477,3
65478,2
65479,4
65480,5
65481,0
65482,3
65483,3
65484,3
65485,3
65486,3
65487,3
65488,2
65489,2
65490,3
65491,3
65492,3
65493,5
65494,1
65495,1
65496,1
65497,4
65498,3
65499,1
65500,3
65501,3
65502,3
65503,3
65504,3
65505,3
65506,3
65507,3
65508,1
65509,0
65510,0
65511,1
65512,0
65513,3
65514,3
65515,5
65516,4
65517,2
65518,5
65519,4
65520,4
65521,3
65522,4
65523,3
65524,1
65525,2
65526,3
65527,2
65528,4
65529,3
65530,3
65531,2
65532,2
65533,2
65534,2
65535,5
65536,2
65537,2
65538,2
65539,4
65540,3
65541,2
65542,2
65543,3
65544,3
65545,4
65546,2
65547,2
65548,2
65549,2
65550,2
65551,4
65552,2
65553,1
65554,2
65555,2
65556,4
65557,2
65558,1
65559,2
65560,2
65561,2
65562,2
65563,2
65564,1
65565,2
65566,1
65567,5
65568,2
65569,2
65570,2
65571,3
65572,3
65573,2
65574,5
65575,2
65576,2
65577,2
65578,2
65579,3
65580,5
65581,2
65582,3
65583,5
65584,3
65585,4
65586,3
65587,0
65588,0
65589,4
65590,3
65591,4
65592,4
65593,0
65594,0
65595,3
65596,3
65597,3
65598,3
65599,4
65600,4
65601,1
65602,1
65603,4
65604,3
65605,3
65606,4
65607,4
65608,4
65609,3
65610,0
65611,0
65612,3
65613,0
65614,4
65615,0
65616,3
65617,3
65618,3
65619,4
65620,3
65621,3
65622,3
65623,1
65624,4
65625,3
65626,3
65627,4
65628,4
65629,4
65630,3
65631,3
65632,4
65633,0
65634,3
65635,0
65636,4
65637,0
65638,3
65639,4
65640,4
65641,3
65642,4
65643,4
65644,3
65645,3
65646,3
65647,3
65648,3
65649,4
65650,5
65651,5
65652,0
65653,4
65654,4
65655,3
65656,4
65657,4
65658,4
65659,4
65660,3
65661,3
65662,3
65663,4
65664,3
65665,3
65666,3
65667,3
65668,3
65669,3
65670,3
65671,4
65672,3
65673,3
65674,4
65675,4
65676,3
65677,4
65678,4
65679,2
65680,4
65681,4
65682,4
65683,3
65684,5
65685,4
65686,5
65687,0
65688,0
65689,3
65690,0
65691,0
65692,3
65693,3
65694,3
65695,0
65696,4
65697,5
65698,3
65699,0
65700,0
65701,4
65702,4
65703,0
65704,3
65705,1
65706,0
65707,5
65708,3
65709,5
65710,3
65711,2
65712,3
65713,2
65714,3
65715,2
65716,0
65717,3
65718,3
65719,2
65720,3
65721,5
65722,2
65723,0
65724,2
65725,2
65726,4
65727,4
65728,0
65729,3
65730,4
65731,3
65732,4
65733,4
65734,3
65735,3
65736,3
65737,0
65738,3
65739,3
65740,3
65741,3
65742,4
65743,2
65744,4
65745,4
65746,4
65747,4
65748,4
65749,4
65750,4
65751,0
65752,4
65753,3
65754,4
65755,4
65756,4
65757,4
65758,3
65759,2
65760,4
65761,4
65762,4
65763,4
65764,4
65765,4
65766,3
65767,2
65768,4
65769,1
65770,3
65771,3
65772,3
65773,0
65774,3
65775,2
65776,3
65777,3
65778,2
65779,3
65780,3
65781,2
65782,0
65783,4
65784,4
65785,4
65786,0
65787,4
65788,5
65789,5
65790,4
65791,3
65792,5
65793,3
65794,2
65795,2
65796,2
65797,2
65798,4
65799,2
65800,2
65801,4
65802,3
65803,4
65804,1
65805,2
65806,3
65807,0
65808,4
65809,3
65810,3
65811,4
65812,0
65813,4
65814,3
65815,0
65816,3
65817,3
65818,4
65819,3
65820,3
65821,3
65822,4
65823,2
65824,0
65825,4
65826,3
65827,3
65828,4
65829,4
65830,3
65831,3
65832,0
65833,0
65834,0
65835,4
65836,4
65837,3
65838,3
65839,4
65840,1
65841,3
65842,4
65843,3
65844,3
65845,3
65846,3
65847,3
65848,0
65849,0
65850,3
65851,2
65852,3
65853,3
65854,3
65855,4
65856,3
65857,4
65858,0
65859,4
65860,3
65861,4
65862,4
65863,3
65864,3
65865,3
65866,4
65867,3
65868,3
65869,3
65870,0
65871,4
65872,4
65873,4
65874,3
65875,4
65876,4
65877,3
65878,3
65879,3
65880,3
65881,3
65882,4
65883,3
65884,4
65885,3
65886,4
65887,4
65888,3
65889,4
65890,3
65891,3
65892,3
65893,3
65894,3
65895,3
65896,3
65897,3
65898,4
65899,4
65900,4
65901,4
65902,4
65903,0
65904,4
65905,3
65906,3
65907,3
65908,3
65909,4
65910,4
65911,4
65912,2
65913,2
65914,3
65915,4
65916,4
65917,0
65918,3
65919,0
65920,0
65921,3
65922,3
65923,0
65924,4
65925,2
65926,3
65927,2
65928,3
65929,4
65930,4
65931,2
65932,0
65933,4
65934,0
65935,0
65936,0
65937,3
65938,4
65939,3
65940,3
65941,3
65942,0
65943,4
65944,3
65945,3
65946,1
65947,4
65948,3
65949,4
65950,3
65951,3
65952,3
65953,3
65954,4
65955,3
65956,3
65957,4
65958,4
65959,4
65960,4
65961,1
65962,4
65963,3
65964,3
65965,1
65966,4
65967,4
65968,3
65969,3
65970,2
65971,0
65972,0
65973,3
65974,0
65975,3
65976,3
65977,0
65978,4
65979,1
65980,2
65981,0
65982,3
65983,0
65984,3
65985,4
65986,4
65987,4
65988,4
65989,3
65990,3
65991,3
65992,3
65993,3
65994,3
65995,3
65996,3
65997,3
65998,3
65999,3
66000,3
66001,3
66002,3
66003,3
66004,3
66005,3
66006,3
66007,3
66008,4
66009,3
66010,3
66011,1
66012,4
66013,3
66014,3
66015,4
66016,4
66017,3
66018,5
66019,3
66020,4
66021,4
66022,4
66023,2
66024,4
66025,4
66026,5
66027,0
66028,4
66029,3
66030,0
66031,0
66032,5
66033,5
66034,3
66035,2
66036,3
66037,2
66038,3
66039,2
66040,2
66041,1
66042,1
66043,3
66044,4
66045,3
66046,4
66047,3
66048,3
66049,4
66050,2
66051,4
66052,4
66053,2
66054,4
66055,4
66056,4
66057,1
66058,1
66059,2
66060,4
66061,4
66062,1
66063,3
66064,4
66065,4
66066,3
66067,3
66068,3
66069,2
66070,4
66071,2
66072,2
66073,3
66074,2
66075,3
66076,3
66077,0
66078,3
66079,3
66080,4
66081,3
66082,4
66083,3
66084,3
66085,3
66086,3
66087,2
66088,2
66089,4
66090,2
66091,0
66092,3
66093,4
66094,3
66095,1
66096,4
66097,3
66098,5
66099,4
66100,4
66101,4
66102,3
66103,4
66104,3
66105,3
66106,4
66107,4
66108,4
66109,0
66110,4
66111,3
66112,4
66113,3
66114,5
66115,0
66116,5
66117,0
66118,3
66119,4
66120,1
66121,5
66122,2
66123,5
66124,5
66125,0
66126,3
66127,3
66128,0
66129,4
66130,3
66131,4
66132,3
66133,4
66134,3
66135,4
66136,3
66137,3
66138,4
66139,3
66140,3
66141,4
66142,3
66143,2
66144,4
66145,3
66146,4
66147,3
66148,3
66149,4
66150,4
66151,4
66152,2
66153,3
66154,2
66155,1
66156,1
66157,0
66158,1
66159,1
66160,2
66161,1
66162,1
66163,2
66164,1
66165,2
66166,5
66167,1
66168,1
66169,1
66170,1
66171,1
66172,3
66173,1
66174,1
66175,1
66176,0
66177,2
66178,2
66179,1
66180,2
66181,0
66182,1
66183,2
66184,0
66185,0
66186,2
66187,1
66188,0
66189,2
66190,1
66191,0
66192,2
66193,1
66194,1
66195,1
66196,1
66197,0
66198,1
66199,2
66200,2
66201,1
66202,0
66203,2
66204,2
66205,1
66206,2
66207,2
66208,2
66209,0
66210,2
66211,2
66212,2
66213,0
66214,1
66215,0
66216,0
66217,1
66218,2
66219,1
66220,2
66221,2
66222,2
66223,2
66224,2
66225,2
66226,2
66227,1
66228,4
66229,2
66230,0
66231,1
66232,0
66233,0
66234,0
66235,0
66236,0
66237,0
66238,0
66239,0
66240,0
66241,0
66242,0
66243,0
66244,0
66245,0
66246,0
66247,0
66248,0
66249,0
66250,0
66251,0
66252,0
66253,0
66254,2
66255,0
66256,0
66257,2
66258,0
66259,0
66260,0
66261,0
66262,0
66263,0
66264,0
66265,0
66266,0
66267,0
66268,0
66269,0
66270,0
66271,0
66272,0
66273,0
66274,0
66275,1
66276,1
66277,1
66278,1
66279,1
66280,1
66281,1
66282,1
66283,1
66284,1
66285,3
66286,2
66287,1
66288,1
66289,1
66290,2
66291,1
66292,0
66293,0
66294,0
66295,0
66296,0
66297,0
66298,0
66299,0
66300,0
66301,0
66302,0
66303,0
66304,0
66305,0
66306,1
66307,0
66308,2
66309,5
66310,3
66311,1
66312,2
66313,2
66314,2
66315,5
66316,0
66317,0
66318,0
66319,0
66320,0
66321,0
66322,0
66323,0
66324,5
66325,0
66326,0
66327,0
66328,0
66329,0
66330,0
66331,0
66332,5
66333,0
66334,0
66335,0
66336,0
66337,0
66338,0
66339,0
66340,0
66341,0
66342,0
66343,0
66344,0
66345,0
66346,0
66347,0
66348,0
66349,1
66350,0
66351,0
66352,0
66353,0
66354,0
66355,0
66356,2
66357,0
66358,2
66359,2
66360,2
66361,1
66362,1
66363,2
66364,1
66365,5
66366,1
66367,1
66368,5
66369,0
66370,2
66371,1
66372,2
66373,1
66374,2
66375,3
66376,1
66377,0
66378,5
66379,0
66380,2
66381,2
66382,2
66383,2
66384,0
66385,2
66386,2
66387,2
66388,0
66389,1
66390,1
66391,1
66392,1
66393,4
66394,2
66395,3
66396,1
66397,5
66398,1
66399,5
66400,2
66401,1
66402,5
66403,2
66404,1
66405,1
66406,2
66407,2
66408,1
66409,1
66410,2
66411,1
66412,1
66413,3
66414,1
66415,1
66416,1
66417,1
66418,1
66419,3
66420,2
66421,1
66422,3
66423,1
66424,2
66425,1
66426,2
66427,1
66428,1
66429,3
66430,0
66431,3
66432,0
66433,0
66434,0
66435,0
66436,0
66437,0
66438,0
66439,0
66440,0
66441,0
66442,0
66443,0
66444,0
66445,0
66446,0
66447,0
66448,0
66449,0
66450,0
66451,0
66452,0
66453,0
66454,0
66455,0
66456,0
66457,0
66458,0
66459,0
66460,0
66461,0
66462,0
66463,0
66464,0
66465,0
66466,1
66467,0
66468,0
66469,0
66470,0
66471,1
66472,2
66473,1
66474,0
66475,0
66476,0
66477,0
66478,0
66479,0
66480,0
66481,0
66482,0
66483,1
66484,5
66485,2
66486,2
66487,0
66488,2
66489,2
66490,1
66491,2
66492,1
66493,2
66494,1
66495,0
66496,2
66497,2
66498,2
66499,5
66500,2
66501,0
66502,0
66503,5
66504,1
66505,0
66506,0
66507,0
66508,1
66509,0
66510,0
66511,0
66512,0
66513,0
66514,2
66515,0
66516,0
66517,2
66518,0
66519,0
66520,0
66521,0
66522,0
66523,0
66524,0
66525,0
66526,0
66527,0
66528,0
66529,0
66530,0
66531,0
66532,0
66533,1
66534,2
66535,0
66536,1
66537,2
66538,2
66539,2
66540,0
66541,0
66542,0
66543,0
66544,0
66545,0
66546,0
66547,1
66548,0
66549,3
66550,1
66551,3
66552,3
66553,3
66554,3
66555,3
66556,3
66557,3
66558,1
66559,3
66560,3
66561,3
66562,3
66563,3
66564,3
66565,3
66566,3
66567,3
66568,3
66569,3
66570,3
66571,3
66572,3
66573,3
66574,3
66575,3
66576,3
66577,3
66578,1
66579,3
66580,1
66581,3
66582,3
66583,3
66584,3
66585,3
66586,3
66587,3
66588,3
66589,3
66590,4
66591,3
66592,0
66593,3
66594,0
66595,3
66596,1
66597,3
66598,3
66599,3
66600,0
66601,3
66602,3
66603,3
66604,3
66605,1
66606,1
66607,3
66608,3
66609,3
66610,4
66611,4
66612,3
66613,4
66614,3
66615,3
66616,3
66617,3
66618,1
66619,3
66620,3
66621,3
66622,3
66623,3
66624,3
66625,3
66626,1
66627,3
66628,1
66629,1
66630,3
66631,3
66632,3
66633,0
66634,3
66635,0
66636,0
66637,1
66638,3
66639,3
66640,3
66641,3
66642,3
66643,3
66644,0
66645,3
66646,3
66647,3
66648,3
66649,3
66650,5
66651,5
66652,4
66653,4
66654,5
66655,5
66656,5
66657,2
66658,5
66659,5
66660,5
66661,2
66662,2
66663,2
66664,2
66665,0
66666,1
66667,0
66668,0
66669,2
66670,0
66671,0
66672,2
66673,0
66674,2
66675,2
66676,2
66677,0
66678,2
66679,2
66680,5
66681,5
66682,5
66683,5
66684,3
66685,3
66686,5
66687,5
66688,2
66689,5
66690,5
66691,5
66692,5
66693,5
66694,5
66695,0
66696,2
66697,3
66698,2
66699,3
66700,4
66701,2
66702,2
66703,5
66704,4
66705,2
66706,2
66707,2
66708,2
66709,2
66710,3
66711,2
66712,3
66713,4
66714,2
66715,2
66716,2
66717,2
66718,4
66719,2
66720,3
66721,1
66722,1
66723,1
66724,1
66725,1
66726,1
66727,5
66728,5
66729,5
66730,4
66731,0
66732,2
66733,2
66734,3
66735,2
66736,2
66737,2
66738,4
66739,4
66740,2
66741,2
66742,2
66743,2
66744,3
66745,4
66746,4
66747,3
66748,4
66749,2
66750,2
66751,1
66752,2
66753,1
66754,4
66755,3
66756,1
66757,0
66758,2
66759,0
66760,2
66761,2
66762,2
66763,2
66764,2
66765,5
66766,0
66767,0
66768,2
66769,0
66770,0
66771,0
66772,3
66773,3
66774,4
66775,0
66776,0
66777,4
66778,3
66779,3
66780,3
66781,2
66782,3
66783,0
66784,2
66785,4
66786,3
66787,2
66788,0
66789,2
66790,4
66791,2
66792,4
66793,2
66794,4
66795,4
66796,4
66797,2
66798,2
66799,4
66800,2
66801,4
66802,0
66803,2
66804,2
66805,4
66806,2
66807,1
66808,3
66809,4
66810,2
66811,2
66812,2
66813,0
66814,2
66815,1
66816,0
66817,0
66818,0
66819,4
66820,0
66821,0
66822,4
66823,4
66824,3
66825,5
66826,0
66827,0
66828,0
66829,0
66830,3
66831,3
66832,0
66833,4
66834,0
66835,4
66836,1
66837,2
66838,2
66839,1
66840,2
66841,2
66842,0
66843,0
66844,1
66845,5
66846,4
66847,2
66848,2
66849,3
66850,3
66851,5
66852,4
66853,2
66854,2
66855,5
66856,5
66857,5
66858,5
66859,0
66860,5
66861,5
66862,5
66863,0
66864,5
66865,5
66866,3
66867,0
66868,3
66869,0
66870,5
66871,3
66872,0
66873,0
66874,0
66875,5
66876,0
66877,5
66878,1
66879,4
66880,2
66881,3
66882,1
66883,2
66884,2
66885,2
66886,5
66887,2
66888,2
66889,2
66890,2
66891,1
66892,0
66893,0
66894,5
66895,0
66896,0
66897,0
66898,0
66899,0
66900,0
66901,0
66902,0
66903,2
66904,0
66905,4
66906,1
66907,2
66908,2
66909,2
66910,3
66911,3
66912,2
66913,0
66914,0
66915,2
66916,0
66917,4
66918,4
66919,4
66920,2
66921,2
66922,2
66923,2
66924,2
66925,2
66926,4
66927,2
66928,4
66929,2
66930,0
66931,2
66932,2
66933,5
66934,2
66935,2
66936,2
66937,3
66938,2
66939,1
66940,3
66941,2
66942,1
66943,4
66944,1
66945,2
66946,2
66947,2
66948,1
66949,0
66950,0
66951,3
66952,2
66953,4
66954,4
66955,2
66956,4
66957,2
66958,2
66959,4
66960,2
66961,4
66962,2
66963,2
66964,2
66965,2
66966,2
66967,2
66968,4
66969,2
66970,2
66971,2
66972,2
66973,2
66974,2
66975,3
66976,3
66977,1
66978,5
66979,4
66980,2
66981,3
66982,4
66983,5
66984,4
66985,4
66986,3
66987,0
66988,3
66989,2
66990,2
66991,2
66992,2
66993,2
66994,2
66995,2
66996,2
66997,2
66998,2
66999,2
67000,2
67001,2
67002,2
67003,2
67004,2
67005,1
67006,2
67007,2
67008,2
67009,2
67010,1
67011,2
67012,2
67013,2
67014,2
67015,2
67016,2
67017,2
67018,2
67019,2
67020,2
67021,2
67022,2
67023,2
67024,2
67025,2
67026,2
67027,2
67028,2
67029,3
67030,3
67031,4
67032,4
67033,4
67034,4
67035,3
67036,4
67037,3
67038,4
67039,4
67040,4
67041,4
67042,4
67043,3
67044,4
67045,2
67046,4
67047,4
67048,2
67049,4
67050,4
67051,4
67052,0
67053,2
67054,4
67055,2
67056,2
67057,2
67058,2
67059,2
67060,2
67061,2
67062,2
67063,3
67064,4
67065,0
67066,2
67067,4
67068,3
67069,2
67070,4
67071,4
67072,2
67073,2
67074,2
67075,4
67076,1
67077,4
67078,2
67079,4
67080,2
67081,2
67082,2
67083,2
67084,2
67085,2
67086,2
67087,2
67088,2
67089,2
67090,4
67091,1
67092,1
67093,4
67094,1
67095,4
67096,2
67097,2
67098,4
67099,2
67100,2
67101,2
67102,2
67103,2
67104,2
67105,2
67106,1
67107,0
67108,3
67109,2
67110,4
67111,3
67112,2
67113,0
67114,3
67115,3
67116,1
67117,3
67118,1
67119,3
67120,3
67121,1
67122,3
67123,0
67124,0
67125,0
67126,3
67127,3
67128,3
67129,0
67130,0
67131,0
67132,3
67133,3
67134,1
67135,3
67136,3
67137,3
67138,3
67139,5
67140,5
67141,5
67142,5
67143,5
67144,5
67145,5
67146,3
67147,0
67148,0
67149,3
67150,3
67151,0
67152,0
67153,1
67154,5
67155,0
67156,0
67157,1
67158,1
67159,1
67160,1
67161,1
67162,1
67163,1
67164,3
67165,3
67166,4
67167,3
67168,3
67169,3
67170,3
67171,3
67172,3
67173,3
67174,3
67175,0
67176,0
67177,1
67178,1
67179,4
67180,0
67181,3
67182,3
67183,3
67184,3
67185,3
67186,3
67187,3
67188,3
67189,3
67190,3
67191,3
67192,3
67193,3
67194,3
67195,3
67196,0
67197,0
67198,0
67199,0
67200,3
67201,3
67202,3
67203,3
67204,3
67205,3
67206,3
67207,3
67208,3
67209,3
67210,3
67211,3
67212,3
67213,1
67214,3
67215,3
67216,3
67217,3
67218,3
67219,0
67220,0
67221,0
67222,0
67223,0
67224,0
67225,0
67226,0
67227,0
67228,0
67229,0
67230,0
67231,0
67232,0
67233,0
67234,0
67235,0
67236,0
67237,0
67238,0
67239,0
67240,0
67241,0
67242,3
67243,3
67244,3
67245,3
67246,3
67247,1
67248,3
67249,3
67250,3
67251,3
67252,4
67253,3
67254,3
67255,3
67256,1
67257,0
67258,0
67259,0
67260,3
67261,1
67262,3
67263,3
67264,4
67265,3
67266,3
67267,3
67268,0
67269,0
67270,0
67271,3
67272,1
67273,1
67274,3
67275,4
67276,3
67277,4
67278,3
67279,5
67280,5
67281,2
67282,1
67283,0
67284,0
67285,1
67286,0
67287,0
67288,0
67289,0
67290,5
67291,0
67292,1
67293,1
67294,0
67295,0
67296,0
67297,1
67298,1
67299,1
67300,1
67301,1
67302,3
67303,3
67304,3
67305,1
67306,1
67307,1
67308,1
67309,1
67310,2
67311,0
67312,0
67313,0
67314,0
67315,0
67316,3
67317,1
67318,1
67319,3
67320,2
67321,1
67322,3
67323,3
67324,3
67325,0
67326,4
67327,3
67328,2
67329,2
67330,5
67331,5
67332,5
67333,5
67334,2
67335,2
67336,2
67337,2
67338,2
67339,2
67340,2
67341,5
67342,5
67343,5
67344,2
67345,1
67346,2
67347,1
67348,2
67349,2
67350,2
67351,2
67352,2
67353,2
67354,2
67355,2
67356,2
67357,2
67358,3
67359,2
67360,2
67361,2
67362,3
67363,2
67364,2
67365,2
67366,2
67367,2
67368,3
67369,2
67370,2
67371,3
67372,2
67373,3
67374,2
67375,2
67376,2
67377,3
67378,0
67379,2
67380,2
67381,0
67382,2
67383,2
67384,0
67385,3
67386,2
67387,2
67388,2
67389,2
67390,2
67391,2
67392,2
67393,3
67394,5
67395,2
67396,5
67397,5
67398,2
67399,2
67400,2
67401,2
67402,2
67403,2
67404,2
67405,2
67406,2
67407,2
67408,2
67409,2
67410,2
67411,2
67412,2
67413,2
67414,2
67415,2
67416,2
67417,2
67418,2
67419,2
67420,2
67421,2
67422,2
67423,2
67424,2
67425,2
67426,2
67427,2
67428,2
67429,2
67430,2
67431,2
67432,2
67433,2
67434,2
67435,2
67436,2
67437,2
67438,2
67439,2
67440,5
67441,2
67442,2
67443,3
67444,2
67445,2
67446,2
67447,2
67448,2
67449,2
67450,3
67451,2
67452,3
67453,4
67454,4
67455,1
67456,3
67457,2
67458,3
67459,2
67460,3
67461,4
67462,3
67463,3
67464,0
67465,5
67466,5
67467,5
67468,3
67469,3
67470,2
67471,5
67472,5
67473,5
67474,2
67475,3
67476,3
67477,5
67478,2
67479,3
67480,3
67481,3
67482,3
67483,5
67484,5
67485,5
67486,5
67487,5
67488,3
67489,2
67490,2
67491,2
67492,2
67493,2
67494,5
67495,3
67496,3
67497,3
67498,3
67499,3
67500,3
67501,3
67502,3
67503,3
67504,3
67505,3
67506,5
67507,3
67508,2
67509,3
67510,3
67511,3
67512,3
67513,3
67514,2
67515,3
67516,3
67517,3
67518,3
67519,3
67520,0
67521,5
67522,3
67523,3
67524,3
67525,3
67526,2
67527,2
67528,2
67529,2
67530,2
67531,2
67532,2
67533,2
67534,0
67535,3
67536,3
67537,3
67538,3
67539,3
67540,3
67541,3
67542,3
67543,3
67544,3
67545,3
67546,3
67547,3
67548,1
67549,1
67550,1
67551,1
67552,1
67553,1
67554,2
67555,3
67556,4
67557,3
67558,3
67559,2
67560,3
67561,0
67562,0
67563,0
67564,3
67565,2
67566,5
67567,5
67568,5
67569,4
67570,2
67571,2
67572,4
67573,2
67574,5
67575,2
67576,2
67577,4
67578,4
67579,2
67580,5
67581,2
67582,2
67583,5
67584,2
67585,2
67586,5
67587,5
67588,5
67589,5
67590,1
67591,2
67592,4
67593,2
67594,5
67595,2
67596,5
67597,2
67598,2
67599,2
67600,2
67601,2
67602,2
67603,2
67604,2
67605,2
67606,2
67607,4
67608,4
67609,4
67610,2
67611,4
67612,1
67613,4
67614,0
67615,0
67616,2
67617,5
67618,4
67619,2
67620,4
67621,4
67622,0
67623,4
67624,0
67625,4
67626,2
67627,2
67628,5
67629,5
67630,0
67631,2
67632,2
67633,2
67634,2
67635,2
67636,1
67637,3
67638,2
67639,1
67640,3
67641,2
67642,2
67643,2
67644,2
67645,2
67646,1
67647,2
67648,2
67649,2
67650,2
67651,2
67652,2
67653,2
67654,2
67655,3
67656,2
67657,2
67658,2
67659,2
67660,3
67661,2
67662,3
67663,2
67664,1
67665,1
67666,1
67667,2
67668,2
67669,1
67670,2
67671,2
67672,2
67673,2
67674,2
67675,2
67676,3
67677,3
67678,1
67679,2
67680,2
67681,1
67682,2
67683,1
67684,2
67685,1
67686,1
67687,2
67688,1
67689,1
67690,1
67691,2
67692,3
67693,3
67694,1
67695,2
67696,2
67697,1
67698,2
67699,2
67700,2
67701,3
67702,4
67703,2
67704,2
67705,0
67706,2
67707,2
67708,2
67709,1
67710,3
67711,0
67712,1
67713,0
67714,1
67715,1
67716,0
67717,1
67718,0
67719,0
67720,0
67721,2
67722,2
67723,1
67724,1
67725,1
67726,1
67727,1
67728,3
67729,3
67730,3
67731,3
67732,0
67733,3
67734,2
67735,2
67736,1
67737,2
67738,0
67739,2
67740,2
67741,1
67742,2
67743,2
67744,0
67745,0
67746,1
67747,2
67748,2
67749,2
67750,2
67751,2
67752,2
67753,2
67754,1
67755,2
67756,1
67757,2
67758,0
67759,2
67760,2
67761,2
67762,2
67763,0
67764,2
67765,2
67766,2
67767,0
67768,0
67769,0
67770,1
67771,1
67772,1
67773,0
67774,0
67775,0
67776,1
67777,1
67778,2
67779,2
67780,0
67781,0
67782,1
67783,2
67784,3
67785,3
67786,0
67787,0
67788,3
67789,0
67790,3
67791,0
67792,0
67793,1
67794,0
67795,0
67796,3
67797,2
67798,0
67799,3
67800,3
67801,1
67802,0
67803,0
67804,0
67805,0
67806,0
67807,2
67808,0
67809,0
67810,0
67811,0
67812,0
67813,0
67814,0
67815,0
67816,0
67817,0
67818,2
67819,2
67820,2
67821,2
67822,0
67823,0
67824,0
67825,0
67826,0
67827,0
67828,0
67829,0
67830,0
67831,0
67832,3
67833,3
67834,0
67835,3
67836,0
67837,2
67838,0
67839,2
67840,3
67841,0
67842,0
67843,0
67844,0
67845,0
67846,1
67847,2
67848,1
67849,2
67850,2
67851,2
67852,2
67853,2
67854,2
67855,2
67856,1
67857,1
67858,2
67859,2
67860,1
67861,2
67862,1
67863,1
67864,1
67865,2
67866,2
67867,2
67868,0
67869,1
67870,1
67871,0
67872,0
67873,0
67874,3
67875,1
67876,1
67877,0
67878,2
67879,2
67880,2
67881,0
67882,0
67883,0
67884,0
67885,0
67886,0
67887,0
67888,2
67889,3
67890,0
67891,0
67892,0
67893,1
67894,2
67895,1
67896,1
67897,2
67898,0
67899,1
67900,1
67901,1
67902,1
67903,1
67904,0
67905,1
67906,1
67907,1
67908,1
67909,3
67910,1
67911,1
67912,1
67913,1
67914,1
67915,1
67916,1
67917,1
67918,1
67919,1
67920,1
67921,2
67922,2
67923,2
67924,2
67925,1
67926,1
67927,2
67928,1
67929,1
67930,1
67931,2
67932,1
67933,1
67934,2
67935,0
67936,1
67937,0
67938,0
67939,0
67940,5
67941,5
67942,5
67943,0
67944,5
67945,5
67946,5
67947,1
67948,3
67949,0
67950,0
67951,0
67952,5
67953,0
67954,0
67955,3
67956,3
67957,0
67958,5
67959,0
67960,5
67961,0
67962,0
67963,3
67964,5
67965,0
67966,0
67967,0
67968,0
67969,0
67970,0
67971,2
67972,2
67973,2
67974,1
67975,1
67976,0
67977,0
67978,0
67979,0
67980,0
67981,3
67982,0
67983,1
67984,0
67985,0
67986,0
67987,3
67988,0
67989,0
67990,0
67991,0
67992,0
67993,0
67994,2
67995,2
67996,2
67997,2
67998,2
67999,2
68000,0
68001,1
68002,0
68003,0
68004,0
68005,1
68006,1
68007,0
68008,1
68009,1
68010,2
68011,2
68012,0
68013,1
68014,1
68015,1
68016,2
68017,2
68018,1
68019,2
68020,1
68021,1
68022,3
68023,1
68024,1
68025,1
68026,1
68027,1
68028,1
68029,1
68030,1
68031,1
68032,1
68033,1
68034,1
68035,2
68036,2
68037,3
68038,2
68039,1
68040,1
68041,1
68042,1
68043,1
68044,2
68045,1
68046,1
68047,1
68048,1
68049,1
68050,5
68051,3
68052,0
68053,0
68054,0
68055,0
68056,5
68057,1
68058,0
68059,0
68060,5
68061,0
68062,1
68063,0
68064,1
68065,1
68066,1
68067,1
68068,1
68069,1
68070,1
68071,0
68072,0
68073,1
68074,1
68075,1
68076,1
68077,1
68078,1
68079,1
68080,1
68081,1
68082,1
68083,1
68084,1
68085,1
68086,1
68087,1
68088,1
68089,1
68090,3
68091,1
68092,4
68093,2
68094,1
68095,1
68096,1
68097,1
68098,1
68099,1
68100,1
68101,1
68102,1
68103,1
68104,1
68105,1
68106,1
68107,1
68108,1
68109,1
68110,1
68111,1
68112,1
68113,1
68114,1
68115,1
68116,1
68117,1
68118,1
68119,1
68120,3
68121,1
68122,1
68123,1
68124,1
68125,1
68126,1
68127,1
68128,1
68129,1
68130,1
68131,1
68132,1
68133,1
68134,2
68135,1
68136,1
68137,1
68138,1
68139,1
68140,0
68141,0
68142,0
68143,0
68144,1
68145,1
68146,1
68147,1
68148,1
68149,1
68150,1
68151,1
68152,1
68153,1
68154,1
68155,1
68156,1
68157,1
68158,1
68159,1
68160,1
68161,1
68162,1
68163,1
68164,0
68165,1
68166,1
68167,1
68168,1
68169,1
68170,1
68171,1
68172,1
68173,1
68174,1
68175,1
68176,0
68177,0
68178,0
68179,0
68180,0
68181,0
68182,3
68183,0
68184,0
68185,0
68186,0
68187,0
68188,0
68189,3
68190,0
68191,0
68192,0
68193,0
68194,0
68195,0
68196,0
68197,0
68198,3
68199,3
68200,0
68201,0
68202,0
68203,0
68204,0
68205,0
68206,0
68207,0
68208,0
68209,0
68210,0
68211,0
68212,0
68213,0
68214,0
68215,0
68216,0
68217,0
68218,0
68219,0
68220,0
68221,0
68222,0
68223,0
68224,0
68225,0
68226,2
68227,0
68228,0
68229,0
68230,0
68231,2
68232,2
68233,2
68234,2
68235,2
68236,2
68237,2
68238,0
68239,0
68240,0
68241,0
68242,3
68243,2
68244,2
68245,2
68246,0
68247,0
68248,0
68249,0
68250,0
68251,0
68252,0
68253,0
68254,2
68255,0
68256,1
68257,2
68258,0
68259,0
68260,2
68261,0
68262,2
68263,2
68264,2
68265,0
68266,0
68267,2
68268,2
68269,2
68270,0
68271,0
68272,2
68273,2
68274,0
68275,0
68276,0
68277,0
68278,2
68279,0
68280,0
68281,0
68282,0
68283,0
68284,0
68285,0
68286,2
68287,0
68288,0
68289,0
68290,0
68291,2
68292,0
68293,0
68294,0
68295,0
68296,0
68297,0
68298,0
68299,0
68300,0
68301,0
68302,0
68303,0
68304,0
68305,2
68306,2
68307,2
68308,0
68309,2
68310,0
68311,0
68312,0
68313,0
68314,0
68315,0
68316,2
68317,0
68318,2
68319,0
68320,0
68321,2
68322,0
68323,3
68324,2
68325,0
68326,0
68327,0
68328,0
68329,0
68330,2
68331,0
68332,0
68333,0
68334,2
68335,0
68336,2
68337,0
68338,0
68339,0
68340,2
68341,0
68342,2
68343,0
68344,2
68345,3
68346,0
68347,2
68348,0
68349,2
68350,0
68351,2
68352,2
68353,2
68354,0
68355,2
68356,2
68357,2
68358,0
68359,2
68360,0
68361,0
68362,0
68363,0
68364,0
68365,0
68366,2
68367,2
68368,0
68369,0
68370,0
68371,0
68372,0
68373,0
68374,0
68375,0
68376,3
68377,0
68378,0
68379,2
68380,0
68381,0
68382,0
68383,2
68384,0
68385,0
68386,0
68387,0
68388,2
68389,2
68390,2
68391,0
68392,0
68393,0
68394,0
68395,0
68396,0
68397,0
68398,0
68399,0
68400,0
68401,0
68402,5
68403,0
68404,0
68405,0
68406,0
68407,2
68408,0
68409,0
68410,2
68411,0
68412,0
68413,0
68414,0
68415,0
68416,0
68417,0
68418,0
68419,0
68420,0
68421,0
68422,0
68423,0
68424,0
68425,0
68426,0
68427,0
68428,0
68429,0
68430,0
68431,0
68432,0
68433,0
68434,0
68435,0
68436,0
68437,0
68438,0
68439,0
68440,0
68441,2
68442,0
68443,0
68444,0
68445,2
68446,0
68447,0
68448,0
68449,2
68450,2
68451,2
68452,0
68453,0
68454,0
68455,0
68456,0
68457,0
68458,0
68459,0
68460,0
68461,0
68462,0
68463,0
68464,0
68465,0
68466,0
68467,0
68468,2
68469,0
68470,0
68471,0
68472,0
68473,0
68474,0
68475,0
68476,0
68477,0
68478,2
68479,0
68480,0
68481,0
68482,0
68483,0
68484,3
68485,0
68486,0
68487,0
68488,0
68489,2
68490,0
68491,2
68492,0
68493,0
68494,0
68495,0
68496,3
68497,0
68498,0
68499,0
68500,0
68501,0
68502,0
68503,0
68504,0
68505,0
68506,0
68507,0
68508,0
68509,2
68510,0
68511,0
68512,0
68513,2
68514,2
68515,0
68516,0
68517,0
68518,0
68519,0
68520,2
68521,0
68522,0
68523,3
68524,0
68525,0
68526,2
68527,0
68528,0
68529,0
68530,0
68531,0
68532,0
68533,0
68534,0
68535,0
68536,0
68537,0
68538,0
68539,0
68540,0
68541,0
68542,0
68543,0
68544,2
68545,2
68546,3
68547,0
68548,0
68549,0
68550,0
68551,0
68552,0
68553,0
68554,5
68555,0
68556,0
68557,0
68558,0
68559,0
68560,0
68561,5
68562,5
68563,0
68564,0
68565,0
68566,0
68567,0
68568,1
68569,5
68570,2
68571,2
68572,3
68573,2
68574,3
68575,1
68576,0
68577,0
68578,2
68579,2
68580,2
68581,4
68582,2
68583,2
68584,0
68585,0
68586,0
68587,0
68588,0
68589,3
68590,0
68591,3
68592,3
68593,0
68594,2
68595,0
68596,2
68597,2
68598,0
68599,1
68600,0
68601,0
68602,0
68603,0
68604,3
68605,0
68606,3
68607,3
68608,0
68609,0
68610,1
68611,1
68612,1
68613,0
68614,0
68615,1
68616,0
68617,2
68618,1
68619,1
68620,1
68621,1
68622,1
68623,1
68624,1
68625,1
68626,1
68627,1
68628,1
68629,1
68630,1
68631,2
68632,1
68633,2
68634,2
68635,0
68636,2
68637,1
68638,2
68639,2
68640,2
68641,2
68642,0
68643,2
68644,2
68645,2
68646,0
68647,0
68648,1
68649,2
68650,0
68651,0
68652,0
68653,2
68654,2
68655,0
68656,2
68657,1
68658,0
68659,1
68660,1
68661,1
68662,1
68663,0
68664,1
68665,1
68666,1
68667,0
68668,0
68669,0
68670,2
68671,1
68672,1
68673,3
68674,1
68675,0
68676,2
68677,3
68678,0
68679,2
68680,1
68681,1
68682,0
68683,0
68684,4
68685,4
68686,4
68687,2
68688,0
68689,0
68690,0
68691,0
68692,1
68693,0
68694,0
68695,2
68696,0
68697,0
68698,0
68699,2
68700,0
68701,0
68702,0
68703,0
68704,1
68705,3
68706,1
68707,0
68708,0
68709,2
68710,2
68711,0
68712,1
68713,1
68714,2
68715,0
68716,5
68717,2
68718,0
68719,0
68720,0
68721,2
68722,5
68723,4
68724,3
68725,0
68726,0
68727,1
68728,0
68729,0
68730,0
68731,0
68732,2
68733,0
68734,0
68735,0
68736,0
68737,0
68738,5
68739,0
68740,0
68741,0
68742,0
68743,0
68744,0
68745,5
68746,2
68747,5
68748,3
68749,2
68750,1
68751,0
68752,0
68753,2
68754,0
68755,0
68756,3
68757,3
68758,0
68759,3
68760,3
68761,3
68762,0
68763,3
68764,3
68765,3
68766,2
68767,2
68768,0
68769,0
68770,0
68771,2
68772,1
68773,0
68774,0
68775,0
68776,0
68777,0
68778,0
68779,0
68780,0
68781,0
68782,0
68783,1
68784,0
68785,3
68786,3
68787,1
68788,3
68789,3
68790,3
68791,3
68792,1
68793,2
68794,0
68795,2
68796,3
68797,2
68798,0
68799,3
68800,0
68801,1
68802,1
68803,0
68804,0
68805,0
68806,1
68807,0
68808,5
68809,0
68810,0
68811,3
68812,0
68813,0
68814,3
68815,2
68816,3
68817,0
68818,0
68819,3
68820,0
68821,0
68822,0
68823,1
68824,3
68825,0
68826,3
68827,0
68828,0
68829,0
68830,1
68831,1
68832,1
68833,0
68834,0
68835,0
68836,3
68837,2
68838,3
68839,3
68840,3
68841,0
68842,0
68843,0
68844,0
68845,0
68846,0
68847,0
68848,0
68849,0
68850,2
68851,3
68852,3
68853,0
68854,0
68855,2
68856,3
68857,3
68858,3
68859,0
68860,0
68861,0
68862,0
68863,3
68864,0
68865,5
68866,0
68867,0
68868,5
68869,0
68870,3
68871,0
68872,3
68873,3
68874,3
68875,3
68876,0
68877,0
68878,0
68879,0
68880,0
68881,0
68882,3
68883,3
68884,0
68885,3
68886,3
68887,0
68888,0
68889,0
68890,0
68891,1
68892,0
68893,5
68894,3
68895,3
68896,3
68897,3
68898,0
68899,0
68900,5
68901,0
68902,3
68903,0
68904,3
68905,0
68906,4
68907,0
68908,1
68909,5
68910,2
68911,0
68912,0
68913,5
68914,3
68915,0
68916,0
68917,0
68918,3
68919,3
68920,3
68921,3
68922,3
68923,3
68924,3
68925,2
68926,0
68927,3
68928,3
68929,2
68930,2
68931,3
68932,3
68933,4
68934,3
68935,3
68936,3
68937,3
68938,3
68939,1
68940,0
68941,0
68942,0
68943,1
68944,5
68945,3
68946,3
68947,5
68948,3
68949,3
68950,3
68951,3
68952,3
68953,3
68954,3
68955,3
68956,3
68957,0
68958,3
68959,0
68960,3
68961,2
68962,3
68963,3
68964,3
68965,3
68966,1
68967,3
68968,3
68969,3
68970,1
68971,3
68972,3
68973,3
68974,3
68975,3
68976,3
68977,1
68978,5
68979,2
68980,0
68981,1
68982,3
68983,0
68984,3
68985,3
68986,3
68987,3
68988,3
68989,3
68990,1
68991,3
68992,2
68993,1
68994,2
68995,1
68996,3
68997,4
68998,4
68999,3
69000,3
69001,4
69002,3
69003,3
69004,3
69005,3
69006,5
69007,3
69008,1
69009,1
69010,1
69011,1
69012,1
69013,0
69014,3
69015,3
69016,1
69017,3
69018,3
69019,3
69020,3
69021,1
69022,5
69023,0
69024,2
69025,1
69026,1
69027,1
69028,0
69029,0
69030,0
69031,1
69032,1
69033,0
69034,0
69035,3
69036,3
69037,3
69038,2
69039,3
69040,2
69041,2
69042,3
69043,3
69044,3
69045,0
69046,3
69047,3
69048,3
69049,4
69050,2
69051,1
69052,0
69053,3
69054,1
69055,1
69056,3
69057,1
69058,1
69059,1
69060,5
69061,1
69062,2
69063,3
69064,3
69065,3
69066,2
69067,1
69068,1
69069,3
69070,3
69071,3
69072,3
69073,3
69074,3
69075,3
69076,2
69077,3
69078,3
69079,3
69080,2
69081,4
69082,0
69083,5
69084,1
69085,2
69086,2
69087,3
69088,3
69089,2
69090,3
69091,3
69092,1
69093,1
69094,1
69095,3
69096,0
69097,3
69098,0
69099,3
69100,1
69101,3
69102,3
69103,3
69104,3
69105,3
69106,2
69107,0
69108,3
69109,2
69110,3
69111,3
69112,3
69113,0
69114,3
69115,4
69116,1
69117,3
69118,3
69119,3
69120,3
69121,0
69122,2
69123,3
69124,0
69125,2
69126,3
69127,4
69128,1
69129,3
69130,0
69131,1
69132,1
69133,1
69134,0
69135,4
69136,5
69137,3
69138,3
69139,3
69140,1
69141,3
69142,3
69143,3
69144,0
69145,3
69146,0
69147,3
69148,3
69149,3
69150,1
69151,0
69152,0
69153,0
69154,1
69155,1
69156,1
69157,2
69158,3
69159,3
69160,2
69161,4
69162,2
69163,3
69164,0
69165,3
69166,1
69167,1
69168,3
69169,1
69170,1
69171,3
69172,1
69173,1
69174,1
69175,1
69176,1
69177,1
69178,1
69179,1
69180,3
69181,1
69182,1
69183,3
69184,3
69185,3
69186,1
69187,1
69188,1
69189,1
69190,3
69191,3
69192,1
69193,3
69194,3
69195,3
69196,3
69197,3
69198,3
69199,3
69200,3
69201,3
69202,3
69203,3
69204,3
69205,3
69206,3
69207,3
69208,3
69209,3
69210,1
69211,3
69212,3
69213,1
69214,1
69215,1
69216,1
69217,0
69218,0
69219,4
69220,4
69221,0
69222,4
69223,0
69224,0
69225,0
69226,4
69227,0
69228,4
69229,3
69230,1
69231,3
69232,3
69233,3
69234,3
69235,4
69236,3
69237,1
69238,3
69239,3
69240,0
69241,0
69242,0
69243,1
69244,0
69245,0
69246,0
69247,1
69248,0
69249,0
69250,0
69251,0
69252,0
69253,0
69254,0
69255,0
69256,0
69257,0
69258,1
69259,3
69260,3
69261,3
69262,3
69263,0
69264,0
69265,3
69266,0
69267,0
69268,1
69269,1
69270,1
69271,1
69272,1
69273,1
69274,1
69275,1
69276,1
69277,1
69278,1
69279,1
69280,1
69281,1
69282,1
69283,1
69284,1
69285,3
69286,1
69287,1
69288,1
69289,1
69290,1
69291,1
69292,1
69293,1
69294,1
69295,1
69296,1
69297,1
69298,1
69299,1
69300,1
69301,1
69302,0
69303,0
69304,0
69305,0
69306,1
69307,1
69308,1
69309,3
69310,1
69311,3
69312,1
69313,5
69314,1
69315,3
69316,3
69317,1
69318,1
69319,4
69320,3
69321,3
69322,2
69323,1
69324,1
69325,3
69326,2
69327,1
69328,3
69329,3
69330,3
69331,3
69332,1
69333,1
69334,1
69335,3
69336,3
69337,4
69338,0
69339,0
69340,1
69341,0
69342,0
69343,0
69344,0
69345,0
69346,0
69347,0
69348,0
69349,0
69350,0
69351,0
69352,0
69353,0
69354,0
69355,0
69356,4
69357,1
69358,1
69359,1
69360,1
69361,1
69362,5
69363,1
69364,1
69365,1
69366,0
69367,5
69368,0
69369,0
69370,0
69371,1
69372,0
69373,0
69374,0
69375,2
69376,2
69377,2
69378,2
69379,4
69380,5
69381,2
69382,0
69383,4
69384,1
69385,1
69386,1
69387,4
69388,2
69389,2
69390,0
69391,5
69392,2
69393,4
69394,0
69395,2
69396,0
69397,2
69398,5
69399,5
69400,5
69401,5
69402,5
69403,5
69404,5
69405,5
69406,0
69407,0
69408,2
69409,5
69410,5
69411,0
69412,0
69413,0
69414,0
69415,0
69416,2
69417,0
69418,0
69419,0
69420,0
69421,0
69422,0
69423,0
69424,0
69425,0
69426,0
69427,0
69428,0
69429,0
69430,0
69431,0
69432,0
69433,0
69434,0
69435,0
69436,0
69437,2
69438,0
69439,0
69440,0
69441,0
69442,0
69443,2
69444,4
69445,2
69446,2
69447,0
69448,2
69449,2
69450,1
69451,0
69452,0
69453,0
69454,0
69455,0
69456,0
69457,0
69458,0
69459,0
69460,0
69461,0
69462,1
69463,4
69464,0
69465,2
69466,4
69467,0
69468,1
69469,0
69470,2
69471,0
69472,2
69473,0
69474,2
69475,0
69476,0
69477,0
69478,0
69479,0
69480,1
69481,1
69482,1
69483,1
69484,1
69485,1
69486,0
69487,2
69488,0
69489,2
69490,0
69491,0
69492,0
69493,0
69494,2
69495,4
69496,0
69497,2
69498,0
69499,0
69500,0
69501,0
69502,0
69503,2
69504,0
69505,0
69506,0
69507,0
69508,0
69509,2
69510,0
69511,0
69512,0
69513,0
69514,0
69515,0
69516,0
69517,0
69518,0
69519,0
69520,0
69521,0
69522,0
69523,0
69524,0
69525,0
69526,0
69527,0
69528,5
69529,5
69530,0
69531,0
69532,0
69533,0
69534,2
69535,0
69536,0
69537,3
69538,2
69539,2
69540,0
69541,0
69542,2
69543,2
69544,0
69545,2
69546,2
69547,2
69548,2
69549,0
69550,0
69551,0
69552,0
69553,0
69554,0
69555,0
69556,0
69557,0
69558,0
69559,0
69560,0
69561,0
69562,4
69563,2
69564,2
69565,2
69566,2
69567,2
69568,2
69569,4
69570,4
69571,2
69572,2
69573,0
69574,0
69575,0
69576,2
69577,3
69578,0
69579,0
69580,2
69581,2
69582,1
69583,2
69584,1
69585,3
69586,2
69587,0
69588,4
69589,3
69590,2
69591,4
69592,4
69593,1
69594,1
69595,1
69596,2
69597,1
69598,1
69599,0
69600,0
69601,0
69602,0
69603,4
69604,4
69605,1
69606,4
69607,1
69608,1
69609,3
69610,3
69611,3
69612,3
69613,1
69614,0
69615,1
69616,1
69617,1
69618,4
69619,5
69620,5
69621,5
69622,2
69623,1
69624,3
69625,5
69626,1
69627,1
69628,5
69629,2
69630,2
69631,2
69632,1
69633,4
69634,1
69635,4
69636,1
69637,2
69638,2
69639,2
69640,2
69641,0
69642,1
69643,2
69644,2
69645,2
69646,0
69647,0
69648,0
69649,1
69650,3
69651,4
69652,0
69653,2
69654,3
69655,0
69656,4
69657,4
69658,2
69659,2
69660,2
69661,2
69662,0
69663,2
69664,5
69665,0
69666,0
69667,0
69668,5
69669,2
69670,2
69671,4
69672,2
69673,0
69674,4
69675,0
69676,0
69677,2
69678,0
69679,0
69680,0
69681,0
69682,0
69683,0
69684,0
69685,0
69686,0
69687,0
69688,0
69689,0
69690,0
69691,0
69692,4
69693,0
69694,0
69695,4
69696,0
69697,0
69698,0
69699,1
69700,5
69701,3
69702,3
69703,4
69704,1
69705,4
69706,2
69707,4
69708,1
69709,4
69710,4
69711,4
69712,1
69713,1
69714,1
69715,1
69716,1
69717,5
69718,1
69719,1
69720,1
69721,1
69722,1
69723,2
69724,2
69725,4
69726,1
69727,1
69728,1
69729,1
69730,1
69731,4
69732,0
69733,1
69734,1
69735,4
69736,4
69737,0
69738,4
69739,1
69740,1
69741,4
69742,1
69743,1
69744,1
69745,1
69746,4
69747,4
69748,1
69749,1
69750,1
69751,1
69752,1
69753,1
69754,4
69755,1
69756,2
69757,5
69758,5
69759,1
69760,1
69761,2
69762,5
69763,2
69764,5
69765,1
69766,1
69767,5
69768,3
69769,1
69770,3
69771,0
69772,2
69773,0
69774,0
69775,0
69776,0
69777,0
69778,0
69779,3
69780,0
69781,0
69782,0
69783,0
69784,0
69785,0
69786,0
69787,0
69788,0
69789,0
69790,0
69791,0
69792,4
69793,0
69794,4
69795,4
69796,0
69797,0
69798,0
69799,3
69800,0
69801,0
69802,0
69803,0
69804,0
69805,0
69806,0
69807,3
69808,4
69809,0
69810,0
69811,0
69812,0
69813,2
69814,0
69815,0
69816,0
69817,0
69818,4
69819,2
69820,0
69821,0
69822,0
69823,0
69824,4
69825,0
69826,0
69827,0
69828,0
69829,0
69830,0
69831,0
69832,0
69833,0
69834,0
69835,0
69836,0
69837,1
69838,0
69839,0
69840,0
69841,0
69842,0
69843,0
69844,0
69845,0
69846,0
69847,0
69848,4
69849,0
69850,0
69851,0
69852,0
69853,4
69854,0
69855,0
69856,0
69857,0
69858,0
69859,0
69860,0
69861,0
69862,0
69863,0
69864,1
69865,4
69866,4
69867,4
69868,4
69869,4
69870,0
69871,4
69872,5
69873,0
69874,4
69875,0
69876,5
69877,0
69878,0
69879,0
69880,0
69881,0
69882,4
69883,1
69884,0
69885,5
69886,4
69887,3
69888,1
69889,4
69890,5
69891,3
69892,4
69893,3
69894,5
69895,3
69896,5
69897,5
69898,4
69899,5
69900,0
69901,5
69902,5
69903,5
69904,5
69905,5
69906,0
69907,0
69908,0
69909,0
69910,0
69911,4
69912,0
69913,0
69914,0
69915,0
69916,0
69917,0
69918,4
69919,4
69920,1
69921,4
69922,0
69923,0
69924,4
69925,0
69926,3
69927,1
69928,2
69929,2
69930,2
69931,3
69932,1
69933,1
69934,1
69935,1
69936,1
69937,1
69938,1
69939,1
69940,1
69941,1
69942,1
69943,2
69944,2
69945,1
69946,1
69947,1
69948,1
69949,0
69950,2
69951,2
69952,5
69953,2
69954,5
69955,5
69956,2
69957,1
69958,2
69959,2
69960,3
69961,4
69962,2
69963,5
69964,2
69965,2
69966,5
69967,2
69968,4
69969,1
69970,1
69971,1
69972,5
69973,5
69974,0
69975,5
69976,3
69977,3
69978,5
69979,0
69980,4
69981,4
69982,5
69983,4
69984,1
69985,0
69986,4
69987,0
69988,0
69989,0
69990,0
69991,0
69992,0
69993,0
69994,0
69995,0
69996,0
69997,0
69998,0
69999,0
70000,0
70001,0
70002,0
70003,1
70004,1
70005,1
70006,1
70007,1
70008,1
70009,2
70010,2
70011,4
70012,2
70013,5
70014,0
70015,2
70016,0
70017,0
70018,5
70019,1
70020,0
70021,0
70022,0
70023,0
70024,0
70025,2
70026,0
70027,5
70028,0
70029,2
70030,5
70031,2
70032,0
70033,2
70034,0
70035,0
70036,2
70037,4
70038,0
70039,4
70040,0
70041,0
70042,0
70043,5
70044,3
70045,4
70046,4
70047,0
70048,0
70049,0
70050,4
70051,0
70052,0
70053,0
70054,0
70055,2
70056,2
70057,5
70058,2
70059,5
70060,5
70061,2
70062,5
70063,0
70064,0
70065,0
70066,0
70067,0
70068,3
70069,0
70070,0
70071,0
70072,0
70073,0
70074,0
70075,0
70076,0
70077,0
70078,0
70079,0
70080,0
70081,0
70082,0
70083,5
70084,0
70085,0
70086,0
70087,0
70088,0
70089,0
70090,0
70091,0
70092,0
70093,0
70094,0
70095,0
70096,0
70097,0
70098,0
70099,0
70100,0
70101,5
70102,0
70103,0
70104,1
70105,3
70106,0
70107,0
70108,0
70109,0
70110,0
70111,0
70112,0
70113,0
70114,0
70115,5
70116,0
70117,0
70118,0
70119,0
70120,0
70121,0
70122,0
70123,0
70124,0
70125,0
70126,0
70127,0
70128,0
70129,0
70130,0
70131,0
70132,0
70133,5
70134,0
70135,0
70136,0
70137,0
70138,0
70139,0
70140,0
70141,5
70142,0
70143,0
70144,0
70145,0
70146,0
70147,2
70148,0
70149,0
70150,0
70151,0
70152,2
70153,0
70154,0
70155,0
70156,0
70157,0
70158,2
70159,0
70160,0
70161,0
70162,0
70163,0
70164,0
70165,0
70166,0
70167,0
70168,0
70169,0
70170,0
70171,0
70172,0
70173,0
70174,0
70175,1
70176,1
70177,0
70178,0
70179,1
70180,1
70181,3
70182,3
70183,2
70184,3
70185,3
70186,3
70187,3
70188,3
70189,1
70190,1
70191,0
70192,1
70193,3
70194,1
70195,2
70196,1
70197,2
70198,2
70199,2
70200,1
70201,0
70202,0
70203,0
70204,0
70205,2
70206,1
70207,1
70208,1
70209,1
70210,0
70211,4
70212,1
70213,5
70214,0
70215,5
70216,0
70217,0
70218,0
70219,0
70220,0
70221,0
70222,0
70223,0
70224,0
70225,0
70226,4
70227,0
70228,0
70229,0
70230,0
70231,0
70232,0
70233,0
70234,0
70235,0
70236,0
70237,0
70238,0
70239,0
70240,4
70241,0
70242,0
70243,0
70244,0
70245,0
70246,0
70247,0
70248,0
70249,2
70250,0
70251,0
70252,0
70253,4
70254,0
70255,0
70256,0
70257,0
70258,0
70259,0
70260,0
70261,0
70262,0
70263,0
70264,0
70265,0
70266,0
70267,0
70268,0
70269,0
70270,4
70271,0
70272,0
70273,4
70274,0
70275,0
70276,0
70277,0
70278,4
70279,4
70280,1
70281,1
70282,3
70283,0
70284,0
70285,0
70286,0
70287,1
70288,0
70289,0
70290,0
70291,0
70292,0
70293,0
70294,0
70295,0
70296,0
70297,0
70298,0
70299,0
70300,2
70301,0
70302,0
70303,0
70304,0
70305,0
70306,0
70307,0
70308,0
70309,0
70310,0
70311,0
70312,0
70313,0
70314,0
70315,0
70316,0
70317,0
70318,0
70319,0
70320,0
70321,0
70322,0
70323,0
70324,5
70325,5
70326,0
70327,0
70328,0
70329,0
70330,0
70331,0
70332,0
70333,0
70334,3
70335,0
70336,0
70337,0
70338,0
70339,0
70340,0
70341,0
70342,0
70343,0
70344,0
70345,0
70346,0
70347,0
70348,0
70349,0
70350,4
70351,0
70352,0
70353,0
70354,0
70355,5
70356,5
70357,5
70358,5
70359,5
70360,5
70361,5
70362,5
70363,5
70364,2
70365,2
70366,5
70367,2
70368,1
70369,5
70370,5
70371,5
70372,0
70373,0
70374,0
70375,0
70376,0
70377,0
70378,0
70379,0
70380,0
70381,0
70382,0
70383,0
70384,0
70385,0
70386,0
70387,0
70388,0
70389,0
70390,0
70391,2
70392,1
70393,2
70394,2
70395,1
70396,1
70397,2
70398,4
70399,0
70400,0
70401,0
70402,0
70403,2
70404,2
70405,0
70406,1
70407,1
70408,0
70409,0
70410,0
70411,0
70412,0
70413,0
70414,0
70415,0
70416,0
70417,0
70418,0
70419,0
70420,2
70421,0
70422,1
70423,0
70424,0
70425,0
70426,0
70427,0
70428,0
70429,0
70430,0
70431,0
70432,0
70433,2
70434,0
70435,0
70436,0
70437,0
70438,0
70439,2
70440,0
70441,0
70442,0
70443,2
70444,2
70445,0
70446,0
70447,0
70448,0
70449,0
70450,0
70451,0
70452,0
70453,0
70454,0
70455,0
70456,0
70457,0
70458,0
70459,0
70460,0
70461,0
70462,0
70463,4
70464,0
70465,0
70466,0
70467,0
70468,0
70469,0
70470,0
70471,0
70472,0
70473,0
70474,0
70475,0
70476,0
70477,0
70478,0
70479,0
70480,1
70481,0
70482,0
70483,0
70484,0
70485,0
70486,0
70487,0
70488,0
70489,0
70490,0
70491,0
70492,0
70493,0
70494,0
70495,0
70496,0
70497,0
70498,5
70499,0
70500,0
70501,0
70502,0
70503,0
70504,0
70505,0
70506,0
70507,0
70508,0
70509,0
70510,0
70511,0
70512,0
70513,2
70514,0
70515,0
70516,5
70517,2
70518,3
70519,0
70520,3
70521,0
70522,0
70523,0
70524,0
70525,0
70526,0
70527,0
70528,0
70529,0
70530,0
70531,2
70532,0
70533,0
70534,0
70535,0
70536,0
70537,0
70538,0
70539,0
70540,0
70541,0
70542,0
70543,0
70544,0
70545,0
70546,0
70547,0
70548,0
70549,0
70550,0
70551,0
70552,0
70553,0
70554,0
70555,0
70556,0
70557,0
70558,0
70559,0
70560,0
70561,0
70562,0
70563,3
70564,3
70565,0
70566,0
70567,0
70568,0
70569,0
70570,0
70571,2
70572,0
70573,0
70574,0
70575,0
70576,0
70577,0
70578,0
70579,0
70580,0
70581,0
70582,2
70583,0
70584,0
70585,0
70586,2
70587,0
70588,0
70589,0
70590,0
70591,0
70592,0
70593,0
70594,2
70595,1
70596,1
70597,2
70598,0
70599,0
70600,0
70601,2
70602,2
70603,2
70604,2
70605,0
70606,0
70607,0
70608,0
70609,0
70610,2
70611,2
70612,2
70613,5
70614,5
70615,0
70616,4
70617,2
70618,0
70619,5
70620,5
70621,5
70622,5
70623,5
70624,2
70625,4
70626,2
70627,0
70628,5
70629,5
70630,5
70631,5
70632,5
70633,5
70634,1
70635,4
70636,4
70637,4
70638,5
70639,5
70640,5
70641,4
70642,4
70643,4
70644,4
70645,4
70646,0
70647,5
70648,0
70649,0
70650,0
70651,2
70652,0
70653,0
70654,0
70655,0
70656,0
70657,0
70658,0
70659,0
70660,0
70661,0
70662,0
70663,0
70664,0
70665,0
70666,0
70667,0
70668,0
70669,0
70670,2
70671,0
70672,0
70673,0
70674,0
70675,0
70676,0
70677,0
70678,0
70679,0
70680,0
70681,0
70682,0
70683,0
70684,0
70685,0
70686,2
70687,4
70688,2
70689,2
70690,0
70691,4
70692,0
70693,0
70694,0
70695,0
70696,0
70697,0
70698,0
70699,0
70700,0
70701,0
70702,0
70703,4
70704,4
70705,0
70706,0
70707,0
70708,0
70709,0
70710,0
70711,2
70712,4
70713,0
70714,0
70715,2
70716,0
70717,0
70718,0
70719,0
70720,0
70721,0
70722,0
70723,2
70724,0
70725,0
70726,0
70727,0
70728,2
70729,0
70730,0
70731,1
70732,3
70733,2
70734,4
70735,0
70736,3
70737,2
70738,0
70739,0
70740,2
70741,2
70742,0
70743,0
70744,0
70745,0
70746,2
70747,3
70748,2
70749,2
70750,0
70751,0
70752,5
70753,0
70754,0
70755,0
70756,2
70757,0
70758,0
70759,0
70760,0
70761,0
70762,0
70763,0
70764,0
70765,0
70766,0
70767,0
70768,0
70769,0
70770,0
70771,0
70772,0
70773,0
70774,0
70775,0
70776,0
70777,0
70778,0
70779,0
70780,0
70781,2
70782,0
70783,0
70784,0
70785,0
70786,2
70787,3
70788,2
70789,3
70790,0
70791,1
70792,0
70793,0
70794,0
70795,0
70796,0
70797,2
70798,0
70799,0
70800,0
70801,2
70802,4
70803,0
70804,0
70805,0
70806,0
70807,1
70808,0
70809,0
70810,1
70811,2
70812,2
70813,2
70814,2
70815,5
70816,0
70817,2
70818,0
70819,0
70820,0
70821,0
70822,0
70823,0
70824,0
70825,0
70826,0
70827,0
70828,0
70829,0
70830,0
70831,0
70832,0
70833,0
70834,0
70835,0
70836,5
70837,5
70838,5
70839,5
70840,4
70841,5
70842,5
70843,0
70844,0
70845,0
70846,0
70847,0
70848,0
70849,0
70850,0
70851,0
70852,0
70853,0
70854,0
70855,0
70856,0
70857,0
70858,0
70859,0
70860,0
70861,0
70862,0
70863,0
70864,0
70865,4
70866,1
70867,1
70868,1
70869,1
70870,1
70871,1
70872,2
70873,2
70874,0
70875,0
70876,0
70877,0
70878,5
70879,0
70880,2
70881,5
70882,5
70883,0
70884,0
70885,0
70886,0
70887,0
70888,0
70889,0
70890,0
70891,0
70892,0
70893,0
70894,0
70895,0
70896,0
70897,0
70898,0
70899,0
70900,0
70901,0
70902,0
70903,0
70904,0
70905,1
70906,4
70907,4
70908,3
70909,0
70910,0
70911,3
70912,2
70913,2
70914,0
70915,0
70916,0
70917,1
70918,5
70919,1
70920,0
70921,0
70922,2
70923,2
70924,2
70925,2
70926,0
70927,0
70928,2
70929,2
70930,2
70931,0
70932,0
70933,0
70934,2
70935,0
70936,0
70937,0
70938,0
70939,0
70940,0
70941,0
70942,0
70943,2
70944,0
70945,0
70946,0
70947,0
70948,0
70949,0
70950,0
70951,0
70952,0
70953,0
70954,0
70955,0
70956,0
70957,0
70958,0
70959,0
70960,2
70961,3
70962,0
70963,0
70964,0
70965,0
70966,0
70967,0
70968,0
70969,0
70970,0
70971,0
70972,0
70973,0
70974,0
70975,0
70976,2
70977,1
70978,2
70979,2
70980,1
70981,2
70982,2
70983,1
70984,4
70985,4
70986,2
70987,0
70988,1
70989,2
70990,2
70991,2
70992,0
70993,4
70994,0
70995,0
70996,0
70997,0
70998,0
70999,0
71000,0
71001,0
71002,0
71003,0
71004,0
71005,0
71006,2
71007,2
71008,0
71009,4
71010,0
71011,4
71012,0
71013,0
71014,0
71015,2
71016,1
71017,3
71018,4
71019,4
71020,5
71021,2
71022,1
71023,0
71024,0
71025,2
71026,0
71027,2
71028,0
71029,5
71030,4
71031,0
71032,5
71033,3
71034,0
71035,5
71036,0
71037,0
71038,0
71039,0
71040,0
71041,0
71042,0
71043,0
71044,0
71045,0
71046,5
71047,3
71048,4
71049,0
71050,0
71051,0
71052,0
71053,0
71054,0
71055,5
71056,4
71057,0
71058,5
71059,2
71060,5
71061,5
71062,0
71063,0
71064,0
71065,0
71066,0
71067,0
71068,0
71069,3
71070,0
71071,0
71072,0
71073,0
71074,0
71075,2
71076,4
71077,0
71078,0
71079,5
71080,1
71081,1
71082,2
71083,4
71084,4
71085,4
71086,4
71087,5
71088,0
71089,2
71090,2
71091,1
71092,5
71093,5
71094,0
71095,0
71096,0
71097,0
71098,0
71099,0
71100,0
71101,4
71102,5
71103,4
71104,0
71105,0
71106,0
71107,4
71108,4
71109,2
71110,0
71111,5
71112,5
71113,2
71114,2
71115,2
71116,4
71117,4
71118,4
71119,1
71120,5
71121,3
71122,3
71123,2
71124,2
71125,5
71126,2
71127,2
71128,2
71129,4
71130,2
71131,4
71132,3
71133,2
71134,0
71135,0
71136,0
71137,0
71138,0
71139,0
71140,0
71141,2
71142,2
71143,2
71144,0
71145,2
71146,0
71147,4
71148,0
71149,4
71150,1
71151,1
71152,2
71153,0
71154,0
71155,0
71156,3
71157,0
71158,0
71159,4
71160,0
71161,0
71162,0
71163,0
71164,0
71165,0
71166,0
71167,0
71168,2
71169,2
71170,2
71171,2
71172,2
71173,3
71174,2
71175,0
71176,2
71177,5
71178,4
71179,0
71180,5
71181,0
71182,3
71183,4
71184,2
71185,5
71186,4
71187,0
71188,2
71189,5
71190,5
71191,0
71192,0
71193,5
71194,0
71195,0
71196,3
71197,0
71198,0
71199,0
71200,0
71201,0
71202,0
71203,0
71204,0
71205,0
71206,2
71207,1
71208,0
71209,0
71210,0
71211,0
71212,1
71213,4
71214,5
71215,3
71216,1
71217,0
71218,0
71219,0
71220,0
71221,0
71222,0
71223,0
71224,2
71225,5
71226,4
71227,2
71228,5
71229,5
71230,5
71231,0
71232,0
71233,2
71234,0
71235,0
71236,0
71237,0
71238,0
71239,0
71240,2
71241,0
71242,2
71243,2
71244,0
71245,5
71246,5
71247,5
71248,0
71249,5
71250,5
71251,5
71252,0
71253,2
71254,2
71255,3
71256,4
71257,5
71258,3
71259,0
71260,4
71261,0
71262,0
71263,0
71264,2
71265,2
71266,0
71267,0
71268,0
71269,4
71270,3
71271,0
71272,2
71273,2
71274,2
71275,0
71276,0
71277,2
71278,0
71279,0
71280,1
71281,0
71282,0
71283,0
71284,0
71285,0
71286,3
71287,2
71288,2
71289,2
71290,2
71291,2
71292,4
71293,2
71294,1
71295,2
71296,2
71297,2
71298,3
71299,1
71300,2
71301,3
71302,5
71303,2
71304,2
71305,2
71306,4
71307,2
71308,2
71309,0
71310,5
71311,5
71312,0
71313,2
71314,2
71315,0
71316,3
71317,0
71318,0
71319,0
71320,0
71321,5
71322,0
71323,0
71324,2
71325,0
71326,0
71327,5
71328,0
71329,5
71330,5
71331,0
71332,5
71333,5
71334,5
71335,5
71336,5
71337,5
71338,3
71339,5
71340,0
71341,0
71342,0
71343,0
71344,0
71345,0
71346,0
71347,0
71348,0
71349,0
71350,0
71351,0
71352,0
71353,0
71354,0
71355,0
71356,0
71357,1
71358,0
71359,0
71360,0
71361,0
71362,0
71363,0
71364,3
71365,0
71366,0
71367,0
71368,0
71369,0
71370,0
71371,0
71372,0
71373,0
71374,0
71375,0
71376,0
71377,0
71378,0
71379,0
71380,0
71381,0
71382,0
71383,5
71384,0
71385,0
71386,0
71387,0
71388,0
71389,0
71390,0
71391,0
71392,0
71393,1
71394,0
71395,1
71396,0
71397,0
71398,0
71399,0
71400,3
71401,0
71402,0
71403,0
71404,0
71405,0
71406,5
71407,0
71408,5
71409,5
71410,0
71411,0
71412,5
71413,0
71414,0
71415,0
71416,0
71417,0
71418,0
71419,0
71420,0
71421,0
71422,0
71423,0
71424,0
71425,0
71426,0
71427,0
71428,5
71429,0
71430,0
71431,5
71432,3
71433,0
71434,2
71435,3
71436,3
71437,0
71438,2
71439,2
71440,3
71441,2
71442,2
71443,2
71444,2
71445,2
71446,2
71447,2
71448,1
71449,4
71450,1
71451,5
71452,5
71453,5
71454,0
71455,0
71456,0
71457,0
71458,0
71459,0
71460,1
71461,4
71462,1
71463,5
71464,1
71465,1
71466,1
71467,1
71468,1
71469,5
71470,5
71471,5
71472,2
71473,3
71474,3
71475,3
71476,5
71477,5
71478,5
71479,5
71480,5
71481,5
71482,5
71483,0
71484,5
71485,5
71486,2
71487,0
71488,3
71489,0
71490,0
71491,5
71492,3
71493,5
71494,1
71495,5
71496,5
71497,4
71498,5
71499,0
71500,2
71501,5
71502,2
71503,5
71504,5
71505,5
71506,0
71507,2
71508,0
71509,0
71510,4
71511,4
71512,1
71513,1
71514,0
71515,3
71516,2
71517,3
71518,5
71519,0
71520,5
71521,3
71522,2
71523,3
71524,3
71525,4
71526,0
71527,0
71528,0
71529,0
71530,0
71531,0
71532,0
71533,0
71534,2
71535,0
71536,1
71537,1
71538,1
71539,3
71540,1
71541,1
71542,2
71543,1
71544,1
71545,1
71546,1
71547,1
71548,2
71549,3
71550,3
71551,1
71552,1
71553,3
71554,3
71555,3
71556,4
71557,4
71558,4
71559,3
71560,1
71561,3
71562,1
71563,3
71564,0
71565,1
71566,0
71567,3
71568,3
71569,4
71570,2
71571,3
71572,3
71573,0
71574,0
71575,0
71576,0
71577,0
71578,3
71579,0
71580,0
71581,0
71582,0
71583,0
71584,0
71585,0
71586,0
71587,0
71588,0
71589,0
71590,0
71591,0
71592,0
71593,0
71594,0
71595,0
71596,0
71597,0
71598,0
71599,0
71600,0
71601,0
71602,0
71603,0
71604,0
71605,0
71606,0
71607,1
71608,4
71609,2
71610,2
71611,5
71612,2
71613,3
71614,3
71615,2
71616,3
71617,0
71618,4
71619,4
71620,5
71621,3
71622,0
71623,0
71624,0
71625,2
71626,5
71627,0
71628,0
71629,0
71630,2
71631,4
71632,5
71633,1
71634,4
71635,5
71636,1
71637,1
71638,4
71639,5
71640,1
71641,5
71642,3
71643,0
71644,4
71645,0
71646,0
71647,0
71648,0
71649,0
71650,5
71651,5
71652,0
71653,0
71654,0
71655,0
71656,0
71657,2
71658,0
71659,5
71660,5
71661,2
71662,5
71663,3
71664,5
71665,3
71666,3
71667,3
71668,3
71669,5
71670,5
71671,5
71672,1
71673,1
71674,1
71675,1
71676,5
71677,3
71678,1
71679,1
71680,5
71681,5
71682,5
71683,4
71684,3
71685,3
71686,3
71687,5
71688,5
71689,1
71690,1
71691,1
71692,1
71693,1
71694,1
71695,1
71696,1
71697,5
71698,1
71699,5
71700,1
71701,1
71702,1
71703,1
71704,5
71705,1
71706,1
71707,1
71708,1
71709,1
71710,1
71711,4
71712,4
71713,1
71714,5
71715,5
71716,5
71717,4
71718,4
71719,4
71720,5
71721,0
71722,0
71723,0
71724,0
71725,3
71726,1
71727,1
71728,1
71729,1
71730,1
71731,1
71732,1
71733,1
71734,1
71735,5
71736,0
71737,5
71738,0
71739,0
71740,5
71741,0
71742,0
71743,4
71744,3
71745,3
71746,3
71747,0
71748,0
71749,2
71750,2
71751,3
71752,2
71753,5
71754,3
71755,2
71756,2
71757,2
71758,5
71759,4
71760,1
71761,1
71762,1
71763,5
71764,3
71765,5
71766,5
71767,3
71768,3
71769,3
71770,3
71771,5
71772,5
71773,3
71774,5
71775,3
71776,3
71777,2
71778,3
71779,3
71780,2
71781,2
71782,2
71783,2
71784,3
71785,2
71786,2
71787,2
71788,2
71789,2
71790,3
71791,0
71792,1
71793,3
71794,2
71795,2
71796,2
71797,2
71798,2
71799,2
71800,1
71801,3
71802,5
71803,2
71804,3
71805,3
71806,3
71807,3
71808,3
71809,5
71810,0
71811,3
71812,3
71813,2
71814,2
71815,2
71816,3
71817,0
71818,0
71819,0
71820,3
71821,3
71822,3
71823,2
71824,3
71825,2
71826,2
71827,3
71828,2
71829,3
71830,2
71831,2
71832,2
71833,2
71834,2
71835,2
71836,2
71837,2
71838,2
71839,4
71840,2
71841,3
71842,3
71843,3
71844,2
71845,2
71846,1
71847,2
71848,2
71849,3
71850,0
71851,0
71852,2
71853,2
71854,1
71855,1
71856,3
71857,2
71858,2
71859,2
71860,2
71861,2
71862,2
71863,2
71864,2
71865,2
71866,2
71867,2
71868,2
71869,2
71870,2
71871,2
71872,3
71873,3
71874,2
71875,2
71876,2
71877,2
71878,2
71879,2
71880,2
71881,2
71882,2
71883,2
71884,2
71885,0
71886,2
71887,2
71888,2
71889,2
71890,3
71891,3
71892,2
71893,3
71894,3
71895,3
71896,2
71897,2
71898,3
71899,3
71900,2
71901,2
71902,2
71903,2
71904,2
71905,2
71906,2
71907,2
71908,2
71909,2
71910,2
71911,2
71912,3
71913,2
71914,1
71915,3
71916,2
71917,1
71918,1
71919,1
71920,1
71921,4
71922,1
71923,1
71924,1
71925,1
71926,1
71927,1
71928,5
71929,3
71930,2
71931,2
71932,5
71933,3
71934,5
71935,3
71936,3
71937,5
71938,5
71939,5
71940,5
71941,3
71942,5
71943,5
71944,1
71945,0
71946,0
71947,2
71948,2
71949,2
71950,1
71951,2
71952,2
71953,2
71954,5
71955,1
71956,1
71957,1
71958,5
71959,5
71960,2
71961,2
71962,2
71963,3
71964,2
71965,0
71966,0
71967,0
71968,0
71969,0
71970,0
71971,0
71972,0
71973,0
71974,0
71975,0
71976,0
71977,0
71978,3
71979,3
71980,0
71981,3
71982,3
71983,5
71984,2
71985,1
71986,1
71987,2
71988,5
71989,1
71990,1
71991,1
71992,0
71993,0
71994,0
71995,0
71996,0
71997,0
71998,0
71999,0
72000,0
72001,0
72002,3
72003,0
72004,0
72005,0
72006,0
72007,0
72008,0
72009,0
72010,0
72011,1
72012,4
72013,3
72014,5
72015,1
72016,1
72017,3
72018,1
72019,0
72020,0
72021,0
72022,0
72023,1
72024,0
72025,0
72026,0
72027,3
72028,0
72029,0
72030,0
72031,0
72032,0
72033,0
72034,0
72035,0
72036,1
72037,0
72038,0
72039,0
72040,3
72041,3
72042,2
72043,2
72044,0
72045,5
72046,0
72047,3
72048,0
72049,0
72050,0
72051,0
72052,0
72053,0
72054,0
72055,0
72056,0
72057,2
72058,3
72059,2
72060,3
72061,3
72062,3
72063,2
72064,2
72065,2
72066,2
72067,3
72068,3
72069,0
72070,3
72071,3
72072,3
72073,2
72074,3
72075,2
72076,0
72077,2
72078,1
72079,3
72080,2
72081,3
72082,1
72083,0
72084,3
72085,3
72086,3
72087,0
72088,2
72089,2
72090,5
72091,3
72092,5
72093,2
72094,2
72095,2
72096,0
72097,0
72098,2
72099,0
72100,0
72101,0
72102,2
72103,0
72104,5
72105,3
72106,5
72107,3
72108,0
72109,5
72110,5
72111,0
72112,0
72113,0
72114,0
72115,0
72116,0
72117,0
72118,0
72119,2
72120,0
72121,0
72122,0
72123,0
72124,0
72125,0
72126,2
72127,3
72128,0
72129,5
72130,5
72131,2
72132,5
72133,1
72134,5
72135,0
72136,0
72137,5
72138,5
72139,1
72140,5
72141,0
72142,0
72143,0
72144,0
72145,2
72146,2
72147,3
72148,0
72149,0
72150,0
72151,0
72152,0
72153,0
72154,0
72155,1
72156,1
72157,1
72158,3
72159,2
72160,0
72161,2
72162,3
72163,3
72164,3
72165,2
72166,2
72167,0
72168,3
72169,2
72170,3
72171,1
72172,0
72173,5
72174,2
72175,2
72176,1
72177,1
72178,2
72179,2
72180,2
72181,3
72182,5
72183,5
72184,2
72185,2
72186,4
72187,2
72188,2
72189,3
72190,0
72191,5
72192,5
72193,3
72194,5
72195,0
72196,0
72197,0
72198,0
72199,0
72200,0
72201,5
72202,2
72203,2
72204,4
72205,2
72206,2
72207,2
72208,3
72209,2
72210,2
72211,2
72212,2
72213,3
72214,0
72215,2
72216,2
72217,2
72218,2
72219,2
72220,2
72221,5
72222,5
72223,2
72224,2
72225,2
72226,3
72227,2
72228,2
72229,2
72230,2
72231,2
72232,0
72233,0
72234,0
72235,5
72236,3
72237,1
72238,5
72239,1
72240,5
72241,5
72242,3
72243,3
72244,3
72245,4
72246,3
72247,0
72248,0
72249,1
72250,3
72251,3
72252,5
72253,0
72254,0
72255,0
72256,0
72257,0
72258,0
72259,0
72260,3
72261,2
72262,2
72263,2
72264,3
72265,2
72266,2
72267,2
72268,2
72269,2
72270,2
72271,2
72272,2
72273,2
72274,2
72275,0
72276,0
72277,1
72278,5
72279,0
72280,3
72281,0
72282,0
72283,5
72284,5
72285,0
72286,5
72287,0
72288,0
72289,0
72290,0
72291,0
72292,5
72293,3
72294,3
72295,1
72296,3
72297,3
72298,1
72299,3
72300,1
72301,3
72302,1
72303,0
72304,2
72305,2
72306,3
72307,3
72308,1
72309,2
72310,1
72311,5
72312,3
72313,1
72314,1
72315,2
72316,3
72317,3
72318,1
72319,5
72320,0
72321,0
72322,1
72323,1
72324,1
72325,5
72326,1
72327,5
72328,5
72329,3
72330,2
72331,2
72332,5
72333,0
72334,0
72335,3
72336,5
72337,5
72338,3
72339,3
72340,3
72341,1
72342,5
72343,0
72344,0
72345,0
72346,4
72347,3
72348,3
72349,5
72350,3
72351,3
72352,3
72353,0
72354,0
72355,3
72356,3
72357,3
72358,3
72359,3
72360,3
72361,4
72362,3
72363,1
72364,3
72365,0
72366,3
72367,2
72368,2
72369,2
72370,3
72371,1
72372,1
72373,1
72374,3
72375,2
72376,4
72377,4
72378,3
72379,2
72380,3
72381,3
72382,3
72383,3
72384,3
72385,2
72386,2
72387,2
72388,0
72389,0
72390,1
72391,5
72392,5
72393,0
72394,0
72395,0
72396,3
72397,0
72398,0
72399,3
72400,3
72401,3
72402,3
72403,1
72404,2
72405,0
72406,1
72407,2
72408,4
72409,1
72410,3
72411,1
72412,3
72413,3
72414,3
72415,2
72416,5
72417,1
72418,3
72419,0
72420,2
72421,1
72422,0
72423,0
72424,5
72425,3
72426,3
72427,1
72428,4
72429,3
72430,2
72431,2
72432,4
72433,3
72434,2
72435,2
72436,2
72437,2
72438,2
72439,3
72440,2
72441,2
72442,2
72443,1
72444,0
72445,2
72446,2
72447,2
72448,1
72449,2
72450,2
72451,2
72452,2
72453,5
72454,2
72455,5
72456,2
72457,1
72458,5
72459,1
72460,3
72461,0
72462,0
72463,1
72464,5
72465,5
72466,5
72467,5
72468,5
72469,0
72470,2
72471,0
72472,0
72473,0
72474,0
72475,0
72476,0
72477,5
72478,5
72479,5
72480,5
72481,0
72482,0
72483,0
72484,0
72485,0
72486,0
72487,0
72488,0
72489,0
72490,0
72491,1
72492,0
72493,3
72494,3
72495,3
72496,3
72497,3
72498,1
72499,1
72500,1
72501,1
72502,1
72503,3
72504,3
72505,3
72506,3
72507,3
72508,5
72509,5
72510,5
72511,0
72512,5
72513,5
72514,5
72515,1
72516,0
72517,1
72518,4
72519,5
72520,2
72521,0
72522,3
72523,3
72524,5
72525,0
72526,0
72527,0
72528,4
72529,4
72530,2
72531,4
72532,4
72533,0
72534,2
72535,0
72536,0
72537,2
72538,0
72539,0
72540,4
72541,4
72542,2
72543,2
72544,5
72545,3
72546,0
72547,1
72548,1
72549,0
72550,0
72551,3
72552,0
72553,5
72554,3
72555,5
72556,5
72557,4
72558,4
72559,4
72560,1
72561,1
72562,1
72563,4
72564,3
72565,0
72566,0
72567,1
72568,5
72569,2
72570,0
72571,2
72572,0
72573,2
72574,0
72575,0
72576,2
72577,2
72578,0
72579,0
72580,2
72581,1
72582,1
72583,1
72584,0
72585,0
72586,0
72587,0
72588,0
72589,2
72590,0
72591,0
72592,0
72593,0
72594,0
72595,0
72596,1
72597,5
72598,2
72599,4
72600,0
72601,0
72602,3
72603,3
72604,1
72605,4
72606,4
72607,4
72608,3
72609,5
72610,3
72611,0
72612,3
72613,4
72614,1
72615,3
72616,4
72617,1
72618,0
72619,0
72620,0
72621,1
72622,3
72623,1
72624,0
72625,0
72626,0
72627,0
72628,0
72629,2
72630,0
72631,0
72632,0
72633,0
72634,0
72635,2
72636,0
72637,0
72638,2
72639,3
72640,0
72641,0
72642,0
72643,0
72644,0
72645,0
72646,0
72647,0
72648,2
72649,0
72650,0
72651,0
72652,0
72653,2
72654,3
72655,0
72656,0
72657,0
72658,2
72659,0
72660,0
72661,0
72662,1
72663,0
72664,0
72665,0
72666,3
72667,3
72668,0
72669,5
72670,5
72671,0
72672,0
72673,3
72674,0
72675,0
72676,0
72677,5
72678,0
72679,5
72680,5
72681,5
72682,0
72683,0
72684,0
72685,5
72686,0
72687,5
72688,5
72689,0
72690,0
72691,3
72692,0
72693,3
72694,3
72695,0
72696,0
72697,5
72698,3
72699,0
72700,0
72701,3
72702,5
72703,0
72704,0
72705,3
72706,0
72707,3
72708,0
72709,0
72710,0
72711,0
72712,0
72713,0
72714,0
72715,2
72716,0
72717,5
72718,3
72719,0
72720,0
72721,0
72722,0
72723,0
72724,0
72725,2
72726,0
72727,0
72728,1
72729,1
72730,0
72731,0
72732,0
72733,0
72734,0
72735,0
72736,0
72737,0
72738,0
72739,2
72740,3
72741,3
72742,3
72743,3
72744,2
72745,3
72746,2
72747,3
72748,1
72749,0
72750,1
72751,3
72752,3
72753,5
72754,0
72755,0
72756,4
72757,0
72758,0
72759,0
72760,0
72761,0
72762,0
72763,0
72764,0
72765,0
72766,0
72767,0
72768,0
72769,0
72770,0
72771,0
72772,0
72773,0
72774,4
72775,0
72776,0
72777,0
72778,0
72779,0
72780,0
72781,2
72782,0
72783,3
72784,0
72785,2
72786,2
72787,3
72788,4
72789,0
72790,3
72791,3
72792,3
72793,0
72794,1
72795,3
72796,4
72797,3
72798,0
72799,0
72800,4
72801,3
72802,4
72803,4
72804,3
72805,4
72806,4
72807,0
72808,3
72809,0
72810,3
72811,0
72812,0
72813,0
72814,0
72815,0
72816,0
72817,0
72818,0
72819,0
72820,0
72821,0
72822,5
72823,0
72824,5
72825,0
72826,0
72827,0
72828,5
72829,5
72830,3
72831,5
72832,5
72833,0
72834,0
72835,0
72836,0
72837,0
72838,0
72839,0
72840,0
72841,0
72842,0
72843,0
72844,5
72845,5
72846,0
72847,5
72848,5
72849,5
72850,5
72851,5
72852,3
72853,5
72854,5
72855,5
72856,5
72857,5
72858,5
72859,5
72860,5
72861,5
72862,5
72863,5
72864,5
72865,0
72866,5
72867,5
72868,5
72869,5
72870,5
72871,1
72872,5
72873,1
72874,5
72875,5
72876,5
72877,5
72878,4
72879,5
72880,0
72881,4
72882,3
72883,4
72884,4
72885,4
72886,5
72887,0
72888,4
72889,4
72890,3
72891,5
72892,1
72893,5
72894,5
72895,5
72896,4
72897,3
72898,0
72899,4
72900,4
72901,4
72902,1
72903,4
72904,4
72905,4
72906,4
72907,4
72908,4
72909,3
72910,4
72911,4
72912,4
72913,3
72914,3
72915,5
72916,5
72917,0
72918,5
72919,5
72920,5
72921,5
72922,5
72923,5
72924,5
72925,5
72926,5
72927,5
72928,5
72929,5
72930,5
72931,3
72932,4
72933,4
72934,5
72935,5
72936,5
72937,5
72938,5
72939,5
72940,0
72941,5
72942,5
72943,5
72944,5
72945,4
72946,5
72947,5
72948,5
72949,0
72950,0
72951,4
72952,4
72953,3
72954,5
72955,4
72956,1
72957,3
72958,0
72959,0
72960,5
72961,5
72962,5
72963,5
72964,5
72965,5
72966,1
72967,3
72968,5
72969,0
72970,3
72971,0
72972,3
72973,4
72974,3
72975,2
72976,2
72977,5
72978,2
72979,2
72980,4
72981,2
72982,0
72983,0
72984,5
72985,5
72986,0
72987,4
72988,5
72989,4
72990,0
72991,2
72992,5
72993,2
72994,0
72995,0
72996,5
72997,5
72998,4
72999,3
73000,5
73001,3
73002,4
73003,5
73004,5
73005,3
73006,5
73007,5
73008,3
73009,3
73010,3
73011,3
73012,3
73013,3
73014,3
73015,3
73016,0
73017,5
73018,3
73019,3
73020,0
73021,2
73022,2
73023,3
73024,3
73025,4
73026,3
73027,5
73028,5
73029,3
73030,4
73031,0
73032,0
73033,3
73034,0
73035,0
73036,0
73037,4
73038,4
73039,0
73040,3
73041,0
73042,1
73043,3
73044,3
73045,4
73046,3
73047,0
73048,0
73049,5
73050,5
73051,5
73052,3
73053,3
73054,5
73055,5
73056,2
73057,2
73058,0
73059,2
73060,5
73061,5
73062,5
73063,4
73064,4
73065,5
73066,5
73067,5
73068,3
73069,0
73070,0
73071,2
73072,5
73073,5
73074,1
73075,0
73076,2
73077,0
73078,3
73079,4
73080,5
73081,0
73082,3
73083,0
73084,3
73085,0
73086,5
73087,4
73088,0
73089,0
73090,4
73091,4
73092,3
73093,3
73094,5
73095,0
73096,5
73097,3
73098,3
73099,4
73100,3
73101,5
73102,0
73103,0
73104,0
73105,5
73106,5
73107,4
73108,5
73109,3
73110,4
73111,3
73112,5
73113,3
73114,0
73115,1
73116,3
73117,3
73118,4
73119,4
73120,3
73121,3
73122,4
73123,4
73124,0
73125,3
73126,4
73127,4
73128,3
73129,4
73130,1
73131,4
73132,4
73133,0
73134,3
73135,3
73136,5
73137,3
73138,3
73139,4
73140,4
73141,4
73142,3
73143,4
73144,3
73145,3
73146,3
73147,4
73148,4
73149,3
73150,3
73151,0
73152,0
73153,5
73154,0
73155,0
73156,3
73157,3
73158,0
73159,0
73160,5
73161,5
73162,0
73163,4
73164,4
73165,0
73166,3
73167,3
73168,3
73169,4
73170,0
73171,4
73172,3
73173,3
73174,3
73175,3
73176,5
73177,5
73178,5
73179,0
73180,0
73181,4
73182,4
73183,3
73184,1
73185,4
73186,1
73187,2
73188,2
73189,3
73190,4
73191,4
73192,4
73193,0
73194,4
73195,4
73196,3
73197,3
73198,0
73199,2
73200,0
73201,5
73202,5
73203,5
73204,5
73205,5
73206,4
73207,5
73208,5
73209,3
73210,3
73211,5
73212,5
73213,3
73214,5
73215,3
73216,4
73217,0
73218,3
73219,2
73220,4
73221,3
73222,4
73223,4
73224,4
73225,3
73226,3
73227,0
73228,4
73229,3
73230,3
73231,5
73232,5
73233,5
73234,5
73235,3
73236,5
73237,5
73238,5
73239,4
73240,5
73241,5
73242,5
73243,4
73244,2
73245,0
73246,2
73247,2
73248,2
73249,0
73250,0
73251,3
73252,3
73253,4
73254,4
73255,0
73256,4
73257,1
73258,3
73259,2
73260,3
73261,1
73262,0
73263,2
73264,4
73265,0
73266,4
73267,4
73268,3
73269,1
73270,0
73271,5
73272,3
73273,3
73274,2
73275,0
73276,5
73277,5
73278,4
73279,3
73280,3
73281,0
73282,3
73283,2
73284,0
73285,0
73286,0
73287,4
73288,0
73289,3
73290,3
73291,1
73292,0
73293,5
73294,0
73295,3
73296,3
73297,3
73298,0
73299,2
73300,5
73301,2
73302,5
73303,2
73304,2
73305,0
73306,3
73307,2
73308,2
73309,2
73310,2
73311,2
73312,2
73313,2
73314,2
73315,2
73316,2
73317,2
73318,2
73319,2
73320,2
73321,2
73322,2
73323,5
73324,2
73325,3
73326,2
73327,2
73328,2
73329,2
73330,2
73331,2
73332,2
73333,2
73334,2
73335,2
73336,5
73337,2
73338,2
73339,2
73340,2
73341,2
73342,2
73343,2
73344,2
73345,2
73346,2
73347,5
73348,2
73349,2
73350,2
73351,2
73352,2
73353,5
73354,2
73355,2
73356,2
73357,2
73358,2
73359,2
73360,2
73361,2
73362,2
73363,2
73364,2
73365,2
73366,2
73367,5
73368,2
73369,2
73370,2
73371,0
73372,2
73373,2
73374,2
73375,5
73376,2
73377,2
73378,0
73379,5
73380,5
73381,5
73382,2
73383,2
73384,5
73385,2
73386,2
73387,2
73388,2
73389,2
73390,2
73391,2
73392,2
73393,2
73394,2
73395,2
73396,2
73397,3
73398,2
73399,2
73400,2
73401,5
73402,2
73403,2
73404,2
73405,2
73406,2
73407,3
73408,2
73409,2
73410,0
73411,2
73412,2
73413,2
73414,2
73415,2
73416,2
73417,2
73418,1
73419,2
73420,2
73421,2
73422,5
73423,5
73424,0
73425,5
73426,5
73427,3
73428,2
73429,2
73430,5
73431,2
73432,2
73433,5
73434,2
73435,2
73436,2
73437,2
73438,2
73439,2
73440,2
73441,2
73442,2
73443,2
73444,2
73445,2
73446,2
73447,2
73448,2
73449,2
73450,2
73451,2
73452,2
73453,2
73454,2
73455,2
73456,0
73457,2
73458,2
73459,5
73460,2
73461,2
73462,2
73463,2
73464,2
73465,2
73466,2
73467,2
73468,2
73469,5
73470,2
73471,5
73472,2
73473,2
73474,2
73475,0
73476,2
73477,2
73478,2
73479,2
73480,2
73481,2
73482,2
73483,5
73484,2
73485,5
73486,5
73487,2
73488,2
73489,5
73490,2
73491,5
73492,2
73493,5
73494,3
73495,2
73496,2
73497,2
73498,2
73499,3
73500,2
73501,2
73502,2
73503,2
73504,5
73505,2
73506,2
73507,2
73508,2
73509,2
73510,2
73511,5
73512,5
73513,2
73514,2
73515,5
73516,2
73517,5
73518,2
73519,5
73520,2
73521,2
73522,5
73523,5
73524,2
73525,5
73526,5
73527,5
73528,2
73529,5
73530,2
73531,2
73532,2
73533,5
73534,5
73535,2
73536,5
73537,5
73538,3
73539,2
73540,2
73541,2
73542,2
73543,5
73544,2
73545,2
73546,5
73547,2
73548,5
73549,5
73550,5
73551,2
73552,2
73553,2
73554,2
73555,2
73556,2
73557,2
73558,5
73559,5
73560,5
73561,2
73562,2
73563,2
73564,2
73565,5
73566,2
73567,2
73568,2
73569,2
73570,5
73571,5
73572,5
73573,5
73574,5
73575,5
73576,5
73577,5
73578,5
73579,5
73580,5
73581,5
73582,2
73583,0
73584,2
73585,3
73586,5
73587,2
73588,5
73589,0
73590,2
73591,2
73592,2
73593,0
73594,2
73595,0
73596,2
73597,2
73598,2
73599,2
73600,2
73601,2
73602,2
73603,2
73604,2
73605,2
73606,2
73607,2
73608,2
73609,2
73610,2
73611,2
73612,2
73613,2
73614,2
73615,3
73616,2
73617,2
73618,2
73619,2
73620,2
73621,2
73622,2
73623,2
73624,2
73625,2
73626,2
73627,2
73628,2
73629,2
73630,2
73631,2
73632,2
73633,2
73634,2
73635,2
73636,2
73637,0
73638,2
73639,2
73640,2
73641,2
73642,0
73643,3
73644,2
73645,5
73646,2
73647,2
73648,2
73649,2
73650,2
73651,2
73652,2
73653,2
73654,2
73655,2
73656,2
73657,5
73658,2
73659,5
73660,3
73661,2
73662,2
73663,2
73664,2
73665,2
73666,3
73667,2
73668,2
73669,3
73670,3
73671,2
73672,2
73673,2
73674,2
73675,2
73676,2
73677,2
73678,2
73679,2
73680,2
73681,0
73682,2
73683,2
73684,2
73685,2
73686,2
73687,2
73688,0
73689,2
73690,2
73691,2
73692,2
73693,2
73694,2
73695,0
73696,2
73697,2
73698,2
73699,2
73700,5
73701,2
73702,2
73703,2
73704,2
73705,2
73706,2
73707,2
73708,2
73709,2
73710,5
73711,2
73712,2
73713,5
73714,2
73715,2
73716,2
73717,2
73718,2
73719,2
73720,2
73721,2
73722,2
73723,2
73724,2
73725,2
73726,2
73727,2
73728,0
73729,2
73730,2
73731,2
73732,2
73733,2
73734,0
73735,2
73736,2
73737,0
73738,2
73739,2
73740,2
73741,2
73742,2
73743,2
73744,3
73745,5
73746,2
73747,5
73748,5
73749,2
73750,5
73751,5
73752,2
73753,2
73754,5
73755,2
73756,5
73757,5
73758,2
73759,5
73760,5
73761,5
73762,5
73763,5
73764,5
73765,5
73766,5
73767,2
73768,2
73769,2
73770,2
73771,2
73772,2
73773,2
73774,2
73775,5
73776,5
73777,2
73778,5
73779,5
73780,5
73781,5
73782,5
73783,5
73784,5
73785,5
73786,2
73787,0
73788,2
73789,2
73790,2
73791,5
73792,5
73793,2
73794,2
73795,2
73796,2
73797,2
73798,0
73799,2
73800,2
73801,2
73802,2
73803,2
73804,2
73805,2
73806,2
73807,2
73808,3
73809,5
73810,2
73811,5
73812,5
73813,5
73814,2
73815,2
73816,2
73817,3
73818,2
73819,5
73820,5
73821,2
73822,2
73823,2
73824,2
73825,2
73826,0
73827,0
73828,2
73829,2
73830,2
73831,2
73832,2
73833,2
73834,2
73835,5
73836,2
73837,2
73838,5
73839,2
73840,2
73841,2
73842,5
73843,3
73844,3
73845,2
73846,2
73847,2
73848,2
73849,5
73850,5
73851,3
73852,2
73853,3
73854,2
73855,2
73856,2
73857,2
73858,3
73859,2
73860,2
73861,2
73862,3
73863,5
73864,5
73865,5
73866,2
73867,5
73868,5
73869,5
73870,5
73871,0
73872,2
73873,5
73874,5
73875,5
73876,5
73877,2
73878,2
73879,5
73880,5
73881,5
73882,2
73883,5
73884,2
73885,5
73886,2
73887,2
73888,5
73889,2
73890,2
73891,5
73892,3
73893,5
73894,0
73895,2
73896,5
73897,2
73898,5
73899,2
73900,0
73901,2
73902,2
73903,2
73904,2
73905,2
73906,2
73907,2
73908,2
73909,2
73910,2
73911,2
73912,2
73913,0
73914,2
73915,2
73916,2
73917,5
73918,2
73919,5
73920,2
73921,2
73922,2
73923,5
73924,2
73925,2
73926,2
73927,0
73928,2
73929,0
73930,2
73931,5
73932,2
73933,2
73934,2
73935,2
73936,2
73937,2
73938,2
73939,2
73940,2
73941,2
73942,2
73943,2
73944,2
73945,2
73946,2
73947,2
73948,5
73949,2
73950,5
73951,2
73952,2
73953,2
73954,2
73955,2
73956,2
73957,3
73958,2
73959,2
73960,3
73961,5
73962,5
73963,5
73964,5
73965,2
73966,0
73967,2
73968,2
73969,2
73970,2
73971,2
73972,2
73973,2
73974,2
73975,2
73976,2
73977,2
73978,2
73979,0
73980,2
73981,3
73982,2
73983,2
73984,5
73985,5
73986,2
73987,2
73988,2
73989,2
73990,2
73991,5
73992,2
73993,3
73994,2
73995,2
73996,2
73997,2
73998,2
73999,0
74000,2
74001,2
74002,2
74003,2
74004,0
74005,2
74006,2
74007,2
74008,2
74009,2
74010,2
74011,2
74012,2
74013,2
74014,2
74015,2
74016,2
74017,2
74018,2
74019,2
74020,2
74021,2
74022,0
74023,2
74024,2
74025,2
74026,2
74027,2
74028,2
74029,2
74030,2
74031,2
74032,2
74033,2
74034,5
74035,2
74036,2
74037,3
74038,2
74039,0
74040,5
74041,2
74042,2
74043,2
74044,2
74045,2
74046,2
74047,2
74048,2
74049,2
74050,2
74051,2
74052,2
74053,2
74054,2
74055,2
74056,2
74057,2
74058,2
74059,2
74060,2
74061,2
74062,2
74063,2
74064,2
74065,2
74066,2
74067,2
74068,5
74069,2
74070,5
74071,2
74072,2
74073,2
74074,2
74075,5
74076,2
74077,2
74078,0
74079,2
74080,2
74081,2
74082,2
74083,2
74084,2
74085,2
74086,2
74087,2
74088,2
74089,2
74090,2
74091,2
74092,2
74093,2
74094,2
74095,2
74096,5
74097,2
74098,2
74099,2
74100,2
74101,3
74102,3
74103,2
74104,2
74105,0
74106,2
74107,2
74108,2
74109,2
74110,2
74111,2
74112,0
74113,2
74114,0
74115,0
74116,2
74117,2
74118,2
74119,2
74120,0
74121,0
74122,2
74123,2
74124,2
74125,3
74126,2
74127,2
74128,2
74129,5
74130,2
74131,2
74132,2
74133,2
74134,2
74135,2
74136,2
74137,2
74138,2
74139,2
74140,2
74141,2
74142,2
74143,2
74144,2
74145,2
74146,2
74147,2
74148,2
74149,2
74150,2
74151,2
74152,2
74153,2
74154,2
74155,2
74156,2
74157,2
74158,5
74159,2
74160,2
74161,2
74162,2
74163,0
74164,2
74165,2
74166,0
74167,2
74168,2
74169,2
74170,2
74171,2
74172,2
74173,2
74174,2
74175,2
74176,2
74177,0
74178,2
74179,2
74180,2
74181,2
74182,3
74183,2
74184,2
74185,2
74186,2
74187,2
74188,2
74189,2
74190,2
74191,2
74192,2
74193,2
74194,2
74195,2
74196,2
74197,2
74198,2
74199,2
74200,2
74201,2
74202,5
74203,2
74204,2
74205,2
74206,0
74207,2
74208,2
74209,0
74210,2
74211,3
74212,2
74213,2
74214,2
74215,5
74216,2
74217,2
74218,3
74219,2
74220,2
74221,2
74222,2
74223,0
74224,2
74225,2
74226,2
74227,2
74228,2
74229,5
74230,2
74231,2
74232,2
74233,2
74234,5
74235,3
74236,2
74237,2
74238,2
74239,2
74240,2
74241,2
74242,2
74243,2
74244,2
74245,2
74246,2
74247,2
74248,2
74249,2
74250,2
74251,2
74252,2
74253,2
74254,2
74255,2
74256,5
74257,5
74258,5
74259,2
74260,2
74261,2
74262,2
74263,2
74264,3
74265,3
74266,2
74267,0
74268,2
74269,2
74270,0
74271,0
74272,0
74273,0
74274,2
74275,2
74276,3
74277,0
74278,5
74279,5
74280,2
74281,2
74282,2
74283,2
74284,2
74285,2
74286,2
74287,2
74288,2
74289,2
74290,2
74291,2
74292,2
74293,0
74294,3
74295,3
74296,0
74297,0
74298,2
74299,3
74300,2
74301,2
74302,2
74303,2
74304,0
74305,2
74306,2
74307,2
74308,5
74309,5
74310,2
74311,2
74312,5
74313,2
74314,2
74315,5
74316,3
74317,2
74318,3
74319,2
74320,3
74321,2
74322,2
74323,0
74324,2
74325,5
74326,2
74327,5
74328,2
74329,2
74330,0
74331,2
74332,2
74333,5
74334,2
74335,3
74336,2
74337,2
74338,5
74339,5
74340,5
74341,5
74342,2
74343,2
74344,2
74345,5
74346,2
74347,5
74348,2
74349,2
74350,2
74351,2
74352,0
74353,2
74354,2
74355,2
74356,2
74357,5
74358,5
74359,2
74360,5
74361,2
74362,5
74363,2
74364,0
74365,2
74366,2
74367,2
74368,5
74369,2
74370,5
74371,5
74372,5
74373,2
74374,2
74375,2
74376,2
74377,2
74378,2
74379,2
74380,0
74381,5
74382,2
74383,2
74384,2
74385,2
74386,2
74387,5
74388,5
74389,2
74390,5
74391,5
74392,0
74393,2
74394,2
74395,2
74396,5
74397,5
74398,2
74399,5
74400,2
74401,2
74402,2
74403,2
74404,5
74405,0
74406,3
74407,2
74408,5
74409,2
74410,2
74411,5
74412,5
74413,2
74414,2
74415,5
74416,2
74417,3
74418,2
74419,2
74420,2
74421,2
74422,2
74423,2
74424,2
74425,2
74426,3
74427,2
74428,2
74429,2
74430,0
74431,2
74432,2
74433,2
74434,2
74435,2
74436,3
74437,2
74438,2
74439,2
74440,2
74441,2
74442,2
74443,2
74444,2
74445,2
74446,3
74447,5
74448,2
74449,2
74450,2
74451,2
74452,2
74453,2
74454,2
74455,0
74456,0
74457,2
74458,2
74459,2
74460,2
74461,5
74462,2
74463,3
74464,3
74465,2
74466,2
74467,5
74468,2
74469,3
74470,2
74471,2
74472,2
74473,2
74474,3
74475,2
74476,3
74477,2
74478,2
74479,2
74480,2
74481,2
74482,2
74483,2
74484,2
74485,2
74486,2
74487,5
74488,2
74489,2
74490,2
74491,0
74492,2
74493,2
74494,2
74495,2
74496,0
74497,2
74498,2
74499,2
74500,2
74501,2
74502,2
74503,2
74504,2
74505,2
74506,0
74507,2
74508,2
74509,2
74510,2
74511,2
74512,5
74513,5
74514,5
74515,5
74516,5
74517,5
74518,5
74519,5
74520,5
74521,5
74522,2
74523,5
74524,2
74525,2
74526,2
74527,2
74528,5
74529,5
74530,5
74531,2
74532,2
74533,2
74534,2
74535,2
74536,2
74537,2
74538,2
74539,2
74540,2
74541,5
74542,2
74543,5
74544,5
74545,2
74546,2
74547,5
74548,2
74549,2
74550,2
74551,2
74552,3
74553,5
74554,5
74555,5
74556,5
74557,5
74558,2
74559,5
74560,2
74561,2
74562,2
74563,2
74564,5
74565,2
74566,2
74567,3
74568,2
74569,2
74570,5
74571,0
74572,5
74573,2
74574,2
74575,2
74576,5
74577,2
74578,3
74579,2
74580,2
74581,2
74582,2
74583,2
74584,2
74585,2
74586,2
74587,2
74588,2
74589,2
74590,2
74591,2
74592,3
74593,2
74594,2
74595,2
74596,2
74597,2
74598,2
74599,5
74600,5
74601,2
74602,2
74603,2
74604,2
74605,2
74606,2
74607,2
74608,2
74609,5
74610,2
74611,2
74612,2
74613,2
74614,2
74615,5
74616,3
74617,2
74618,2
74619,2
74620,2
74621,2
74622,2
74623,2
74624,2
74625,2
74626,2
74627,2
74628,0
74629,2
74630,2
74631,2
74632,2
74633,5
74634,2
74635,5
74636,2
74637,2
74638,2
74639,5
74640,2
74641,5
74642,5
74643,3
74644,5
74645,2
74646,5
74647,2
74648,2
74649,2
74650,2
74651,2
74652,2
74653,4
74654,2
74655,2
74656,2
74657,2
74658,2
74659,2
74660,3
74661,2
74662,2
74663,2
74664,2
74665,2
74666,2
74667,3
74668,2
74669,2
74670,2
74671,2
74672,2
74673,2
74674,2
74675,2
74676,2
74677,2
74678,2
74679,2
74680,2
74681,0
74682,2
74683,2
74684,2
74685,2
74686,2
74687,2
74688,2
74689,0
74690,0
74691,2
74692,2
74693,0
74694,2
74695,2
74696,2
74697,2
74698,2
74699,2
74700,2
74701,2
74702,0
74703,5
74704,5
74705,2
74706,2
74707,3
74708,2
74709,2
74710,2
74711,2
74712,2
74713,2
74714,5
74715,5
74716,2
74717,2
74718,5
74719,5
74720,2
74721,2
74722,2
74723,2
74724,2
74725,2
74726,2
74727,0
74728,2
74729,2
74730,2
74731,0
74732,2
74733,2
74734,3
74735,2
74736,2
74737,5
74738,5
74739,0
74740,5
74741,5
74742,2
74743,2
74744,2
74745,2
74746,2
74747,2
74748,2
74749,2
74750,2
74751,2
74752,2
74753,2
74754,3
74755,2
74756,2
74757,2
74758,2
74759,2
74760,2
74761,5
74762,5
74763,2
74764,2
74765,2
74766,3
74767,2
74768,2
74769,2
74770,3
74771,2
74772,0
74773,2
74774,5
74775,2
74776,2
74777,2
74778,2
74779,2
74780,2
74781,2
74782,2
74783,2
74784,2
74785,0
74786,2
74787,2
74788,3
74789,2
74790,0
74791,2
74792,2
74793,2
74794,2
74795,2
74796,2
74797,2
74798,2
74799,2
74800,2
74801,2
74802,0
74803,3
74804,2
74805,2
74806,2
74807,2
74808,2
74809,0
74810,2
74811,0
74812,2
74813,2
74814,5
74815,2
74816,2
74817,2
74818,2
74819,2
74820,2
74821,2
74822,2
74823,2
74824,2
74825,2
74826,2
74827,2
74828,2
74829,2
74830,2
74831,0
74832,2
74833,2
74834,2
74835,2
74836,2
74837,2
74838,2
74839,2
74840,2
74841,0
74842,3
74843,4
74844,2
74845,3
74846,2
74847,2
74848,0
74849,0
74850,2
74851,2
74852,2
74853,2
74854,0
74855,2
74856,2
74857,2
74858,2
74859,2
74860,2
74861,2
74862,2
74863,5
74864,2
74865,0
74866,2
74867,2
74868,2
74869,2
74870,2
74871,2
74872,2
74873,2
74874,3
74875,2
74876,2
74877,2
74878,2
74879,2
74880,2
74881,2
74882,2
74883,2
74884,2
74885,2
74886,2
74887,2
74888,0
74889,2
74890,2
74891,2
74892,2
74893,2
74894,2
74895,2
74896,2
74897,0
74898,2
74899,2
74900,2
74901,2
74902,2
74903,2
74904,2
74905,2
74906,2
74907,2
74908,2
74909,2
74910,2
74911,2
74912,2
74913,2
74914,2
74915,2
74916,2
74917,2
74918,2
74919,5
74920,2
74921,2
74922,2
74923,3
74924,5
74925,5
74926,2
74927,5
74928,2
74929,0
74930,2
74931,2
74932,2
74933,2
74934,2
74935,2
74936,2
74937,2
74938,2
74939,2
74940,2
74941,2
74942,2
74943,2
74944,2
74945,2
74946,2
74947,3
74948,2
74949,2
74950,5
74951,2
74952,5
74953,2
74954,2
74955,2
74956,2
74957,5
74958,0
74959,2
74960,2
74961,2
74962,2
74963,2
74964,2
74965,2
74966,2
74967,2
74968,2
74969,2
74970,2
74971,2
74972,2
74973,2
74974,2
74975,2
74976,2
74977,2
74978,2
74979,2
74980,2
74981,0
74982,2
74983,2
74984,2
74985,2
74986,2
74987,2
74988,2
74989,2
74990,2
74991,2
74992,2
74993,2
74994,2
74995,2
74996,2
74997,2
74998,2
74999,2
75000,2
75001,2
75002,2
75003,2
75004,2
75005,2
75006,2
75007,2
75008,4
75009,3
75010,2
75011,2
75012,2
75013,2
75014,2
75015,2
75016,2
75017,2
75018,2
75019,2
75020,2
75021,2
75022,2
75023,2
75024,5
75025,0
75026,5
75027,2
75028,2
75029,5
75030,2
75031,5
75032,5
75033,2
75034,2
75035,2
75036,5
75037,5
75038,2
75039,0
75040,0
75041,5
75042,5
75043,2
75044,5
75045,2
75046,2
75047,0
75048,5
75049,5
75050,5
75051,5
75052,2
75053,2
75054,2
75055,2
75056,2
75057,2
75058,5
75059,5
75060,2
75061,2
75062,2
75063,5
75064,5
75065,2
75066,2
75067,2
75068,2
75069,2
75070,1
75071,2
75072,3
75073,3
75074,3
75075,3
75076,3
75077,4
75078,3
75079,2
75080,3
75081,2
75082,2
75083,3
75084,2
75085,3
75086,3
75087,2
75088,2
75089,3
75090,1
75091,0
75092,0
75093,5
75094,5
75095,2
75096,2
75097,2
75098,2
75099,2
75100,2
75101,5
75102,2
75103,2
75104,3
75105,2
75106,5
75107,0
75108,2
75109,4
75110,4
75111,3
75112,1
75113,3
75114,3
75115,3
75116,3
75117,3
75118,3
75119,3
75120,4
75121,3
75122,3
75123,4
75124,2
75125,3
75126,4
75127,2
75128,3
75129,3
75130,2
75131,3
75132,3
75133,4
75134,4
75135,3
75136,4
75137,3
75138,3
75139,1
75140,3
75141,3
75142,3
75143,3
75144,3
75145,4
75146,3
75147,3
75148,4
75149,4
75150,0
75151,2
75152,4
75153,2
75154,3
75155,4
75156,4
75157,4
75158,3
75159,4
75160,2
75161,4
75162,0
75163,3
75164,2
75165,2
75166,0
75167,3
75168,5
75169,5
75170,2
75171,2
75172,2
75173,2
75174,2
75175,0
75176,2
75177,2
75178,0
75179,3
75180,1
75181,1
75182,0
75183,2
75184,2
75185,2
75186,2
75187,2
75188,2
75189,2
75190,2
75191,2
75192,2
75193,2
75194,2
75195,2
75196,1
75197,3
75198,2
75199,2
75200,2
75201,2
75202,2
75203,2
75204,2
75205,2
75206,2
75207,2
75208,2
75209,2
75210,2
75211,2
75212,2
75213,2
75214,3
75215,2
75216,2
75217,2
75218,5
75219,5
75220,2
75221,2
75222,2
75223,2
75224,2
75225,2
75226,0
75227,2
75228,2
75229,5
75230,2
75231,2
75232,2
75233,2
75234,2
75235,2
75236,0
75237,3
75238,2
75239,5
75240,5
75241,2
75242,2
75243,3
75244,2
75245,3
75246,2
75247,2
75248,2
75249,2
75250,2
75251,2
75252,2
75253,2
75254,2
75255,2
75256,2
75257,2
75258,5
75259,2
75260,2
75261,2
75262,2
75263,2
75264,2
75265,0
75266,5
75267,2
75268,2
75269,2
75270,2
75271,2
75272,2
75273,2
75274,5
75275,2
75276,2
75277,5
75278,2
75279,2
75280,5
75281,5
75282,2
75283,5
75284,2
75285,2
75286,2
75287,5
75288,2
75289,2
75290,2
75291,2
75292,2
75293,2
75294,0
75295,2
75296,2
75297,2
75298,1
75299,2
75300,2
75301,2
75302,2
75303,5
75304,2
75305,2
75306,2
75307,3
75308,2
75309,2
75310,2
75311,2
75312,2
75313,0
75314,5
75315,2
75316,2
75317,2
75318,2
75319,2
75320,2
75321,2
75322,2
75323,2
75324,2
75325,2
75326,2
75327,2
75328,2
75329,2
75330,2
75331,5
75332,2
75333,2
75334,2
75335,2
75336,2
75337,2
75338,2
75339,2
75340,2
75341,0
75342,2
75343,2
75344,5
75345,0
75346,2
75347,2
75348,2
75349,2
75350,5
75351,2
75352,5
75353,5
75354,2
75355,2
75356,5
75357,2
75358,2
75359,2
75360,2
75361,2
75362,2
75363,2
75364,2
75365,5
75366,2
75367,2
75368,2
75369,2
75370,2
75371,2
75372,2
75373,2
75374,2
75375,5
75376,2
75377,5
75378,2
75379,2
75380,2
75381,2
75382,2
75383,2
75384,2
75385,2
75386,2
75387,2
75388,5
75389,2
75390,2
75391,2
75392,2
75393,2
75394,2
75395,2
75396,2
75397,2
75398,5
75399,5
75400,2
75401,3
75402,2
75403,5
75404,0
75405,2
75406,2
75407,2
75408,2
75409,2
75410,2
75411,5
75412,5
75413,5
75414,5
75415,2
75416,5
75417,2
75418,2
75419,2
75420,3
75421,2
75422,2
75423,2
75424,2
75425,3
75426,2
75427,2
75428,2
75429,2
75430,2
75431,2
75432,2
75433,3
75434,2
75435,3
75436,3
75437,2
75438,2
75439,2
75440,3
75441,2
75442,2
75443,2
75444,2
75445,2
75446,2
75447,2
75448,2
75449,2
75450,2
75451,2
75452,2
75453,2
75454,2
75455,2
75456,2
75457,2
75458,2
75459,2
75460,2
75461,0
75462,2
75463,2
75464,0
75465,2
75466,5
75467,5
75468,2
75469,2
75470,2
75471,2
75472,2
75473,3
75474,2
75475,3
75476,2
75477,2
75478,2
75479,2
75480,2
75481,0
75482,5
75483,2
75484,2
75485,2
75486,3
75487,0
75488,2
75489,2
75490,2
75491,0
75492,2
75493,2
75494,2
75495,2
75496,5
75497,5
75498,5
75499,5
75500,2
75501,5
75502,2
75503,2
75504,2
75505,2
75506,2
75507,2
75508,2
75509,2
75510,2
75511,2
75512,2
75513,2
75514,2
75515,2
75516,2
75517,2
75518,2
75519,2
75520,2
75521,2
75522,2
75523,2
75524,2
75525,2
75526,2
75527,2
75528,2
75529,2
75530,2
75531,2
75532,2
75533,2
75534,2
75535,2
75536,3
75537,2
75538,2
75539,2
75540,2
75541,2
75542,2
75543,2
75544,2
75545,2
75546,2
75547,2
75548,3
75549,2
75550,2
75551,2
75552,5
75553,2
75554,0
75555,3
75556,2
75557,3
75558,2
75559,2
75560,2
75561,5
75562,2
75563,2
75564,2
75565,0
75566,2
75567,2
75568,2
75569,2
75570,2
75571,3
75572,2
75573,5
75574,2
75575,2
75576,2
75577,2
75578,2
75579,3
75580,2
75581,0
75582,2
75583,2
75584,5
75585,2
75586,2
75587,5
75588,2
75589,2
75590,5
75591,2
75592,2
75593,2
75594,2
75595,2
75596,5
75597,2
75598,2
75599,2
75600,2
75601,2
75602,0
75603,2
75604,2
75605,2
75606,3
75607,2
75608,2
75609,2
75610,2
75611,2
75612,2
75613,2
75614,2
75615,2
75616,2
75617,2
75618,2
75619,2
75620,2
75621,2
75622,2
75623,2
75624,2
75625,2
75626,2
75627,2
75628,2
75629,2
75630,2
75631,2
75632,2
75633,3
75634,2
75635,2
75636,3
75637,2
75638,2
75639,2
75640,2
75641,2
75642,2
75643,2
75644,2
75645,2
75646,2
75647,2
75648,2
75649,2
75650,2
75651,2
75652,2
75653,2
75654,2
75655,2
75656,2
75657,2
75658,2
75659,2
75660,2
75661,2
75662,2
75663,2
75664,2
75665,5
75666,2
75667,2
75668,2
75669,2
75670,2
75671,2
75672,2
75673,2
75674,2
75675,2
75676,2
75677,2
75678,2
75679,2
75680,2
75681,2
75682,2
75683,5
75684,2
75685,2
75686,2
75687,2
75688,2
75689,2
75690,2
75691,2
75692,2
75693,2
75694,2
75695,2
75696,2
75697,2
75698,2
75699,2
75700,2
75701,2
75702,2
75703,0
75704,3
75705,2
75706,2
75707,2
75708,3
75709,2
75710,0
75711,2
75712,2
75713,2
75714,5
75715,3
75716,5
75717,2
75718,3
75719,3
75720,5
75721,5
75722,2
75723,0
75724,0
75725,5
75726,5
75727,2
75728,2
75729,2
75730,3
75731,2
75732,2
75733,0
75734,4
75735,5
75736,2
75737,2
75738,2
75739,2
75740,2
75741,2
75742,2
75743,5
75744,5
75745,3
75746,2
75747,5
75748,2
75749,5
75750,5
75751,5
75752,2
75753,5
75754,5
75755,5
75756,3
75757,2
75758,5
75759,2
75760,5
75761,5
75762,5
75763,2
75764,5
75765,5
75766,2
75767,2
75768,2
75769,5
75770,2
75771,2
75772,2
75773,5
75774,5
75775,2
75776,2
75777,5
75778,2
75779,2
75780,2
75781,5
75782,5
75783,2
75784,2
75785,2
75786,2
75787,2
75788,2
75789,2
75790,2
75791,2
75792,2
75793,5
75794,5
75795,2
75796,5
75797,2
75798,2
75799,2
75800,2
75801,5
75802,2
75803,5
75804,2
75805,2
75806,2
75807,2
75808,2
75809,2
75810,2
75811,2
75812,2
75813,2
75814,2
75815,2
75816,2
75817,5
75818,5
75819,2
75820,2
75821,5
75822,2
75823,2
75824,2
75825,2
75826,2
75827,2
75828,2
75829,2
75830,2
75831,2
75832,2
75833,2
75834,2
75835,2
75836,2
75837,5
75838,5
75839,2
75840,2
75841,2
75842,2
75843,2
75844,2
75845,2
75846,5
75847,2
75848,5
75849,2
75850,2
75851,2
75852,2
75853,2
75854,5
75855,2
75856,2
75857,2
75858,2
75859,2
75860,5
75861,4
75862,3
75863,2
75864,2
75865,4
75866,2
75867,1
75868,2
75869,4
75870,4
75871,4
75872,5
75873,0
75874,2
75875,1
75876,4
75877,4
75878,2
75879,4
75880,4
75881,4
75882,3
75883,1
75884,1
75885,1
75886,2
75887,3
75888,1
75889,2
75890,4
75891,2
75892,5
75893,2
75894,2
75895,2
75896,2
75897,2
75898,5
75899,2
75900,2
75901,5
75902,3
75903,2
75904,2
75905,5
75906,2
75907,4
75908,0
75909,2
75910,2
75911,2
75912,5
75913,2
75914,2
75915,2
75916,2
75917,2
75918,3
75919,2
75920,2
75921,2
75922,2
75923,4
75924,2
75925,3
75926,2
75927,2
75928,2
75929,2
75930,2
75931,2
75932,2
75933,2
75934,2
75935,3
75936,4
75937,2
75938,3
75939,4
75940,2
75941,2
75942,5
75943,4
75944,1
75945,4
75946,4
75947,4
75948,4
75949,4
75950,4
75951,4
75952,4
75953,4
75954,5
75955,5
75956,3
75957,2
75958,5
75959,4
75960,5
75961,5
75962,4
75963,4
75964,4
75965,4
75966,2
75967,4
75968,3
75969,4
75970,4
75971,2
75972,3
75973,4
75974,4
75975,4
75976,4
75977,4
75978,1
75979,4
75980,4
75981,4
75982,4
75983,3
75984,4
75985,2
75986,3
75987,4
75988,4
75989,4
75990,2
75991,2
75992,5
75993,3
75994,4
75995,3
75996,1
75997,1
75998,4
75999,2
76000,4
76001,4
76002,3
76003,2
76004,2
76005,0
76006,0
76007,3
76008,3
76009,0
76010,2
76011,3
76012,3
76013,2
76014,5
76015,4
76016,4
76017,5
76018,4
76019,2
76020,4
76021,3
76022,4
76023,4
76024,1
76025,1
76026,4
76027,2
76028,2
76029,2
76030,2
76031,1
76032,2
76033,2
76034,2
76035,2
76036,4
76037,4
76038,2
76039,2
76040,4
76041,5
76042,2
76043,2
76044,4
76045,4
76046,2
76047,4
76048,2
76049,4
76050,0
76051,2
76052,2
76053,2
76054,1
76055,1
76056,1
76057,4
76058,4
76059,4
76060,1
76061,4
76062,4
76063,4
76064,4
76065,4
76066,4
76067,4
76068,4
76069,4
76070,4
76071,1
76072,1
76073,2
76074,2
76075,4
76076,4
76077,2
76078,4
76079,4
76080,2
76081,4
76082,4
76083,4
76084,4
76085,4
76086,2
76087,4
76088,2
76089,4
76090,4
76091,2
76092,4
76093,2
76094,1
76095,4
76096,4
76097,2
76098,4
76099,1
76100,4
76101,4
76102,2
76103,1
76104,1
76105,2
76106,2
76107,1
76108,4
76109,4
76110,1
76111,4
76112,4
76113,4
76114,1
76115,4
76116,0
76117,2
76118,2
76119,2
76120,2
76121,2
76122,0
76123,0
76124,4
76125,4
76126,4
76127,2
76128,4
76129,4
76130,4
76131,4
76132,4
76133,4
76134,4
76135,4
76136,4
76137,4
76138,4
76139,4
76140,4
76141,4
76142,4
76143,4
76144,4
76145,4
76146,4
76147,3
76148,3
76149,3
76150,4
76151,4
76152,4
76153,4
76154,4
76155,4
76156,4
76157,4
76158,2
76159,2
76160,2
76161,3
76162,4
76163,4
76164,4
76165,4
76166,4
76167,4
76168,4
76169,4
76170,4
76171,4
76172,3
76173,4
76174,4
76175,4
76176,4
76177,4
76178,4
76179,2
76180,2
76181,2
76182,4
76183,4
76184,4
76185,4
76186,4
76187,4
76188,2
76189,2
76190,2
76191,2
76192,0
76193,2
76194,2
76195,4
76196,2
76197,0
76198,2
76199,2
76200,4
76201,3
76202,3
76203,4
76204,4
76205,4
76206,4
76207,4
76208,4
76209,4
76210,4
76211,4
76212,4
76213,4
76214,4
76215,4
76216,4
76217,4
76218,4
76219,4
76220,3
76221,4
76222,4
76223,4
76224,4
76225,4
76226,4
76227,2
76228,2
76229,0
76230,4
76231,4
76232,4
76233,4
76234,4
76235,4
76236,4
76237,4
76238,4
76239,4
76240,4
76241,4
76242,4
76243,4
76244,4
76245,4
76246,4
76247,4
76248,4
76249,4
76250,2
76251,2
76252,2
76253,2
76254,2
76255,4
76256,4
76257,2
76258,4
76259,4
76260,4
76261,4
76262,4
76263,2
76264,0
76265,4
76266,4
76267,4
76268,4
76269,4
76270,4
76271,4
76272,4
76273,2
76274,4
76275,2
76276,4
76277,4
76278,4
76279,4
76280,4
76281,4
76282,4
76283,4
76284,4
76285,4
76286,4
76287,2
76288,2
76289,2
76290,4
76291,4
76292,4
76293,4
76294,2
76295,4
76296,4
76297,4
76298,4
76299,4
76300,4
76301,2
76302,4
76303,4
76304,2
76305,0
76306,4
76307,4
76308,4
76309,4
76310,4
76311,4
76312,4
76313,4
76314,4
76315,4
76316,4
76317,4
76318,4
76319,2
76320,4
76321,2
76322,2
76323,2
76324,2
76325,2
76326,2
76327,2
76328,2
76329,2
76330,2
76331,4
76332,4
76333,2
76334,2
76335,2
76336,4
76337,5
76338,4
76339,0
76340,4
76341,4
76342,4
76343,4
76344,4
76345,3
76346,4
76347,4
76348,3
76349,3
76350,4
76351,4
76352,4
76353,4
76354,4
76355,4
76356,4
76357,4
76358,4
76359,4
76360,4
76361,4
76362,4
76363,4
76364,4
76365,4
76366,4
76367,4
76368,2
76369,4
76370,4
76371,4
76372,2
76373,4
76374,4
76375,4
76376,4
76377,0
76378,4
76379,2
76380,4
76381,4
76382,4
76383,4
76384,4
76385,4
76386,4
76387,4
76388,4
76389,4
76390,2
76391,1
76392,1
76393,2
76394,1
76395,4
76396,4
76397,4
76398,4
76399,4
76400,4
76401,4
76402,4
76403,4
76404,5
76405,4
76406,4
76407,4
76408,2
76409,2
76410,4
76411,4
76412,4
76413,4
76414,4
76415,4
76416,4
76417,3
76418,4
76419,4
76420,4
76421,4
76422,4
76423,4
76424,4
76425,4
76426,4
76427,4
76428,2
76429,4
76430,4
76431,4
76432,2
76433,2
76434,2
76435,2
76436,2
76437,4
76438,4
76439,4
76440,4
76441,4
76442,4
76443,4
76444,4
76445,4
76446,4
76447,4
76448,4
76449,4
76450,2
76451,4
76452,0
76453,2
76454,2
76455,4
76456,2
76457,2
76458,2
76459,2
76460,2
76461,4
76462,4
76463,4
76464,4
76465,4
76466,2
76467,4
76468,4
76469,3
76470,2
76471,4
76472,4
76473,4
76474,4
76475,2
76476,4
76477,4
76478,2
76479,4
76480,4
76481,4
76482,2
76483,3
76484,2
76485,4
76486,4
76487,4
76488,4
76489,2
76490,2
76491,2
76492,2
76493,4
76494,4
76495,3
76496,0
76497,4
76498,2
76499,4
76500,4
76501,4
76502,4
76503,2
76504,4
76505,4
76506,2
76507,2
76508,4
76509,4
76510,4
76511,4
76512,4
76513,4
76514,4
76515,4
76516,4
76517,4
76518,4
76519,4
76520,4
76521,4
76522,4
76523,4
76524,4
76525,4
76526,4
76527,2
76528,4
76529,2
76530,4
76531,4
76532,4
76533,4
76534,3
76535,2
76536,4
76537,2
76538,4
76539,0
76540,4
76541,2
76542,2
76543,4
76544,4
76545,0
76546,4
76547,4
76548,4
76549,4
76550,2
76551,2
76552,2
76553,4
76554,4
76555,2
76556,3
76557,4
76558,2
76559,2
76560,4
76561,2
76562,2
76563,2
76564,2
76565,3
76566,2
76567,3
76568,2
76569,2
76570,3
76571,0
76572,4
76573,4
76574,4
76575,2
76576,0
76577,4
76578,4
76579,4
76580,4
76581,4
76582,4
76583,2
76584,3
76585,2
76586,4
76587,4
76588,4
76589,4
76590,4
76591,2
76592,4
76593,4
76594,4
76595,4
76596,4
76597,4
76598,4
76599,4
76600,4
76601,4
76602,4
76603,2
76604,4
76605,2
76606,2
76607,2
76608,4
76609,4
76610,4
76611,4
76612,2
76613,2
76614,2
76615,4
76616,4
76617,0
76618,3
76619,4
76620,4
76621,2
76622,4
76623,4
76624,4
76625,4
76626,4
76627,4
76628,2
76629,4
76630,2
76631,4
76632,4
76633,4
76634,3
76635,2
76636,2
76637,2
76638,2
76639,2
76640,4
76641,4
76642,4
76643,3
76644,4
76645,4
76646,4
76647,2
76648,2
76649,2
76650,4
76651,4
76652,4
76653,2
76654,4
76655,4
76656,4
76657,4
76658,0
76659,4
76660,3
76661,4
76662,4
76663,2
76664,4
76665,4
76666,2
76667,2
76668,4
76669,0
76670,4
76671,2
76672,2
76673,2
76674,2
76675,4
76676,2
76677,2
76678,4
76679,4
76680,4
76681,4
76682,4
76683,2
76684,2
76685,2
76686,2
76687,4
76688,4
76689,4
76690,4
76691,3
76692,4
76693,2
76694,4
76695,4
76696,2
76697,0
76698,4
76699,2
76700,3
76701,4
76702,4
76703,4
76704,4
76705,4
76706,4
76707,4
76708,4
76709,4
76710,2
76711,2
76712,0
76713,4
76714,4
76715,2
76716,4
76717,3
76718,0
76719,5
76720,3
76721,2
76722,4
76723,4
76724,4
76725,2
76726,4
76727,4
76728,2
76729,4
76730,2
76731,4
76732,4
76733,2
76734,4
76735,4
76736,4
76737,4
76738,4
76739,4
76740,4
76741,4
76742,4
76743,4
76744,2
76745,4
76746,2
76747,2
76748,2
76749,2
76750,4
76751,4
76752,2
76753,2
76754,2
76755,2
76756,4
76757,4
76758,2
76759,4
76760,4
76761,4
76762,2
76763,4
76764,4
76765,2
76766,3
76767,2
76768,2
76769,4
76770,2
76771,4
76772,4
76773,3
76774,4
76775,1
76776,3
76777,4
76778,4
76779,2
76780,2
76781,2
76782,2
76783,2
76784,2
76785,4
76786,2
76787,2
76788,2
76789,2
76790,2
76791,2
76792,4
76793,0
76794,4
76795,4
76796,2
76797,2
76798,2
76799,2
76800,2
76801,2
76802,2
76803,2
76804,4
76805,4
76806,3
76807,4
76808,4
76809,4
76810,4
76811,4
76812,2
76813,2
76814,4
76815,4
76816,2
76817,4
76818,4
76819,2
76820,2
76821,4
76822,2
76823,4
76824,2
76825,2
76826,4
76827,4
76828,4
76829,4
76830,2
76831,2
76832,4
76833,4
76834,4
76835,2
76836,2
76837,2
76838,2
76839,2
76840,2
76841,2
76842,2
76843,4
76844,2
76845,4
76846,4
76847,4
76848,4
76849,3
76850,2
76851,4
76852,4
76853,2
76854,2
76855,4
76856,4
76857,2
76858,3
76859,2
76860,2
76861,3
76862,4
76863,2
76864,4
76865,4
76866,2
76867,4
76868,4
76869,4
76870,4
76871,4
76872,4
76873,2
76874,2
76875,2
76876,2
76877,4
76878,4
76879,2
76880,2
76881,4
76882,0
76883,3
76884,4
76885,0
76886,4
76887,5
76888,4
76889,0
76890,2
76891,3
76892,2
76893,2
76894,2
76895,0
76896,4
76897,4
76898,4
76899,4
76900,2
76901,4
76902,2
76903,4
76904,4
76905,2
76906,3
76907,0
76908,0
76909,4
76910,4
76911,4
76912,4
76913,4
76914,3
76915,2
76916,3
76917,4
76918,4
76919,4
76920,2
76921,4
76922,2
76923,2
76924,2
76925,2
76926,4
76927,2
76928,2
76929,4
76930,3
76931,4
76932,3
76933,3
76934,3
76935,4
76936,4
76937,4
76938,4
76939,4
76940,4
76941,4
76942,4
76943,4
76944,4
76945,4
76946,4
76947,4
76948,4
76949,4
76950,4
76951,3
76952,4
76953,4
76954,4
76955,0
76956,4
76957,4
76958,4
76959,3
76960,4
76961,4
76962,4
76963,3
76964,4
76965,2
76966,2
76967,2
76968,2
76969,0
76970,4
76971,0
76972,4
76973,0
76974,4
76975,4
76976,4
76977,4
76978,2
76979,2
76980,4
76981,4
76982,2
76983,2
76984,2
76985,2
76986,4
76987,2
76988,4
76989,4
76990,2
76991,4
76992,2
76993,4
76994,4
76995,2
76996,2
76997,4
76998,2
76999,2
77000,2
77001,4
77002,2
77003,3
77004,4
77005,4
77006,4
77007,2
77008,2
77009,4
77010,2
77011,0
77012,4
77013,4
77014,4
77015,2
77016,2
77017,2
77018,4
77019,4
77020,4
77021,4
77022,2
77023,3
77024,0
77025,3
77026,4
77027,4
77028,4
77029,4
77030,4
77031,4
77032,2
77033,4
77034,4
77035,4
77036,4
77037,4
77038,4
77039,4
77040,2
77041,0
77042,3
77043,4
77044,2
77045,2
77046,2
77047,2
77048,4
77049,2
77050,2
77051,2
77052,2
77053,2
77054,2
77055,0
77056,0
77057,2
77058,2
77059,2
77060,4
77061,4
77062,4
77063,2
77064,3
77065,4
77066,4
77067,4
77068,4
77069,4
77070,4
77071,4
77072,4
77073,4
77074,4
77075,4
77076,4
77077,4
77078,4
77079,4
77080,4
77081,4
77082,4
77083,4
77084,4
77085,4
77086,4
77087,4
77088,4
77089,4
77090,4
77091,4
77092,4
77093,4
77094,4
77095,4
77096,4
77097,4
77098,4
77099,4
77100,4
77101,4
77102,4
77103,4
77104,4
77105,4
77106,4
77107,4
77108,4
77109,4
77110,4
77111,4
77112,4
77113,4
77114,4
77115,4
77116,4
77117,4
77118,4
77119,4
77120,4
77121,4
77122,4
77123,4
77124,4
77125,4
77126,4
77127,4
77128,4
77129,4
77130,4
77131,4
77132,4
77133,4
77134,4
77135,4
77136,4
77137,4
77138,4
77139,4
77140,4
77141,4
77142,4
77143,4
77144,4
77145,4
77146,4
77147,4
77148,4
77149,4
77150,4
77151,4
77152,4
77153,4
77154,4
77155,4
77156,4
77157,4
77158,4
77159,4
77160,4
77161,4
77162,4
77163,4
77164,4
77165,4
77166,4
77167,4
77168,4
77169,4
77170,4
77171,4
77172,4
77173,4
77174,4
77175,4
77176,4
77177,4
77178,4
77179,4
77180,4
77181,4
77182,4
77183,4
77184,4
77185,4
77186,4
77187,4
77188,4
77189,4
77190,4
77191,4
77192,4
77193,4
77194,4
77195,4
77196,4
77197,4
77198,4
77199,4
77200,4
77201,4
77202,4
77203,4
77204,4
77205,4
77206,4
77207,4
77208,3
77209,4
77210,4
77211,4
77212,4
77213,4
77214,4
77215,3
77216,4
77217,4
77218,4
77219,4
77220,4
77221,4
77222,4
77223,4
77224,4
77225,4
77226,4
77227,4
77228,4
77229,4
77230,3
77231,3
77232,4
77233,4
77234,4
77235,4
77236,4
77237,4
77238,4
77239,4
77240,4
77241,3
77242,4
77243,4
77244,4
77245,4
77246,4
77247,4
77248,4
77249,4
77250,4
77251,4
77252,4
77253,4
77254,4
77255,4
77256,2
77257,2
77258,4
77259,2
77260,4
77261,2
77262,3
77263,2
77264,4
77265,0
77266,3
77267,3
77268,2
77269,0
77270,3
77271,4
77272,3
77273,0
77274,4
77275,3
77276,4
77277,4
77278,4
77279,3
77280,4
77281,4
77282,4
77283,3
77284,3
77285,4
77286,3
77287,3
77288,4
77289,4
77290,4
77291,4
77292,4
77293,4
77294,4
77295,4
77296,4
77297,0
77298,4
77299,4
77300,4
77301,4
77302,4
77303,2
77304,4
77305,4
77306,4
77307,4
77308,4
77309,4
77310,4
77311,4
77312,4
77313,4
77314,4
77315,4
77316,4
77317,4
77318,2
77319,2
77320,4
77321,3
77322,4
77323,3
77324,3
77325,4
77326,4
77327,4
77328,2
77329,4
77330,4
77331,4
77332,4
77333,2
77334,4
77335,2
77336,2
77337,4
77338,2
77339,2
77340,3
77341,4
77342,4
77343,2
77344,4
77345,4
77346,4
77347,2
77348,4
77349,4
77350,4
77351,4
77352,2
77353,4
77354,4
77355,2
77356,2
77357,4
77358,4
77359,4
77360,4
77361,4
77362,4
77363,4
77364,4
77365,4
77366,4
77367,4
77368,4
77369,4
77370,4
77371,4
77372,4
77373,4
77374,4
77375,4
77376,4
77377,4
77378,4
77379,4
77380,4
77381,4
77382,4
77383,4
77384,4
77385,4
77386,4
77387,4
77388,4
77389,4
77390,4
77391,4
77392,4
77393,4
77394,4
77395,4
77396,4
77397,4
77398,4
77399,4
77400,4
77401,4
77402,4
77403,4
77404,4
77405,4
77406,4
77407,4
77408,4
77409,4
77410,4
77411,2
77412,4
77413,4
77414,4
77415,4
77416,4
77417,4
77418,4
77419,4
77420,4
77421,4
77422,2
77423,2
77424,2
77425,4
77426,4
77427,4
77428,4
77429,4
77430,4
77431,4
77432,3
77433,4
77434,4
77435,4
77436,4
77437,4
77438,4
77439,4
77440,4
77441,4
77442,4
77443,2
77444,4
77445,4
77446,4
77447,4
77448,4
77449,4
77450,4
77451,4
77452,4
77453,4
77454,4
77455,4
77456,4
77457,4
77458,4
77459,5
77460,4
77461,4
77462,5
77463,4
77464,4
77465,4
77466,4
77467,4
77468,4
77469,4
77470,4
77471,4
77472,4
77473,4
77474,4
77475,4
77476,5
77477,5
77478,4
77479,4
77480,5
77481,5
77482,5
77483,5
77484,4
77485,4
77486,5
77487,5
77488,4
77489,4
77490,5
77491,4
77492,4
77493,3
77494,4
77495,4
77496,4
77497,4
77498,4
77499,4
77500,4
77501,4
77502,4
77503,4
77504,4
77505,4
77506,4
77507,4
77508,4
77509,4
77510,4
77511,4
77512,4
77513,4
77514,4
77515,4
77516,4
77517,4
77518,4
77519,4
77520,4
77521,4
77522,4
77523,4
77524,4
77525,4
77526,4
77527,4
77528,4
77529,4
77530,4
77531,4
77532,4
77533,4
77534,4
77535,4
77536,4
77537,4
77538,4
77539,4
77540,4
77541,4
77542,4
77543,4
77544,4
77545,4
77546,4
77547,4
77548,4
77549,0
77550,4
77551,4
77552,4
77553,4
77554,4
77555,5
77556,4
77557,4
77558,4
77559,4
77560,4
77561,4
77562,4
77563,4
77564,4
77565,5
77566,2
77567,4
77568,3
77569,4
77570,4
77571,2
77572,2
77573,4
77574,2
77575,4
77576,4
77577,4
77578,3
77579,4
77580,4
77581,4
77582,4
77583,2
77584,3
77585,4
77586,4
77587,4
77588,4
77589,4
77590,4
77591,4
77592,4
77593,2
77594,2
77595,4
77596,2
77597,2
77598,4
77599,2
77600,4
77601,2
77602,4
77603,2
77604,2
77605,4
77606,4
77607,3
77608,4
77609,4
77610,4
77611,4
77612,4
77613,0
77614,2
77615,2
77616,4
77617,4
77618,4
77619,2
77620,4
77621,4
77622,4
77623,4
77624,4
77625,4
77626,4
77627,4
77628,4
77629,4
77630,4
77631,4
77632,4
77633,4
77634,4
77635,4
77636,2
77637,2
77638,2
77639,4
77640,2
77641,2
77642,2
77643,4
77644,4
77645,4
77646,4
77647,4
77648,4
77649,4
77650,4
77651,4
77652,4
77653,4
77654,4
77655,4
77656,4
77657,4
77658,4
77659,4
77660,4
77661,4
77662,4
77663,4
77664,4
77665,4
77666,4
77667,4
77668,4
77669,4
77670,2
77671,2
77672,4
77673,4
77674,4
77675,4
77676,4
77677,3
77678,3
77679,4
77680,4
77681,4
77682,3
77683,4
77684,4
77685,4
77686,4
77687,4
77688,1
77689,4
77690,4
77691,4
77692,4
77693,4
77694,5
77695,4
77696,4
77697,4
77698,4
77699,4
77700,4
77701,4
77702,1
77703,4
77704,4
77705,0
77706,4
77707,0
77708,4
77709,4
77710,4
77711,4
77712,4
77713,4
77714,4
77715,4
77716,4
77717,4
77718,1
77719,4
77720,4
77721,4
77722,4
77723,4
77724,4
77725,4
77726,4
77727,4
77728,4
77729,4
77730,4
77731,4
77732,4
77733,4
77734,4
77735,4
77736,4
77737,4
77738,4
77739,4
77740,4
77741,4
77742,4
77743,4
77744,4
77745,4
77746,4
77747,4
77748,4
77749,4
77750,4
77751,4
77752,4
77753,4
77754,4
77755,0
77756,1
77757,4
77758,4
77759,4
77760,1
77761,1
77762,1
77763,4
77764,1
77765,4
77766,2
77767,4
77768,4
77769,1
77770,4
77771,4
77772,4
77773,4
77774,4
77775,5
77776,4
77777,4
77778,1
77779,1
77780,4
77781,4
77782,5
77783,4
77784,5
77785,1
77786,5
77787,1
77788,5
77789,4
77790,5
77791,5
77792,5
77793,5
77794,4
77795,5
77796,5
77797,5
77798,5
77799,4
77800,4
77801,4
77802,4
77803,1
77804,1
77805,1
77806,1
77807,4
77808,1
77809,4
77810,1
77811,1
77812,4
77813,4
77814,4
77815,4
77816,1
77817,1
77818,1
77819,1
77820,1
77821,1
77822,4
77823,4
77824,4
77825,4
77826,4
77827,4
77828,4
77829,4
77830,4
77831,4
77832,4
77833,4
77834,1
77835,4
77836,4
77837,4
77838,1
77839,1
77840,5
77841,4
77842,4
77843,4
77844,4
77845,4
77846,4
77847,3
77848,4
77849,4
77850,1
77851,4
77852,4
77853,4
77854,4
77855,4
77856,4
77857,4
77858,4
77859,4
77860,2
77861,4
77862,4
77863,2
77864,4
77865,4
77866,3
77867,1
77868,4
77869,4
77870,4
77871,4
77872,4
77873,4
77874,4
77875,4
77876,4
77877,4
77878,4
77879,4
77880,4
77881,4
77882,4
77883,4
77884,4
77885,4
77886,4
77887,4
77888,4
77889,4
77890,4
77891,4
77892,4
77893,4
77894,1
77895,4
77896,4
77897,1
77898,4
77899,4
77900,4
77901,4
77902,4
77903,4
77904,4
77905,4
77906,4
77907,3
77908,4
77909,3
77910,4
77911,4
77912,3
77913,0
77914,0
77915,4
77916,4
77917,4
77918,4
77919,2
77920,4
77921,2
77922,2
77923,4
77924,4
77925,4
77926,4
77927,4
77928,2
77929,2
77930,4
77931,4
77932,4
77933,4
77934,4
77935,2
77936,0
77937,2
77938,3
77939,3
77940,4
77941,4
77942,4
77943,4
77944,4
77945,5
77946,4
77947,4
77948,4
77949,4
77950,1
77951,4
77952,4
77953,4
77954,3
77955,5
77956,4
77957,4
77958,4
77959,0
77960,5
77961,1
77962,4
77963,1
77964,1
77965,4
77966,1
77967,4
77968,4
77969,4
77970,4
77971,4
77972,4
77973,4
77974,4
77975,2
77976,4
77977,4
77978,4
77979,4
77980,3
77981,4
77982,4
77983,4
77984,4
77985,4
77986,4
77987,4
77988,4
77989,4
77990,4
77991,4
77992,4
77993,4
77994,4
77995,4
77996,4
77997,4
77998,4
77999,4
78000,4
78001,4
78002,4
78003,4
78004,4
78005,4
78006,4
78007,4
78008,4
78009,4
78010,4
78011,4
78012,4
78013,4
78014,4
78015,4
78016,4
78017,4
78018,4
78019,3
78020,2
78021,4
78022,3
78023,4
78024,4
78025,4
78026,4
78027,4
78028,2
78029,4
78030,4
78031,4
78032,4
78033,4
78034,4
78035,4
78036,2
78037,4
78038,3
78039,4
78040,4
78041,4
78042,1
78043,4
78044,4
78045,4
78046,4
78047,4
78048,4
78049,4
78050,4
78051,4
78052,4
78053,4
78054,4
78055,4
78056,4
78057,4
78058,4
78059,4
78060,4
78061,4
78062,4
78063,4
78064,4
78065,4
78066,4
78067,4
78068,4
78069,1
78070,1
78071,4
78072,4
78073,4
78074,4
78075,4
78076,4
78077,4
78078,4
78079,4
78080,4
78081,4
78082,4
78083,4
78084,4
78085,4
78086,4
78087,4
78088,4
78089,4
78090,4
78091,4
78092,4
78093,4
78094,4
78095,4
78096,4
78097,4
78098,4
78099,4
78100,4
78101,4
78102,4
78103,4
78104,4
78105,4
78106,4
78107,4
78108,4
78109,4
78110,4
78111,4
78112,4
78113,4
78114,4
78115,4
78116,4
78117,4
78118,4
78119,4
78120,4
78121,4
78122,4
78123,4
78124,4
78125,4
78126,4
78127,4
78128,4
78129,4
78130,4
78131,4
78132,4
78133,4
78134,4
78135,4
78136,4
78137,4
78138,4
78139,4
78140,4
78141,4
78142,4
78143,4
78144,4
78145,4
78146,4
78147,4
78148,4
78149,4
78150,1
78151,4
78152,4
78153,4
78154,4
78155,4
78156,2
78157,2
78158,4
78159,4
78160,4
78161,4
78162,4
78163,4
78164,4
78165,2
78166,4
78167,4
78168,4
78169,4
78170,4
78171,2
78172,4
78173,4
78174,2
78175,4
78176,1
78177,2
78178,4
78179,4
78180,4
78181,4
78182,2
78183,2
78184,4
78185,4
78186,4
78187,2
78188,4
78189,4
78190,4
78191,4
78192,4
78193,4
78194,4
78195,4
78196,2
78197,2
78198,2
78199,2
78200,2
78201,2
78202,2
78203,4
78204,2
78205,2
78206,2
78207,4
78208,4
78209,4
78210,2
78211,4
78212,2
78213,2
78214,2
78215,4
78216,4
78217,4
78218,3
78219,4
78220,4
78221,4
78222,2
78223,3
78224,4
78225,4
78226,4
78227,4
78228,4
78229,4
78230,4
78231,4
78232,4
78233,4
78234,4
78235,4
78236,4
78237,4
78238,4
78239,4
78240,4
78241,4
78242,4
78243,4
78244,4
78245,5
78246,4
78247,4
78248,4
78249,4
78250,4
78251,4
78252,4
78253,4
78254,4
78255,4
78256,4
78257,1
78258,1
78259,4
78260,4
78261,4
78262,4
78263,4
78264,4
78265,4
78266,4
78267,4
78268,4
78269,4
78270,4
78271,4
78272,4
78273,4
78274,4
78275,4
78276,4
78277,4
78278,4
78279,4
78280,4
78281,4
78282,4
78283,4
78284,4
78285,4
78286,4
78287,4
78288,4
78289,4
78290,4
78291,4
78292,4
78293,4
78294,4
78295,4
78296,3
78297,3
78298,3
78299,4
78300,4
78301,3
78302,3
78303,4
78304,3
78305,3
78306,4
78307,4
78308,4
78309,2
78310,3
78311,0
78312,3
78313,4
78314,4
78315,4
78316,1
78317,1
78318,4
78319,4
78320,4
78321,4
78322,4
78323,0
78324,4
78325,4
78326,4
78327,4
78328,3
78329,4
78330,4
78331,4
78332,3
78333,4
78334,4
78335,4
78336,4
78337,4
78338,4
78339,4
78340,4
78341,4
78342,4
78343,4
78344,4
78345,4
78346,4
78347,4
78348,4
78349,4
78350,4
78351,4
78352,4
78353,4
78354,4
78355,0
78356,4
78357,5
78358,4
78359,4
78360,5
78361,4
78362,4
78363,5
78364,4
78365,4
78366,1
78367,3
78368,4
78369,2
78370,3
78371,4
78372,4
78373,2
78374,4
78375,0
78376,4
78377,4
78378,4
78379,4
78380,4
78381,4
78382,2
78383,4
78384,4
78385,4
78386,4
78387,4
78388,5
78389,4
78390,4
78391,4
78392,2
78393,4
78394,4
78395,2
78396,2
78397,2
78398,4
78399,4
78400,4
78401,4
78402,4
78403,4
78404,4
78405,4
78406,4
78407,4
78408,4
78409,3
78410,3
78411,4
78412,4
78413,4
78414,4
78415,4
78416,4
78417,4
78418,1
78419,1
78420,4
78421,4
78422,4
78423,4
78424,4
78425,4
78426,4
78427,4
78428,4
78429,4
78430,4
78431,4
78432,2
78433,2
78434,4
78435,2
78436,4
78437,4
78438,4
78439,4
78440,4
78441,4
78442,4
78443,4
78444,4
78445,4
78446,4
78447,4
78448,3
78449,4
78450,4
78451,4
78452,4
78453,4
78454,4
78455,4
78456,4
78457,4
78458,4
78459,4
78460,4
78461,4
78462,4
78463,4
78464,4
78465,4
78466,4
78467,4
78468,4
78469,4
78470,4
78471,4
78472,4
78473,4
78474,4
78475,4
78476,4
78477,4
78478,4
78479,4
78480,4
78481,4
78482,4
78483,4
78484,4
78485,4
78486,4
78487,4
78488,4
78489,4
78490,4
78491,4
78492,4
78493,4
78494,4
78495,4
78496,4
78497,4
78498,4
78499,4
78500,4
78501,3
78502,4
78503,4
78504,3
78505,3
78506,1
78507,1
78508,1
78509,1
78510,1
78511,4
78512,4
78513,4
78514,4
78515,4
78516,4
78517,4
78518,4
78519,4
78520,4
78521,4
78522,4
78523,4
78524,4
78525,4
78526,4
78527,4
78528,4
78529,4
78530,4
78531,4
78532,4
78533,4
78534,4
78535,4
78536,4
78537,4
78538,4
78539,4
78540,1
78541,4
78542,4
78543,4
78544,4
78545,4
78546,4
78547,4
78548,4
78549,4
78550,4
78551,2
78552,4
78553,4
78554,4
78555,4
78556,4
78557,4
78558,4
78559,4
78560,4
78561,4
78562,4
78563,4
78564,4
78565,3
78566,4
78567,4
78568,4
78569,4
78570,4
78571,4
78572,4
78573,4
78574,4
78575,4
78576,4
78577,4
78578,4
78579,4
78580,4
78581,4
78582,4
78583,4
78584,2
78585,4
78586,3
78587,4
78588,4
78589,4
78590,4
78591,4
78592,4
78593,4
78594,4
78595,4
78596,4
78597,4
78598,4
78599,4
78600,4
78601,4
78602,4
78603,4
78604,4
78605,4
78606,4
78607,4
78608,4
78609,4
78610,4
78611,4
78612,4
78613,4
78614,4
78615,4
78616,5
78617,4
78618,4
78619,4
78620,4
78621,4
78622,4
78623,4
78624,4
78625,4
78626,4
78627,4
78628,4
78629,5
78630,5
78631,4
78632,4
78633,4
78634,4
78635,4
78636,4
78637,4
78638,4
78639,4
78640,4
78641,3
78642,4
78643,4
78644,4
78645,4
78646,4
78647,4
78648,2
78649,4
78650,4
78651,4
78652,4
78653,4
78654,4
78655,4
78656,4
78657,4
78658,4
78659,4
78660,4
78661,4
78662,4
78663,4
78664,4
78665,4
78666,4
78667,4
78668,4
78669,4
78670,4
78671,4
78672,4
78673,4
78674,4
78675,4
78676,4
78677,4
78678,1
78679,1
78680,4
78681,1
78682,1
78683,1
78684,1
78685,4
78686,4
78687,4
78688,4
78689,4
78690,3
78691,4
78692,4
78693,4
78694,4
78695,4
78696,4
78697,4
78698,4
78699,4
78700,4
78701,4
78702,4
78703,4
78704,4
78705,4
78706,4
78707,4
78708,4
78709,4
78710,1
78711,4
78712,4
78713,4
78714,4
78715,4
78716,4
78717,4
78718,4
78719,3
78720,3
78721,4
78722,4
78723,4
78724,4
78725,4
78726,4
78727,4
78728,4
78729,4
78730,4
78731,4
78732,4
78733,4
78734,4
78735,4
78736,4
78737,4
78738,1
78739,4
78740,1
78741,1
78742,1
78743,1
78744,1
78745,3
78746,4
78747,1
78748,1
78749,4
78750,4
78751,4
78752,1
78753,4
78754,4
78755,4
78756,4
78757,4
78758,4
78759,1
78760,1
78761,4
78762,4
78763,4
78764,4
78765,5
78766,4
78767,4
78768,3
78769,0
78770,0
78771,4
78772,4
78773,4
78774,4
78775,4
78776,4
78777,4
78778,4
78779,4
78780,4
78781,4
78782,4
78783,3
78784,4
78785,4
78786,4
78787,4
78788,2
78789,4
78790,3
78791,4
78792,4
78793,4
78794,4
78795,4
78796,0
78797,2
78798,4
78799,4
78800,4
78801,4
78802,4
78803,4
78804,4
78805,4
78806,2
78807,2
78808,2
78809,2
78810,2
78811,2
78812,4
78813,4
78814,4
78815,4
78816,4
78817,4
78818,4
78819,4
78820,2
78821,4
78822,4
78823,4
78824,4
78825,2
78826,3
78827,4
78828,4
78829,4
78830,4
78831,4
78832,4
78833,2
78834,4
78835,3
78836,2
78837,2
78838,4
78839,4
78840,4
78841,2
78842,4
78843,4
78844,4
78845,4
78846,4
78847,4
78848,4
78849,4
78850,4
78851,4
78852,4
78853,4
78854,4
78855,4
78856,3
78857,3
78858,4
78859,2
78860,4
78861,4
78862,4
78863,4
78864,4
78865,4
78866,4
78867,3
78868,4
78869,4
78870,4
78871,4
78872,4
78873,4
78874,4
78875,4
78876,4
78877,2
78878,3
78879,4
78880,3
78881,4
78882,3
78883,3
78884,4
78885,4
78886,4
78887,4
78888,4
78889,4
78890,4
78891,0
78892,4
78893,4
78894,3
78895,4
78896,3
78897,2
78898,3
78899,4
78900,3
78901,3
78902,3
78903,2
78904,2
78905,4
78906,4
78907,4
78908,3
78909,3
78910,4
78911,4
78912,3
78913,3
78914,3
78915,3
78916,3
78917,3
78918,4
78919,4
78920,4
78921,4
78922,4
78923,4
78924,4
78925,3
78926,4
78927,3
78928,4
78929,3
78930,4
78931,4
78932,4
78933,1
78934,2
78935,4
78936,4
78937,3
78938,4
78939,4
78940,4
78941,4
78942,4
78943,4
78944,4
78945,4
78946,4
78947,4
78948,4
78949,4
78950,4
78951,4
78952,4
78953,4
78954,4
78955,4
78956,4
78957,4
78958,4
78959,4
78960,4
78961,4
78962,4
78963,4
78964,4
78965,4
78966,4
78967,3
78968,2
78969,4
78970,4
78971,4
78972,4
78973,4
78974,4
78975,3
78976,4
78977,4
78978,3
78979,4
78980,4
78981,4
78982,4
78983,4
78984,4
78985,4
78986,4
78987,4
78988,3
78989,4
78990,4
78991,3
78992,3
78993,4
78994,4
78995,3
78996,4
78997,3
78998,4
78999,0
79000,4
79001,4
79002,4
79003,4
79004,4
79005,4
79006,4
79007,4
79008,4
79009,4
79010,4
79011,4
79012,4
79013,4
79014,4
79015,4
79016,4
79017,4
79018,4
79019,4
79020,4
79021,4
79022,4
79023,4
79024,4
79025,4
79026,4
79027,4
79028,4
79029,4
79030,4
79031,4
79032,3
79033,4
79034,4
79035,4
79036,4
79037,4
79038,4
79039,4
79040,4
79041,4
79042,4
79043,4
79044,4
79045,4
79046,4
79047,4
79048,1
79049,4
79050,1
79051,4
79052,4
79053,4
79054,5
79055,4
79056,4
79057,5
79058,5
79059,5
79060,5
79061,4
79062,4
79063,5
79064,0
79065,1
79066,1
79067,4
79068,4
79069,1
79070,1
79071,1
79072,1
79073,0
79074,1
79075,1
79076,1
79077,1
79078,0
79079,4
79080,3
79081,4
79082,4
79083,4
79084,4
79085,4
79086,3
79087,4
79088,4
79089,4
79090,4
79091,2
79092,4
79093,4
79094,2
79095,4
79096,4
79097,4
79098,4
79099,4
79100,4
79101,4
79102,4
79103,4
79104,4
79105,4
79106,4
79107,4
79108,4
79109,4
79110,4
79111,4
79112,3
79113,4
79114,4
79115,4
79116,4
79117,4
79118,4
79119,4
79120,4
79121,4
79122,4
79123,4
79124,4
79125,4
79126,4
79127,4
79128,4
79129,4
79130,4
79131,4
79132,3
79133,3
79134,4
79135,4
79136,4
79137,4
79138,4
79139,4
79140,2
79141,4
79142,4
79143,4
79144,4
79145,4
79146,3
79147,3
79148,4
79149,2
79150,4
79151,4
79152,4
79153,4
79154,4
79155,4
79156,3
79157,4
79158,4
79159,4
79160,2
79161,4
79162,1
79163,4
79164,4
79165,4
79166,4
79167,4
79168,4
79169,4
79170,4
79171,4
79172,4
79173,1
79174,4
79175,4
79176,4
79177,4
79178,4
79179,4
79180,4
79181,4
79182,4
79183,4
79184,4
79185,4
79186,4
79187,4
79188,4
79189,4
79190,4
79191,4
79192,4
79193,1
79194,4
79195,2
79196,4
79197,4
79198,2
79199,2
79200,1
79201,3
79202,4
79203,4
79204,4
79205,3
79206,4
79207,3
79208,2
79209,4
79210,2
79211,2
79212,4
79213,4
79214,4
79215,4
79216,4
79217,2
79218,4
79219,4
79220,4
79221,4
79222,4
79223,4
79224,4
79225,4
79226,4
79227,4
79228,4
79229,3
79230,4
79231,4
79232,4
79233,4
79234,4
79235,3
79236,4
79237,4
79238,0
79239,4
79240,4
79241,4
79242,4
79243,4
79244,4
79245,4
79246,4
79247,4
79248,4
79249,4
79250,4
79251,5
79252,1
79253,4
79254,5
79255,4
79256,5
79257,0
79258,4
79259,4
79260,4
79261,2
79262,4
79263,1
79264,1
79265,0
79266,5
79267,4
79268,2
79269,2
79270,4
79271,0
79272,2
79273,4
79274,4
79275,4
79276,4
79277,0
79278,5
79279,3
79280,4
79281,2
79282,2
79283,5
79284,2
79285,4
79286,4
79287,2
79288,3
79289,2
79290,2
79291,4
79292,1
79293,0
79294,4
79295,4
79296,2
79297,4
79298,4
79299,3
79300,2
79301,4
79302,4
79303,4
79304,2
79305,4
79306,0
79307,3
79308,4
79309,2
79310,2
79311,2
79312,0
79313,4
79314,2
79315,2
79316,2
79317,4
79318,1
79319,1
79320,3
79321,1
79322,1
79323,1
79324,1
79325,1
79326,1
79327,1
79328,1
79329,1
79330,1
79331,1
79332,1
79333,1
79334,1
79335,1
79336,3
79337,1
79338,1
79339,1
79340,0
79341,1
79342,1
79343,5
79344,1
79345,1
79346,0
79347,3
79348,1
79349,1
79350,1
79351,3
79352,3
79353,0
79354,3
79355,1
79356,3
79357,3
79358,3
79359,1
79360,1
79361,3
79362,1
79363,3
79364,3
79365,1
79366,3
79367,1
79368,3
79369,3
79370,3
79371,3
79372,3
79373,1
79374,1
79375,3
79376,3
79377,3
79378,3
79379,3
79380,3
79381,3
79382,3
79383,3
79384,3
79385,3
79386,3
79387,3
79388,3
79389,3
79390,3
79391,3
79392,3
79393,1
79394,3
79395,3
79396,3
79397,3
79398,3
79399,3
79400,3
79401,3
79402,3
79403,3
79404,3
79405,3
79406,3
79407,3
79408,3
79409,3
79410,3
79411,1
79412,1
79413,3
79414,3
79415,0
79416,3
79417,5
79418,0
79419,3
79420,3
79421,0
79422,0
79423,0
79424,1
79425,3
79426,3
79427,0
79428,3
79429,3
79430,3
79431,3
79432,3
79433,3
79434,3
79435,1
79436,3
79437,3
79438,3
79439,3
79440,1
79441,0
79442,3
79443,3
79444,3
79445,3
79446,1
79447,3
79448,3
79449,3
79450,3
79451,3
79452,3
79453,3
79454,0
79455,3
79456,3
79457,1
79458,3
79459,3
79460,1
79461,1
79462,3
79463,3
79464,1
79465,1
79466,1
79467,1
79468,3
79469,5
79470,3
79471,1
79472,3
79473,1
79474,3
79475,3
79476,3
79477,3
79478,3
79479,1
79480,1
79481,1
79482,1
79483,1
79484,0
79485,0
79486,0
79487,0
79488,3
79489,3
79490,3
79491,3
79492,3
79493,3
79494,3
79495,3
79496,3
79497,3
79498,3
79499,5
79500,5
79501,3
79502,3
79503,3
79504,5
79505,5
79506,0
79507,0
79508,0
79509,0
79510,0
79511,0
79512,0
79513,0
79514,0
79515,3
79516,3
79517,3
79518,3
79519,2
79520,3
79521,3
79522,3
79523,3
79524,3
79525,3
79526,3
79527,3
79528,0
79529,0
79530,3
79531,3
79532,3
79533,3
79534,0
79535,0
79536,0
79537,0
79538,0
79539,3
79540,3
79541,3
79542,3
79543,3
79544,3
79545,3
79546,3
79547,5
79548,5
79549,5
79550,5
79551,3
79552,5
79553,3
79554,5
79555,5
79556,0
79557,0
79558,0
79559,0
79560,0
79561,0
79562,0
79563,0
79564,0
79565,0
79566,3
79567,5
79568,1
79569,5
79570,5
79571,5
79572,3
79573,3
79574,3
79575,3
79576,3
79577,0
79578,2
79579,2
79580,2
79581,0
79582,0
79583,0
79584,3
79585,3
79586,0
79587,3
79588,3
79589,2
79590,3
79591,3
79592,1
79593,3
79594,3
79595,3
79596,0
79597,0
79598,0
79599,0
79600,0
79601,0
79602,0
79603,0
79604,0
79605,0
79606,0
79607,0
79608,0
79609,0
79610,0
79611,0
79612,0
79613,0
79614,0
79615,0
79616,3
79617,3
79618,3
79619,3
79620,3
79621,3
79622,3
79623,3
79624,3
79625,3
79626,3
79627,3
79628,3
79629,3
79630,3
79631,3
79632,3
79633,0
79634,3
79635,5
79636,3
79637,3
79638,3
79639,3
79640,1
79641,3
79642,1
79643,1
79644,4
79645,1
79646,1
79647,1
79648,1
79649,1
79650,1
79651,1
79652,1
79653,3
79654,3
79655,1
79656,1
79657,1
79658,1
79659,1
79660,3
79661,0
79662,0
79663,3
79664,3
79665,2
79666,2
79667,2
79668,2
79669,2
79670,3
79671,0
79672,3
79673,1
79674,0
79675,2
79676,3
79677,1
79678,5
79679,1
79680,2
79681,2
79682,2
79683,0
79684,2
79685,2
79686,3
79687,1
79688,1
79689,2
79690,2
79691,0
79692,2
79693,2
79694,3
79695,1
79696,2
79697,2
79698,2
79699,0
79700,2
79701,3
79702,4
79703,2
79704,2
79705,0
79706,2
79707,3
79708,3
79709,2
79710,2
79711,2
79712,1
79713,0
79714,2
79715,2
79716,1
79717,1
79718,1
79719,1
79720,0
79721,0
79722,3
79723,3
79724,3
79725,0
79726,2
79727,0
79728,2
79729,1
79730,1
79731,3
79732,1
79733,0
79734,1
79735,1
79736,1
79737,1
79738,1
79739,1
79740,1
79741,1
79742,2
79743,2
79744,2
79745,0
79746,3
79747,2
79748,0
79749,3
79750,2
79751,0
79752,2
79753,3
79754,1
79755,0
79756,1
79757,1
79758,1
79759,0
79760,0
79761,1
79762,1
79763,1
79764,1
79765,2
79766,0
79767,1
79768,1
79769,0
79770,1
79771,1
79772,1
79773,2
79774,1
79775,0
79776,0
79777,1
79778,1
79779,1
79780,2
79781,1
79782,3
79783,1
79784,1
79785,2
79786,3
79787,2
79788,2
79789,2
79790,1
79791,2
79792,2
79793,1
79794,1
79795,1
79796,1
79797,1
79798,1
79799,1
79800,2
79801,4
79802,1
79803,1
79804,2
79805,1
79806,1
79807,1
79808,1
79809,1
79810,4
79811,1
79812,3
79813,1
79814,1
79815,3
79816,5
79817,2
79818,1
79819,2
79820,2
79821,1
79822,2
79823,4
79824,4
79825,3
79826,2
79827,4
79828,4
79829,4
79830,4
79831,1
79832,1
79833,1
79834,1
79835,3
79836,3
79837,5
79838,4
79839,4
79840,5
79841,0
79842,1
79843,1
79844,1
79845,2
79846,2
79847,2
79848,3
79849,3
79850,0
79851,4
79852,3
79853,1
79854,3
79855,4
79856,4
79857,3
79858,3
79859,3
79860,1
79861,2
79862,0
79863,1
79864,5
79865,0
79866,0
79867,0
79868,1
79869,1
79870,0
79871,2
79872,2
79873,2
79874,2
79875,2
79876,4
79877,2
79878,2
79879,2
79880,1
79881,2
79882,2
79883,2
79884,2
79885,2
79886,2
79887,0
79888,2
79889,0
79890,3
79891,0
79892,0
79893,2
79894,2
79895,2
79896,1
79897,2
79898,2
79899,2
79900,1
79901,1
79902,2
79903,2
79904,5
79905,1
79906,0
79907,1
79908,1
79909,3
79910,1
79911,1
79912,3
79913,3
79914,3
79915,0
79916,0
79917,0
79918,4
79919,3
79920,3
79921,0
79922,3
79923,3
79924,2
79925,2
79926,2
79927,2
79928,3
79929,0
79930,2
79931,2
79932,2
79933,2
79934,2
79935,2
79936,2
79937,3
79938,2
79939,2
79940,2
79941,3
79942,3
79943,2
79944,3
79945,4
79946,2
79947,2
79948,2
79949,2
79950,2
79951,2
79952,2
79953,2
79954,5
79955,2
79956,2
79957,0
79958,2
79959,2
79960,2
79961,3
79962,2
79963,2
79964,2
79965,3
79966,2
79967,2
79968,2
79969,2
79970,2
79971,2
79972,2
79973,3
79974,2
79975,2
79976,2
79977,2
79978,2
79979,5
79980,1
79981,3
79982,0
79983,3
79984,2
79985,3
79986,0
79987,2
79988,3
79989,2
79990,2
79991,2
79992,2
79993,0
79994,3
79995,2
79996,0
79997,3
79998,3
79999,2
80000,2
80001,3
80002,2
80003,2
80004,3
80005,1
80006,1
80007,1
80008,2
80009,0
80010,2
80011,3
80012,2
80013,4
80014,0
80015,3
80016,1
80017,1
80018,1
80019,1
80020,2
80021,2
80022,0
80023,2
80024,2
80025,2
80026,0
80027,2
80028,3
80029,2
80030,0
80031,2
80032,3
80033,2
80034,2
80035,2
80036,3
80037,2
80038,2
80039,1
80040,2
80041,0
80042,3
80043,2
80044,3
80045,2
80046,2
80047,3
80048,3
80049,3
80050,2
80051,2
80052,2
80053,2
80054,2
80055,4
80056,3
80057,3
80058,2
80059,2
80060,2
80061,1
80062,4
80063,2
80064,2
80065,5
80066,1
80067,1
80068,3
80069,3
80070,1
80071,2
80072,3
80073,2
80074,0
80075,2
80076,2
80077,2
80078,2
80079,0
80080,2
80081,2
80082,2
80083,2
80084,2
80085,2
80086,2
80087,2
80088,2
80089,0
80090,2
80091,2
80092,3
80093,2
80094,3
80095,2
80096,2
80097,2
80098,3
80099,2
80100,3
80101,2
80102,2
80103,2
80104,2
80105,2
80106,1
80107,2
80108,2
80109,4
80110,2
80111,2
80112,2
80113,0
80114,1
80115,1
80116,1
80117,1
80118,4
80119,3
80120,1
80121,3
80122,4
80123,4
80124,2
80125,2
80126,2
80127,4
80128,2
80129,2
80130,2
80131,3
80132,2
80133,4
80134,2
80135,2
80136,2
80137,4
80138,2
80139,1
80140,2
80141,2
80142,2
80143,4
80144,1
80145,1
80146,0
80147,4
80148,4
80149,4
80150,4
80151,4
80152,4
80153,4
80154,4
80155,4
80156,1
80157,4
80158,4
80159,4
80160,4
80161,1
80162,3
80163,2
80164,1
80165,4
80166,4
80167,2
80168,4
80169,4
80170,1
80171,4
80172,2
80173,4
80174,0
80175,4
80176,3
80177,4
80178,4
80179,1
80180,4
80181,1
80182,1
80183,4
80184,4
80185,4
80186,1
80187,4
80188,0
80189,4
80190,4
80191,4
80192,4
80193,4
80194,4
80195,4
80196,4
80197,2
80198,2
80199,1
80200,3
80201,0
80202,0
80203,2
80204,1
80205,1
80206,3
80207,2
80208,0
80209,2
80210,0
80211,1
80212,1
80213,3
80214,2
80215,2
80216,2
80217,4
80218,4
80219,1
80220,1
80221,1
80222,1
80223,0
80224,0
80225,1
80226,2
80227,4
80228,0
80229,0
80230,0
80231,0
80232,0
80233,0
80234,0
80235,0
80236,0
80237,0
80238,0
80239,0
80240,0
80241,0
80242,0
80243,0
80244,0
80245,0
80246,0
80247,0
80248,0
80249,0
80250,0
80251,0
80252,0
80253,0
80254,0
80255,0
80256,0
80257,0
80258,0
80259,0
80260,0
80261,0
80262,2
80263,0
80264,0
80265,4
80266,1
80267,2
80268,0
80269,0
80270,0
80271,0
80272,0
80273,0
80274,0
80275,0
80276,0
80277,0
80278,0
80279,0
80280,0
80281,0
80282,2
80283,0
80284,0
80285,0
80286,2
80287,2
80288,2
80289,2
80290,2
80291,0
80292,2
80293,2
80294,2
80295,2
80296,2
80297,2
80298,3
80299,1
80300,5
80301,5
80302,1
80303,2
80304,0
80305,0
80306,0
80307,0
80308,0
80309,0
80310,0
80311,2
80312,1
80313,1
80314,1
80315,0
80316,0
80317,0
80318,0
80319,0
80320,2
80321,0
80322,0
80323,0
80324,0
80325,0
80326,0
80327,0
80328,0
80329,0
80330,0
80331,0
80332,0
80333,0
80334,0
80335,0
80336,0
80337,0
80338,0
80339,1
80340,1
80341,1
80342,1
80343,1
80344,1
80345,1
80346,1
80347,1
80348,1
80349,1
80350,1
80351,1
80352,1
80353,3
80354,1
80355,1
80356,1
80357,1
80358,1
80359,4
80360,4
80361,3
80362,0
80363,0
80364,2
80365,2
80366,1
80367,1
80368,1
80369,1
80370,2
80371,1
80372,1
80373,2
80374,4
80375,1
80376,5
80377,1
80378,3
80379,3
80380,3
80381,0
80382,0
80383,0
80384,3
80385,3
80386,0
80387,0
80388,0
80389,0
80390,1
80391,0
80392,0
80393,0
80394,2
80395,2
80396,0
80397,5
80398,1
80399,1
80400,1
80401,2
80402,3
80403,2
80404,1
80405,4
80406,1
80407,4
80408,3
80409,4
80410,1
80411,2
80412,2
80413,2
80414,4
80415,1
80416,1
80417,2
80418,2
80419,4
80420,2
80421,1
80422,4
80423,2
80424,1
80425,4
80426,2
80427,3
80428,4
80429,1
80430,2
80431,0
80432,0
80433,0
80434,0
80435,2
80436,0
80437,0
80438,2
80439,0
80440,2
80441,2
80442,2
80443,2
80444,0
80445,2
80446,2
80447,2
80448,1
80449,4
80450,1
80451,1
80452,2
80453,3
80454,2
80455,2
80456,2
80457,2
80458,5
80459,0
80460,0
80461,0
80462,0
80463,2
80464,0
80465,0
80466,0
80467,0
80468,0
80469,2
80470,0
80471,0
80472,0
80473,2
80474,0
80475,0
80476,2
80477,0
80478,0
80479,0
80480,0
80481,0
80482,0
80483,0
80484,0
80485,0
80486,0
80487,2
80488,0
80489,0
80490,0
80491,0
80492,0
80493,0
80494,0
80495,2
80496,0
80497,0
80498,0
80499,0
80500,0
80501,0
80502,0
80503,0
80504,2
80505,1
80506,1
80507,1
80508,1
80509,1
80510,1
80511,0
80512,0
80513,0
80514,0
80515,2
80516,0
80517,0
80518,0
80519,0
80520,0
80521,0
80522,0
80523,0
80524,0
80525,0
80526,2
80527,0
80528,2
80529,2
80530,0
80531,0
80532,0
80533,4
80534,2
80535,0
80536,0
80537,2
80538,0
80539,0
80540,0
80541,0
80542,0
80543,0
80544,0
80545,0
80546,0
80547,0
80548,0
80549,0
80550,0
80551,0
80552,0
80553,0
80554,0
80555,0
80556,0
80557,0
80558,0
80559,0
80560,0
80561,0
80562,0
80563,0
80564,0
80565,0
80566,0
80567,2
80568,0
80569,0
80570,0
80571,0
80572,0
80573,0
80574,0
80575,0
80576,0
80577,0
80578,0
80579,0
80580,0
80581,0
80582,0
80583,4
80584,0
80585,0
80586,0
80587,0
80588,0
80589,0
80590,0
80591,0
80592,0
80593,0
80594,2
80595,0
80596,0
80597,0
80598,0
80599,0
80600,0
80601,0
80602,0
80603,0
80604,0
80605,0
80606,2
80607,0
80608,0
80609,0
80610,2
80611,2
80612,0
80613,0
80614,0
80615,0
80616,0
80617,0
80618,0
80619,0
80620,0
80621,0
80622,0
80623,0
80624,0
80625,0
80626,2
80627,0
80628,0
80629,0
80630,2
80631,0
80632,0
80633,0
80634,0
80635,0
80636,0
80637,0
80638,0
80639,0
80640,0
80641,0
80642,0
80643,0
80644,0
80645,0
80646,0
80647,0
80648,2
80649,2
80650,0
80651,0
80652,0
80653,0
80654,0
80655,0
80656,0
80657,0
80658,0
80659,2
80660,2
80661,0
80662,2
80663,2
80664,0
80665,2
80666,0
80667,0
80668,2
80669,2
80670,2
80671,2
80672,0
80673,0
80674,0
80675,0
80676,0
80677,0
80678,0
80679,3
80680,0
80681,0
80682,0
80683,0
80684,5
80685,2
80686,0
80687,0
80688,0
80689,0
80690,0
80691,0
80692,0
80693,0
80694,0
80695,0
80696,2
80697,0
80698,0
80699,3
80700,0
80701,0
80702,0
80703,0
80704,0
80705,0
80706,0
80707,0
80708,0
80709,2
80710,0
80711,0
80712,0
80713,0
80714,0
80715,2
80716,2
80717,0
80718,0
80719,0
80720,0
80721,0
80722,1
80723,0
80724,5
80725,0
80726,0
80727,0
80728,0
80729,2
80730,0
80731,2
80732,2
80733,2
80734,0
80735,2
80736,0
80737,2
80738,0
80739,1
80740,0
80741,0
80742,0
80743,2
80744,2
80745,0
80746,5
80747,0
80748,0
80749,0
80750,0
80751,0
80752,2
80753,3
80754,3
80755,2
80756,0
80757,2
80758,1
80759,0
80760,0
80761,0
80762,0
80763,0
80764,0
80765,0
80766,0
80767,0
80768,0
80769,2
80770,2
80771,2
80772,0
80773,0
80774,3
80775,0
80776,0
80777,2
80778,0
80779,2
80780,0
80781,0
80782,0
80783,0
80784,0
80785,0
80786,0
80787,0
80788,5
80789,0
80790,0
80791,0
80792,0
80793,0
80794,0
80795,0
80796,0
80797,0
80798,0
80799,0
80800,0
80801,0
80802,0
80803,0
80804,0
80805,0
80806,3
80807,2
80808,2
80809,0
80810,0
80811,2
80812,2
80813,2
80814,2
80815,2
80816,2
80817,0
80818,2
80819,2
80820,2
80821,2
80822,0
80823,2
80824,0
80825,0
80826,0
80827,0
80828,0
80829,0
80830,2
80831,2
80832,5
80833,5
80834,5
80835,4
80836,4
80837,3
80838,1
80839,3
80840,3
80841,1
80842,0
80843,0
80844,0
80845,2
80846,0
80847,3
80848,2
80849,3
80850,2
80851,0
80852,0
80853,5
80854,5
80855,1
80856,3
80857,0
80858,0
80859,0
80860,0
80861,0
80862,0
80863,3
80864,0
80865,0
80866,0
80867,1
80868,1
80869,1
80870,3
80871,0
80872,5
80873,3
80874,5
80875,0
80876,3
80877,3
80878,3
80879,3
80880,3
80881,3
80882,3
80883,3
80884,3
80885,2
80886,2
80887,3
80888,3
80889,3
80890,3
80891,3
80892,3
80893,3
80894,2
80895,2
80896,4
80897,2
80898,0
80899,0
80900,0
80901,0
80902,0
80903,0
80904,0
80905,0
80906,0
80907,0
80908,0
80909,0
80910,1
80911,1
80912,3
80913,0
80914,0
80915,3
80916,0
80917,3
80918,4
80919,0
80920,2
80921,3
80922,2
80923,2
80924,3
80925,0
80926,2
80927,3
80928,4
80929,3
80930,3
80931,0
80932,3
80933,2
80934,3
80935,3
80936,0
80937,3
80938,3
80939,1
80940,3
80941,3
80942,3
80943,3
80944,3
80945,5
80946,3
80947,4
80948,4
80949,4
80950,4
80951,4
80952,3
80953,4
80954,3
80955,0
80956,3
80957,3
80958,4
80959,4
80960,4
80961,3
80962,0
80963,3
80964,3
80965,3
80966,4
80967,3
80968,3
80969,3
80970,4
80971,4
80972,5
80973,3
80974,0
80975,0
80976,0
80977,3
80978,4
80979,3
80980,3
80981,3
80982,4
80983,3
80984,3
80985,3
80986,2
80987,4
80988,3
80989,0
80990,0
80991,0
80992,0
80993,0
80994,0
80995,0
80996,0
80997,0
80998,0
80999,0
81000,0
81001,0
81002,4
81003,3
81004,3
81005,3
81006,4
81007,4
81008,4
81009,4
81010,4
81011,4
81012,4
81013,3
81014,3
81015,3
81016,0
81017,3
81018,0
81019,0
81020,4
81021,4
81022,4
81023,3
81024,3
81025,3
81026,2
81027,2
81028,0
81029,3
81030,2
81031,3
81032,0
81033,2
81034,0
81035,0
81036,0
81037,3
81038,3
81039,3
81040,3
81041,0
81042,3
81043,1
81044,0
81045,3
81046,0
81047,0
81048,0
81049,0
81050,0
81051,3
81052,3
81053,3
81054,2
81055,2
81056,2
81057,3
81058,3
81059,4
81060,2
81061,2
81062,0
81063,0
81064,2
81065,2
81066,0
81067,0
81068,0
81069,0
81070,0
81071,0
81072,0
81073,2
81074,0
81075,3
81076,0
81077,0
81078,3
81079,3
81080,3
81081,0
81082,2
81083,5
81084,2
81085,0
81086,0
81087,0
81088,3
81089,3
81090,2
81091,2
81092,2
81093,2
81094,3
81095,1
81096,1
81097,0
81098,3
81099,2
81100,0
81101,0
81102,1
81103,3
81104,0
81105,0
81106,3
81107,3
81108,0
81109,1
81110,2
81111,3
81112,3
81113,1
81114,1
81115,2
81116,2
81117,0
81118,0
81119,2
81120,3
81121,0
81122,5
81123,5
81124,5
81125,0
81126,0
81127,0
81128,3
81129,3
81130,0
81131,1
81132,1
81133,3
81134,1
81135,1
81136,1
81137,0
81138,0
81139,1
81140,1
81141,3
81142,3
81143,1
81144,0
81145,1
81146,3
81147,0
81148,0
81149,0
81150,0
81151,0
81152,0
81153,0
81154,0
81155,0
81156,0
81157,0
81158,1
81159,1
81160,1
81161,1
81162,0
81163,2
81164,0
81165,0
81166,0
81167,0
81168,3
81169,2
81170,0
81171,2
81172,1
81173,3
81174,1
81175,1
81176,3
81177,1
81178,0
81179,1
81180,5
81181,5
81182,3
81183,0
81184,3
81185,1
81186,1
81187,1
81188,1
81189,1
81190,3
81191,1
81192,1
81193,1
81194,3
81195,0
81196,0
81197,0
81198,0
81199,0
81200,3
81201,3
81202,0
81203,1
81204,5
81205,1
81206,5
81207,3
81208,3
81209,3
81210,0
81211,0
81212,0
81213,3
81214,3
81215,3
81216,3
81217,3
81218,3
81219,0
81220,3
81221,3
81222,3
81223,5
81224,1
81225,1
81226,0
81227,0
81228,0
81229,0
81230,0
81231,1
81232,2
81233,1
81234,3
81235,1
81236,1
81237,1
81238,1
81239,1
81240,1
81241,1
81242,1
81243,1
81244,3
81245,1
81246,1
81247,1
81248,1
81249,1
81250,1
81251,1
81252,1
81253,0
81254,1
81255,1
81256,1
81257,1
81258,1
81259,1
81260,1
81261,1
81262,1
81263,1
81264,2
81265,1
81266,1
81267,1
81268,1
81269,1
81270,1
81271,1
81272,1
81273,0
81274,1
81275,1
81276,1
81277,1
81278,1
81279,1
81280,1
81281,1
81282,1
81283,1
81284,0
81285,0
81286,0
81287,0
81288,0
81289,0
81290,1
81291,1
81292,1
81293,0
81294,0
81295,0
81296,0
81297,0
81298,0
81299,2
81300,3
81301,0
81302,3
81303,0
81304,0
81305,2
81306,0
81307,0
81308,0
81309,0
81310,0
81311,0
81312,3
81313,1
81314,3
81315,2
81316,0
81317,0
81318,3
81319,3
81320,3
81321,3
81322,3
81323,3
81324,3
81325,3
81326,1
81327,1
81328,5
81329,1
81330,5
81331,3
81332,0
81333,0
81334,0
81335,0
81336,0
81337,0
81338,0
81339,0
81340,0
81341,0
81342,0
81343,0
81344,3
81345,0
81346,0
81347,0
81348,0
81349,0
81350,0
81351,3
81352,1
81353,2
81354,0
81355,0
81356,3
81357,0
81358,1
81359,1
81360,1
81361,1
81362,1
81363,0
81364,0
81365,1
81366,1
81367,1
81368,0
81369,1
81370,1
81371,0
81372,1
81373,1
81374,1
81375,1
81376,1
81377,1
81378,1
81379,0
81380,0
81381,0
81382,0
81383,1
81384,3
81385,3
81386,0
81387,3
81388,0
81389,2
81390,0
81391,0
81392,0
81393,0
81394,0
81395,0
81396,0
81397,0
81398,0
81399,0
81400,3
81401,3
81402,3
81403,3
81404,1
81405,3
81406,3
81407,1
81408,2
81409,2
81410,3
81411,3
81412,1
81413,3
81414,3
81415,2
81416,3
81417,4
81418,3
81419,3
81420,3
81421,2
81422,3
81423,0
81424,0
81425,2
81426,0
81427,0
81428,0
81429,3
81430,3
81431,2
81432,0
81433,2
81434,0
81435,0
81436,0
81437,0
81438,2
81439,0
81440,3
81441,0
81442,0
81443,0
81444,0
81445,0
81446,0
81447,3
81448,0
81449,0
81450,0
81451,0
81452,0
81453,0
81454,0
81455,0
81456,3
81457,0
81458,2
81459,0
81460,0
81461,0
81462,0
81463,0
81464,0
81465,0
81466,0
81467,0
81468,0
81469,0
81470,0
81471,0
81472,0
81473,0
81474,0
81475,1
81476,3
81477,0
81478,0
81479,1
81480,3
81481,3
81482,3
81483,3
81484,3
81485,0
81486,0
81487,0
81488,0
81489,1
81490,3
81491,0
81492,0
81493,0
81494,2
81495,0
81496,0
81497,0
81498,0
81499,0
81500,0
81501,0
81502,0
81503,1
81504,2
81505,0
81506,2
81507,3
81508,1
81509,1
81510,1
81511,1
81512,3
81513,2
81514,0
81515,0
81516,0
81517,3
81518,0
81519,0
81520,0
81521,0
81522,3
81523,0
81524,0
81525,1
81526,3
81527,1
81528,3
81529,3
81530,3
81531,3
81532,3
81533,3
81534,0
81535,0
81536,3
81537,0
81538,3
81539,0
81540,2
81541,0
81542,0
81543,1
81544,1
81545,1
81546,1
81547,3
81548,1
81549,3
81550,3
81551,3
81552,3
81553,3
81554,3
81555,3
81556,3
81557,0
81558,1
81559,1
81560,3
81561,3
81562,2
81563,3
81564,1
81565,2
81566,0
81567,2
81568,0
81569,0
81570,1
81571,3
81572,2
81573,3
81574,2
81575,0
81576,0
81577,3
81578,3
81579,1
81580,1
81581,3
81582,0
81583,3
81584,1
81585,0
81586,3
81587,0
81588,0
81589,0
81590,0
81591,3
81592,2
81593,1
81594,0
81595,0
81596,0
81597,2
81598,0
81599,0
81600,0
81601,0
81602,0
81603,0
81604,0
81605,0
81606,3
81607,1
81608,1
81609,3
81610,0
81611,2
81612,1
81613,3
81614,3
81615,3
81616,1
81617,2
81618,1
81619,1
81620,0
81621,0
81622,0
81623,3
81624,1
81625,3
81626,2
81627,2
81628,2
81629,1
81630,3
81631,3
81632,3
81633,3
81634,3
81635,3
81636,3
81637,0
81638,3
81639,0
81640,3
81641,3
81642,3
81643,3
81644,1
81645,1
81646,3
81647,3
81648,3
81649,3
81650,3
81651,3
81652,0
81653,0
81654,0
81655,0
81656,0
81657,0
81658,0
81659,0
81660,0
81661,0
81662,0
81663,0
81664,0
81665,0
81666,0
81667,0
81668,0
81669,1
81670,0
81671,0
81672,3
81673,3
81674,3
81675,3
81676,3
81677,2
81678,3
81679,3
81680,2
81681,3
81682,0
81683,2
81684,0
81685,0
81686,1
81687,1
81688,1
81689,2
81690,3
81691,2
81692,2
81693,3
81694,2
81695,2
81696,1
81697,1
81698,1
81699,1
81700,3
81701,1
81702,0
81703,0
81704,0
81705,3
81706,2
81707,3
81708,2
81709,2
81710,3
81711,3
81712,3
81713,3
81714,1
81715,0
81716,0
81717,0
81718,0
81719,0
81720,0
81721,0
81722,0
81723,0
81724,0
81725,0
81726,0
81727,0
81728,0
81729,0
81730,0
81731,0
81732,2
81733,0
81734,0
81735,3
81736,0
81737,0
81738,0
81739,3
81740,0
81741,0
81742,2
81743,3
81744,3
81745,3
81746,1
81747,3
81748,3
81749,3
81750,1
81751,1
81752,1
81753,1
81754,1
81755,3
81756,0
81757,3
81758,0
81759,1
81760,1
81761,3
81762,3
81763,0
81764,0
81765,0
81766,0
81767,0
81768,3
81769,3
81770,2
81771,3
81772,3
81773,1
81774,0
81775,0
81776,0
81777,0
81778,0
81779,0
81780,0
81781,0
81782,0
81783,0
81784,3
81785,3
81786,2
81787,3
81788,2
81789,0
81790,0
81791,3
81792,2
81793,2
81794,0
81795,0
81796,0
81797,0
81798,0
81799,0
81800,0
81801,0
81802,2
81803,2
81804,3
81805,1
81806,0
81807,3
81808,3
81809,3
81810,1
81811,3
81812,1
81813,0
81814,0
81815,1
81816,1
81817,1
81818,0
81819,0
81820,0
81821,0
81822,0
81823,0
81824,0
81825,3
81826,2
81827,5
81828,2
81829,1
81830,1
81831,0
81832,0
81833,0
81834,0
81835,3
81836,0
81837,0
81838,2
81839,1
81840,1
81841,0
81842,0
81843,0
81844,0
81845,0
81846,0
81847,0
81848,0
81849,0
81850,0
81851,0
81852,1
81853,3
81854,1
81855,3
81856,0
81857,0
81858,0
81859,0
81860,0
81861,0
81862,0
81863,0
81864,0
81865,3
81866,5
81867,1
81868,1
81869,0
81870,1
81871,0
81872,1
81873,0
81874,3
81875,1
81876,3
81877,3
81878,3
81879,3
81880,3
81881,1
81882,1
81883,1
81884,1
81885,1
81886,1
81887,1
81888,1
81889,1
81890,1
81891,1
81892,1
81893,1
81894,1
81895,1
81896,1
81897,3
81898,1
81899,1
81900,1
81901,3
81902,1
81903,1
81904,1
81905,1
81906,1
81907,1
81908,3
81909,1
81910,1
81911,1
81912,1
81913,1
81914,0
81915,0
81916,0
81917,1
81918,1
81919,1
81920,1
81921,1
81922,1
81923,1
81924,1
81925,1
81926,3
81927,3
81928,3
81929,3
81930,5
81931,1
81932,5
81933,2
81934,2
81935,3
81936,3
81937,1
81938,0
81939,3
81940,1
81941,1
81942,1
81943,1
81944,3
81945,3
81946,3
81947,3
81948,0
81949,3
81950,3
81951,0
81952,0
81953,1
81954,1
81955,3
81956,2
81957,3
81958,3
81959,1
81960,1
81961,2
81962,5
81963,3
81964,3
81965,3
81966,0
81967,3
81968,3
81969,3
81970,3
81971,3
81972,2
81973,3
81974,3
81975,2
81976,3
81977,3
81978,2
81979,2
81980,2
81981,3
81982,2
81983,2
81984,2
81985,3
81986,3
81987,3
81988,2
81989,2
81990,2
81991,2
81992,2
81993,2
81994,2
81995,2
81996,2
81997,2
81998,3
81999,3
82000,3
82001,3
82002,3
82003,1
82004,3
82005,3
82006,3
82007,1
82008,3
82009,3
82010,1
82011,3
82012,3
82013,3
82014,3
82015,3
82016,3
82017,3
82018,1
82019,3
82020,1
82021,1
82022,1
82023,3
82024,3
82025,3
82026,3
82027,3
82028,1
82029,1
82030,1
82031,3
82032,0
82033,2
82034,3
82035,3
82036,3
82037,1
82038,3
82039,2
82040,3
82041,2
82042,3
82043,3
82044,1
82045,2
82046,1
82047,1
82048,1
82049,4
82050,1
82051,2
82052,1
82053,1
82054,3
82055,2
82056,3
82057,0
82058,0
82059,0
82060,3
82061,3
82062,3
82063,3
82064,3
82065,3
82066,3
82067,3
82068,3
82069,2
82070,2
82071,3
82072,0
82073,0
82074,0
82075,3
82076,3
82077,3
82078,0
82079,0
82080,0
82081,0
82082,1
82083,1
82084,1
82085,3
82086,1
82087,0
82088,0
82089,0
82090,0
82091,0
82092,0
82093,0
82094,0
82095,0
82096,0
82097,3
82098,2
82099,0
82100,0
82101,0
82102,0
82103,3
82104,1
82105,1
82106,3
82107,3
82108,0
82109,0
82110,0
82111,0
82112,1
82113,1
82114,1
82115,2
82116,2
82117,1
82118,3
82119,3
82120,2
82121,0
82122,2
82123,3
82124,5
82125,0
82126,0
82127,0
82128,0
82129,0
82130,0
82131,0
82132,0
82133,0
82134,0
82135,0
82136,0
82137,0
82138,0
82139,0
82140,0
82141,0
82142,0
82143,0
82144,0
82145,0
82146,3
82147,2
82148,3
82149,3
82150,3
82151,3
82152,3
82153,3
82154,3
82155,2
82156,0
82157,3
82158,0
82159,3
82160,3
82161,3
82162,1
82163,3
82164,2
82165,2
82166,3
82167,1
82168,3
82169,1
82170,5
82171,4
82172,1
82173,1
82174,3
82175,1
82176,3
82177,1
82178,3
82179,5
82180,3
82181,3
82182,1
82183,3
82184,0
82185,0
82186,0
82187,0
82188,0
82189,0
82190,1
82191,0
82192,3
82193,0
82194,4
82195,3
82196,4
82197,3
82198,3
82199,3
82200,3
82201,0
82202,0
82203,0
82204,0
82205,0
82206,0
82207,0
82208,0
82209,0
82210,4
82211,1
82212,1
82213,1
82214,1
82215,2
82216,1
82217,1
82218,3
82219,3
82220,3
82221,3
82222,1
82223,1
82224,3
82225,3
82226,3
82227,3
82228,4
82229,1
82230,3
82231,3
82232,3
82233,1
82234,1
82235,1
82236,1
82237,3
82238,1
82239,1
82240,1
82241,1
82242,1
82243,1
82244,1
82245,1
82246,1
82247,1
82248,1
82249,2
82250,3
82251,2
82252,1
82253,1
82254,1
82255,1
82256,1
82257,1
82258,1
82259,1
82260,1
82261,1
82262,0
82263,0
82264,1
82265,1
82266,1
82267,1
82268,3
82269,1
82270,1
82271,1
82272,1
82273,1
82274,3
82275,1
82276,0
82277,1
82278,2
82279,3
82280,1
82281,0
82282,0
82283,3
82284,0
82285,0
82286,0
82287,0
82288,0
82289,3
82290,3
82291,3
82292,3
82293,0
82294,0
82295,0
82296,0
82297,0
82298,0
82299,1
82300,4
82301,0
82302,0
82303,0
82304,0
82305,0
82306,0
82307,1
82308,3
82309,0
82310,3
82311,4
82312,4
82313,3
82314,3
82315,3
82316,4
82317,1
82318,0
82319,4
82320,3
82321,4
82322,0
82323,4
82324,4
82325,5
82326,3
82327,4
82328,4
82329,3
82330,3
82331,2
82332,3
82333,4
82334,1
82335,1
82336,3
82337,3
82338,0
82339,3
82340,1
82341,1
82342,0
82343,1
82344,0
82345,0
82346,0
82347,0
82348,0
82349,0
82350,0
82351,0
82352,0
82353,0
82354,0
82355,4
82356,1
82357,4
82358,3
82359,3
82360,3
82361,1
82362,3
82363,3
82364,4
82365,3
82366,3
82367,3
82368,4
82369,0
82370,1
82371,3
82372,1
82373,0
82374,0
82375,3
82376,1
82377,1
82378,4
82379,1
82380,3
82381,3
82382,3
82383,1
82384,4
82385,3
82386,3
82387,3
82388,3
82389,3
82390,3
82391,4
82392,1
82393,3
82394,3
82395,3
82396,3
82397,3
82398,3
82399,3
82400,3
82401,1
82402,3
82403,1
82404,1
82405,3
82406,1
82407,1
82408,3
82409,1
82410,1
82411,1
82412,1
82413,1
82414,3
82415,3
82416,3
82417,3
82418,3
82419,1
82420,1
82421,1
82422,1
82423,1
82424,1
82425,1
82426,3
82427,2
82428,2
82429,1
82430,1
82431,1
82432,3
82433,4
82434,4
82435,3
82436,3
82437,3
82438,5
82439,3
82440,3
82441,5
82442,3
82443,4
82444,3
82445,3
82446,3
82447,4
82448,3
82449,3
82450,3
82451,5
82452,4
82453,4
82454,4
82455,4
82456,4
82457,3
82458,4
82459,4
82460,3
82461,5
82462,4
82463,5
82464,4
82465,4
82466,2
82467,3
82468,2
82469,3
82470,4
82471,4
82472,4
82473,3
82474,4
82475,4
82476,4
82477,4
82478,4
82479,4
82480,4
82481,4
82482,4
82483,3
82484,3
82485,3
82486,4
82487,4
82488,4
82489,4
82490,4
82491,4
82492,4
82493,4
82494,3
82495,2
82496,4
82497,0
82498,2
82499,2
82500,2
82501,3
82502,4
82503,4
82504,2
82505,2
82506,2
82507,2
82508,2
82509,2
82510,2
82511,2
82512,0
82513,2
82514,2
82515,2
82516,2
82517,3
82518,2
82519,2
82520,2
82521,3
82522,2
82523,2
82524,2
82525,3
82526,2
82527,2
82528,3
82529,2
82530,2
82531,2
82532,2
82533,2
82534,2
82535,2
82536,2
82537,2
82538,2
82539,2
82540,2
82541,3
82542,2
82543,5
82544,3
82545,2
82546,2
82547,1
82548,1
82549,1
82550,1
82551,1
82552,1
82553,1
82554,1
82555,1
82556,1
82557,1
82558,1
82559,1
82560,1
82561,1
82562,1
82563,1
82564,1
82565,1
82566,4
82567,5
82568,4
82569,4
82570,2
82571,2
82572,2
82573,2
82574,2
82575,2
82576,1
82577,1
82578,1
82579,1
82580,2
82581,2
82582,1
82583,5
82584,0
82585,1
82586,4
82587,4
82588,4
82589,4
82590,4
82591,4
82592,4
82593,4
82594,4
82595,4
82596,4
82597,4
82598,4
82599,4
82600,4
82601,4
82602,4
82603,4
82604,4
82605,4
82606,4
82607,4
82608,4
82609,4
82610,4
82611,4
82612,4
82613,4
82614,4
82615,4
82616,4
82617,4
82618,4
82619,4
82620,4
82621,4
82622,4
82623,4
82624,4
82625,4
82626,4
82627,4
82628,4
82629,4
82630,4
82631,1
82632,1
82633,1
82634,4
82635,3
82636,3
82637,2
82638,5
82639,1
82640,1
82641,1
82642,2
82643,1
82644,1
82645,1
82646,4
82647,5
82648,4
82649,4
82650,1
82651,4
82652,4
82653,2
82654,3
82655,3
82656,2
82657,2
82658,3
82659,3
82660,3
82661,4
82662,3
82663,5
82664,1
82665,1
82666,3
82667,3
82668,4
82669,5
82670,4
82671,3
82672,3
82673,2
82674,2
82675,1
82676,1
82677,1
82678,2
82679,0
82680,1
82681,2
82682,2
82683,4
82684,1
82685,1
82686,1
82687,1
82688,1
82689,1
82690,1
82691,1
82692,2
82693,2
82694,4
82695,4
82696,3
82697,4
82698,3
82699,4
82700,3
82701,2
82702,2
82703,3
82704,5
82705,2
82706,2
82707,2
82708,2
82709,2
82710,2
82711,4
82712,1
82713,1
82714,4
82715,4
82716,4
82717,2
82718,2
82719,5
82720,2
82721,2
82722,2
82723,2
82724,2
82725,2
82726,2
82727,2
82728,2
82729,4
82730,4
82731,4
82732,1
82733,4
82734,5
82735,3
82736,5
82737,3
82738,5
82739,3
82740,1
82741,0
82742,0
82743,0
82744,3
82745,1
82746,1
82747,1
82748,2
82749,3
82750,1
82751,2
82752,1
82753,1
82754,1
82755,3
82756,3
82757,3
82758,3
82759,1
82760,3
82761,3
82762,3
82763,0
82764,1
82765,1
82766,1
82767,3
82768,1
82769,1
82770,1
82771,1
82772,1
82773,1
82774,1
82775,1
82776,1
82777,1
82778,1
82779,1
82780,3
82781,1
82782,1
82783,1
82784,1
82785,1
82786,1
82787,1
82788,1
82789,1
82790,1
82791,1
82792,1
82793,1
82794,1
82795,1
82796,1
82797,1
82798,1
82799,3
82800,3
82801,3
82802,3
82803,3
82804,3
82805,3
82806,1
82807,1
82808,5
82809,4
82810,4
82811,4
82812,1
82813,3
82814,3
82815,3
82816,3
82817,3
82818,3
82819,3
82820,3
82821,3
82822,3
82823,3
82824,3
82825,3
82826,3
82827,3
82828,3
82829,3
82830,1
82831,1
82832,3
82833,4
82834,1
82835,4
82836,3
82837,3
82838,3
82839,2
82840,2
82841,2
82842,2
82843,0
82844,2
82845,3
82846,2
82847,4
82848,2
82849,2
82850,2
82851,3
82852,2
82853,4
82854,5
82855,3
82856,4
82857,4
82858,3
82859,1
82860,1
82861,3
82862,5
82863,3
82864,5
82865,3
82866,3
82867,3
82868,3
82869,3
82870,3
82871,3
82872,3
82873,3
82874,4
82875,3
82876,3
82877,1
82878,3
82879,1
82880,1
82881,1
82882,1
82883,1
82884,1
82885,1
82886,1
82887,3
82888,1
82889,2
82890,3
82891,3
82892,3
82893,3
82894,3
82895,3
82896,3
82897,3
82898,2
82899,2
82900,3
82901,3
82902,3
82903,2
82904,3
82905,3
82906,2
82907,2
82908,4
82909,2
82910,3
82911,3
82912,3
82913,3
82914,3
82915,3
82916,3
82917,3
82918,3
82919,3
82920,2
82921,3
82922,3
82923,3
82924,3
82925,3
82926,3
82927,3
82928,2
82929,2
82930,2
82931,4
82932,2
82933,2
82934,2
82935,2
82936,2
82937,2
82938,2
82939,2
82940,2
82941,2
82942,2
82943,2
82944,2
82945,2
82946,2
82947,2
82948,2
82949,2
82950,2
82951,2
82952,2
82953,2
82954,3
82955,2
82956,4
82957,2
82958,3
82959,1
82960,3
82961,1
82962,2
82963,2
82964,1
82965,1
82966,1
82967,2
82968,2
82969,2
82970,2
82971,1
82972,2
82973,2
82974,1
82975,1
82976,1
82977,1
82978,1
82979,2
82980,1
82981,1
82982,1
82983,4
82984,3
82985,3
82986,5
82987,3
82988,2
82989,1
82990,3
82991,3
82992,3
82993,1
82994,2
82995,3
82996,0
82997,5
82998,3
82999,5
83000,3
83001,5
83002,3
83003,3
83004,3
83005,3
83006,3
83007,3
83008,4
83009,0
83010,1
83011,3
83012,5
83013,3
83014,2
83015,3
83016,3
83017,3
83018,3
83019,3
83020,3
83021,3
83022,3
83023,3
83024,1
83025,3
83026,1
83027,5
83028,5
83029,3
83030,5
83031,4
83032,3
83033,3
83034,3
83035,3
83036,3
83037,3
83038,3
83039,3
83040,3
83041,1
83042,3
83043,3
83044,3
83045,3
83046,3
83047,3
83048,3
83049,3
83050,3
83051,3
83052,3
83053,2
83054,1
83055,5
83056,3
83057,3
83058,1
83059,1
83060,5
83061,3
83062,3
83063,3
83064,3
83065,2
83066,2
83067,2
83068,5
83069,2
83070,3
83071,3
83072,3
83073,4
83074,0
83075,1
83076,3
83077,4
83078,3
83079,3
83080,0
83081,1
83082,1
83083,2
83084,2
83085,3
83086,2
83087,3
83088,3
83089,0
83090,0
83091,3
83092,4
83093,4
83094,3
83095,3
83096,3
83097,4
83098,3
83099,3
83100,3
83101,1
83102,4
83103,3
83104,1
83105,4
83106,1
83107,3
83108,1
83109,1
83110,1
83111,1
83112,1
83113,1
83114,1
83115,1
83116,1
83117,2
83118,2
83119,2
83120,2
83121,1
83122,2
83123,2
83124,2
83125,2
83126,3
83127,3
83128,1
83129,1
83130,2
83131,3
83132,0
83133,2
83134,3
83135,1
83136,3
83137,3
83138,2
83139,3
83140,2
83141,3
83142,3
83143,4
83144,1
83145,3
83146,1
83147,1
83148,3
83149,5
83150,4
83151,4
83152,4
83153,4
83154,1
83155,5
83156,5
83157,2
83158,2
83159,1
83160,1
83161,1
83162,1
83163,4
83164,0
83165,1
83166,1
83167,2
83168,3
83169,1
83170,1
83171,2
83172,3
83173,0
83174,3
83175,2
83176,3
83177,4
83178,2
83179,2
83180,3
83181,1
83182,2
83183,3
83184,4
83185,4
83186,3
83187,3
83188,3
83189,3
83190,3
83191,2
83192,1
83193,4
83194,3
83195,3
83196,3
83197,2
83198,3
83199,4
83200,3
83201,3
83202,4
83203,4
83204,3
83205,4
83206,4
83207,2
83208,3
83209,4
83210,1
83211,4
83212,3
83213,2
83214,4
83215,2
83216,1
83217,3
83218,3
83219,3
83220,5
83221,3
83222,3
83223,3
83224,1
83225,1
83226,1
83227,3
83228,3
83229,1
83230,2
83231,1
83232,1
83233,2
83234,2
83235,2
83236,2
83237,3
83238,2
83239,1
83240,1
83241,1
83242,2
83243,2
83244,2
83245,1
83246,2
83247,2
83248,2
83249,2
83250,2
83251,2
83252,2
83253,2
83254,2
83255,2
83256,2
83257,2
83258,1
83259,1
83260,1
83261,1
83262,2
83263,1
83264,2
83265,1
83266,1
83267,2
83268,1
83269,1
83270,1
83271,1
83272,1
83273,1
83274,1
83275,0
83276,3
83277,1
83278,1
83279,4
83280,4
83281,3
83282,1
83283,1
83284,2
83285,0
83286,2
83287,3
83288,2
83289,3
83290,2
83291,2
83292,2
83293,3
83294,4
83295,2
83296,3
83297,2
83298,3
83299,5
83300,3
83301,3
83302,3
83303,3
83304,5
83305,3
83306,4
83307,4
83308,3
83309,1
83310,4
83311,2
83312,4
83313,1
83314,0
83315,2
83316,0
83317,2
83318,5
83319,5
83320,1
83321,4
83322,0
83323,3
83324,3
83325,4
83326,2
83327,4
83328,2
83329,3
83330,3
83331,3
83332,1
83333,3
83334,4
83335,2
83336,2
83337,2
83338,2
83339,2
83340,2
83341,2
83342,2
83343,2
83344,3
83345,3
83346,3
83347,2
83348,2
83349,2
83350,1
83351,1
83352,3
83353,1
83354,1
83355,1
83356,1
83357,1
83358,1
83359,3
83360,1
83361,1
83362,1
83363,1
83364,1
83365,1
83366,1
83367,1
83368,1
83369,4
83370,4
83371,3
83372,1
83373,1
83374,4
83375,4
83376,2
83377,0
83378,4
83379,3
83380,0
83381,2
83382,1
83383,2
83384,3
83385,2
83386,3
83387,1
83388,2
83389,3
83390,3
83391,3
83392,4
83393,3
83394,3
83395,3
83396,1
83397,4
83398,3
83399,2
83400,2
83401,3
83402,3
83403,1
83404,1
83405,1
83406,3
83407,1
83408,1
83409,1
83410,1
83411,1
83412,1
83413,1
83414,1
83415,1
83416,1
83417,1
83418,1
83419,3
83420,1
83421,1
83422,1
83423,1
83424,3
83425,1
83426,3
83427,1
83428,1
83429,1
83430,1
83431,3
83432,3
83433,1
83434,3
83435,1
83436,1
83437,1
83438,1
83439,1
83440,1
83441,3
83442,3
83443,3
83444,2
83445,3
83446,3
83447,3
83448,2
83449,3
83450,3
83451,2
83452,3
83453,3
83454,1
83455,1
83456,1
83457,1
83458,3
83459,3
83460,1
83461,1
83462,1
83463,2
83464,2
83465,2
83466,1
83467,3
83468,2
83469,3
83470,2
83471,2
83472,2
83473,1
83474,0
83475,2
83476,0
83477,3
83478,0
83479,2
83480,3
83481,0
83482,1
83483,3
83484,0
83485,0
83486,0
83487,0
83488,3
83489,3
83490,3
83491,3
83492,3
83493,3
83494,3
83495,3
83496,3
83497,3
83498,3
83499,3
83500,3
83501,3
83502,1
83503,1
83504,3
83505,1
83506,1
83507,1
83508,3
83509,3
83510,1
83511,1
83512,1
83513,3
83514,3
83515,2
83516,3
83517,1
83518,3
83519,3
83520,3
83521,1
83522,3
83523,3
83524,3
83525,3
83526,3
83527,3
83528,0
83529,3
83530,3
83531,3
83532,3
83533,3
83534,3
83535,3
83536,1
83537,0
83538,0
83539,1
83540,2
83541,1
83542,1
83543,1
83544,1
83545,1
83546,1
83547,1
83548,3
83549,1
83550,1
83551,1
83552,1
83553,1
83554,2
83555,1
83556,0
83557,1
83558,1
83559,1
83560,3
83561,1
83562,1
83563,1
83564,1
83565,3
83566,2
83567,0
83568,2
83569,2
83570,2
83571,2
83572,0
83573,2
83574,2
83575,2
83576,3
83577,3
83578,3
83579,0
83580,0
83581,3
83582,0
83583,3
83584,3
83585,2
83586,2
83587,2
83588,1
83589,3
83590,3
83591,2
83592,3
83593,1
83594,2
83595,1
83596,2
83597,2
83598,1
83599,0
83600,0
83601,0
83602,3
83603,3
83604,3
83605,3
83606,2
83607,2
83608,1
83609,3
83610,2
83611,2
83612,3
83613,3
83614,2
83615,2
83616,2
83617,1
83618,2
83619,2
83620,1
83621,3
83622,1
83623,1
83624,2
83625,2
83626,2
83627,1
83628,0
83629,0
83630,0
83631,0
83632,0
83633,0
83634,0
83635,0
83636,0
83637,0
83638,3
83639,2
83640,2
83641,0
83642,0
83643,0
83644,0
83645,0
83646,1
83647,0
83648,1
83649,0
83650,1
83651,0
83652,0
83653,0
83654,0
83655,0
83656,0
83657,1
83658,0
83659,1
83660,0
83661,0
83662,0
83663,0
83664,0
83665,0
83666,2
83667,0
83668,1
83669,1
83670,1
83671,1
83672,1
83673,1
83674,3
83675,1
83676,0
83677,1
83678,2
83679,0
83680,0
83681,0
83682,0
83683,2
83684,2
83685,2
83686,2
83687,3
83688,1
83689,1
83690,1
83691,1
83692,1
83693,1
83694,1
83695,3
83696,1
83697,0
83698,1
83699,0
83700,3
83701,0
83702,0
83703,3
83704,3
83705,0
83706,3
83707,2
83708,3
83709,2
83710,2
83711,2
83712,2
83713,2
83714,3
83715,2
83716,2
83717,1
83718,1
83719,3
83720,3
83721,3
83722,1
83723,0
83724,2
83725,3
83726,2
83727,3
83728,0
83729,0
83730,0
83731,0
83732,0
83733,0
83734,0
83735,0
83736,0
83737,0
83738,0
83739,2
83740,0
83741,0
83742,0
83743,0
83744,0
83745,0
83746,0
83747,0
83748,0
83749,0
83750,0
83751,3
83752,3
83753,3
83754,3
83755,1
83756,0
83757,1
83758,3
83759,3
83760,3
83761,3
83762,0
83763,0
83764,1
83765,0
83766,0
83767,0
83768,0
83769,0
83770,0
83771,0
83772,0
83773,0
83774,0
83775,0
83776,0
83777,0
83778,0
83779,0
83780,0
83781,0
83782,0
83783,0
83784,0
83785,0
83786,0
83787,0
83788,0
83789,0
83790,0
83791,0
83792,1
83793,0
83794,0
83795,0
83796,0
83797,0
83798,0
83799,0
83800,0
83801,0
83802,0
83803,0
83804,0
83805,0
83806,0
83807,0
83808,0
83809,0
83810,0
83811,0
83812,0
83813,0
83814,0
83815,0
83816,0
83817,0
83818,0
83819,1
83820,0
83821,0
83822,0
83823,0
83824,0
83825,0
83826,0
83827,0
83828,3
83829,0
83830,0
83831,0
83832,0
83833,0
83834,0
83835,3
83836,0
83837,0
83838,0
83839,0
83840,0
83841,0
83842,0
83843,0
83844,0
83845,3
83846,1
83847,0
83848,0
83849,0
83850,0
83851,0
83852,0
83853,0
83854,0
83855,0
83856,0
83857,3
83858,3
83859,3
83860,0
83861,0
83862,0
83863,3
83864,0
83865,0
83866,0
83867,0
83868,0
83869,0
83870,0
83871,0
83872,0
83873,0
83874,0
83875,0
83876,0
83877,0
83878,0
83879,0
83880,0
83881,0
83882,0
83883,0
83884,0
83885,0
83886,0
83887,0
83888,0
83889,0
83890,0
83891,0
83892,0
83893,0
83894,0
83895,0
83896,0
83897,0
83898,0
83899,0
83900,0
83901,0
83902,0
83903,0
83904,0
83905,0
83906,0
83907,1
83908,0
83909,0
83910,0
83911,0
83912,0
83913,0
83914,0
83915,1
83916,1
83917,1
83918,1
83919,1
83920,0
83921,0
83922,0
83923,0
83924,0
83925,0
83926,0
83927,0
83928,0
83929,0
83930,0
83931,0
83932,0
83933,0
83934,3
83935,0
83936,0
83937,0
83938,0
83939,0
83940,0
83941,0
83942,3
83943,0
83944,0
83945,0
83946,0
83947,0
83948,0
83949,0
83950,0
83951,0
83952,0
83953,0
83954,0
83955,0
83956,0
83957,0
83958,0
83959,0
83960,0
83961,0
83962,0
83963,0
83964,0
83965,0
83966,0
83967,0
83968,0
83969,0
83970,0
83971,0
83972,0
83973,0
83974,0
83975,0
83976,0
83977,0
83978,0
83979,0
83980,0
83981,0
83982,0
83983,0
83984,0
83985,0
83986,0
83987,0
83988,0
83989,0
83990,0
83991,5
83992,0
83993,0
83994,0
83995,0
83996,0
83997,3
83998,0
83999,3
84000,3
84001,3
84002,1
84003,0
84004,0
84005,0
84006,0
84007,0
84008,0
84009,0
84010,0
84011,0
84012,0
84013,0
84014,0
84015,0
84016,0
84017,0
84018,0
84019,0
84020,0
84021,0
84022,0
84023,0
84024,0
84025,0
84026,0
84027,0
84028,0
84029,0
84030,0
84031,0
84032,0
84033,0
84034,0
84035,1
84036,0
84037,0
84038,0
84039,0
84040,0
84041,0
84042,0
84043,3
84044,0
84045,0
84046,0
84047,0
84048,0
84049,0
84050,0
84051,0
84052,0
84053,0
84054,0
84055,3
84056,3
84057,3
84058,3
84059,3
84060,3
84061,2
84062,0
84063,0
84064,0
84065,0
84066,0
84067,0
84068,0
84069,0
84070,0
84071,0
84072,0
84073,0
84074,0
84075,0
84076,0
84077,0
84078,0
84079,0
84080,0
84081,0
84082,0
84083,0
84084,0
84085,0
84086,0
84087,0
84088,0
84089,0
84090,0
84091,0
84092,0
84093,0
84094,0
84095,0
84096,0
84097,0
84098,0
84099,0
84100,0
84101,0
84102,0
84103,0
84104,0
84105,0
84106,0
84107,0
84108,0
84109,0
84110,0
84111,0
84112,0
84113,0
84114,0
84115,0
84116,0
84117,0
84118,0
84119,0
84120,0
84121,0
84122,0
84123,0
84124,0
84125,0
84126,0
84127,0
84128,0
84129,0
84130,0
84131,0
84132,0
84133,0
84134,0
84135,0
84136,0
84137,0
84138,0
84139,0
84140,0
84141,0
84142,0
84143,0
84144,0
84145,0
84146,0
84147,0
84148,0
84149,0
84150,0
84151,0
84152,0
84153,0
84154,0
84155,0
84156,3
84157,0
84158,0
84159,0
84160,0
84161,0
84162,0
84163,0
84164,0
84165,0
84166,0
84167,0
84168,0
84169,0
84170,0
84171,0
84172,0
84173,0
84174,0
84175,0
84176,0
84177,0
84178,0
84179,0
84180,0
84181,0
84182,0
84183,0
84184,0
84185,0
84186,0
84187,0
84188,0
84189,0
84190,0
84191,0
84192,0
84193,0
84194,0
84195,0
84196,0
84197,0
84198,0
84199,0
84200,0
84201,0
84202,0
84203,3
84204,0
84205,0
84206,0
84207,0
84208,0
84209,0
84210,0
84211,0
84212,0
84213,0
84214,0
84215,0
84216,0
84217,0
84218,0
84219,0
84220,0
84221,0
84222,0
84223,0
84224,0
84225,0
84226,0
84227,0
84228,0
84229,0
84230,0
84231,0
84232,0
84233,0
84234,0
84235,0
84236,0
84237,0
84238,0
84239,0
84240,0
84241,0
84242,0
84243,0
84244,0
84245,0
84246,3
84247,3
84248,3
84249,3
84250,3
84251,3
84252,3
84253,3
84254,3
84255,0
84256,3
84257,1
84258,1
84259,1
84260,3
84261,3
84262,0
84263,3
84264,2
84265,2
84266,1
84267,3
84268,2
84269,0
84270,0
84271,1
84272,1
84273,3
84274,1
84275,1
84276,1
84277,3
84278,2
84279,2
84280,1
84281,2
84282,1
84283,2
84284,3
84285,2
84286,1
84287,1
84288,1
84289,3
84290,2
84291,2
84292,2
84293,0
84294,1
84295,2
84296,2
84297,0
84298,1
84299,0
84300,0
84301,0
84302,0
84303,0
84304,0
84305,0
84306,0
84307,0
84308,0
84309,0
84310,0
84311,0
84312,0
84313,0
84314,0
84315,0
84316,0
84317,0
84318,0
84319,0
84320,0
84321,0
84322,0
84323,3
84324,0
84325,0
84326,0
84327,0
84328,0
84329,0
84330,0
84331,3
84332,0
84333,3
84334,3
84335,0
84336,1
84337,0
84338,2
84339,0
84340,0
84341,1
84342,0
84343,1
84344,0
84345,0
84346,0
84347,0
84348,0
84349,0
84350,0
84351,0
84352,0
84353,0
84354,0
84355,0
84356,0
84357,2
84358,3
84359,2
84360,3
84361,1
84362,2
84363,3
84364,2
84365,2
84366,2
84367,1
84368,2
84369,2
84370,3
84371,3
84372,3
84373,3
84374,2
84375,2
84376,1
84377,3
84378,3
84379,3
84380,3
84381,2
84382,3
84383,3
84384,2
84385,2
84386,2
84387,2
84388,0
84389,3
84390,0
84391,2
84392,1
84393,3
84394,3
84395,0
84396,0
84397,2
84398,2
84399,3
84400,1
84401,2
84402,2
84403,2
84404,2
84405,2
84406,0
84407,2
84408,2
84409,1
84410,2
84411,2
84412,2
84413,2
84414,5
84415,3
84416,2
84417,0
84418,0
84419,0
84420,0
84421,3
84422,3
84423,0
84424,0
84425,0
84426,0
84427,0
84428,0
84429,0
84430,2
84431,0
84432,0
84433,0
84434,0
84435,0
84436,0
84437,3
84438,0
84439,0
84440,0
84441,0
84442,2
84443,0
84444,0
84445,0
84446,2
84447,0
84448,2
84449,0
84450,0
84451,0
84452,0
84453,0
84454,0
84455,0
84456,0
84457,0
84458,0
84459,3
84460,0
84461,0
84462,3
84463,1
84464,2
84465,3
84466,0
84467,0
84468,0
84469,0
84470,0
84471,0
84472,0
84473,0
84474,3
84475,3
84476,2
84477,0
84478,0
84479,0
84480,0
84481,0
84482,0
84483,0
84484,0
84485,0
84486,0
84487,0
84488,0
84489,0
84490,0
84491,0
84492,0
84493,0
84494,0
84495,0
84496,0
84497,0
84498,0
84499,0
84500,0
84501,0
84502,0
84503,0
84504,0
84505,0
84506,0
84507,0
84508,0
84509,0
84510,0
84511,0
84512,0
84513,1
84514,2
84515,1
84516,3
84517,3
84518,3
84519,0
84520,3
84521,3
84522,3
84523,3
84524,3
84525,2
84526,2
84527,1
84528,2
84529,1
84530,3
84531,1
84532,3
84533,3
84534,3
84535,0
84536,2
84537,3
84538,3
84539,3
84540,3
84541,3
84542,3
84543,2
84544,3
84545,0
84546,1
84547,2
84548,0
84549,0
84550,0
84551,0
84552,0
84553,0
84554,0
84555,0
84556,0
84557,0
84558,0
84559,0
84560,0
84561,0
84562,0
84563,0
84564,0
84565,0
84566,0
84567,0
84568,0
84569,0
84570,0
84571,0
84572,0
84573,0
84574,0
84575,2
84576,3
84577,0
84578,3
84579,3
84580,3
84581,3
84582,3
84583,0
84584,0
84585,0
84586,1
84587,2
84588,0
84589,0
84590,0
84591,0
84592,0
84593,0
84594,2
84595,3
84596,3
84597,3
84598,3
84599,0
84600,0
84601,0
84602,0
84603,0
84604,0
84605,0
84606,0
84607,0
84608,0
84609,0
84610,0
84611,0
84612,0
84613,0
84614,0
84615,0
84616,0
84617,0
84618,0
84619,0
84620,0
84621,0
84622,2
84623,2
84624,2
84625,0
84626,0
84627,2
84628,3
84629,2
84630,4
84631,4
84632,4
84633,5
84634,4
84635,4
84636,1
84637,1
84638,1
84639,1
84640,4
84641,1
84642,4
84643,4
84644,4
84645,4
84646,4
84647,4
84648,1
84649,1
84650,1
84651,1
84652,1
84653,1
84654,1
84655,1
84656,1
84657,1
84658,1
84659,0
84660,3
84661,3
84662,1
84663,3
84664,2
84665,2
84666,0
84667,2
84668,2
84669,3
84670,3
84671,3
84672,2
84673,2
84674,0
84675,2
84676,0
84677,1
84678,1
84679,1
84680,1
84681,1
84682,1
84683,1
84684,1
84685,1
84686,3
84687,4
84688,3
84689,3
84690,3
84691,2
84692,2
84693,3
84694,2
84695,2
84696,2
84697,2
84698,0
84699,0
84700,0
84701,0
84702,1
84703,0
84704,0
84705,0
84706,3
84707,2
84708,0
84709,3
84710,2
84711,3
84712,3
84713,3
84714,2
84715,0
84716,0
84717,2
84718,3
84719,2
84720,3
84721,2
84722,0
84723,3
84724,3
84725,3
84726,0
84727,0
84728,1
84729,0
84730,0
84731,1
84732,1
84733,1
84734,1
84735,1
84736,1
84737,1
84738,1
84739,1
84740,1
84741,3
84742,4
84743,3
84744,0
84745,1
84746,3
84747,2
84748,3
84749,2
84750,2
84751,5
84752,5
84753,5
84754,3
84755,3
84756,5
84757,2
84758,5
84759,3
84760,3
84761,2
84762,1
84763,1
84764,1
84765,0
84766,2
84767,1
84768,1
84769,2
84770,2
84771,0
84772,0
84773,0
84774,0
84775,0
84776,5
84777,0
84778,0
84779,1
84780,1
84781,3
84782,2
84783,2
84784,2
84785,2
84786,2
84787,1
84788,2
84789,2
84790,2
84791,2
84792,2
84793,0
84794,2
84795,2
84796,2
84797,1
84798,2
84799,2
84800,2
84801,3
84802,2
84803,1
84804,1
84805,2
84806,2
84807,2
84808,2
84809,2
84810,2
84811,0
84812,1
84813,2
84814,1
84815,1
84816,5
84817,2
84818,4
84819,2
84820,2
84821,4
84822,3
84823,1
84824,0
84825,2
84826,1
84827,0
84828,2
84829,2
84830,2
84831,2
84832,2
84833,2
84834,2
84835,2
84836,2
84837,2
84838,2
84839,3
84840,2
84841,2
84842,2
84843,2
84844,1
84845,2
84846,2
84847,2
84848,2
84849,0
84850,2
84851,3
84852,2
84853,2
84854,2
84855,2
84856,2
84857,2
84858,2
84859,0
84860,2
84861,2
84862,2
84863,2
84864,2
84865,2
84866,2
84867,2
84868,2
84869,2
84870,2
84871,2
84872,2
84873,2
84874,0
84875,0
84876,1
84877,1
84878,1
84879,2
84880,2
84881,3
84882,3
84883,3
84884,1
84885,1
84886,1
84887,2
84888,2
84889,1
84890,1
84891,1
84892,2
84893,2
84894,2
84895,2
84896,3
84897,3
84898,2
84899,2
84900,1
84901,1
84902,3
84903,3
84904,2
84905,0
84906,2
84907,1
84908,2
84909,1
84910,2
84911,1
84912,0
84913,2
84914,2
84915,1
84916,1
84917,1
84918,1
84919,2
84920,2
84921,2
84922,1
84923,0
84924,2
84925,2
84926,0
84927,0
84928,2
84929,2
84930,2
84931,2
84932,2
84933,2
84934,2
84935,2
84936,2
84937,2
84938,2
84939,2
84940,3
84941,2
84942,0
84943,0
84944,0
84945,2
84946,5
84947,3
84948,3
84949,2
84950,2
84951,0
84952,3
84953,2
84954,1
84955,2
84956,2
84957,1
84958,0
84959,1
84960,1
84961,1
84962,3
84963,1
84964,2
84965,1
84966,1
84967,3
84968,2
84969,2
84970,2
84971,2
84972,2
84973,2
84974,2
84975,2
84976,3
84977,2
84978,2
84979,1
84980,2
84981,2
84982,2
84983,2
84984,2
84985,2
84986,2
84987,2
84988,2
84989,2
84990,2
84991,2
84992,2
84993,0
84994,3
84995,2
84996,1
84997,1
84998,1
84999,0
85000,0
85001,2
85002,0
85003,3
85004,3
85005,5
85006,5
85007,5
85008,2
85009,2
85010,2
85011,2
85012,1
85013,2
85014,2
85015,2
85016,2
85017,2
85018,2
85019,2
85020,2
85021,2
85022,2
85023,2
85024,2
85025,1
85026,3
85027,2
85028,2
85029,0
85030,2
85031,2
85032,1
85033,3
85034,0
85035,2
85036,2
85037,2
85038,2
85039,2
85040,2
85041,2
85042,2
85043,2
85044,2
85045,2
85046,1
85047,3
85048,2
85049,2
85050,2
85051,3
85052,3
85053,2
85054,2
85055,2
85056,2
85057,2
85058,3
85059,3
85060,2
85061,2
85062,2
85063,2
85064,0
85065,0
85066,0
85067,0
85068,2
85069,2
85070,2
85071,2
85072,2
85073,2
85074,2
85075,2
85076,2
85077,2
85078,0
85079,0
85080,0
85081,0
85082,0
85083,0
85084,2
85085,0
85086,2
85087,2
85088,2
85089,2
85090,2
85091,2
85092,2
85093,2
85094,2
85095,3
85096,2
85097,2
85098,2
85099,2
85100,3
85101,2
85102,1
85103,1
85104,3
85105,2
85106,2
85107,2
85108,2
85109,1
85110,2
85111,2
85112,3
85113,1
85114,1
85115,0
85116,0
85117,0
85118,0
85119,1
85120,0
85121,0
85122,0
85123,0
85124,0
85125,1
85126,2
85127,2
85128,1
85129,2
85130,2
85131,2
85132,0
85133,0
85134,2
85135,5
85136,1
85137,1
85138,1
85139,1
85140,1
85141,1
85142,1
85143,1
85144,1
85145,1
85146,2
85147,0
85148,2
85149,2
85150,2
85151,2
85152,2
85153,5
85154,2
85155,2
85156,3
85157,2
85158,2
85159,2
85160,2
85161,2
85162,2
85163,3
85164,0
85165,2
85166,3
85167,2
85168,3
85169,2
85170,0
85171,2
85172,2
85173,0
85174,0
85175,2
85176,1
85177,1
85178,0
85179,0
85180,2
85181,2
85182,4
85183,3
85184,2
85185,1
85186,2
85187,2
85188,2
85189,2
85190,0
85191,0
85192,1
85193,2
85194,1
85195,3
85196,2
85197,1
85198,1
85199,1
85200,1
85201,1
85202,5
85203,2
85204,2
85205,5
85206,2
85207,3
85208,2
85209,1
85210,2
85211,1
85212,5
85213,1
85214,3
85215,2
85216,2
85217,2
85218,0
85219,0
85220,3
85221,3
85222,2
85223,1
85224,1
85225,1
85226,0
85227,2
85228,5
85229,2
85230,2
85231,1
85232,1
85233,1
85234,5
85235,1
85236,1
85237,4
85238,1
85239,1
85240,1
85241,1
85242,1
85243,1
85244,0
85245,0
85246,2
85247,2
85248,2
85249,1
85250,1
85251,2
85252,2
85253,2
85254,1
85255,2
85256,2
85257,2
85258,1
85259,2
85260,2
85261,5
85262,0
85263,2
85264,1
85265,1
85266,1
85267,1
85268,1
85269,1
85270,0
85271,0
85272,2
85273,1
85274,2
85275,2
85276,2
85277,2
85278,2
85279,0
85280,2
85281,5
85282,2
85283,2
85284,2
85285,2
85286,2
85287,2
85288,2
85289,2
85290,2
85291,2
85292,2
85293,2
85294,0
85295,2
85296,2
85297,5
85298,2
85299,1
85300,2
85301,2
85302,1
85303,1
85304,1
85305,1
85306,1
85307,3
85308,3
85309,0
85310,0
85311,0
85312,0
85313,0
85314,2
85315,0
85316,1
85317,3
85318,1
85319,3
85320,1
85321,1
85322,3
85323,2
85324,2
85325,1
85326,2
85327,2
85328,0
85329,2
85330,2
85331,3
85332,0
85333,3
85334,2
85335,5
85336,2
85337,1
85338,3
85339,5
85340,1
85341,2
85342,3
85343,2
85344,1
85345,1
85346,3
85347,3
85348,4
85349,1
85350,3
85351,4
85352,4
85353,4
85354,3
85355,1
85356,3
85357,3
85358,4
85359,3
85360,4
85361,3
85362,4
85363,4
85364,3
85365,3
85366,4
85367,3
85368,4
85369,4
85370,4
85371,3
85372,3
85373,3
85374,3
85375,4
85376,3
85377,2
85378,2
85379,2
85380,2
85381,2
85382,2
85383,2
85384,3
85385,3
85386,3
85387,5
85388,2
85389,2
85390,2
85391,2
85392,3
85393,5
85394,2
85395,3
85396,2
85397,2
85398,1
85399,2
85400,2
85401,3
85402,3
85403,3
85404,3
85405,0
85406,4
85407,2
85408,2
85409,2
85410,2
85411,2
85412,0
85413,2
85414,5
85415,2
85416,2
85417,1
85418,2
85419,2
85420,5
85421,2
85422,2
85423,5
85424,2
85425,4
85426,5
85427,5
85428,5
85429,5
85430,5
85431,5
85432,3
85433,3
85434,4
85435,4
85436,5
85437,4
85438,5
85439,4
85440,4
85441,3
85442,5
85443,4
85444,3
85445,1
85446,2
85447,2
85448,2
85449,2
85450,2
85451,2
85452,2
85453,2
85454,2
85455,0
85456,2
85457,2
85458,2
85459,2
85460,2
85461,2
85462,2
85463,2
85464,4
85465,3
85466,3
85467,3
85468,2
85469,3
85470,3
85471,3
85472,2
85473,4
85474,3
85475,0
85476,2
85477,2
85478,1
85479,3
85480,2
85481,3
85482,5
85483,1
85484,1
85485,2
85486,2
85487,1
85488,2
85489,5
85490,3
85491,2
85492,3
85493,3
85494,4
85495,3
85496,3
85497,3
85498,3
85499,3
85500,4
85501,3
85502,3
85503,3
85504,3
85505,3
85506,3
85507,2
85508,2
85509,2
85510,2
85511,2
85512,2
85513,2
85514,2
85515,2
85516,2
85517,2
85518,2
85519,0
85520,2
85521,2
85522,2
85523,2
85524,0
85525,0
85526,2
85527,2
85528,3
85529,3
85530,3
85531,2
85532,2
85533,2
85534,3
85535,3
85536,2
85537,2
85538,2
85539,2
85540,2
85541,2
85542,2
85543,3
85544,2
85545,2
85546,2
85547,2
85548,3
85549,2
85550,2
85551,2
85552,2
85553,2
85554,2
85555,2
85556,2
85557,2
85558,2
85559,5
85560,5
85561,5
85562,5
85563,2
85564,2
85565,3
85566,3
85567,2
85568,2
85569,0
85570,5
85571,2
85572,3
85573,2
85574,2
85575,2
85576,0
85577,2
85578,2
85579,2
85580,2
85581,0
85582,0
85583,2
85584,3
85585,2
85586,2
85587,2
85588,2
85589,1
85590,3
85591,2
85592,2
85593,2
85594,3
85595,2
85596,2
85597,2
85598,2
85599,2
85600,2
85601,2
85602,2
85603,2
85604,2
85605,1
85606,2
85607,2
85608,2
85609,2
85610,2
85611,0
85612,2
85613,5
85614,2
85615,2
85616,2
85617,2
85618,2
85619,2
85620,2
85621,2
85622,2
85623,2
85624,5
85625,5
85626,2
85627,2
85628,2
85629,5
85630,2
85631,2
85632,3
85633,5
85634,5
85635,5
85636,5
85637,2
85638,5
85639,2
85640,5
85641,5
85642,5
85643,5
85644,3
85645,5
85646,5
85647,2
85648,2
85649,2
85650,2
85651,3
85652,1
85653,2
85654,2
85655,2
85656,2
85657,5
85658,4
85659,3
85660,0
85661,5
85662,5
85663,2
85664,2
85665,3
85666,5
85667,5
85668,5
85669,0
85670,2
85671,2
85672,2
85673,2
85674,2
85675,2
85676,3
85677,5
85678,2
85679,2
85680,2
85681,5
85682,5
85683,5
85684,2
85685,2
85686,2
85687,5
85688,3
85689,3
85690,4
85691,2
85692,5
85693,3
85694,2
85695,3
85696,2
85697,0
85698,3
85699,5
85700,2
85701,3
85702,5
85703,2
85704,1
85705,1
85706,1
85707,1
85708,1
85709,1
85710,1
85711,1
85712,1
85713,1
85714,4
85715,1
85716,1
85717,1
85718,1
85719,1
85720,1
85721,1
85722,1
85723,1
85724,1
85725,1
85726,1
85727,1
85728,1
85729,1
85730,1
85731,1
85732,1
85733,1
85734,1
85735,1
85736,1
85737,1
85738,1
85739,1
85740,1
85741,1
85742,1
85743,1
85744,1
85745,1
85746,1
85747,1
85748,1
85749,1
85750,1
85751,1
85752,1
85753,1
85754,1
85755,1
85756,1
85757,1
85758,1
85759,1
85760,1
85761,1
85762,1
85763,1
85764,1
85765,1
85766,1
85767,1
85768,1
85769,1
85770,3
85771,5
85772,1
85773,1
85774,1
85775,2
85776,2
85777,0
85778,2
85779,2
85780,2
85781,0
85782,2
85783,5
85784,1
85785,2
85786,1
85787,1
85788,1
85789,3
85790,3
85791,2
85792,2
85793,2
85794,2
85795,2
85796,2
85797,2
85798,2
85799,2
85800,2
85801,2
85802,2
85803,0
85804,2
85805,1
85806,1
85807,2
85808,2
85809,2
85810,2
85811,2
85812,2
85813,0
85814,2
85815,2
85816,2
85817,2
85818,2
85819,2
85820,2
85821,2
85822,2
85823,2
85824,0
85825,0
85826,2
85827,3
85828,2
85829,3
85830,1
85831,3
85832,0
85833,2
85834,2
85835,2
85836,2
85837,2
85838,0
85839,2
85840,2
85841,2
85842,3
85843,2
85844,0
85845,2
85846,2
85847,2
85848,2
85849,2
85850,2
85851,2
85852,2
85853,2
85854,2
85855,2
85856,2
85857,2
85858,2
85859,2
85860,2
85861,2
85862,2
85863,4
85864,2
85865,2
85866,2
85867,2
85868,2
85869,2
85870,2
85871,2
85872,2
85873,2
85874,1
85875,2
85876,2
85877,2
85878,2
85879,1
85880,2
85881,2
85882,2
85883,2
85884,2
85885,2
85886,2
85887,2
85888,2
85889,2
85890,2
85891,2
85892,2
85893,5
85894,2
85895,3
85896,1
85897,2
85898,3
85899,0
85900,2
85901,2
85902,1
85903,2
85904,1
85905,1
85906,1
85907,1
85908,2
85909,2
85910,2
85911,4
85912,3
85913,3
85914,4
85915,2
85916,2
85917,2
85918,2
85919,1
85920,2
85921,2
85922,2
85923,2
85924,2
85925,2
85926,2
85927,2
85928,2
85929,2
85930,4
85931,2
85932,2
85933,2
85934,2
85935,2
85936,2
85937,2
85938,2
85939,2
85940,2
85941,2
85942,2
85943,2
85944,2
85945,2
85946,2
85947,2
85948,2
85949,2
85950,3
85951,2
85952,2
85953,2
85954,2
85955,0
85956,2
85957,2
85958,2
85959,2
85960,2
85961,2
85962,2
85963,1
85964,0
85965,2
85966,2
85967,0
85968,0
85969,0
85970,0
85971,0
85972,3
85973,4
85974,2
85975,3
85976,2
85977,4
85978,4
85979,4
85980,2
85981,2
85982,2
85983,2
85984,4
85985,3
85986,2
85987,2
85988,2
85989,4
85990,2
85991,0
85992,2
85993,0
85994,2
85995,4
85996,2
85997,3
85998,1
85999,1
86000,3
86001,3
86002,0
86003,3
86004,2
86005,2
86006,2
86007,2
86008,2
86009,2
86010,2
86011,2
86012,2
86013,2
86014,2
86015,0
86016,3
86017,2
86018,2
86019,2
86020,2
86021,2
86022,2
86023,2
86024,2
86025,2
86026,2
86027,2
86028,2
86029,2
86030,2
86031,2
86032,0
86033,2
86034,3
86035,2
86036,3
86037,3
86038,3
86039,2
86040,2
86041,3
86042,2
86043,2
86044,2
86045,4
86046,2
86047,2
86048,2
86049,2
86050,2
86051,2
86052,3
86053,4
86054,4
86055,2
86056,2
86057,0
86058,2
86059,2
86060,2
86061,1
86062,4
86063,2
86064,2
86065,2
86066,3
86067,0
86068,3
86069,2
86070,2
86071,2
86072,2
86073,2
86074,2
86075,2
86076,2
86077,2
86078,3
86079,2
86080,2
86081,2
86082,2
86083,2
86084,2
86085,2
86086,2
86087,2
86088,2
86089,2
86090,2
86091,2
86092,2
86093,2
86094,2
86095,2
86096,1
86097,1
86098,4
86099,3
86100,1
86101,5
86102,1
86103,3
86104,2
86105,3
86106,2
86107,1
86108,1
86109,3
86110,0
86111,2
86112,3
86113,5
86114,3
86115,2
86116,5
86117,1
86118,2
86119,2
86120,2
86121,2
86122,2
86123,0
86124,2
86125,2
86126,2
86127,2
86128,2
86129,2
86130,2
86131,2
86132,2
86133,2
86134,2
86135,2
86136,2
86137,2
86138,2
86139,2
86140,2
86141,2
86142,1
86143,1
86144,1
86145,1
86146,2
86147,0
86148,2
86149,2
86150,2
86151,2
86152,2
86153,2
86154,3
86155,3
86156,2
86157,2
86158,2
86159,2
86160,1
86161,1
86162,0
86163,1
86164,1
86165,2
86166,2
86167,2
86168,1
86169,3
86170,2
86171,1
86172,1
86173,1
86174,2
86175,5
86176,2
86177,5
86178,2
86179,5
86180,1
86181,2
86182,2
86183,2
86184,2
86185,2
86186,2
86187,2
86188,2
86189,2
86190,3
86191,3
86192,2
86193,4
86194,2
86195,2
86196,2
86197,2
86198,1
86199,1
86200,2
86201,2
86202,2
86203,2
86204,2
86205,4
86206,2
86207,2
86208,2
86209,2
86210,2
86211,2
86212,2
86213,2
86214,2
86215,2
86216,2
86217,2
86218,2
86219,2
86220,2
86221,2
86222,2
86223,2
86224,2
86225,2
86226,3
86227,2
86228,2
86229,2
86230,2
86231,2
86232,2
86233,3
86234,2
86235,0
86236,2
86237,3
86238,2
86239,4
86240,4
86241,2
86242,2
86243,4
86244,2
86245,2
86246,2
86247,2
86248,3
86249,3
86250,5
86251,1
86252,2
86253,5
86254,2
86255,2
86256,2
86257,3
86258,1
86259,1
86260,2
86261,2
86262,0
86263,2
86264,0
86265,3
86266,2
86267,2
86268,2
86269,2
86270,2
86271,2
86272,2
86273,2
86274,1
86275,2
86276,3
86277,3
86278,2
86279,2
86280,2
86281,2
86282,2
86283,2
86284,3
86285,2
86286,2
86287,2
86288,2
86289,2
86290,2
86291,2
86292,1
86293,1
86294,1
86295,3
86296,2
86297,0
86298,2
86299,2
86300,2
86301,2
86302,2
86303,2
86304,3
86305,3
86306,3
86307,3
86308,3
86309,2
86310,2
86311,2
86312,2
86313,1
86314,1
86315,2
86316,2
86317,2
86318,2
86319,2
86320,2
86321,2
86322,2
86323,2
86324,2
86325,2
86326,2
86327,0
86328,2
86329,1
86330,1
86331,1
86332,2
86333,2
86334,2
86335,2
86336,2
86337,2
86338,2
86339,2
86340,2
86341,2
86342,2
86343,2
86344,3
86345,2
86346,2
86347,2
86348,2
86349,2
86350,3
86351,1
86352,2
86353,2
86354,2
86355,2
86356,2
86357,2
86358,2
86359,2
86360,2
86361,2
86362,3
86363,2
86364,4
86365,2
86366,1
86367,1
86368,5
86369,3
86370,2
86371,2
86372,4
86373,2
86374,2
86375,0
86376,3
86377,2
86378,2
86379,2
86380,3
86381,2
86382,2
86383,2
86384,2
86385,2
86386,2
86387,3
86388,2
86389,5
86390,0
86391,1
86392,0
86393,2
86394,2
86395,4
86396,0
86397,0
86398,0
86399,0
86400,2
86401,1
86402,4
86403,2
86404,2
86405,2
86406,2
86407,3
86408,2
86409,2
86410,2
86411,2
86412,2
86413,2
86414,2
86415,2
86416,2
86417,2
86418,2
86419,2
86420,2
86421,2
86422,2
86423,1
86424,1
86425,2
86426,2
86427,2
86428,2
86429,2
86430,2
86431,2
86432,2
86433,2
86434,2
86435,0
86436,2
86437,2
86438,2
86439,2
86440,2
86441,2
86442,2
86443,2
86444,2
86445,2
86446,2
86447,2
86448,2
86449,2
86450,2
86451,2
86452,2
86453,2
86454,2
86455,2
86456,2
86457,2
86458,0
86459,2
86460,2
86461,2
86462,2
86463,2
86464,2
86465,2
86466,2
86467,2
86468,2
86469,2
86470,2
86471,2
86472,2
86473,2
86474,2
86475,0
86476,2
86477,2
86478,2
86479,2
86480,2
86481,0
86482,3
86483,0
86484,2
86485,2
86486,2
86487,2
86488,2
86489,2
86490,2
86491,2
86492,0
86493,4
86494,2
86495,2
86496,2
86497,2
86498,2
86499,2
86500,2
86501,1
86502,1
86503,1
86504,2
86505,2
86506,2
86507,2
86508,2
86509,2
86510,0
86511,3
86512,2
86513,2
86514,2
86515,2
86516,2
86517,2
86518,2
86519,2
86520,2
86521,2
86522,2
86523,2
86524,0
86525,0
86526,0
86527,1
86528,0
86529,0
86530,1
86531,1
86532,1
86533,1
86534,0
86535,2
86536,2
86537,2
86538,2
86539,2
86540,2
86541,2
86542,2
86543,2
86544,2
86545,2
86546,2
86547,2
86548,2
86549,2
86550,3
86551,0
86552,2
86553,2
86554,2
86555,2
86556,2
86557,2
86558,0
86559,2
86560,0
86561,0
86562,0
86563,2
86564,2
86565,2
86566,2
86567,2
86568,2
86569,4
86570,4
86571,3
86572,4
86573,4
86574,4
86575,1
86576,3
86577,1
86578,5
86579,4
86580,2
86581,3
86582,2
86583,2
86584,2
86585,2
86586,4
86587,3
86588,3
86589,2
86590,3
86591,0
86592,2
86593,2
86594,2
86595,0
86596,2
86597,3
86598,2
86599,2
86600,2
86601,2
86602,2
86603,2
86604,2
86605,3
86606,4
86607,2
86608,4
86609,2
86610,2
86611,3
86612,2
86613,2
86614,2
86615,2
86616,2
86617,2
86618,2
86619,2
86620,2
86621,2
86622,2
86623,2
86624,0
86625,2
86626,2
86627,2
86628,0
86629,2
86630,2
86631,2
86632,2
86633,2
86634,2
86635,2
86636,2
86637,2
86638,2
86639,2
86640,2
86641,2
86642,2
86643,2
86644,2
86645,2
86646,2
86647,2
86648,2
86649,2
86650,3
86651,2
86652,2
86653,2
86654,2
86655,2
86656,2
86657,2
86658,4
86659,2
86660,2
86661,2
86662,2
86663,2
86664,2
86665,2
86666,1
86667,2
86668,3
86669,4
86670,2
86671,4
86672,4
86673,2
86674,2
86675,3
86676,2
86677,3
86678,2
86679,2
86680,2
86681,1
86682,3
86683,2
86684,2
86685,2
86686,3
86687,2
86688,2
86689,2
86690,2
86691,2
86692,2
86693,2
86694,2
86695,2
86696,2
86697,2
86698,2
86699,2
86700,3
86701,2
86702,2
86703,2
86704,2
86705,2
86706,2
86707,2
86708,2
86709,2
86710,2
86711,2
86712,2
86713,3
86714,2
86715,2
86716,2
86717,2
86718,2
86719,2
86720,2
86721,2
86722,2
86723,2
86724,4
86725,2
86726,2
86727,2
86728,2
86729,2
86730,0
86731,0
86732,3
86733,2
86734,0
86735,0
86736,0
86737,2
86738,2
86739,0
86740,0
86741,0
86742,2
86743,2
86744,2
86745,4
86746,3
86747,1
86748,4
86749,4
86750,2
86751,2
86752,2
86753,2
86754,2
86755,3
86756,0
86757,4
86758,2
86759,2
86760,3
86761,4
86762,4
86763,2
86764,0
86765,2
86766,2
86767,2
86768,3
86769,4
86770,2
86771,2
86772,2
86773,2
86774,2
86775,2
86776,2
86777,3
86778,4
86779,0
86780,4
86781,2
86782,2
86783,2
86784,2
86785,2
86786,4
86787,0
86788,2
86789,2
86790,2
86791,2
86792,3
86793,1
86794,2
86795,3
86796,2
86797,2
86798,2
86799,2
86800,2
86801,2
86802,2
86803,3
86804,2
86805,2
86806,2
86807,2
86808,1
86809,3
86810,2
86811,2
86812,0
86813,3
86814,0
86815,2
86816,2
86817,5
86818,2
86819,2
86820,2
86821,2
86822,2
86823,2
86824,2
86825,5
86826,2
86827,2
86828,2
86829,2
86830,2
86831,0
86832,2
86833,2
86834,2
86835,2
86836,2
86837,2
86838,2
86839,2
86840,2
86841,0
86842,2
86843,2
86844,2
86845,3
86846,0
86847,2
86848,2
86849,2
86850,0
86851,3
86852,2
86853,2
86854,2
86855,2
86856,2
86857,2
86858,3
86859,2
86860,2
86861,2
86862,2
86863,2
86864,0
86865,2
86866,2
86867,2
86868,2
86869,2
86870,2
86871,5
86872,2
86873,0
86874,5
86875,2
86876,2
86877,2
86878,0
86879,0
86880,3
86881,2
86882,2
86883,2
86884,4
86885,4
86886,2
86887,4
86888,2
86889,2
86890,2
86891,2
86892,3
86893,2
86894,2
86895,4
86896,2
86897,2
86898,2
86899,2
86900,2
86901,2
86902,2
86903,2
86904,2
86905,2
86906,2
86907,0
86908,0
86909,1
86910,1
86911,1
86912,1
86913,1
86914,2
86915,2
86916,2
86917,1
86918,3
86919,2
86920,3
86921,3
86922,2
86923,2
86924,2
86925,2
86926,2
86927,2
86928,2
86929,2
86930,2
86931,2
86932,2
86933,0
86934,0
86935,2
86936,2
86937,2
86938,2
86939,2
86940,2
86941,2
86942,2
86943,2
86944,2
86945,2
86946,2
86947,2
86948,2
86949,2
86950,2
86951,2
86952,2
86953,2
86954,2
86955,2
86956,2
86957,2
86958,2
86959,2
86960,2
86961,2
86962,2
86963,2
86964,2
86965,2
86966,2
86967,2
86968,2
86969,2
86970,2
86971,2
86972,2
86973,2
86974,2
86975,2
86976,0
86977,2
86978,2
86979,2
86980,4
86981,4
86982,2
86983,2
86984,2
86985,2
86986,2
86987,2
86988,3
86989,2
86990,0
86991,0
86992,1
86993,1
86994,1
86995,1
86996,3
86997,2
86998,2
86999,2
87000,2
87001,2
87002,2
87003,2
87004,2
87005,2
87006,2
87007,2
87008,2
87009,2
87010,2
87011,2
87012,2
87013,2
87014,2
87015,2
87016,2
87017,2
87018,2
87019,2
87020,2
87021,2
87022,2
87023,2
87024,2
87025,2
87026,2
87027,2
87028,2
87029,2
87030,2
87031,2
87032,2
87033,5
87034,2
87035,2
87036,2
87037,2
87038,2
87039,2
87040,2
87041,2
87042,2
87043,2
87044,2
87045,2
87046,2
87047,2
87048,2
87049,2
87050,2
87051,2
87052,2
87053,2
87054,2
87055,2
87056,2
87057,2
87058,2
87059,2
87060,2
87061,2
87062,2
87063,2
87064,2
87065,2
87066,2
87067,2
87068,2
87069,2
87070,2
87071,0
87072,2
87073,2
87074,2
87075,2
87076,2
87077,2
87078,2
87079,2
87080,4
87081,0
87082,2
87083,2
87084,2
87085,2
87086,2
87087,2
87088,2
87089,2
87090,2
87091,2
87092,2
87093,2
87094,2
87095,2
87096,2
87097,2
87098,1
87099,1
87100,1
87101,5
87102,2
87103,2
87104,2
87105,2
87106,2
87107,2
87108,0
87109,0
87110,2
87111,3
87112,3
87113,2
87114,3
87115,1
87116,2
87117,0
87118,4
87119,4
87120,2
87121,4
87122,4
87123,3
87124,3
87125,3
87126,1
87127,2
87128,3
87129,2
87130,2
87131,2
87132,2
87133,2
87134,2
87135,2
87136,2
87137,2
87138,2
87139,2
87140,2
87141,2
87142,2
87143,2
87144,2
87145,1
87146,1
87147,2
87148,2
87149,3
87150,2
87151,2
87152,2
87153,2
87154,2
87155,0
87156,0
87157,2
87158,2
87159,2
87160,2
87161,2
87162,2
87163,4
87164,4
87165,2
87166,0
87167,2
87168,0
87169,2
87170,2
87171,2
87172,2
87173,2
87174,2
87175,2
87176,0
87177,2
87178,2
87179,0
87180,2
87181,2
87182,2
87183,2
87184,2
87185,2
87186,2
87187,2
87188,2
87189,2
87190,2
87191,2
87192,2
87193,2
87194,3
87195,2
87196,3
87197,2
87198,2
87199,2
87200,2
87201,3
87202,2
87203,2
87204,2
87205,2
87206,2
87207,2
87208,2
87209,2
87210,2
87211,5
87212,2
87213,1
87214,2
87215,3
87216,2
87217,2
87218,2
87219,2
87220,2
87221,2
87222,2
87223,2
87224,1
87225,2
87226,2
87227,2
87228,2
87229,2
87230,2
87231,2
87232,2
87233,2
87234,2
87235,2
87236,1
87237,2
87238,3
87239,2
87240,1
87241,2
87242,2
87243,1
87244,3
87245,2
87246,2
87247,0
87248,3
87249,2
87250,2
87251,2
87252,2
87253,1
87254,2
87255,0
87256,1
87257,0
87258,0
87259,2
87260,2
87261,2
87262,2
87263,2
87264,2
87265,2
87266,2
87267,2
87268,2
87269,0
87270,2
87271,2
87272,2
87273,2
87274,2
87275,2
87276,2
87277,2
87278,0
87279,2
87280,2
87281,2
87282,2
87283,2
87284,2
87285,2
87286,2
87287,2
87288,2
87289,2
87290,2
87291,2
87292,2
87293,2
87294,2
87295,2
87296,2
87297,2
87298,2
87299,2
87300,1
87301,2
87302,2
87303,2
87304,2
87305,3
87306,2
87307,2
87308,2
87309,0
87310,4
87311,2
87312,2
87313,2
87314,2
87315,2
87316,2
87317,2
87318,1
87319,3
87320,2
87321,0
87322,3
87323,2
87324,2
87325,2
87326,3
87327,2
87328,2
87329,3
87330,2
87331,4
87332,2
87333,2
87334,0
87335,2
87336,0
87337,2
87338,4
87339,2
87340,2
87341,2
87342,2
87343,2
87344,2
87345,2
87346,2
87347,2
87348,0
87349,2
87350,0
87351,2
87352,2
87353,0
87354,2
87355,2
87356,2
87357,4
87358,2
87359,2
87360,2
87361,2
87362,2
87363,2
87364,2
87365,2
87366,2
87367,2
87368,1
87369,3
87370,2
87371,4
87372,4
87373,2
87374,4
87375,1
87376,2
87377,2
87378,0
87379,3
87380,0
87381,2
87382,2
87383,2
87384,3
87385,0
87386,2
87387,2
87388,2
87389,3
87390,2
87391,2
87392,3
87393,2
87394,2
87395,1
87396,2
87397,3
87398,2
87399,0
87400,2
87401,3
87402,1
87403,2
87404,2
87405,2
87406,2
87407,2
87408,2
87409,2
87410,2
87411,0
87412,2
87413,2
87414,2
87415,2
87416,2
87417,2
87418,2
87419,2
87420,2
87421,3
87422,1
87423,2
87424,2
87425,2
87426,2
87427,3
87428,2
87429,0
87430,1
87431,1
87432,2
87433,2
87434,2
87435,2
87436,4
87437,2
87438,2
87439,2
87440,2
87441,2
87442,2
87443,2
87444,2
87445,2
87446,2
87447,2
87448,2
87449,2
87450,2
87451,2
87452,1
87453,4
87454,1
87455,1
87456,2
87457,2
87458,1
87459,1
87460,0
87461,2
87462,1
87463,0
87464,1
87465,1
87466,1
87467,3
87468,3
87469,1
87470,1
87471,1
87472,1
87473,2
87474,2
87475,1
87476,2
87477,3
87478,3
87479,3
87480,1
87481,1
87482,1
87483,1
87484,2
87485,1
87486,3
87487,1
87488,3
87489,3
87490,1
87491,2
87492,2
87493,2
87494,3
87495,3
87496,1
87497,1
87498,1
87499,1
87500,5
87501,1
87502,1
87503,1
87504,1
87505,1
87506,1
87507,1
87508,1
87509,1
87510,1
87511,1
87512,2
87513,1
87514,1
87515,1
87516,0
87517,3
87518,1
87519,2
87520,0
87521,2
87522,3
87523,3
87524,1
87525,1
87526,3
87527,3
87528,1
87529,1
87530,1
87531,1
87532,1
87533,1
87534,1
87535,1
87536,1
87537,1
87538,1
87539,2
87540,1
87541,3
87542,1
87543,1
87544,1
87545,1
87546,1
87547,3
87548,1
87549,2
87550,1
87551,3
87552,2
87553,2
87554,0
87555,1
87556,1
87557,1
87558,3
87559,1
87560,1
87561,2
87562,2
87563,5
87564,2
87565,1
87566,2
87567,1
87568,3
87569,3
87570,2
87571,1
87572,3
87573,2
87574,2
87575,2
87576,1
87577,2
87578,2
87579,2
87580,2
87581,2
87582,2
87583,2
87584,2
87585,2
87586,2
87587,0
87588,2
87589,2
87590,2
87591,0
87592,2
87593,1
87594,3
87595,1
87596,1
87597,2
87598,2
87599,2
87600,2
87601,2
87602,1
87603,5
87604,1
87605,3
87606,1
87607,1
87608,0
87609,0
87610,3
87611,2
87612,2
87613,2
87614,3
87615,2
87616,5
87617,5
87618,5
87619,1
87620,0
87621,2
87622,1
87623,1
87624,2
87625,2
87626,1
87627,1
87628,2
87629,3
87630,1
87631,2
87632,2
87633,2
87634,2
87635,2
87636,1
87637,2
87638,1
87639,2
87640,1
87641,1
87642,2
87643,1
87644,1
87645,1
87646,0
87647,0
87648,2
87649,2
87650,2
87651,1
87652,2
87653,0
87654,5
87655,2
87656,2
87657,2
87658,3
87659,2
87660,1
87661,1
87662,1
87663,0
87664,0
87665,2
87666,2
87667,1
87668,1
87669,5
87670,2
87671,2
87672,5
87673,1
87674,0
87675,1
87676,1
87677,1
87678,2
87679,2
87680,2
87681,0
87682,1
87683,2
87684,1
87685,1
87686,1
87687,0
87688,0
87689,2
87690,2
87691,1
87692,2
87693,2
87694,1
87695,5
87696,0
87697,5
87698,1
87699,3
87700,1
87701,2
87702,1
87703,1
87704,2
87705,2
87706,1
87707,3
87708,1
87709,1
87710,2
87711,3
87712,2
87713,2
87714,1
87715,3
87716,1
87717,2
87718,0
87719,1
87720,2
87721,0
87722,2
87723,0
87724,3
87725,3
87726,1
87727,1
87728,3
87729,3
87730,3
87731,3
87732,1
87733,1
87734,3
87735,3
87736,1
87737,1
87738,1
87739,1
87740,1
87741,3
87742,2
87743,2
87744,2
87745,2
87746,1
87747,5
87748,3
87749,1
87750,1
87751,1
87752,1
87753,3
87754,5
87755,3
87756,1
87757,1
87758,1
87759,2
87760,2
87761,1
87762,2
87763,2
87764,2
87765,2
87766,2
87767,2
87768,2
87769,2
87770,2
87771,2
87772,1
87773,2
87774,2
87775,2
87776,2
87777,2
87778,2
87779,2
87780,2
87781,2
87782,2
87783,2
87784,2
87785,2
87786,2
87787,2
87788,2
87789,2
87790,2
87791,2
87792,2
87793,2
87794,2
87795,2
87796,2
87797,2
87798,2
87799,2
87800,2
87801,2
87802,2
87803,0
87804,2
87805,1
87806,1
87807,1
87808,1
87809,1
87810,1
87811,1
87812,1
87813,1
87814,1
87815,0
87816,0
87817,0
87818,0
87819,0
87820,1
87821,0
87822,0
87823,0
87824,0
87825,2
87826,1
87827,1
87828,1
87829,1
87830,2
87831,2
87832,1
87833,1
87834,2
87835,2
87836,2
87837,2
87838,2
87839,2
87840,2
87841,2
87842,1
87843,2
87844,3
87845,2
87846,2
87847,1
87848,2
87849,2
87850,2
87851,2
87852,2
87853,2
87854,2
87855,2
87856,2
87857,2
87858,2
87859,2
87860,2
87861,0
87862,1
87863,2
87864,2
87865,2
87866,2
87867,2
87868,2
87869,2
87870,1
87871,1
87872,1
87873,2
87874,0
87875,1
87876,1
87877,5
87878,3
87879,2
87880,2
87881,2
87882,2
87883,1
87884,1
87885,1
87886,1
87887,1
87888,1
87889,2
87890,2
87891,1
87892,1
87893,1
87894,1
87895,2
87896,1
87897,2
87898,5
87899,2
87900,0
87901,1
87902,3
87903,5
87904,5
87905,2
87906,5
87907,5
87908,2
87909,2
87910,2
87911,5
87912,1
87913,3
87914,2
87915,2
87916,2
87917,1
87918,2
87919,2
87920,2
87921,2
87922,2
87923,2
87924,2
87925,2
87926,2
87927,2
87928,1
87929,1
87930,1
87931,2
87932,1
87933,1
87934,2
87935,3
87936,1
87937,2
87938,0
87939,2
87940,2
87941,1
87942,1
87943,1
87944,2
87945,2
87946,2
87947,1
87948,1
87949,1
87950,2
87951,2
87952,2
87953,2
87954,2
87955,5
87956,2
87957,2
87958,5
87959,1
87960,1
87961,2
87962,2
87963,2
87964,3
87965,2
87966,2
87967,2
87968,1
87969,1
87970,0
87971,0
87972,1
87973,2
87974,2
87975,2
87976,3
87977,1
87978,1
87979,1
87980,2
87981,2
87982,2
87983,0
87984,1
87985,2
87986,2
87987,2
87988,2
87989,2
87990,2
87991,1
87992,1
87993,1
87994,1
87995,1
87996,1
87997,2
87998,0
87999,2
88000,1
88001,1
88002,2
88003,2
88004,2
88005,2
88006,2
88007,2
88008,2
88009,2
88010,2
88011,2
88012,1
88013,3
88014,5
88015,5
88016,1
88017,3
88018,1
88019,3
88020,1
88021,2
88022,2
88023,2
88024,1
88025,2
88026,2
88027,2
88028,2
88029,2
88030,1
88031,1
88032,2
88033,1
88034,1
88035,0
88036,2
88037,3
88038,3
88039,1
88040,0
88041,0
88042,0
88043,0
88044,0
88045,3
88046,2
88047,2
88048,2
88049,2
88050,2
88051,3
88052,3
88053,3
88054,2
88055,2
88056,2
88057,2
88058,2
88059,1
88060,2
88061,2
88062,1
88063,3
88064,3
88065,1
88066,1
88067,2
88068,2
88069,2
88070,0
88071,0
88072,2
88073,1
88074,0
88075,2
88076,2
88077,2
88078,2
88079,2
88080,0
88081,2
88082,5
88083,2
88084,1
88085,5
88086,5
88087,2
88088,3
88089,2
88090,3
88091,1
88092,1
88093,3
88094,1
88095,1
88096,1
88097,1
88098,1
88099,5
88100,5
88101,3
88102,0
88103,0
88104,0
88105,1
88106,5
88107,0
88108,0
88109,0
88110,0
88111,2
88112,0
88113,2
88114,1
88115,1
88116,2
88117,2
88118,0
88119,1
88120,5
88121,1
88122,1
88123,2
88124,2
88125,2
88126,2
88127,1
88128,0
88129,0
88130,0
88131,2
88132,2
88133,3
88134,1
88135,3
88136,1
88137,1
88138,1
88139,1
88140,1
88141,1
88142,1
88143,0
88144,1
88145,1
88146,0
88147,1
88148,1
88149,1
88150,2
88151,2
88152,2
88153,2
88154,2
88155,1
88156,2
88157,2
88158,0
88159,2
88160,2
88161,0
88162,2
88163,0
88164,2
88165,1
88166,1
88167,3
88168,1
88169,1
88170,1
88171,1
88172,2
88173,2
88174,2
88175,2
88176,2
88177,2
88178,3
88179,3
88180,1
88181,1
88182,3
88183,3
88184,3
88185,1
88186,3
88187,3
88188,3
88189,3
88190,3
88191,3
88192,3
88193,3
88194,3
88195,3
88196,0
88197,3
88198,3
88199,3
88200,3
88201,1
88202,1
88203,1
88204,1
88205,3
88206,1
88207,3
88208,3
88209,3
88210,1
88211,3
88212,2
88213,3
88214,3
88215,1
88216,1
88217,1
88218,2
88219,0
88220,3
88221,3
88222,2
88223,2
88224,3
88225,0
88226,0
88227,0
88228,2
88229,2
88230,3
88231,1
88232,2
88233,1
88234,0
88235,2
88236,5
88237,1
88238,2
88239,4
88240,3
88241,3
88242,0
88243,3
88244,3
88245,3
88246,0
88247,3
88248,0
88249,2
88250,2
88251,2
88252,2
88253,2
88254,5
88255,0
88256,2
88257,3
88258,2
88259,2
88260,0
88261,0
88262,2
88263,2
88264,2
88265,2
88266,1
88267,2
88268,2
88269,2
88270,2
88271,1
88272,3
88273,0
88274,1
88275,1
88276,2
88277,2
88278,2
88279,1
88280,2
88281,2
88282,2
88283,2
88284,2
88285,2
88286,0
88287,0
88288,0
88289,3
88290,0
88291,3
88292,3
88293,2
88294,2
88295,3
88296,3
88297,3
88298,0
88299,0
88300,0
88301,0
88302,0
88303,0
88304,0
88305,0
88306,0
88307,0
88308,1
88309,0
88310,0
88311,0
88312,4
88313,0
88314,0
88315,0
88316,3
88317,3
88318,3
88319,0
88320,3
88321,3
88322,3
88323,3
88324,3
88325,3
88326,3
88327,3
88328,3
88329,5
88330,3
88331,4
88332,3
88333,3
88334,4
88335,3
88336,3
88337,3
88338,3
88339,2
88340,3
88341,3
88342,2
88343,3
88344,2
88345,2
88346,3
88347,3
88348,3
88349,3
88350,3
88351,3
88352,3
88353,3
88354,4
88355,1
88356,3
88357,3
88358,3
88359,3
88360,1
88361,4
88362,4
88363,3
88364,3
88365,1
88366,2
88367,2
88368,3
88369,1
88370,0
88371,0
88372,0
88373,2
88374,0
88375,0
88376,3
88377,3
88378,0
88379,3
88380,4
88381,0
88382,2
88383,2
88384,0
88385,1
88386,1
88387,4
88388,0
88389,3
88390,3
88391,2
88392,3
88393,3
88394,2
88395,3
88396,3
88397,3
88398,3
88399,2
88400,5
88401,2
88402,2
88403,0
88404,0
88405,0
88406,2
88407,2
88408,1
88409,0
88410,0
88411,2
88412,3
88413,2
88414,2
88415,2
88416,3
88417,3
88418,0
88419,0
88420,2
88421,0
88422,1
88423,0
88424,2
88425,0
88426,4
88427,4
88428,2
88429,3
88430,2
88431,2
88432,2
88433,1
88434,2
88435,2
88436,2
88437,3
88438,3
88439,1
88440,3
88441,3
88442,0
88443,0
88444,1
88445,0
88446,0
88447,0
88448,1
88449,2
88450,3
88451,3
88452,1
88453,2
88454,2
88455,1
88456,2
88457,2
88458,2
88459,0
88460,0
88461,0
88462,0
88463,3
88464,2
88465,2
88466,2
88467,0
88468,0
88469,3
88470,3
88471,3
88472,3
88473,0
88474,0
88475,0
88476,2
88477,0
88478,0
88479,0
88480,0
88481,0
88482,3
88483,3
88484,1
88485,2
88486,0
88487,3
88488,2
88489,2
88490,3
88491,0
88492,0
88493,0
88494,0
88495,0
88496,0
88497,0
88498,0
88499,3
88500,2
88501,3
88502,2
88503,3
88504,5
88505,0
88506,1
88507,0
88508,0
88509,0
88510,0
88511,2
88512,3
88513,0
88514,0
88515,0
88516,0
88517,0
88518,0
88519,0
88520,2
88521,3
88522,0
88523,0
88524,4
88525,3
88526,4
88527,3
88528,3
88529,3
88530,4
88531,1
88532,3
88533,3
88534,3
88535,3
88536,3
88537,3
88538,0
88539,0
88540,3
88541,0
88542,0
88543,0
88544,0
88545,0
88546,0
88547,0
88548,3
88549,4
88550,3
88551,0
88552,0
88553,1
88554,0
88555,4
88556,0
88557,3
88558,2
88559,1
88560,3
88561,2
88562,1
88563,5
88564,2
88565,2
88566,3
88567,3
88568,2
88569,3
88570,3
88571,5
88572,2
88573,3
88574,2
88575,3
88576,2
88577,3
88578,2
88579,2
88580,3
88581,2
88582,3
88583,3
88584,3
88585,0
88586,1
88587,5
88588,1
88589,0
88590,3
88591,0
88592,0
88593,0
88594,0
88595,1
88596,3
88597,2
88598,2
88599,2
88600,2
88601,3
88602,3
88603,2
88604,2
88605,2
88606,2
88607,3
88608,2
88609,0
88610,2
88611,3
88612,5
88613,5
88614,2
88615,3
88616,3
88617,3
88618,3
88619,2
88620,2
88621,3
88622,0
88623,2
88624,3
88625,2
88626,3
88627,0
88628,2
88629,1
88630,3
88631,1
88632,1
88633,3
88634,3
88635,3
88636,1
88637,1
88638,3
88639,1
88640,3
88641,4
88642,3
88643,3
88644,3
88645,3
88646,1
88647,0
88648,1
88649,3
88650,0
88651,0
88652,0
88653,0
88654,0
88655,1
88656,0
88657,3
88658,0
88659,0
88660,0
88661,2
88662,1
88663,1
88664,0
88665,3
88666,3
88667,3
88668,3
88669,3
88670,2
88671,0
88672,0
88673,0
88674,0
88675,0
88676,1
88677,1
88678,2
88679,3
88680,3
88681,3
88682,3
88683,2
88684,2
88685,2
88686,3
88687,2
88688,2
88689,2
88690,1
88691,2
88692,0
88693,2
88694,0
88695,0
88696,1
88697,1
88698,1
88699,0
88700,3
88701,3
88702,0
88703,2
88704,3
88705,3
88706,3
88707,0
88708,2
88709,3
88710,1
88711,3
88712,3
88713,3
88714,3
88715,1
88716,5
88717,1
88718,2
88719,0
88720,3
88721,4
88722,4
88723,0
88724,3
88725,3
88726,0
88727,2
88728,0
88729,3
88730,0
88731,2
88732,2
88733,2
88734,3
88735,2
88736,2
88737,2
88738,2
88739,1
88740,2
88741,4
88742,2
88743,2
88744,1
88745,1
88746,2
88747,1
88748,2
88749,0
88750,0
88751,0
88752,1
88753,1
88754,1
88755,3
88756,0
88757,3
88758,1
88759,2
88760,3
88761,1
88762,3
88763,3
88764,3
88765,1
88766,0
88767,3
88768,3
88769,1
88770,1
88771,1
88772,0
88773,0
88774,1
88775,3
88776,1
88777,1
88778,3
88779,0
88780,0
88781,3
88782,4
88783,3
88784,3
88785,5
88786,3
88787,1
88788,3
88789,3
88790,1
88791,2
88792,3
88793,1
88794,3
88795,3
88796,1
88797,3
88798,3
88799,3
88800,3
88801,5
88802,3
88803,1
88804,1
88805,1
88806,1
88807,1
88808,3
88809,3
88810,1
88811,2
88812,1
88813,3
88814,3
88815,2
88816,5
88817,5
88818,2
88819,2
88820,2
88821,2
88822,3
88823,3
88824,3
88825,2
88826,2
88827,3
88828,2
88829,2
88830,2
88831,1
88832,1
88833,3
88834,1
88835,1
88836,3
88837,3
88838,0
88839,0
88840,1
88841,3
88842,3
88843,2
88844,1
88845,3
88846,2
88847,3
88848,1
88849,3
88850,2
88851,1
88852,5
88853,1
88854,1
88855,3
88856,2
88857,5
88858,1
88859,1
88860,1
88861,0
88862,0
88863,3
88864,3
88865,3
88866,0
88867,3
88868,3
88869,3
88870,4
88871,4
88872,3
88873,1
88874,2
88875,3
88876,3
88877,3
88878,2
88879,3
88880,3
88881,3
88882,1
88883,1
88884,3
88885,2
88886,2
88887,1
88888,1
88889,1
88890,3
88891,3
88892,3
88893,0
88894,0
88895,1
88896,1
88897,0
88898,0
88899,0
88900,1
88901,1
88902,0
88903,1
88904,1
88905,3
88906,0
88907,0
88908,0
88909,1
88910,0
88911,0
88912,1
88913,0
88914,2
88915,0
88916,2
88917,3
88918,0
88919,0
88920,0
88921,2
88922,1
88923,2
88924,3
88925,1
88926,3
88927,3
88928,2
88929,2
88930,1
88931,2
88932,2
88933,3
88934,3
88935,2
88936,2
88937,2
88938,2
88939,2
88940,1
88941,3
88942,2
88943,2
88944,0
88945,0
88946,2
88947,2
88948,2
88949,2
88950,0
88951,0
88952,2
88953,2
88954,2
88955,2
88956,0
88957,2
88958,2
88959,2
88960,2
88961,2
88962,2
88963,2
88964,2
88965,2
88966,2
88967,1
88968,2
88969,1
88970,1
88971,2
88972,2
88973,2
88974,2
88975,2
88976,2
88977,0
88978,2
88979,0
88980,2
88981,2
88982,2
88983,2
88984,2
88985,2
88986,2
88987,2
88988,4
88989,0
88990,2
88991,2
88992,0
88993,2
88994,3
88995,2
88996,2
88997,2
88998,2
88999,2
89000,3
89001,2
89002,3
89003,3
89004,2
89005,2
89006,1
89007,2
89008,1
89009,2
89010,1
89011,1
89012,1
89013,1
89014,1
89015,1
89016,1
89017,1
89018,1
89019,1
89020,1
89021,1
89022,3
89023,0
89024,0
89025,0
89026,1
89027,1
89028,3
89029,3
89030,3
89031,1
89032,1
89033,3
89034,3
89035,4
89036,3
89037,1
89038,3
89039,3
89040,1
89041,3
89042,3
89043,3
89044,3
89045,3
89046,3
89047,3
89048,1
89049,1
89050,3
89051,3
89052,3
89053,3
89054,1
89055,3
89056,3
89057,3
89058,3
89059,3
89060,1
89061,2
89062,1
89063,3
89064,3
89065,0
89066,3
89067,1
89068,3
89069,3
89070,0
89071,0
89072,3
89073,3
89074,3
89075,3
89076,3
89077,1
89078,3
89079,3
89080,1
89081,3
89082,3
89083,1
89084,1
89085,3
89086,1
89087,1
89088,0
89089,0
89090,0
89091,0
89092,0
89093,0
89094,0
89095,0
89096,0
89097,0
89098,0
89099,3
89100,4
89101,3
89102,1
89103,1
89104,3
89105,1
89106,0
89107,1
89108,1
89109,1
89110,1
89111,2
89112,3
89113,1
89114,3
89115,3
89116,1
89117,1
89118,3
89119,3
89120,1
89121,1
89122,5
89123,1
89124,1
89125,1
89126,1
89127,1
89128,0
89129,3
89130,0
89131,3
89132,1
89133,4
89134,3
89135,1
89136,1
89137,0
89138,0
89139,0
89140,0
89141,0
89142,0
89143,0
89144,0
89145,1
89146,1
89147,3
89148,5
89149,3
89150,3
89151,3
89152,3
89153,0
89154,0
89155,5
89156,0
89157,0
89158,0
89159,5
89160,3
89161,3
89162,5
89163,1
89164,2
89165,3
89166,3
89167,3
89168,2
89169,2
89170,2
89171,3
89172,2
89173,3
89174,1
89175,1
89176,1
89177,3
89178,1
89179,1
89180,2
89181,3
89182,1
89183,2
89184,3
89185,1
89186,3
89187,2
89188,3
89189,3
89190,2
89191,2
89192,3
89193,2
89194,0
89195,2
89196,2
89197,2
89198,0
89199,2
89200,3
89201,2
89202,3
89203,3
89204,3
89205,3
89206,3
89207,2
89208,3
89209,3
89210,3
89211,3
89212,3
89213,2
89214,3
89215,3
89216,3
89217,3
89218,3
89219,3
89220,2
89221,3
89222,2
89223,0
89224,3
89225,3
89226,3
89227,2
89228,1
89229,1
89230,2
89231,2
89232,1
89233,2
89234,2
89235,2
89236,5
89237,2
89238,2
89239,0
89240,0
89241,0
89242,3
89243,2
89244,3
89245,1
89246,2
89247,5
89248,2
89249,0
89250,0
89251,2
89252,5
89253,0
89254,2
89255,3
89256,0
89257,0
89258,1
89259,0
89260,0
89261,0
89262,0
89263,0
89264,0
89265,0
89266,0
89267,0
89268,0
89269,0
89270,2
89271,2
89272,4
89273,1
89274,0
89275,0
89276,0
89277,0
89278,2
89279,3
89280,3
89281,2
89282,3
89283,2
89284,2
89285,5
89286,2
89287,1
89288,3
89289,2
89290,4
89291,4
89292,4
89293,4
89294,4
89295,4
89296,4
89297,4
89298,4
89299,4
89300,4
89301,4
89302,4
89303,4
89304,4
89305,4
89306,4
89307,4
89308,4
89309,2
89310,2
89311,4
89312,4
89313,4
89314,4
89315,4
89316,4
89317,4
89318,2
89319,4
89320,4
89321,4
89322,4
89323,4
89324,2
89325,2
89326,4
89327,4
89328,4
89329,4
89330,4
89331,2
89332,4
89333,4
89334,4
89335,4
89336,4
89337,2
89338,2
89339,4
89340,2
89341,4
89342,4
89343,4
89344,4
89345,4
89346,4
89347,4
89348,4
89349,4
89350,4
89351,4
89352,4
89353,4
89354,4
89355,2
89356,4
89357,2
89358,4
89359,4
89360,2
89361,4
89362,4
89363,4
89364,4
89365,4
89366,4
89367,4
89368,4
89369,4
89370,4
89371,4
89372,2
89373,4
89374,2
89375,4
89376,4
89377,4
89378,4
89379,4
89380,4
89381,4
89382,4
89383,2
89384,4
89385,2
89386,4
89387,4
89388,4
89389,4
89390,4
89391,4
89392,4
89393,4
89394,2
89395,4
89396,4
89397,2
89398,4
89399,4
89400,4
89401,4
89402,4
89403,2
89404,4
89405,4
89406,2
89407,4
89408,4
89409,4
89410,4
89411,4
89412,4
89413,4
89414,4
89415,4
89416,4
89417,4
89418,4
89419,4
89420,4
89421,4
89422,4
89423,4
89424,4
89425,4
89426,4
89427,4
89428,4
89429,4
89430,4
89431,4
89432,4
89433,4
89434,4
89435,4
89436,4
89437,4
89438,4
89439,4
89440,4
89441,4
89442,4
89443,2
89444,4
89445,4
89446,4
89447,4
89448,4
89449,4
89450,4
89451,4
89452,2
89453,4
89454,4
89455,4
89456,2
89457,4
89458,4
89459,4
89460,4
89461,4
89462,4
89463,4
89464,4
89465,4
89466,4
89467,4
89468,0
89469,4
89470,4
89471,4
89472,4
89473,4
89474,4
89475,4
89476,4
89477,4
89478,2
89479,4
89480,4
89481,4
89482,4
89483,2
89484,4
89485,4
89486,2
89487,4
89488,4
89489,4
89490,2
89491,4
89492,4
89493,4
89494,4
89495,4
89496,4
89497,4
89498,4
89499,4
89500,5
89501,0
89502,2
89503,0
89504,4
89505,2
89506,2
89507,4
89508,4
89509,2
89510,2
89511,4
89512,5
89513,4
89514,4
89515,4
89516,2
89517,4
89518,4
89519,2
89520,2
89521,2
89522,0
89523,4
89524,4
89525,2
89526,4
89527,4
89528,2
89529,4
89530,4
89531,2
89532,4
89533,4
89534,4
89535,4
89536,4
89537,4
89538,4
89539,4
89540,2
89541,4
89542,2
89543,4
89544,4
89545,4
89546,4
89547,4
89548,4
89549,2
89550,4
89551,4
89552,4
89553,4
89554,4
89555,4
89556,4
89557,4
89558,4
89559,4
89560,2
89561,4
89562,4
89563,2
89564,4
89565,4
89566,4
89567,4
89568,4
89569,4
89570,2
89571,2
89572,4
89573,4
89574,4
89575,4
89576,4
89577,4
89578,2
89579,4
89580,4
89581,4
89582,4
89583,4
89584,4
89585,4
89586,4
89587,2
89588,4
89589,4
89590,4
89591,4
89592,4
89593,4
89594,4
89595,4
89596,4
89597,4
89598,4
89599,4
89600,4
89601,4
89602,4
89603,4
89604,4
89605,2
89606,2
89607,2
89608,4
89609,4
89610,4
89611,0
89612,4
89613,2
89614,4
89615,4
89616,4
89617,4
89618,4
89619,4
89620,4
89621,2
89622,4
89623,2
89624,4
89625,4
89626,4
89627,4
89628,4
89629,4
89630,2
89631,4
89632,4
89633,4
89634,4
89635,4
89636,2
89637,4
89638,4
89639,2
89640,4
89641,4
89642,4
89643,4
89644,4
89645,4
89646,4
89647,2
89648,2
89649,2
89650,4
89651,2
89652,4
89653,4
89654,4
89655,4
89656,4
89657,4
89658,4
89659,2
89660,4
89661,4
89662,4
89663,4
89664,4
89665,4
89666,4
89667,2
89668,4
89669,4
89670,4
89671,4
89672,4
89673,4
89674,2
89675,2
89676,2
89677,4
89678,4
89679,4
89680,4
89681,2
89682,4
89683,4
89684,4
89685,4
89686,4
89687,2
89688,4
89689,2
89690,4
89691,4
89692,4
89693,4
89694,4
89695,4
89696,4
89697,4
89698,2
89699,4
89700,2
89701,4
89702,4
89703,4
89704,2
89705,4
89706,4
89707,2
89708,4
89709,4
89710,4
89711,4
89712,4
89713,4
89714,4
89715,4
89716,2
89717,4
89718,4
89719,2
89720,4
89721,2
89722,4
89723,4
89724,2
89725,4
89726,4
89727,4
89728,4
89729,2
89730,4
89731,4
89732,4
89733,4
89734,4
89735,4
89736,4
89737,4
89738,4
89739,2
89740,4
89741,4
89742,4
89743,2
89744,4
89745,4
89746,4
89747,4
89748,4
89749,4
89750,4
89751,4
89752,2
89753,4
89754,4
89755,2
89756,4
89757,2
89758,4
89759,2
89760,4
89761,4
89762,4
89763,2
89764,4
89765,4
89766,2
89767,4
89768,4
89769,4
89770,4
89771,4
89772,2
89773,4
89774,2
89775,4
89776,4
89777,4
89778,4
89779,2
89780,4
89781,4
89782,4
89783,4
89784,4
89785,4
89786,4
89787,4
89788,2
89789,4
89790,4
89791,4
89792,2
89793,4
89794,4
89795,4
89796,2
89797,2
89798,4
89799,2
89800,2
89801,2
89802,2
89803,2
89804,2
89805,2
89806,2
89807,4
89808,2
89809,4
89810,4
89811,2
89812,2
89813,4
89814,2
89815,2
89816,2
89817,4
89818,4
89819,2
89820,4
89821,4
89822,2
89823,2
89824,4
89825,4
89826,4
89827,2
89828,2
89829,4
89830,4
89831,2
89832,2
89833,2
89834,4
89835,2
89836,4
89837,4
89838,4
89839,4
89840,2
89841,2
89842,2
89843,2
89844,2
89845,2
89846,4
89847,2
89848,2
89849,2
89850,4
89851,2
89852,2
89853,2
89854,2
89855,2
89856,2
89857,2
89858,4
89859,4
89860,2
89861,2
89862,4
89863,4
89864,2
89865,2
89866,2
89867,4
89868,2
89869,2
89870,2
89871,2
89872,2
89873,4
89874,2
89875,2
89876,4
89877,4
89878,4
89879,2
89880,4
89881,2
89882,4
89883,4
89884,2
89885,2
89886,2
89887,4
89888,2
89889,2
89890,4
89891,2
89892,4
89893,4
89894,4
89895,2
89896,4
89897,2
89898,2
89899,2
89900,2
89901,2
89902,2
89903,2
89904,2
89905,2
89906,2
89907,2
89908,2
89909,4
89910,2
89911,4
89912,2
89913,2
89914,2
89915,2
89916,4
89917,2
89918,2
89919,2
89920,2
89921,2
89922,2
89923,2
89924,2
89925,2
89926,4
89927,2
89928,2
89929,2
89930,2
89931,2
89932,2
89933,2
89934,2
89935,2
89936,2
89937,2
89938,2
89939,2
89940,2
89941,2
89942,2
89943,4
89944,2
89945,2
89946,2
89947,2
89948,4
89949,2
89950,2
89951,2
89952,4
89953,2
89954,2
89955,2
89956,2
89957,2
89958,2
89959,2
89960,4
89961,4
89962,4
89963,4
89964,4
89965,4
89966,4
89967,4
89968,4
89969,4
89970,4
89971,4
89972,4
89973,4
89974,4
89975,4
89976,4
89977,4
89978,4
89979,4
89980,4
89981,4
89982,2
89983,4
89984,4
89985,4
89986,4
89987,4
89988,4
89989,4
89990,4
89991,4
89992,4
89993,4
89994,4
89995,4
89996,4
89997,4
89998,4
89999,2
90000,4
90001,4
90002,4
90003,4
90004,2
90005,4
90006,4
90007,4
90008,4
90009,4
90010,4
90011,4
90012,4
90013,4
90014,4
90015,4
90016,4
90017,4
90018,4
90019,4
90020,4
90021,4
90022,4
90023,4
90024,4
90025,4
90026,4
90027,4
90028,4
90029,4
90030,4
90031,2
90032,2
90033,4
90034,4
90035,4
90036,4
90037,4
90038,4
90039,4
90040,4
90041,4
90042,4
90043,4
90044,2
90045,4
90046,4
90047,4
90048,4
90049,1
90050,4
90051,4
90052,4
90053,4
90054,4
90055,4
90056,4
90057,4
90058,4
90059,2
90060,2
90061,5
90062,4
90063,0
90064,5
90065,4
90066,4
90067,2
90068,4
90069,4
90070,4
90071,2
90072,2
90073,4
90074,2
90075,4
90076,4
90077,4
90078,4
90079,4
90080,4
90081,2
90082,4
90083,4
90084,4
90085,2
90086,4
90087,4
90088,2
90089,4
90090,4
90091,4
90092,4
90093,4
90094,4
90095,4
90096,4
90097,4
90098,4
90099,4
90100,2
90101,4
90102,2
90103,4
90104,4
90105,4
90106,5
90107,4
90108,4
90109,4
90110,0
90111,2
90112,4
90113,4
90114,4
90115,4
90116,4
90117,2
90118,2
90119,4
90120,2
90121,0
90122,4
90123,4
90124,0
90125,2
90126,2
90127,4
90128,0
90129,4
90130,2
90131,4
90132,4
90133,2
90134,5
90135,4
90136,4
90137,4
90138,4
90139,2
90140,4
90141,4
90142,4
90143,4
90144,4
90145,0
90146,4
90147,2
90148,2
90149,0
90150,4
90151,4
90152,4
90153,4
90154,4
90155,4
90156,4
90157,4
90158,4
90159,4
90160,4
90161,4
90162,4
90163,2
90164,2
90165,4
90166,4
90167,4
90168,4
90169,4
90170,4
90171,4
90172,4
90173,4
90174,2
90175,4
90176,4
90177,2
90178,4
90179,4
90180,4
90181,4
90182,4
90183,2
90184,4
90185,2
90186,4
90187,4
90188,2
90189,4
90190,4
90191,4
90192,2
90193,2
90194,4
90195,2
90196,2
90197,4
90198,4
90199,4
90200,4
90201,4
90202,4
90203,2
90204,4
90205,4
90206,4
90207,4
90208,4
90209,2
90210,4
90211,4
90212,2
90213,4
90214,4
90215,4
90216,4
90217,2
90218,4
90219,2
90220,4
90221,4
90222,4
90223,2
90224,2
90225,2
90226,2
90227,2
90228,2
90229,2
90230,2
90231,2
90232,2
90233,4
90234,4
90235,2
90236,2
90237,4
90238,2
90239,2
90240,4
90241,4
90242,2
90243,2
90244,2
90245,2
90246,2
90247,4
90248,2
90249,2
90250,4
90251,2
90252,4
90253,2
90254,4
90255,4
90256,4
90257,2
90258,2
90259,2
90260,2
90261,4
90262,4
90263,4
90264,4
90265,4
90266,2
90267,4
90268,4
90269,2
90270,2
90271,2
90272,4
90273,2
90274,4
90275,0
90276,2
90277,2
90278,2
90279,2
90280,4
90281,4
90282,4
90283,4
90284,2
90285,4
90286,4
90287,4
90288,2
90289,2
90290,4
90291,4
90292,2
90293,2
90294,4
90295,4
90296,2
90297,2
90298,2
90299,4
90300,2
90301,2
90302,4
90303,4
90304,4
90305,4
90306,2
90307,2
90308,2
90309,2
90310,2
90311,4
90312,2
90313,2
90314,2
90315,2
90316,2
90317,4
90318,2
90319,4
90320,2
90321,4
90322,2
90323,2
90324,4
90325,4
90326,2
90327,2
90328,4
90329,4
90330,4
90331,4
90332,4
90333,4
90334,2
90335,4
90336,2
90337,2
90338,2
90339,2
90340,4
90341,4
90342,4
90343,4
90344,4
90345,2
90346,2
90347,2
90348,4
90349,4
90350,4
90351,4
90352,2
90353,2
90354,4
90355,2
90356,4
90357,2
90358,4
90359,2
90360,4
90361,2
90362,2
90363,4
90364,4
90365,2
90366,4
90367,4
90368,2
90369,2
90370,2
90371,2
90372,2
90373,2
90374,2
90375,2
90376,5
90377,2
90378,2
90379,2
90380,2
90381,2
90382,5
90383,2
90384,2
90385,2
90386,2
90387,2
90388,5
90389,2
90390,4
90391,2
90392,2
90393,2
90394,2
90395,2
90396,2
90397,2
90398,2
90399,4
90400,2
90401,2
90402,2
90403,2
90404,4
90405,4
90406,2
90407,2
90408,2
90409,5
90410,2
90411,2
90412,2
90413,2
90414,2
90415,2
90416,2
90417,2
90418,2
90419,2
90420,2
90421,2
90422,4
90423,0
90424,2
90425,4
90426,4
90427,4
90428,4
90429,2
90430,4
90431,2
90432,0
90433,2
90434,2
90435,2
90436,2
90437,0
90438,2
90439,2
90440,2
90441,2
90442,2
90443,2
90444,2
90445,4
90446,4
90447,4
90448,2
90449,2
90450,2
90451,2
90452,4
90453,4
90454,2
90455,2
90456,2
90457,2
90458,4
90459,2
90460,2
90461,4
90462,2
90463,4
90464,4
90465,0
90466,2
90467,2
90468,2
90469,4
90470,2
90471,2
90472,2
90473,2
90474,2
90475,2
90476,5
90477,2
90478,2
90479,2
90480,2
90481,2
90482,2
90483,2
90484,2
90485,2
90486,2
90487,2
90488,2
90489,2
90490,4
90491,2
90492,2
90493,2
90494,2
90495,2
90496,2
90497,2
90498,2
90499,4
90500,4
90501,4
90502,2
90503,2
90504,2
90505,4
90506,4
90507,4
90508,4
90509,4
90510,4
90511,4
90512,4
90513,4
90514,4
90515,4
90516,4
90517,2
90518,4
90519,0
90520,4
90521,4
90522,4
90523,4
90524,4
90525,4
90526,4
90527,4
90528,2
90529,4
90530,4
90531,2
90532,4
90533,4
90534,4
90535,4
90536,4
90537,4
90538,2
90539,4
90540,4
90541,4
90542,4
90543,4
90544,4
90545,4
90546,4
90547,4
90548,4
90549,4
90550,4
90551,4
90552,4
90553,4
90554,4
90555,4
90556,4
90557,4
90558,2
90559,4
90560,4
90561,4
90562,4
90563,4
90564,4
90565,4
90566,4
90567,4
90568,4
90569,4
90570,4
90571,2
90572,4
90573,4
90574,4
90575,4
90576,4
90577,4
90578,4
90579,4
90580,4
90581,2
90582,2
90583,4
90584,4
90585,4
90586,4
90587,4
90588,4
90589,4
90590,4
90591,2
90592,4
90593,4
90594,2
90595,2
90596,2
90597,2
90598,4
90599,4
90600,2
90601,4
90602,2
90603,2
90604,4
90605,4
90606,4
90607,4
90608,4
90609,2
90610,0
90611,2
90612,4
90613,4
90614,4
90615,2
90616,4
90617,4
90618,4
90619,4
90620,2
90621,4
90622,4
90623,4
90624,2
90625,2
90626,2
90627,4
90628,4
90629,2
90630,4
90631,2
90632,4
90633,4
90634,2
90635,4
90636,2
90637,4
90638,4
90639,4
90640,2
90641,4
90642,2
90643,4
90644,2
90645,2
90646,2
90647,4
90648,4
90649,2
90650,2
90651,2
90652,2
90653,2
90654,2
90655,4
90656,2
90657,2
90658,4
90659,2
90660,4
90661,4
90662,4
90663,2
90664,4
90665,2
90666,2
90667,2
90668,4
90669,2
90670,4
90671,2
90672,4
90673,2
90674,2
90675,4
90676,4
90677,2
90678,4
90679,2
90680,2
90681,2
90682,2
90683,2
90684,2
90685,4
90686,4
90687,2
90688,4
90689,4
90690,2
90691,2
90692,2
90693,2
90694,2
90695,2
90696,2
90697,2
90698,2
90699,4
90700,2
90701,2
90702,2
90703,2
90704,2
90705,2
90706,2
90707,2
90708,2
90709,4
90710,2
90711,2
90712,2
90713,2
90714,2
90715,2
90716,2
90717,2
90718,2
90719,2
90720,2
90721,2
90722,2
90723,2
90724,2
90725,2
90726,2
90727,2
90728,2
90729,2
90730,2
90731,2
90732,2
90733,4
90734,2
90735,2
90736,2
90737,2
90738,2
90739,2
90740,4
90741,2
90742,2
90743,2
90744,2
90745,2
90746,2
90747,2
90748,2
90749,2
90750,2
90751,2
90752,2
90753,2
90754,2
90755,2
90756,2
90757,2
90758,2
90759,2
90760,2
90761,2
90762,2
90763,2
90764,2
90765,4
90766,2
90767,2
90768,2
90769,2
90770,2
90771,2
90772,2
90773,2
90774,2
90775,2
90776,2
90777,2
90778,4
90779,2
90780,2
90781,2
90782,2
90783,2
90784,2
90785,2
90786,2
90787,2
90788,2
90789,4
90790,2
90791,2
90792,2
90793,2
90794,2
90795,2
90796,2
90797,2
90798,2
90799,2
90800,4
90801,2
90802,2
90803,2
90804,2
90805,4
90806,2
90807,4
90808,4
90809,2
90810,2
90811,2
90812,2
90813,2
90814,2
90815,2
90816,2
90817,2
90818,2
90819,2
90820,2
90821,2
90822,2
90823,2
90824,2
90825,2
90826,2
90827,4
90828,2
90829,2
90830,2
90831,2
90832,2
90833,4
90834,2
90835,2
90836,4
90837,4
90838,2
90839,2
90840,2
90841,2
90842,2
90843,2
90844,2
90845,2
90846,2
90847,2
90848,2
90849,2
90850,2
90851,2
90852,2
90853,2
90854,2
90855,2
90856,2
90857,2
90858,2
90859,2
90860,2
90861,2
90862,2
90863,2
90864,2
90865,2
90866,2
90867,2
90868,2
90869,2
90870,2
90871,2
90872,2
90873,4
90874,2
90875,2
90876,4
90877,2
90878,2
90879,4
90880,2
90881,2
90882,2
90883,4
90884,2
90885,2
90886,2
90887,2
90888,2
90889,2
90890,2
90891,2
90892,2
90893,2
90894,2
90895,4
90896,2
90897,2
90898,2
90899,2
90900,2
90901,2
90902,2
90903,4
90904,2
90905,2
90906,2
90907,4
90908,2
90909,2
90910,0
90911,2
90912,2
90913,2
90914,4
90915,4
90916,4
90917,2
90918,2
90919,2
90920,2
90921,2
90922,2
90923,2
90924,2
90925,2
90926,2
90927,2
90928,2
90929,2
90930,2
90931,2
90932,2
90933,2
90934,2
90935,2
90936,2
90937,2
90938,4
90939,2
90940,2
90941,2
90942,2
90943,2
90944,2
90945,2
90946,2
90947,2
90948,2
90949,2
90950,2
90951,4
90952,4
90953,0
90954,2
90955,2
90956,2
90957,4
90958,2
90959,2
90960,2
90961,2
90962,2
90963,4
90964,2
90965,2
90966,2
90967,2
90968,2
90969,2
90970,2
90971,2
90972,2
90973,2
90974,2
90975,2
90976,2
90977,2
90978,2
90979,2
90980,2
90981,4
90982,4
90983,2
90984,2
90985,2
90986,2
90987,4
90988,2
90989,4
90990,2
90991,2
90992,2
90993,4
90994,2
90995,2
90996,2
90997,2
90998,2
90999,4
91000,4
91001,4
91002,2
91003,4
91004,2
91005,4
91006,4
91007,0
91008,2
91009,2
91010,2
91011,4
91012,4
91013,2
91014,2
91015,2
91016,2
91017,4
91018,4
91019,2
91020,2
91021,2
91022,2
91023,2
91024,2
91025,2
91026,2
91027,2
91028,2
91029,2
91030,2
91031,2
91032,2
91033,2
91034,2
91035,2
91036,2
91037,2
91038,2
91039,2
91040,2
91041,2
91042,4
91043,4
91044,4
91045,2
91046,2
91047,2
91048,2
91049,2
91050,4
91051,2
91052,4
91053,2
91054,4
91055,4
91056,2
91057,2
91058,2
91059,2
91060,2
91061,2
91062,2
91063,2
91064,2
91065,2
91066,2
91067,5
91068,2
91069,2
91070,2
91071,2
91072,2
91073,2
91074,4
91075,4
91076,2
91077,4
91078,4
91079,4
91080,2
91081,4
91082,2
91083,2
91084,2
91085,4
91086,2
91087,2
91088,4
91089,4
91090,2
91091,2
91092,2
91093,4
91094,2
91095,2
91096,4
91097,2
91098,4
91099,4
91100,4
91101,2
91102,2
91103,2
91104,4
91105,2
91106,2
91107,2
91108,2
91109,2
91110,2
91111,4
91112,2
91113,4
91114,2
91115,4
91116,4
91117,2
91118,2
91119,2
91120,2
91121,2
91122,2
91123,4
91124,4
91125,2
91126,4
91127,2
91128,2
91129,2
91130,2
91131,4
91132,2
91133,2
91134,4
91135,2
91136,4
91137,2
91138,2
91139,2
91140,2
91141,4
91142,2
91143,2
91144,2
91145,2
91146,4
91147,2
91148,2
91149,2
91150,2
91151,2
91152,4
91153,4
91154,2
91155,2
91156,4
91157,2
91158,2
91159,2
91160,2
91161,2
91162,2
91163,2
91164,4
91165,2
91166,4
91167,2
91168,2
91169,2
91170,2
91171,2
91172,2
91173,2
91174,2
91175,4
91176,2
91177,2
91178,4
91179,2
91180,2
91181,2
91182,2
91183,4
91184,4
91185,2
91186,2
91187,2
91188,2
91189,2
91190,5
91191,2
91192,2
91193,2
91194,4
91195,2
91196,2
91197,2
91198,2
91199,2
91200,4
91201,2
91202,2
91203,2
91204,2
91205,2
91206,2
91207,2
91208,2
91209,2
91210,2
91211,2
91212,4
91213,2
91214,2
91215,2
91216,2
91217,2
91218,2
91219,2
91220,2
91221,2
91222,2
91223,2
91224,2
91225,2
91226,2
91227,2
91228,4
91229,2
91230,0
91231,2
91232,2
91233,4
91234,2
91235,2
91236,2
91237,2
91238,2
91239,2
91240,2
91241,5
91242,2
91243,4
91244,4
91245,2
91246,2
91247,2
91248,2
91249,2
91250,2
91251,2
91252,2
91253,2
91254,2
91255,4
91256,2
91257,2
91258,4
91259,2
91260,2
91261,2
91262,4
91263,2
91264,2
91265,2
91266,2
91267,2
91268,4
91269,2
91270,2
91271,2
91272,4
91273,2
91274,2
91275,2
91276,2
91277,4
91278,2
91279,2
91280,2
91281,2
91282,2
91283,2
91284,2
91285,2
91286,2
91287,2
91288,2
91289,2
91290,2
91291,2
91292,2
91293,2
91294,2
91295,2
91296,2
91297,2
91298,2
91299,2
91300,2
91301,2
91302,2
91303,2
91304,2
91305,2
91306,2
91307,2
91308,2
91309,4
91310,4
91311,4
91312,4
91313,4
91314,4
91315,4
91316,4
91317,4
91318,4
91319,4
91320,4
91321,4
91322,1
91323,4
91324,4
91325,4
91326,4
91327,4
91328,4
91329,4
91330,4
91331,4
91332,4
91333,2
91334,4
91335,4
91336,4
91337,2
91338,4
91339,4
91340,4
91341,4
91342,4
91343,4
91344,4
91345,4
91346,2
91347,4
91348,4
91349,4
91350,4
91351,2
91352,2
91353,4
91354,2
91355,4
91356,4
91357,4
91358,4
91359,2
91360,4
91361,4
91362,4
91363,4
91364,2
91365,4
91366,2
91367,4
91368,4
91369,4
91370,4
91371,4
91372,4
91373,4
91374,4
91375,4
91376,4
91377,4
91378,4
91379,4
91380,4
91381,4
91382,4
91383,4
91384,4
91385,4
91386,4
91387,4
91388,4
91389,4
91390,4
91391,4
91392,4
91393,4
91394,2
91395,4
91396,2
91397,4
91398,4
91399,2
91400,4
91401,4
91402,4
91403,4
91404,2
91405,4
91406,4
91407,4
91408,4
91409,4
91410,4
91411,4
91412,4
91413,4
91414,4
91415,2
91416,4
91417,4
91418,4
91419,4
91420,4
91421,2
91422,4
91423,4
91424,4
91425,4
91426,4
91427,4
91428,4
91429,4
91430,4
91431,4
91432,2
91433,4
91434,4
91435,4
91436,4
91437,4
91438,4
91439,4
91440,4
91441,2
91442,4
91443,4
91444,4
91445,4
91446,4
91447,4
91448,1
91449,2
91450,4
91451,4
91452,4
91453,4
91454,4
91455,4
91456,4
91457,4
91458,4
91459,4
91460,4
91461,2
91462,2
91463,4
91464,4
91465,4
91466,4
91467,4
91468,4
91469,4
91470,4
91471,4
91472,4
91473,4
91474,4
91475,4
91476,4
91477,4
91478,4
91479,4
91480,4
91481,2
91482,4
91483,4
91484,2
91485,4
91486,4
91487,4
91488,4
91489,4
91490,4
91491,4
91492,4
91493,4
91494,4
91495,2
91496,4
91497,4
91498,4
91499,4
91500,2
91501,2
91502,2
91503,2
91504,2
91505,4
91506,2
91507,5
91508,4
91509,2
91510,4
91511,2
91512,4
91513,2
91514,2
91515,4
91516,4
91517,4
91518,4
91519,2
91520,4
91521,2
91522,4
91523,0
91524,4
91525,4
91526,4
91527,2
91528,4
91529,4
91530,4
91531,4
91532,2
91533,4
91534,4
91535,4
91536,2
91537,4
91538,4
91539,4
91540,2
91541,2
91542,4
91543,2
91544,0
91545,4
91546,4
91547,4
91548,4
91549,4
91550,4
91551,4
91552,4
91553,4
91554,4
91555,4
91556,4
91557,4
91558,4
91559,4
91560,2
91561,4
91562,2
91563,2
91564,2
91565,2
91566,4
91567,4
91568,4
91569,2
91570,4
91571,4
91572,4
91573,2
91574,4
91575,2
91576,2
91577,2
91578,4
91579,4
91580,4
91581,4
91582,4
91583,4
91584,4
91585,2
91586,4
91587,4
91588,2
91589,2
91590,4
91591,2
91592,2
91593,2
91594,4
91595,4
91596,4
91597,4
91598,2
91599,4
91600,4
91601,2
91602,2
91603,4
91604,4
91605,4
91606,2
91607,4
91608,2
91609,2
91610,4
91611,2
91612,4
91613,2
91614,2
91615,2
91616,4
91617,2
91618,2
91619,2
91620,2
91621,2
91622,4
91623,2
91624,2
91625,2
91626,2
91627,2
91628,4
91629,2
91630,2
91631,2
91632,2
91633,2
91634,2
91635,4
91636,4
91637,4
91638,2
91639,4
91640,4
91641,4
91642,4
91643,4
91644,4
91645,4
91646,4
91647,4
91648,2
91649,4
91650,2
91651,4
91652,4
91653,4
91654,2
91655,4
91656,2
91657,2
91658,4
91659,4
91660,2
91661,2
91662,2
91663,2
91664,2
91665,2
91666,2
91667,2
91668,2
91669,4
91670,2
91671,4
91672,4
91673,4
91674,4
91675,4
91676,4
91677,2
91678,4
91679,2
91680,2
91681,2
91682,2
91683,2
91684,2
91685,2
91686,2
91687,4
91688,4
91689,2
91690,2
91691,2
91692,2
91693,2
91694,2
91695,2
91696,2
91697,2
91698,2
91699,4
91700,2
91701,2
91702,4
91703,2
91704,2
91705,4
91706,2
91707,2
91708,2
91709,4
91710,4
91711,4
91712,4
91713,2
91714,2
91715,4
91716,2
91717,2
91718,2
91719,0
91720,2
91721,2
91722,2
91723,2
91724,2
91725,4
91726,2
91727,2
91728,4
91729,2
91730,2
91731,2
91732,2
91733,4
91734,2
91735,4
91736,2
91737,2
91738,2
91739,2
91740,2
91741,2
91742,0
91743,2
91744,2
91745,2
91746,2
91747,5
91748,2
91749,2
91750,2
91751,2
91752,2
91753,2
91754,2
91755,2
91756,2
91757,2
91758,2
91759,2
91760,2
91761,2
91762,2
91763,2
91764,2
91765,2
91766,2
91767,2
91768,2
91769,2
91770,2
91771,2
91772,4
91773,2
91774,0
91775,4
91776,2
91777,2
91778,2
91779,2
91780,2
91781,2
91782,2
91783,2
91784,2
91785,2
91786,2
91787,2
91788,4
91789,2
91790,2
91791,2
91792,2
91793,4
91794,2
91795,2
91796,4
91797,2
91798,2
91799,2
91800,2
91801,2
91802,2
91803,2
91804,2
91805,2
91806,2
91807,2
91808,2
91809,2
91810,4
91811,2
91812,2
91813,4
91814,4
91815,2
91816,2
91817,2
91818,2
91819,2
91820,2
91821,2
91822,2
91823,2
91824,2
91825,2
91826,2
91827,2
91828,4
91829,2
91830,2
91831,2
91832,2
91833,2
91834,2
91835,2
91836,2
91837,2
91838,2
91839,2
91840,2
91841,2
91842,2
91843,2
91844,4
91845,2
91846,2
91847,2
91848,5
91849,2
91850,2
91851,2
91852,2
91853,2
91854,2
91855,2
91856,4
91857,2
91858,2
91859,2
91860,2
91861,2
91862,2
91863,2
91864,2
91865,2
91866,4
91867,2
91868,5
91869,2
91870,4
91871,4
91872,4
91873,2
91874,4
91875,2
91876,2
91877,5
91878,2
91879,4
91880,4
91881,4
91882,2
91883,2
91884,4
91885,4
91886,4
91887,2
91888,4
91889,2
91890,2
91891,2
91892,2
91893,2
91894,2
91895,2
91896,4
91897,2
91898,2
91899,4
91900,2
91901,2
91902,2
91903,4
91904,2
91905,2
91906,4
91907,4
91908,2
91909,2
91910,2
91911,2
91912,2
91913,2
91914,4
91915,2
91916,2
91917,2
91918,2
91919,2
91920,2
91921,2
91922,2
91923,2
91924,2
91925,2
91926,4
91927,2
91928,2
91929,4
91930,4
91931,2
91932,2
91933,2
91934,2
91935,2
91936,4
91937,2
91938,2
91939,2
91940,2
91941,2
91942,2
91943,2
91944,2
91945,2
91946,2
91947,2
91948,2
91949,2
91950,2
91951,2
91952,2
91953,2
91954,2
91955,4
91956,2
91957,2
91958,2
91959,2
91960,2
91961,4
91962,4
91963,2
91964,4
91965,2
91966,2
91967,4
91968,4
91969,2
91970,2
91971,2
91972,2
91973,2
91974,2
91975,2
91976,2
91977,2
91978,2
91979,2
91980,2
91981,4
91982,2
91983,4
91984,2
91985,2
91986,2
91987,2
91988,2
91989,2
91990,2
91991,2
91992,2
91993,2
91994,2
91995,2
91996,2
91997,4
91998,2
91999,2
92000,2
92001,2
92002,2
92003,4
92004,2
92005,4
92006,4
92007,2
92008,2
92009,2
92010,4
92011,2
92012,4
92013,4
92014,2
92015,4
92016,2
92017,4
92018,4
92019,2
92020,2
92021,2
92022,2
92023,2
92024,4
92025,4
92026,2
92027,2
92028,2
92029,2
92030,2
92031,2
92032,4
92033,2
92034,2
92035,2
92036,2
92037,2
92038,2
92039,2
92040,2
92041,2
92042,2
92043,2
92044,2
92045,2
92046,2
92047,2
92048,2
92049,4
92050,4
92051,4
92052,2
92053,2
92054,2
92055,2
92056,2
92057,2
92058,2
92059,2
92060,2
92061,2
92062,2
92063,2
92064,5
92065,2
92066,2
92067,2
92068,2
92069,2
92070,2
92071,2
92072,2
92073,2
92074,2
92075,2
92076,2
92077,2
92078,4
92079,2
92080,2
92081,2
92082,4
92083,2
92084,2
92085,2
92086,2
92087,4
92088,2
92089,2
92090,2
92091,2
92092,4
92093,2
92094,4
92095,2
92096,2
92097,2
92098,2
92099,2
92100,2
92101,2
92102,4
92103,4
92104,2
92105,4
92106,2
92107,2
92108,2
92109,2
92110,2
92111,4
92112,2
92113,2
92114,2
92115,2
92116,2
92117,2
92118,2
92119,2
92120,2
92121,2
92122,2
92123,4
92124,2
92125,2
92126,4
92127,4
92128,4
92129,2
92130,2
92131,2
92132,4
92133,2
92134,2
92135,2
92136,2
92137,2
92138,4
92139,2
92140,2
92141,2
92142,2
92143,2
92144,2
92145,2
92146,2
92147,2
92148,2
92149,2
92150,2
92151,4
92152,2
92153,2
92154,2
92155,4
92156,2
92157,2
92158,2
92159,2
92160,2
92161,4
92162,0
92163,2
92164,2
92165,2
92166,2
92167,2
92168,2
92169,2
92170,2
92171,2
92172,4
92173,4
92174,2
92175,2
92176,4
92177,2
92178,2
92179,4
92180,4
92181,2
92182,2
92183,2
92184,2
92185,2
92186,2
92187,2
92188,2
92189,2
92190,2
92191,2
92192,2
92193,2
92194,2
92195,2
92196,5
92197,2
92198,2
92199,2
92200,2
92201,2
92202,2
92203,4
92204,4
92205,2
92206,2
92207,2
92208,2
92209,2
92210,2
92211,2
92212,2
92213,2
92214,2
92215,4
92216,2
92217,2
92218,2
92219,2
92220,2
92221,2
92222,2
92223,2
92224,2
92225,2
92226,2
92227,4
92228,2
92229,2
92230,2
92231,2
92232,2
92233,4
92234,2
92235,2
92236,2
92237,4
92238,2
92239,2
92240,4
92241,4
92242,2
92243,2
92244,2
92245,2
92246,2
92247,4
92248,4
92249,2
92250,2
92251,2
92252,4
92253,2
92254,2
92255,4
92256,2
92257,4
92258,2
92259,2
92260,4
92261,2
92262,2
92263,2
92264,2
92265,2
92266,2
92267,2
92268,2
92269,4
92270,2
92271,2
92272,2
92273,2
92274,2
92275,2
92276,2
92277,2
92278,4
92279,2
92280,2
92281,2
92282,2
92283,2
92284,2
92285,2
92286,2
92287,2
92288,2
92289,2
92290,2
92291,2
92292,2
92293,2
92294,4
92295,4
92296,4
92297,4
92298,4
92299,4
92300,2
92301,4
92302,4
92303,4
92304,4
92305,4
92306,4
92307,4
92308,4
92309,4
92310,4
92311,4
92312,4
92313,4
92314,4
92315,4
92316,4
92317,2
92318,4
92319,4
92320,4
92321,4
92322,4
92323,4
92324,4
92325,2
92326,4
92327,2
92328,4
92329,4
92330,4
92331,4
92332,4
92333,4
92334,4
92335,4
92336,4
92337,4
92338,4
92339,4
92340,4
92341,2
92342,2
92343,4
92344,4
92345,4
92346,4
92347,4
92348,4
92349,4
92350,4
92351,4
92352,4
92353,2
92354,2
92355,4
92356,4
92357,4
92358,4
92359,4
92360,4
92361,4
92362,4
92363,4
92364,4
92365,4
92366,4
92367,2
92368,2
92369,4
92370,4
92371,2
92372,4
92373,4
92374,4
92375,4
92376,4
92377,4
92378,4
92379,4
92380,4
92381,4
92382,4
92383,4
92384,4
92385,2
92386,2
92387,4
92388,4
92389,4
92390,4
92391,4
92392,4
92393,2
92394,4
92395,4
92396,4
92397,2
92398,4
92399,4
92400,4
92401,2
92402,4
92403,2
92404,4
92405,2
92406,4
92407,4
92408,4
92409,4
92410,4
92411,4
92412,4
92413,2
92414,4
92415,4
92416,4
92417,4
92418,2
92419,4
92420,4
92421,2
92422,2
92423,4
92424,2
92425,4
92426,4
92427,2
92428,4
92429,4
92430,4
92431,4
92432,4
92433,4
92434,2
92435,4
92436,4
92437,4
92438,4
92439,4
92440,4
92441,4
92442,5
92443,4
92444,4
92445,4
92446,4
92447,4
92448,4
92449,4
92450,4
92451,4
92452,4
92453,4
92454,4
92455,4
92456,4
92457,4
92458,4
92459,4
92460,4
92461,4
92462,4
92463,4
92464,4
92465,4
92466,4
92467,4
92468,4
92469,4
92470,4
92471,2
92472,2
92473,4
92474,4
92475,4
92476,4
92477,4
92478,4
92479,4
92480,4
92481,2
92482,2
92483,4
92484,4
92485,4
92486,2
92487,4
92488,4
92489,4
92490,2
92491,4
92492,4
92493,4
92494,4
92495,2
92496,4
92497,4
92498,4
92499,4
92500,4
92501,4
92502,4
92503,4
92504,2
92505,4
92506,4
92507,4
92508,4
92509,4
92510,4
92511,2
92512,4
92513,4
92514,4
92515,4
92516,4
92517,4
92518,4
92519,4
92520,4
92521,4
92522,4
92523,4
92524,4
92525,4
92526,4
92527,4
92528,4
92529,4
92530,4
92531,2
92532,4
92533,4
92534,4
92535,4
92536,4
92537,4
92538,4
92539,4
92540,4
92541,4
92542,4
92543,4
92544,4
92545,4
92546,4
92547,4
92548,4
92549,4
92550,4
92551,2
92552,4
92553,4
92554,4
92555,4
92556,4
92557,4
92558,4
92559,4
92560,4
92561,4
92562,2
92563,2
92564,4
92565,4
92566,4
92567,4
92568,4
92569,2
92570,2
92571,4
92572,2
92573,2
92574,4
92575,4
92576,4
92577,4
92578,4
92579,4
92580,4
92581,4
92582,2
92583,4
92584,4
92585,2
92586,4
92587,4
92588,4
92589,4
92590,4
92591,4
92592,4
92593,4
92594,4
92595,4
92596,4
92597,2
92598,4
92599,4
92600,5
92601,2
92602,2
92603,4
92604,4
92605,4
92606,4
92607,2
92608,4
92609,4
92610,4
92611,4
92612,4
92613,4
92614,4
92615,4
92616,4
92617,4
92618,4
92619,4
92620,4
92621,4
92622,4
92623,4
92624,4
92625,4
92626,2
92627,4
92628,2
92629,4
92630,2
92631,4
92632,4
92633,4
92634,4
92635,2
92636,4
92637,4
92638,2
92639,4
92640,4
92641,5
92642,4
92643,2
92644,2
92645,2
92646,4
92647,4
92648,4
92649,2
92650,5
92651,2
92652,2
92653,4
92654,4
92655,4
92656,4
92657,4
92658,4
92659,4
92660,4
92661,4
92662,4
92663,4
92664,4
92665,4
92666,4
92667,4
92668,4
92669,4
92670,4
92671,4
92672,4
92673,4
92674,4
92675,4
92676,4
92677,0
92678,0
92679,2
92680,2
92681,2
92682,4
92683,4
92684,4
92685,4
92686,4
92687,4
92688,4
92689,4
92690,4
92691,4
92692,4
92693,4
92694,4
92695,4
92696,2
92697,5
92698,4
92699,5
92700,5
92701,4
92702,2
92703,4
92704,2
92705,4
92706,4
92707,4
92708,4
92709,2
92710,2
92711,4
92712,4
92713,4
92714,4
92715,5
92716,4
92717,4
92718,4
92719,2
92720,2
92721,4
92722,4
92723,4
92724,4
92725,4
92726,4
92727,2
92728,4
92729,2
92730,2
92731,4
92732,2
92733,4
92734,2
92735,2
92736,4
92737,4
92738,4
92739,2
92740,2
92741,2
92742,4
92743,4
92744,2
92745,0
92746,2
92747,4
92748,4
92749,2
92750,4
92751,4
92752,4
92753,2
92754,4
92755,4
92756,2
92757,5
92758,4
92759,2
92760,4
92761,4
92762,2
92763,2
92764,4
92765,2
92766,2
92767,2
92768,2
92769,5
92770,2
92771,4
92772,2
92773,4
92774,4
92775,2
92776,4
92777,2
92778,4
92779,4
92780,4
92781,4
92782,4
92783,4
92784,2
92785,4
92786,4
92787,4
92788,4
92789,4
92790,4
92791,2
92792,2
92793,4
92794,4
92795,4
92796,4
92797,4
92798,4
92799,2
92800,4
92801,4
92802,2
92803,4
92804,4
92805,2
92806,4
92807,2
92808,4
92809,2
92810,4
92811,2
92812,4
92813,2
92814,2
92815,2
92816,2
92817,2
92818,4
92819,2
92820,2
92821,2
92822,2
92823,2
92824,2
92825,4
92826,2
92827,2
92828,2
92829,2
92830,2
92831,2
92832,2
92833,4
92834,2
92835,4
92836,2
92837,4
92838,2
92839,2
92840,2
92841,4
92842,2
92843,2
92844,4
92845,4
92846,2
92847,2
92848,4
92849,2
92850,2
92851,2
92852,2
92853,2
92854,4
92855,4
92856,2
92857,4
92858,4
92859,2
92860,2
92861,2
92862,2
92863,2
92864,2
92865,2
92866,2
92867,2
92868,2
92869,2
92870,2
92871,2
92872,2
92873,4
92874,2
92875,2
92876,2
92877,2
92878,2
92879,2
92880,4
92881,2
92882,2
92883,2
92884,4
92885,2
92886,2
92887,2
92888,2
92889,2
92890,2
92891,2
92892,2
92893,2
92894,2
92895,2
92896,2
92897,2
92898,2
92899,4
92900,4
92901,2
92902,2
92903,0
92904,2
92905,2
92906,4
92907,2
92908,2
92909,2
92910,2
92911,2
92912,4
92913,2
92914,2
92915,2
92916,2
92917,0
92918,2
92919,2
92920,2
92921,2
92922,2
92923,2
92924,4
92925,2
92926,2
92927,2
92928,2
92929,4
92930,2
92931,2
92932,2
92933,4
92934,4
92935,2
92936,4
92937,2
92938,2
92939,2
92940,2
92941,2
92942,2
92943,4
92944,4
92945,2
92946,4
92947,2
92948,2
92949,2
92950,2
92951,2
92952,2
92953,2
92954,2
92955,2
92956,2
92957,4
92958,4
92959,2
92960,4
92961,2
92962,2
92963,2
92964,2
92965,2
92966,2
92967,2
92968,2
92969,2
92970,2
92971,4
92972,2
92973,2
92974,2
92975,2
92976,2
92977,2
92978,2
92979,2
92980,2
92981,2
92982,2
92983,2
92984,2
92985,2
92986,2
92987,2
92988,2
92989,2
92990,2
92991,2
92992,2
92993,2
92994,2
92995,2
92996,2
92997,4
92998,4
92999,2
93000,2
93001,2
93002,2
93003,2
93004,2
93005,2
93006,2
93007,2
93008,2
93009,2
93010,2
93011,2
93012,2
93013,2
93014,2
93015,2
93016,2
93017,2
93018,2
93019,2
93020,2
93021,2
93022,2
93023,4
93024,2
93025,2
93026,4
93027,4
93028,2
93029,2
93030,2
93031,4
93032,2
93033,2
93034,2
93035,2
93036,2
93037,2
93038,2
93039,2
93040,2
93041,2
93042,2
93043,2
93044,2
93045,2
93046,2
93047,2
93048,2
93049,2
93050,2
93051,2
93052,2
93053,2
93054,2
93055,2
93056,2
93057,2
93058,2
93059,2
93060,2
93061,2
93062,2
93063,2
93064,5
93065,2
93066,2
93067,2
93068,2
93069,2
93070,2
93071,2
93072,2
93073,2
93074,2
93075,2
93076,2
93077,2
93078,2
93079,4
93080,2
93081,2
93082,2
93083,2
93084,2
93085,2
93086,2
93087,2
93088,2
93089,2
93090,4
93091,2
93092,2
93093,2
93094,2
93095,2
93096,2
93097,2
93098,2
93099,2
93100,4
93101,4
93102,4
93103,2
93104,2
93105,4
93106,2
93107,2
93108,2
93109,2
93110,2
93111,2
93112,2
93113,2
93114,2
93115,2
93116,2
93117,2
93118,2
93119,2
93120,2
93121,2
93122,4
93123,4
93124,2
93125,4
93126,2
93127,4
93128,2
93129,2
93130,2
93131,2
93132,4
93133,2
93134,2
93135,2
93136,2
93137,2
93138,2
93139,2
93140,2
93141,2
93142,4
93143,2
93144,4
93145,2
93146,2
93147,2
93148,2
93149,2
93150,2
93151,4
93152,2
93153,4
93154,4
93155,2
93156,2
93157,2
93158,2
93159,2
93160,2
93161,2
93162,2
93163,2
93164,2
93165,2
93166,2
93167,2
93168,4
93169,2
93170,2
93171,2
93172,2
93173,2
93174,2
93175,2
93176,2
93177,2
93178,2
93179,2
93180,2
93181,4
93182,2
93183,2
93184,2
93185,2
93186,4
93187,2
93188,4
93189,4
93190,2
93191,2
93192,2
93193,2
93194,2
93195,4
93196,4
93197,2
93198,4
93199,2
93200,2
93201,2
93202,4
93203,2
93204,4
93205,4
93206,2
93207,2
93208,4
93209,2
93210,4
93211,4
93212,2
93213,2
93214,2
93215,2
93216,4
93217,2
93218,4
93219,2
93220,2
93221,4
93222,4
93223,4
93224,2
93225,2
93226,4
93227,2
93228,2
93229,2
93230,2
93231,2
93232,4
93233,2
93234,2
93235,2
93236,4
93237,2
93238,2
93239,2
93240,2
93241,2
93242,4
93243,2
93244,2
93245,2
93246,2
93247,4
93248,2
93249,2
93250,2
93251,2
93252,2
93253,4
93254,4
93255,2
93256,2
93257,2
93258,2
93259,2
93260,2
93261,4
93262,4
93263,4
93264,4
93265,4
93266,4
93267,4
93268,4
93269,4
93270,2
93271,2
93272,2
93273,4
93274,4
93275,4
93276,4
93277,4
93278,4
93279,2
93280,4
93281,2
93282,4
93283,4
93284,2
93285,4
93286,4
93287,4
93288,4
93289,4
93290,4
93291,4
93292,4
93293,2
93294,4
93295,2
93296,4
93297,2
93298,2
93299,4
93300,2
93301,4
93302,2
93303,4
93304,4
93305,4
93306,4
93307,2
93308,4
93309,4
93310,4
93311,4
93312,4
93313,2
93314,4
93315,4
93316,4
93317,2
93318,2
93319,4
93320,2
93321,2
93322,4
93323,4
93324,2
93325,4
93326,4
93327,4
93328,2
93329,4
93330,4
93331,4
93332,2
93333,4
93334,4
93335,4
93336,4
93337,4
93338,4
93339,2
93340,4
93341,4
93342,2
93343,4
93344,2
93345,2
93346,2
93347,4
93348,4
93349,4
93350,4
93351,4
93352,4
93353,4
93354,4
93355,4
93356,4
93357,4
93358,4
93359,4
93360,4
93361,4
93362,2
93363,4
93364,4
93365,4
93366,4
93367,2
93368,4
93369,4
93370,4
93371,2
93372,4
93373,4
93374,2
93375,4
93376,4
93377,4
93378,4
93379,4
93380,4
93381,2
93382,4
93383,4
93384,4
93385,4
93386,4
93387,4
93388,4
93389,4
93390,4
93391,4
93392,4
93393,4
93394,4
93395,4
93396,4
93397,4
93398,4
93399,4
93400,4
93401,4
93402,4
93403,4
93404,4
93405,4
93406,4
93407,4
93408,2
93409,4
93410,4
93411,4
93412,2
93413,2
93414,4
93415,4
93416,4
93417,2
93418,4
93419,2
93420,4
93421,4
93422,4
93423,4
93424,4
93425,4
93426,4
93427,2
93428,4
93429,4
93430,4
93431,4
93432,4
93433,4
93434,4
93435,4
93436,4
93437,4
93438,4
93439,4
93440,4
93441,4
93442,4
93443,4
93444,4
93445,2
93446,4
93447,4
93448,4
93449,4
93450,4
93451,4
93452,4
93453,4
93454,4
93455,4
93456,4
93457,2
93458,4
93459,4
93460,1
93461,4
93462,2
93463,4
93464,4
93465,4
93466,4
93467,4
93468,4
93469,4
93470,4
93471,4
93472,2
93473,4
93474,4
93475,4
93476,4
93477,4
93478,4
93479,2
93480,2
93481,0
93482,4
93483,4
93484,4
93485,4
93486,2
93487,4
93488,4
93489,2
93490,4
93491,2
93492,4
93493,4
93494,4
93495,4
93496,4
93497,2
93498,4
93499,4
93500,4
93501,4
93502,4
93503,4
93504,4
93505,4
93506,4
93507,3
93508,4
93509,4
93510,4
93511,4
93512,4
93513,4
93514,2
93515,2
93516,4
93517,4
93518,4
93519,4
93520,2
93521,4
93522,2
93523,4
93524,4
93525,4
93526,4
93527,4
93528,4
93529,4
93530,4
93531,4
93532,4
93533,4
93534,4
93535,4
93536,4
93537,4
93538,4
93539,4
93540,4
93541,4
93542,4
93543,4
93544,4
93545,4
93546,4
93547,2
93548,4
93549,4
93550,2
93551,4
93552,4
93553,4
93554,4
93555,4
93556,4
93557,4
93558,2
93559,4
93560,4
93561,4
93562,4
93563,4
93564,4
93565,4
93566,4
93567,4
93568,4
93569,4
93570,2
93571,4
93572,4
93573,2
93574,4
93575,2
93576,4
93577,4
93578,4
93579,4
93580,4
93581,4
93582,2
93583,4
93584,4
93585,4
93586,4
93587,2
93588,4
93589,4
93590,4
93591,4
93592,4
93593,4
93594,4
93595,4
93596,4
93597,4
93598,4
93599,4
93600,4
93601,4
93602,2
93603,4
93604,0
93605,4
93606,2
93607,4
93608,2
93609,4
93610,4
93611,4
93612,4
93613,4
93614,2
93615,2
93616,4
93617,2
93618,4
93619,4
93620,4
93621,4
93622,1
93623,4
93624,4
93625,4
93626,4
93627,2
93628,4
93629,4
93630,4
93631,4
93632,4
93633,4
93634,4
93635,4
93636,2
93637,4
93638,2
93639,4
93640,4
93641,4
93642,4
93643,4
93644,4
93645,4
93646,4
93647,2
93648,4
93649,4
93650,4
93651,4
93652,4
93653,4
93654,2
93655,4
93656,4
93657,4
93658,2
93659,4
93660,2
93661,4
93662,4
93663,4
93664,4
93665,4
93666,4
93667,2
93668,2
93669,4
93670,4
93671,4
93672,2
93673,4
93674,4
93675,2
93676,4
93677,2
93678,4
93679,4
93680,4
93681,2
93682,4
93683,4
93684,2
93685,4
93686,4
93687,4
93688,4
93689,2
93690,4
93691,4
93692,4
93693,4
93694,4
93695,4
93696,4
93697,4
93698,4
93699,4
93700,4
93701,2
93702,4
93703,4
93704,4
93705,4
93706,4
93707,2
93708,4
93709,4
93710,4
93711,4
93712,4
93713,4
93714,2
93715,2
93716,4
93717,4
93718,4
93719,2
93720,2
93721,4
93722,4
93723,4
93724,2
93725,0
93726,2
93727,4
93728,4
93729,4
93730,4
93731,2
93732,4
93733,4
93734,4
93735,4
93736,4
93737,4
93738,2
93739,4
93740,4
93741,2
93742,4
93743,4
93744,4
93745,4
93746,4
93747,2
93748,2
93749,4
93750,2
93751,4
93752,4
93753,4
93754,4
93755,4
93756,4
93757,4
93758,4
93759,4
93760,2
93761,4
93762,4
93763,4
93764,4
93765,4
93766,4
93767,4
93768,2
93769,4
93770,4
93771,4
93772,4
93773,4
93774,4
93775,4
93776,4
93777,2
93778,4
93779,4
93780,4
93781,4
93782,4
93783,2
93784,4
93785,4
93786,2
93787,4
93788,4
93789,2
93790,4
93791,2
93792,4
93793,4
93794,4
93795,2
93796,2
93797,2
93798,4
93799,4
93800,4
93801,2
93802,2
93803,4
93804,4
93805,2
93806,4
93807,4
93808,4
93809,4
93810,4
93811,4
93812,2
93813,4
93814,4
93815,4
93816,2
93817,2
93818,4
93819,4
93820,4
93821,4
93822,4
93823,2
93824,2
93825,2
93826,2
93827,4
93828,2
93829,4
93830,2
93831,4
93832,2
93833,4
93834,2
93835,4
93836,2
93837,2
93838,2
93839,4
93840,4
93841,2
93842,4
93843,4
93844,4
93845,2
93846,4
93847,2
93848,4
93849,4
93850,2
93851,2
93852,2
93853,2
93854,2
93855,2
93856,2
93857,4
93858,2
93859,4
93860,2
93861,4
93862,4
93863,4
93864,4
93865,4
93866,4
93867,4
93868,4
93869,2
93870,2
93871,4
93872,2
93873,2
93874,4
93875,2
93876,4
93877,4
93878,4
93879,4
93880,4
93881,4
93882,4
93883,2
93884,4
93885,4
93886,2
93887,2
93888,0
93889,2
93890,2
93891,2
93892,2
93893,2
93894,2
93895,2
93896,2
93897,2
93898,2
93899,2
93900,2
93901,2
93902,4
93903,2
93904,4
93905,2
93906,2
93907,4
93908,2
93909,2
93910,2
93911,2
93912,2
93913,4
93914,2
93915,2
93916,4
93917,2
93918,4
93919,2
93920,4
93921,2
93922,4
93923,2
93924,4
93925,2
93926,2
93927,2
93928,2
93929,2
93930,2
93931,2
93932,2
93933,4
93934,2
93935,2
93936,4
93937,2
93938,2
93939,2
93940,4
93941,2
93942,2
93943,2
93944,2
93945,2
93946,2
93947,2
93948,2
93949,2
93950,2
93951,2
93952,2
93953,4
93954,4
93955,2
93956,2
93957,4
93958,0
93959,2
93960,2
93961,2
93962,2
93963,2
93964,2
93965,2
93966,2
93967,2
93968,4
93969,2
93970,2
93971,2
93972,2
93973,2
93974,2
93975,2
93976,4
93977,2
93978,2
93979,2
93980,2
93981,2
93982,2
93983,2
93984,2
93985,2
93986,2
93987,4
93988,2
93989,4
93990,2
93991,2
93992,2
93993,2
93994,2
93995,2
93996,2
93997,2
93998,2
93999,2
94000,2
94001,2
94002,2
94003,4
94004,2
94005,0
94006,2
94007,2
94008,2
94009,2
94010,2
94011,2
94012,2
94013,2
94014,2
94015,2
94016,2
94017,2
94018,2
94019,2
94020,4
94021,4
94022,4
94023,2
94024,2
94025,4
94026,4
94027,4
94028,4
94029,0
94030,2
94031,2
94032,2
94033,2
94034,2
94035,2
94036,2
94037,2
94038,4
94039,2
94040,2
94041,2
94042,4
94043,4
94044,4
94045,2
94046,2
94047,4
94048,2
94049,2
94050,2
94051,2
94052,2
94053,2
94054,4
94055,2
94056,2
94057,2
94058,2
94059,2
94060,5
94061,2
94062,2
94063,2
94064,2
94065,4
94066,2
94067,2
94068,2
94069,2
94070,2
94071,2
94072,2
94073,2
94074,2
94075,2
94076,2
94077,2
94078,4
94079,2
94080,2
94081,2
94082,2
94083,2
94084,2
94085,2
94086,2
94087,2
94088,4
94089,2
94090,2
94091,4
94092,4
94093,2
94094,2
94095,2
94096,2
94097,2
94098,2
94099,2
94100,2
94101,2
94102,2
94103,2
94104,2
94105,2
94106,2
94107,2
94108,2
94109,2
94110,2
94111,4
94112,2
94113,2
94114,2
94115,4
94116,2
94117,2
94118,2
94119,4
94120,2
94121,2
94122,2
94123,2
94124,2
94125,2
94126,2
94127,2
94128,2
94129,4
94130,2
94131,2
94132,2
94133,2
94134,2
94135,2
94136,4
94137,2
94138,2
94139,2
94140,2
94141,2
94142,2
94143,2
94144,2
94145,2
94146,4
94147,2
94148,4
94149,4
94150,2
94151,4
94152,4
94153,2
94154,2
94155,4
94156,4
94157,2
94158,2
94159,4
94160,4
94161,2
94162,2
94163,4
94164,2
94165,4
94166,2
94167,2
94168,2
94169,4
94170,2
94171,2
94172,2
94173,2
94174,2
94175,4
94176,4
94177,2
94178,2
94179,2
94180,2
94181,4
94182,2
94183,2
94184,2
94185,2
94186,2
94187,2
94188,2
94189,2
94190,2
94191,2
94192,2
94193,2
94194,4
94195,2
94196,2
94197,2
94198,2
94199,2
94200,2
94201,4
94202,4
94203,4
94204,2
94205,2
94206,2
94207,2
94208,2
94209,2
94210,4
94211,2
94212,4
94213,2
94214,2
94215,4
94216,2
94217,4
94218,4
94219,2
94220,4
94221,2
94222,4
94223,2
94224,4
94225,4
94226,4
94227,4
94228,4
94229,4
94230,4
94231,2
94232,2
94233,2
94234,4
94235,2
94236,4
94237,5
94238,2
94239,4
94240,4
94241,4
94242,4
94243,4
94244,4
94245,4
94246,4
94247,2
94248,4
94249,2
94250,2
94251,4
94252,2
94253,2
94254,2
94255,2
94256,2
94257,2
94258,2
94259,4
94260,4
94261,4
94262,2
94263,4
94264,4
94265,2
94266,2
94267,2
94268,2
94269,2
94270,4
94271,4
94272,2
94273,4
94274,2
94275,2
94276,2
94277,2
94278,2
94279,2
94280,2
94281,2
94282,4
94283,4
94284,4
94285,2
94286,4
94287,4
94288,4
94289,4
94290,4
94291,4
94292,4
94293,4
94294,2
94295,2
94296,2
94297,4
94298,4
94299,4
94300,2
94301,4
94302,4
94303,2
94304,2
94305,2
94306,4
94307,4
94308,2
94309,2
94310,4
94311,5
94312,4
94313,4
94314,0
94315,2
94316,4
94317,4
94318,4
94319,4
94320,4
94321,4
94322,4
94323,4
94324,4
94325,4
94326,4
94327,4
94328,4
94329,4
94330,4
94331,4
94332,4
94333,4
94334,4
94335,4
94336,4
94337,4
94338,4
94339,0
94340,4
94341,5
94342,2
94343,2
94344,2
94345,2
94346,2
94347,4
94348,4
94349,4
94350,4
94351,4
94352,4
94353,4
94354,4
94355,4
94356,4
94357,2
94358,4
94359,4
94360,0
94361,5
94362,1
94363,4
94364,4
94365,4
94366,4
94367,4
94368,1
94369,4
94370,4
94371,4
94372,4
94373,4
94374,2
94375,2
94376,4
94377,2
94378,4
94379,2
94380,4
94381,2
94382,4
94383,4
94384,2
94385,4
94386,4
94387,4
94388,4
94389,4
94390,2
94391,4
94392,2
94393,2
94394,4
94395,2
94396,2
94397,2
94398,4
94399,2
94400,2
94401,4
94402,2
94403,4
94404,4
94405,4
94406,2
94407,4
94408,2
94409,2
94410,2
94411,4
94412,2
94413,2
94414,4
94415,4
94416,4
94417,2
94418,4
94419,2
94420,2
94421,4
94422,2
94423,2
94424,4
94425,2
94426,4
94427,4
94428,2
94429,2
94430,4
94431,4
94432,2
94433,2
94434,2
94435,4
94436,4
94437,4
94438,2
94439,4
94440,2
94441,2
94442,4
94443,2
94444,4
94445,2
94446,4
94447,2
94448,2
94449,4
94450,4
94451,2
94452,2
94453,2
94454,2
94455,2
94456,4
94457,2
94458,2
94459,2
94460,2
94461,4
94462,4
94463,2
94464,4
94465,2
94466,4
94467,4
94468,2
94469,4
94470,2
94471,2
94472,0
94473,2
94474,4
94475,2
94476,2
94477,2
94478,0
94479,2
94480,2
94481,2
94482,2
94483,2
94484,2
94485,2
94486,2
94487,4
94488,4
94489,2
94490,4
94491,2
94492,2
94493,2
94494,4
94495,2
94496,2
94497,2
94498,2
94499,4
94500,2
94501,2
94502,2
94503,4
94504,4
94505,4
94506,2
94507,2
94508,2
94509,2
94510,2
94511,2
94512,2
94513,2
94514,2
94515,2
94516,2
94517,2
94518,2
94519,2
94520,4
94521,2
94522,4
94523,2
94524,2
94525,2
94526,2
94527,2
94528,2
94529,4
94530,2
94531,2
94532,2
94533,2
94534,2
94535,2
94536,2
94537,2
94538,2
94539,2
94540,2
94541,2
94542,2
94543,4
94544,2
94545,2
94546,2
94547,2
94548,2
94549,2
94550,2
94551,2
94552,2
94553,2
94554,2
94555,2
94556,2
94557,2
94558,2
94559,2
94560,2
94561,2
94562,2
94563,4
94564,2
94565,2
94566,2
94567,2
94568,4
94569,2
94570,2
94571,4
94572,4
94573,2
94574,2
94575,2
94576,4
94577,2
94578,4
94579,2
94580,2
94581,2
94582,2
94583,0
94584,2
94585,2
94586,2
94587,2
94588,2
94589,2
94590,4
94591,2
94592,4
94593,4
94594,2
94595,2
94596,4
94597,4
94598,2
94599,2
94600,2
94601,2
94602,2
94603,2
94604,2
94605,2
94606,2
94607,2
94608,2
94609,2
94610,0
94611,2
94612,2
94613,4
94614,2
94615,4
94616,2
94617,2
94618,2
94619,2
94620,2
94621,2
94622,2
94623,2
94624,2
94625,2
94626,4
94627,4
94628,2
94629,2
94630,2
94631,2
94632,2
94633,2
94634,4
94635,2
94636,4
94637,2
94638,4
94639,4
94640,2
94641,2
94642,4
94643,2
94644,2
94645,2
94646,4
94647,2
94648,4
94649,2
94650,2
94651,2
94652,2
94653,4
94654,2
94655,2
94656,2
94657,2
94658,2
94659,2
94660,4
94661,4
94662,4
94663,4
94664,2
94665,2
94666,2
94667,4
94668,4
94669,2
94670,2
94671,2
94672,2
94673,4
94674,2
94675,4
94676,2
94677,2
94678,4
94679,2
94680,2
94681,4
94682,2
94683,2
94684,2
94685,2
94686,4
94687,2
94688,2
94689,2
94690,2
94691,4
94692,2
94693,4
94694,4
94695,4
94696,2
94697,2
94698,2
94699,2
94700,4
94701,4
94702,2
94703,2
94704,4
94705,2
94706,4
94707,2
94708,2
94709,2
94710,2
94711,4
94712,4
94713,2
94714,2
94715,4
94716,4
94717,2
94718,2
94719,4
94720,2
94721,2
94722,2
94723,2
94724,2
94725,4
94726,4
94727,2
94728,2
94729,4
94730,2
94731,4
94732,4
94733,4
94734,4
94735,2
94736,2
94737,4
94738,2
94739,2
94740,4
94741,2
94742,4
94743,2
94744,2
94745,4
94746,2
94747,2
94748,2
94749,2
94750,2
94751,4
94752,2
94753,2
94754,2
94755,4
94756,4
94757,2
94758,1
94759,2
94760,4
94761,2
94762,2
94763,4
94764,4
94765,2
94766,4
94767,2
94768,2
94769,2
94770,4
94771,2
94772,2
94773,2
94774,4
94775,2
94776,2
94777,4
94778,4
94779,2
94780,2
94781,2
94782,2
94783,2
94784,2
94785,2
94786,4
94787,2
94788,4
94789,4
94790,4
94791,2
94792,4
94793,4
94794,2
94795,0
94796,4
94797,4
94798,2
94799,4
94800,4
94801,4
94802,4
94803,4
94804,4
94805,4
94806,4
94807,4
94808,4
94809,4
94810,0
94811,4
94812,4
94813,4
94814,4
94815,4
94816,4
94817,4
94818,4
94819,4
94820,2
94821,2
94822,4
94823,4
94824,2
94825,2
94826,2
94827,2
94828,2
94829,2
94830,2
94831,2
94832,2
94833,2
94834,4
94835,0
94836,2
94837,2
94838,4
94839,2
94840,4
94841,4
94842,0
94843,4
94844,2
94845,2
94846,2
94847,4
94848,2
94849,2
94850,2
94851,4
94852,4
94853,4
94854,4
94855,2
94856,2
94857,2
94858,4
94859,2
94860,2
94861,4
94862,2
94863,2
94864,4
94865,2
94866,4
94867,4
94868,4
94869,0
94870,4
94871,4
94872,4
94873,4
94874,4
94875,4
94876,2
94877,2
94878,2
94879,4
94880,4
94881,4
94882,4
94883,4
94884,4
94885,4
94886,4
94887,4
94888,2
94889,4
94890,4
94891,4
94892,4
94893,4
94894,2
94895,4
94896,2
94897,4
94898,4
94899,4
94900,4
94901,4
94902,2
94903,4
94904,2
94905,2
94906,2
94907,2
94908,2
94909,2
94910,4
94911,4
94912,4
94913,4
94914,4
94915,2
94916,2
94917,4
94918,2
94919,2
94920,2
94921,4
94922,4
94923,4
94924,4
94925,4
94926,2
94927,2
94928,4
94929,4
94930,4
94931,2
94932,2
94933,2
94934,4
94935,4
94936,4
94937,4
94938,4
94939,4
94940,4
94941,4
94942,4
94943,4
94944,4
94945,4
94946,2
94947,4
94948,2
94949,4
94950,4
94951,4
94952,4
94953,4
94954,4
94955,4
94956,4
94957,4
94958,4
94959,4
94960,4
94961,4
94962,4
94963,4
94964,4
94965,4
94966,4
94967,4
94968,4
94969,4
94970,4
94971,4
94972,4
94973,4
94974,4
94975,4
94976,4
94977,4
94978,4
94979,2
94980,4
94981,4
94982,4
94983,4
94984,4
94985,4
94986,4
94987,4
94988,4
94989,4
94990,4
94991,4
94992,4
94993,2
94994,4
94995,4
94996,4
94997,4
94998,2
94999,4
95000,4
95001,4
95002,4
95003,4
95004,4
95005,4
95006,4
95007,2
95008,2
95009,4
95010,4
95011,4
95012,4
95013,4
95014,2
95015,4
95016,4
95017,4
95018,4
95019,4
95020,4
95021,5
95022,5
95023,5
95024,4
95025,2
95026,2
95027,4
95028,2
95029,4
95030,4
95031,2
95032,4
95033,4
95034,4
95035,2
95036,4
95037,4
95038,4
95039,4
95040,4
95041,2
95042,2
95043,2
95044,2
95045,0
95046,4
95047,2
95048,4
95049,4
95050,4
95051,2
95052,2
95053,2
95054,2
95055,2
95056,2
95057,2
95058,4
95059,4
95060,2
95061,2
95062,4
95063,2
95064,2
95065,2
95066,2
95067,4
95068,2
95069,2
95070,4
95071,2
95072,4
95073,4
95074,2
95075,2
95076,4
95077,4
95078,2
95079,2
95080,2
95081,4
95082,4
95083,2
95084,2
95085,4
95086,4
95087,4
95088,2
95089,2
95090,4
95091,2
95092,4
95093,2
95094,4
95095,2
95096,2
95097,2
95098,2
95099,4
95100,0
95101,2
95102,2
95103,2
95104,4
95105,4
95106,2
95107,4
95108,2
95109,2
95110,2
95111,2
95112,4
95113,2
95114,2
95115,2
95116,4
95117,4
95118,4
95119,4
95120,2
95121,2
95122,2
95123,4
95124,4
95125,4
95126,2
95127,4
95128,2
95129,4
95130,4
95131,4
95132,4
95133,2
95134,2
95135,4
95136,2
95137,2
95138,2
95139,2
95140,2
95141,4
95142,4
95143,2
95144,4
95145,4
95146,4
95147,4
95148,4
95149,4
95150,4
95151,4
95152,4
95153,2
95154,2
95155,2
95156,2
95157,4
95158,2
95159,2
95160,2
95161,2
95162,2
95163,2
95164,2
95165,2
95166,2
95167,2
95168,2
95169,2
95170,2
95171,2
95172,2
95173,2
95174,2
95175,2
95176,2
95177,2
95178,2
95179,2
95180,4
95181,4
95182,2
95183,4
95184,2
95185,2
95186,4
95187,0
95188,2
95189,2
95190,2
95191,2
95192,2
95193,2
95194,4
95195,2
95196,2
95197,2
95198,2
95199,2
95200,2
95201,4
95202,2
95203,2
95204,4
95205,2
95206,4
95207,2
95208,2
95209,2
95210,4
95211,2
95212,4
95213,2
95214,2
95215,4
95216,2
95217,2
95218,2
95219,2
95220,4
95221,2
95222,4
95223,2
95224,2
95225,2
95226,4
95227,4
95228,2
95229,2
95230,2
95231,4
95232,2
95233,4
95234,4
95235,0
95236,0
95237,2
95238,2
95239,2
95240,2
95241,0
95242,2
95243,2
95244,2
95245,2
95246,4
95247,2
95248,2
95249,4
95250,2
95251,2
95252,2
95253,2
95254,2
95255,2
95256,2
95257,2
95258,2
95259,2
95260,2
95261,2
95262,2
95263,2
95264,2
95265,2
95266,4
95267,2
95268,2
95269,2
95270,2
95271,2
95272,2
95273,2
95274,4
95275,2
95276,2
95277,2
95278,4
95279,4
95280,2
95281,4
95282,4
95283,2
95284,2
95285,2
95286,2
95287,2
95288,2
95289,2
95290,2
95291,4
95292,2
95293,4
95294,4
95295,2
95296,2
95297,2
95298,4
95299,2
95300,2
95301,2
95302,2
95303,4
95304,2
95305,4
95306,2
95307,2
95308,2
95309,2
95310,2
95311,2
95312,2
95313,2
95314,2
95315,2
95316,2
95317,2
95318,2
95319,2
95320,4
95321,4
95322,2
95323,2
95324,2
95325,2
95326,2
95327,4
95328,2
95329,2
95330,2
95331,2
95332,4
95333,2
95334,2
95335,2
95336,2
95337,2
95338,2
95339,4
95340,2
95341,2
95342,2
95343,2
95344,2
95345,4
95346,4
95347,2
95348,2
95349,2
95350,2
95351,2
95352,2
95353,2
95354,2
95355,2
95356,2
95357,4
95358,2
95359,2
95360,4
95361,4
95362,2
95363,2
95364,2
95365,4
95366,2
95367,2
95368,2
95369,2
95370,2
95371,4
95372,2
95373,2
95374,2
95375,2
95376,2
95377,2
95378,2
95379,2
95380,2
95381,4
95382,2
95383,4
95384,2
95385,2
95386,4
95387,2
95388,2
95389,2
95390,2
95391,2
95392,4
95393,2
95394,4
95395,2
95396,2
95397,2
95398,2
95399,2
95400,2
95401,4
95402,2
95403,2
95404,2
95405,4
95406,2
95407,4
95408,4
95409,2
95410,2
95411,2
95412,2
95413,2
95414,2
95415,2
95416,2
95417,2
95418,2
95419,2
95420,2
95421,2
95422,2
95423,2
95424,2
95425,2
95426,4
95427,2
95428,4
95429,4
95430,2
95431,2
95432,4
95433,2
95434,2
95435,2
95436,2
95437,2
95438,2
95439,4
95440,4
95441,4
95442,2
95443,2
95444,2
95445,2
95446,2
95447,2
95448,2
95449,4
95450,2
95451,2
95452,2
95453,2
95454,2
95455,2
95456,2
95457,2
95458,2
95459,4
95460,4
95461,2
95462,2
95463,2
95464,2
95465,4
95466,2
95467,2
95468,4
95469,2
95470,2
95471,2
95472,4
95473,1
95474,4
95475,2
95476,3
95477,3
95478,3
95479,1
95480,3
95481,4
95482,4
95483,4
95484,3
95485,3
95486,3
95487,3
95488,3
95489,3
95490,3
95491,5
95492,3
95493,3
95494,1
95495,4
95496,3
95497,4
95498,4
95499,2
95500,4
95501,3
95502,2
95503,3
95504,2
95505,2
95506,3
95507,2
95508,3
95509,2
95510,3
95511,5
95512,4
95513,4
95514,4
95515,3
95516,3
95517,3
95518,4
95519,4
95520,3
95521,3
95522,4
95523,3
95524,5
95525,3
95526,2
95527,3
95528,3
95529,4
95530,3
95531,3
95532,2
95533,2
95534,5
95535,4
95536,2
95537,3
95538,3
95539,3
95540,3
95541,2
95542,4
95543,4
95544,2
95545,2
95546,2
95547,3
95548,3
95549,4
95550,3
95551,4
95552,4
95553,4
95554,3
95555,2
95556,2
95557,4
95558,2
95559,2
95560,3
95561,4
95562,3
95563,2
95564,4
95565,4
95566,3
95567,3
95568,4
95569,2
95570,0
95571,4
95572,4
95573,4
95574,0
95575,5
95576,0
95577,4
95578,0
95579,0
95580,2
95581,2
95582,2
95583,2
95584,2
95585,2
95586,2
95587,2
95588,3
95589,2
95590,3
95591,2
95592,0
95593,4
95594,3
95595,4
95596,4
95597,4
95598,2
95599,3
95600,2
95601,2
95602,4
95603,4
95604,0
95605,4
95606,4
95607,4
95608,4
95609,4
95610,4
95611,1
95612,1
95613,5
95614,2
95615,3
95616,2
95617,4
95618,4
95619,4
95620,1
95621,1
95622,3
95623,4
95624,4
95625,4
95626,1
95627,4
95628,1
95629,3
95630,2
95631,2
95632,2
95633,2
95634,4
95635,4
95636,4
95637,2
95638,2
95639,2
95640,2
95641,0
95642,4
95643,2
95644,4
95645,3
95646,3
95647,3
95648,1
95649,4
95650,3
95651,1
95652,3
95653,0
95654,3
95655,2
95656,0
95657,0
95658,0
95659,3
95660,3
95661,4
95662,4
95663,3
95664,4
95665,3
95666,4
95667,3
95668,4
95669,3
95670,3
95671,3
95672,4
95673,2
95674,4
95675,3
95676,4
95677,4
95678,1
95679,4
95680,2
95681,4
95682,4
95683,3
95684,4
95685,2
95686,3
95687,4
95688,2
95689,1
95690,1
95691,1
95692,1
95693,1
95694,4
95695,1
95696,1
95697,1
95698,4
95699,4
95700,4
95701,4
95702,4
95703,4
95704,4
95705,4
95706,4
95707,3
95708,3
95709,3
95710,3
95711,2
95712,3
95713,5
95714,2
95715,4
95716,0
95717,0
95718,2
95719,3
95720,3
95721,3
95722,2
95723,0
95724,3
95725,3
95726,3
95727,3
95728,3
95729,3
95730,0
95731,3
95732,3
95733,3
95734,2
95735,3
95736,3
95737,0
95738,3
95739,3
95740,3
95741,3
95742,0
95743,3
95744,2
95745,0
95746,3
95747,3
95748,3
95749,2
95750,3
95751,3
95752,3
95753,3
95754,1
95755,3
95756,3
95757,3
95758,3
95759,3
95760,3
95761,3
95762,3
95763,3
95764,3
95765,0
95766,0
95767,3
95768,3
95769,3
95770,0
95771,0
95772,0
95773,3
95774,3
95775,3
95776,3
95777,0
95778,0
95779,3
95780,3
95781,3
95782,3
95783,3
95784,3
95785,3
95786,0
95787,3
95788,3
95789,0
95790,3
95791,4
95792,2
95793,3
95794,3
95795,0
95796,0
95797,0
95798,0
95799,3
95800,0
95801,3
95802,3
95803,0
95804,1
95805,3
95806,2
95807,0
95808,3
95809,3
95810,3
95811,3
95812,0
95813,1
95814,0
95815,3
95816,3
95817,0
95818,0
95819,0
95820,0
95821,0
95822,0
95823,0
95824,3
95825,2
95826,3
95827,3
95828,1
95829,0
95830,0
95831,0
95832,0
95833,3
95834,3
95835,0
95836,0
95837,3
95838,0
95839,0
95840,0
95841,0
95842,0
95843,0
95844,0
95845,0
95846,3
95847,0
95848,3
95849,3
95850,3
95851,5
95852,3
95853,3
95854,3
95855,4
95856,2
95857,3
95858,3
95859,3
95860,3
95861,0
95862,1
95863,3
95864,0
95865,1
95866,1
95867,1
95868,1
95869,1
95870,1
95871,1
95872,2
95873,2
95874,3
95875,1
95876,1
95877,3
95878,0
95879,1
95880,3
95881,3
95882,1
95883,1
95884,3
95885,3
95886,3
95887,3
95888,3
95889,3
95890,3
95891,3
95892,2
95893,3
95894,3
95895,3
95896,3
95897,3
95898,3
95899,0
95900,5
95901,2
95902,4
95903,3
95904,0
95905,3
95906,0
95907,2
95908,3
95909,2
95910,1
95911,1
95912,2
95913,3
95914,3
95915,3
95916,3
95917,3
95918,3
95919,3
95920,3
95921,3
95922,3
95923,3
95924,3
95925,2
95926,0
95927,2
95928,2
95929,2
95930,2
95931,2
95932,2
95933,2
95934,3
95935,3
95936,0
95937,3
95938,2
95939,1
95940,2
95941,2
95942,3
95943,3
95944,3
95945,2
95946,3
95947,2
95948,2
95949,3
95950,2
95951,3
95952,2
95953,2
95954,2
95955,3
95956,3
95957,3
95958,3
95959,3
95960,2
95961,3
95962,3
95963,3
95964,2
95965,3
95966,2
95967,2
95968,3
95969,3
95970,3
95971,3
95972,3
95973,1
95974,1
95975,3
95976,3
95977,3
95978,3
95979,3
95980,2
95981,3
95982,3
95983,3
95984,3
95985,3
95986,3
95987,3
95988,2
95989,2
95990,2
95991,2
95992,1
95993,3
95994,3
95995,0
95996,3
95997,3
95998,3
95999,3
96000,3
96001,3
96002,3
96003,3
96004,3
96005,3
96006,3
96007,3
96008,3
96009,3
96010,3
96011,3
96012,2
96013,2
96014,3
96015,3
96016,3
96017,3
96018,3
96019,3
96020,0
96021,2
96022,2
96023,3
96024,3
96025,2
96026,2
96027,3
96028,3
96029,3
96030,3
96031,3
96032,3
96033,3
96034,3
96035,3
96036,3
96037,0
96038,3
96039,2
96040,3
96041,3
96042,3
96043,1
96044,1
96045,3
96046,3
96047,3
96048,3
96049,2
96050,1
96051,0
96052,2
96053,3
96054,2
96055,0
96056,3
96057,3
96058,2
96059,2
96060,2
96061,3
96062,3
96063,3
96064,2
96065,0
96066,2
96067,2
96068,1
96069,2
96070,3
96071,3
96072,3
96073,3
96074,0
96075,2
96076,2
96077,2
96078,2
96079,2
96080,2
96081,3
96082,3
96083,2
96084,0
96085,3
96086,3
96087,2
96088,3
96089,3
96090,3
96091,3
96092,1
96093,2
96094,2
96095,3
96096,3
96097,3
96098,0
96099,2
96100,0
96101,0
96102,0
96103,0
96104,3
96105,3
96106,2
96107,3
96108,3
96109,2
96110,2
96111,0
96112,2
96113,2
96114,3
96115,3
96116,0
96117,3
96118,2
96119,2
96120,2
96121,2
96122,3
96123,2
96124,2
96125,3
96126,3
96127,3
96128,2
96129,3
96130,3
96131,1
96132,2
96133,2
96134,1
96135,1
96136,3
96137,3
96138,3
96139,3
96140,3
96141,1
96142,3
96143,3
96144,2
96145,3
96146,3
96147,2
96148,2
96149,2
96150,2
96151,2
96152,2
96153,3
96154,3
96155,3
96156,3
96157,3
96158,3
96159,0
96160,3
96161,2
96162,2
96163,3
96164,0
96165,3
96166,3
96167,3
96168,3
96169,3
96170,2
96171,2
96172,3
96173,2
96174,3
96175,3
96176,3
96177,3
96178,1
96179,2
96180,2
96181,3
96182,3
96183,3
96184,2
96185,3
96186,3
96187,3
96188,1
96189,2
96190,0
96191,2
96192,3
96193,3
96194,3
96195,3
96196,3
96197,3
96198,3
96199,2
96200,2
96201,2
96202,3
96203,2
96204,3
96205,3
96206,3
96207,2
96208,2
96209,3
96210,3
96211,3
96212,2
96213,2
96214,1
96215,3
96216,2
96217,3
96218,3
96219,3
96220,3
96221,1
96222,1
96223,3
96224,3
96225,3
96226,3
96227,3
96228,3
96229,3
96230,2
96231,2
96232,2
96233,2
96234,2
96235,2
96236,2
96237,2
96238,2
96239,2
96240,3
96241,3
96242,3
96243,2
96244,2
96245,3
96246,1
96247,2
96248,3
96249,3
96250,0
96251,3
96252,3
96253,3
96254,3
96255,3
96256,3
96257,3
96258,3
96259,3
96260,3
96261,2
96262,3
96263,2
96264,2
96265,3
96266,3
96267,3
96268,3
96269,3
96270,3
96271,3
96272,3
96273,3
96274,3
96275,2
96276,0
96277,3
96278,3
96279,1
96280,3
96281,3
96282,3
96283,3
96284,3
96285,2
96286,2
96287,2
96288,2
96289,2
96290,0
96291,2
96292,2
96293,2
96294,2
96295,3
96296,2
96297,2
96298,3
96299,2
96300,3
96301,3
96302,3
96303,3
96304,1
96305,3
96306,3
96307,3
96308,3
96309,3
96310,3
96311,1
96312,3
96313,1
96314,3
96315,3
96316,3
96317,3
96318,3
96319,2
96320,2
96321,0
96322,3
96323,3
96324,3
96325,3
96326,3
96327,3
96328,2
96329,2
96330,3
96331,3
96332,3
96333,3
96334,3
96335,3
96336,3
96337,3
96338,1
96339,3
96340,3
96341,3
96342,3
96343,3
96344,3
96345,3
96346,3
96347,3
96348,3
96349,3
96350,3
96351,1
96352,0
96353,3
96354,3
96355,3
96356,3
96357,3
96358,3
96359,3
96360,2
96361,2
96362,3
96363,2
96364,0
96365,2
96366,2
96367,2
96368,2
96369,2
96370,3
96371,0
96372,2
96373,2
96374,3
96375,0
96376,3
96377,3
96378,3
96379,2
96380,0
96381,0
96382,0
96383,3
96384,2
96385,3
96386,3
96387,3
96388,3
96389,3
96390,3
96391,3
96392,3
96393,3
96394,4
96395,0
96396,3
96397,3
96398,3
96399,3
96400,3
96401,2
96402,3
96403,3
96404,3
96405,3
96406,3
96407,3
96408,3
96409,3
96410,2
96411,2
96412,3
96413,2
96414,2
96415,2
96416,3
96417,3
96418,3
96419,2
96420,3
96421,2
96422,2
96423,0
96424,3
96425,3
96426,3
96427,3
96428,3
96429,3
96430,3
96431,3
96432,3
96433,0
96434,3
96435,3
96436,3
96437,3
96438,3
96439,3
96440,3
96441,3
96442,1
96443,3
96444,3
96445,3
96446,0
96447,1
96448,3
96449,3
96450,2
96451,3
96452,2
96453,2
96454,3
96455,3
96456,0
96457,0
96458,0
96459,3
96460,2
96461,2
96462,2
96463,2
96464,2
96465,3
96466,3
96467,3
96468,2
96469,3
96470,3
96471,0
96472,3
96473,3
96474,1
96475,2
96476,2
96477,3
96478,3
96479,3
96480,2
96481,3
96482,3
96483,3
96484,3
96485,0
96486,3
96487,0
96488,2
96489,1
96490,3
96491,3
96492,3
96493,3
96494,3
96495,3
96496,3
96497,3
96498,3
96499,3
96500,3
96501,3
96502,3
96503,3
96504,3
96505,3
96506,3
96507,2
96508,2
96509,3
96510,3
96511,2
96512,3
96513,3
96514,3
96515,3
96516,3
96517,3
96518,3
96519,3
96520,3
96521,2
96522,2
96523,3
96524,3
96525,3
96526,1
96527,3
96528,0
96529,3
96530,3
96531,3
96532,3
96533,3
96534,3
96535,3
96536,3
96537,0
96538,2
96539,3
96540,3
96541,3
96542,3
96543,3
96544,3
96545,3
96546,3
96547,3
96548,3
96549,3
96550,3
96551,3
96552,3
96553,1
96554,1
96555,3
96556,3
96557,3
96558,3
96559,3
96560,3
96561,3
96562,3
96563,3
96564,3
96565,3
96566,2
96567,2
96568,0
96569,0
96570,2
96571,2
96572,2
96573,2
96574,3
96575,3
96576,3
96577,3
96578,3
96579,3
96580,1
96581,0
96582,3
96583,3
96584,3
96585,3
96586,0
96587,0
96588,3
96589,3
96590,1
96591,3
96592,3
96593,3
96594,3
96595,2
96596,3
96597,3
96598,2
96599,0
96600,3
96601,3
96602,3
96603,0
96604,3
96605,3
96606,3
96607,3
96608,3
96609,0
96610,3
96611,3
96612,1
96613,3
96614,3
96615,3
96616,3
96617,3
96618,3
96619,3
96620,3
96621,2
96622,4
96623,3
96624,3
96625,3
96626,3
96627,3
96628,2
96629,2
96630,3
96631,3
96632,1
96633,1
96634,3
96635,3
96636,3
96637,3
96638,3
96639,3
96640,3
96641,2
96642,3
96643,3
96644,3
96645,3
96646,1
96647,3
96648,1
96649,1
96650,3
96651,3
96652,3
96653,3
96654,3
96655,3
96656,3
96657,3
96658,3
96659,3
96660,3
96661,3
96662,3
96663,1
96664,3
96665,1
96666,3
96667,0
96668,0
96669,3
96670,3
96671,3
96672,0
96673,3
96674,3
96675,3
96676,3
96677,1
96678,3
96679,3
96680,3
96681,3
96682,3
96683,2
96684,3
96685,2
96686,3
96687,3
96688,3
96689,3
96690,3
96691,3
96692,1
96693,1
96694,1
96695,3
96696,1
96697,1
96698,1
96699,1
96700,1
96701,1
96702,1
96703,1
96704,1
96705,1
96706,3
96707,3
96708,3
96709,2
96710,2
96711,3
96712,3
96713,3
96714,1
96715,3
96716,3
96717,3
96718,3
96719,3
96720,3
96721,2
96722,3
96723,5
96724,3
96725,0
96726,3
96727,3
96728,2
96729,2
96730,3
96731,2
96732,2
96733,3
96734,3
96735,0
96736,1
96737,1
96738,1
96739,1
96740,1
96741,3
96742,3
96743,3
96744,3
96745,0
96746,0
96747,3
96748,2
96749,2
96750,2
96751,3
96752,2
96753,1
96754,1
96755,1
96756,2
96757,3
96758,3
96759,1
96760,1
96761,3
96762,3
96763,1
96764,1
96765,3
96766,3
96767,3
96768,3
96769,2
96770,2
96771,3
96772,3
96773,3
96774,3
96775,3
96776,3
96777,3
96778,3
96779,3
96780,2
96781,3
96782,2
96783,2
96784,3
96785,1
96786,3
96787,2
96788,3
96789,2
96790,3
96791,3
96792,3
96793,1
96794,3
96795,3
96796,2
96797,3
96798,3
96799,3
96800,3
96801,2
96802,3
96803,3
96804,3
96805,1
96806,2
96807,2
96808,3
96809,3
96810,3
96811,3
96812,3
96813,3
96814,2
96815,2
96816,3
96817,1
96818,1
96819,2
96820,3
96821,1
96822,3
96823,3
96824,3
96825,3
96826,3
96827,3
96828,3
96829,3
96830,2
96831,3
96832,3
96833,3
96834,3
96835,1
96836,3
96837,3
96838,3
96839,3
96840,2
96841,3
96842,3
96843,3
96844,3
96845,2
96846,2
96847,3
96848,3
96849,3
96850,3
96851,3
96852,3
96853,2
96854,2
96855,2
96856,3
96857,3
96858,2
96859,3
96860,3
96861,3
96862,1
96863,3
96864,3
96865,3
96866,3
96867,3
96868,3
96869,1
96870,3
96871,0
96872,2
96873,3
96874,2
96875,0
96876,3
96877,3
96878,1
96879,3
96880,3
96881,1
96882,1
96883,3
96884,2
96885,2
96886,2
96887,2
96888,3
96889,2
96890,3
96891,2
96892,3
96893,3
96894,2
96895,3
96896,3
96897,3
96898,2
96899,2
96900,2
96901,2
96902,0
96903,2
96904,3
96905,3
96906,2
96907,3
96908,3
96909,2
96910,2
96911,3
96912,3
96913,3
96914,2
96915,2
96916,2
96917,2
96918,3
96919,2
96920,1
96921,3
96922,3
96923,3
96924,3
96925,3
96926,3
96927,1
96928,0
96929,0
96930,3
96931,1
96932,1
96933,3
96934,3
96935,3
96936,3
96937,3
96938,3
96939,3
96940,1
96941,3
96942,3
96943,3
96944,3
96945,3
96946,1
96947,0
96948,3
96949,3
96950,3
96951,3
96952,3
96953,3
96954,3
96955,3
96956,3
96957,2
96958,3
96959,2
96960,3
96961,3
96962,3
96963,0
96964,3
96965,0
96966,3
96967,3
96968,3
96969,3
96970,3
96971,3
96972,2
96973,3
96974,3
96975,3
96976,3
96977,3
96978,3
96979,1
96980,1
96981,3
96982,2
96983,3
96984,3
96985,3
96986,3
96987,3
96988,2
96989,2
96990,2
96991,3
96992,3
96993,3
96994,1
96995,3
96996,3
96997,3
96998,3
96999,3
97000,3
97001,3
97002,3
97003,3
97004,2
97005,3
97006,3
97007,3
97008,3
97009,3
97010,3
97011,1
97012,1
97013,1
97014,1
97015,3
97016,3
97017,2
97018,2
97019,2
97020,1
97021,4
97022,3
97023,3
97024,3
97025,3
97026,3
97027,3
97028,3
97029,3
97030,3
97031,3
97032,3
97033,3
97034,3
97035,3
97036,3
97037,4
97038,3
97039,3
97040,3
97041,3
97042,3
97043,3
97044,3
97045,3
97046,1
97047,1
97048,1
97049,1
97050,1
97051,1
97052,2
97053,3
97054,3
97055,1
97056,1
97057,1
97058,3
97059,1
97060,1
97061,0
97062,1
97063,0
97064,1
97065,3
97066,0
97067,0
97068,3
97069,0
97070,2
97071,3
97072,3
97073,3
97074,2
97075,2
97076,2
97077,2
97078,3
97079,3
97080,1
97081,1
97082,1
97083,3
97084,1
97085,2
97086,3
97087,3
97088,3
97089,3
97090,2
97091,2
97092,2
97093,1
97094,3
97095,3
97096,2
97097,3
97098,1
97099,2
97100,0
97101,3
97102,2
97103,3
97104,3
97105,2
97106,0
97107,3
97108,1
97109,0
97110,0
97111,1
97112,1
97113,3
97114,0
97115,3
97116,3
97117,3
97118,1
97119,1
97120,3
97121,3
97122,3
97123,3
97124,1
97125,1
97126,1
97127,1
97128,1
97129,1
97130,1
97131,1
97132,3
97133,1
97134,1
97135,1
97136,1
97137,3
97138,1
97139,1
97140,1
97141,3
97142,0
97143,0
97144,1
97145,2
97146,0
97147,0
97148,2
97149,2
97150,1
97151,2
97152,3
97153,2
97154,3
97155,0
97156,0
97157,0
97158,0
97159,0
97160,0
97161,0
97162,3
97163,3
97164,0
97165,0
97166,0
97167,0
97168,0
97169,0
97170,2
97171,0
97172,0
97173,3
97174,0
97175,0
97176,0
97177,0
97178,2
97179,0
97180,0
97181,0
97182,0
97183,2
97184,2
97185,2
97186,0
97187,0
97188,0
97189,0
97190,0
97191,0
97192,3
97193,0
97194,1
97195,3
97196,3
97197,1
97198,1
97199,1
97200,2
97201,1
97202,1
97203,1
97204,0
97205,0
97206,2
97207,2
97208,2
97209,3
97210,0
97211,1
97212,1
97213,1
97214,0
97215,0
97216,1
97217,1
97218,2
97219,3
97220,2
97221,0
97222,0
97223,1
97224,1
97225,0
97226,0
97227,1
97228,0
97229,0
97230,0
97231,0
97232,0
97233,0
97234,1
97235,0
97236,3
97237,2
97238,0
97239,3
97240,3
97241,3
97242,2
97243,0
97244,0
97245,0
97246,0
97247,0
97248,0
97249,0
97250,0
97251,0
97252,0
97253,0
97254,0
97255,0
97256,0
97257,0
97258,0
97259,0
97260,0
97261,0
97262,0
97263,0
97264,0
97265,3
97266,0
97267,0
97268,0
97269,0
97270,3
97271,0
97272,5
97273,0
97274,1
97275,3
97276,3
97277,2
97278,0
97279,0
97280,0
97281,0
97282,0
97283,0
97284,0
97285,3
97286,0
97287,0
97288,0
97289,0
97290,0
97291,0
97292,0
97293,0
97294,0
97295,0
97296,0
97297,0
97298,0
97299,0
97300,2
97301,0
97302,0
97303,0
97304,0
97305,0
97306,0
97307,0
97308,0
97309,0
97310,0
97311,0
97312,0
97313,0
97314,2
97315,0
97316,0
97317,0
97318,0
97319,3
97320,3
97321,0
97322,0
97323,0
97324,0
97325,2
97326,0
97327,0
97328,0
97329,0
97330,0
97331,0
97332,0
97333,0
97334,3
97335,0
97336,0
97337,2
97338,3
97339,2
97340,2
97341,2
97342,0
97343,0
97344,0
97345,0
97346,0
97347,3
97348,3
97349,2
97350,0
97351,0
97352,0
97353,3
97354,2
97355,5
97356,2
97357,2
97358,1
97359,1
97360,1
97361,0
97362,2
97363,2
97364,2
97365,0
97366,1
97367,1
97368,0
97369,0
97370,0
97371,0
97372,0
97373,0
97374,0
97375,0
97376,0
97377,0
97378,0
97379,2
97380,0
97381,2
97382,3
97383,3
97384,2
97385,5
97386,2
97387,2
97388,2
97389,3
97390,2
97391,2
97392,2
97393,2
97394,2
97395,2
97396,2
97397,1
97398,1
97399,3
97400,1
97401,1
97402,1
97403,0
97404,1
97405,2
97406,2
97407,1
97408,1
97409,2
97410,0
97411,0
97412,0
97413,0
97414,0
97415,1
97416,0
97417,0
97418,2
97419,0
97420,0
97421,0
97422,0
97423,1
97424,1
97425,1
97426,2
97427,0
97428,0
97429,2
97430,0
97431,3
97432,1
97433,0
97434,0
97435,1
97436,1
97437,3
97438,1
97439,1
97440,3
97441,3
97442,3
97443,3
97444,3
97445,3
97446,3
97447,1
97448,0
97449,3
97450,1
97451,1
97452,1
97453,0
97454,3
97455,3
97456,1
97457,5
97458,3
97459,0
97460,1
97461,3
97462,1
97463,0
97464,1
97465,3
97466,3
97467,3
97468,3
97469,3
97470,3
97471,1
97472,3
97473,3
97474,3
97475,3
97476,0
97477,0
97478,0
97479,3
97480,3
97481,1
97482,2
97483,3
97484,3
97485,3
97486,3
97487,3
97488,3
97489,3
97490,3
97491,3
97492,3
97493,3
97494,3
97495,3
97496,3
97497,3
97498,3
97499,3
97500,3
97501,3
97502,1
97503,3
97504,3
97505,3
97506,1
97507,3
97508,1
97509,1
97510,1
97511,1
97512,1
97513,3
97514,3
97515,1
97516,1
97517,1
97518,3
97519,3
97520,3
97521,3
97522,1
97523,3
97524,3
97525,3
97526,3
97527,0
97528,3
97529,1
97530,1
97531,0
97532,0
97533,0
97534,3
97535,3
97536,3
97537,2
97538,2
97539,0
97540,1
97541,1
97542,0
97543,0
97544,0
97545,2
97546,0
97547,2
97548,1
97549,0
97550,0
97551,1
97552,0
97553,0
97554,0
97555,1
97556,2
97557,1
97558,1
97559,2
97560,1
97561,2
97562,3
97563,2
97564,1
97565,1
97566,2
97567,2
97568,3
97569,0
97570,1
97571,3
97572,2
97573,2
97574,2
97575,2
97576,3
97577,2
97578,0
97579,2
97580,3
97581,1
97582,2
97583,2
97584,3
97585,2
97586,2
97587,2
97588,0
97589,2
97590,2
97591,1
97592,3
97593,3
97594,3
97595,3
97596,3
97597,3
97598,3
97599,1
97600,3
97601,3
97602,3
97603,3
97604,3
97605,1
97606,3
97607,2
97608,3
97609,2
97610,0
97611,1
97612,3
97613,3
97614,0
97615,2
97616,2
97617,2
97618,0
97619,0
97620,3
97621,2
97622,2
97623,1
97624,3
97625,2
97626,2
97627,0
97628,0
97629,0
97630,1
97631,0
97632,2
97633,2
97634,3
97635,3
97636,3
97637,1
97638,1
97639,3
97640,1
97641,0
97642,0
97643,0
97644,0
97645,0
97646,2
97647,0
97648,2
97649,2
97650,0
97651,1
97652,3
97653,1
97654,3
97655,3
97656,0
97657,3
97658,3
97659,1
97660,3
97661,1
97662,1
97663,1
97664,1
97665,2
97666,3
97667,0
97668,2
97669,3
97670,0
97671,3
97672,0
97673,3
97674,3
97675,3
97676,3
97677,3
97678,2
97679,2
97680,3
97681,3
97682,1
97683,0
97684,2
97685,0
97686,3
97687,1
97688,1
97689,3
97690,1
97691,1
97692,1
97693,2
97694,2
97695,3
97696,2
97697,2
97698,2
97699,2
97700,3
97701,2
97702,0
97703,2
97704,2
97705,2
97706,3
97707,1
97708,1
97709,1
97710,3
97711,5
97712,1
97713,1
97714,3
97715,3
97716,0
97717,3
97718,3
97719,2
97720,3
97721,0
97722,1
97723,1
97724,2
97725,0
97726,1
97727,0
97728,3
97729,3
97730,3
97731,3
97732,3
97733,3
97734,3
97735,3
97736,3
97737,2
97738,1
97739,3
97740,1
97741,3
97742,3
97743,0
97744,2
97745,2
97746,2
97747,2
97748,2
97749,2
97750,3
97751,3
97752,3
97753,2
97754,3
97755,3
97756,3
97757,3
97758,0
97759,3
97760,3
97761,3
97762,1
97763,1
97764,0
97765,0
97766,0
97767,3
97768,3
97769,3
97770,3
97771,1
97772,3
97773,1
97774,3
97775,1
97776,3
97777,1
97778,1
97779,3
97780,3
97781,0
97782,0
97783,3
97784,0
97785,1
97786,0
97787,0
97788,0
97789,0
97790,0
97791,0
97792,0
97793,0
97794,0
97795,0
97796,3
97797,0
97798,0
97799,1
97800,3
97801,0
97802,0
97803,0
97804,0
97805,0
97806,1
97807,1
97808,3
97809,1
97810,1
97811,3
97812,3
97813,3
97814,0
97815,1
97816,3
97817,3
97818,1
97819,1
97820,3
97821,1
97822,1
97823,1
97824,1
97825,3
97826,3
97827,3
97828,1
97829,3
97830,3
97831,1
97832,3
97833,1
97834,3
97835,1
97836,1
97837,1
97838,3
97839,3
97840,3
97841,3
97842,3
97843,3
97844,3
97845,3
97846,3
97847,3
97848,1
97849,3
97850,1
97851,2
97852,1
97853,1
97854,3
97855,0
97856,1
97857,3
97858,0
97859,1
97860,1
97861,3
97862,3
97863,3
97864,0
97865,0
97866,0
97867,3
97868,0
97869,3
97870,3
97871,2
97872,2
97873,2
97874,3
97875,3
97876,1
97877,3
97878,3
97879,1
97880,3
97881,1
97882,3
97883,3
97884,3
97885,1
97886,3
97887,0
97888,1
97889,2
97890,0
97891,0
97892,0
97893,0
97894,0
97895,1
97896,1
97897,1
97898,3
97899,1
97900,1
97901,3
97902,3
97903,1
97904,0
97905,1
97906,3
97907,0
97908,1
97909,1
97910,1
97911,3
97912,1
97913,3
97914,1
97915,3
97916,0
97917,3
97918,1
97919,1
97920,3
97921,1
97922,1
97923,3
97924,3
97925,1
97926,3
97927,3
97928,3
97929,0
97930,5
97931,1
97932,5
97933,3
97934,3
97935,3
97936,3
97937,3
97938,3
97939,3
97940,3
97941,3
97942,2
97943,1
97944,3
97945,1
97946,3
97947,3
97948,3
97949,3
97950,3
97951,3
97952,3
97953,3
97954,3
97955,1
97956,3
97957,3
97958,3
97959,3
97960,1
97961,1
97962,3
97963,0
97964,1
97965,3
97966,3
97967,3
97968,3
97969,1
97970,1
97971,1
97972,3
97973,3
97974,3
97975,3
97976,3
97977,3
97978,3
97979,3
97980,2
97981,3
97982,1
97983,1
97984,3
97985,1
97986,3
97987,3
97988,2
97989,3
97990,3
97991,3
97992,1
97993,3
97994,1
97995,3
97996,3
97997,1
97998,2
97999,3
98000,3
98001,3
98002,1
98003,3
98004,2
98005,2
98006,1
98007,1
98008,3
98009,1
98010,3
98011,3
98012,3
98013,1
98014,1
98015,3
98016,3
98017,3
98018,0
98019,0
98020,3
98021,3
98022,3
98023,3
98024,3
98025,3
98026,3
98027,3
98028,3
98029,3
98030,3
98031,0
98032,0
98033,3
98034,1
98035,2
98036,2
98037,2
98038,3
98039,3
98040,2
98041,3
98042,1
98043,3
98044,3
98045,3
98046,0
98047,3
98048,0
98049,3
98050,0
98051,3
98052,3
98053,3
98054,1
98055,0
98056,0
98057,0
98058,2
98059,3
98060,3
98061,3
98062,1
98063,0
98064,2
98065,3
98066,3
98067,3
98068,3
98069,0
98070,3
98071,3
98072,3
98073,3
98074,4
98075,4
98076,0
98077,2
98078,0
98079,3
98080,3
98081,3
98082,5
98083,3
98084,0
98085,0
98086,0
98087,0
98088,0
98089,0
98090,0
98091,0
98092,3
98093,4
98094,0
98095,0
98096,5
98097,0
98098,2
98099,2
98100,2
98101,0
98102,3
98103,5
98104,0
98105,0
98106,0
98107,0
98108,0
98109,0
98110,0
98111,0
98112,0
98113,3
98114,5
98115,3
98116,0
98117,0
98118,0
98119,0
98120,0
98121,0
98122,0
98123,0
98124,0
98125,0
98126,0
98127,0
98128,0
98129,5
98130,0
98131,0
98132,0
98133,3
98134,0
98135,5
98136,0
98137,0
98138,0
98139,0
98140,5
98141,0
98142,0
98143,0
98144,5
98145,0
98146,0
98147,0
98148,0
98149,0
98150,0
98151,5
98152,0
98153,0
98154,0
98155,5
98156,3
98157,4
98158,2
98159,2
98160,5
98161,3
98162,5
98163,0
98164,0
98165,2
98166,2
98167,2
98168,3
98169,3
98170,0
98171,2
98172,0
98173,2
98174,2
98175,3
98176,3
98177,2
98178,3
98179,2
98180,3
98181,2
98182,5
98183,2
98184,5
98185,5
98186,2
98187,0
98188,0
98189,0
98190,0
98191,2
98192,2
98193,2
98194,2
98195,2
98196,2
98197,2
98198,2
98199,2
98200,4
98201,2
98202,2
98203,2
98204,2
98205,2
98206,2
98207,2
98208,2
98209,2
98210,2
98211,2
98212,2
98213,2
98214,2
98215,2
98216,2
98217,2
98218,2
98219,3
98220,2
98221,2
98222,2
98223,2
98224,2
98225,5
98226,5
98227,5
98228,0
98229,2
98230,2
98231,2
98232,2
98233,2
98234,2
98235,2
98236,2
98237,2
98238,2
98239,2
98240,2
98241,0
98242,2
98243,2
98244,2
98245,0
98246,0
98247,2
98248,2
98249,1
98250,2
98251,2
98252,2
98253,0
98254,0
98255,3
98256,3
98257,2
98258,3
98259,5
98260,2
98261,5
98262,1
98263,5
98264,5
98265,4
98266,0
98267,2
98268,0
98269,2
98270,2
98271,3
98272,3
98273,5
98274,2
98275,2
98276,0
98277,0
98278,2
98279,2
98280,2
98281,2
98282,0
98283,2
98284,2
98285,2
98286,0
98287,3
98288,5
98289,4
98290,5
98291,3
98292,2
98293,5
98294,0
98295,5
98296,2
98297,1
98298,2
98299,3
98300,2
98301,0
98302,4
98303,4
98304,4
98305,4
98306,4
98307,0
98308,0
98309,2
98310,5
98311,0
98312,4
98313,2
98314,2
98315,3
98316,3
98317,2
98318,5
98319,5
98320,5
98321,5
98322,2
98323,2
98324,2
98325,5
98326,2
98327,2
98328,4
98329,1
98330,5
98331,3
98332,4
98333,3
98334,3
98335,5
98336,0
98337,3
98338,3
98339,5
98340,4
98341,3
98342,3
98343,1
98344,1
98345,4
98346,3
98347,3
98348,4
98349,0
98350,3
98351,2
98352,4
98353,4
98354,5
98355,2
98356,4
98357,4
98358,1
98359,5
98360,5
98361,4
98362,0
98363,0
98364,0
98365,5
98366,4
98367,5
98368,4
98369,3
98370,4
98371,2
98372,2
98373,2
98374,2
98375,0
98376,0
98377,5
98378,3
98379,0
98380,5
98381,3
98382,3
98383,2
98384,4
98385,4
98386,4
98387,4
98388,0
98389,5
98390,5
98391,4
98392,4
98393,0
98394,4
98395,4
98396,4
98397,0
98398,3
98399,5
98400,5
98401,4
98402,0
98403,2
98404,3
98405,3
98406,2
98407,2
98408,2
98409,2
98410,2
98411,2
98412,2
98413,2
98414,5
98415,5
98416,5
98417,5
98418,2
98419,2
98420,2
98421,2
98422,2
98423,2
98424,2
98425,0
98426,0
98427,4
98428,2
98429,4
98430,4
98431,0
98432,2
98433,0
98434,2
98435,3
98436,2
98437,3
98438,1
98439,3
98440,2
98441,5
98442,0
98443,4
98444,4
98445,1
98446,4
98447,2
98448,3
98449,4
98450,4
98451,3
98452,3
98453,3
98454,3
98455,4
98456,4
98457,2
98458,4
98459,2
98460,4
98461,4
98462,4
98463,4
98464,4
98465,0
98466,4
98467,3
98468,2
98469,2
98470,4
98471,2
98472,2
98473,2
98474,0
98475,2
98476,2
98477,5
98478,3
98479,2
98480,1
98481,0
98482,0
98483,3
98484,4
98485,0
98486,3
98487,4
98488,0
98489,3
98490,4
98491,4
98492,5
98493,1
98494,1
98495,1
98496,4
98497,4
98498,5
98499,4
98500,5
98501,4
98502,1
98503,1
98504,1
98505,1
98506,1
98507,0
98508,4
98509,4
98510,4
98511,4
98512,4
98513,4
98514,4
98515,3
98516,2
98517,2
98518,2
98519,3
98520,2
98521,3
98522,3
98523,3
98524,4
98525,4
98526,4
98527,4
98528,4
98529,4
98530,4
98531,4
98532,0
98533,4
98534,1
98535,4
98536,4
98537,5
98538,5
98539,2
98540,2
98541,3
98542,2
98543,4
98544,2
98545,2
98546,5
98547,0
98548,3
98549,4
98550,2
98551,4
98552,2
98553,2
98554,2
98555,2
98556,2
98557,4
98558,2
98559,2
98560,3
98561,2
98562,2
98563,4
98564,4
98565,2
98566,2
98567,2
98568,2
98569,2
98570,0
98571,3
98572,3
98573,2
98574,3
98575,2
98576,5
98577,0
98578,3
98579,1
98580,5
98581,1
98582,4
98583,5
98584,2
98585,2
98586,2
98587,4
98588,0
98589,4
98590,0
98591,4
98592,0
98593,5
98594,4
98595,1
98596,1
98597,1
98598,0
98599,3
98600,1
98601,5
98602,0
98603,5
98604,2
98605,0
98606,0
98607,0
98608,0
98609,3
98610,0
98611,1
98612,0
98613,3
98614,1
98615,0
98616,5
98617,5
98618,3
98619,1
98620,3
98621,0
98622,0
98623,0
98624,0
98625,0
98626,0
98627,2
98628,0
98629,3
98630,0
98631,0
98632,0
98633,0
98634,0
98635,0
98636,2
98637,0
98638,0
98639,0
98640,0
98641,0
98642,2
98643,0
98644,0
98645,0
98646,0
98647,0
98648,0
98649,0
98650,2
98651,2
98652,0
98653,2
98654,0
98655,0
98656,0
98657,0
98658,2
98659,2
98660,0
98661,1
98662,2
98663,2
98664,2
98665,2
98666,1
98667,1
98668,1
98669,5
98670,5
98671,3
98672,5
98673,0
98674,1
98675,2
98676,5
98677,5
98678,1
98679,1
98680,2
98681,2
98682,2
98683,2
98684,2
98685,2
98686,2
98687,3
98688,2
98689,2
98690,1
98691,2
98692,2
98693,2
98694,1
98695,1
98696,2
98697,1
98698,1
98699,0
98700,1
98701,0
98702,0
98703,0
98704,1
98705,1
98706,1
98707,1
98708,2
98709,1
98710,1
98711,1
98712,1
98713,2
98714,2
98715,2
98716,1
98717,2
98718,1
98719,2
98720,3
98721,0
98722,1
98723,3
98724,2
98725,1
98726,1
98727,1
98728,1
98729,1
98730,0
98731,1
98732,1
98733,2
98734,1
98735,1
98736,1
98737,1
98738,2
98739,2
98740,1
98741,2
98742,2
98743,1
98744,1
98745,1
98746,3
98747,2
98748,3
98749,0
98750,1
98751,2
98752,2
98753,0
98754,2
98755,0
98756,0
98757,0
98758,0
98759,1
98760,1
98761,1
98762,1
98763,1
98764,2
98765,2
98766,5
98767,2
98768,1
98769,1
98770,3
98771,2
98772,1
98773,1
98774,1
98775,3
98776,1
98777,3
98778,3
98779,3
98780,3
98781,3
98782,3
98783,1
98784,3
98785,3
98786,0
98787,3
98788,0
98789,0
98790,0
98791,0
98792,0
98793,0
98794,1
98795,1
98796,1
98797,1
98798,1
98799,1
98800,0
98801,0
98802,2
98803,1
98804,0
98805,0
98806,0
98807,2
98808,0
98809,2
98810,2
98811,0
98812,2
98813,2
98814,0
98815,0
98816,0
98817,0
98818,0
98819,1
98820,0
98821,0
98822,0
98823,0
98824,0
98825,0
98826,0
98827,0
98828,1
98829,0
98830,0
98831,0
98832,0
98833,0
98834,1
98835,2
98836,2
98837,0
98838,0
98839,0
98840,0
98841,0
98842,0
98843,3
98844,0
98845,0
98846,0
98847,3
98848,3
98849,0
98850,3
98851,2
98852,2
98853,0
98854,0
98855,3
98856,0
98857,0
98858,3
98859,0
98860,2
98861,0
98862,0
98863,1
98864,1
98865,1
98866,0
98867,2
98868,1
98869,1
98870,0
98871,3
98872,0
98873,0
98874,2
98875,1
98876,2
98877,0
98878,1
98879,3
98880,1
98881,3
98882,5
98883,1
98884,1
98885,1
98886,2
98887,0
98888,1
98889,0
98890,1
98891,5
98892,2
98893,1
98894,5
98895,3
98896,3
98897,1
98898,5
98899,1
98900,1
98901,1
98902,0
98903,0
98904,0
98905,0
98906,2
98907,1
98908,2
98909,1
98910,3
98911,3
98912,1
98913,1
98914,0
98915,0
98916,2
98917,2
98918,2
98919,2
98920,0
98921,2
98922,2
98923,1
98924,1
98925,2
98926,1
98927,3
98928,2
98929,2
98930,2
98931,3
98932,2
98933,3
98934,0
98935,1
98936,1
98937,0
98938,0
98939,1
98940,2
98941,2
98942,2
98943,5
98944,2
98945,2
98946,2
98947,0
98948,2
98949,2
98950,2
98951,2
98952,3
98953,5
98954,3
98955,5
98956,5
98957,5
98958,0
98959,3
98960,0
98961,0
98962,0
98963,0
98964,0
98965,0
98966,1
98967,1
98968,1
98969,1
98970,3
98971,1
98972,1
98973,1
98974,3
98975,3
98976,3
98977,1
98978,3
98979,3
98980,3
98981,3
98982,2
98983,3
98984,1
98985,2
98986,2
98987,0
98988,2
98989,2
98990,3
98991,3
98992,0
98993,1
98994,1
98995,1
98996,1
98997,1
98998,1
98999,1
99000,0
99001,0
99002,0
99003,3
99004,3
99005,3
99006,3
99007,1
99008,3
99009,3
99010,3
99011,3
99012,3
99013,3
99014,3
99015,1
99016,1
99017,1
99018,2
99019,1
99020,2
99021,1
99022,2
99023,2
99024,3
99025,2
99026,2
99027,3
99028,1
99029,1
99030,1
99031,3
99032,1
99033,0
99034,1
99035,1
99036,2
99037,0
99038,1
99039,1
99040,2
99041,3
99042,0
99043,2
99044,0
99045,0
99046,1
99047,1
99048,1
99049,3
99050,1
99051,0
99052,2
99053,1
99054,4
99055,0
99056,3
99057,3
99058,0
99059,2
99060,0
99061,0
99062,0
99063,0
99064,0
99065,3
99066,0
99067,0
99068,0
99069,0
99070,1
99071,1
99072,0
99073,3
99074,2
99075,3
99076,0
99077,1
99078,3
99079,3
99080,1
99081,0
99082,0
99083,0
99084,0
99085,0
99086,0
99087,0
99088,3
99089,3
99090,0
99091,2
99092,0
99093,0
99094,5
99095,3
99096,3
99097,3
99098,3
99099,3
99100,1
99101,3
99102,0
99103,0
99104,0
99105,1
99106,0
99107,0
99108,0
99109,0
99110,1
99111,2
99112,2
99113,2
99114,1
99115,0
99116,0
99117,1
99118,2
99119,2
99120,1
99121,1
99122,1
99123,3
99124,2
99125,3
99126,3
99127,3
99128,2
99129,1
99130,1
99131,1
99132,1
99133,1
99134,1
99135,2
99136,3
99137,1
99138,1
99139,2
99140,3
99141,3
99142,3
99143,3
99144,3
99145,1
99146,2
99147,2
99148,3
99149,2
99150,2
99151,3
99152,3
99153,2
99154,1
99155,1
99156,0
99157,1
99158,2
99159,1
99160,1
99161,3
99162,3
99163,1
99164,3
99165,1
99166,1
99167,1
99168,1
99169,1
99170,2
99171,1
99172,2
99173,1
99174,1
99175,5
99176,0
99177,1
99178,0
99179,0
99180,0
99181,0
99182,0
99183,0
99184,1
99185,0
99186,0
99187,0
99188,0
99189,0
99190,0
99191,0
99192,2
99193,2
99194,4
99195,1
99196,0
99197,1
99198,0
99199,0
99200,0
99201,0
99202,1
99203,3
99204,1
99205,0
99206,3
99207,1
99208,1
99209,1
99210,1
99211,2
99212,0
99213,0
99214,0
99215,0
99216,0
99217,0
99218,3
99219,0
99220,1
99221,1
99222,1
99223,0
99224,0
99225,0
99226,1
99227,0
99228,0
99229,0
99230,0
99231,0
99232,3
99233,2
99234,5
99235,5
99236,2
99237,2
99238,3
99239,3
99240,3
99241,3
99242,0
99243,1
99244,2
99245,3
99246,1
99247,0
99248,3
99249,3
99250,3
99251,3
99252,1
99253,3
99254,5
99255,3
99256,1
99257,3
99258,0
99259,0
99260,2
99261,2
99262,2
99263,2
99264,0
99265,3
99266,3
99267,0
99268,3
99269,0
99270,0
99271,0
99272,3
99273,3
99274,2
99275,3
99276,0
99277,0
99278,0
99279,0
99280,0
99281,0
99282,0
99283,0
99284,0
99285,1
99286,3
99287,3
99288,2
99289,2
99290,3
99291,0
99292,0
99293,3
99294,0
99295,3
99296,0
99297,0
99298,3
99299,0
99300,0
99301,0
99302,0
99303,0
99304,0
99305,0
99306,3
99307,0
99308,0
99309,3
99310,3
99311,0
99312,0
99313,0
99314,0
99315,0
99316,0
99317,3
99318,0
99319,0
99320,0
99321,1
99322,0
99323,0
99324,3
99325,1
99326,0
99327,0
99328,3
99329,3
99330,3
99331,3
99332,3
99333,0
99334,3
99335,3
99336,3
99337,3
99338,3
99339,0
99340,3
99341,0
99342,3
99343,3
99344,0
99345,0
99346,0
99347,0
99348,0
99349,0
99350,0
99351,0
99352,0
99353,0
99354,0
99355,0
99356,0
99357,0
99358,0
99359,2
99360,2
99361,1
99362,2
99363,2
99364,3
99365,2
99366,2
99367,2
99368,3
99369,1
99370,3
99371,3
99372,0
99373,3
99374,3
99375,0
99376,2
99377,2
99378,0
99379,2
99380,3
99381,0
99382,0
99383,0
99384,1
99385,0
99386,1
99387,0
99388,3
99389,0
99390,0
99391,0
99392,3
99393,1
99394,3
99395,3
99396,3
99397,1
99398,3
99399,1
99400,2
99401,1
99402,2
99403,1
99404,2
99405,2
99406,2
99407,2
99408,4
99409,0
99410,3
99411,3
99412,0
99413,0
99414,2
99415,1
99416,0
99417,1
99418,0
99419,3
99420,0
99421,0
99422,0
99423,3
99424,0
99425,1
99426,3
99427,3
99428,3
99429,1
99430,1
99431,1
99432,3
99433,1
99434,1
99435,2
99436,1
99437,1
99438,1
99439,2
99440,3
99441,3
99442,1
99443,3
99444,3
99445,1
99446,1
99447,4
99448,1
99449,0
99450,1
99451,1
99452,3
99453,1
99454,0
99455,2
99456,2
99457,0
99458,2
99459,3
99460,1
99461,1
99462,1
99463,3
99464,3
99465,3
99466,0
99467,0
99468,3
99469,3
99470,3
99471,3
99472,0
99473,0
99474,0
99475,3
99476,5
99477,2
99478,3
99479,3
99480,1
99481,3
99482,1
99483,3
99484,2
99485,0
99486,1
99487,5
99488,1
99489,1
99490,1
99491,1
99492,0
99493,1
99494,0
99495,0
99496,0
99497,1
99498,0
99499,1
99500,0
99501,0
99502,0
99503,0
99504,0
99505,3
99506,1
99507,0
99508,1
99509,0
99510,0
99511,0
99512,1
99513,1
99514,0
99515,0
99516,1
99517,2
99518,3
99519,1
99520,1
99521,2
99522,1
99523,0
99524,1
99525,2
99526,0
99527,2
99528,0
99529,2
99530,0
99531,0
99532,0
99533,1
99534,2
99535,2
99536,0
99537,1
99538,3
99539,0
99540,0
99541,0
99542,0
99543,3
99544,3
99545,3
99546,3
99547,3
99548,3
99549,5
99550,3
99551,3
99552,5
99553,3
99554,3
99555,3
99556,2
99557,3
99558,2
99559,3
99560,3
99561,3
99562,3
99563,3
99564,5
99565,3
99566,3
99567,3
99568,0
99569,0
99570,0
99571,0
99572,0
99573,0
99574,0
99575,0
99576,3
99577,3
99578,1
99579,2
99580,3
99581,0
99582,0
99583,0
99584,1
99585,0
99586,0
99587,0
99588,0
99589,0
99590,0
99591,0
99592,0
99593,0
99594,0
99595,0
99596,0
99597,0
99598,0
99599,0
99600,0
99601,0
99602,2
99603,0
99604,0
99605,0
99606,0
99607,3
99608,0
99609,2
99610,0
99611,0
99612,0
99613,0
99614,2
99615,2
99616,3
99617,0
99618,3
99619,0
99620,1
99621,3
99622,0
99623,1
99624,3
99625,0
99626,3
99627,0
99628,0
99629,0
99630,0
99631,0
99632,0
99633,2
99634,1
99635,5
99636,0
99637,0
99638,0
99639,3
99640,2
99641,2
99642,0
99643,0
99644,0
99645,0
99646,0
99647,0
99648,0
99649,3
99650,0
99651,0
99652,0
99653,3
99654,2
99655,2
99656,2
99657,1
99658,0
99659,0
99660,0
99661,0
99662,0
99663,3
99664,0
99665,0
99666,2
99667,3
99668,1
99669,1
99670,2
99671,4
99672,2
99673,3
99674,3
99675,3
99676,3
99677,3
99678,3
99679,0
99680,1
99681,0
99682,2
99683,0
99684,0
99685,3
99686,0
99687,0
99688,0
99689,0
99690,0
99691,0
99692,0
99693,0
99694,0
99695,0
99696,0
99697,0
99698,1
99699,0
99700,0
99701,0
99702,0
99703,3
99704,3
99705,0
99706,2
99707,0
99708,0
99709,0
99710,0
99711,0
99712,0
99713,1
99714,0
99715,0
99716,0
99717,0
99718,0
99719,0
99720,0
99721,0
99722,0
99723,0
99724,2
99725,0
99726,0
99727,3
99728,1
99729,0
99730,1
99731,2
99732,1
99733,1
99734,3
99735,3
99736,3
99737,3
99738,3
99739,3
99740,3
99741,0
99742,3
99743,1
99744,0
99745,0
99746,0
99747,0
99748,0
99749,0
99750,0
99751,0
99752,3
99753,0
99754,3
99755,1
99756,1
99757,2
99758,3
99759,1
99760,1
99761,3
99762,2
99763,3
99764,3
99765,3
99766,1
99767,1
99768,3
99769,3
99770,2
99771,2
99772,0
99773,0
99774,3
99775,0
99776,0
99777,0
99778,0
99779,0
99780,3
99781,1
99782,0
99783,0
99784,0
99785,0
99786,0
99787,0
99788,0
99789,0
99790,2
99791,0
99792,2
99793,1
99794,0
99795,0
99796,0
99797,0
99798,3
99799,0
99800,0
99801,0
99802,0
99803,0
99804,0
99805,0
99806,0
99807,0
99808,0
99809,0
99810,0
99811,0
99812,0
99813,0
99814,0
99815,0
99816,0
99817,0
99818,0
99819,0
99820,0
99821,0
99822,0
99823,0
99824,0
99825,0
99826,0
99827,0
99828,0
99829,0
99830,0
99831,0
99832,0
99833,0
99834,0
99835,0
99836,0
99837,0
99838,0
99839,0
99840,0
99841,0
99842,0
99843,0
99844,0
99845,0
99846,0
99847,0
99848,0
99849,0
99850,0
99851,0
99852,0
99853,0
99854,0
99855,0
99856,0
99857,0
99858,0
99859,0
99860,0
99861,0
99862,0
99863,0
99864,0
99865,0
99866,0
99867,0
99868,0
99869,0
99870,0
99871,0
99872,0
99873,0
99874,0
99875,0
99876,0
99877,0
99878,0
99879,0
99880,0
99881,0
99882,0
99883,0
99884,3
99885,0
99886,0
99887,0
99888,0
99889,0
99890,0
99891,0
99892,0
99893,0
99894,0
99895,3
99896,0
99897,3
99898,0
99899,0
99900,0
99901,0
99902,0
99903,0
99904,0
99905,0
99906,0
99907,0
99908,0
99909,0
99910,0
99911,0
99912,0
99913,0
99914,0
99915,0
99916,0
99917,0
99918,0
99919,2
99920,2
99921,0
99922,0
99923,0
99924,0
99925,0
99926,0
99927,0
99928,0
99929,2
99930,1
99931,1
99932,0
99933,0
99934,2
99935,4
99936,2
99937,0
99938,0
99939,0
99940,0
99941,0
99942,0
99943,0
99944,3
99945,0
99946,0
99947,0
99948,0
99949,0
99950,0
99951,0
99952,0
99953,0
99954,0
99955,0
99956,3
99957,1
99958,3
99959,4
99960,3
99961,1
99962,2
99963,0
99964,0
99965,2
99966,0
99967,0
99968,0
99969,0
99970,0
99971,4
99972,2
99973,1
99974,0
99975,0
99976,0
99977,0
99978,0
99979,0
99980,0
99981,0
99982,0
99983,0
99984,0
99985,0
99986,0
99987,0
99988,0
99989,0
99990,0
99991,0
99992,0
99993,0
99994,0
99995,0
99996,0
99997,0
99998,0
99999,0
100000,0
100001,0
100002,0
100003,0
100004,0
100005,0
100006,0
100007,0
100008,0
100009,0
100010,0
100011,0
100012,0
100013,0
100014,0
100015,0
100016,0
100017,0
100018,3
100019,0
100020,0
100021,0
100022,0
100023,0
100024,0
100025,0
100026,0
100027,0
100028,0
100029,0
100030,3
100031,0
100032,0
100033,0
100034,0
100035,0
100036,3
100037,0
100038,0
100039,0
100040,0
100041,1
100042,0
100043,0
100044,0
100045,0
100046,0
100047,0
100048,1
100049,1
100050,0
100051,1
100052,0
100053,0
100054,0
100055,0
100056,3
100057,0
100058,0
100059,0
100060,2
100061,0
100062,0
100063,0
100064,0
100065,1
100066,0
100067,0
100068,0
100069,0
100070,0
100071,0
100072,0
100073,0
100074,0
100075,2
100076,3
100077,0
100078,0
100079,0
100080,0
100081,0
100082,0
100083,0
100084,0
100085,0
100086,0
100087,0
100088,1
100089,0
100090,0
100091,0
100092,0
100093,0
100094,0
100095,0
100096,0
100097,0
100098,0
100099,0
100100,0
100101,0
100102,0
100103,3
100104,0
100105,0
100106,0
100107,0
100108,0
100109,0
100110,0
100111,0
100112,0
100113,0
100114,0
100115,0
100116,0
100117,0
100118,2
100119,1
100120,0
100121,0
100122,0
100123,0
100124,0
100125,0
100126,0
100127,1
100128,0
100129,0
100130,0
100131,0
100132,0
100133,0
100134,0
100135,0
100136,0
100137,0
100138,0
100139,0
100140,0
100141,0
100142,0
100143,0
100144,0
100145,0
100146,0
100147,0
100148,0
100149,0
100150,0
100151,0
100152,0
100153,1
100154,0
100155,0
100156,0
100157,0
100158,0
100159,0
100160,1
100161,4
100162,0
100163,0
100164,0
100165,0
100166,0
100167,0
100168,1
100169,3
100170,3
100171,1
100172,1
100173,0
100174,0
100175,0
100176,0
100177,0
100178,0
100179,0
100180,3
100181,1
100182,0
100183,1
100184,1
100185,1
100186,0
100187,0
100188,0
100189,3
100190,3
100191,0
100192,0
100193,0
100194,0
100195,0
100196,0
100197,0
100198,0
100199,0
100200,0
100201,0
100202,0
100203,0
100204,0
100205,0
100206,0
100207,0
100208,0
100209,0
100210,0
100211,0
100212,0
100213,0
100214,0
100215,0
100216,0
100217,0
100218,0
100219,0
100220,0
100221,0
100222,2
100223,0
100224,0
100225,0
100226,0
100227,0
100228,0
100229,0
100230,0
100231,0
100232,0
100233,0
100234,0
100235,0
100236,0
100237,0
100238,0
100239,0
100240,0
100241,0
100242,0
100243,0
100244,0
100245,0
100246,1
100247,0
100248,0
100249,0
100250,2
100251,0
100252,0
100253,0
100254,0
100255,0
100256,0
100257,1
100258,0
100259,3
100260,3
100261,0
100262,1
100263,0
100264,0
100265,0
100266,0
100267,0
100268,0
100269,0
100270,0
100271,0
100272,0
100273,0
100274,0
100275,0
100276,0
100277,0
100278,0
100279,0
100280,0
100281,0
100282,0
100283,0
100284,0
100285,0
100286,0
100287,0
100288,0
100289,0
100290,0
100291,0
100292,0
100293,0
100294,3
100295,0
100296,0
100297,0
100298,2
100299,3
100300,1
100301,0
100302,0
100303,0
100304,0
100305,0
100306,0
100307,0
100308,0
100309,0
100310,0
100311,0
100312,0
100313,0
100314,0
100315,0
100316,0
100317,0
100318,0
100319,0
100320,0
100321,0
100322,0
100323,0
100324,0
100325,0
100326,0
100327,0
100328,3
100329,3
100330,1
100331,1
100332,2
100333,1
100334,0
100335,0
100336,0
100337,0
100338,0
100339,0
100340,1
100341,2
100342,0
100343,3
100344,1
100345,3
100346,0
100347,1
100348,0
100349,0
100350,0
100351,0
100352,0
100353,0
100354,0
100355,0
100356,3
100357,3
100358,0
100359,3
100360,0
100361,3
100362,3
100363,3
100364,3
100365,1
100366,0
100367,0
100368,0
100369,0
100370,0
100371,0
100372,0
100373,0
100374,0
100375,0
100376,0
100377,0
100378,1
100379,1
100380,0
100381,0
100382,0
100383,1
100384,3
100385,3
100386,0
100387,0
100388,0
100389,0
100390,0
100391,3
100392,0
100393,0
100394,0
100395,0
100396,3
100397,0
100398,0
100399,0
100400,0
100401,3
100402,0
100403,3
100404,4
100405,1
100406,3
100407,4
100408,3
100409,0
100410,0
100411,1
100412,1
100413,0
100414,0
100415,3
100416,1
100417,0
100418,0
100419,0
100420,0
100421,0
100422,0
100423,0
100424,0
100425,0
100426,0
100427,3
100428,0
100429,0
100430,0
100431,0
100432,0
100433,0
100434,0
100435,0
100436,0
100437,0
100438,3
100439,1
100440,0
100441,0
100442,3
100443,0
100444,0
100445,0
100446,0
100447,0
100448,0
100449,0
100450,0
100451,0
100452,0
100453,0
100454,1
100455,0
100456,1
100457,0
100458,1
100459,3
100460,3
100461,3
100462,3
100463,1
100464,3
100465,0
100466,0
100467,0
100468,0
100469,0
100470,3
100471,1
100472,1
100473,3
100474,0
100475,0
100476,0
100477,0
100478,3
100479,0
100480,0
100481,0
100482,0
100483,1
100484,1
100485,1
100486,3
100487,3
100488,2
100489,0
100490,0
100491,0
100492,1
100493,1
100494,1
100495,3
100496,3
100497,0
100498,1
100499,0
100500,3
100501,1
100502,0
100503,0
100504,1
100505,1
100506,0
100507,2
100508,0
100509,0
100510,0
100511,2
100512,2
100513,1
100514,1
100515,0
100516,0
100517,0
100518,0
100519,0
100520,0
100521,0
100522,3
100523,0
100524,0
100525,0
100526,0
100527,0
100528,0
100529,1
100530,0
100531,0
100532,0
100533,0
100534,0
100535,0
100536,0
100537,2
100538,0
100539,0
100540,0
100541,0
100542,0
100543,0
100544,1
100545,0
100546,0
100547,0
100548,3
100549,0
100550,0
100551,0
100552,0
100553,0
100554,0
100555,0
100556,0
100557,0
100558,3
100559,0
100560,0
100561,0
100562,2
100563,0
100564,0
100565,0
100566,3
100567,0
100568,0
100569,0
100570,0
100571,0
100572,0
100573,3
100574,0
100575,0
100576,0
100577,0
100578,0
100579,0
100580,0
100581,1
100582,0
100583,0
100584,3
100585,0
100586,0
100587,3
100588,0
100589,0
100590,0
100591,2
100592,0
100593,0
100594,0
100595,0
100596,0
100597,0
100598,0
100599,0
100600,0
100601,0
100602,0
100603,0
100604,0
100605,0
100606,0
100607,0
100608,0
100609,2
100610,0
100611,0
100612,0
100613,0
100614,0
100615,0
100616,0
100617,0
100618,0
100619,0
100620,0
100621,0
100622,0
100623,1
100624,1
100625,0
100626,0
100627,0
100628,0
100629,0
100630,0
100631,2
100632,0
100633,0
100634,0
100635,0
100636,0
100637,0
100638,0
100639,0
100640,0
100641,0
100642,0
100643,0
100644,0
100645,0
100646,0
100647,0
100648,0
100649,0
100650,0
100651,1
100652,0
100653,1
100654,0
100655,2
100656,0
100657,0
100658,0
100659,0
100660,0
100661,0
100662,0
100663,0
100664,0
100665,0
100666,0
100667,0
100668,0
100669,0
100670,0
100671,2
100672,2
100673,3
100674,3
100675,3
100676,3
100677,3
100678,0
100679,0
100680,0
100681,0
100682,0
100683,0
100684,2
100685,0
100686,3
100687,3
100688,2
100689,1
100690,3
100691,0
100692,0
100693,0
100694,0
100695,0
100696,2
100697,0
100698,0
100699,0
100700,2
100701,0
100702,0
100703,0
100704,0
100705,0
100706,0
100707,0
100708,0
100709,0
100710,2
100711,0
100712,0
100713,0
100714,0
100715,0
100716,0
100717,0
100718,0
100719,0
100720,0
100721,0
100722,0
100723,0
100724,0
100725,0
100726,0
100727,0
100728,0
100729,0
100730,3
100731,0
100732,0
100733,0
100734,0
100735,0
100736,0
100737,0
100738,0
100739,0
100740,0
100741,0
100742,0
100743,0
100744,0
100745,0
100746,0
100747,0
100748,0
100749,0
100750,0
100751,3
100752,0
100753,2
100754,2
100755,2
100756,2
100757,2
100758,2
100759,3
100760,2
100761,2
100762,3
100763,1
100764,2
100765,2
100766,2
100767,0
100768,2
100769,1
100770,2
100771,3
100772,1
100773,2
100774,2
100775,3
100776,2
100777,3
100778,3
100779,3
100780,3
100781,1
100782,3
100783,0
100784,1
100785,1
100786,0
100787,0
100788,0
100789,0
100790,0
100791,0
100792,0
100793,0
100794,0
100795,0
100796,1
100797,5
100798,0
100799,0
100800,0
100801,0
100802,0
100803,0
100804,0
100805,0
100806,0
100807,0
100808,0
100809,1
100810,1
100811,1
100812,1
100813,1
100814,0
100815,3
100816,0
100817,1
100818,3
100819,1
100820,3
100821,1
100822,1
100823,0
100824,0
100825,0
100826,0
100827,0
100828,0
100829,0
100830,1
100831,0
100832,0
100833,0
100834,0
100835,0
100836,0
100837,0
100838,0
100839,0
100840,0
100841,0
100842,0
100843,3
100844,0
100845,1
100846,0
100847,0
100848,0
100849,0
100850,0
100851,0
100852,0
100853,0
100854,0
100855,0
100856,0
100857,0
100858,0
100859,0
100860,0
100861,0
100862,1
100863,0
100864,0
100865,0
100866,0
100867,0
100868,0
100869,0
100870,0
100871,0
100872,0
100873,0
100874,0
100875,0
100876,0
100877,0
100878,0
100879,0
100880,0
100881,0
100882,0
100883,0
100884,0
100885,0
100886,0
100887,0
100888,0
100889,0
100890,0
100891,0
100892,0
100893,0
100894,0
100895,0
100896,0
100897,0
100898,0
100899,3
100900,0
100901,0
100902,0
100903,0
100904,0
100905,0
100906,1
100907,1
100908,1
100909,1
100910,0
100911,0
100912,0
100913,0
100914,0
100915,0
100916,0
100917,0
100918,0
100919,0
100920,0
100921,0
100922,0
100923,0
100924,0
100925,0
100926,0
100927,0
100928,0
100929,0
100930,0
100931,0
100932,0
100933,0
100934,0
100935,0
100936,0
100937,0
100938,0
100939,0
100940,0
100941,0
100942,0
100943,0
100944,0
100945,0
100946,0
100947,0
100948,0
100949,0
100950,0
100951,0
100952,0
100953,0
100954,0
100955,0
100956,0
100957,0
100958,0
100959,0
100960,0
100961,3
100962,0
100963,0
100964,0
100965,1
100966,0
100967,0
100968,0
100969,0
100970,0
100971,0
100972,0
100973,1
100974,1
100975,3
100976,1
100977,1
100978,0
100979,1
100980,1
100981,3
100982,1
100983,1
100984,1
100985,0
100986,1
100987,0
100988,2
100989,2
100990,1
100991,3
100992,2
100993,2
100994,2
100995,3
100996,2
100997,2
100998,2
100999,3
101000,1
101001,3
101002,3
101003,3
101004,2
101005,2
101006,2
101007,3
101008,2
101009,2
101010,2
101011,2
101012,2
101013,2
101014,2
101015,1
101016,2
101017,2
101018,2
101019,5
101020,2
101021,2
101022,2
101023,2
101024,2
101025,2
101026,2
101027,2
101028,1
101029,1
101030,3
101031,3
101032,1
101033,3
101034,3
101035,3
101036,1
101037,3
101038,0
101039,0
101040,3
101041,3
101042,3
101043,1
101044,0
101045,1
101046,3
101047,1
101048,3
101049,3
101050,0
101051,0
101052,3
101053,0
101054,3
101055,1
101056,0
101057,3
101058,3
101059,3
101060,3
101061,3
101062,3
101063,3
101064,3
101065,1
101066,3
101067,3
101068,3
101069,0
101070,0
101071,0
101072,0
101073,0
101074,0
101075,0
101076,0
101077,0
101078,0
101079,0
101080,2
101081,0
101082,3
101083,2
101084,0
101085,0
101086,0
101087,0
101088,0
101089,0
101090,3
101091,0
101092,0
101093,0
101094,3
101095,0
101096,2
101097,1
101098,3
101099,1
101100,2
101101,2
101102,4
101103,2
101104,3
101105,5
101106,1
101107,2
101108,3
101109,4
101110,4
101111,2
101112,2
101113,2
101114,2
101115,4
101116,3
101117,4
101118,3
101119,4
101120,2
101121,4
101122,2
101123,5
101124,2
101125,2
101126,2
101127,1
101128,2
101129,0
101130,3
101131,3
101132,3
101133,3
101134,2
101135,3
101136,2
101137,3
101138,0
101139,3
101140,3
101141,3
101142,2
101143,3
101144,3
101145,3
101146,3
101147,3
101148,3
101149,3
101150,3
101151,3
101152,2
101153,3
101154,3
101155,2
101156,1
101157,3
101158,3
101159,3
101160,2
101161,1
101162,3
101163,3
101164,1
101165,1
101166,1
101167,5
101168,2
101169,2
101170,2
101171,3
101172,2
101173,2
101174,2
101175,3
101176,5
101177,2
101178,2
101179,2
101180,2
101181,2
101182,1
101183,2
101184,2
101185,1
101186,1
101187,5
101188,5
101189,3
101190,2
101191,3
101192,2
101193,2
101194,5
101195,2
101196,5
101197,5
101198,0
101199,2
101200,1
101201,1
101202,1
101203,1
101204,2
101205,2
101206,1
101207,1
101208,2
101209,1
101210,5
101211,5
101212,5
101213,2
101214,2
101215,3
101216,3
101217,2
101218,2
101219,2
101220,2
101221,1
101222,1
101223,1
101224,3
101225,1
101226,3
101227,3
101228,2
101229,3
101230,3
101231,3
101232,2
101233,2
101234,3
101235,2
101236,5
101237,2
101238,2
101239,2
101240,2
101241,5
101242,2
101243,2
101244,2
101245,3
101246,2
101247,3
101248,2
101249,2
101250,2
101251,3
101252,3
101253,5
101254,3
101255,3
101256,3
101257,3
101258,3
101259,3
101260,2
101261,3
101262,2
101263,3
101264,2
101265,2
101266,3
101267,3
101268,2
101269,1
101270,2
101271,2
101272,5
101273,5
101274,3
101275,1
101276,1
101277,2
101278,3
101279,2
101280,2
101281,5
101282,2
101283,5
101284,3
101285,5
101286,2
101287,2
101288,2
101289,3
101290,2
101291,1
101292,2
101293,2
101294,2
101295,3
101296,2
101297,1
101298,1
101299,0
101300,1
101301,2
101302,5
101303,2
101304,2
101305,5
101306,5
101307,5
101308,5
101309,2
101310,5
101311,2
101312,5
101313,2
101314,2
101315,3
101316,1
101317,2
101318,2
101319,5
101320,2
101321,2
101322,5
101323,5
101324,1
101325,2
101326,3
101327,5
101328,5
101329,2
101330,2
101331,2
101332,1
101333,3
101334,2
101335,1
101336,5
101337,1
101338,5
101339,2
101340,2
101341,2
101342,5
101343,2
101344,5
101345,2
101346,2
101347,1
101348,5
101349,3
101350,2
101351,5
101352,1
101353,1
101354,1
101355,3
101356,2
101357,1
101358,3
101359,3
101360,1
101361,3
101362,3
101363,3
101364,3
101365,3
101366,3
101367,3
101368,3
101369,3
101370,3
101371,3
101372,5
101373,3
101374,3
101375,3
101376,3
101377,3
101378,1
101379,3
101380,3
101381,2
101382,2
101383,2
101384,2
101385,5
101386,3
101387,2
101388,2
101389,2
101390,5
101391,2
101392,2
101393,5
101394,1
101395,3
101396,3
101397,2
101398,5
101399,3
101400,2
101401,2
101402,2
101403,2
101404,5
101405,1
101406,2
101407,2
101408,2
101409,3
101410,5
101411,3
101412,3
101413,5
101414,5
101415,1
101416,3
101417,1
101418,1
101419,3
101420,3
101421,4
101422,3
101423,3
101424,3
101425,3
101426,3
101427,3
101428,2
101429,1
101430,2
101431,2
101432,4
101433,3
101434,2
101435,2
101436,3
101437,3
101438,3
101439,2
101440,2
101441,2
101442,2
101443,2
101444,1
101445,2
101446,2
101447,3
101448,3
101449,1
101450,1
101451,3
101452,5
101453,2
101454,5
101455,5
101456,3
101457,3
101458,2
101459,3
101460,3
101461,2
101462,3
101463,2
101464,3
101465,3
101466,1
101467,3
101468,3
101469,3
101470,1
101471,2
101472,1
101473,1
101474,3
101475,3
101476,3
101477,3
101478,5
101479,1
101480,1
101481,3
101482,5
101483,2
101484,2
101485,3
101486,2
101487,2
101488,2
101489,5
101490,3
101491,2
101492,2
101493,5
101494,3
101495,3
101496,3
101497,3
101498,2
101499,0
101500,2
101501,1
101502,2
101503,2
101504,2
101505,2
101506,2
101507,5
101508,2
101509,3
101510,2
101511,3
101512,3
101513,1
101514,3
101515,2
101516,2
101517,5
101518,3
101519,1
101520,2
101521,3
101522,2
101523,2
101524,3
101525,2
101526,2
101527,2
101528,2
101529,2
101530,2
101531,5
101532,5
101533,3
101534,3
101535,3
101536,3
101537,3
101538,3
101539,3
101540,3
101541,3
101542,1
101543,0
101544,5
101545,3
101546,3
101547,3
101548,3
101549,3
101550,3
101551,3
101552,2
101553,2
101554,2
101555,3
101556,3
101557,3
101558,4
101559,3
101560,3
101561,3
101562,3
101563,3
101564,3
101565,3
101566,3
101567,1
101568,1
101569,1
101570,1
101571,3
101572,3
101573,3
101574,2
101575,2
101576,2
101577,3
101578,3
101579,5
101580,3
101581,2
101582,3
101583,3
101584,3
101585,2
101586,2
101587,2
101588,3
101589,1
101590,3
101591,3
101592,3
101593,2
101594,2
101595,3
101596,2
101597,1
101598,2
101599,2
101600,2
101601,3
101602,3
101603,2
101604,1
101605,5
101606,1
101607,3
101608,3
101609,2
101610,1
101611,1
101612,2
101613,1
101614,2
101615,2
101616,3
101617,3
101618,3
101619,3
101620,3
101621,2
101622,3
101623,2
101624,1
101625,2
101626,3
101627,2
101628,3
101629,2
101630,2
101631,1
101632,2
101633,2
101634,2
101635,3
101636,3
101637,3
101638,5
101639,2
101640,3
101641,1
101642,3
101643,1
101644,1
101645,3
101646,3
101647,0
101648,2
101649,3
101650,1
101651,2
101652,3
101653,3
101654,2
101655,2
101656,3
101657,5
101658,2
101659,3
101660,3
101661,2
101662,3
101663,2
101664,2
101665,3
101666,5
101667,3
101668,2
101669,3
101670,3
101671,3
101672,3
101673,2
101674,2
101675,2
101676,2
101677,3
101678,2
101679,2
101680,2
101681,2
101682,3
101683,5
101684,3
101685,2
101686,2
101687,2
101688,2
101689,2
101690,2
101691,2
101692,2
101693,2
101694,2
101695,2
101696,2
101697,2
101698,2
101699,2
101700,2
101701,2
101702,2
101703,2
101704,5
101705,5
101706,2
101707,3
101708,3
101709,3
101710,2
101711,3
101712,2
101713,2
101714,2
101715,2
101716,5
101717,2
101718,3
101719,5
101720,2
101721,5
101722,2
101723,5
101724,0
101725,2
101726,2
101727,2
101728,2
101729,0
101730,2
101731,2
101732,2
101733,0
101734,2
101735,5
101736,2
101737,2
101738,2
101739,3
101740,5
101741,3
101742,5
101743,2
101744,2
101745,2
101746,2
101747,3
101748,5
101749,2
101750,2
101751,2
101752,2
101753,2
101754,3
101755,2
101756,3
101757,1
101758,5
101759,2
101760,2
101761,5
101762,2
101763,0
101764,2
101765,5
101766,0
101767,2
101768,2
101769,3
101770,3
101771,2
101772,0
101773,2
101774,2
101775,2
101776,2
101777,0
101778,0
101779,2
101780,3
101781,1
101782,3
101783,1
101784,2
101785,1
101786,3
101787,3
101788,3
101789,3
101790,3
101791,1
101792,3
101793,3
101794,3
101795,3
101796,3
101797,3
101798,3
101799,2
101800,2
101801,3
101802,3
101803,3
101804,3
101805,1
101806,2
101807,5
101808,3
101809,1
101810,3
101811,1
101812,2
101813,5
101814,2
101815,3
101816,3
101817,3
101818,1
101819,2
101820,3
101821,3
101822,3
101823,3
101824,1
101825,0
101826,3
101827,3
101828,1
101829,2
101830,2
101831,3
101832,3
101833,2
101834,1
101835,1
101836,1
101837,1
101838,2
101839,3
101840,0
101841,2
101842,2
101843,2
101844,0
101845,0
101846,2
101847,2
101848,2
101849,1
101850,2
101851,5
101852,2
101853,2
101854,1
101855,2
101856,2
101857,2
101858,2
101859,1
101860,2
101861,2
101862,2
101863,2
101864,1
101865,2
101866,1
101867,1
101868,1
101869,2
101870,2
101871,1
101872,2
101873,2
101874,2
101875,2
101876,1
101877,2
101878,2
101879,1
101880,1
101881,1
101882,1
101883,1
101884,5
101885,1
101886,2
101887,2
101888,2
101889,2
101890,2
101891,2
101892,2
101893,2
101894,2
101895,2
101896,2
101897,2
101898,1
101899,2
101900,2
101901,2
101902,2
101903,2
101904,2
101905,2
101906,2
101907,2
101908,2
101909,2
101910,2
101911,2
101912,2
101913,1
101914,1
101915,2
101916,2
101917,1
101918,1
101919,2
101920,2
101921,1
101922,1
101923,1
101924,1
101925,2
101926,1
101927,1
101928,2
101929,2
101930,2
101931,1
101932,1
101933,1
101934,1
101935,2
101936,4
101937,1
101938,1
101939,0
101940,1
101941,2
101942,2
101943,2
101944,2
101945,2
101946,2
101947,2
101948,2
101949,2
101950,2
101951,2
101952,2
101953,2
101954,2
101955,2
101956,2
101957,2
101958,2
101959,2
101960,2
101961,2
101962,2
101963,2
101964,2
101965,2
101966,2
101967,2
101968,2
101969,2
101970,2
101971,2
101972,2
101973,0
101974,2
101975,2
101976,2
101977,2
101978,2
101979,2
101980,2
101981,0
101982,2
101983,2
101984,2
101985,2
101986,2
101987,2
101988,2
101989,2
101990,2
101991,2
101992,2
101993,2
101994,2
101995,2
101996,2
101997,2
101998,2
101999,2
102000,1
102001,2
102002,1
102003,2
102004,4
102005,2
102006,2
102007,1
102008,0
102009,0
102010,0
102011,2
102012,2
102013,2
102014,2
102015,2
102016,2
102017,5
102018,1
102019,0
102020,4
102021,0
102022,4
102023,1
102024,1
102025,2
102026,1
102027,1
102028,2
102029,3
102030,2
102031,2
102032,2
102033,4
102034,2
102035,2
102036,2
102037,2
102038,2
102039,4
102040,0
102041,2
102042,2
102043,2
102044,2
102045,2
102046,2
102047,2
102048,2
102049,2
102050,2
102051,2
102052,2
102053,4
102054,2
102055,2
102056,2
102057,2
102058,2
102059,2
102060,2
102061,2
102062,2
102063,2
102064,2
102065,2
102066,2
102067,0
102068,2
102069,2
102070,2
102071,2
102072,2
102073,2
102074,2
102075,1
102076,2
102077,0
102078,2
102079,4
102080,2
102081,2
102082,2
102083,2
102084,2
102085,2
102086,2
102087,2
102088,2
102089,2
102090,2
102091,2
102092,2
102093,2
102094,0
102095,2
102096,1
102097,2
102098,2
102099,3
102100,2
102101,2
102102,2
102103,2
102104,2
102105,2
102106,2
102107,2
102108,2
102109,2
102110,2
102111,2
102112,2
102113,3
102114,2
102115,2
102116,2
102117,2
102118,0
102119,2
102120,2
102121,2
102122,0
102123,2
102124,0
102125,2
102126,2
102127,2
102128,2
102129,2
102130,2
102131,2
102132,2
102133,1
102134,1
102135,1
102136,3
102137,1
102138,3
102139,1
102140,2
102141,2
102142,0
102143,2
102144,2
102145,2
102146,2
102147,2
102148,2
102149,2
102150,2
102151,2
102152,2
102153,2
102154,2
102155,2
102156,2
102157,2
102158,2
102159,2
102160,2
102161,2
102162,2
102163,2
102164,2
102165,2
102166,2
102167,2
102168,2
102169,2
102170,2
102171,0
102172,2
102173,1
102174,1
102175,2
102176,2
102177,1
102178,0
102179,2
102180,2
102181,2
102182,2
102183,4
102184,2
102185,2
102186,2
102187,2
102188,2
102189,0
102190,2
102191,2
102192,2
102193,2
102194,5
102195,2
102196,0
102197,2
102198,3
102199,2
102200,1
102201,4
102202,3
102203,1
102204,1
102205,3
102206,1
102207,1
102208,4
102209,2
102210,1
102211,2
102212,5
102213,1
102214,2
102215,1
102216,1
102217,1
102218,1
102219,1
102220,1
102221,0
102222,3
102223,0
102224,0
102225,1
102226,0
102227,1
102228,0
102229,0
102230,2
102231,1
102232,1
102233,1
102234,1
102235,1
102236,1
102237,1
102238,1
102239,1
102240,5
102241,1
102242,1
102243,0
102244,2
102245,2
102246,2
102247,2
102248,2
102249,2
102250,4
102251,2
102252,1
102253,5
102254,2
102255,2
102256,5
102257,2
102258,4
102259,2
102260,0
102261,1
102262,2
102263,2
102264,2
102265,2
102266,5
102267,1
102268,1
102269,4
102270,5
102271,2
102272,2
102273,2
102274,2
102275,2
102276,2
102277,2
102278,3
102279,0
102280,1
102281,1
102282,1
102283,0
102284,2
102285,1
102286,0
102287,0
102288,0
102289,4
102290,4
102291,1
102292,1
102293,0
102294,2
102295,4
102296,0
102297,3
102298,2
102299,1
102300,2
102301,2
102302,0
102303,2
102304,2
102305,3
102306,0
102307,4
102308,2
102309,2
102310,3
102311,2
102312,0
102313,2
102314,2
102315,0
102316,2
102317,2
102318,2
102319,2
102320,1
102321,2
102322,2
102323,2
102324,2
102325,2
102326,2
102327,0
102328,2
102329,0
102330,2
102331,2
102332,2
102333,3
102334,2
102335,2
102336,2
102337,2
102338,2
102339,2
102340,4
102341,2
102342,2
102343,2
102344,2
102345,0
102346,2
102347,2
102348,0
102349,2
102350,2
102351,2
102352,0
102353,2
102354,2
102355,0
102356,4
102357,2
102358,2
102359,0
102360,2
102361,2
102362,2
102363,2
102364,4
102365,2
102366,2
102367,2
102368,2
102369,2
102370,2
102371,0
102372,2
102373,1
102374,2
102375,2
102376,0
102377,2
102378,2
102379,0
102380,2
102381,2
102382,2
102383,2
102384,2
102385,2
102386,0
102387,2
102388,2
102389,0
102390,2
102391,1
102392,2
102393,2
102394,0
102395,0
102396,0
102397,2
102398,2
102399,4
102400,0
102401,0
102402,0
102403,0
102404,2
102405,2
102406,2
102407,0
102408,2
102409,1
102410,3
102411,0
102412,3
102413,2
102414,2
102415,0
102416,1
102417,3
102418,2
102419,1
102420,1
102421,1
102422,4
102423,1
102424,1
102425,1
102426,1
102427,2
102428,1
102429,2
102430,1
102431,2
102432,0
102433,0
102434,1
102435,1
102436,2
102437,1
102438,2
102439,2
102440,2
102441,1
102442,1
102443,1
102444,0
102445,2
102446,2
102447,2
102448,2
102449,1
102450,2
102451,2
102452,2
102453,2
102454,2
102455,2
102456,2
102457,2
102458,0
102459,2
102460,2
102461,2
102462,2
102463,2
102464,2
102465,1
102466,2
102467,2
102468,2
102469,2
102470,2
102471,2
102472,2
102473,2
102474,2
102475,2
102476,2
102477,2
102478,2
102479,2
102480,2
102481,2
102482,2
102483,2
102484,2
102485,2
102486,2
102487,1
102488,2
102489,3
102490,1
102491,1
102492,1
102493,1
102494,1
102495,1
102496,1
102497,1
102498,1
102499,0
102500,1
102501,2
102502,2
102503,2
102504,2
102505,2
102506,1
102507,1
102508,0
102509,2
102510,2
102511,1
102512,2
102513,2
102514,2
102515,2
102516,2
102517,2
102518,2
102519,2
102520,0
102521,2
102522,2
102523,2
102524,2
102525,2
102526,2
102527,2
102528,2
102529,2
102530,2
102531,2
102532,2
102533,0
102534,2
102535,1
102536,1
102537,1
102538,1
102539,2
102540,1
102541,2
102542,2
102543,2
102544,2
102545,2
102546,2
102547,1
102548,1
102549,2
102550,2
102551,2
102552,1
102553,2
102554,2
102555,1
102556,2
102557,2
102558,2
102559,2
102560,1
102561,2
102562,2
102563,2
102564,2
102565,2
102566,2
102567,2
102568,2
102569,2
102570,1
102571,1
102572,1
102573,1
102574,0
102575,2
102576,2
102577,2
102578,2
102579,2
102580,1
102581,2
102582,2
102583,2
102584,2
102585,2
102586,2
102587,2
102588,2
102589,2
102590,2
102591,2
102592,2
102593,4
102594,1
102595,1
102596,1
102597,1
102598,2
102599,2
102600,2
102601,2
102602,2
102603,2
102604,2
102605,2
102606,2
102607,2
102608,2
102609,2
102610,2
102611,2
102612,0
102613,2
102614,2
102615,2
102616,2
102617,2
102618,2
102619,2
102620,2
102621,2
102622,2
102623,2
102624,2
102625,2
102626,2
102627,2
102628,2
102629,2
102630,2
102631,2
102632,2
102633,0
102634,2
102635,2
102636,1
102637,3
102638,1
102639,0
102640,2
102641,1
102642,3
102643,1
102644,1
102645,1
102646,2
102647,2
102648,2
102649,2
102650,2
102651,2
102652,2
102653,2
102654,1
102655,4
102656,2
102657,2
102658,1
102659,2
102660,2
102661,2
102662,1
102663,2
102664,2
102665,2
102666,2
102667,2
102668,2
102669,2
102670,1
102671,2
102672,2
102673,2
102674,2
102675,2
102676,2
102677,2
102678,2
102679,2
102680,2
102681,2
102682,0
102683,1
102684,1
102685,1
102686,1
102687,1
102688,1
102689,1
102690,1
102691,1
102692,1
102693,2
102694,3
102695,4
102696,1
102697,4
102698,1
102699,1
102700,3
102701,2
102702,2
102703,2
102704,2
102705,2
102706,2
102707,1
102708,0
102709,2
102710,3
102711,0
102712,3
102713,1
102714,2
102715,2
102716,1
102717,1
102718,2
102719,1
102720,2
102721,2
102722,1
102723,1
102724,1
102725,3
102726,4
102727,4
102728,3
102729,0
102730,1
102731,2
102732,2
102733,2
102734,1
102735,1
102736,3
102737,4
102738,3
102739,2
102740,4
102741,1
102742,2
102743,1
102744,1
102745,3
102746,1
102747,0
102748,1
102749,1
102750,0
102751,1
102752,1
102753,1
102754,1
102755,1
102756,1
102757,1
102758,1
102759,1
102760,1
102761,1
102762,1
102763,1
102764,1
102765,1
102766,1
102767,1
102768,1
102769,0
102770,2
102771,2
102772,2
102773,2
102774,2
102775,2
102776,4
102777,2
102778,2
102779,1
102780,2
102781,3
102782,2
102783,2
102784,4
102785,0
102786,2
102787,3
102788,2
102789,2
102790,2
102791,2
102792,2
102793,2
102794,2
102795,2
102796,0
102797,2
102798,2
102799,2
102800,2
102801,2
102802,1
102803,2
102804,2
102805,2
102806,2
102807,2
102808,2
102809,2
102810,2
102811,2
102812,2
102813,2
102814,2
102815,2
102816,2
102817,2
102818,2
102819,2
102820,2
102821,2
102822,2
102823,2
102824,2
102825,2
102826,2
102827,2
102828,3
102829,2
102830,2
102831,2
102832,2
102833,2
102834,2
102835,2
102836,2
102837,2
102838,1
102839,2
102840,2
102841,2
102842,2
102843,2
102844,2
102845,2
102846,2
102847,2
102848,2
102849,2
102850,2
102851,2
102852,2
102853,2
102854,2
102855,2
102856,2
102857,2
102858,2
102859,2
102860,3
102861,2
102862,3
102863,2
102864,2
102865,2
102866,3
102867,2
102868,2
102869,2
102870,2
102871,2
102872,2
102873,2
102874,3
102875,2
102876,3
102877,2
102878,3
102879,2
102880,3
102881,2
102882,1
102883,2
102884,3
102885,2
102886,3
102887,3
102888,2
102889,2
102890,2
102891,1
102892,2
102893,2
102894,3
102895,3
102896,1
102897,1
102898,1
102899,1
102900,1
102901,2
102902,1
102903,2
102904,0
102905,0
102906,2
102907,2
102908,0
102909,2
102910,2
102911,2
102912,2
102913,2
102914,2
102915,2
102916,2
102917,2
102918,2
102919,2
102920,4
102921,2
102922,2
102923,2
102924,2
102925,2
102926,2
102927,3
102928,0
102929,2
102930,2
102931,2
102932,2
102933,2
102934,2
102935,2
102936,2
102937,2
102938,2
102939,5
102940,2
102941,3
102942,2
102943,2
102944,2
102945,5
102946,2
102947,2
102948,2
102949,2
102950,0
102951,2
102952,2
102953,2
102954,2
102955,2
102956,2
102957,2
102958,2
102959,2
102960,2
102961,2
102962,2
102963,2
102964,2
102965,2
102966,2
102967,2
102968,2
102969,2
102970,2
102971,2
102972,2
102973,2
102974,2
102975,2
102976,2
102977,2
102978,2
102979,2
102980,2
102981,2
102982,2
102983,2
102984,2
102985,2
102986,2
102987,2
102988,2
102989,2
102990,2
102991,2
102992,2
102993,2
102994,2
102995,2
102996,2
102997,2
102998,2
102999,2
103000,2
103001,4
103002,2
103003,2
103004,2
103005,2
103006,2
103007,2
103008,2
103009,2
103010,2
103011,2
103012,2
103013,2
103014,2
103015,2
103016,2
103017,2
103018,2
103019,2
103020,2
103021,4
103022,2
103023,2
103024,2
103025,2
103026,2
103027,2
103028,2
103029,2
103030,2
103031,2
103032,2
103033,2
103034,2
103035,1
103036,2
103037,2
103038,2
103039,0
103040,2
103041,2
103042,2
103043,2
103044,2
103045,2
103046,2
103047,1
103048,2
103049,2
103050,2
103051,2
103052,2
103053,2
103054,2
103055,2
103056,2
103057,2
103058,0
103059,2
103060,2
103061,2
103062,2
103063,2
103064,2
103065,2
103066,2
103067,2
103068,0
103069,2
103070,2
103071,2
103072,2
103073,2
103074,2
103075,2
103076,2
103077,2
103078,2
103079,1
103080,0
103081,1
103082,2
103083,2
103084,2
103085,2
103086,2
103087,2
103088,0
103089,2
103090,2
103091,2
103092,2
103093,2
103094,0
103095,2
103096,2
103097,2
103098,2
103099,2
103100,2
103101,2
103102,2
103103,2
103104,2
103105,2
103106,2
103107,2
103108,2
103109,2
103110,2
103111,1
103112,2
103113,2
103114,2
103115,2
103116,0
103117,2
103118,2
103119,2
103120,2
103121,2
103122,2
103123,2
103124,2
103125,2
103126,2
103127,2
103128,2
103129,2
103130,2
103131,2
103132,2
103133,2
103134,2
103135,2
103136,2
103137,2
103138,0
103139,2
103140,2
103141,2
103142,2
103143,2
103144,2
103145,2
103146,1
103147,2
103148,2
103149,2
103150,2
103151,2
103152,2
103153,2
103154,2
103155,2
103156,2
103157,2
103158,2
103159,2
103160,2
103161,2
103162,2
103163,2
103164,2
103165,2
103166,2
103167,2
103168,2
103169,2
103170,2
103171,2
103172,2
103173,2
103174,2
103175,2
103176,2
103177,2
103178,2
103179,2
103180,2
103181,2
103182,2
103183,2
103184,2
103185,2
103186,2
103187,2
103188,2
103189,2
103190,2
103191,2
103192,2
103193,2
103194,2
103195,2
103196,1
103197,2
103198,2
103199,2
103200,2
103201,2
103202,2
103203,2
103204,2
103205,1
103206,2
103207,2
103208,2
103209,0
103210,2
103211,2
103212,1
103213,1
103214,2
103215,2
103216,2
103217,2
103218,2
103219,0
103220,2
103221,1
103222,1
103223,1
103224,2
103225,2
103226,2
103227,2
103228,2
103229,2
103230,2
103231,2
103232,2
103233,2
103234,2
103235,1
103236,2
103237,2
103238,2
103239,2
103240,0
103241,2
103242,2
103243,2
103244,2
103245,2
103246,2
103247,2
103248,2
103249,2
103250,2
103251,2
103252,2
103253,2
103254,2
103255,2
103256,2
103257,2
103258,2
103259,2
103260,2
103261,2
103262,2
103263,2
103264,2
103265,1
103266,2
103267,2
103268,2
103269,2
103270,2
103271,2
103272,2
103273,2
103274,2
103275,2
103276,0
103277,2
103278,2
103279,2
103280,2
103281,2
103282,0
103283,2
103284,2
103285,2
103286,2
103287,2
103288,2
103289,2
103290,2
103291,2
103292,2
103293,2
103294,2
103295,2
103296,1
103297,1
103298,2
103299,2
103300,2
103301,2
103302,2
103303,2
103304,2
103305,0
103306,2
103307,2
103308,2
103309,1
103310,2
103311,2
103312,2
103313,2
103314,2
103315,2
103316,2
103317,0
103318,2
103319,2
103320,2
103321,2
103322,1
103323,0
103324,2
103325,2
103326,2
103327,2
103328,2
103329,2
103330,2
103331,2
103332,2
103333,2
103334,2
103335,2
103336,2
103337,2
103338,2
103339,2
103340,2
103341,2
103342,2
103343,2
103344,2
103345,2
103346,2
103347,2
103348,2
103349,2
103350,2
103351,2
103352,2
103353,2
103354,2
103355,2
103356,2
103357,2
103358,2
103359,2
103360,2
103361,1
103362,2
103363,2
103364,2
103365,2
103366,2
103367,2
103368,2
103369,2
103370,0
103371,2
103372,2
103373,2
103374,2
103375,2
103376,2
103377,2
103378,2
103379,2
103380,2
103381,2
103382,2
103383,2
103384,2
103385,2
103386,2
103387,2
103388,2
103389,2
103390,2
103391,2
103392,2
103393,0
103394,0
103395,2
103396,2
103397,2
103398,2
103399,2
103400,2
103401,1
103402,0
103403,2
103404,0
103405,2
103406,2
103407,2
103408,2
103409,2
103410,2
103411,2
103412,2
103413,2
103414,2
103415,2
103416,2
103417,2
103418,2
103419,2
103420,2
103421,2
103422,2
103423,2
103424,2
103425,2
103426,2
103427,2
103428,2
103429,2
103430,2
103431,2
103432,2
103433,1
103434,2
103435,2
103436,2
103437,2
103438,2
103439,2
103440,2
103441,2
103442,2
103443,2
103444,2
103445,2
103446,2
103447,2
103448,2
103449,2
103450,2
103451,2
103452,2
103453,2
103454,1
103455,2
103456,0
103457,2
103458,2
103459,2
103460,2
103461,2
103462,2
103463,2
103464,2
103465,0
103466,2
103467,2
103468,2
103469,2
103470,2
103471,2
103472,2
103473,2
103474,2
103475,2
103476,2
103477,2
103478,2
103479,2
103480,2
103481,2
103482,2
103483,2
103484,2
103485,2
103486,2
103487,2
103488,2
103489,2
103490,2
103491,2
103492,2
103493,2
103494,2
103495,2
103496,2
103497,2
103498,2
103499,2
103500,2
103501,2
103502,2
103503,2
103504,2
103505,2
103506,0
103507,2
103508,2
103509,2
103510,2
103511,2
103512,2
103513,2
103514,2
103515,2
103516,2
103517,2
103518,2
103519,2
103520,2
103521,2
103522,2
103523,2
103524,2
103525,2
103526,1
103527,2
103528,2
103529,1
103530,2
103531,2
103532,2
103533,2
103534,2
103535,2
103536,2
103537,2
103538,0
103539,3
103540,1
103541,1
103542,2
103543,0
103544,2
103545,2
103546,2
103547,0
103548,1
103549,2
103550,2
103551,3
103552,2
103553,2
103554,3
103555,0
103556,3
103557,3
103558,3
103559,2
103560,3
103561,2
103562,3
103563,3
103564,3
103565,0
103566,3
103567,3
103568,3
103569,3
103570,3
103571,3
103572,0
103573,0
103574,2
103575,0
103576,0
103577,2
103578,0
103579,0
103580,0
103581,3
103582,3
103583,4
103584,3
103585,3
103586,2
103587,0
103588,0
103589,0
103590,3
103591,3
103592,0
103593,0
103594,3
103595,3
103596,3
103597,3
103598,0
103599,3
103600,3
103601,0
103602,3
103603,3
103604,0
103605,2
103606,4
103607,3
103608,3
103609,3
103610,0
103611,0
103612,0
103613,0
103614,4
103615,4
103616,3
103617,3
103618,3
103619,3
103620,0
103621,0
103622,0
103623,1
103624,3
103625,1
103626,0
103627,0
103628,3
103629,0
103630,4
103631,3
103632,1
103633,3
103634,1
103635,3
103636,3
103637,1
103638,1
103639,3
103640,0
103641,0
103642,1
103643,1
103644,1
103645,1
103646,1
103647,1
103648,1
103649,1
103650,0
103651,0
103652,0
103653,0
103654,0
103655,1
103656,0
103657,0
103658,3
103659,3
103660,3
103661,1
103662,3
103663,0
103664,0
103665,1
103666,0
103667,0
103668,0
103669,0
103670,0
103671,0
103672,1
103673,3
103674,0
103675,0
103676,0
103677,0
103678,0
103679,3
103680,2
103681,2
103682,0
103683,0
103684,3
103685,2
103686,0
103687,2
103688,2
103689,2
103690,2
103691,1
103692,3
103693,3
103694,2
103695,3
103696,3
103697,2
103698,2
103699,2
103700,0
103701,0
103702,3
103703,2
103704,1
103705,0
103706,3
103707,0
103708,3
103709,2
103710,3
103711,2
103712,2
103713,3
103714,3
103715,4
103716,3
103717,3
103718,2
103719,0
103720,3
103721,3
103722,0
103723,0
103724,0
103725,0
103726,0
103727,1
103728,3
103729,3
103730,2
103731,0
103732,0
103733,0
103734,0
103735,3
103736,0
103737,0
103738,2
103739,0
103740,0
103741,0
103742,3
103743,0
103744,0
103745,0
103746,0
103747,3
103748,3
103749,3
103750,3
103751,3
103752,0
103753,0
103754,0
103755,0
103756,0
103757,0
103758,3
103759,0
103760,0
103761,0
103762,0
103763,0
103764,0
103765,3
103766,0
103767,0
103768,0
103769,0
103770,0
103771,0
103772,0
103773,0
103774,0
103775,0
103776,0
103777,0
103778,0
103779,0
103780,0
103781,0
103782,0
103783,0
103784,0
103785,0
103786,0
103787,0
103788,0
103789,3
103790,0
103791,0
103792,0
103793,0
103794,0
103795,0
103796,0
103797,0
103798,0
103799,0
103800,0
103801,0
103802,3
103803,0
103804,0
103805,2
103806,3
103807,0
103808,0
103809,0
103810,0
103811,0
103812,0
103813,3
103814,0
103815,0
103816,2
103817,0
103818,2
103819,0
103820,0
103821,0
103822,0
103823,0
103824,0
103825,0
103826,2
103827,0
103828,0
103829,0
103830,2
103831,0
103832,3
103833,0
103834,0
103835,0
103836,3
103837,3
103838,3
103839,3
103840,3
103841,0
103842,3
103843,3
103844,0
103845,3
103846,2
103847,0
103848,0
103849,3
103850,3
103851,3
103852,1
103853,3
103854,1
103855,0
103856,0
103857,0
103858,1
103859,0
103860,1
103861,3
103862,2
103863,2
103864,0
103865,0
103866,1
103867,0
103868,0
103869,0
103870,3
103871,2
103872,0
103873,2
103874,0
103875,0
103876,0
103877,0
103878,0
103879,0
103880,0
103881,0
103882,0
103883,0
103884,0
103885,0
103886,0
103887,0
103888,0
103889,0
103890,0
103891,0
103892,0
103893,0
103894,0
103895,0
103896,0
103897,0
103898,0
103899,0
103900,0
103901,0
103902,0
103903,0
103904,0
103905,0
103906,0
103907,0
103908,0
103909,0
103910,0
103911,1
103912,3
103913,0
103914,0
103915,0
103916,0
103917,0
103918,0
103919,0
103920,0
103921,0
103922,0
103923,0
103924,0
103925,0
103926,0
103927,0
103928,0
103929,0
103930,0
103931,3
103932,1
103933,3
103934,3
103935,3
103936,0
103937,3
103938,3
103939,1
103940,0
103941,3
103942,1
103943,3
103944,1
103945,1
103946,3
103947,0
103948,0
103949,0
103950,0
103951,0
103952,0
103953,0
103954,0
103955,0
103956,0
103957,0
103958,0
103959,1
103960,1
103961,0
103962,0
103963,0
103964,0
103965,0
103966,0
103967,0
103968,0
103969,3
103970,0
103971,2
103972,2
103973,3
103974,2
103975,1
103976,3
103977,0
103978,0
103979,0
103980,0
103981,1
103982,1
103983,3
103984,3
103985,1
103986,3
103987,1
103988,0
103989,0
103990,0
103991,0
103992,1
103993,3
103994,0
103995,1
103996,1
103997,1
103998,0
103999,1
104000,1
104001,1
104002,1
104003,1
104004,1
104005,1
104006,1
104007,3
104008,3
104009,3
104010,3
104011,5
104012,3
104013,3
104014,3
104015,0
104016,3
104017,1
104018,3
104019,3
104020,3
104021,3
104022,3
104023,3
104024,3
104025,3
104026,3
104027,3
104028,3
104029,3
104030,3
104031,3
104032,2
104033,3
104034,3
104035,3
104036,3
104037,3
104038,3
104039,3
104040,3
104041,3
104042,0
104043,2
104044,3
104045,3
104046,0
104047,0
104048,3
104049,0
104050,3
104051,0
104052,3
104053,0
104054,0
104055,3
104056,0
104057,0
104058,0
104059,0
104060,0
104061,0
104062,0
104063,0
104064,0
104065,0
104066,0
104067,0
104068,2
104069,0
104070,1
104071,0
104072,0
104073,0
104074,0
104075,2
104076,3
104077,3
104078,2
104079,2
104080,2
104081,4
104082,3
104083,1
104084,1
104085,2
104086,3
104087,1
104088,0
104089,2
104090,0
104091,0
104092,0
104093,0
104094,0
104095,0
104096,3
104097,3
104098,0
104099,0
104100,0
104101,0
104102,0
104103,0
104104,4
104105,0
104106,0
104107,0
104108,3
104109,2
104110,1
104111,3
104112,0
104113,1
104114,3
104115,2
104116,3
104117,0
104118,3
104119,1
104120,3
104121,0
104122,0
104123,3
104124,0
104125,0
104126,0
104127,0
104128,2
104129,0
104130,3
104131,3
104132,1
104133,0
104134,0
104135,2
104136,0
104137,0
104138,2
104139,3
104140,0
104141,0
104142,1
104143,0
104144,0
104145,0
104146,0
104147,3
104148,2
104149,2
104150,3
104151,1
104152,0
104153,0
104154,0
104155,0
104156,0
104157,0
104158,2
104159,2
104160,1
104161,0
104162,3
104163,3
104164,3
104165,3
104166,1
104167,0
104168,0
104169,0
104170,0
104171,0
104172,1
104173,3
104174,0
104175,0
104176,0
104177,0
104178,0
104179,3
104180,0
104181,3
104182,0
104183,1
104184,3
104185,0
104186,3
104187,0
104188,0
104189,3
104190,0
104191,2
104192,1
104193,1
104194,1
104195,1
104196,0
104197,1
104198,1
104199,1
104200,0
104201,1
104202,1
104203,1
104204,1
104205,1
104206,1
104207,1
104208,1
104209,3
104210,1
104211,1
104212,1
104213,1
104214,0
104215,1
104216,1
104217,1
104218,1
104219,1
104220,1
104221,1
104222,1
104223,0
104224,3
104225,1
104226,0
104227,1
104228,1
104229,1
104230,1
104231,1
104232,3
104233,1
104234,1
104235,1
104236,1
104237,1
104238,1
104239,1
104240,0
104241,2
104242,2
104243,0
104244,2
104245,5
104246,3
104247,3
104248,3
104249,3
104250,3
104251,3
104252,5
104253,3
104254,3
104255,1
104256,1
104257,1
104258,1
104259,3
104260,3
104261,2
104262,1
104263,1
104264,2
104265,3
104266,3
104267,5
104268,5
104269,0
104270,0
104271,0
104272,0
104273,5
104274,3
104275,3
104276,3
104277,5
104278,3
104279,1
104280,3
104281,1
104282,1
104283,1
104284,1
104285,1
104286,1
104287,1
104288,1
104289,1
104290,3
104291,1
104292,1
104293,1
104294,1
104295,1
104296,1
104297,3
104298,5
104299,3
104300,3
104301,3
104302,3
104303,3
104304,3
104305,3
104306,3
104307,3
104308,0
104309,0
104310,2
104311,3
104312,3
104313,3
104314,3
104315,3
104316,1
104317,1
104318,3
104319,3
104320,3
104321,1
104322,3
104323,1
104324,3
104325,0
104326,3
104327,5
104328,0
104329,0
104330,5
104331,5
104332,0
104333,0
104334,0
104335,0
104336,0
104337,0
104338,0
104339,0
104340,0
104341,0
104342,0
104343,0
104344,0
104345,0
104346,0
104347,5
104348,0
104349,1
104350,0
104351,3
104352,1
104353,5
104354,0
104355,0
104356,0
104357,1
104358,3
104359,1
104360,5
104361,2
104362,2
104363,2
104364,5
104365,1
104366,5
104367,3
104368,0
104369,0
104370,0
104371,0
104372,0
104373,0
104374,0
104375,0
104376,0
104377,3
104378,3
104379,3
104380,5
104381,5
104382,1
104383,1
104384,3
104385,1
104386,0
104387,1
104388,0
104389,5
104390,1
104391,0
104392,5
104393,5
104394,0
104395,0
104396,0
104397,1
104398,5
104399,0
104400,0
104401,0
104402,1
104403,0
104404,0
104405,0
104406,3
104407,3
104408,3
104409,1
104410,0
104411,1
104412,1
104413,0
104414,1
104415,2
104416,0
104417,3
104418,3
104419,3
104420,3
104421,3
104422,3
104423,3
104424,3
104425,3
104426,3
104427,3
104428,3
104429,3
104430,3
104431,3
104432,3
104433,4
104434,3
104435,3
104436,4
104437,3
104438,3
104439,4
104440,3
104441,3
104442,3
104443,0
104444,4
104445,1
104446,3
104447,3
104448,4
104449,4
104450,4
104451,4
104452,5
104453,3
104454,4
104455,2
104456,5
104457,5
104458,4
104459,4
104460,1
104461,3
104462,3
104463,3
104464,5
104465,3
104466,4
104467,3
104468,1
104469,5
104470,2
104471,2
104472,3
104473,3
104474,5
104475,3
104476,3
104477,3
104478,3
104479,3
104480,3
104481,5
104482,3
104483,3
104484,5
104485,3
104486,3
104487,3
104488,3
104489,3
104490,3
104491,5
104492,3
104493,5
104494,3
104495,5
104496,5
104497,5
104498,5
104499,3
104500,3
104501,3
104502,5
104503,3
104504,5
104505,5
104506,3
104507,3
104508,3
104509,3
104510,3
104511,3
104512,3
104513,3
104514,3
104515,3
104516,3
104517,1
104518,3
104519,3
104520,1
104521,3
104522,3
104523,3
104524,3
104525,3
104526,3
104527,3
104528,3
104529,3
104530,3
104531,3
104532,5
104533,5
104534,5
104535,3
104536,3
104537,3
104538,3
104539,3
104540,3
104541,3
104542,3
104543,2
104544,3
104545,2
104546,3
104547,2
104548,3
104549,3
104550,2
104551,2
104552,2
104553,2
104554,2
104555,2
104556,2
104557,2
104558,4
104559,3
104560,3
104561,3
104562,2
104563,2
104564,2
104565,4
104566,3
104567,2
104568,3
104569,3
104570,3
104571,3
104572,3
104573,2
104574,3
104575,3
104576,3
104577,3
104578,3
104579,3
104580,2
104581,3
104582,4
104583,2
104584,3
104585,3
104586,3
104587,2
104588,2
104589,2
104590,2
104591,2
104592,3
104593,2
104594,3
104595,2
104596,3
104597,2
104598,2
104599,3
104600,3
104601,3
104602,3
104603,3
104604,2
104605,3
104606,3
104607,2
104608,2
104609,2
104610,2
104611,3
104612,3
104613,3
104614,3
104615,3
104616,3
104617,5
104618,5
104619,1
104620,3
104621,2
104622,2
104623,1
104624,2
104625,2
104626,2
104627,2
104628,3
104629,3
104630,2
104631,3
104632,3
104633,2
104634,3
104635,3
104636,2
104637,3
104638,1
104639,3
104640,3
104641,3
104642,3
104643,3
104644,3
104645,3
104646,3
104647,3
104648,3
104649,3
104650,3
104651,3
104652,3
104653,3
104654,3
104655,4
104656,3
104657,3
104658,3
104659,3
104660,3
104661,3
104662,3
104663,0
104664,5
104665,5
104666,3
104667,5
104668,3
104669,3
104670,3
104671,5
104672,3
104673,3
104674,0
104675,0
104676,2
104677,2
104678,4
104679,4
104680,4
104681,0
104682,0
104683,3
104684,3
104685,1
104686,0
104687,4
104688,3
104689,1
104690,3
104691,3
104692,1
104693,3
104694,0
104695,2
104696,0
104697,4
104698,3
104699,3
104700,3
104701,4
104702,3
104703,4
104704,3
104705,3
104706,3
104707,3
104708,3
104709,4
104710,3
104711,3
104712,0
104713,0
104714,4
104715,4
104716,4
104717,3
104718,3
104719,4
104720,3
104721,4
104722,4
104723,4
104724,3
104725,3
104726,3
104727,4
104728,3
104729,2
104730,3
104731,3
104732,3
104733,3
104734,2
104735,2
104736,3
104737,3
104738,2
104739,3
104740,5
104741,3
104742,3
104743,5
104744,4
104745,5
104746,5
104747,3
104748,3
104749,3
104750,3
104751,3
104752,3
104753,3
104754,3
104755,3
104756,3
104757,3
104758,3
104759,3
104760,3
104761,3
104762,3
104763,3
104764,3
104765,3
104766,3
104767,3
104768,3
104769,3
104770,3
104771,3
104772,3
104773,3
104774,3
104775,3
104776,3
104777,1
104778,3
104779,2
104780,3
104781,3
104782,3
104783,3
104784,3
104785,4
104786,4
104787,3
104788,4
104789,4
104790,3
104791,4
104792,4
104793,5
104794,3
104795,3
104796,3
104797,3
104798,3
104799,3
104800,3
104801,3
104802,3
104803,3
104804,4
104805,3
104806,3
104807,3
104808,3
104809,3
104810,4
104811,3
104812,1
104813,3
104814,3
104815,3
104816,3
104817,3
104818,3
104819,3
104820,3
104821,3
104822,5
104823,3
104824,3
104825,3
104826,3
104827,3
104828,3
104829,3
104830,3
104831,3
104832,2
104833,3
104834,3
104835,3
104836,3
104837,3
104838,3
104839,2
104840,3
104841,3
104842,5
104843,3
104844,1
104845,4
104846,4
104847,4
104848,4
104849,0
104850,1
104851,0
104852,1
104853,3
104854,4
104855,3
104856,1
104857,0
104858,0
104859,2
104860,2
104861,2
104862,2
104863,2
104864,1
104865,1
104866,2
104867,2
104868,3
104869,3
104870,2
104871,4
104872,2
104873,1
104874,1
104875,1
104876,3
104877,4
104878,1
104879,3
104880,3
104881,1
104882,0
104883,0
104884,0
104885,1
104886,5
104887,1
104888,1
104889,2
104890,5
104891,5
104892,3
104893,3
104894,3
104895,3
104896,3
104897,4
104898,4
104899,3
104900,0
104901,0
104902,3
104903,3
104904,4
104905,3
104906,0
104907,0
104908,1
104909,3
104910,3
104911,2
104912,2
104913,0
104914,0
104915,2
104916,2
104917,2
104918,3
104919,2
104920,3
104921,4
104922,3
104923,2
104924,2
104925,4
104926,1
104927,3
104928,2
104929,2
104930,2
104931,2
104932,2
104933,3
104934,2
104935,2
104936,3
104937,2
104938,2
104939,3
104940,2
104941,3
104942,2
104943,2
104944,2
104945,2
104946,2
104947,2
104948,2
104949,3
104950,2
104951,2
104952,2
104953,2
104954,2
104955,0
104956,3
104957,3
104958,2
104959,2
104960,2
104961,3
104962,2
104963,3
104964,2
104965,2
104966,2
104967,2
104968,2
104969,3
104970,2
104971,2
104972,2
104973,2
104974,2
104975,2
104976,2
104977,2
104978,2
104979,2
104980,2
104981,0
104982,2
104983,1
104984,2
104985,2
104986,1
104987,0
104988,2
104989,2
104990,2
104991,3
104992,2
104993,0
104994,2
104995,3
104996,3
104997,0
104998,1
104999,1
105000,2
105001,2
105002,2
105003,3
105004,2
105005,3
105006,3
105007,3
105008,3
105009,2
105010,3
105011,1
105012,3
105013,1
105014,0
105015,0
105016,0
105017,0
105018,0
105019,2
105020,3
105021,1
105022,1
105023,1
105024,2
105025,3
105026,2
105027,3
105028,3
105029,3
105030,0
105031,0
105032,4
105033,1
105034,1
105035,0
105036,3
105037,0
105038,0
105039,1
105040,1
105041,1
105042,3
105043,3
105044,3
105045,3
105046,3
105047,3
105048,3
105049,3
105050,3
105051,3
105052,3
105053,3
105054,3
105055,3
105056,3
105057,3
105058,3
105059,3
105060,3
105061,3
105062,3
105063,3
105064,3
105065,3
105066,3
105067,3
105068,3
105069,3
105070,3
105071,3
105072,2
105073,3
105074,3
105075,2
105076,2
105077,2
105078,2
105079,3
105080,3
105081,3
105082,3
105083,3
105084,3
105085,3
105086,3
105087,3
105088,0
105089,3
105090,3
105091,3
105092,3
105093,3
105094,3
105095,3
105096,3
105097,3
105098,3
105099,3
105100,3
105101,3
105102,3
105103,3
105104,3
105105,3
105106,2
105107,3
105108,2
105109,3
105110,2
105111,3
105112,3
105113,3
105114,3
105115,3
105116,3
105117,2
105118,2
105119,2
105120,2
105121,0
105122,0
105123,0
105124,3
105125,2
105126,2
105127,1
105128,0
105129,3
105130,3
105131,3
105132,3
105133,3
105134,2
105135,3
105136,0
105137,3
105138,2
105139,2
105140,2
105141,2
105142,3
105143,3
105144,3
105145,3
105146,2
105147,3
105148,2
105149,2
105150,2
105151,0
105152,2
105153,3
105154,3
105155,3
105156,3
105157,3
105158,3
105159,3
105160,3
105161,1
105162,3
105163,0
105164,3
105165,3
105166,3
105167,2
105168,2
105169,3
105170,2
105171,3
105172,3
105173,3
105174,3
105175,3
105176,3
105177,3
105178,3
105179,3
105180,2
105181,2
105182,2
105183,3
105184,3
105185,3
105186,3
105187,3
105188,3
105189,3
105190,3
105191,3
105192,3
105193,3
105194,0
105195,3
105196,0
105197,3
105198,3
105199,3
105200,3
105201,3
105202,3
105203,3
105204,3
105205,3
105206,3
105207,3
105208,3
105209,3
105210,3
105211,2
105212,3
105213,4
105214,1
105215,4
105216,0
105217,3
105218,2
105219,0
105220,0
105221,0
105222,0
105223,0
105224,0
105225,0
105226,1
105227,1
105228,1
105229,1
105230,1
105231,1
105232,1
105233,1
105234,5
105235,1
105236,1
105237,3
105238,5
105239,5
105240,5
105241,5
105242,1
105243,1
105244,1
105245,5
105246,1
105247,1
105248,1
105249,1
105250,1
105251,3
105252,1
105253,3
105254,1
105255,1
105256,1
105257,1
105258,1
105259,3
105260,1
105261,1
105262,1
105263,1
105264,1
105265,1
105266,1
105267,1
105268,1
105269,1
105270,1
105271,1
105272,1
105273,1
105274,1
105275,1
105276,1
105277,1
105278,1
105279,1
105280,1
105281,1
105282,1
105283,1
105284,1
105285,1
105286,1
105287,1
105288,1
105289,1
105290,1
105291,1
105292,1
105293,1
105294,1
105295,1
105296,1
105297,5
105298,1
105299,1
105300,1
105301,1
105302,1
105303,1
105304,1
105305,5
105306,1
105307,1
105308,1
105309,1
105310,1
105311,1
105312,1
105313,1
105314,1
105315,1
105316,1
105317,1
105318,1
105319,1
105320,1
105321,1
105322,1
105323,1
105324,5
105325,4
105326,4
105327,2
105328,1
105329,1
105330,1
105331,5
105332,1
105333,3
105334,1
105335,5
105336,5
105337,1
105338,5
105339,1
105340,1
105341,1
105342,1
105343,1
105344,1
105345,5
105346,5
105347,5
105348,5
105349,5
105350,1
105351,1
105352,1
105353,1
105354,1
105355,1
105356,1
105357,1
105358,5
105359,5
105360,1
105361,1
105362,5
105363,1
105364,1
105365,1
105366,1
105367,1
105368,1
105369,1
105370,1
105371,1
105372,1
105373,1
105374,1
105375,1
105376,1
105377,1
105378,1
105379,1
105380,1
105381,1
105382,1
105383,1
105384,1
105385,1
105386,1
105387,1
105388,1
105389,1
105390,1
105391,1
105392,1
105393,1
105394,1
105395,1
105396,5
105397,1
105398,1
105399,1
105400,1
105401,1
105402,1
105403,1
105404,1
105405,1
105406,1
105407,1
105408,1
105409,5
105410,5
105411,5
105412,5
105413,5
105414,5
105415,5
105416,5
105417,5
105418,4
105419,4
105420,4
105421,3
105422,1
105423,4
105424,3
105425,4
105426,2
105427,1
105428,2
105429,1
105430,2
105431,2
105432,1
105433,2
105434,1
105435,4
105436,4
105437,2
105438,2
105439,4
105440,4
105441,3
105442,0
105443,2
105444,2
105445,5
105446,2
105447,5
105448,5
105449,5
105450,4
105451,4
105452,4
105453,3
105454,3
105455,3
105456,2
105457,2
105458,3
105459,5
105460,3
105461,1
105462,2
105463,3
105464,3
105465,5
105466,5
105467,5
105468,5
105469,1
105470,1
105471,3
105472,3
105473,1
105474,1
105475,4
105476,1
105477,1
105478,1
105479,2
105480,0
105481,0
105482,2
105483,2
105484,1
105485,3
105486,1
105487,1
105488,3
105489,4
105490,3
105491,3
105492,3
105493,0
105494,3
105495,4
105496,2
105497,2
105498,2
105499,1
105500,4
105501,2
105502,2
105503,2
105504,2
105505,1
105506,1
105507,3
105508,2
105509,1
105510,1
105511,2
105512,1
105513,2
105514,2
105515,1
105516,1
105517,1
105518,1
105519,1
105520,1
105521,1
105522,1
105523,3
105524,0
105525,0
105526,0
105527,0
105528,0
105529,0
105530,0
105531,0
105532,0
105533,0
105534,0
105535,0
105536,0
105537,0
105538,0
105539,0
105540,0
105541,0
105542,0
105543,0
105544,0
105545,0
105546,0
105547,0
105548,0
105549,0
105550,0
105551,0
105552,2
105553,2
105554,0
105555,2
105556,2
105557,2
105558,1
105559,0
105560,0
105561,2
105562,4
105563,0
105564,2
105565,2
105566,1
105567,1
105568,2
105569,2
105570,1
105571,1
105572,1
105573,1
105574,0
105575,2
105576,2
105577,0
105578,2
105579,1
105580,3
105581,3
105582,2
105583,2
105584,3
105585,3
105586,3
105587,2
105588,2
105589,3
105590,2
105591,2
105592,2
105593,0
105594,2
105595,2
105596,2
105597,2
105598,0
105599,0
105600,2
105601,2
105602,5
105603,3
105604,3
105605,4
105606,3
105607,3
105608,3
105609,3
105610,3
105611,2
105612,2
105613,2
105614,2
105615,5
105616,5
105617,5
105618,3
105619,3
105620,2
105621,1
105622,3
105623,3
105624,3
105625,3
105626,2
105627,2
105628,2
105629,3
105630,3
105631,1
105632,1
105633,1
105634,1
105635,1
105636,1
105637,3
105638,1
105639,1
105640,2
105641,2
105642,2
105643,1
105644,2
105645,2
105646,2
105647,4
105648,1
105649,3
105650,0
105651,2
105652,0
105653,0
105654,4
105655,3
105656,0
105657,3
105658,5
105659,2
105660,2
105661,3
105662,2
105663,1
105664,0
105665,2
105666,1
105667,3
105668,3
105669,3
105670,2
105671,2
105672,2
105673,2
105674,1
105675,4
105676,0
105677,1
105678,0
105679,1
105680,3
105681,4
105682,3
105683,3
105684,3
105685,4
105686,3
105687,3
105688,3
105689,3
105690,3
105691,3
105692,3
105693,3
105694,3
105695,1
105696,1
105697,3
105698,4
105699,4
105700,4
105701,1
105702,2
105703,1
105704,1
105705,1
105706,1
105707,1
105708,1
105709,4
105710,0
105711,1
105712,1
105713,1
105714,3
105715,1
105716,1
105717,1
105718,0
105719,3
105720,3
105721,3
105722,0
105723,3
105724,2
105725,2
105726,3
105727,0
105728,2
105729,0
105730,4
105731,0
105732,2
105733,0
105734,2
105735,1
105736,1
105737,3
105738,3
105739,3
105740,1
105741,2
105742,3
105743,2
105744,2
105745,2
105746,4
105747,2
105748,2
105749,1
105750,1
105751,1
105752,1
105753,1
105754,1
105755,1
105756,0
105757,0
105758,0
105759,3
105760,3
105761,2
105762,2
105763,5
105764,4
105765,2
105766,3
105767,2
105768,0
105769,2
105770,2
105771,2
105772,3
105773,2
105774,2
105775,4
105776,0
105777,3
105778,1
105779,1
105780,5
105781,1
105782,5
105783,1
105784,3
105785,3
105786,3
105787,1
105788,5
105789,1
105790,2
105791,5
105792,3
105793,3
105794,3
105795,3
105796,1
105797,3
105798,1
105799,1
105800,1
105801,3
105802,2
105803,1
105804,2
105805,3
105806,3
105807,0
105808,3
105809,3
105810,1
105811,3
105812,2
105813,5
105814,5
105815,5
105816,0
105817,2
105818,2
105819,2
105820,2
105821,2
105822,2
105823,2
105824,5
105825,2
105826,2
105827,2
105828,2
105829,2
105830,2
105831,2
105832,5
105833,0
105834,2
105835,2
105836,2
105837,2
105838,0
105839,2
105840,0
105841,2
105842,2
105843,5
105844,5
105845,1
105846,2
105847,5
105848,3
105849,2
105850,1
105851,1
105852,1
105853,1
105854,2
105855,1
105856,1
105857,2
105858,4
105859,0
105860,2
105861,4
105862,2
105863,1
105864,1
105865,1
105866,1
105867,1
105868,4
105869,4
105870,2
105871,2
105872,4
105873,1
105874,1
105875,4
105876,4
105877,4
105878,4
105879,2
105880,2
105881,4
105882,4
105883,4
105884,3
105885,1
105886,1
105887,2
105888,0
105889,0
105890,0
105891,0
105892,0
105893,0
105894,0
105895,2
105896,5
105897,2
105898,0
105899,1
105900,2
105901,5
105902,0
105903,0
105904,0
105905,0
105906,0
105907,0
105908,0
105909,0
105910,0
105911,0
105912,0
105913,0
105914,2
105915,2
105916,2
105917,2
105918,0
105919,0
105920,3
105921,5
105922,0
105923,5
105924,0
105925,1
105926,1
105927,1
105928,1
105929,1
105930,1
105931,2
105932,1
105933,1
105934,5
105935,0
105936,0
105937,0
105938,0
105939,0
105940,0
105941,1
105942,5
105943,1
105944,1
105945,1
105946,1
105947,0
105948,1
105949,1
105950,1
105951,1
105952,1
105953,1
105954,1
105955,1
105956,1
105957,1
105958,1
105959,1
105960,1
105961,1
105962,3
105963,1
105964,1
105965,1
105966,1
105967,1
105968,1
105969,1
105970,1
105971,3
105972,3
105973,3
105974,3
105975,1
105976,0
105977,1
105978,1
105979,1
105980,3
105981,0
105982,2
105983,1
105984,1
105985,1
105986,1
105987,1
105988,1
105989,1
105990,1
105991,1
105992,1
105993,1
105994,1
105995,1
105996,1
105997,1
105998,1
105999,1
106000,4
106001,0
106002,2
106003,5
106004,3
106005,0
106006,0
106007,0
106008,2
106009,3
106010,0
106011,0
106012,0
106013,1
106014,0
106015,0
106016,3
106017,3
106018,4
106019,3
106020,4
106021,3
106022,3
106023,2
106024,1
106025,1
106026,1
106027,1
106028,1
106029,5
106030,5
106031,1
106032,5
106033,0
106034,0
106035,4
106036,0
106037,0
106038,0
106039,0
106040,0
106041,0
106042,2
106043,0
106044,0
106045,0
106046,3
106047,4
106048,5
106049,2
106050,0
106051,0
106052,0
106053,0
106054,0
106055,0
106056,0
106057,2
106058,3
106059,3
106060,5
106061,5
106062,2
106063,3
106064,5
106065,3
106066,0
106067,2
106068,2
106069,4
106070,3
106071,2
106072,2
106073,2
106074,2
106075,2
106076,2
106077,0
106078,2
106079,4
106080,2
106081,4
106082,3
106083,4
106084,4
106085,2
106086,3
106087,3
106088,0
106089,1
106090,2
106091,2
106092,2
106093,0
106094,3
106095,4
106096,2
106097,2
106098,1
106099,3
106100,4
106101,4
106102,2
106103,2
106104,3
106105,0
106106,2
106107,2
106108,4
106109,0
106110,2
106111,4
106112,3
106113,3
106114,3
106115,1
106116,4
106117,2
106118,2
106119,2
106120,1
106121,4
106122,4
106123,4
106124,4
106125,0
106126,0
106127,0
106128,5
106129,0
106130,5
106131,3
106132,1
106133,3
106134,0
106135,0
106136,0
106137,4
106138,4
106139,3
106140,2
106141,1
106142,1
106143,2
106144,2
106145,2
106146,0
106147,0
106148,4
106149,0
106150,4
106151,0
106152,0
106153,0
106154,0
106155,3
106156,0
106157,0
106158,3
106159,1
106160,3
106161,2
106162,2
106163,3
106164,2
106165,0
106166,4
106167,4
106168,4
106169,4
106170,4
106171,2
106172,1
106173,2
106174,1
106175,5
106176,3
106177,4
106178,5
106179,0
106180,2
106181,1
106182,1
106183,2
106184,2
106185,3
106186,2
106187,4
106188,4
106189,4
106190,2
106191,0
106192,3
106193,3
106194,2
106195,1
106196,0
106197,5
106198,0
106199,0
106200,4
106201,0
106202,2
106203,4
106204,0
106205,0
106206,5
106207,2
106208,4
106209,0
106210,4
106211,0
106212,4
106213,3
106214,4
106215,2
106216,4
106217,4
106218,0
106219,0
106220,4
106221,4
106222,4
106223,4
106224,4
106225,3
106226,4
106227,4
106228,4
106229,4
106230,4
106231,4
106232,4
106233,4
106234,3
106235,4
106236,4
106237,1
106238,4
106239,4
106240,4
106241,4
106242,4
106243,2
106244,0
106245,3
106246,1
106247,2
106248,2
106249,0
106250,3
106251,1
106252,3
106253,3
106254,0
106255,3
106256,0
106257,0
106258,3
106259,2
106260,3
106261,0
106262,2
106263,1
106264,2
106265,3
106266,2
106267,3
106268,5
106269,2
106270,2
106271,0
106272,0
106273,2
106274,3
106275,3
106276,2
106277,3
106278,2
106279,2
106280,2
106281,3
106282,0
106283,3
106284,3
106285,2
106286,3
106287,3
106288,0
106289,0
106290,3
106291,0
106292,0
106293,3
106294,0
106295,3
106296,1
106297,3
106298,0
106299,0
106300,1
106301,1
106302,0
106303,3
106304,3
106305,3
106306,2
106307,3
106308,2
106309,2
106310,3
106311,2
106312,1
106313,3
106314,2
106315,2
106316,2
106317,1
106318,2
106319,5
106320,3
106321,3
106322,1
106323,3
106324,3
106325,0
106326,5
106327,2
106328,2
106329,3
106330,0
106331,2
106332,1
106333,2
106334,1
106335,2
106336,2
106337,2
106338,2
106339,3
106340,2
106341,2
106342,2
106343,2
106344,3
106345,2
106346,2
106347,2
106348,2
106349,0
106350,3
106351,3
106352,1
106353,3
106354,3
106355,3
106356,3
106357,1
106358,2
106359,2
106360,3
106361,3
106362,0
106363,3
106364,0
106365,2
106366,2
106367,3
106368,3
106369,2
106370,3
106371,3
106372,0
106373,3
106374,2
106375,2
106376,2
106377,2
106378,2
106379,2
106380,2
106381,3
106382,3
106383,3
106384,3
106385,0
106386,0
106387,0
106388,0
106389,0
106390,3
106391,3
106392,3
106393,5
106394,3
106395,2
106396,2
106397,2
106398,0
106399,2
106400,3
106401,3
106402,2
106403,0
106404,2
106405,0
106406,3
106407,2
106408,3
106409,1
106410,5
106411,5
106412,2
106413,3
106414,2
106415,2
106416,2
106417,2
106418,2
106419,2
106420,3
106421,1
106422,2
106423,3
106424,2
106425,2
106426,2
106427,3
106428,2
106429,2
106430,2
106431,2
106432,2
106433,3
106434,3
106435,1
106436,1
106437,0
106438,3
106439,3
106440,0
106441,0
106442,0
106443,2
106444,2
106445,2
106446,1
106447,1
106448,2
106449,3
106450,1
106451,3
106452,0
106453,2
106454,3
106455,1
106456,2
106457,3
106458,3
106459,3
106460,0
106461,3
106462,2
106463,2
106464,3
106465,2
106466,2
106467,2
106468,3
106469,1
106470,2
106471,1
106472,1
106473,2
106474,1
106475,1
106476,1
106477,1
106478,0
106479,2
106480,0
106481,3
106482,0
106483,1
106484,0
106485,3
106486,2
106487,2
106488,0
106489,2
106490,3
106491,0
106492,0
106493,0
106494,0
106495,0
106496,0
106497,0
106498,3
106499,3
106500,3
106501,1
106502,0
106503,0
106504,0
106505,0
106506,0
106507,3
106508,1
106509,1
106510,3
106511,3
106512,3
106513,3
106514,3
106515,2
106516,2
106517,3
106518,1
106519,2
106520,3
106521,2
106522,2
106523,0
106524,2
106525,0
106526,3
106527,1
106528,3
106529,3
106530,3
106531,0
106532,2
106533,3
106534,1
106535,2
106536,1
106537,3
106538,3
106539,2
106540,2
106541,2
106542,3
106543,1
106544,3
106545,2
106546,1
106547,3
106548,3
106549,2
106550,0
106551,1
106552,3
106553,0
106554,0
106555,2
106556,0
106557,1
106558,0
106559,0
106560,3
106561,0
106562,3
106563,1
106564,2
106565,3
106566,2
106567,1
106568,1
106569,1
106570,2
106571,2
106572,1
106573,1
106574,3
106575,1
106576,2
106577,3
106578,2
106579,3
106580,2
106581,3
106582,3
106583,3
106584,0
106585,0
106586,0
106587,0
106588,3
106589,1
106590,2
106591,2
106592,2
106593,1
106594,3
106595,3
106596,1
106597,1
106598,2
106599,2
106600,2
106601,3
106602,3
106603,3
106604,2
106605,3
106606,2
106607,2
106608,1
106609,2
106610,1
106611,3
106612,2
106613,3
106614,3
106615,0
106616,2
106617,3
106618,1
106619,1
106620,1
106621,3
106622,3
106623,1
106624,3
106625,2
106626,0
106627,1
106628,1
106629,3
106630,1
106631,1
106632,1
106633,3
106634,3
106635,2
106636,1
106637,2
106638,2
106639,2
106640,3
106641,2
106642,1
106643,2
106644,2
106645,3
106646,3
106647,1
106648,3
106649,1
106650,3
106651,3
106652,3
106653,3
106654,3
106655,2
106656,3
106657,2
106658,0
106659,1
106660,3
106661,2
106662,2
106663,2
106664,3
106665,3
106666,2
106667,2
106668,3
106669,3
106670,2
106671,2
106672,3
106673,3
106674,3
106675,1
106676,3
106677,1
106678,3
106679,3
106680,3
106681,3
106682,1
106683,3
106684,3
106685,1
106686,1
106687,1
106688,1
106689,1
106690,1
106691,3
106692,1
106693,0
106694,2
106695,1
106696,2
106697,3
106698,3
106699,3
106700,2
106701,3
106702,2
106703,3
106704,1
106705,2
106706,3
106707,3
106708,3
106709,3
106710,2
106711,2
106712,3
106713,2
106714,2
106715,2
106716,2
106717,3
106718,2
106719,3
106720,3
106721,1
106722,3
106723,1
106724,3
106725,3
106726,3
106727,2
106728,3
106729,1
106730,3
106731,1
106732,1
106733,1
106734,0
106735,1
106736,1
106737,1
106738,1
106739,1
106740,1
106741,3
106742,0
106743,3
106744,3
106745,3
106746,3
106747,0
106748,1
106749,1
106750,3
106751,3
106752,0
106753,3
106754,3
106755,3
106756,0
106757,3
106758,1
106759,1
106760,1
106761,0
106762,2
106763,1
106764,2
106765,3
106766,3
106767,2
106768,3
106769,2
106770,2
106771,2
106772,0
106773,2
106774,2
106775,2
106776,0
106777,2
106778,3
106779,3
106780,3
106781,3
106782,3
106783,0
106784,3
106785,1
106786,2
106787,3
106788,1
106789,1
106790,2
106791,2
106792,2
106793,2
106794,2
106795,3
106796,1
106797,2
106798,3
106799,0
106800,0
106801,3
106802,3
106803,1
106804,3
106805,3
106806,3
106807,3
106808,3
106809,3
106810,3
106811,3
106812,3
106813,3
106814,1
106815,1
106816,2
106817,2
106818,2
106819,2
106820,3
106821,3
106822,2
106823,3
106824,3
106825,3
106826,2
106827,2
106828,0
106829,2
106830,3
106831,3
106832,3
106833,3
106834,0
106835,1
106836,1
106837,1
106838,4
106839,3
106840,3
106841,3
106842,1
106843,3
106844,3
106845,3
106846,3
106847,3
106848,2
106849,2
106850,3
106851,2
106852,3
106853,2
106854,1
106855,2
106856,3
106857,2
106858,1
106859,1
106860,2
106861,3
106862,2
106863,3
106864,3
106865,3
106866,3
106867,2
106868,1
106869,5
106870,0
106871,2
106872,3
106873,5
106874,3
106875,3
106876,3
106877,3
106878,5
106879,0
106880,1
106881,2
106882,2
106883,3
106884,2
106885,1
106886,1
106887,2
106888,3
106889,3
106890,2
106891,2
106892,2
106893,2
106894,3
106895,2
106896,2
106897,2
106898,1
106899,4
106900,3
106901,1
106902,1
106903,2
106904,2
106905,2
106906,0
106907,2
106908,2
106909,3
106910,2
106911,1
106912,2
106913,2
106914,2
106915,2
106916,2
106917,2
106918,2
106919,0
106920,0
106921,2
106922,2
106923,2
106924,2
106925,2
106926,2
106927,3
106928,3
106929,3
106930,3
106931,3
106932,2
106933,3
106934,5
106935,2
106936,3
106937,2
106938,2
106939,5
106940,3
106941,0
106942,2
106943,2
106944,3
106945,3
106946,2
106947,3
106948,3
106949,3
106950,0
106951,2
106952,2
106953,2
106954,2
106955,3
106956,2
106957,1
106958,1
106959,2
106960,0
106961,1
106962,1
106963,3
106964,1
106965,2
106966,3
106967,3
106968,3
106969,3
106970,3
106971,3
106972,2
106973,1
106974,3
106975,3
106976,3
106977,1
106978,1
106979,3
106980,3
106981,3
106982,2
106983,2
106984,1
106985,1
106986,3
106987,2
106988,2
106989,2
106990,2
106991,2
106992,2
106993,2
106994,2
106995,2
106996,3
106997,3
106998,2
106999,3
107000,2
107001,2
107002,1
107003,1
107004,3
107005,2
107006,3
107007,1
107008,1
107009,1
107010,0
107011,0
107012,0
107013,3
107014,3
107015,3
107016,3
107017,0
107018,3
107019,0
107020,0
107021,3
107022,1
107023,1
107024,1
107025,2
107026,2
107027,2
107028,2
107029,2
107030,2
107031,2
107032,2
107033,2
107034,3
107035,3
107036,2
107037,1
107038,2
107039,2
107040,3
107041,1
107042,2
107043,2
107044,3
107045,3
107046,3
107047,0
107048,1
107049,1
107050,0
107051,2
107052,0
107053,1
107054,0
107055,3
107056,0
107057,2
107058,2
107059,1
107060,5
107061,3
107062,5
107063,1
107064,1
107065,2
107066,1
107067,1
107068,2
107069,3
107070,2
107071,3
107072,3
107073,0
107074,1
107075,1
107076,2
107077,2
107078,2
107079,1
107080,1
107081,1
107082,5
107083,3
107084,1
107085,1
107086,2
107087,2
107088,5
107089,1
107090,1
107091,1
107092,2
107093,1
107094,1
107095,2
107096,0
107097,0
107098,0
107099,5
107100,3
107101,2
107102,2
107103,2
107104,2
107105,2
107106,2
107107,2
107108,2
107109,2
107110,1
107111,2
107112,1
107113,4
107114,4
107115,3
107116,0
107117,3
107118,5
107119,5
107120,5
107121,4
107122,3
107123,3
107124,4
107125,0
107126,3
107127,3
107128,3
107129,3
107130,2
107131,4
107132,4
107133,4
107134,4
107135,4
107136,4
107137,4
107138,4
107139,4
107140,4
107141,4
107142,4
107143,4
107144,4
107145,3
107146,4
107147,4
107148,4
107149,4
107150,4
107151,4
107152,3
107153,3
107154,4
107155,4
107156,4
107157,4
107158,4
107159,4
107160,4
107161,5
107162,3
107163,5
107164,4
107165,3
107166,3
107167,5
107168,3
107169,4
107170,4
107171,4
107172,4
107173,4
107174,4
107175,4
107176,4
107177,4
107178,4
107179,3
107180,4
107181,4
107182,4
107183,4
107184,4
107185,4
107186,4
107187,4
107188,4
107189,4
107190,3
107191,4
107192,4
107193,5
107194,4
107195,4
107196,4
107197,4
107198,4
107199,4
107200,4
107201,5
107202,4
107203,4
107204,4
107205,2
107206,4
107207,5
107208,4
107209,4
107210,4
107211,4
107212,4
107213,4
107214,4
107215,4
107216,3
107217,4
107218,4
107219,4
107220,4
107221,4
107222,4
107223,4
107224,5
107225,4
107226,4
107227,4
107228,4
107229,4
107230,4
107231,4
107232,4
107233,4
107234,4
107235,4
107236,4
107237,4
107238,4
107239,4
107240,4
107241,4
107242,4
107243,4
107244,4
107245,4
107246,4
107247,4
107248,4
107249,4
107250,4
107251,4
107252,5
107253,4
107254,4
107255,5
107256,4
107257,4
107258,4
107259,4
107260,4
107261,4
107262,4
107263,4
107264,4
107265,4
107266,4
107267,4
107268,4
107269,2
107270,4
107271,4
107272,4
107273,4
107274,4
107275,4
107276,4
107277,4
107278,4
107279,4
107280,4
107281,4
107282,4
107283,4
107284,4
107285,3
107286,5
107287,4
107288,4
107289,4
107290,4
107291,4
107292,4
107293,3
107294,4
107295,4
107296,4
107297,4
107298,4
107299,4
107300,4
107301,4
107302,4
107303,4
107304,4
107305,4
107306,4
107307,4
107308,4
107309,4
107310,4
107311,4
107312,4
107313,4
107314,3
107315,4
107316,4
107317,3
107318,4
107319,4
107320,4
107321,4
107322,4
107323,4
107324,4
107325,4
107326,4
107327,4
107328,4
107329,4
107330,4
107331,4
107332,4
107333,4
107334,4
107335,4
107336,4
107337,4
107338,4
107339,4
107340,4
107341,4
107342,4
107343,4
107344,4
107345,4
107346,4
107347,4
107348,4
107349,2
107350,4
107351,4
107352,4
107353,2
107354,4
107355,4
107356,4
107357,4
107358,4
107359,4
107360,3
107361,4
107362,4
107363,4
107364,4
107365,4
107366,4
107367,4
107368,4
107369,4
107370,4
107371,5
107372,4
107373,4
107374,4
107375,4
107376,4
107377,4
107378,3
107379,4
107380,3
107381,4
107382,4
107383,4
107384,4
107385,4
107386,4
107387,4
107388,4
107389,2
107390,4
107391,4
107392,2
107393,4
107394,4
107395,3
107396,4
107397,4
107398,4
107399,3
107400,4
107401,4
107402,4
107403,2
107404,2
107405,2
107406,4
107407,2
107408,4
107409,2
107410,4
107411,4
107412,4
107413,4
107414,4
107415,4
107416,4
107417,4
107418,4
107419,4
107420,4
107421,4
107422,4
107423,4
107424,5
107425,4
107426,2
107427,4
107428,2
107429,4
107430,4
107431,4
107432,4
107433,4
107434,4
107435,4
107436,2
107437,4
107438,4
107439,4
107440,4
107441,4
107442,4
107443,3
107444,4
107445,4
107446,4
107447,4
107448,4
107449,4
107450,4
107451,2
107452,3
107453,3
107454,4
107455,2
107456,2
107457,2
107458,4
107459,2
107460,2
107461,3
107462,4
107463,3
107464,4
107465,2
107466,4
107467,2
107468,3
107469,4
107470,4
107471,4
107472,4
107473,4
107474,4
107475,4
107476,3
107477,4
107478,4
107479,4
107480,4
107481,4
107482,4
107483,4
107484,4
107485,2
107486,3
107487,4
107488,4
107489,4
107490,2
107491,4
107492,4
107493,4
107494,2
107495,2
107496,4
107497,4
107498,4
107499,4
107500,4
107501,4
107502,4
107503,4
107504,2
107505,2
107506,4
107507,2
107508,4
107509,4
107510,4
107511,4
107512,4
107513,4
107514,4
107515,4
107516,4
107517,4
107518,4
107519,5
107520,4
107521,4
107522,4
107523,4
107524,4
107525,4
107526,4
107527,4
107528,4
107529,2
107530,4
107531,4
107532,4
107533,4
107534,4
107535,5
107536,3
107537,4
107538,4
107539,4
107540,4
107541,4
107542,4
107543,4
107544,4
107545,4
107546,4
107547,4
107548,4
107549,4
107550,4
107551,4
107552,4
107553,4
107554,4
107555,4
107556,4
107557,4
107558,4
107559,4
107560,4
107561,3
107562,0
107563,4
107564,4
107565,4
107566,4
107567,4
107568,4
107569,4
107570,3
107571,4
107572,4
107573,4
107574,4
107575,4
107576,4
107577,4
107578,4
107579,4
107580,4
107581,4
107582,4
107583,4
107584,4
107585,4
107586,4
107587,4
107588,4
107589,4
107590,4
107591,4
107592,4
107593,3
107594,4
107595,4
107596,4
107597,4
107598,4
107599,4
107600,4
107601,4
107602,4
107603,4
107604,4
107605,4
107606,4
107607,4
107608,5
107609,4
107610,4
107611,4
107612,4
107613,5
107614,4
107615,4
107616,4
107617,5
107618,4
107619,4
107620,4
107621,4
107622,4
107623,4
107624,5
107625,4
107626,4
107627,4
107628,5
107629,4
107630,4
107631,4
107632,4
107633,5
107634,5
107635,5
107636,4
107637,4
107638,4
107639,4
107640,4
107641,4
107642,4
107643,4
107644,2
107645,4
107646,4
107647,4
107648,4
107649,4
107650,4
107651,4
107652,4
107653,4
107654,4
107655,4
107656,4
107657,3
107658,4
107659,4
107660,4
107661,4
107662,4
107663,4
107664,4
107665,4
107666,4
107667,5
107668,3
107669,1
107670,4
107671,4
107672,4
107673,4
107674,4
107675,1
107676,4
107677,4
107678,5
107679,5
107680,5
107681,4
107682,4
107683,4
107684,4
107685,2
107686,3
107687,2
107688,2
107689,4
107690,4
107691,4
107692,4
107693,4
107694,5
107695,5
107696,2
107697,2
107698,2
107699,2
107700,2
107701,2
107702,2
107703,2
107704,2
107705,2
107706,2
107707,2
107708,2
107709,2
107710,2
107711,2
107712,2
107713,2
107714,2
107715,2
107716,2
107717,2
107718,2
107719,2
107720,0
107721,2
107722,2
107723,2
107724,2
107725,2
107726,2
107727,2
107728,2
107729,2
107730,2
107731,2
107732,2
107733,2
107734,2
107735,2
107736,2
107737,2
107738,2
107739,2
107740,2
107741,2
107742,2
107743,2
107744,2
107745,2
107746,2
107747,2
107748,2
107749,2
107750,2
107751,2
107752,2
107753,2
107754,4
107755,2
107756,4
107757,2
107758,2
107759,2
107760,2
107761,2
107762,2
107763,2
107764,2
107765,2
107766,2
107767,4
107768,2
107769,2
107770,2
107771,2
107772,2
107773,2
107774,2
107775,2
107776,2
107777,2
107778,2
107779,2
107780,2
107781,0
107782,3
107783,3
107784,0
107785,2
107786,2
107787,2
107788,2
107789,2
107790,2
107791,2
107792,2
107793,2
107794,2
107795,2
107796,2
107797,2
107798,2
107799,2
107800,4
107801,2
107802,2
107803,2
107804,2
107805,2
107806,4
107807,2
107808,2
107809,2
107810,2
107811,2
107812,2
107813,2
107814,2
107815,2
107816,2
107817,2
107818,2
107819,2
107820,2
107821,4
107822,2
107823,0
107824,2
107825,2
107826,2
107827,2
107828,0
107829,0
107830,2
107831,2
107832,2
107833,2
107834,3
107835,2
107836,2
107837,2
107838,2
107839,2
107840,2
107841,2
107842,2
107843,2
107844,2
107845,2
107846,2
107847,2
107848,2
107849,2
107850,2
107851,2
107852,2
107853,2
107854,2
107855,2
107856,2
107857,2
107858,2
107859,2
107860,2
107861,2
107862,2
107863,2
107864,2
107865,2
107866,2
107867,2
107868,2
107869,2
107870,2
107871,2
107872,2
107873,2
107874,2
107875,2
107876,2
107877,2
107878,2
107879,2
107880,2
107881,2
107882,0
107883,4
107884,2
107885,2
107886,2
107887,2
107888,3
107889,4
107890,3
107891,2
107892,1
107893,4
107894,4
107895,3
107896,3
107897,4
107898,2
107899,3
107900,3
107901,3
107902,2
107903,5
107904,3
107905,0
107906,0
107907,1
107908,4
107909,3
107910,1
107911,1
107912,2
107913,2
107914,3
107915,4
107916,0
107917,2
107918,2
107919,0
107920,2
107921,2
107922,2
107923,2
107924,2
107925,1
107926,2
107927,2
107928,2
107929,2
107930,2
107931,2
107932,2
107933,3
107934,2
107935,2
107936,2
107937,2
107938,2
107939,3
107940,2
107941,2
107942,2
107943,2
107944,2
107945,2
107946,0
107947,2
107948,2
107949,2
107950,3
107951,2
107952,2
107953,3
107954,2
107955,2
107956,2
107957,2
107958,2
107959,2
107960,2
107961,2
107962,2
107963,2
107964,2
107965,2
107966,2
107967,2
107968,2
107969,2
107970,2
107971,2
107972,2
107973,2
107974,2
107975,2
107976,2
107977,2
107978,2
107979,3
107980,4
107981,4
107982,4
107983,4
107984,3
107985,2
107986,4
107987,4
107988,4
107989,4
107990,2
107991,4
107992,1
107993,2
107994,0
107995,2
107996,2
107997,2
107998,2
107999,2
108000,2
108001,2
108002,2
108003,2
108004,2
108005,2
108006,2
108007,2
108008,2
108009,2
108010,2
108011,2
108012,2
108013,2
108014,2
108015,2
108016,2
108017,0
108018,2
108019,2
108020,2
108021,2
108022,2
108023,2
108024,2
108025,2
108026,2
108027,2
108028,2
108029,2
108030,2
108031,3
108032,0
108033,2
108034,2
108035,2
108036,3
108037,2
108038,3
108039,2
108040,3
108041,2
108042,2
108043,2
108044,2
108045,2
108046,2
108047,2
108048,2
108049,2
108050,2
108051,2
108052,2
108053,2
108054,2
108055,2
108056,2
108057,2
108058,2
108059,2
108060,2
108061,2
108062,2
108063,2
108064,3
108065,2
108066,2
108067,0
108068,2
108069,2
108070,2
108071,2
108072,2
108073,2
108074,2
108075,2
108076,2
108077,2
108078,2
108079,2
108080,1
108081,2
108082,2
108083,2
108084,0
108085,0
108086,2
108087,2
108088,2
108089,1
108090,0
108091,0
108092,3
108093,2
108094,2
108095,0
108096,2
108097,2
108098,2
108099,2
108100,3
108101,2
108102,3
108103,0
108104,2
108105,2
108106,2
108107,3
108108,0
108109,3
108110,3
108111,4
108112,1
108113,2
108114,2
108115,2
108116,4
108117,2
108118,4
108119,0
108120,2
108121,3
108122,2
108123,4
108124,3
108125,2
108126,5
108127,2
108128,2
108129,2
108130,2
108131,2
108132,4
108133,3
108134,4
108135,2
108136,2
108137,4
108138,2
108139,2
108140,2
108141,2
108142,2
108143,4
108144,2
108145,2
108146,2
108147,2
108148,2
108149,2
108150,2
108151,2
108152,2
108153,2
108154,2
108155,2
108156,2
108157,2
108158,2
108159,4
108160,2
108161,2
108162,2
108163,2
108164,1
108165,2
108166,4
108167,2
108168,2
108169,2
108170,2
108171,2
108172,2
108173,2
108174,2
108175,2
108176,2
108177,2
108178,2
108179,2
108180,2
108181,2
108182,2
108183,2
108184,2
108185,2
108186,2
108187,2
108188,2
108189,2
108190,2
108191,2
108192,2
108193,2
108194,2
108195,2
108196,2
108197,2
108198,2
108199,2
108200,2
108201,2
108202,2
108203,2
108204,2
108205,2
108206,2
108207,2
108208,2
108209,2
108210,2
108211,4
108212,4
108213,2
108214,2
108215,2
108216,2
108217,2
108218,2
108219,2
108220,2
108221,4
108222,2
108223,2
108224,2
108225,2
108226,2
108227,2
108228,2
108229,2
108230,2
108231,2
108232,2
108233,4
108234,2
108235,2
108236,2
108237,2
108238,2
108239,2
108240,2
108241,2
108242,2
108243,2
108244,2
108245,2
108246,2
108247,2
108248,2
108249,2
108250,2
108251,2
108252,2
108253,2
108254,2
108255,2
108256,2
108257,2
108258,2
108259,2
108260,2
108261,2
108262,2
108263,2
108264,2
108265,2
108266,2
108267,2
108268,2
108269,2
108270,2
108271,0
108272,3
108273,1
108274,2
108275,2
108276,2
108277,2
108278,2
108279,0
108280,2
108281,2
108282,2
108283,2
108284,2
108285,2
108286,0
108287,2
108288,2
108289,2
108290,2
108291,2
108292,2
108293,2
108294,3
108295,2
108296,2
108297,3
108298,2
108299,2
108300,2
108301,4
108302,2
108303,2
108304,2
108305,2
108306,2
108307,4
108308,3
108309,2
108310,2
108311,2
108312,2
108313,2
108314,2
108315,2
108316,3
108317,2
108318,2
108319,2
108320,3
108321,3
108322,3
108323,2
108324,3
108325,2
108326,3
108327,2
108328,2
108329,3
108330,3
108331,3
108332,3
108333,2
108334,2
108335,3
108336,2
108337,0
108338,2
108339,2
108340,2
108341,2
108342,2
108343,2
108344,2
108345,2
108346,2
108347,2
108348,2
108349,0
108350,2
108351,2
108352,2
108353,2
108354,2
108355,2
108356,2
108357,3
108358,2
108359,2
108360,2
108361,2
108362,2
108363,2
108364,2
108365,2
108366,2
108367,2
108368,2
108369,2
108370,2
108371,2
108372,2
108373,2
108374,2
108375,2
108376,2
108377,2
108378,2
108379,2
108380,2
108381,2
108382,2
108383,2
108384,2
108385,2
108386,2
108387,2
108388,2
108389,4
108390,2
108391,3
108392,2
108393,2
108394,2
108395,2
108396,2
108397,3
108398,2
108399,2
108400,2
108401,2
108402,1
108403,0
108404,2
108405,2
108406,2
108407,2
108408,2
108409,2
108410,2
108411,2
108412,2
108413,2
108414,2
108415,2
108416,2
108417,2
108418,2
108419,2
108420,2
108421,3
108422,3
108423,2
108424,2
108425,2
108426,5
108427,2
108428,2
108429,2
108430,2
108431,2
108432,3
108433,2
108434,3
108435,3
108436,2
108437,2
108438,2
108439,2
108440,3
108441,2
108442,3
108443,3
108444,2
108445,3
108446,2
108447,2
108448,2
108449,2
108450,2
108451,2
108452,2
108453,2
108454,2
108455,2
108456,3
108457,2
108458,0
108459,2
108460,2
108461,2
108462,2
108463,2
108464,0
108465,2
108466,2
108467,2
108468,2
108469,2
108470,2
108471,2
108472,2
108473,2
108474,2
108475,2
108476,2
108477,2
108478,2
108479,2
108480,2
108481,2
108482,2
108483,2
108484,2
108485,2
108486,2
108487,2
108488,2
108489,2
108490,2
108491,2
108492,2
108493,2
108494,2
108495,2
108496,2
108497,2
108498,2
108499,2
108500,2
108501,2
108502,2
108503,2
108504,2
108505,2
108506,2
108507,2
108508,2
108509,2
108510,2
108511,2
108512,2
108513,2
108514,2
108515,2
108516,2
108517,2
108518,2
108519,2
108520,2
108521,2
108522,3
108523,2
108524,2
108525,2
108526,2
108527,2
108528,2
108529,2
108530,2
108531,2
108532,3
108533,2
108534,2
108535,2
108536,2
108537,2
108538,4
108539,2
108540,2
108541,2
108542,2
108543,2
108544,2
108545,4
108546,2
108547,4
108548,2
108549,2
108550,2
108551,2
108552,4
108553,2
108554,2
108555,2
108556,2
108557,2
108558,2
108559,2
108560,2
108561,2
108562,2
108563,2
108564,2
108565,2
108566,3
108567,2
108568,2
108569,2
108570,2
108571,4
108572,4
108573,2
108574,2
108575,2
108576,2
108577,2
108578,4
108579,2
108580,2
108581,2
108582,2
108583,2
108584,2
108585,4
108586,2
108587,2
108588,2
108589,2
108590,4
108591,2
108592,4
108593,2
108594,2
108595,2
108596,2
108597,2
108598,2
108599,2
108600,2
108601,4
108602,2
108603,2
108604,2
108605,3
108606,2
108607,2
108608,2
108609,2
108610,2
108611,2
108612,2
108613,2
108614,2
108615,2
108616,2
108617,2
108618,2
108619,2
108620,2
108621,2
108622,2
108623,2
108624,0
108625,2
108626,2
108627,2
108628,2
108629,2
108630,5
108631,1
108632,2
108633,2
108634,2
108635,2
108636,2
108637,2
108638,2
108639,3
108640,2
108641,3
108642,2
108643,2
108644,2
108645,4
108646,2
108647,2
108648,2
108649,2
108650,2
108651,2
108652,2
108653,3
108654,2
108655,2
108656,2
108657,4
108658,2
108659,4
108660,2
108661,2
108662,2
108663,2
108664,2
108665,2
108666,2
108667,2
108668,2
108669,2
108670,2
108671,1
108672,2
108673,2
108674,2
108675,3
108676,2
108677,2
108678,2
108679,2
108680,2
108681,2
108682,2
108683,2
108684,2
108685,2
108686,2
108687,2
108688,2
108689,2
108690,2
108691,2
108692,2
108693,4
108694,4
108695,4
108696,4
108697,4
108698,4
108699,1
108700,4
108701,4
108702,1
108703,0
108704,4
108705,4
108706,4
108707,5
108708,3
108709,3
108710,0
108711,3
108712,3
108713,5
108714,4
108715,5
108716,4
108717,3
108718,5
108719,5
108720,3
108721,0
108722,4
108723,4
108724,0
108725,3
108726,0
108727,5
108728,2
108729,5
108730,3
108731,5
108732,4
108733,0
108734,0
108735,3
108736,5
108737,5
108738,4
108739,4
108740,4
108741,4
108742,4
108743,3
108744,4
108745,4
108746,4
108747,4
108748,3
108749,3
108750,3
108751,3
108752,3
108753,3
108754,3
108755,3
108756,3
108757,3
108758,1
108759,3
108760,3
108761,3
108762,3
108763,3
108764,4
108765,3
108766,4
108767,3
108768,4
108769,4
108770,1
108771,3
108772,1
108773,1
108774,3
108775,3
108776,3
108777,4
108778,1
108779,4
108780,4
108781,3
108782,3
108783,3
108784,3
108785,3
108786,5
108787,3
108788,5
108789,1
108790,5
108791,4
108792,4
108793,5
108794,2
108795,3
108796,2
108797,3
108798,1
108799,1
108800,3
108801,3
108802,2
108803,4
108804,3
108805,1
108806,3
108807,1
108808,3
108809,2
108810,4
108811,3
108812,3
108813,3
108814,2
108815,3
108816,0
108817,3
108818,3
108819,3
108820,0
108821,0
108822,0
108823,0
108824,0
108825,0
108826,0
108827,0
108828,0
108829,3
108830,0
108831,0
108832,3
108833,0
108834,0
108835,0
108836,0
108837,0
108838,3
108839,0
108840,0
108841,0
108842,0
108843,0
108844,0
108845,3
108846,0
108847,0
108848,3
108849,3
108850,1
108851,1
108852,0
108853,0
108854,0
108855,0
108856,0
108857,0
108858,0
108859,4
108860,4
108861,0
108862,3
108863,0
108864,0
108865,0
108866,3
108867,0
108868,4
108869,4
108870,2
108871,0
108872,0
108873,0
108874,1
108875,5
108876,3
108877,5
108878,5
108879,3
108880,3
108881,5
108882,3
108883,5
108884,3
108885,5
108886,5
108887,3
108888,3
108889,3
108890,1
108891,3
108892,3
108893,3
108894,3
108895,2
108896,5
108897,3
108898,2
108899,3
108900,5
108901,1
108902,3
108903,5
108904,5
108905,3
108906,3
108907,3
108908,3
108909,3
108910,5
108911,1
108912,3
108913,3
108914,3
108915,3
108916,5
108917,3
108918,4
108919,3
108920,4
108921,5
108922,5
108923,3
108924,3
108925,5
108926,5
108927,5
108928,5
108929,5
108930,0
108931,5
108932,5
108933,3
108934,5
108935,3
108936,3
108937,2
108938,2
108939,0
108940,4
108941,1
108942,3
108943,4
108944,5
108945,4
108946,4
108947,3
108948,3
108949,3
108950,1
108951,3
108952,0
108953,0
108954,0
108955,0
108956,0
108957,0
108958,0
108959,0
108960,0
108961,3
108962,0
108963,0
108964,3
108965,0
108966,3
108967,0
108968,1
108969,0
108970,0
108971,4
108972,4
108973,4
108974,3
108975,3
108976,0
108977,0
108978,3
108979,0
108980,1
108981,0
108982,1
108983,0
108984,0
108985,4
108986,0
108987,4
108988,4
108989,1
108990,4
108991,4
108992,4
108993,4
108994,4
108995,3
108996,4
108997,4
108998,4
108999,1
109000,1
109001,3
109002,4
109003,3
109004,4
109005,0
109006,0
109007,1
109008,1
109009,1
109010,1
109011,1
109012,3
109013,1
109014,3
109015,4
109016,0
109017,0
109018,0
109019,0
109020,5
109021,1
109022,0
109023,2
109024,0
109025,0
109026,1
109027,0
109028,0
109029,0
109030,0
109031,5
109032,0
109033,5
109034,0
109035,0
109036,0
109037,5
109038,0
109039,3
109040,0
109041,3
109042,3
109043,3
109044,5
109045,3
109046,1
109047,1
109048,1
109049,1
109050,1
109051,1
109052,1
109053,1
109054,1
109055,1
109056,1
109057,1
109058,1
109059,1
109060,1
109061,1
109062,1
109063,1
109064,1
109065,1
109066,1
109067,1
109068,1
109069,4
109070,3
109071,0
109072,3
109073,3
109074,5
109075,0
109076,3
109077,3
109078,1
109079,1
109080,3
109081,3
109082,0
109083,3
109084,3
109085,0
109086,0
109087,3
109088,3
109089,3
109090,3
109091,3
109092,3
109093,3
109094,3
109095,3
109096,3
109097,3
109098,3
109099,0
109100,2
109101,3
109102,2
109103,3
109104,3
109105,1
109106,1
109107,3
109108,3
109109,3
109110,4
109111,3
109112,3
109113,3
109114,3
109115,3
109116,4
109117,0
109118,1
109119,3
109120,0
109121,3
109122,0
109123,3
109124,0
109125,1
109126,4
109127,1
109128,1
109129,1
109130,1
109131,1
109132,1
109133,1
109134,1
109135,1
109136,1
109137,3
109138,3
109139,3
109140,0
109141,0
109142,0
109143,0
109144,4
109145,0
109146,4
109147,0
109148,0
109149,0
109150,0
109151,0
109152,1
109153,3
109154,3
109155,1
109156,3
109157,3
109158,3
109159,3
109160,3
109161,3
109162,3
109163,1
109164,3
109165,3
109166,0
109167,0
109168,0
109169,0
109170,0
109171,3
109172,0
109173,0
109174,1
109175,0
109176,0
109177,0
109178,3
109179,0
109180,0
109181,3
109182,3
109183,0
109184,0
109185,0
109186,3
109187,0
109188,0
109189,4
109190,0
109191,0
109192,1
109193,1
109194,1
109195,1
109196,1
109197,1
109198,1
109199,1
109200,1
109201,1
109202,2
109203,4
109204,0
109205,1
109206,3
109207,3
109208,3
109209,1
109210,3
109211,3
109212,2
109213,4
109214,1
109215,3
109216,3
109217,0
109218,1
109219,5
109220,5
109221,3
109222,0
109223,3
109224,3
109225,3
109226,0
109227,0
109228,0
109229,5
109230,0
109231,3
109232,1
109233,2
109234,5
109235,1
109236,4
109237,2
109238,3
109239,3
109240,3
109241,0
109242,3
109243,3
109244,3
109245,3
109246,3
109247,1
109248,3
109249,3
109250,3
109251,3
109252,1
109253,3
109254,3
109255,3
109256,3
109257,3
109258,3
109259,4
109260,3
109261,3
109262,3
109263,3
109264,0
109265,0
109266,3
109267,3
109268,3
109269,3
109270,3
109271,3
109272,3
109273,1
109274,3
109275,3
109276,2
109277,3
109278,3
109279,3
109280,3
109281,3
109282,3
109283,3
109284,3
109285,3
109286,3
109287,3
109288,3
109289,3
109290,0
109291,1
109292,3
109293,3
109294,1
109295,3
109296,3
109297,3
109298,3
109299,0
109300,0
109301,0
109302,0
109303,0
109304,1
109305,0
109306,1
109307,3
109308,0
109309,0
109310,1
109311,3
109312,3
109313,3
109314,3
109315,3
109316,3
109317,3
109318,3
109319,3
109320,3
109321,3
109322,3
109323,3
109324,3
109325,1
109326,3
109327,3
109328,3
109329,3
109330,3
109331,3
109332,3
109333,3
109334,1
109335,3
109336,1
109337,1
109338,3
109339,3
109340,1
109341,4
109342,3
109343,1
109344,0
109345,3
109346,3
109347,3
109348,3
109349,4
109350,3
109351,3
109352,3
109353,3
109354,3
109355,3
109356,3
109357,3
109358,0
109359,0
109360,1
109361,3
109362,0
109363,0
109364,3
109365,3
109366,3
109367,3
109368,3
109369,3
109370,3
109371,3
109372,3
109373,3
109374,3
109375,1
109376,1
109377,3
109378,3
109379,3
109380,0
109381,0
109382,0
109383,3
109384,0
109385,3
109386,0
109387,3
109388,3
109389,2
109390,0
109391,1
109392,1
109393,1
109394,3
109395,0
109396,1
109397,3
109398,3
109399,1
109400,3
109401,3
109402,3
109403,3
109404,3
109405,3
109406,1
109407,3
109408,3
109409,3
109410,3
109411,1
109412,0
109413,1
109414,3
109415,3
109416,1
109417,3
109418,3
109419,3
109420,3
109421,3
109422,0
109423,3
109424,3
109425,3
109426,3
109427,3
109428,3
109429,3
109430,3
109431,3
109432,1
109433,3
109434,3
109435,3
109436,3
109437,3
109438,3
109439,3
109440,3
109441,3
109442,3
109443,3
109444,3
109445,3
109446,3
109447,3
109448,3
109449,3
109450,3
109451,3
109452,3
109453,3
109454,1
109455,3
109456,3
109457,3
109458,3
109459,3
109460,3
109461,3
109462,3
109463,1
109464,1
109465,1
109466,1
109467,3
109468,3
109469,3
109470,3
109471,3
109472,3
109473,3
109474,3
109475,3
109476,3
109477,3
109478,1
109479,3
109480,3
109481,3
109482,3
109483,3
109484,1
109485,3
109486,1
109487,1
109488,1
109489,1
109490,1
109491,5
109492,0
109493,1
109494,3
109495,3
109496,3
109497,3
109498,3
109499,3
109500,3
109501,3
109502,3
109503,3
109504,3
109505,3
109506,3
109507,3
109508,1
109509,3
109510,3
109511,3
109512,3
109513,3
109514,3
109515,3
109516,3
109517,3
109518,1
109519,3
109520,3
109521,1
109522,3
109523,3
109524,0
109525,4
109526,3
109527,3
109528,3
109529,3
109530,1
109531,3
109532,3
109533,3
109534,1
109535,3
109536,3
109537,3
109538,1
109539,1
109540,1
109541,1
109542,1
109543,1
109544,1
109545,1
109546,1
109547,1
109548,1
109549,1
109550,1
109551,1
109552,1
109553,1
109554,1
109555,1
109556,1
109557,1
109558,1
109559,1
109560,1
109561,1
109562,1
109563,1
109564,1
109565,1
109566,4
109567,3
109568,0
109569,0
109570,1
109571,1
109572,0
109573,0
109574,0
109575,0
109576,0
109577,0
109578,0
109579,0
109580,3
109581,3
109582,4
109583,0
109584,5
109585,0
109586,4
109587,0
109588,4
109589,0
109590,0
109591,0
109592,1
109593,3
109594,0
109595,3
109596,0
109597,0
109598,1
109599,0
109600,1
109601,3
109602,1
109603,0
109604,3
109605,1
109606,3
109607,3
109608,3
109609,0
109610,3
109611,3
109612,3
109613,3
109614,3
109615,3
109616,0
109617,0
109618,3
109619,2
109620,5
109621,5
109622,5
109623,3
109624,5
109625,5
109626,3
109627,3
109628,5
109629,5
109630,3
109631,2
109632,3
109633,3
109634,0
109635,0
109636,5
109637,4
109638,5
109639,3
109640,2
109641,5
109642,5
109643,0
109644,2
109645,5
109646,5
109647,2
109648,5
109649,2
109650,5
109651,1
109652,5
109653,5
109654,5
109655,5
109656,5
109657,3
109658,5
109659,5
109660,2
109661,5
109662,5
109663,5
109664,5
109665,5
109666,3
109667,5
109668,5
109669,5
109670,1
109671,5
109672,3
109673,3
109674,3
109675,3
109676,3
109677,5
109678,3
109679,3
109680,3
109681,1
109682,3
109683,3
109684,3
109685,3
109686,2
109687,2
109688,5
109689,5
109690,5
109691,2
109692,5
109693,5
109694,3
109695,5
109696,0
109697,2
109698,2
109699,2
109700,2
109701,3
109702,5
109703,2
109704,3
109705,3
109706,5
109707,5
109708,5
109709,5
109710,5
109711,5
109712,5
109713,5
109714,5
109715,5
109716,5
109717,5
109718,2
109719,5
109720,5
109721,5
109722,5
109723,5
109724,3
109725,5
109726,5
109727,5
109728,2
109729,3
109730,5
109731,5
109732,5
109733,5
109734,5
109735,2
109736,0
109737,0
109738,0
109739,2
109740,0
109741,5
109742,0
109743,3
109744,3
109745,5
109746,2
109747,2
109748,5
109749,5
109750,5
109751,3
109752,5
109753,5
109754,5
109755,5
109756,5
109757,5
109758,2
109759,2
109760,5
109761,5
109762,2
109763,5
109764,3
109765,5
109766,5
109767,5
109768,5
109769,5
109770,5
109771,5
109772,5
109773,5
109774,5
109775,0
109776,0
109777,0
109778,0
109779,5
109780,5
109781,4
109782,2
109783,5
109784,2
109785,0
109786,0
109787,5
109788,5
109789,5
109790,3
109791,5
109792,5
109793,2
109794,2
109795,2
109796,5
109797,2
109798,2
109799,5
109800,2
109801,5
109802,2
109803,2
109804,2
109805,2
109806,2
109807,3
109808,3
109809,3
109810,5
109811,3
109812,5
109813,2
109814,0
109815,2
109816,2
109817,2
109818,5
109819,5
109820,2
109821,5
109822,5
109823,5
109824,5
109825,5
109826,5
109827,3
109828,2
109829,5
109830,3
109831,5
109832,5
109833,2
109834,2
109835,2
109836,5
109837,2
109838,5
109839,5
109840,5
109841,5
109842,5
109843,2
109844,0
109845,2
109846,5
109847,2
109848,2
109849,2
109850,2
109851,2
109852,5
109853,2
109854,5
109855,2
109856,5
109857,2
109858,3
109859,5
109860,5
109861,1
109862,2
109863,2
109864,2
109865,3
109866,2
109867,5
109868,2
109869,2
109870,2
109871,2
109872,2
109873,5
109874,5
109875,3
109876,5
109877,3
109878,3
109879,3
109880,3
109881,3
109882,3
109883,3
109884,3
109885,3
109886,2
109887,2
109888,3
109889,3
109890,2
109891,2
109892,3
109893,5
109894,5
109895,3
109896,5
109897,5
109898,5
109899,5
109900,5
109901,5
109902,0
109903,2
109904,5
109905,5
109906,5
109907,5
109908,2
109909,3
109910,2
109911,5
109912,5
109913,5
109914,5
109915,5
109916,5
109917,2
109918,0
109919,2
109920,5
109921,5
109922,5
109923,2
109924,5
109925,5
109926,3
109927,2
109928,2
109929,5
109930,0
109931,5
109932,5
109933,1
109934,5
109935,5
109936,2
109937,5
109938,5
109939,5
109940,3
109941,3
109942,2
109943,1
109944,3
109945,3
109946,2
109947,2
109948,4
109949,3
109950,4
109951,2
109952,4
109953,5
109954,2
109955,2
109956,3
109957,3
109958,4
109959,3
109960,3
109961,5
109962,3
109963,1
109964,3
109965,4
109966,1
109967,1
109968,4
109969,3
109970,4
109971,4
109972,3
109973,3
109974,4
109975,3
109976,4
109977,4
109978,3
109979,3
109980,3
109981,4
109982,3
109983,4
109984,1
109985,5
109986,5
109987,3
109988,3
109989,2
109990,2
109991,2
109992,2
109993,5
109994,0
109995,1
109996,3
109997,3
109998,3
109999,3
110000,3
110001,1
110002,3
110003,3
110004,3
110005,1
110006,3
110007,3
110008,5
110009,2
110010,3
110011,3
110012,3
110013,1
110014,3
110015,3
110016,3
110017,3
110018,3
110019,3
110020,3
110021,3
110022,3
110023,3
110024,3
110025,1
110026,3
110027,3
110028,3
110029,4
110030,4
110031,4
110032,5
110033,3
110034,3
110035,3
110036,4
110037,4
110038,5
110039,0
110040,0
110041,5
110042,3
110043,4
110044,1
110045,2
110046,2
110047,3
110048,3
110049,1
110050,3
110051,2
110052,3
110053,0
110054,2
110055,2
110056,2
110057,3
110058,2
110059,2
110060,4
110061,0
110062,0
110063,5
110064,3
110065,1
110066,0
110067,3
110068,2
110069,3
110070,3
110071,3
110072,3
110073,4
110074,3
110075,3
110076,3
110077,4
110078,3
110079,1
110080,3
110081,4
110082,4
110083,4
110084,4
110085,3
110086,4
110087,2
110088,4
110089,3
110090,3
110091,3
110092,3
110093,2
110094,2
110095,2
110096,2
110097,2
110098,2
110099,2
110100,2
110101,2
110102,2
110103,3
110104,2
110105,2
110106,2
110107,2
110108,2
110109,2
110110,2
110111,2
110112,2
110113,2
110114,2
110115,2
110116,2
110117,2
110118,2
110119,2
110120,2
110121,2
110122,2
110123,2
110124,2
110125,2
110126,2
110127,3
110128,2
110129,2
110130,2
110131,2
110132,2
110133,2
110134,2
110135,2
110136,2
110137,2
110138,3
110139,0
110140,2
110141,3
110142,2
110143,2
110144,0
110145,3
110146,3
110147,3
110148,3
110149,3
110150,3
110151,3
110152,3
110153,3
110154,3
110155,3
110156,3
110157,3
110158,3
110159,3
110160,3
110161,3
110162,4
110163,3
110164,3
110165,4
110166,4
110167,3
110168,3
110169,3
110170,4
110171,3
110172,3
110173,3
110174,0
110175,2
110176,0
110177,0
110178,0
110179,0
110180,0
110181,0
110182,0
110183,0
110184,0
110185,0
110186,0
110187,0
110188,0
110189,0
110190,0
110191,0
110192,0
110193,0
110194,0
110195,0
110196,0
110197,0
110198,0
110199,0
110200,0
110201,0
110202,0
110203,0
110204,0
110205,0
110206,0
110207,0
110208,0
110209,0
110210,0
110211,0
110212,0
110213,3
110214,2
110215,3
110216,3
110217,4
110218,2
110219,3
110220,2
110221,3
110222,0
110223,2
110224,5
110225,3
110226,3
110227,2
110228,1
110229,1
110230,1
110231,1
110232,1
110233,3
110234,1
110235,3
110236,1
110237,1
110238,1
110239,1
110240,3
110241,3
110242,1
110243,1
110244,1
110245,1
110246,1
110247,1
110248,1
110249,1
110250,1
110251,1
110252,1
110253,1
110254,1
110255,1
110256,1
110257,1
110258,1
110259,1
110260,1
110261,1
110262,1
110263,1
110264,1
110265,1
110266,1
110267,0
110268,1
110269,1
110270,1
110271,1
110272,1
110273,1
110274,1
110275,1
110276,1
110277,1
110278,1
110279,1
110280,1
110281,1
110282,3
110283,1
110284,1
110285,1
110286,1
110287,1
110288,1
110289,1
110290,1
110291,1
110292,5
110293,5
110294,0
110295,1
110296,1
110297,1
110298,5
110299,1
110300,1
110301,1
110302,1
110303,1
110304,1
110305,1
110306,1
110307,1
110308,1
110309,1
110310,1
110311,1
110312,1
110313,1
110314,1
110315,1
110316,5
110317,1
110318,1
110319,1
110320,1
110321,5
110322,0
110323,2
110324,2
110325,2
110326,0
110327,0
110328,0
110329,4
110330,5
110331,5
110332,5
110333,5
110334,5
110335,5
110336,5
110337,5
110338,5
110339,5
110340,4
110341,5
110342,5
110343,5
110344,5
110345,5
110346,0
110347,5
110348,2
110349,5
110350,5
110351,5
110352,5
110353,5
110354,5
110355,5
110356,0
110357,5
110358,5
110359,5
110360,5
110361,5
110362,5
110363,2
110364,5
110365,5
110366,5
110367,5
110368,3
110369,5
110370,5
110371,5
110372,5
110373,5
110374,5
110375,5
110376,5
110377,5
110378,5
110379,2
110380,5
110381,5
110382,0
110383,5
110384,4
110385,4
110386,4
110387,4
110388,4
110389,5
110390,2
110391,4
110392,2
110393,4
110394,4
110395,4
110396,2
110397,4
110398,2
110399,4
110400,4
110401,4
110402,1
110403,4
110404,4
110405,1
110406,4
110407,1
110408,4
110409,1
110410,5
110411,4
110412,4
110413,1
110414,1
110415,2
110416,1
110417,5
110418,1
110419,4
110420,4
110421,4
110422,3
110423,1
110424,4
110425,4
110426,4
110427,1
110428,1
110429,2
110430,5
110431,5
110432,5
110433,3
110434,2
110435,2
110436,4
110437,0
110438,0
110439,0
110440,3
110441,0
110442,2
110443,2
110444,5
110445,4
110446,2
110447,2
110448,2
110449,2
110450,0
110451,2
110452,2
110453,2
110454,0
110455,2
110456,2
110457,2
110458,2
110459,2
110460,2
110461,2
110462,2
110463,2
110464,2
110465,2
110466,4
110467,4
110468,2
110469,0
110470,2
110471,2
110472,2
110473,2
110474,4
110475,2
110476,2
110477,2
110478,2
110479,2
110480,2
110481,2
110482,2
110483,2
110484,2
110485,2
110486,2
110487,2
110488,2
110489,2
110490,2
110491,2
110492,2
110493,2
110494,0
110495,0
110496,2
110497,0
110498,2
110499,2
110500,2
110501,2
110502,2
110503,2
110504,2
110505,2
110506,2
110507,1
110508,0
110509,2
110510,2
110511,2
110512,2
110513,5
110514,5
110515,0
110516,0
110517,2
110518,2
110519,2
110520,4
110521,2
110522,4
110523,2
110524,2
110525,2
110526,0
110527,2
110528,2
110529,4
110530,2
110531,2
110532,3
110533,2
110534,2
110535,2
110536,5
110537,5
110538,2
110539,2
110540,2
110541,2
110542,2
110543,2
110544,4
110545,2
110546,2
110547,4
110548,2
110549,2
110550,0
110551,2
110552,2
110553,2
110554,2
110555,2
110556,2
110557,2
110558,2
110559,2
110560,0
110561,2
110562,2
110563,5
110564,2
110565,5
110566,5
110567,2
110568,2
110569,4
110570,2
110571,2
110572,2
110573,2
110574,0
110575,2
110576,2
110577,4
110578,2
110579,4
110580,2
110581,2
110582,2
110583,4
110584,2
110585,2
110586,2
110587,2
110588,5
110589,2
110590,4
110591,4
110592,5
110593,5
110594,5
110595,5
110596,4
110597,4
110598,4
110599,4
110600,4
110601,4
110602,4
110603,4
110604,2
110605,2
110606,4
110607,3
110608,2
110609,4
110610,2
110611,4
110612,4
110613,2
110614,4
110615,4
110616,4
110617,4
110618,4
110619,4
110620,4
110621,4
110622,4
110623,4
110624,4
110625,3
110626,4
110627,4
110628,4
110629,3
110630,0
110631,4
110632,4
110633,4
110634,4
110635,5
110636,4
110637,5
110638,4
110639,4
110640,4
110641,4
110642,4
110643,4
110644,5
110645,4
110646,4
110647,4
110648,4
110649,5
110650,4
110651,4
110652,4
110653,4
110654,2
110655,2
110656,2
110657,4
110658,2
110659,2
110660,4
110661,2
110662,4
110663,3
110664,2
110665,4
110666,4
110667,2
110668,4
110669,0
110670,2
110671,4
110672,2
110673,3
110674,4
110675,4
110676,0
110677,0
110678,0
110679,0
110680,2
110681,0
110682,0
110683,4
110684,4
110685,4
110686,0
110687,0
110688,0
110689,0
110690,2
110691,2
110692,2
110693,2
110694,2
110695,0
110696,2
110697,4
110698,4
110699,4
110700,4
110701,4
110702,4
110703,4
110704,0
110705,4
110706,4
110707,5
110708,4
110709,5
110710,5
110711,4
110712,4
110713,4
110714,2
110715,4
110716,4
110717,4
110718,4
110719,4
110720,4
110721,4
110722,4
110723,3
110724,4
110725,2
110726,4
110727,4
110728,4
110729,4
110730,4
110731,2
110732,3
110733,2
110734,2
110735,4
110736,4
110737,4
110738,0
110739,0
110740,1
110741,4
110742,4
110743,4
110744,4
110745,4
110746,4
110747,4
110748,5
110749,2
110750,2
110751,4
110752,2
110753,4
110754,0
110755,4
110756,0
110757,0
110758,4
110759,0
110760,2
110761,0
110762,0
110763,4
110764,4
110765,0
110766,0
110767,0
110768,4
110769,0
110770,5
110771,4
110772,4
110773,0
110774,2
110775,4
110776,0
110777,0
110778,4
110779,0
110780,0
110781,4
110782,4
110783,0
110784,0
110785,0
110786,0
110787,0
110788,0
110789,0
110790,0
110791,0
110792,0
110793,0
110794,0
110795,0
110796,0
110797,0
110798,0
110799,3
110800,3
110801,5
110802,4
110803,0
110804,4
110805,2
110806,4
110807,2
110808,2
110809,4
110810,4
110811,4
110812,4
110813,4
110814,4
110815,4
110816,4
110817,4
110818,4
110819,4
110820,4
110821,4
110822,4
110823,4
110824,4
110825,4
110826,4
110827,3
110828,3
110829,4
110830,4
110831,4
110832,4
110833,4
110834,4
110835,4
110836,4
110837,4
110838,4
110839,4
110840,4
110841,4
110842,4
110843,4
110844,4
110845,4
110846,4
110847,4
110848,4
110849,2
110850,4
110851,4
110852,4
110853,4
110854,4
110855,4
110856,2
110857,3
110858,4
110859,4
110860,4
110861,4
110862,4
110863,4
110864,4
110865,4
110866,4
110867,4
110868,4
110869,4
110870,4
110871,4
110872,4
110873,4
110874,2
110875,4
110876,2
110877,2
110878,4
110879,2
110880,4
110881,2
110882,2
110883,2
110884,2
110885,4
110886,2
110887,2
110888,2
110889,4
110890,4
110891,4
110892,4
110893,4
110894,4
110895,4
110896,2
110897,2
110898,2
110899,4
110900,4
110901,0
110902,4
110903,1
110904,4
110905,4
110906,4
110907,4
110908,1
110909,4
110910,2
110911,4
110912,4
110913,1
110914,3
110915,4
110916,4
110917,4
110918,4
110919,4
110920,4
110921,4
110922,4
110923,2
110924,4
110925,4
110926,2
110927,4
110928,2
110929,2
110930,2
110931,2
110932,0
110933,2
110934,2
110935,4
110936,2
110937,2
110938,2
110939,4
110940,2
110941,2
110942,4
110943,4
110944,2
110945,2
110946,4
110947,4
110948,1
110949,3
110950,1
110951,3
110952,4
110953,1
110954,2
110955,4
110956,4
110957,3
110958,0
110959,4
110960,4
110961,4
110962,4
110963,4
110964,1
110965,1
110966,1
110967,4
110968,3
110969,2
110970,4
110971,4
110972,4
110973,2
110974,4
110975,4
110976,3
110977,4
110978,3
110979,4
110980,4
110981,3
110982,4
110983,0
110984,4
110985,2
110986,2
110987,2
110988,2
110989,2
110990,2
110991,2
110992,2
110993,2
110994,4
110995,2
110996,2
110997,2
110998,4
110999,4
111000,4
111001,4
111002,4
111003,4
111004,2
111005,4
111006,4
111007,4
111008,2
111009,3
111010,2
111011,4
111012,4
111013,2
111014,0
111015,4
111016,4
111017,4
111018,0
111019,0
111020,0
111021,0
111022,0
111023,0
111024,0
111025,0
111026,0
111027,0
111028,0
111029,0
111030,0
111031,0
111032,0
111033,0
111034,4
111035,5
111036,4
111037,0
111038,0
111039,2
111040,2
111041,1
111042,2
111043,0
111044,4
111045,4
111046,4
111047,2
111048,0
111049,0
111050,0
111051,0
111052,0
111053,0
111054,0
111055,2
111056,2
111057,2
111058,2
111059,2
111060,2
111061,2
111062,4
111063,4
111064,4
111065,4
111066,4
111067,3
111068,4
111069,4
111070,4
111071,4
111072,4
111073,4
111074,4
111075,4
111076,4
111077,4
111078,4
111079,4
111080,4
111081,4
111082,2
111083,0
111084,2
111085,5
111086,4
111087,4
111088,4
111089,4
111090,4
111091,4
111092,3
111093,3
111094,3
111095,4
111096,3
111097,5
111098,0
111099,5
111100,2
111101,0
111102,0
111103,0
111104,4
111105,4
111106,4
111107,4
111108,3
111109,3
111110,3
111111,3
111112,4
111113,3
111114,3
111115,3
111116,4
111117,3
111118,3
111119,0
111120,4
111121,2
111122,2
111123,0
111124,0
111125,3
111126,4
111127,0
111128,4
111129,4
111130,2
111131,0
111132,0
111133,2
111134,2
111135,0
111136,0
111137,0
111138,0
111139,0
111140,0
111141,3
111142,0
111143,0
111144,4
111145,0
111146,4
111147,0
111148,0
111149,0
111150,0
111151,0
111152,0
111153,4
111154,3
111155,0
111156,4
111157,4
111158,0
111159,0
111160,0
111161,0
111162,0
111163,0
111164,0
111165,2
111166,4
111167,4
111168,2
111169,2
111170,4
111171,4
111172,2
111173,4
111174,4
111175,0
111176,2
111177,4
111178,2
111179,4
111180,2
111181,0
111182,0
111183,4
111184,0
111185,4
111186,0
111187,4
111188,0
111189,0
111190,0
111191,4
111192,4
111193,4
111194,4
111195,4
111196,2
111197,4
111198,2
111199,4
111200,4
111201,2
111202,4
111203,4
111204,4
111205,4
111206,0
111207,0
111208,4
111209,0
111210,0
111211,0
111212,0
111213,4
111214,4
111215,0
111216,4
111217,2
111218,1
111219,1
111220,2
111221,2
111222,2
111223,2
111224,2
111225,3
111226,3
111227,5
111228,1
111229,1
111230,3
111231,3
111232,3
111233,3
111234,1
111235,1
111236,1
111237,4
111238,1
111239,3
111240,4
111241,0
111242,4
111243,0
111244,0
111245,0
111246,4
111247,3
111248,3
111249,3
111250,4
111251,4
111252,2
111253,3
111254,3
111255,1
111256,5
111257,5
111258,0
111259,0
111260,0
111261,3
111262,0
111263,0
111264,0
111265,0
111266,0
111267,0
111268,1
111269,1
111270,1
111271,1
111272,1
111273,4
111274,2
111275,2
111276,0
111277,0
111278,0
111279,0
111280,0
111281,3
111282,3
111283,3
111284,4
111285,4
111286,3
111287,2
111288,0
111289,4
111290,3
111291,3
111292,4
111293,3
111294,0
111295,3
111296,3
111297,0
111298,0
111299,3
111300,0
111301,2
111302,0
111303,0
111304,2
111305,3
111306,0
111307,2
111308,2
111309,3
111310,0
111311,1
111312,1
111313,1
111314,3
111315,2
111316,0
111317,3
111318,3
111319,0
111320,3
111321,2
111322,0
111323,0
111324,0
111325,0
111326,0
111327,0
111328,0
111329,0
111330,0
111331,0
111332,0
111333,0
111334,0
111335,0
111336,0
111337,0
111338,0
111339,0
111340,3
111341,3
111342,3
111343,3
111344,3
111345,3
111346,2
111347,2
111348,1
111349,1
111350,0
111351,0
111352,0
111353,1
111354,3
111355,3
111356,4
111357,3
111358,2
111359,3
111360,3
111361,0
111362,0
111363,0
111364,4
111365,0
111366,3
111367,1
111368,1
111369,1
111370,0
111371,3
111372,4
111373,3
111374,3
111375,3
111376,3
111377,3
111378,0
111379,0
111380,4
111381,3
111382,0
111383,0
111384,0
111385,0
111386,1
111387,0
111388,3
111389,0
111390,0
111391,0
111392,0
111393,1
111394,0
111395,3
111396,3
111397,3
111398,3
111399,3
111400,0
111401,0
111402,3
111403,1
111404,0
111405,0
111406,1
111407,1
111408,1
111409,3
111410,2
111411,1
111412,1
111413,1
111414,0
111415,1
111416,1
111417,3
111418,3
111419,0
111420,0
111421,3
111422,3
111423,0
111424,1
111425,1
111426,1
111427,2
111428,3
111429,2
111430,3
111431,3
111432,3
111433,2
111434,2
111435,0
111436,2
111437,3
111438,4
111439,2
111440,2
111441,2
111442,3
111443,0
111444,0
111445,0
111446,0
111447,1
111448,1
111449,1
111450,1
111451,1
111452,1
111453,1
111454,3
111455,1
111456,1
111457,1
111458,1
111459,1
111460,1
111461,1
111462,1
111463,1
111464,1
111465,1
111466,1
111467,1
111468,1
111469,1
111470,1
111471,1
111472,1
111473,1
111474,1
111475,1
111476,1
111477,1
111478,1
111479,1
111480,1
111481,1
111482,1
111483,1
111484,1
111485,1
111486,1
111487,1
111488,1
111489,1
111490,1
111491,5
111492,1
111493,5
111494,1
111495,1
111496,1
111497,1
111498,1
111499,1
111500,1
111501,1
111502,1
111503,1
111504,1
111505,1
111506,1
111507,1
111508,1
111509,1
111510,1
111511,1
111512,1
111513,1
111514,1
111515,1
111516,1
111517,1
111518,1
111519,1
111520,1
111521,1
111522,1
111523,1
111524,1
111525,1
111526,1
111527,1
111528,1
111529,1
111530,1
111531,1
111532,1
111533,1
111534,1
111535,1
111536,1
111537,1
111538,1
111539,1
111540,1
111541,1
111542,1
111543,3
111544,1
111545,1
111546,1
111547,1
111548,1
111549,1
111550,1
111551,1
111552,1
111553,1
111554,1
111555,1
111556,1
111557,1
111558,1
111559,1
111560,1
111561,1
111562,1
111563,1
111564,1
111565,1
111566,1
111567,1
111568,1
111569,1
111570,1
111571,1
111572,1
111573,1
111574,1
111575,1
111576,1
111577,1
111578,1
111579,1
111580,1
111581,1
111582,1
111583,1
111584,1
111585,1
111586,3
111587,4
111588,1
111589,1
111590,1
111591,1
111592,1
111593,1
111594,1
111595,1
111596,1
111597,1
111598,1
111599,1
111600,1
111601,1
111602,3
111603,1
111604,3
111605,1
111606,1
111607,1
111608,1
111609,1
111610,1
111611,1
111612,1
111613,1
111614,1
111615,0
111616,3
111617,1
111618,1
111619,1
111620,1
111621,1
111622,1
111623,1
111624,3
111625,0
111626,1
111627,1
111628,3
111629,1
111630,1
111631,1
111632,3
111633,1
111634,2
111635,1
111636,1
111637,1
111638,3
111639,1
111640,1
111641,1
111642,0
111643,1
111644,1
111645,2
111646,1
111647,1
111648,1
111649,1
111650,1
111651,1
111652,0
111653,1
111654,3
111655,0
111656,3
111657,1
111658,1
111659,1
111660,1
111661,3
111662,3
111663,1
111664,3
111665,1
111666,1
111667,1
111668,1
111669,1
111670,5
111671,3
111672,1
111673,1
111674,1
111675,1
111676,1
111677,1
111678,1
111679,1
111680,1
111681,1
111682,3
111683,0
111684,1
111685,1
111686,1
111687,1
111688,1
111689,1
111690,1
111691,2
111692,3
111693,1
111694,1
111695,2
111696,1
111697,1
111698,1
111699,2
111700,4
111701,0
111702,3
111703,3
111704,3
111705,1
111706,1
111707,1
111708,3
111709,1
111710,2
111711,1
111712,1
111713,1
111714,0
111715,3
111716,3
111717,3
111718,3
111719,3
111720,1
111721,2
111722,2
111723,2
111724,2
111725,2
111726,2
111727,2
111728,2
111729,2
111730,2
111731,0
111732,1
111733,2
111734,2
111735,2
111736,2
111737,2
111738,2
111739,2
111740,2
111741,2
111742,5
111743,2
111744,2
111745,2
111746,2
111747,2
111748,2
111749,2
111750,2
111751,2
111752,5
111753,2
111754,3
111755,2
111756,2
111757,2
111758,3
111759,2
111760,2
111761,2
111762,2
111763,2
111764,2
111765,2
111766,2
111767,2
111768,2
111769,5
111770,2
111771,2
111772,2
111773,2
111774,0
111775,2
111776,2
111777,2
111778,2
111779,2
111780,2
111781,2
111782,2
111783,2
111784,2
111785,2
111786,2
111787,2
111788,2
111789,2
111790,2
111791,4
111792,2
111793,3
111794,2
111795,2
111796,2
111797,3
111798,2
111799,2
111800,2
111801,2
111802,2
111803,2
111804,2
111805,2
111806,2
111807,2
111808,2
111809,2
111810,2
111811,3
111812,2
111813,2
111814,2
111815,2
111816,3
111817,2
111818,2
111819,5
111820,2
111821,2
111822,2
111823,2
111824,2
111825,2
111826,0
111827,2
111828,2
111829,3
111830,2
111831,3
111832,2
111833,2
111834,3
111835,2
111836,2
111837,2
111838,2
111839,2
111840,2
111841,2
111842,3
111843,3
111844,2
111845,3
111846,2
111847,3
111848,0
111849,2
111850,3
111851,2
111852,2
111853,2
111854,3
111855,3
111856,1
111857,3
111858,3
111859,2
111860,3
111861,1
111862,3
111863,2
111864,2
111865,1
111866,2
111867,2
111868,3
111869,3
111870,3
111871,3
111872,2
111873,3
111874,3
111875,1
111876,0
111877,3
111878,1
111879,1
111880,1
111881,1
111882,1
111883,3
111884,3
111885,3
111886,3
111887,3
111888,1
111889,3
111890,3
111891,3
111892,3
111893,1
111894,2
111895,1
111896,1
111897,1
111898,3
111899,1
111900,0
111901,3
111902,3
111903,3
111904,3
111905,3
111906,1
111907,1
111908,1
111909,0
111910,1
111911,1
111912,1
111913,1
111914,1
111915,1
111916,1
111917,1
111918,1
111919,1
111920,1
111921,1
111922,1
111923,1
111924,1
111925,3
111926,1
111927,1
111928,1
111929,3
111930,3
111931,1
111932,1
111933,1
111934,1
111935,1
111936,1
111937,1
111938,1
111939,1
111940,1
111941,1
111942,1
111943,1
111944,1
111945,1
111946,1
111947,5
111948,1
111949,1
111950,1
111951,1
111952,1
111953,1
111954,1
111955,1
111956,3
111957,1
111958,1
111959,0
111960,1
111961,5
111962,1
111963,1
111964,1
111965,1
111966,1
111967,1
111968,1
111969,1
111970,1
111971,1
111972,1
111973,1
111974,1
111975,1
111976,1
111977,1
111978,1
111979,1
111980,1
111981,1
111982,1
111983,1
111984,1
111985,1
111986,1
111987,1
111988,1
111989,1
111990,1
111991,1
111992,1
111993,1
111994,1
111995,1
111996,1
111997,1
111998,1
111999,1
112000,1
112001,2
112002,1
112003,1
112004,1
112005,1
112006,1
112007,1
112008,1
112009,1
112010,1
112011,1
112012,1
112013,1
112014,1
112015,1
112016,1
112017,1
112018,5
112019,1
112020,1
112021,1
112022,1
112023,1
112024,1
112025,1
112026,1
112027,1
112028,1
112029,1
112030,1
112031,1
112032,1
112033,1
112034,1
112035,1
112036,1
112037,1
112038,1
112039,1
112040,1
112041,1
112042,1
112043,1
112044,1
112045,1
112046,1
112047,1
112048,1
112049,1
112050,1
112051,1
112052,1
112053,1
112054,1
112055,1
112056,1
112057,1
112058,1
112059,1
112060,1
112061,1
112062,1
112063,1
112064,1
112065,1
112066,1
112067,1
112068,1
112069,1
112070,1
112071,1
112072,1
112073,1
112074,1
112075,1
112076,1
112077,1
112078,1
112079,1
112080,1
112081,1
112082,1
112083,1
112084,1
112085,1
112086,1
112087,1
112088,1
112089,1
112090,1
112091,1
112092,1
112093,1
112094,1
112095,1
112096,1
112097,1
112098,1
112099,1
112100,1
112101,1
112102,1
112103,1
112104,1
112105,1
112106,1
112107,1
112108,1
112109,1
112110,1
112111,1
112112,1
112113,0
112114,1
112115,1
112116,1
112117,1
112118,1
112119,1
112120,1
112121,1
112122,1
112123,1
112124,1
112125,1
112126,1
112127,0
112128,1
112129,1
112130,5
112131,1
112132,1
112133,1
112134,1
112135,1
112136,1
112137,1
112138,1
112139,1
112140,1
112141,1
112142,1
112143,1
112144,1
112145,1
112146,1
112147,1
112148,1
112149,1
112150,1
112151,1
112152,1
112153,1
112154,1
112155,1
112156,1
112157,1
112158,1
112159,1
112160,1
112161,1
112162,1
112163,1
112164,1
112165,1
112166,1
112167,1
112168,1
112169,1
112170,1
112171,1
112172,1
112173,1
112174,1
112175,1
112176,1
112177,1
112178,1
112179,1
112180,1
112181,1
112182,1
112183,1
112184,5
112185,1
112186,1
112187,1
112188,1
112189,1
112190,1
112191,1
112192,5
112193,1
112194,1
112195,1
112196,1
112197,1
112198,5
112199,5
112200,5
112201,5
112202,1
112203,5
112204,1
112205,1
112206,5
112207,5
112208,1
112209,1
112210,1
112211,1
112212,1
112213,1
112214,1
112215,1
112216,1
112217,1
112218,1
112219,1
112220,1
112221,1
112222,1
112223,1
112224,1
112225,1
112226,1
112227,1
112228,1
112229,1
112230,1
112231,1
112232,1
112233,1
112234,1
112235,1
112236,1
112237,1
112238,1
112239,1
112240,1
112241,1
112242,1
112243,1
112244,1
112245,1
112246,1
112247,3
112248,1
112249,1
112250,1
112251,5
112252,1
112253,1
112254,1
112255,1
112256,1
112257,1
112258,3
112259,1
112260,1
112261,5
112262,1
112263,1
112264,5
112265,1
112266,1
112267,1
112268,1
112269,5
112270,1
112271,1
112272,1
112273,1
112274,1
112275,1
112276,1
112277,1
112278,1
112279,1
112280,1
112281,1
112282,3
112283,1
112284,1
112285,3
112286,1
112287,1
112288,1
112289,1
112290,1
112291,0
112292,1
112293,2
112294,1
112295,0
112296,3
112297,0
112298,2
112299,3
112300,1
112301,1
112302,1
112303,3
112304,5
112305,1
112306,1
112307,1
112308,3
112309,1
112310,0
112311,3
112312,2
112313,3
112314,3
112315,0
112316,3
112317,1
112318,1
112319,1
112320,1
112321,1
112322,1
112323,1
112324,1
112325,1
112326,1
112327,1
112328,1
112329,1
112330,1
112331,1
112332,1
112333,1
112334,1
112335,1
112336,1
112337,1
112338,1
112339,1
112340,1
112341,1
112342,1
112343,1
112344,1
112345,1
112346,1
112347,1
112348,1
112349,1
112350,1
112351,1
112352,1
112353,1
112354,1
112355,1
112356,3
112357,1
112358,1
112359,1
112360,1
112361,1
112362,1
112363,1
112364,1
112365,5
112366,1
112367,1
112368,1
112369,1
112370,1
112371,1
112372,1
112373,1
112374,1
112375,1
112376,1
112377,1
112378,3
112379,1
112380,1
112381,1
112382,1
112383,1
112384,1
112385,1
112386,1
112387,1
112388,1
112389,1
112390,1
112391,1
112392,1
112393,1
112394,1
112395,1
112396,1
112397,1
112398,1
112399,1
112400,1
112401,1
112402,1
112403,1
112404,1
112405,1
112406,1
112407,3
112408,1
112409,1
112410,1
112411,1
112412,1
112413,1
112414,4
112415,1
112416,1
112417,1
112418,3
112419,1
112420,1
112421,3
112422,1
112423,1
112424,3
112425,1
112426,5
112427,1
112428,5
112429,5
112430,1
112431,1
112432,1
112433,5
112434,1
112435,1
112436,5
112437,1
112438,1
112439,1
112440,1
112441,1
112442,1
112443,1
112444,1
112445,1
112446,1
112447,1
112448,1
112449,3
112450,1
112451,1
112452,3
112453,1
112454,1
112455,1
112456,1
112457,1
112458,1
112459,1
112460,1
112461,1
112462,1
112463,1
112464,1
112465,1
112466,1
112467,1
112468,1
112469,1
112470,1
112471,1
112472,1
112473,1
112474,1
112475,1
112476,1
112477,1
112478,1
112479,1
112480,1
112481,1
112482,1
112483,1
112484,1
112485,1
112486,1
112487,1
112488,1
112489,1
112490,1
112491,1
112492,1
112493,1
112494,1
112495,1
112496,1
112497,1
112498,1
112499,1
112500,1
112501,1
112502,1
112503,1
112504,1
112505,1
112506,1
112507,1
112508,1
112509,1
112510,1
112511,1
112512,1
112513,1
112514,1
112515,1
112516,1
112517,1
112518,1
112519,1
112520,1
112521,1
112522,1
112523,1
112524,1
112525,3
112526,1
112527,1
112528,1
112529,1
112530,1
112531,1
112532,1
112533,1
112534,0
112535,1
112536,0
112537,1
112538,1
112539,1
112540,1
112541,1
112542,1
112543,1
112544,1
112545,1
112546,1
112547,1
112548,1
112549,1
112550,1
112551,1
112552,1
112553,1
112554,1
112555,1
112556,1
112557,1
112558,1
112559,1
112560,1
112561,1
112562,1
112563,1
112564,1
112565,1
112566,1
112567,1
112568,1
112569,1
112570,1
112571,1
112572,1
112573,1
112574,1
112575,1
112576,1
112577,1
112578,1
112579,1
112580,1
112581,1
112582,1
112583,1
112584,1
112585,0
112586,1
112587,5
112588,1
112589,1
112590,1
112591,1
112592,5
112593,1
112594,1
112595,1
112596,1
112597,1
112598,1
112599,1
112600,1
112601,1
112602,1
112603,1
112604,1
112605,1
112606,1
112607,1
112608,1
112609,1
112610,1
112611,2
112612,2
112613,1
112614,1
112615,1
112616,1
112617,1
112618,1
112619,1
112620,1
112621,1
112622,1
112623,1
112624,1
112625,1
112626,1
112627,1
112628,1
112629,1
112630,1
112631,1
112632,1
112633,1
112634,1
112635,1
112636,1
112637,1
112638,1
112639,1
112640,1
112641,1
112642,1
112643,1
112644,1
112645,1
112646,1
112647,1
112648,1
112649,1
112650,1
112651,1
112652,1
112653,1
112654,1
112655,1
112656,1
112657,1
112658,1
112659,1
112660,1
112661,1
112662,1
112663,1
112664,1
112665,1
112666,1
112667,1
112668,1
112669,1
112670,1
112671,1
112672,1
112673,1
112674,1
112675,1
112676,1
112677,1
112678,1
112679,1
112680,1
112681,1
112682,3
112683,1
112684,1
112685,1
112686,1
112687,1
112688,1
112689,1
112690,1
112691,1
112692,1
112693,1
112694,1
112695,1
112696,1
112697,1
112698,1
112699,1
112700,1
112701,1
112702,1
112703,1
112704,1
112705,1
112706,1
112707,1
112708,1
112709,1
112710,1
112711,1
112712,1
112713,1
112714,1
112715,1
112716,1
112717,1
112718,1
112719,1
112720,1
112721,1
112722,1
112723,1
112724,1
112725,1
112726,1
112727,1
112728,1
112729,1
112730,3
112731,1
112732,1
112733,1
112734,1
112735,1
112736,1
112737,1
112738,1
112739,3
112740,1
112741,1
112742,3
112743,1
112744,1
112745,1
112746,1
112747,1
112748,1
112749,2
112750,1
112751,1
112752,1
112753,1
112754,0
112755,1
112756,1
112757,1
112758,1
112759,1
112760,1
112761,1
112762,1
112763,1
112764,1
112765,1
112766,1
112767,1
112768,1
112769,1
112770,1
112771,1
112772,1
112773,1
112774,1
112775,1
112776,1
112777,1
112778,1
112779,1
112780,1
112781,1
112782,1
112783,1
112784,1
112785,1
112786,1
112787,1
112788,1
112789,1
112790,1
112791,1
112792,1
112793,1
112794,1
112795,1
112796,1
112797,1
112798,1
112799,1
112800,1
112801,1
112802,1
112803,1
112804,1
112805,1
112806,1
112807,1
112808,1
112809,1
112810,1
112811,0
112812,1
112813,1
112814,1
112815,3
112816,1
112817,1
112818,1
112819,1
112820,1
112821,1
112822,1
112823,1
112824,1
112825,1
112826,1
112827,1
112828,1
112829,1
112830,1
112831,1
112832,1
112833,3
112834,1
112835,1
112836,1
112837,1
112838,1
112839,1
112840,1
112841,3
112842,3
112843,1
112844,1
112845,1
112846,3
112847,1
112848,3
112849,3
112850,1
112851,1
112852,3
112853,1
112854,1
112855,1
112856,1
112857,1
112858,1
112859,1
112860,1
112861,1
112862,1
112863,1
112864,1
112865,1
112866,3
112867,1
112868,1
112869,1
112870,3
112871,1
112872,1
112873,1
112874,1
112875,1
112876,0
112877,1
112878,1
112879,1
112880,1
112881,3
112882,1
112883,1
112884,1
112885,1
112886,1
112887,3
112888,1
112889,1
112890,3
112891,1
112892,2
112893,3
112894,3
112895,3
112896,1
112897,1
112898,3
112899,1
112900,3
112901,1
112902,2
112903,3
112904,3
112905,1
112906,1
112907,2
112908,2
112909,2
112910,3
112911,2
112912,2
112913,2
112914,3
112915,2
112916,3
112917,2
112918,2
112919,2
112920,2
112921,3
112922,2
112923,2
112924,2
112925,2
112926,2
112927,2
112928,2
112929,3
112930,2
112931,3
112932,2
112933,2
112934,2
112935,3
112936,1
112937,3
112938,2
112939,1
112940,0
112941,2
112942,2
112943,2
112944,0
112945,1
112946,1
112947,0
112948,2
112949,1
112950,1
112951,1
112952,1
112953,3
112954,1
112955,1
112956,1
112957,1
112958,1
112959,1
112960,1
112961,1
112962,3
112963,1
112964,1
112965,1
112966,1
112967,1
112968,1
112969,1
112970,1
112971,1
112972,1
112973,1
112974,3
112975,0
112976,1
112977,1
112978,1
112979,1
112980,3
112981,1
112982,0
112983,1
112984,0
112985,1
112986,1
112987,1
112988,1
112989,3
112990,3
112991,1
112992,1
112993,1
112994,1
112995,3
112996,1
112997,1
112998,1
112999,1
113000,3
113001,1
113002,1
113003,1
113004,3
113005,1
113006,1
113007,1
113008,1
113009,1
113010,1
113011,1
113012,5
113013,3
113014,3
113015,1
113016,1
113017,3
113018,2
113019,1
113020,1
113021,1
113022,3
113023,1
113024,3
113025,3
113026,1
113027,1
113028,1
113029,3
113030,3
113031,3
113032,3
113033,1
113034,1
113035,1
113036,3
113037,3
113038,1
113039,1
113040,3
113041,1
113042,4
113043,4
113044,3
113045,1
113046,2
113047,1
113048,3
113049,2
113050,2
113051,0
113052,3
113053,3
113054,2
113055,0
113056,2
113057,0
113058,3
113059,3
113060,2
113061,2
113062,3
113063,2
113064,2
113065,2
113066,2
113067,2
113068,3
113069,2
113070,1
113071,1
113072,2
113073,0
113074,1
113075,0
113076,2
113077,3
113078,0
113079,0
113080,0
113081,2
113082,2
113083,2
113084,1
113085,2
113086,1
113087,0
113088,2
113089,3
113090,3
113091,1
113092,3
113093,0
113094,3
113095,2
113096,2
113097,2
113098,2
113099,3
113100,2
113101,3
113102,0
113103,0
113104,3
113105,2
113106,0
113107,2
113108,2
113109,0
113110,2
113111,0
113112,1
113113,0
113114,2
113115,0
113116,3
113117,2
113118,2
113119,2
113120,3
113121,3
113122,2
113123,2
113124,2
113125,2
113126,1
113127,2
113128,2
113129,0
113130,0
113131,3
113132,3
113133,3
113134,3
113135,2
113136,3
113137,0
113138,3
113139,3
113140,3
113141,3
113142,0
113143,2
113144,2
113145,3
113146,0
113147,2
113148,2
113149,3
113150,3
113151,3
113152,3
113153,2
113154,0
113155,3
113156,3
113157,1
113158,0
113159,3
113160,3
113161,3
113162,2
113163,1
113164,3
113165,2
113166,5
113167,1
113168,1
113169,1
113170,1
113171,3
113172,0
113173,3
113174,2
113175,4
113176,4
113177,1
113178,1
113179,4
113180,1
113181,4
113182,3
113183,0
113184,3
113185,3
113186,3
113187,3
113188,3
113189,3
113190,3
113191,3
113192,1
113193,1
113194,3
113195,3
113196,2
113197,1
113198,3
113199,3
113200,3
113201,3
113202,3
113203,0
113204,0
113205,3
113206,3
113207,3
113208,0
113209,3
113210,1
113211,0
113212,0
113213,0
113214,4
113215,3
113216,0
113217,1
113218,3
113219,5
113220,0
113221,3
113222,2
113223,1
113224,3
113225,1
113226,1
113227,1
113228,3
113229,3
113230,3
113231,1
113232,1
113233,1
113234,1
113235,1
113236,3
113237,3
113238,1
113239,1
113240,3
113241,1
113242,1
113243,2
113244,1
113245,1
113246,1
113247,1
113248,1
113249,1
113250,0
113251,0
113252,1
113253,1
113254,1
113255,2
113256,1
113257,1
113258,1
113259,3
113260,3
113261,1
113262,1
113263,1
113264,1
113265,1
113266,1
113267,1
113268,1
113269,3
113270,1
113271,3
113272,1
113273,1
113274,3
113275,1
113276,1
113277,1
113278,1
113279,1
113280,1
113281,1
113282,1
113283,1
113284,0
113285,0
113286,2
113287,3
113288,2
113289,3
113290,3
113291,2
113292,3
113293,3
113294,2
113295,2
113296,2
113297,3
113298,3
113299,3
113300,0
113301,2
113302,3
113303,3
113304,0
113305,3
113306,5
113307,0
113308,3
113309,0
113310,5
113311,5
113312,0
113313,3
113314,1
113315,1
113316,0
113317,3
113318,3
113319,0
113320,0
113321,1
113322,3
113323,3
113324,3
113325,0
113326,3
113327,3
113328,1
113329,3
113330,3
113331,3
113332,3
113333,3
113334,3
113335,3
113336,1
113337,3
113338,1
113339,3
113340,1
113341,1
113342,3
113343,3
113344,3
113345,1
113346,1
113347,3
113348,3
113349,3
113350,1
113351,0
113352,3
113353,3
113354,2
113355,3
113356,3
113357,3
113358,1
113359,3
113360,3
113361,1
113362,1
113363,3
113364,3
113365,3
113366,3
113367,3
113368,3
113369,3
113370,3
113371,3
113372,3
113373,0
113374,2
113375,3
113376,3
113377,3
113378,3
113379,3
113380,3
113381,1
113382,1
113383,3
113384,3
113385,1
113386,1
113387,1
113388,3
113389,3
113390,3
113391,3
113392,3
113393,3
113394,1
113395,1
113396,3
113397,3
113398,3
113399,3
113400,1
113401,1
113402,3
113403,3
113404,1
113405,0
113406,1
113407,3
113408,3
113409,4
113410,1
113411,1
113412,1
113413,1
113414,1
113415,3
113416,1
113417,3
113418,3
113419,3
113420,5
113421,3
113422,4
113423,1
113424,1
113425,3
113426,1
113427,3
113428,3
113429,1
113430,0
113431,5
113432,1
113433,3
113434,1
113435,1
113436,3
113437,1
113438,3
113439,3
113440,3
113441,3
113442,1
113443,1
113444,3
113445,0
113446,3
113447,2
113448,3
113449,5
113450,3
113451,3
113452,1
113453,5
113454,3
113455,5
113456,3
113457,2
113458,3
113459,0
113460,0
113461,0
113462,3
113463,0
113464,3
113465,3
113466,0
113467,3
113468,3
113469,3
113470,1
113471,1
113472,1
113473,3
113474,0
113475,0
113476,0
113477,0
113478,0
113479,3
113480,0
113481,2
113482,3
113483,3
113484,1
113485,0
113486,0
113487,1
113488,0
113489,3
113490,0
113491,0
113492,3
113493,0
113494,0
113495,0
113496,0
113497,0
113498,3
113499,3
113500,0
113501,3
113502,3
113503,0
113504,1
113505,1
113506,0
113507,0
113508,0
113509,2
113510,0
113511,2
113512,0
113513,0
113514,0
113515,0
113516,3
113517,0
113518,0
113519,0
113520,0
113521,0
113522,0
113523,0
113524,0
113525,0
113526,0
113527,0
113528,0
113529,0
113530,0
113531,0
113532,0
113533,0
113534,3
113535,3
113536,0
113537,0
113538,0
113539,2
113540,1
113541,1
113542,0
113543,1
113544,1
113545,1
113546,1
113547,2
113548,3
113549,3
113550,0
113551,3
113552,0
113553,0
113554,0
113555,0
113556,0
113557,0
113558,0
113559,0
113560,0
113561,0
113562,0
113563,0
113564,3
113565,0
113566,0
113567,1
113568,3
113569,3
113570,3
113571,1
113572,3
113573,3
113574,3
113575,2
113576,3
113577,3
113578,0
113579,3
113580,0
113581,1
113582,0
113583,3
113584,3
113585,3
113586,3
113587,0
113588,2
113589,1
113590,1
113591,2
113592,3
113593,1
113594,0
113595,0
113596,2
113597,0
113598,0
113599,0
113600,3
113601,3
113602,2
113603,3
113604,0
113605,3
113606,3
113607,2
113608,2
113609,2
113610,3
113611,2
113612,0
113613,0
113614,0
113615,0
113616,0
113617,2
113618,0
113619,1
113620,1
113621,1
113622,1
113623,1
113624,0
113625,0
113626,0
113627,2
113628,3
113629,1
113630,1
113631,1
113632,0
113633,0
113634,0
113635,0
113636,0
113637,0
113638,0
113639,0
113640,0
113641,0
113642,0
113643,0
113644,0
113645,0
113646,0
113647,0
113648,0
113649,0
113650,0
113651,0
113652,0
113653,0
113654,0
113655,0
113656,0
113657,0
113658,0
113659,0
113660,0
113661,0
113662,0
113663,0
113664,0
113665,0
113666,3
113667,0
113668,0
113669,1
113670,2
113671,1
113672,1
113673,3
113674,3
113675,0
113676,3
113677,2
113678,3
113679,3
113680,0
113681,3
113682,3
113683,3
113684,0
113685,3
113686,0
113687,5
113688,2
113689,0
113690,0
113691,1
113692,1
113693,1
113694,1
113695,1
113696,1
113697,1
113698,1
113699,1
113700,1
113701,1
113702,1
113703,1
113704,3
113705,1
113706,0
113707,1
113708,3
113709,3
113710,3
113711,2
113712,1
113713,1
113714,1
113715,1
113716,1
113717,1
113718,0
113719,0
113720,1
113721,1
113722,5
113723,1
113724,1
113725,1
113726,1
113727,0
113728,0
113729,0
113730,1
113731,2
113732,0
113733,3
113734,0
113735,0
113736,0
113737,1
113738,1
113739,1
113740,3
113741,1
113742,3
113743,3
113744,0
113745,3
113746,3
113747,3
113748,1
113749,3
113750,3
113751,3
113752,3
113753,0
113754,0
113755,0
113756,3
113757,0
113758,0
113759,0
113760,3
113761,3
113762,0
113763,4
113764,3
113765,0
113766,2
113767,3
113768,1
113769,3
113770,3
113771,3
113772,3
113773,3
113774,1
113775,3
113776,3
113777,3
113778,1
113779,1
113780,3
113781,0
113782,3
113783,0
113784,0
113785,1
113786,1
113787,1
113788,0
113789,5
113790,1
113791,1
113792,0
113793,3
113794,3
113795,0
113796,0
113797,0
113798,0
113799,3
113800,3
113801,0
113802,0
113803,0
113804,0
113805,0
113806,0
113807,0
113808,0
113809,0
113810,0
113811,3
113812,0
113813,0
113814,0
113815,0
113816,1
113817,0
113818,1
113819,1
113820,1
113821,1
113822,1
113823,0
113824,2
113825,1
113826,1
113827,0
113828,0
113829,1
113830,0
113831,0
113832,1
113833,1
113834,0
113835,5
113836,0
113837,1
113838,0
113839,1
113840,0
113841,3
113842,3
113843,1
113844,3
113845,3
113846,3
113847,3
113848,1
113849,0
113850,3
113851,3
113852,0
113853,0
113854,3
113855,3
113856,3
113857,1
113858,0
113859,2
113860,2
113861,2
113862,1
113863,1
113864,1
113865,1
113866,0
113867,3
113868,0
113869,0
113870,0
113871,0
113872,0
113873,1
113874,1
113875,1
113876,1
113877,0
113878,3
113879,3
113880,3
113881,3
113882,0
113883,3
113884,3
113885,3
113886,1
113887,1
113888,0
113889,3
113890,1
113891,1
113892,1
113893,0
113894,0
113895,0
113896,0
113897,2
113898,1
113899,3
113900,1
113901,1
113902,1
113903,0
113904,3
113905,0
113906,0
113907,0
113908,0
113909,0
113910,0
113911,0
113912,0
113913,0
113914,0
113915,0
113916,0
113917,0
113918,0
113919,0
113920,1
113921,0
113922,1
113923,3
113924,1
113925,0
113926,0
113927,0
113928,0
113929,5
113930,0
113931,0
113932,0
113933,0
113934,0
113935,0
113936,0
113937,3
113938,0
113939,0
113940,0
113941,1
113942,1
113943,0
113944,1
113945,3
113946,0
113947,1
113948,3
113949,1
113950,1
113951,3
113952,1
113953,0
113954,1
113955,0
113956,1
113957,3
113958,3
113959,3
113960,3
113961,3
113962,3
113963,3
113964,3
113965,3
113966,1
113967,3
113968,3
113969,0
113970,1
113971,0
113972,3
113973,3
113974,3
113975,0
113976,0
113977,3
113978,1
113979,1
113980,3
113981,3
113982,3
113983,3
113984,3
113985,3
113986,3
113987,2
113988,1
113989,4
113990,2
113991,3
113992,4
113993,2
113994,3
113995,1
113996,5
113997,2
113998,5
113999,2
114000,3
114001,3
114002,2
114003,2
114004,2
114005,2
114006,2
114007,2
114008,2
114009,2
114010,2
114011,2
114012,3
114013,2
114014,2
114015,3
114016,2
114017,2
114018,2
114019,2
114020,2
114021,3
114022,3
114023,2
114024,2
114025,2
114026,2
114027,2
114028,2
114029,2
114030,2
114031,2
114032,2
114033,2
114034,2
114035,2
114036,2
114037,2
114038,2
114039,2
114040,3
114041,2
114042,2
114043,3
114044,2
114045,2
114046,2
114047,1
114048,2
114049,2
114050,2
114051,2
114052,2
114053,3
114054,2
114055,2
114056,2
114057,2
114058,2
114059,2
114060,4
114061,5
114062,2
114063,5
114064,2
114065,2
114066,2
114067,2
114068,2
114069,3
114070,2
114071,3
114072,2
114073,2
114074,2
114075,2
114076,2
114077,3
114078,3
114079,0
114080,2
114081,3
114082,3
114083,3
114084,3
114085,3
114086,3
114087,3
114088,2
114089,2
114090,2
114091,4
114092,3
114093,1
114094,2
114095,2
114096,2
114097,2
114098,3
114099,3
114100,2
114101,2
114102,2
114103,2
114104,1
114105,5
114106,2
114107,2
114108,1
114109,2
114110,3
114111,3
114112,2
114113,2
114114,2
114115,2
114116,2
114117,3
114118,3
114119,5
114120,3
114121,5
114122,3
114123,5
114124,3
114125,3
114126,1
114127,3
114128,3
114129,3
114130,3
114131,2
114132,2
114133,3
114134,2
114135,3
114136,3
114137,3
114138,3
114139,3
114140,2
114141,4
114142,2
114143,3
114144,3
114145,5
114146,3
114147,3
114148,2
114149,5
114150,5
114151,4
114152,5
114153,3
114154,4
114155,3
114156,4
114157,1
114158,4
114159,4
114160,3
114161,4
114162,1
114163,4
114164,3
114165,5
114166,2
114167,3
114168,0
114169,3
114170,3
114171,3
114172,3
114173,3
114174,2
114175,2
114176,2
114177,3
114178,3
114179,0
114180,3
114181,3
114182,3
114183,3
114184,5
114185,3
114186,3
114187,3
114188,2
114189,2
114190,3
114191,2
114192,5
114193,1
114194,5
114195,5
114196,2
114197,1
114198,3
114199,3
114200,5
114201,1
114202,2
114203,2
114204,1
114205,1
114206,2
114207,5
114208,1
114209,1
114210,2
114211,1
114212,1
114213,0
114214,0
114215,3
114216,3
114217,2
114218,0
114219,3
114220,0
114221,0
114222,0
114223,2
114224,5
114225,0
114226,0
114227,0
114228,2
114229,2
114230,2
114231,1
114232,4
114233,3
114234,1
114235,4
114236,3
114237,3
114238,3
114239,4
114240,4
114241,3
114242,5
114243,2
114244,2
114245,2
114246,2
114247,2
114248,3
114249,5
114250,0
114251,2
114252,2
114253,3
114254,2
114255,5
114256,2
114257,2
114258,2
114259,1
114260,2
114261,2
114262,2
114263,2
114264,2
114265,3
114266,2
114267,5
114268,2
114269,1
114270,2
114271,2
114272,3
114273,3
114274,0
114275,3
114276,2
114277,2
114278,2
114279,2
114280,2
114281,3
114282,2
114283,2
114284,3
114285,2
114286,2
114287,3
114288,2
114289,2
114290,2
114291,2
114292,2
114293,2
114294,2
114295,2
114296,2
114297,2
114298,2
114299,0
114300,2
114301,2
114302,5
114303,5
114304,0
114305,0
114306,2
114307,2
114308,2
114309,2
114310,2
114311,2
114312,3
114313,2
114314,2
114315,3
114316,2
114317,2
114318,2
114319,2
114320,4
114321,1
114322,2
114323,3
114324,0
114325,3
114326,2
114327,2
114328,2
114329,0
114330,2
114331,2
114332,2
114333,2
114334,2
114335,1
114336,3
114337,3
114338,3
114339,2
114340,2
114341,2
114342,2
114343,2
114344,3
114345,2
114346,5
114347,5
114348,0
114349,3
114350,3
114351,2
114352,3
114353,3
114354,3
114355,3
114356,3
114357,1
114358,5
114359,1
114360,3
114361,3
114362,2
114363,3
114364,2
114365,5
114366,5
114367,2
114368,2
114369,2
114370,2
114371,2
114372,4
114373,4
114374,5
114375,2
114376,5
114377,3
114378,2
114379,2
114380,5
114381,2
114382,2
114383,3
114384,2
114385,5
114386,2
114387,2
114388,5
114389,2
114390,3
114391,1
114392,2
114393,5
114394,1
114395,3
114396,3
114397,3
114398,4
114399,3
114400,2
114401,2
114402,4
114403,2
114404,2
114405,5
114406,5
114407,1
114408,2
114409,2
114410,5
114411,2
114412,2
114413,2
114414,2
114415,2
114416,3
114417,3
114418,3
114419,5
114420,0
114421,5
114422,5
114423,3
114424,3
114425,2
114426,5
114427,2
114428,3
114429,5
114430,3
114431,5
114432,2
114433,5
114434,2
114435,3
114436,5
114437,5
114438,2
114439,2
114440,3
114441,5
114442,2
114443,2
114444,3
114445,1
114446,3
114447,5
114448,3
114449,3
114450,2
114451,3
114452,3
114453,3
114454,3
114455,4
114456,2
114457,5
114458,1
114459,2
114460,2
114461,5
114462,2
114463,5
114464,5
114465,3
114466,3
114467,3
114468,2
114469,4
114470,2
114471,3
114472,5
114473,3
114474,2
114475,5
114476,2
114477,4
114478,1
114479,2
114480,3
114481,3
114482,3
114483,3
114484,3
114485,2
114486,1
114487,2
114488,3
114489,4
114490,3
114491,3
114492,5
114493,5
114494,3
114495,4
114496,4
114497,3
114498,4
114499,3
114500,3
114501,2
114502,3
114503,3
114504,3
114505,4
114506,3
114507,3
114508,4
114509,3
114510,2
114511,3
114512,4
114513,3
114514,2
114515,1
114516,1
114517,1
114518,5
114519,1
114520,1
114521,1
114522,1
114523,1
114524,1
114525,1
114526,1
114527,5
114528,5
114529,1
114530,1
114531,5
114532,5
114533,1
114534,1
114535,5
114536,5
114537,1
114538,1
114539,1
114540,5
114541,5
114542,1
114543,5
114544,5
114545,5
114546,5
114547,1
114548,5
114549,5
114550,5
114551,3
114552,1
114553,3
114554,1
114555,1
114556,3
114557,1
114558,3
114559,3
114560,1
114561,1
114562,5
114563,5
114564,1
114565,1
114566,1
114567,1
114568,5
114569,5
114570,5
114571,1
114572,5
114573,1
114574,1
114575,1
114576,5
114577,1
114578,1
114579,1
114580,1
114581,1
114582,1
114583,5
114584,2
114585,3
114586,1
114587,1
114588,5
114589,1
114590,1
114591,5
114592,1
114593,3
114594,5
114595,5
114596,5
114597,5
114598,1
114599,1
114600,5
114601,5
114602,5
114603,0
114604,1
114605,1
114606,1
114607,2
114608,5
114609,5
114610,5
114611,5
114612,3
114613,3
114614,3
114615,5
114616,4
114617,5
114618,3
114619,2
114620,4
114621,2
114622,3
114623,2
114624,3
114625,2
114626,3
114627,2
114628,2
114629,5
114630,2
114631,2
114632,2
114633,3
114634,4
114635,5
114636,5
114637,2
114638,2
114639,2
114640,2
114641,2
114642,5
114643,5
114644,2
114645,2
114646,4
114647,5
114648,2
114649,2
114650,4
114651,4
114652,4
114653,4
114654,2
114655,4
114656,2
114657,2
114658,2
114659,4
114660,5
114661,2
114662,2
114663,5
114664,5
114665,5
114666,2
114667,4
114668,2
114669,4
114670,5
114671,2
114672,2
114673,2
114674,2
114675,5
114676,1
114677,2
114678,2
114679,4
114680,4
114681,4
114682,4
114683,4
114684,4
114685,2
114686,4
114687,2
114688,2
114689,4
114690,4
114691,4
114692,4
114693,2
114694,4
114695,2
114696,2
114697,4
114698,0
114699,5
114700,5
114701,4
114702,2
114703,4
114704,3
114705,4
114706,4
114707,2
114708,2
114709,2
114710,2
114711,4
114712,4
114713,2
114714,2
114715,4
114716,2
114717,4
114718,2
114719,2
114720,2
114721,4
114722,4
114723,2
114724,2
114725,3
114726,4
114727,2
114728,4
114729,2
114730,2
114731,2
114732,4
114733,4
114734,2
114735,4
114736,4
114737,4
114738,4
114739,4
114740,4
114741,4
114742,4
114743,4
114744,4
114745,4
114746,4
114747,2
114748,4
114749,4
114750,2
114751,4
114752,2
114753,4
114754,2
114755,4
114756,2
114757,4
114758,2
114759,4
114760,1
114761,2
114762,1
114763,4
114764,1
114765,4
114766,4
114767,2
114768,2
114769,4
114770,4
114771,4
114772,0
114773,2
114774,2
114775,2
114776,2
114777,2
114778,2
114779,2
114780,2
114781,4
114782,2
114783,2
114784,2
114785,2
114786,2
114787,2
114788,2
114789,2
114790,2
114791,2
114792,2
114793,2
114794,4
114795,2
114796,4
114797,4
114798,4
114799,4
114800,4
114801,4
114802,2
114803,2
114804,4
114805,4
114806,4
114807,1
114808,5
114809,2
114810,2
114811,2
114812,2
114813,2
114814,4
114815,2
114816,5
114817,5
114818,2
114819,4
114820,4
114821,1
114822,0
114823,2
114824,2
114825,2
114826,5
114827,5
114828,2
114829,5
114830,5
114831,2
114832,2
114833,4
114834,2
114835,4
114836,5
114837,2
114838,2
114839,2
114840,5
114841,5
114842,4
114843,2
114844,4
114845,2
114846,2
114847,2
114848,2
114849,2
114850,4
114851,3
114852,3
114853,1
114854,2
114855,4
114856,2
114857,2
114858,4
114859,2
114860,2
114861,2
114862,2
114863,2
114864,5
114865,2
114866,1
114867,2
114868,1
114869,1
114870,5
114871,4
114872,4
114873,3
114874,4
114875,5
114876,5
114877,5
114878,3
114879,2
114880,3
114881,1
114882,3
114883,3
114884,3
114885,3
114886,1
114887,3
114888,3
114889,3
114890,3
114891,3
114892,2
114893,2
114894,2
114895,3
114896,0
114897,0
114898,3
114899,3
114900,3
114901,2
114902,3
114903,3
114904,0
114905,3
114906,3
114907,3
114908,3
114909,3
114910,0
114911,3
114912,3
114913,3
114914,3
114915,3
114916,2
114917,3
114918,3
114919,3
114920,2
114921,3
114922,3
114923,2
114924,2
114925,2
114926,2
114927,2
114928,2
114929,2
114930,2
114931,2
114932,2
114933,5
114934,2
114935,2
114936,2
114937,2
114938,2
114939,2
114940,2
114941,2
114942,2
114943,2
114944,2
114945,2
114946,2
114947,2
114948,2
114949,2
114950,2
114951,2
114952,0
114953,2
114954,2
114955,2
114956,2
114957,2
114958,5
114959,2
114960,2
114961,2
114962,0
114963,0
114964,2
114965,2
114966,2
114967,2
114968,2
114969,2
114970,2
114971,2
114972,2
114973,2
114974,2
114975,2
114976,2
114977,2
114978,1
114979,2
114980,0
114981,2
114982,2
114983,2
114984,2
114985,2
114986,2
114987,2
114988,5
114989,2
114990,2
114991,2
114992,2
114993,2
114994,2
114995,2
114996,2
114997,0
114998,2
114999,2
115000,2
115001,2
115002,2
115003,2
115004,0
115005,2
115006,0
115007,0
115008,2
115009,2
115010,2
115011,2
115012,1
115013,1
115014,2
115015,2
115016,2
115017,2
115018,2
115019,2
115020,2
115021,2
115022,2
115023,2
115024,2
115025,2
115026,2
115027,2
115028,5
115029,2
115030,2
115031,2
115032,2
115033,2
115034,2
115035,2
115036,2
115037,2
115038,2
115039,2
115040,2
115041,2
115042,2
115043,2
115044,2
115045,2
115046,2
115047,2
115048,2
115049,2
115050,2
115051,2
115052,2
115053,2
115054,2
115055,0
115056,2
115057,0
115058,2
115059,2
115060,2
115061,2
115062,2
115063,1
115064,0
115065,0
115066,0
115067,0
115068,2
115069,3
115070,3
115071,3
115072,0
115073,3
115074,2
115075,3
115076,1
115077,1
115078,0
115079,2
115080,2
115081,2
115082,3
115083,3
115084,3
115085,2
115086,2
115087,2
115088,3
115089,3
115090,3
115091,2
115092,2
115093,2
115094,1
115095,2
115096,2
115097,0
115098,3
115099,3
115100,2
115101,3
115102,2
115103,0
115104,3
115105,2
115106,3
115107,3
115108,1
115109,0
115110,3
115111,2
115112,0
115113,4
115114,3
115115,1
115116,3
115117,2
115118,3
115119,3
115120,2
115121,2
115122,3
115123,2
115124,2
115125,2
115126,2
115127,1
115128,3
115129,2
115130,2
115131,3
115132,2
115133,2
115134,2
115135,3
115136,2
115137,5
115138,3
115139,1
115140,1
115141,1
115142,3
115143,3
115144,3
115145,3
115146,3
115147,2
115148,2
115149,2
115150,0
115151,5
115152,5
115153,0
115154,2
115155,2
115156,5
115157,2
115158,5
115159,2
115160,5
115161,2
115162,1
115163,2
115164,2
115165,2
115166,2
115167,2
115168,2
115169,2
115170,2
115171,2
115172,0
115173,2
115174,2
115175,2
115176,1
115177,2
115178,1
115179,2
115180,2
115181,3
115182,2
115183,2
115184,2
115185,2
115186,2
115187,2
115188,2
115189,2
115190,2
115191,2
115192,2
115193,2
115194,2
115195,2
115196,2
115197,2
115198,2
115199,2
115200,2
115201,2
115202,2
115203,2
115204,2
115205,2
115206,2
115207,2
115208,2
115209,2
115210,2
115211,2
115212,2
115213,2
115214,2
115215,2
115216,0
115217,2
115218,2
115219,2
115220,2
115221,2
115222,2
115223,2
115224,2
115225,2
115226,2
115227,2
115228,2
115229,2
115230,2
115231,2
115232,2
115233,2
115234,2
115235,2
115236,2
115237,2
115238,2
115239,2
115240,2
115241,2
115242,2
115243,2
115244,2
115245,2
115246,5
115247,2
115248,2
115249,2
115250,0
115251,3
115252,3
115253,3
115254,2
115255,0
115256,0
115257,0
115258,2
115259,3
115260,2
115261,2
115262,3
115263,2
115264,2
115265,2
115266,1
115267,0
115268,3
115269,2
115270,2
115271,2
115272,2
115273,2
115274,2
115275,3
115276,2
115277,0
115278,3
115279,3
115280,3
115281,2
115282,3
115283,3
115284,2
115285,2
115286,0
115287,0
115288,3
115289,3
115290,3
115291,2
115292,2
115293,1
115294,3
115295,3
115296,2
115297,3
115298,3
115299,3
115300,2
115301,0
115302,0
115303,3
115304,0
115305,3
115306,2
115307,0
115308,2
115309,3
115310,3
115311,3
115312,3
115313,2
115314,2
115315,3
115316,3
115317,3
115318,3
115319,3
115320,3
115321,3
115322,3
115323,3
115324,3
115325,1
115326,3
115327,3
115328,3
115329,3
115330,0
115331,3
115332,3
115333,3
115334,0
115335,2
115336,3
115337,3
115338,3
115339,2
115340,1
115341,1
115342,3
115343,1
115344,0
115345,1
115346,3
115347,2
115348,0
115349,0
115350,0
115351,2
115352,2
115353,0
115354,0
115355,2
115356,3
115357,3
115358,3
115359,2
115360,3
115361,3
115362,0
115363,3
115364,3
115365,0
115366,2
115367,3
115368,1
115369,0
115370,3
115371,1
115372,2
115373,2
115374,2
115375,0
115376,3
115377,0
115378,2
115379,3
115380,2
115381,0
115382,0
115383,0
115384,0
115385,0
115386,0
115387,3
115388,2
115389,2
115390,2
115391,2
115392,2
115393,2
115394,2
115395,2
115396,2
115397,3
115398,2
115399,2
115400,2
115401,1
115402,3
115403,3
115404,1
115405,2
115406,3
115407,3
115408,1
115409,3
115410,2
115411,3
115412,3
115413,3
115414,3
115415,3
115416,3
115417,1
115418,1
115419,1
115420,3
115421,1
115422,2
115423,2
115424,2
115425,2
115426,2
115427,2
115428,3
115429,1
115430,3
115431,3
115432,3
115433,3
115434,3
115435,3
115436,2
115437,3
115438,3
115439,2
115440,3
115441,3
115442,3
115443,3
115444,2
115445,3
115446,3
115447,3
115448,3
115449,3
115450,3
115451,3
115452,2
115453,3
115454,3
115455,3
115456,3
115457,3
115458,3
115459,3
115460,3
115461,3
115462,3
115463,3
115464,3
115465,3
115466,3
115467,3
115468,2
115469,4
115470,3
115471,3
115472,3
115473,3
115474,3
115475,3
115476,2
115477,3
115478,3
115479,3
115480,3
115481,3
115482,3
115483,3
115484,3
115485,0
115486,3
115487,3
115488,3
115489,3
115490,3
115491,3
115492,3
115493,3
115494,3
115495,2
115496,2
115497,2
115498,2
115499,0
115500,2
115501,2
115502,2
115503,1
115504,3
115505,2
115506,3
115507,3
115508,3
115509,3
115510,3
115511,3
115512,3
115513,3
115514,2
115515,4
115516,2
115517,2
115518,2
115519,2
115520,3
115521,1
115522,1
115523,1
115524,1
115525,1
115526,1
115527,1
115528,3
115529,1
115530,2
115531,3
115532,3
115533,2
115534,3
115535,0
115536,3
115537,3
115538,2
115539,3
115540,1
115541,3
115542,3
115543,3
115544,1
115545,3
115546,3
115547,2
115548,3
115549,3
115550,1
115551,3
115552,3
115553,2
115554,2
115555,3
115556,2
115557,3
115558,2
115559,2
115560,3
115561,1
115562,2
115563,1
115564,3
115565,3
115566,3
115567,3
115568,3
115569,3
115570,3
115571,2
115572,3
115573,3
115574,3
115575,3
115576,2
115577,3
115578,3
115579,3
115580,3
115581,3
115582,3
115583,3
115584,2
115585,1
115586,3
115587,3
115588,3
115589,2
115590,3
115591,3
115592,3
115593,4
115594,3
115595,3
115596,1
115597,1
115598,1
115599,1
115600,1
115601,1
115602,1
115603,3
115604,1
115605,3
115606,3
115607,2
115608,3
115609,0
115610,3
115611,3
115612,3
115613,3
115614,0
115615,2
115616,3
115617,0
115618,2
115619,1
115620,1
115621,3
115622,1
115623,1
115624,0
115625,3
115626,3
115627,3
115628,1
115629,3
115630,3
115631,3
115632,2
115633,3
115634,3
115635,0
115636,0
115637,3
115638,3
115639,0
115640,3
115641,0
115642,1
115643,2
115644,1
115645,2
115646,2
115647,2
115648,2
115649,3
115650,2
115651,2
115652,2
115653,2
115654,2
115655,3
115656,3
115657,3
115658,5
115659,1
115660,1
115661,1
115662,1
115663,1
115664,2
115665,2
115666,2
115667,1
115668,2
115669,3
115670,2
115671,3
115672,2
115673,0
115674,0
115675,0
115676,2
115677,2
115678,3
115679,2
115680,2
115681,3
115682,3
115683,2
115684,2
115685,2
115686,2
115687,2
115688,0
115689,2
115690,2
115691,0
115692,2
115693,1
115694,2
115695,2
115696,2
115697,2
115698,2
115699,2
115700,2
115701,2
115702,2
115703,2
115704,2
115705,2
115706,2
115707,2
115708,2
115709,2
115710,2
115711,2
115712,2
115713,2
115714,2
115715,2
115716,2
115717,2
115718,3
115719,2
115720,2
115721,2
115722,2
115723,0
115724,0
115725,2
115726,2
115727,2
115728,2
115729,2
115730,2
115731,2
115732,2
115733,3
115734,0
115735,2
115736,2
115737,2
115738,2
115739,3
115740,3
115741,0
115742,2
115743,2
115744,2
115745,3
115746,2
115747,2
115748,2
115749,2
115750,2
115751,2
115752,3
115753,2
115754,1
115755,2
115756,2
115757,2
115758,2
115759,2
115760,2
115761,2
115762,2
115763,2
115764,2
115765,2
115766,2
115767,2
115768,2
115769,2
115770,2
115771,2
115772,2
115773,2
115774,2
115775,2
115776,2
115777,2
115778,2
115779,2
115780,2
115781,2
115782,2
115783,2
115784,3
115785,2
115786,2
115787,2
115788,3
115789,2
115790,3
115791,2
115792,2
115793,2
115794,2
115795,2
115796,2
115797,2
115798,2
115799,3
115800,2
115801,2
115802,3
115803,2
115804,2
115805,2
115806,2
115807,2
115808,2
115809,2
115810,2
115811,2
115812,2
115813,2
115814,2
115815,2
115816,2
115817,2
115818,2
115819,2
115820,3
115821,2
115822,2
115823,2
115824,2
115825,2
115826,2
115827,2
115828,3
115829,3
115830,5
115831,3
115832,2
115833,3
115834,2
115835,1
115836,2
115837,3
115838,3
115839,2
115840,2
115841,2
115842,2
115843,2
115844,2
115845,1
115846,2
115847,2
115848,2
115849,2
115850,3
115851,3
115852,3
115853,3
115854,3
115855,2
115856,3
115857,3
115858,3
115859,2
115860,3
115861,1
115862,3
115863,4
115864,1
115865,3
115866,2
115867,2
115868,1
115869,2
115870,2
115871,2
115872,3
115873,3
115874,1
115875,1
115876,3
115877,0
115878,0
115879,0
115880,2
115881,0
115882,0
115883,0
115884,0
115885,4
115886,4
115887,3
115888,2
115889,3
115890,2
115891,0
115892,2
115893,2
115894,2
115895,2
115896,2
115897,2
115898,2
115899,2
115900,2
115901,2
115902,2
115903,0
115904,2
115905,2
115906,2
115907,2
115908,2
115909,2
115910,2
115911,2
115912,2
115913,2
115914,2
115915,2
115916,0
115917,2
115918,2
115919,2
115920,1
115921,3
115922,3
115923,2
115924,2
115925,2
115926,2
115927,2
115928,2
115929,3
115930,2
115931,2
115932,2
115933,2
115934,2
115935,2
115936,2
115937,2
115938,2
115939,2
115940,2
115941,2
115942,2
115943,2
115944,2
115945,2
115946,2
115947,2
115948,2
115949,2
115950,2
115951,2
115952,2
115953,2
115954,2
115955,2
115956,2
115957,2
115958,2
115959,2
115960,2
115961,2
115962,2
115963,2
115964,2
115965,2
115966,2
115967,2
115968,2
115969,2
115970,2
115971,2
115972,2
115973,3
115974,2
115975,2
115976,2
115977,3
115978,2
115979,2
115980,2
115981,2
115982,2
115983,2
115984,2
115985,2
115986,2
115987,2
115988,2
115989,2
115990,2
115991,2
115992,3
115993,2
115994,2
115995,3
115996,2
115997,2
115998,2
115999,2
116000,2
116001,2
116002,2
116003,2
116004,2
116005,2
116006,2
116007,2
116008,2
116009,2
116010,2
116011,2
116012,2
116013,2
116014,2
116015,2
116016,2
116017,2
116018,2
116019,2
116020,2
116021,2
116022,2
116023,2
116024,2
116025,1
116026,3
116027,1
116028,2
116029,2
116030,1
116031,4
116032,1
116033,3
116034,2
116035,3
116036,2
116037,2
116038,2
116039,2
116040,2
116041,0
116042,2
116043,3
116044,2
116045,2
116046,3
116047,2
116048,2
116049,2
116050,2
116051,2
116052,2
116053,2
116054,3
116055,2
116056,3
116057,2
116058,2
116059,2
116060,3
116061,2
116062,2
116063,2
116064,2
116065,2
116066,2
116067,0
116068,2
116069,3
116070,2
116071,3
116072,2
116073,2
116074,2
116075,2
116076,3
116077,2
116078,2
116079,2
116080,1
116081,2
116082,2
116083,0
116084,3
116085,2
116086,2
116087,2
116088,2
116089,2
116090,2
116091,1
116092,2
116093,2
116094,2
116095,2
116096,2
116097,2
116098,1
116099,2
116100,1
116101,2
116102,2
116103,2
116104,2
116105,2
116106,2
116107,2
116108,2
116109,2
116110,2
116111,2
116112,2
116113,2
116114,2
116115,2
116116,2
116117,2
116118,2
116119,2
116120,2
116121,2
116122,2
116123,2
116124,2
116125,2
116126,2
116127,2
116128,2
116129,2
116130,2
116131,2
116132,2
116133,2
116134,2
116135,2
116136,2
116137,2
116138,2
116139,2
116140,2
116141,2
116142,2
116143,2
116144,2
116145,2
116146,2
116147,2
116148,2
116149,2
116150,2
116151,2
116152,2
116153,2
116154,2
116155,1
116156,2
116157,2
116158,2
116159,2
116160,2
116161,2
116162,2
116163,2
116164,2
116165,2
116166,3
116167,2
116168,2
116169,2
116170,2
116171,2
116172,1
116173,1
116174,2
116175,2
116176,1
116177,2
116178,2
116179,2
116180,2
116181,2
116182,2
116183,2
116184,2
116185,2
116186,2
116187,2
116188,0
116189,3
116190,3
116191,3
116192,5
116193,3
116194,2
116195,2
116196,2
116197,2
116198,2
116199,2
116200,2
116201,2
116202,2
116203,2
116204,2
116205,2
116206,2
116207,3
116208,2
116209,2
116210,2
116211,3
116212,2
116213,0
116214,2
116215,0
116216,0
116217,2
116218,2
116219,2
116220,2
116221,2
116222,2
116223,2
116224,2
116225,2
116226,2
116227,2
116228,2
116229,2
116230,2
116231,2
116232,2
116233,3
116234,4
116235,3
116236,2
116237,2
116238,2
116239,2
116240,2
116241,3
116242,2
116243,2
116244,2
116245,2
116246,2
116247,2
116248,2
116249,2
116250,2
116251,2
116252,2
116253,2
116254,2
116255,2
116256,2
116257,2
116258,2
116259,2
116260,2
116261,2
116262,2
116263,2
116264,2
116265,2
116266,2
116267,2
116268,2
116269,2
116270,2
116271,2
116272,2
116273,2
116274,2
116275,1
116276,2
116277,2
116278,2
116279,2
116280,2
116281,2
116282,2
116283,2
116284,2
116285,1
116286,2
116287,2
116288,2
116289,2
116290,2
116291,2
116292,2
116293,2
116294,2
116295,2
116296,2
116297,2
116298,2
116299,2
116300,2
116301,2
116302,2
116303,2
116304,2
116305,2
116306,2
116307,2
116308,2
116309,2
116310,3
116311,1
116312,2
116313,1
116314,2
116315,1
116316,3
116317,2
116318,2
116319,2
116320,2
116321,2
116322,2
116323,2
116324,2
116325,2
116326,3
116327,2
116328,2
116329,2
116330,2
116331,2
116332,2
116333,2
116334,2
116335,3
116336,3
116337,3
116338,2
116339,2
116340,2
116341,2
116342,2
116343,3
116344,3
116345,2
116346,2
116347,2
116348,2
116349,2
116350,2
116351,2
116352,2
116353,2
116354,2
116355,2
116356,3
116357,2
116358,2
116359,2
116360,2
116361,2
116362,2
116363,2
116364,2
116365,0
116366,2
116367,2
116368,2
116369,2
116370,2
116371,2
116372,2
116373,2
116374,3
116375,2
116376,2
116377,2
116378,2
116379,2
116380,2
116381,2
116382,2
116383,2
116384,2
116385,2
116386,2
116387,2
116388,2
116389,3
116390,3
116391,2
116392,2
116393,2
116394,2
116395,3
116396,2
116397,2
116398,2
116399,2
116400,2
116401,2
116402,2
116403,2
116404,3
116405,2
116406,2
116407,3
116408,2
116409,3
116410,2
116411,1
116412,2
116413,2
116414,2
116415,2
116416,2
116417,2
116418,2
116419,1
116420,2
116421,2
116422,2
116423,1
116424,2
116425,2
116426,2
116427,2
116428,2
116429,2
116430,1
116431,2
116432,2
116433,2
116434,3
116435,2
116436,2
116437,2
116438,2
116439,2
116440,2
116441,2
116442,2
116443,2
116444,1
116445,2
116446,2
116447,2
116448,2
116449,2
116450,2
116451,2
116452,2
116453,2
116454,2
116455,2
116456,2
116457,2
116458,2
116459,3
116460,2
116461,2
116462,2
116463,2
116464,0
116465,2
116466,0
116467,2
116468,2
116469,3
116470,1
116471,2
116472,2
116473,2
116474,1
116475,2
116476,2
116477,2
116478,2
116479,2
116480,2
116481,2
116482,2
116483,2
116484,2
116485,2
116486,2
116487,2
116488,2
116489,1
116490,2
116491,2
116492,2
116493,3
116494,2
116495,2
116496,2
116497,2
116498,2
116499,2
116500,2
116501,2
116502,2
116503,2
116504,2
116505,2
116506,2
116507,2
116508,2
116509,2
116510,2
116511,2
116512,2
116513,2
116514,2
116515,2
116516,2
116517,2
116518,2
116519,2
116520,1
116521,3
116522,2
116523,2
116524,2
116525,3
116526,2
116527,2
116528,2
116529,2
116530,2
116531,2
116532,3
116533,2
116534,2
116535,2
116536,2
116537,2
116538,2
116539,2
116540,2
116541,2
116542,2
116543,2
116544,2
116545,2
116546,2
116547,2
116548,4
116549,2
116550,2
116551,2
116552,2
116553,2
116554,2
116555,2
116556,2
116557,2
116558,2
116559,2
116560,2
116561,2
116562,2
116563,2
116564,2
116565,2
116566,2
116567,3
116568,2
116569,2
116570,2
116571,0
116572,2
116573,3
116574,2
116575,2
116576,2
116577,2
116578,2
116579,2
116580,3
116581,2
116582,0
116583,1
116584,2
116585,2
116586,2
116587,2
116588,2
116589,2
116590,2
116591,2
116592,2
116593,2
116594,2
116595,2
116596,2
116597,2
116598,0
116599,2
116600,2
116601,2
116602,2
116603,2
116604,2
116605,2
116606,2
116607,2
116608,2
116609,2
116610,2
116611,2
116612,3
116613,5
116614,0
116615,0
116616,2
116617,0
116618,0
116619,0
116620,3
116621,3
116622,3
116623,3
116624,3
116625,3
116626,3
116627,3
116628,3
116629,1
116630,3
116631,3
116632,0
116633,0
116634,0
116635,0
116636,0
116637,3
116638,0
116639,0
116640,0
116641,0
116642,0
116643,0
116644,2
116645,0
116646,3
116647,3
116648,0
116649,0
116650,0
116651,3
116652,0
116653,3
116654,5
116655,2
116656,2
116657,3
116658,2
116659,3
116660,1
116661,3
116662,3
116663,5
116664,5
116665,5
116666,5
116667,5
116668,3
116669,5
116670,5
116671,5
116672,5
116673,5
116674,3
116675,5
116676,5
116677,5
116678,3
116679,3
116680,5
116681,3
116682,5
116683,3
116684,3
116685,3
116686,3
116687,3
116688,3
116689,4
116690,5
116691,4
116692,5
116693,3
116694,5
116695,5
116696,5
116697,4
116698,5
116699,5
116700,3
116701,4
116702,5
116703,5
116704,5
116705,5
116706,5
116707,5
116708,5
116709,5
116710,3
116711,3
116712,5
116713,5
116714,5
116715,5
116716,3
116717,3
116718,5
116719,5
116720,3
116721,5
116722,3
116723,3
116724,3
116725,4
116726,4
116727,4
116728,5
116729,3
116730,3
116731,4
116732,5
116733,1
116734,1
116735,4
116736,5
116737,5
116738,5
116739,5
116740,5
116741,5
116742,5
116743,5
116744,5
116745,5
116746,5
116747,3
116748,4
116749,4
116750,3
116751,1
116752,4
116753,4
116754,4
116755,3
116756,3
116757,3
116758,4
116759,4
116760,3
116761,5
116762,3
116763,3
116764,3
116765,5
116766,3
116767,3
116768,3
116769,3
116770,3
116771,3
116772,3
116773,3
116774,3
116775,3
116776,5
116777,5
116778,5
116779,5
116780,5
116781,5
116782,5
116783,3
116784,5
116785,5
116786,5
116787,3
116788,4
116789,5
116790,3
116791,1
116792,5
116793,5
116794,5
116795,3
116796,5
116797,3
116798,3
116799,3
116800,2
116801,3
116802,4
116803,3
116804,3
116805,2
116806,2
116807,1
116808,5
116809,3
116810,1
116811,4
116812,4
116813,5
116814,4
116815,4
116816,3
116817,5
116818,1
116819,1
116820,1
116821,1
116822,1
116823,1
116824,1
116825,1
116826,1
116827,1
116828,5
116829,5
116830,1
116831,1
116832,1
116833,1
116834,1
116835,1
116836,3
116837,3
116838,3
116839,3
116840,3
116841,4
116842,1
116843,3
116844,3
116845,0
116846,2
116847,3
116848,2
116849,4
116850,3
116851,0
116852,0
116853,3
116854,3
116855,0
116856,3
116857,3
116858,3
116859,3
116860,3
116861,3
116862,1
116863,4
116864,3
116865,2
116866,3
116867,3
116868,4
116869,0
116870,3
116871,3
116872,4
116873,3
116874,3
116875,0
116876,0
116877,0
116878,3
116879,3
116880,3
116881,3
116882,3
116883,3
116884,3
116885,3
116886,3
116887,3
116888,2
116889,2
116890,3
116891,3
116892,0
116893,3
116894,2
116895,0
116896,3
116897,3
116898,0
116899,0
116900,2
116901,0
116902,0
116903,0
116904,2
116905,3
116906,3
116907,3
116908,3
116909,3
116910,3
116911,3
116912,3
116913,3
116914,3
116915,3
116916,2
116917,2
116918,3
116919,3
116920,5
116921,3
116922,3
116923,3
116924,3
116925,3
116926,3
116927,1
116928,2
116929,2
116930,3
116931,3
116932,3
116933,3
116934,3
116935,3
116936,3
116937,0
116938,3
116939,2
116940,2
116941,2
116942,2
116943,2
116944,2
116945,2
116946,3
116947,1
116948,1
116949,2
116950,2
116951,0
116952,5
116953,0
116954,2
116955,2
116956,1
116957,2
116958,0
116959,2
116960,0
116961,5
116962,3
116963,3
116964,0
116965,3
116966,5
116967,0
116968,5
116969,3
116970,3
116971,2
116972,3
116973,3
116974,0
116975,5
116976,2
116977,5
116978,1
116979,3
116980,2
116981,2
116982,2
116983,3
116984,3
116985,3
116986,2
116987,2
116988,2
116989,3
116990,2
116991,2
116992,3
116993,3
116994,3
116995,3
116996,2
116997,4
116998,3
116999,5
117000,2
117001,2
117002,3
117003,3
117004,3
117005,0
117006,3
117007,3
117008,3
117009,3
117010,2
117011,3
117012,3
117013,3
117014,0
117015,3
117016,3
117017,3
117018,3
117019,0
117020,3
117021,2
117022,4
117023,3
117024,1
117025,2
117026,3
117027,0
117028,3
117029,0
117030,3
117031,3
117032,0
117033,3
117034,0
117035,1
117036,3
117037,3
117038,0
117039,0
117040,1
117041,0
117042,2
117043,2
117044,2
117045,2
117046,1
117047,2
117048,3
117049,1
117050,1
117051,1
117052,1
117053,1
117054,0
117055,0
117056,0
117057,0
117058,0
117059,0
117060,0
117061,0
117062,1
117063,1
117064,0
117065,2
117066,2
117067,2
117068,2
117069,2
117070,2
117071,2
117072,1
117073,2
117074,1
117075,3
117076,1
117077,1
117078,0
117079,3
117080,0
117081,1
117082,3
117083,0
117084,0
117085,2
117086,2
117087,2
117088,1
117089,4
117090,0
117091,1
117092,2
117093,3
117094,3
117095,3
117096,3
117097,3
117098,2
117099,2
117100,1
117101,1
117102,1
117103,1
117104,1
117105,0
117106,0
117107,1
117108,1
117109,3
117110,1
117111,4
117112,1
117113,1
117114,2
117115,1
117116,3
117117,1
117118,3
117119,3
117120,1
117121,1
117122,3
117123,3
117124,3
117125,2
117126,3
117127,3
117128,4
117129,1
117130,1
117131,1
117132,1
117133,4
117134,1
117135,3
117136,3
117137,4
117138,1
117139,3
117140,2
117141,1
117142,0
117143,1
117144,3
117145,1
117146,2
117147,2
117148,1
117149,1
117150,1
117151,1
117152,1
117153,1
117154,1
117155,1
117156,1
117157,1
117158,1
117159,1
117160,1
117161,1
117162,1
117163,1
117164,3
117165,1
117166,3
117167,1
117168,3
117169,3
117170,1
117171,5
117172,3
117173,0
117174,3
117175,1
117176,3
117177,5
117178,3
117179,1
117180,1
117181,1
117182,1
117183,1
117184,1
117185,1
117186,1
117187,1
117188,1
117189,2
117190,3
117191,5
117192,0
117193,5
117194,0
117195,0
117196,0
117197,0
117198,0
117199,0
117200,0
117201,0
117202,0
117203,0
117204,0
117205,1
117206,0
117207,1
117208,0
117209,0
117210,0
117211,0
117212,0
117213,0
117214,0
117215,0
117216,0
117217,0
117218,0
117219,0
117220,0
117221,5
117222,1
117223,0
117224,0
117225,0
117226,0
117227,0
117228,0
117229,1
117230,1
117231,1
117232,1
117233,1
117234,1
117235,1
117236,1
117237,1
117238,0
117239,0
117240,1
117241,0
117242,0
117243,0
117244,0
117245,1
117246,1
117247,1
117248,0
117249,1
117250,1
117251,0
117252,0
117253,0
117254,0
117255,1
117256,0
117257,3
117258,3
117259,0
117260,0
117261,2
117262,2
117263,4
117264,0
117265,0
117266,2
117267,5
117268,1
117269,1
117270,3
117271,2
117272,1
117273,5
117274,1
117275,1
117276,1
117277,1
117278,1
117279,3
117280,1
117281,0
117282,3
117283,3
117284,1
117285,3
117286,5
117287,2
117288,1
117289,3
117290,1
117291,1
117292,0
117293,0
117294,0
117295,0
117296,0
117297,0
117298,0
117299,0
117300,0
117301,0
117302,0
117303,0
117304,0
117305,0
117306,0
117307,0
117308,5
117309,3
117310,2
117311,2
117312,0
117313,0
117314,2
117315,2
117316,3
117317,5
117318,5
117319,3
117320,0
117321,5
117322,5
117323,1
117324,0
117325,0
117326,2
117327,0
117328,3
117329,1
117330,4
117331,3
117332,0
117333,1
117334,4
117335,2
117336,1
117337,1
117338,1
117339,1
117340,2
117341,0
117342,0
117343,2
117344,0
117345,0
117346,0
117347,0
117348,0
117349,3
117350,3
117351,3
117352,3
117353,0
117354,3
117355,3
117356,3
117357,3
117358,3
117359,3
117360,3
117361,3
117362,3
117363,3
117364,3
117365,3
117366,0
117367,1
117368,1
117369,1
117370,1
117371,1
117372,1
117373,2
117374,1
117375,1
117376,1
117377,5
117378,3
117379,3
117380,1
117381,0
117382,1
117383,0
117384,3
117385,3
117386,3
117387,2
117388,2
117389,0
117390,0
117391,0
117392,0
117393,0
117394,0
117395,0
117396,0
117397,3
117398,0
117399,0
117400,0
117401,0
117402,0
117403,0
117404,0
117405,0
117406,0
117407,0
117408,0
117409,0
117410,0
117411,0
117412,0
117413,0
117414,2
117415,1
117416,3
117417,3
117418,3
117419,2
117420,3
117421,3
117422,2
117423,1
117424,3
117425,2
117426,1
117427,0
117428,2
117429,3
117430,3
117431,1
117432,2
117433,1
117434,2
117435,3
117436,1
117437,3
117438,3
117439,0
117440,2
117441,2
117442,5
117443,2
117444,3
117445,2
117446,3
117447,3
117448,2
117449,4
117450,2
117451,3
117452,3
117453,0
117454,3
117455,3
117456,2
117457,1
117458,2
117459,2
117460,3
117461,1
117462,0
117463,1
117464,3
117465,1
117466,3
117467,3
117468,4
117469,1
117470,3
117471,2
117472,1
117473,1
117474,3
117475,3
117476,3
117477,1
117478,3
117479,3
117480,3
117481,3
117482,3
117483,0
117484,3
117485,1
117486,0
117487,1
117488,2
117489,1
117490,1
117491,1
117492,2
117493,2
117494,0
117495,2
117496,3
117497,3
117498,3
117499,3
117500,3
117501,4
117502,0
117503,3
117504,1
117505,1
117506,1
117507,1
117508,3
117509,1
117510,1
117511,1
117512,2
117513,1
117514,3
117515,1
117516,3
117517,3
117518,3
117519,1
117520,3
117521,1
117522,1
117523,3
117524,1
117525,1
117526,0
117527,1
117528,2
117529,1
117530,1
117531,0
117532,2
117533,3
117534,2
117535,1
117536,1
117537,3
117538,3
117539,2
117540,3
117541,2
117542,3
117543,2
117544,1
117545,3
117546,3
117547,3
117548,5
117549,2
117550,3
117551,3
117552,3
117553,3
117554,3
117555,3
117556,5
117557,1
117558,0
117559,2
117560,3
117561,2
117562,1
117563,3
117564,3
117565,3
117566,3
117567,3
117568,3
117569,3
117570,3
117571,3
117572,1
117573,3
117574,2
117575,3
117576,3
117577,4
117578,3
117579,3
117580,3
117581,3
117582,1
117583,0
117584,3
117585,3
117586,3
117587,3
117588,3
117589,4
117590,3
117591,3
117592,1
117593,0
117594,3
117595,3
117596,3
117597,3
117598,3
117599,1
117600,3
117601,0
117602,0
117603,3
117604,3
117605,1
117606,3
117607,0
117608,3
117609,3
117610,1
117611,5
117612,1
117613,1
117614,3
117615,3
117616,3
117617,3
117618,3
117619,3
117620,3
117621,3
117622,3
117623,3
117624,0
117625,1
117626,0
117627,2
117628,3
117629,3
117630,3
117631,2
117632,1
117633,0
117634,0
117635,0
117636,2
117637,2
117638,0
117639,3
117640,4
117641,3
117642,1
117643,3
117644,3
117645,3
117646,3
117647,3
117648,3
117649,3
117650,3
117651,3
117652,0
117653,3
117654,3
117655,3
117656,3
117657,3
117658,0
117659,2
117660,0
117661,0
117662,0
117663,0
117664,0
117665,3
117666,1
117667,1
117668,3
117669,3
117670,1
117671,0
117672,3
117673,4
117674,3
117675,3
117676,1
117677,1
117678,1
117679,1
117680,3
117681,2
117682,2
117683,3
117684,3
117685,3
117686,3
117687,1
117688,3
117689,3
117690,3
117691,3
117692,2
117693,3
117694,2
117695,1
117696,1
117697,3
117698,3
117699,3
117700,5
117701,3
117702,3
117703,3
117704,0
117705,3
117706,2
117707,3
117708,5
117709,5
117710,5
117711,3
117712,0
117713,3
117714,5
117715,3
117716,5
117717,3
117718,4
117719,0
117720,0
117721,4
117722,3
117723,4
117724,4
117725,0
117726,0
117727,0
117728,0
117729,0
117730,4
117731,4
117732,3
117733,3
117734,4
117735,4
117736,4
117737,4
117738,3
117739,3
117740,3
117741,5
117742,5
117743,5
117744,0
117745,0
117746,0
117747,0
117748,0
117749,1
117750,4
117751,1
117752,1
117753,1
117754,1
117755,1
117756,3
117757,3
117758,3
117759,3
117760,3
117761,3
117762,3
117763,3
117764,3
117765,3
117766,1
117767,1
117768,1
117769,1
117770,1
117771,3
117772,2
117773,2
117774,3
117775,2
117776,1
117777,4
117778,3
117779,5
117780,3
117781,4
117782,4
117783,0
117784,0
117785,4
117786,2
117787,4
117788,4
117789,3
117790,1
117791,5
117792,5
117793,2
117794,2
117795,2
117796,4
117797,5
117798,2
117799,2
117800,2
117801,2
117802,2
117803,4
117804,2
117805,2
117806,5
117807,2
117808,2
117809,2
117810,5
117811,1
117812,2
117813,3
117814,3
117815,1
117816,3
117817,3
117818,2
117819,2
117820,2
117821,2
117822,4
117823,4
117824,3
117825,4
117826,3
117827,3
117828,1
117829,1
117830,3
117831,3
117832,2
117833,2
117834,2
117835,3
117836,2
117837,5
117838,5
117839,5
117840,5
117841,5
117842,2
117843,2
117844,2
117845,2
117846,2
117847,2
117848,2
117849,2
117850,2
117851,2
117852,2
117853,2
117854,5
117855,5
117856,2
117857,4
117858,4
117859,2
117860,2
117861,4
117862,2
117863,1
117864,4
117865,2
117866,2
117867,2
117868,2
117869,4
117870,5
117871,5
117872,4
117873,2
117874,4
117875,5
117876,2
117877,5
117878,5
117879,5
117880,5
117881,4
117882,4
117883,4
117884,2
117885,4
117886,1
117887,3
117888,1
117889,4
117890,4
117891,4
117892,3
117893,1
117894,3
117895,4
117896,2
117897,2
117898,4
117899,3
117900,2
117901,3
117902,4
117903,2
117904,5
117905,4
117906,4
117907,4
117908,4
117909,5
117910,4
117911,4
117912,4
117913,4
117914,2
117915,4
117916,4
117917,4
117918,4
117919,0
117920,4
117921,4
117922,5
117923,2
117924,4
117925,4
117926,3
117927,2
117928,4
117929,4
117930,4
117931,4
117932,4
117933,2
117934,1
117935,1
117936,1
117937,1
117938,1
117939,1
117940,1
117941,1
117942,4
117943,3
117944,4
117945,3
117946,4
117947,4
117948,4
117949,4
117950,4
117951,4
117952,3
117953,3
117954,3
117955,3
117956,4
117957,4
117958,2
117959,2
117960,4
117961,3
117962,4
117963,1
117964,1
117965,1
117966,4
117967,4
117968,4
117969,3
117970,3
117971,3
117972,3
117973,2
117974,3
117975,3
117976,4
117977,2
117978,4
117979,2
117980,0
117981,5
117982,4
117983,4
117984,4
117985,2
117986,4
117987,4
117988,4
117989,4
117990,2
117991,2
117992,4
117993,4
117994,4
117995,2
117996,4
117997,4
117998,4
117999,3
118000,3
118001,2
118002,5
118003,5
118004,0
118005,5
118006,5
118007,3
118008,4
118009,4
118010,4
118011,4
118012,4
118013,4
118014,4
118015,4
118016,4
118017,5
118018,5
118019,5
118020,5
118021,4
118022,4
118023,3
118024,1
118025,2
118026,2
118027,2
118028,4
118029,0
118030,5
118031,5
118032,4
118033,4
118034,3
118035,3
118036,5
118037,3
118038,4
118039,5
118040,2
118041,0
118042,3
118043,3
118044,5
118045,3
118046,1
118047,4
118048,0
118049,0
118050,0
118051,5
118052,0
118053,0
118054,0
118055,5
118056,3
118057,5
118058,5
118059,5
118060,5
118061,5
118062,5
118063,5
118064,5
118065,5
118066,5
118067,2
118068,3
118069,2
118070,4
118071,4
118072,4
118073,2
118074,4
118075,4
118076,4
118077,4
118078,4
118079,5
118080,4
118081,3
118082,3
118083,3
118084,3
118085,3
118086,3
118087,3
118088,4
118089,0
118090,0
118091,0
118092,0
118093,0
118094,0
118095,0
118096,0
118097,0
118098,4
118099,1
118100,0
118101,0
118102,0
118103,0
118104,0
118105,0
118106,0
118107,0
118108,0
118109,2
118110,0
118111,0
118112,4
118113,4
118114,0
118115,2
118116,4
118117,3
118118,4
118119,1
118120,4
118121,5
118122,4
118123,3
118124,3
118125,3
118126,2
118127,4
118128,2
118129,4
118130,4
118131,5
118132,5
118133,5
118134,3
118135,3
118136,2
118137,1
118138,2
118139,2
118140,3
118141,3
118142,3
118143,3
118144,2
118145,2
118146,3
118147,2
118148,3
118149,2
118150,2
118151,2
118152,2
118153,2
118154,3
118155,2
118156,2
118157,2
118158,2
118159,2
118160,2
118161,3
118162,5
118163,3
118164,3
118165,3
118166,2
118167,5
118168,5
118169,3
118170,2
118171,5
118172,3
118173,5
118174,5
118175,5
118176,3
118177,5
118178,5
118179,5
118180,3
118181,5
118182,5
118183,0
118184,0
118185,0
118186,5
118187,3
118188,2
118189,2
118190,5
118191,4
118192,5
118193,4
118194,4
118195,4
118196,3
118197,2
118198,2
118199,4
118200,4
118201,3
118202,2
118203,0
118204,4
118205,0
118206,1
118207,0
118208,5
118209,0
118210,4
118211,3
118212,4
118213,0
118214,0
118215,0
118216,0
118217,4
118218,0
118219,0
118220,0
118221,0
118222,3
118223,0
118224,0
118225,0
118226,0
118227,0
118228,5
118229,5
118230,5
118231,3
118232,5
118233,3
118234,5
118235,3
118236,5
118237,5
118238,5
118239,5
118240,3
118241,5
118242,5
118243,0
118244,0
118245,0
118246,0
118247,2
118248,0
118249,3
118250,0
118251,0
118252,0
118253,0
118254,0
118255,4
118256,0
118257,0
118258,0
118259,0
118260,0
118261,0
118262,0
118263,0
118264,0
118265,2
118266,3
118267,2
118268,0
118269,2
118270,1
118271,1
118272,4
118273,1
118274,1
118275,3
118276,4
118277,4
118278,1
118279,1
118280,3
118281,4
118282,2
118283,1
118284,4
118285,4
118286,2
118287,2
118288,2
118289,3
118290,3
118291,2
118292,2
118293,2
118294,1
118295,2
118296,3
118297,2
118298,2
118299,2
118300,2
118301,2
118302,2
118303,2
118304,2
118305,5
118306,2
118307,2
118308,3
118309,2
118310,4
118311,5
118312,4
118313,2
118314,2
118315,0
118316,3
118317,2
118318,2
118319,5
118320,1
118321,4
118322,4
118323,3
118324,4
118325,4
118326,1
118327,3
118328,2
118329,2
118330,2
118331,2
118332,3
118333,0
118334,5
118335,2
118336,1
118337,4
118338,2
118339,2
118340,3
118341,2
118342,2
118343,2
118344,2
118345,2
118346,2
118347,2
118348,2
118349,2
118350,2
118351,2
118352,3
118353,2
118354,2
118355,3
118356,2
118357,3
118358,2
118359,4
118360,3
118361,2
118362,3
118363,3
118364,2
118365,3
118366,3
118367,5
118368,1
118369,3
118370,1
118371,3
118372,3
118373,3
118374,3
118375,3
118376,3
118377,3
118378,3
118379,4
118380,3
118381,3
118382,3
118383,1
118384,3
118385,4
118386,4
118387,3
118388,5
118389,2
118390,3
118391,4
118392,4
118393,4
118394,4
118395,4
118396,4
118397,4
118398,2
118399,4
118400,4
118401,3
118402,1
118403,1
118404,1
118405,4
118406,2
118407,3
118408,2
118409,4
118410,4
118411,4
118412,4
118413,3
118414,3
118415,3
118416,3
118417,2
118418,3
118419,0
118420,2
118421,2
118422,2
118423,3
118424,5
118425,2
118426,3
118427,2
118428,4
118429,0
118430,4
118431,0
118432,0
118433,4
118434,4
118435,0
118436,4
118437,5
118438,4
118439,0
118440,0
118441,4
118442,0
118443,0
118444,3
118445,0
118446,0
118447,3
118448,3
118449,2
118450,3
118451,4
118452,2
118453,3
118454,1
118455,1
118456,4
118457,0
118458,0
118459,4
118460,0
118461,0
118462,0
118463,0
118464,2
118465,0
118466,0
118467,0
118468,0
118469,3
118470,3
118471,1
118472,1
118473,1
118474,1
118475,1
118476,1
118477,1
118478,1
118479,1
118480,5
118481,1
118482,1
118483,1
118484,1
118485,1
118486,1
118487,1
118488,1
118489,1
118490,1
118491,1
118492,5
118493,1
118494,1
118495,1
118496,1
118497,1
118498,1
118499,1
118500,1
118501,1
118502,1
118503,1
118504,1
118505,1
118506,1
118507,1
118508,4
118509,0
118510,1
118511,1
118512,1
118513,1
118514,4
118515,4
118516,2
118517,1
118518,4
118519,2
118520,4
118521,2
118522,2
118523,3
118524,2
118525,4
118526,4
118527,4
118528,5
118529,4
118530,4
118531,4
118532,4
118533,0
118534,2
118535,1
118536,1
118537,1
118538,1
118539,1
118540,1
118541,1
118542,1
118543,1
118544,5
118545,5
118546,1
118547,1
118548,0
118549,0
118550,0
118551,3
118552,0
118553,0
118554,0
118555,0
118556,0
118557,0
118558,0
118559,0
118560,0
118561,0
118562,0
118563,0
118564,2
118565,0
118566,5
118567,0
118568,0
118569,3
118570,0
118571,0
118572,5
118573,0
118574,0
118575,0
118576,0
118577,2
118578,5
118579,3
118580,0
118581,5
118582,3
118583,0
118584,0
118585,0
118586,3
118587,0
118588,0
118589,0
118590,0
118591,0
118592,0
118593,5
118594,0
118595,3
118596,0
118597,0
118598,3
118599,0
118600,0
118601,0
118602,0
118603,0
118604,3
118605,0
118606,0
118607,5
118608,0
118609,5
118610,0
118611,5
118612,3
118613,0
118614,5
118615,0
118616,5
118617,3
118618,3
118619,2
118620,3
118621,2
118622,2
118623,3
118624,2
118625,2
118626,2
118627,2
118628,1
118629,2
118630,2
118631,3
118632,1
118633,1
118634,3
118635,3
118636,0
118637,3
118638,0
118639,0
118640,0
118641,0
118642,1
118643,1
118644,1
118645,1
118646,1
118647,1
118648,1
118649,1
118650,1
118651,1
118652,1
118653,1
118654,1
118655,1
118656,1
118657,1
118658,3
118659,3
118660,1
118661,1
118662,1
118663,1
118664,2
118665,2
118666,2
118667,1
118668,3
118669,3
118670,3
118671,1
118672,3
118673,3
118674,3
118675,1
118676,1
118677,0
118678,0
118679,1
118680,1
118681,1
118682,1
118683,1
118684,1
118685,1
118686,1
118687,1
118688,3
118689,0
118690,3
118691,0
118692,0
118693,0
118694,1
118695,3
118696,3
118697,2
118698,2
118699,2
118700,2
118701,2
118702,2
118703,2
118704,2
118705,3
118706,2
118707,3
118708,3
118709,3
118710,3
118711,2
118712,2
118713,2
118714,2
118715,3
118716,2
118717,1
118718,3
118719,2
118720,2
118721,3
118722,2
118723,4
118724,2
118725,3
118726,3
118727,3
118728,2
118729,2
118730,2
118731,2
118732,3
118733,2
118734,2
118735,3
118736,2
118737,2
118738,2
118739,2
118740,3
118741,3
118742,3
118743,2
118744,2
118745,3
118746,1
118747,2
118748,2
118749,2
118750,2
118751,2
118752,2
118753,2
118754,2
118755,2
118756,2
118757,3
118758,3
118759,2
118760,1
118761,2
118762,0
118763,5
118764,3
118765,2
118766,0
118767,2
118768,3
118769,5
118770,5
118771,0
118772,0
118773,3
118774,2
118775,2
118776,3
118777,3
118778,3
118779,3
118780,3
118781,3
118782,3
118783,3
118784,3
118785,3
118786,2
118787,3
118788,0
118789,3
118790,1
118791,3
118792,3
118793,3
118794,3
118795,2
118796,2
118797,3
118798,2
118799,3
118800,3
118801,2
118802,3
118803,3
118804,2
118805,3
118806,3
118807,3
118808,2
118809,2
118810,2
118811,3
118812,2
118813,2
118814,2
118815,1
118816,1
118817,3
118818,2
118819,2
118820,1
118821,3
118822,1
118823,2
118824,3
118825,0
118826,3
118827,3
118828,3
118829,3
118830,3
118831,3
118832,3
118833,3
118834,3
118835,3
118836,1
118837,1
118838,3
118839,2
118840,3
118841,1
118842,1
118843,0
118844,3
118845,3
118846,3
118847,0
118848,1
118849,1
118850,1
118851,2
118852,0
118853,0
118854,0
118855,0
118856,1
118857,1
118858,3
118859,3
118860,3
118861,3
118862,3
118863,1
118864,3
118865,1
118866,1
118867,5
118868,1
118869,3
118870,3
118871,1
118872,3
118873,3
118874,3
118875,3
118876,2
118877,1
118878,1
118879,1
118880,1
118881,1
118882,1
118883,1
118884,1
118885,1
118886,1
118887,1
118888,2
118889,2
118890,1
118891,1
118892,1
118893,1
118894,1
118895,1
118896,1
118897,1
118898,1
118899,1
118900,1
118901,1
118902,3
118903,1
118904,1
118905,2
118906,1
118907,1
118908,1
118909,1
118910,3
118911,1
118912,3
118913,3
118914,3
118915,3
118916,4
118917,1
118918,1
118919,4
118920,1
118921,4
118922,0
118923,3
118924,1
118925,1
118926,4
118927,1
118928,1
118929,0
118930,1
118931,4
118932,5
118933,3
118934,3
118935,3
118936,1
118937,3
118938,2
118939,3
118940,3
118941,3
118942,3
118943,3
118944,3
118945,1
118946,3
118947,3
118948,3
118949,3
118950,3
118951,3
118952,3
118953,3
118954,2
118955,1
118956,3
118957,4
118958,3
118959,3
118960,2
118961,0
118962,0
118963,0
118964,2
118965,3
118966,2
118967,2
118968,2
118969,0
118970,1
118971,1
118972,3
118973,3
118974,1
118975,3
118976,2
118977,2
118978,1
118979,0
118980,0
118981,1
118982,0
118983,0
118984,2
118985,5
118986,1
118987,3
118988,2
118989,2
118990,3
118991,2
118992,3
118993,3
118994,3
118995,2
118996,3
118997,2
118998,2
118999,2
119000,3
119001,1
119002,1
119003,1
119004,3
119005,1
119006,2
119007,1
119008,1
119009,0
119010,1
119011,3
119012,0
119013,0
119014,1
119015,1
119016,0
119017,1
119018,0
119019,3
119020,0
119021,0
119022,0
119023,0
119024,0
119025,0
119026,0
119027,3
119028,0
119029,1
119030,1
119031,0
119032,1
119033,1
119034,2
119035,0
119036,0
119037,0
119038,2
119039,2
119040,0
119041,0
119042,0
119043,0
119044,0
119045,1
119046,0
119047,0
119048,0
119049,0
119050,0
119051,1
119052,0
119053,0
119054,0
119055,0
119056,0
119057,0
119058,2
119059,1
119060,1
119061,0
119062,2
119063,0
119064,0
119065,0
119066,0
119067,0
119068,0
119069,0
119070,0
119071,0
119072,4
119073,3
119074,3
119075,1
119076,5
119077,3
119078,3
119079,3
119080,1
119081,3
119082,3
119083,3
119084,1
119085,2
119086,1
119087,1
119088,1
119089,3
119090,3
119091,2
119092,1
119093,3
119094,3
119095,1
119096,1
119097,3
119098,1
119099,1
119100,2
119101,1
119102,1
119103,2
119104,2
119105,3
119106,3
119107,1
119108,3
119109,3
119110,2
119111,3
119112,1
119113,3
119114,3
119115,3
119116,1
119117,3
119118,3
119119,2
119120,2
119121,3
119122,5
119123,3
119124,0
119125,5
119126,2
119127,1
119128,1
119129,1
119130,3
119131,3
119132,1
119133,0
119134,2
119135,3
119136,5
119137,3
119138,0
119139,0
119140,2
119141,0
119142,0
119143,0
119144,0
119145,2
119146,2
119147,1
119148,2
119149,0
119150,2
119151,2
119152,2
119153,2
119154,0
119155,0
119156,2
119157,3
119158,0
119159,0
119160,2
119161,3
119162,3
119163,3
119164,3
119165,3
119166,1
119167,1
119168,1
119169,3
119170,0
119171,0
119172,1
119173,2
119174,2
119175,2
119176,3
119177,1
119178,1
119179,2
119180,2
119181,3
119182,2
119183,1
119184,1
119185,2
119186,3
119187,1
119188,2
119189,1
119190,1
119191,1
119192,1
119193,1
119194,3
119195,2
119196,2
119197,2
119198,1
119199,2
119200,1
119201,4
119202,3
119203,1
119204,4
119205,3
119206,1
119207,4
119208,1
119209,2
119210,2
119211,2
119212,3
119213,2
119214,2
119215,1
119216,2
119217,2
119218,2
119219,5
119220,5
119221,2
119222,3
119223,2
119224,1
119225,5
119226,0
119227,5
119228,2
119229,2
119230,5
119231,1
119232,2
119233,2
119234,2
119235,3
119236,5
119237,2
119238,2
119239,1
119240,1
119241,3
119242,1
119243,2
119244,1
119245,2
119246,2
119247,1
119248,1
119249,2
119250,3
119251,0
119252,1
119253,1
119254,1
119255,2
119256,2
119257,1
119258,0
119259,1
119260,1
119261,2
119262,1
119263,1
119264,3
119265,1
119266,1
119267,3
119268,3
119269,3
119270,1
119271,1
119272,3
119273,3
119274,2
119275,3
119276,5
119277,1
119278,2
119279,2
119280,2
119281,2
119282,0
119283,3
119284,1
119285,2
119286,2
119287,2
119288,2
119289,2
119290,2
119291,2
119292,2
119293,0
119294,2
119295,2
119296,2
119297,2
119298,2
119299,1
119300,2
119301,0
119302,1
119303,0
119304,0
119305,0
119306,0
119307,0
119308,1
119309,1
119310,1
119311,1
119312,3
119313,2
119314,2
119315,2
119316,1
119317,3
119318,2
119319,2
119320,2
119321,2
119322,1
119323,1
119324,2
119325,0
119326,3
119327,2
119328,2
119329,2
119330,3
119331,3
119332,3
119333,3
119334,1
119335,4
119336,4
119337,2
119338,2
119339,2
119340,3
119341,2
119342,3
119343,2
119344,3
119345,2
119346,2
119347,2
119348,2
119349,2
119350,3
119351,2
119352,2
119353,2
119354,2
119355,3
119356,3
119357,2
119358,2
119359,2
119360,2
119361,2
119362,0
119363,3
119364,2
119365,2
119366,3
119367,1
119368,2
119369,3
119370,1
119371,1
119372,2
119373,1
119374,2
119375,2
119376,2
119377,2
119378,2
119379,2
119380,2
119381,2
119382,2
119383,3
119384,2
119385,2
119386,2
119387,2
119388,2
119389,2
119390,2
119391,3
119392,2
119393,2
119394,2
119395,2
119396,2
119397,2
119398,3
119399,4
119400,2
119401,2
119402,2
119403,2
119404,2
119405,2
119406,3
119407,2
119408,2
119409,2
119410,2
119411,2
119412,2
119413,4
119414,4
119415,3
119416,1
119417,0
119418,3
119419,5
119420,5
119421,3
119422,1
119423,3
119424,1
119425,1
119426,1
119427,1
119428,3
119429,3
119430,1
119431,3
119432,2
119433,2
119434,2
119435,2
119436,5
119437,3
119438,3
119439,3
119440,3
119441,3
119442,3
119443,3
119444,4
119445,3
119446,3
119447,3
119448,3
119449,3
119450,3
119451,3
119452,3
119453,3
119454,3
119455,3
119456,4
119457,3
119458,3
119459,3
119460,3
119461,3
119462,1
119463,3
119464,1
119465,0
119466,3
119467,3
119468,4
119469,1
119470,3
119471,3
119472,3
119473,3
119474,1
119475,1
119476,3
119477,1
119478,1
119479,3
119480,0
119481,0
119482,0
119483,0
119484,3
119485,3
119486,3
119487,3
119488,3
119489,3
119490,3
119491,3
119492,3
119493,3
119494,3
119495,3
119496,3
119497,3
119498,3
119499,3
119500,3
119501,3
119502,3
119503,3
119504,0
119505,3
119506,1
119507,1
119508,3
119509,1
119510,1
119511,1
119512,1
119513,1
119514,1
119515,3
119516,0
119517,3
119518,3
119519,3
119520,3
119521,3
119522,3
119523,0
119524,0
119525,0
119526,0
119527,3
119528,0
119529,3
119530,3
119531,3
119532,3
119533,3
119534,3
119535,3
119536,3
119537,1
119538,3
119539,3
119540,3
119541,3
119542,3
119543,3
119544,3
119545,3
119546,3
119547,3
119548,3
119549,3
119550,3
119551,3
119552,3
119553,3
119554,0
119555,3
119556,3
119557,3
119558,3
119559,3
119560,3
119561,0
119562,3
119563,1
119564,3
119565,0
119566,1
119567,3
119568,3
119569,3
119570,3
119571,3
119572,1
119573,3
119574,3
119575,3
119576,3
119577,3
119578,3
119579,3
119580,1
119581,3
119582,3
119583,1
119584,3
119585,1
119586,3
119587,1
119588,3
119589,3
119590,1
119591,1
119592,1
119593,3
119594,3
119595,3
119596,3
119597,3
119598,3
119599,3
119600,3
119601,3
119602,1
119603,0
119604,1
119605,3
119606,1
119607,1
119608,3
119609,1
119610,3
119611,3
119612,3
119613,3
119614,3
119615,3
119616,3
119617,3
119618,3
119619,3
119620,3
119621,1
119622,3
119623,3
119624,3
119625,3
119626,3
119627,1
119628,3
119629,3
119630,3
119631,3
119632,3
119633,3
119634,1
119635,3
119636,1
119637,3
119638,3
119639,3
119640,1
119641,3
119642,1
119643,0
119644,3
119645,0
119646,0
119647,3
119648,0
119649,0
119650,0
119651,3
119652,0
119653,0
119654,3
119655,3
119656,3
119657,3
119658,3
119659,0
119660,3
119661,3
119662,1
119663,3
119664,3
119665,0
119666,1
119667,1
119668,3
119669,3
119670,3
119671,3
119672,3
119673,3
119674,3
119675,3
119676,3
119677,3
119678,0
119679,0
119680,3
119681,3
119682,3
119683,3
119684,3
119685,3
119686,3
119687,3
119688,3
119689,3
119690,3
119691,3
119692,3
119693,3
119694,3
119695,3
119696,3
119697,3
119698,3
119699,3
119700,3
119701,3
119702,3
119703,3
119704,3
119705,1
119706,4
119707,0
119708,2
119709,0
119710,0
119711,0
119712,2
119713,3
119714,2
119715,0
119716,2
119717,2
119718,0
119719,0
119720,0
119721,0
119722,0
119723,0
119724,0
119725,0
119726,2
119727,0
119728,0
119729,0
119730,0
119731,0
119732,0
119733,0
119734,0
119735,0
119736,0
119737,2
119738,0
119739,0
119740,0
119741,0
119742,0
119743,0
119744,2
119745,0
119746,2
119747,0
119748,0
119749,0
119750,0
119751,0
119752,0
119753,0
119754,0
119755,0
119756,0
119757,0
119758,0
119759,3
119760,3
119761,3
119762,3
119763,3
119764,0
119765,1
119766,1
119767,3
119768,1
119769,1
119770,3
119771,3
119772,1
119773,3
119774,3
119775,3
119776,3
119777,3
119778,1
119779,3
119780,1
119781,1
119782,3
119783,3
119784,3
119785,3
119786,0
119787,0
119788,3
119789,3
119790,3
119791,3
119792,3
119793,3
119794,3
119795,3
119796,3
119797,3
119798,3
119799,3
119800,1
119801,1
119802,3
119803,1
119804,1
119805,3
119806,3
119807,1
119808,3
119809,3
119810,3
119811,3
119812,3
119813,0
119814,3
119815,3
119816,3
119817,3
119818,3
119819,3
119820,1
119821,1
119822,1
119823,1
119824,3
119825,1
119826,3
119827,3
119828,3
119829,3
119830,3
119831,3
119832,3
119833,3
119834,1
119835,1
119836,3
119837,3
119838,3
119839,3
119840,3
119841,3
119842,3
119843,3
119844,1
119845,3
119846,3
119847,3
119848,3
119849,1
119850,3
119851,1
119852,3
119853,3
119854,3
119855,3
119856,3
119857,0
119858,3
119859,3
119860,0
119861,3
119862,1
119863,3
119864,3
119865,3
119866,1
119867,1
119868,1
119869,3
119870,3
119871,1
119872,3
119873,4
119874,1
119875,1
119876,4
119877,3
119878,4
119879,3
119880,3
119881,3
119882,1
119883,3
119884,3
119885,3
119886,3
119887,1
119888,3
119889,3
119890,3
119891,3
119892,3
119893,3
119894,3
119895,3
119896,3
119897,0
119898,0
119899,3
119900,3
119901,3
119902,3
119903,3
119904,1
119905,1
119906,3
119907,3
119908,3
119909,3
119910,0
119911,3
119912,0
119913,1
119914,1
119915,0
119916,0
119917,3
119918,0
119919,3
119920,1
119921,3
119922,3
119923,3
119924,3
119925,3
119926,3
119927,3
119928,3
119929,3
119930,3
119931,3
119932,0
119933,3
119934,3
119935,3
119936,3
119937,3
119938,3
119939,3
119940,3
119941,3
119942,3
119943,3
119944,3
119945,3
119946,1
119947,3
119948,3
119949,3
119950,3
119951,3
119952,3
119953,1
119954,3
119955,3
119956,3
119957,3
119958,3
119959,1
119960,1
119961,3
119962,3
119963,3
119964,3
119965,0
119966,1
119967,1
119968,3
119969,3
119970,3
119971,3
119972,0
119973,0
119974,3
119975,3
119976,3
119977,3
119978,0
119979,3
119980,0
119981,3
119982,1
119983,0
119984,3
119985,3
119986,3
119987,3
119988,0
119989,3
119990,3
119991,0
119992,0
119993,0
119994,3
119995,0
119996,0
119997,3
119998,0
119999,0
120000,0
120001,2
120002,3
120003,1
120004,3
120005,3
120006,3
120007,1
120008,3
120009,3
120010,1
120011,3
120012,1
120013,2
120014,1
120015,3
120016,3
120017,3
120018,1
120019,1
120020,3
120021,3
120022,3
120023,3
120024,3
120025,3
120026,3
120027,3
120028,3
120029,3
120030,3
120031,3
120032,3
120033,1
120034,3
120035,1
120036,1
120037,1
120038,3
120039,1
120040,1
120041,3
120042,3
120043,3
120044,1
120045,2
120046,1
120047,0
120048,3
120049,3
120050,0
120051,0
120052,0
120053,0
120054,3
120055,3
120056,0
120057,3
120058,3
120059,1
120060,1
120061,3
120062,3
120063,3
120064,3
120065,3
120066,3
120067,3
120068,3
120069,3
120070,3
120071,3
120072,3
120073,3
120074,3
120075,3
120076,3
120077,3
120078,3
120079,3
120080,3
120081,3
120082,3
120083,3
120084,3
120085,3
120086,3
120087,3
120088,3
120089,3
120090,1
120091,1
120092,1
120093,3
120094,3
120095,3
120096,3
120097,3
120098,1
120099,3
120100,1
120101,0
120102,0
120103,0
120104,0
120105,0
120106,0
120107,0
120108,0
120109,0
120110,0
120111,0
120112,0
120113,2
120114,0
120115,2
120116,0
120117,0
120118,0
120119,0
120120,0
120121,0
120122,2
120123,0
120124,0
120125,0
120126,0
120127,0
120128,2
120129,0
120130,0
120131,0
120132,0
120133,0
120134,0
120135,0
120136,2
120137,0
120138,2
120139,0
120140,0
120141,2
120142,0
120143,0
120144,0
120145,0
120146,0
120147,0
120148,0
120149,0
120150,0
120151,0
120152,0
120153,0
120154,0
120155,0
120156,0
120157,0
120158,0
120159,0
120160,0
120161,0
120162,0
120163,0
120164,0
120165,0
120166,0
120167,0
120168,0
120169,0
120170,0
120171,0
120172,0
120173,0
120174,0
120175,0
120176,0
120177,0
120178,0
120179,0
120180,0
120181,0
120182,0
120183,0
120184,0
120185,0
120186,0
120187,1
120188,1
120189,1
120190,1
120191,3
120192,0
120193,0
120194,0
120195,0
120196,0
120197,0
120198,0
120199,3
120200,0
120201,0
120202,0
120203,0
120204,0
120205,0
120206,0
120207,0
120208,0
120209,0
120210,0
120211,0
120212,2
120213,0
120214,0
120215,0
120216,0
120217,5
120218,3
120219,0
120220,0
120221,0
120222,0
120223,0
120224,0
120225,0
120226,0
120227,0
120228,0
120229,0
120230,0
120231,0
120232,0
120233,0
120234,5
120235,0
120236,0
120237,0
120238,0
120239,0
120240,0
120241,0
120242,0
120243,0
120244,0
120245,0
120246,0
120247,0
120248,0
120249,0
120250,0
120251,0
120252,3
120253,0
120254,0
120255,0
120256,1
120257,3
120258,0
120259,0
120260,0
120261,0
120262,3
120263,0
120264,0
120265,3
120266,0
120267,0
120268,0
120269,0
120270,0
120271,0
120272,0
120273,3
120274,3
120275,3
120276,0
120277,0
120278,0
120279,0
120280,0
120281,3
120282,0
120283,0
120284,0
120285,0
120286,0
120287,0
120288,0
120289,0
120290,0
120291,0
120292,0
120293,5
120294,0
120295,0
120296,0
120297,0
120298,0
120299,0
120300,0
120301,0
120302,0
120303,0
120304,0
120305,0
120306,0
120307,0
120308,3
120309,0
120310,0
120311,0
120312,0
120313,0
120314,0
120315,5
120316,0
120317,0
120318,0
120319,0
120320,0
120321,0
120322,0
120323,0
120324,0
120325,0
120326,0
120327,0
120328,0
120329,3
120330,0
120331,0
120332,0
120333,0
120334,0
120335,0
120336,2
120337,0
120338,0
120339,0
120340,0
120341,2
120342,0
120343,0
120344,0
120345,0
120346,0
120347,0
120348,0
120349,0
120350,0
120351,0
120352,0
120353,0
120354,0
120355,0
120356,0
120357,0
120358,2
120359,3
120360,0
120361,0
120362,0
120363,0
120364,2
120365,2
120366,0
120367,0
120368,0
120369,0
120370,0
120371,0
120372,0
120373,0
120374,0
120375,0
120376,0
120377,0
120378,0
120379,0
120380,0
120381,0
120382,0
120383,0
120384,0
120385,0
120386,0
120387,2
120388,0
120389,0
120390,0
120391,0
120392,0
120393,0
120394,0
120395,2
120396,0
120397,0
120398,0
120399,0
120400,0
120401,0
120402,0
120403,0
120404,2
120405,0
120406,0
120407,0
120408,0
120409,0
120410,0
120411,0
120412,3
120413,2
120414,0
120415,0
120416,0
120417,0
120418,0
120419,0
120420,0
120421,3
120422,0
120423,0
120424,0
120425,0
120426,0
120427,0
120428,0
120429,0
120430,2
120431,0
120432,0
120433,0
120434,0
120435,0
120436,0
120437,0
120438,0
120439,0
120440,0
120441,0
120442,0
120443,0
120444,0
120445,0
120446,0
120447,0
120448,1
120449,0
120450,0
120451,1
120452,0
120453,0
120454,5
120455,3
120456,5
120457,0
120458,0
120459,0
120460,0
120461,3
120462,0
120463,0
120464,3
120465,0
120466,0
120467,0
120468,3
120469,0
120470,0
120471,0
120472,0
120473,0
120474,0
120475,0
120476,3
120477,3
120478,0
120479,0
120480,3
120481,3
120482,0
120483,5
120484,0
120485,0
120486,0
120487,5
120488,0
120489,0
120490,0
120491,3
120492,0
120493,3
120494,3
120495,3
120496,3
120497,3
120498,0
120499,0
120500,3
120501,1
120502,3
120503,0
120504,3
120505,3
120506,0
120507,0
120508,0
120509,3
120510,0
120511,0
120512,0
120513,0
120514,0
120515,0
120516,0
120517,0
120518,0
120519,0
120520,1
120521,1
120522,1
120523,1
120524,3
120525,3
