Id,change_type
1,3
2,2
3,2
4,3
5,0
6,2
7,2
8,3
9,2
10,2
11,2
12,3
13,2
14,2
15,3
16,3
17,3
18,2
19,3
20,2
21,3
22,2
23,3
24,3
25,3
26,2
27,3
28,3
29,3
30,3
31,3
32,3
33,2
34,2
35,2
36,3
37,1
38,3
39,2
40,3
41,3
42,3
43,3
44,3
45,3
46,3
47,3
48,3
49,3
50,3
51,3
52,3
53,3
54,3
55,3
56,3
57,3
58,3
59,3
60,3
61,3
62,2
63,3
64,3
65,3
66,3
67,3
68,3
69,1
70,3
71,3
72,3
73,3
74,3
75,3
76,2
77,3
78,3
79,3
80,1
81,1
82,3
83,3
84,3
85,3
86,2
87,3
88,3
89,3
90,3
91,3
92,3
93,3
94,3
95,3
96,2
97,3
98,3
99,3
100,3
101,3
102,3
103,3
104,2
105,2
106,2
107,3
108,2
109,3
110,3
111,3
112,3
113,2
114,2
115,0
116,2
117,0
118,0
119,0
120,0
121,0
122,0
123,3
124,3
125,0
126,0
127,2
128,2
129,2
130,0
131,0
132,0
133,0
134,0
135,0
136,0
137,0
138,0
139,0
140,0
141,0
142,0
143,0
144,0
145,0
146,2
147,0
148,0
149,2
150,0
151,0
152,0
153,0
154,2
155,0
156,0
157,0
158,0
159,0
160,0
161,0
162,0
163,3
164,0
165,2
166,0
167,2
168,2
169,0
170,0
171,0
172,0
173,0
174,0
175,0
176,0
177,0
178,0
179,0
180,0
181,0
182,0
183,0
184,0
185,0
186,3
187,3
188,3
189,2
190,2
191,2
192,2
193,2
194,2
195,3
196,3
197,0
198,3
199,1
200,1
201,3
202,3
203,3
204,0
205,3
206,3
207,3
208,3
209,3
210,3
211,3
212,3
213,3
214,3
215,3
216,3
217,2
218,2
219,3
220,2
221,3
222,2
223,3
224,3
225,3
226,0
227,0
228,0
229,3
230,3
231,2
232,3
233,3
234,3
235,3
236,3
237,3
238,3
239,3
240,3
241,3
242,3
243,2
244,3
245,3
246,3
247,3
248,3
249,3
250,3
251,3
252,3
253,3
254,0
255,3
256,3
257,3
258,3
259,3
260,3
261,3
262,3
263,3
264,3
265,3
266,3
267,3
268,3
269,3
270,3
271,3
272,3
273,3
274,3
275,3
276,3
277,0
278,0
279,0
280,0
281,0
282,0
283,0
284,0
285,0
286,0
287,0
288,0
289,0
290,0
291,0
292,0
293,0
294,0
295,0
296,3
297,0
298,0
299,0
300,3
301,3
302,3
303,3
304,3
305,3
306,3
307,3
308,3
309,3
310,3
311,3
312,3
313,3
314,3
315,3
316,3
317,3
318,3
319,3
320,2
321,0
322,0
323,3
324,3
325,3
326,2
327,3
328,3
329,3
330,3
331,2
332,2
333,2
334,2
335,2
336,3
337,2
338,2
339,2
340,2
341,2
342,2
343,2
344,2
345,2
346,2
347,2
348,2
349,2
350,2
351,2
352,3
353,3
354,0
355,3
356,3
357,0
358,3
359,0
360,0
361,0
362,0
363,0
364,0
365,3
366,0
367,0
368,0
369,0
370,0
371,0
372,0
373,0
374,0
375,0
376,0
377,0
378,0
379,0
380,0
381,0
382,0
383,0
384,0
385,0
386,0
387,0
388,0
389,0
390,0
391,0
392,0
393,0
394,0
395,0
396,0
397,0
398,0
399,0
400,0
401,0
402,0
403,0
404,0
405,3
406,0
407,0
408,0
409,0
410,0
411,0
412,0
413,0
414,0
415,0
416,0
417,0
418,1
419,3
420,3
421,3
422,3
423,3
424,3
425,3
426,3
427,3
428,3
429,3
430,3
431,3
432,3
433,3
434,3
435,3
436,3
437,3
438,3
439,3
440,3
441,0
442,3
443,3
444,0
445,2
446,0
447,3
448,3
449,3
450,0
451,3
452,3
453,0
454,3
455,0
456,0
457,0
458,0
459,3
460,3
461,3
462,3
463,0
464,0
465,0
466,0
467,0
468,0
469,0
470,0
471,0
472,0
473,0
474,0
475,0
476,0
477,0
478,0
479,0
480,0
481,0
482,0
483,0
484,0
485,0
486,0
487,0
488,0
489,0
490,0
491,0
492,0
493,0
494,0
495,0
496,3
497,3
498,3
499,3
500,2
501,3
502,3
503,3
504,3
505,3
506,2
507,3
508,2
509,2
510,2
511,2
512,2
513,2
514,2
515,2
516,2
517,2
518,3
519,3
520,2
521,2
522,3
523,2
524,3
525,3
526,2
527,3
528,2
529,2
530,3
531,3
532,2
533,3
534,3
535,2
536,3
537,3
538,3
539,2
540,3
541,3
542,3
543,2
544,2
545,3
546,3
547,2
548,2
549,3
550,3
551,3
552,3
553,3
554,3
555,3
556,3
557,3
558,3
559,3
560,3
561,3
562,3
563,3
564,3
565,3
566,3
567,3
568,3
569,3
570,3
571,3
572,3
573,3
574,3
575,3
576,0
577,2
578,3
579,3
580,2
581,0
582,3
583,3
584,3
585,3
586,3
587,3
588,1
589,3
590,3
591,3
592,3
593,3
594,3
595,3
596,3
597,3
598,3
599,3
600,3
601,3
602,0
603,3
604,3
605,3
606,3
607,3
608,3
609,3
610,3
611,3
612,3
613,3
614,3
615,3
616,3
617,3
618,3
619,3
620,1
621,1
622,2
623,0
624,1
625,3
626,3
627,3
628,3
629,3
630,3
631,3
632,3
633,3
634,3
635,3
636,3
637,3
638,3
639,3
640,3
641,3
642,3
643,3
644,3
645,3
646,3
647,3
648,3
649,3
650,3
651,3
652,3
653,3
654,3
655,3
656,3
657,0
658,3
659,3
660,3
661,3
662,3
663,3
664,3
665,0
666,3
667,3
668,3
669,3
670,1
671,3
672,3
673,1
674,3
675,3
676,3
677,3
678,3
679,3
680,3
681,3
682,3
683,3
684,3
685,3
686,3
687,3
688,3
689,3
690,3
691,3
692,3
693,3
694,3
695,3
696,3
697,3
698,2
699,3
700,3
701,3
702,3
703,3
704,3
705,3
706,2
707,2
708,3
709,3
710,1
711,3
712,3
713,3
714,3
715,3
716,3
717,3
718,0
719,0
720,3
721,2
722,0
723,0
724,1
725,0
726,0
727,0
728,3
729,3
730,2
731,2
732,2
733,2
734,2
735,2
736,2
737,2
738,3
739,3
740,3
741,3
742,3
743,3
744,3
745,3
746,3
747,3
748,3
749,3
750,2
751,2
752,3
753,2
754,2
755,2
756,2
757,2
758,2
759,2
760,2
761,2
762,2
763,3
764,2
765,2
766,3
767,0
768,3
769,3
770,3
771,3
772,3
773,3
774,3
775,3
776,3
777,3
778,3
779,3
780,4
781,3
782,3
783,3
784,3
785,3
786,3
787,3
788,3
789,2
790,3
791,3
792,3
793,3
794,3
795,3
796,3
797,3
798,3
799,3
800,3
801,3
802,1
803,0
804,3
805,1
806,3
807,3
808,0
809,1
810,1
811,1
812,1
813,1
814,1
815,3
816,3
817,1
818,1
819,1
820,1
821,1
822,1
823,1
824,1
825,1
826,3
827,1
828,1
829,3
830,2
831,2
832,3
833,3
834,1
835,3
836,2
837,3
838,3
839,3
840,3
841,3
842,3
843,3
844,3
845,3
846,3
847,3
848,3
849,2
850,4
851,3
852,3
853,3
854,2
855,3
856,3
857,3
858,3
859,3
860,3
861,3
862,3
863,1
864,1
865,1
866,1
867,1
868,1
869,3
870,3
871,3
872,2
873,3
874,3
875,3
876,1
877,1
878,2
879,3
880,3
881,1
882,1
883,1
884,3
885,3
886,3
887,3
888,1
889,3
890,1
891,1
892,1
893,3
894,3
895,3
896,3
897,3
898,3
899,3
900,3
901,3
902,3
903,3
904,3
905,3
906,3
907,3
908,3
909,3
910,2
911,3
912,3
913,3
914,3
915,3
916,2
917,3
918,1
919,3
920,3
921,1
922,1
923,3
924,3
925,3
926,3
927,3
928,3
929,1
930,1
931,3
932,3
933,4
934,3
935,3
936,3
937,3
938,3
939,3
940,3
941,3
942,1
943,1
944,1
945,1
946,3
947,3
948,3
949,3
950,3
951,3
952,2
953,3
954,1
955,3
956,3
957,3
958,3
959,1
960,3
961,3
962,3
963,3
964,1
965,3
966,3
967,1
968,3
969,3
970,3
971,0
972,3
973,3
974,3
975,2
976,1
977,3
978,3
979,3
980,3
981,3
982,3
983,3
984,3
985,3
986,3
987,3
988,2
989,3
990,0
991,3
992,3
993,3
994,3
995,3
996,3
997,3
998,3
999,3
1000,3
1001,3
1002,3
1003,3
1004,3
1005,3
1006,3
1007,3
1008,3
1009,3
1010,3
1011,3
1012,3
1013,3
1014,1
1015,1
1016,1
1017,2
1018,3
1019,3
1020,3
1021,1
1022,1
1023,3
1024,2
1025,3
1026,2
1027,3
1028,3
1029,3
1030,3
1031,3
1032,3
1033,3
1034,3
1035,3
1036,3
1037,3
1038,3
1039,3
1040,3
1041,3
1042,3
1043,3
1044,3
1045,3
1046,3
1047,3
1048,3
1049,3
1050,3
1051,3
1052,3
1053,3
1054,3
1055,3
1056,3
1057,3
1058,2
1059,1
1060,3
1061,3
1062,3
1063,1
1064,3
1065,3
1066,3
1067,1
1068,3
1069,3
1070,3
1071,2
1072,3
1073,3
1074,3
1075,0
1076,3
1077,3
1078,3
1079,3
1080,3
1081,3
1082,3
1083,3
1084,3
1085,3
1086,3
1087,3
1088,3
1089,3
1090,3
1091,3
1092,1
1093,1
1094,3
1095,1
1096,1
1097,2
1098,3
1099,3
1100,3
1101,3
1102,3
1103,3
1104,3
1105,1
1106,1
1107,1
1108,1
1109,1
1110,1
1111,3
1112,1
1113,1
1114,3
1115,3
1116,3
1117,3
1118,3
1119,1
1120,1
1121,1
1122,1
1123,1
1124,3
1125,2
1126,3
1127,2
1128,3
1129,2
1130,1
1131,1
1132,1
1133,1
1134,1
1135,3
1136,3
1137,3
1138,3
1139,3
1140,1
1141,2
1142,3
1143,3
1144,1
1145,1
1146,1
1147,1
1148,3
1149,3
1150,3
1151,3
1152,3
1153,3
1154,3
1155,2
1156,3
1157,3
1158,3
1159,3
1160,1
1161,3
1162,3
1163,3
1164,3
1165,3
1166,3
1167,3
1168,3
1169,3
1170,3
1171,3
1172,3
1173,3
1174,3
1175,3
1176,3
1177,3
1178,3
1179,1
1180,1
1181,1
1182,1
1183,1
1184,1
1185,3
1186,3
1187,3
1188,3
1189,3
1190,3
1191,3
1192,3
1193,3
1194,3
1195,3
1196,1
1197,1
1198,1
1199,3
1200,3
1201,0
1202,3
1203,2
1204,1
1205,1
1206,1
1207,1
1208,1
1209,1
1210,1
1211,3
1212,1
1213,3
1214,3
1215,3
1216,1
1217,3
1218,3
1219,1
1220,3
1221,3
1222,1
1223,1
1224,3
1225,3
1226,3
1227,3
1228,3
1229,3
1230,3
1231,3
1232,3
1233,3
1234,3
1235,3
1236,3
1237,3
1238,1
1239,3
1240,1
1241,1
1242,2
1243,3
1244,3
1245,3
1246,3
1247,3
1248,3
1249,3
1250,3
1251,3
1252,2
1253,3
1254,3
1255,3
1256,3
1257,3
1258,3
1259,3
1260,3
1261,3
1262,3
1263,3
1264,3
1265,3
1266,3
1267,3
1268,1
1269,1
1270,3
1271,1
1272,3
1273,3
1274,3
1275,1
1276,1
1277,3
1278,3
1279,3
1280,3
1281,2
1282,3
1283,1
1284,1
1285,3
1286,3
1287,3
1288,3
1289,3
1290,3
1291,1
1292,3
1293,3
1294,1
1295,3
1296,1
1297,3
1298,3
1299,3
1300,3
1301,3
1302,3
1303,3
1304,1
1305,3
1306,3
1307,3
1308,3
1309,3
1310,3
1311,3
1312,3
1313,3
1314,3
1315,1
1316,1
1317,1
1318,3
1319,1
1320,1
1321,3
1322,2
1323,1
1324,1
1325,3
1326,3
1327,3
1328,3
1329,3
1330,3
1331,3
1332,2
1333,3
1334,3
1335,2
1336,3
1337,3
1338,3
1339,3
1340,3
1341,3
1342,3
1343,3
1344,3
1345,3
1346,1
1347,1
1348,3
1349,3
1350,3
1351,3
1352,3
1353,3
1354,3
1355,3
1356,3
1357,3
1358,3
1359,3
1360,3
1361,1
1362,1
1363,3
1364,1
1365,1
1366,3
1367,3
1368,1
1369,1
1370,3
1371,3
1372,3
1373,3
1374,3
1375,3
1376,3
1377,3
1378,3
1379,2
1380,3
1381,3
1382,3
1383,1
1384,1
1385,3
1386,3
1387,3
1388,3
1389,3
1390,3
1391,3
1392,3
1393,3
1394,3
1395,3
1396,3
1397,3
1398,3
1399,3
1400,1
1401,3
1402,3
1403,0
1404,3
1405,3
1406,3
1407,3
1408,3
1409,2
1410,3
1411,3
1412,3
1413,3
1414,3
1415,2
1416,3
1417,1
1418,1
1419,3
1420,1
1421,1
1422,3
1423,3
1424,3
1425,3
1426,3
1427,3
1428,3
1429,2
1430,3
1431,3
1432,3
1433,3
1434,3
1435,3
1436,2
1437,1
1438,1
1439,3
1440,3
1441,1
1442,1
1443,1
1444,2
1445,1
1446,1
1447,3
1448,3
1449,3
1450,3
1451,3
1452,3
1453,3
1454,3
1455,3
1456,3
1457,3
1458,3
1459,3
1460,3
1461,3
1462,3
1463,3
1464,3
1465,3
1466,2
1467,1
1468,1
1469,3
1470,1
1471,2
1472,3
1473,3
1474,1
1475,3
1476,3
1477,3
1478,3
1479,3
1480,1
1481,1
1482,1
1483,1
1484,3
1485,3
1486,3
1487,3
1488,1
1489,1
1490,1
1491,1
1492,3
1493,3
1494,1
1495,1
1496,1
1497,1
1498,3
1499,1
1500,1
1501,1
1502,3
1503,3
1504,3
1505,3
1506,3
1507,3
1508,3
1509,3
1510,3
1511,3
1512,3
1513,1
1514,3
1515,3
1516,3
1517,3
1518,3
1519,3
1520,3
1521,2
1522,3
1523,3
1524,3
1525,3
1526,3
1527,3
1528,3
1529,3
1530,3
1531,3
1532,3
1533,3
1534,3
1535,1
1536,1
1537,1
1538,3
1539,3
1540,3
1541,1
1542,0
1543,3
1544,3
1545,3
1546,3
1547,3
1548,1
1549,3
1550,2
1551,3
1552,3
1553,1
1554,3
1555,1
1556,3
1557,3
1558,2
1559,3
1560,3
1561,3
1562,3
1563,3
1564,3
1565,2
1566,3
1567,3
1568,3
1569,3
1570,3
1571,0
1572,3
1573,3
1574,3
1575,3
1576,3
1577,3
1578,2
1579,3
1580,3
1581,3
1582,3
1583,3
1584,3
1585,3
1586,3
1587,3
1588,3
1589,1
1590,3
1591,3
1592,3
1593,3
1594,3
1595,3
1596,3
1597,3
1598,3
1599,3
1600,3
1601,3
1602,2
1603,3
1604,3
1605,3
1606,3
1607,1
1608,1
1609,1
1610,1
1611,1
1612,1
1613,3
1614,1
1615,1
1616,3
1617,3
1618,3
1619,3
1620,3
1621,3
1622,3
1623,3
1624,3
1625,3
1626,3
1627,3
1628,3
1629,3
1630,3
1631,3
1632,3
1633,2
1634,3
1635,3
1636,3
1637,3
1638,3
1639,3
1640,3
1641,3
1642,2
1643,3
1644,3
1645,3
1646,3
1647,3
1648,3
1649,3
1650,3
1651,3
1652,3
1653,3
1654,3
1655,3
1656,3
1657,3
1658,3
1659,3
1660,3
1661,3
1662,3
1663,3
1664,3
1665,3
1666,3
1667,3
1668,3
1669,0
1670,0
1671,3
1672,3
1673,3
1674,3
1675,0
1676,0
1677,3
1678,3
1679,3
1680,3
1681,3
1682,3
1683,3
1684,3
1685,3
1686,3
1687,3
1688,3
1689,3
1690,3
1691,0
1692,0
1693,3
1694,3
1695,3
1696,2
1697,3
1698,3
1699,3
1700,3
1701,3
1702,3
1703,3
1704,3
1705,2
1706,3
1707,3
1708,3
1709,3
1710,3
1711,0
1712,3
1713,3
1714,3
1715,3
1716,3
1717,3
1718,3
1719,3
1720,3
1721,3
1722,3
1723,3
1724,3
1725,3
1726,3
1727,3
1728,3
1729,3
1730,3
1731,3
1732,3
1733,2
1734,3
1735,3
1736,2
1737,3
1738,3
1739,3
1740,3
1741,3
1742,3
1743,3
1744,3
1745,3
1746,3
1747,3
1748,3
1749,3
1750,3
1751,3
1752,3
1753,0
1754,3
1755,3
1756,3
1757,3
1758,3
1759,3
1760,3
1761,3
1762,3
1763,3
1764,3
1765,3
1766,0
1767,3
1768,3
1769,3
1770,3
1771,3
1772,3
1773,3
1774,3
1775,3
1776,3
1777,3
1778,3
1779,3
1780,3
1781,3
1782,3
1783,0
1784,0
1785,0
1786,0
1787,0
1788,3
1789,0
1790,3
1791,0
1792,0
1793,0
1794,0
1795,0
1796,3
1797,0
1798,0
1799,0
1800,0
1801,3
1802,0
1803,0
1804,3
1805,3
1806,3
1807,3
1808,3
1809,3
1810,3
1811,3
1812,3
1813,3
1814,3
1815,3
1816,3
1817,3
1818,3
1819,3
1820,3
1821,3
1822,2
1823,3
1824,3
1825,2
1826,3
1827,3
1828,3
1829,3
1830,3
1831,3
1832,2
1833,3
1834,2
1835,3
1836,3
1837,3
1838,3
1839,3
1840,3
1841,3
1842,3
1843,3
1844,3
1845,3
1846,0
1847,0
1848,3
1849,3
1850,0
1851,3
1852,3
1853,3
1854,3
1855,2
1856,0
1857,3
1858,3
1859,3
1860,3
1861,3
1862,3
1863,3
1864,3
1865,3
1866,3
1867,3
1868,3
1869,3
1870,3
1871,3
1872,3
1873,3
1874,3
1875,3
1876,3
1877,2
1878,3
1879,3
1880,3
1881,3
1882,0
1883,3
1884,3
1885,3
1886,3
1887,3
1888,3
1889,3
1890,3
1891,3
1892,0
1893,0
1894,0
1895,3
1896,3
1897,3
1898,3
1899,3
1900,3
1901,3
1902,3
1903,3
1904,3
1905,3
1906,3
1907,3
1908,3
1909,3
1910,0
1911,3
1912,3
1913,3
1914,3
1915,3
1916,3
1917,3
1918,3
1919,3
1920,3
1921,3
1922,3
1923,3
1924,3
1925,3
1926,2
1927,2
1928,2
1929,2
1930,3
1931,3
1932,3
1933,3
1934,2
1935,3
1936,0
1937,3
1938,0
1939,0
1940,3
1941,3
1942,3
1943,3
1944,3
1945,3
1946,3
1947,2
1948,3
1949,3
1950,3
1951,3
1952,3
1953,3
1954,3
1955,3
1956,3
1957,3
1958,3
1959,3
1960,2
1961,2
1962,2
1963,0
1964,3
1965,0
1966,0
1967,0
1968,3
1969,3
1970,0
1971,3
1972,3
1973,3
1974,3
1975,3
1976,3
1977,3
1978,3
1979,3
1980,3
1981,3
1982,3
1983,3
1984,3
1985,3
1986,2
1987,0
1988,0
1989,0
1990,1
1991,1
1992,3
1993,3
1994,3
1995,0
1996,0
1997,3
1998,3
1999,3
2000,3
2001,0
2002,2
2003,3
2004,3
2005,3
2006,2
2007,3
2008,3
2009,2
2010,3
2011,3
2012,3
2013,3
2014,3
2015,0
2016,3
2017,3
2018,0
2019,0
2020,3
2021,3
2022,0
2023,3
2024,3
2025,3
2026,3
2027,3
2028,3
2029,3
2030,3
2031,3
2032,3
2033,0
2034,0
2035,3
2036,3
2037,3
2038,3
2039,3
2040,3
2041,3
2042,3
2043,3
2044,3
2045,3
2046,3
2047,0
2048,3
2049,3
2050,3
2051,3
2052,3
2053,0
2054,3
2055,3
2056,3
2057,3
2058,3
2059,3
2060,1
2061,3
2062,1
2063,3
2064,3
2065,0
2066,0
2067,3
2068,3
2069,3
2070,3
2071,3
2072,3
2073,3
2074,1
2075,0
2076,0
2077,0
2078,0
2079,0
2080,0
2081,0
2082,0
2083,0
2084,0
2085,3
2086,3
2087,3
2088,3
2089,0
2090,3
2091,3
2092,3
2093,0
2094,3
2095,0
2096,3
2097,3
2098,3
2099,3
2100,3
2101,3
2102,3
2103,3
2104,3
2105,0
2106,0
2107,0
2108,0
2109,1
2110,0
2111,3
2112,3
2113,3
2114,3
2115,3
2116,3
2117,3
2118,3
2119,3
2120,3
2121,3
2122,3
2123,3
2124,3
2125,3
2126,3
2127,3
2128,3
2129,2
2130,3
2131,3
2132,3
2133,2
2134,3
2135,3
2136,0
2137,3
2138,0
2139,3
2140,3
2141,3
2142,3
2143,3
2144,3
2145,3
2146,3
2147,0
2148,2
2149,3
2150,3
2151,0
2152,0
2153,0
2154,0
2155,3
2156,0
2157,3
2158,3
2159,3
2160,3
2161,0
2162,0
2163,0
2164,0
2165,3
2166,3
2167,3
2168,3
2169,3
2170,3
2171,3
2172,3
2173,3
2174,3
2175,3
2176,3
2177,3
2178,2
2179,3
2180,3
2181,3
2182,2
2183,3
2184,1
2185,3
2186,3
2187,0
2188,0
2189,0
2190,3
2191,0
2192,0
2193,1
2194,0
2195,3
2196,3
2197,3
2198,2
2199,3
2200,3
2201,3
2202,3
2203,3
2204,3
2205,3
2206,3
2207,2
2208,3
2209,3
2210,0
2211,3
2212,3
2213,3
2214,3
2215,3
2216,3
2217,3
2218,3
2219,3
2220,3
2221,3
2222,3
2223,3
2224,3
2225,3
2226,3
2227,3
2228,0
2229,0
2230,0
2231,3
2232,0
2233,3
2234,0
2235,0
2236,0
2237,0
2238,3
2239,0
2240,2
2241,2
2242,3
2243,3
2244,3
2245,2
2246,3
2247,0
2248,3
2249,3
2250,0
2251,0
2252,0
2253,2
2254,3
2255,3
2256,0
2257,3
2258,3
2259,3
2260,3
2261,0
2262,0
2263,3
2264,0
2265,0
2266,0
2267,3
2268,0
2269,3
2270,0
2271,0
2272,0
2273,0
2274,0
2275,0
2276,0
2277,3
2278,3
2279,1
2280,3
2281,3
2282,0
2283,0
2284,3
2285,3
2286,3
2287,3
2288,2
2289,3
2290,3
2291,2
2292,3
2293,0
2294,3
2295,3
2296,3
2297,1
2298,3
2299,3
2300,3
2301,3
2302,3
2303,0
2304,1
2305,3
2306,3
2307,0
2308,0
2309,0
2310,0
2311,3
2312,0
2313,0
2314,0
2315,3
2316,0
2317,0
2318,0
2319,0
2320,0
2321,0
2322,0
2323,0
2324,0
2325,0
2326,3
2327,0
2328,3
2329,0
2330,0
2331,0
2332,0
2333,0
2334,0
2335,3
2336,1
2337,3
2338,3
2339,3
2340,3
2341,3
2342,1
2343,3
2344,3
2345,3
2346,0
2347,3
2348,3
2349,3
2350,3
2351,3
2352,3
2353,3
2354,3
2355,3
2356,0
2357,3
2358,1
2359,3
2360,1
2361,3
2362,0
2363,0
2364,0
2365,0
2366,0
2367,3
2368,3
2369,3
2370,3
2371,3
2372,3
2373,3
2374,3
2375,3
2376,3
2377,3
2378,3
2379,3
2380,3
2381,3
2382,2
2383,3
2384,3
2385,3
2386,3
2387,3
2388,3
2389,3
2390,3
2391,3
2392,3
2393,2
2394,2
2395,2
2396,3
2397,2
2398,3
2399,3
2400,3
2401,3
2402,2
2403,3
2404,0
2405,0
2406,0
2407,3
2408,3
2409,3
2410,3
2411,3
2412,2
2413,3
2414,3
2415,3
2416,3
2417,2
2418,2
2419,3
2420,0
2421,3
2422,3
2423,3
2424,3
2425,3
2426,0
2427,0
2428,0
2429,0
2430,0
2431,0
2432,0
2433,0
2434,0
2435,0
2436,0
2437,0
2438,0
2439,3
2440,0
2441,0
2442,0
2443,0
2444,0
2445,0
2446,0
2447,0
2448,0
2449,3
2450,0
2451,0
2452,3
2453,3
2454,3
2455,3
2456,3
2457,3
2458,3
2459,3
2460,2
2461,3
2462,3
2463,3
2464,3
2465,3
2466,3
2467,3
2468,3
2469,3
2470,3
2471,0
2472,1
2473,3
2474,3
2475,3
2476,3
2477,3
2478,2
2479,3
2480,3
2481,2
2482,3
2483,3
2484,3
2485,3
2486,3
2487,3
2488,3
2489,2
2490,2
2491,3
2492,3
2493,3
2494,3
2495,2
2496,3
2497,3
2498,0
2499,1
2500,1
2501,3
2502,3
2503,2
2504,3
2505,3
2506,2
2507,3
2508,3
2509,2
2510,3
2511,2
2512,3
2513,2
2514,3
2515,3
2516,2
2517,3
2518,3
2519,3
2520,3
2521,3
2522,3
2523,2
2524,3
2525,3
2526,3
2527,0
2528,3
2529,3
2530,2
2531,3
2532,0
2533,3
2534,0
2535,3
2536,3
2537,3
2538,3
2539,3
2540,3
2541,3
2542,3
2543,3
2544,3
2545,3
2546,3
2547,3
2548,3
2549,3
2550,3
2551,3
2552,3
2553,3
2554,3
2555,3
2556,0
2557,3
2558,3
2559,3
2560,3
2561,3
2562,3
2563,3
2564,2
2565,3
2566,3
2567,3
2568,3
2569,3
2570,3
2571,3
2572,3
2573,3
2574,0
2575,0
2576,0
2577,3
2578,3
2579,3
2580,3
2581,3
2582,2
2583,2
2584,3
2585,2
2586,0
2587,0
2588,3
2589,2
2590,3
2591,2
2592,2
2593,3
2594,2
2595,3
2596,2
2597,0
2598,3
2599,0
2600,0
2601,0
2602,0
2603,3
2604,2
2605,3
2606,2
2607,2
2608,2
2609,2
2610,3
2611,3
2612,2
2613,3
2614,3
2615,3
2616,3
2617,3
2618,3
2619,3
2620,3
2621,3
2622,3
2623,3
2624,2
2625,3
2626,3
2627,3
2628,2
2629,3
2630,2
2631,0
2632,3
2633,3
2634,3
2635,3
2636,3
2637,3
2638,3
2639,3
2640,3
2641,3
2642,2
2643,2
2644,2
2645,3
2646,3
2647,3
2648,3
2649,3
2650,3
2651,3
2652,3
2653,3
2654,3
2655,3
2656,3
2657,3
2658,3
2659,0
2660,0
2661,2
2662,3
2663,3
2664,3
2665,0
2666,3
2667,3
2668,3
2669,3
2670,3
2671,3
2672,3
2673,3
2674,3
2675,3
2676,2
2677,3
2678,3
2679,3
2680,3
2681,3
2682,3
2683,3
2684,3
2685,3
2686,3
2687,3
2688,3
2689,3
2690,2
2691,3
2692,3
2693,2
2694,3
2695,3
2696,3
2697,3
2698,2
2699,3
2700,1
2701,3
2702,3
2703,3
2704,3
2705,3
2706,3
2707,3
2708,3
2709,0
2710,3
2711,0
2712,3
2713,3
2714,3
2715,3
2716,3
2717,3
2718,3
2719,3
2720,3
2721,3
2722,3
2723,3
2724,3
2725,3
2726,3
2727,3
2728,3
2729,3
2730,3
2731,0
2732,2
2733,0
2734,3
2735,3
2736,3
2737,3
2738,2
2739,3
2740,0
2741,3
2742,3
2743,3
2744,3
2745,3
2746,3
2747,3
2748,0
2749,2
2750,0
2751,2
2752,3
2753,0
2754,3
2755,3
2756,0
2757,3
2758,3
2759,0
2760,2
2761,0
2762,2
2763,3
2764,2
2765,2
2766,2
2767,3
2768,3
2769,0
2770,0
2771,0
2772,0
2773,3
2774,3
2775,3
2776,3
2777,3
2778,0
2779,0
2780,1
2781,0
2782,3
2783,0
2784,0
2785,3
2786,3
2787,3
2788,3
2789,3
2790,2
2791,3
2792,3
2793,2
2794,2
2795,3
2796,3
2797,3
2798,3
2799,3
2800,2
2801,2
2802,2
2803,2
2804,3
2805,3
2806,3
2807,3
2808,3
2809,2
2810,3
2811,3
2812,3
2813,2
2814,2
2815,2
2816,3
2817,3
2818,2
2819,3
2820,2
2821,2
2822,2
2823,2
2824,3
2825,3
2826,3
2827,0
2828,0
2829,2
2830,2
2831,2
2832,2
2833,2
2834,1
2835,1
2836,3
2837,2
2838,2
2839,2
2840,2
2841,2
2842,3
2843,2
2844,2
2845,2
2846,2
2847,2
2848,2
2849,2
2850,2
2851,3
2852,2
2853,2
2854,2
2855,3
2856,2
2857,2
2858,2
2859,3
2860,3
2861,3
2862,2
2863,2
2864,2
2865,3
2866,2
2867,3
2868,3
2869,3
2870,2
2871,3
2872,2
2873,2
2874,2
2875,2
2876,2
2877,2
2878,3
2879,3
2880,3
2881,3
2882,3
2883,3
2884,3
2885,2
2886,3
2887,3
2888,3
2889,3
2890,3
2891,3
2892,3
2893,3
2894,3
2895,3
2896,3
2897,3
2898,1
2899,3
2900,3
2901,3
2902,3
2903,3
2904,3
2905,3
2906,0
2907,3
2908,3
2909,3
2910,3
2911,3
2912,3
2913,3
2914,3
2915,3
2916,3
2917,3
2918,3
2919,3
2920,3
2921,3
2922,3
2923,3
2924,3
2925,3
2926,3
2927,3
2928,3
2929,3
2930,3
2931,3
2932,3
2933,3
2934,2
2935,3
2936,3
2937,3
2938,3
2939,3
2940,3
2941,3
2942,3
2943,2
2944,2
2945,2
2946,2
2947,3
2948,3
2949,3
2950,3
2951,1
2952,3
2953,3
2954,3
2955,3
2956,3
2957,3
2958,3
2959,3
2960,3
2961,3
2962,3
2963,3
2964,3
2965,3
2966,3
2967,3
2968,3
2969,0
2970,2
2971,2
2972,3
2973,3
2974,3
2975,2
2976,2
2977,3
2978,2
2979,2
2980,3
2981,2
2982,2
2983,3
2984,3
2985,3
2986,2
2987,3
2988,2
2989,3
2990,2
2991,2
2992,2
2993,2
2994,3
2995,2
2996,2
2997,2
2998,2
2999,2
3000,2
3001,3
3002,2
3003,2
3004,2
3005,3
3006,2
3007,2
3008,2
3009,2
3010,2
3011,2
3012,3
3013,2
3014,3
3015,3
3016,3
3017,2
3018,2
3019,2
3020,2
3021,2
3022,2
3023,3
3024,2
3025,3
3026,3
3027,2
3028,2
3029,2
3030,3
3031,3
3032,3
3033,3
3034,2
3035,2
3036,3
3037,3
3038,2
3039,3
3040,3
3041,2
3042,2
3043,3
3044,3
3045,2
3046,2
3047,2
3048,3
3049,2
3050,3
3051,3
3052,3
3053,3
3054,2
3055,3
3056,3
3057,3
3058,2
3059,2
3060,3
3061,2
3062,2
3063,2
3064,2
3065,3
3066,2
3067,3
3068,3
3069,3
3070,3
3071,3
3072,3
3073,3
3074,3
3075,3
3076,3
3077,3
3078,3
3079,3
3080,3
3081,3
3082,3
3083,3
3084,3
3085,3
3086,3
3087,3
3088,3
3089,3
3090,3
3091,3
3092,3
3093,3
3094,3
3095,3
3096,3
3097,3
3098,3
3099,3
3100,3
3101,3
3102,3
3103,3
3104,3
3105,3
3106,3
3107,3
3108,3
3109,3
3110,3
3111,3
3112,3
3113,3
3114,3
3115,3
3116,3
3117,3
3118,3
3119,3
3120,3
3121,3
3122,3
3123,3
3124,2
3125,3
3126,3
3127,3
3128,3
3129,3
3130,3
3131,3
3132,3
3133,3
3134,3
3135,3
3136,3
3137,3
3138,3
3139,3
3140,3
3141,3
3142,3
3143,3
3144,3
3145,3
3146,3
3147,3
3148,3
3149,3
3150,3
3151,3
3152,3
3153,3
3154,3
3155,3
3156,3
3157,3
3158,3
3159,3
3160,3
3161,3
3162,3
3163,3
3164,3
3165,3
3166,0
3167,3
3168,3
3169,3
3170,3
3171,3
3172,3
3173,3
3174,3
3175,3
3176,0
3177,1
3178,1
3179,3
3180,3
3181,3
3182,3
3183,3
3184,3
3185,3
3186,3
3187,2
3188,2
3189,3
3190,3
3191,3
3192,2
3193,3
3194,2
3195,2
3196,2
3197,3
3198,3
3199,3
3200,2
3201,2
3202,3
3203,2
3204,2
3205,3
3206,0
3207,3
3208,2
3209,2
3210,2
3211,2
3212,3
3213,3
3214,3
3215,2
3216,2
3217,2
3218,2
3219,2
3220,1
3221,3
3222,3
3223,2
3224,0
3225,0
3226,1
3227,0
3228,0
3229,0
3230,1
3231,0
3232,0
3233,0
3234,0
3235,0
3236,2
3237,2
3238,2
3239,3
3240,3
3241,0
3242,0
3243,0
3244,3
3245,1
3246,0
3247,1
3248,1
3249,3
3250,0
3251,0
3252,3
3253,3
3254,1
3255,1
3256,3
3257,2
3258,1
3259,0
3260,3
3261,2
3262,2
3263,2
3264,0
3265,3
3266,2
3267,3
3268,3
3269,3
3270,3
3271,1
3272,3
3273,3
3274,3
3275,3
3276,2
3277,3
3278,3
3279,2
3280,1
3281,3
3282,3
3283,3
3284,3
3285,0
3286,3
3287,3
3288,2
3289,2
3290,2
3291,2
3292,2
3293,1
3294,3
3295,1
3296,3
3297,0
3298,2
3299,3
3300,3
3301,1
3302,3
3303,0
3304,1
3305,2
3306,3
3307,3
3308,0
3309,1
3310,3
3311,2
3312,2
3313,3
3314,2
3315,1
3316,3
3317,3
3318,3
3319,3
3320,2
3321,2
3322,2
3323,2
3324,2
3325,3
3326,2
3327,2
3328,3
3329,2
3330,2
3331,3
3332,3
3333,3
3334,2
3335,2
3336,3
3337,3
3338,2
3339,2
3340,2
3341,2
3342,3
3343,3
3344,2
3345,2
3346,2
3347,2
3348,3
3349,3
3350,2
3351,2
3352,2
3353,2
3354,3
3355,2
3356,3
3357,3
3358,3
3359,2
3360,3
3361,3
3362,3
3363,3
3364,3
3365,3
3366,3
3367,3
3368,2
3369,3
3370,3
3371,3
3372,3
3373,2
3374,3
3375,3
3376,3
3377,3
3378,2
3379,2
3380,2
3381,3
3382,3
3383,3
3384,3
3385,3
3386,2
3387,2
3388,3
3389,2
3390,3
3391,3
3392,3
3393,3
3394,3
3395,3
3396,3
3397,3
3398,3
3399,3
3400,3
3401,2
3402,2
3403,2
3404,3
3405,2
3406,3
3407,2
3408,2
3409,2
3410,2
3411,2
3412,2
3413,3
3414,3
3415,3
3416,3
3417,3
3418,3
3419,3
3420,3
3421,3
3422,2
3423,3
3424,3
3425,3
3426,2
3427,2
3428,3
3429,2
3430,3
3431,3
3432,3
3433,2
3434,2
3435,2
3436,2
3437,2
3438,2
3439,2
3440,2
3441,3
3442,3
3443,3
3444,3
3445,3
3446,3
3447,3
3448,3
3449,2
3450,2
3451,3
3452,3
3453,3
3454,0
3455,3
3456,3
3457,3
3458,2
3459,3
3460,3
3461,3
3462,3
3463,3
3464,2
3465,3
3466,3
3467,0
3468,2
3469,2
3470,3
3471,3
3472,3
3473,3
3474,3
3475,0
3476,0
3477,3
3478,3
3479,3
3480,3
3481,3
3482,0
3483,3
3484,3
3485,3
3486,3
3487,3
3488,3
3489,3
3490,3
3491,3
3492,2
3493,2
3494,2
3495,3
3496,3
3497,3
3498,3
3499,3
3500,3
3501,3
3502,2
3503,2
3504,3
3505,3
3506,3
3507,3
3508,3
3509,3
3510,3
3511,2
3512,3
3513,2
3514,3
3515,2
3516,3
3517,3
3518,3
3519,3
3520,3
3521,3
3522,3
3523,2
3524,2
3525,3
3526,2
3527,3
3528,3
3529,3
3530,3
3531,3
3532,3
3533,3
3534,3
3535,3
3536,3
3537,3
3538,3
3539,3
3540,3
3541,3
3542,3
3543,3
3544,2
3545,3
3546,3
3547,3
3548,2
3549,3
3550,3
3551,3
3552,0
3553,3
3554,2
3555,3
3556,3
3557,3
3558,2
3559,3
3560,3
3561,2
3562,2
3563,3
3564,3
3565,3
3566,3
3567,3
3568,3
3569,3
3570,2
3571,3
3572,2
3573,3
3574,3
3575,2
3576,3
3577,3
3578,3
3579,2
3580,3
3581,0
3582,0
3583,0
3584,0
3585,0
3586,0
3587,2
3588,2
3589,2
3590,3
3591,2
3592,2
3593,2
3594,2
3595,3
3596,3
3597,3
3598,3
3599,3
3600,3
3601,3
3602,3
3603,3
3604,3
3605,3
3606,3
3607,2
3608,3
3609,3
3610,3
3611,3
3612,2
3613,3
3614,2
3615,3
3616,3
3617,3
3618,3
3619,3
3620,3
3621,3
3622,3
3623,3
3624,3
3625,3
3626,3
3627,3
3628,2
3629,3
3630,3
3631,3
3632,2
3633,3
3634,3
3635,3
3636,3
3637,3
3638,3
3639,0
3640,3
3641,3
3642,3
3643,2
3644,2
3645,3
3646,3
3647,2
3648,3
3649,3
3650,2
3651,3
3652,2
3653,3
3654,3
3655,2
3656,3
3657,3
3658,2
3659,3
3660,0
3661,2
3662,3
3663,3
3664,1
3665,5
3666,3
3667,3
3668,3
3669,3
3670,3
3671,3
3672,3
3673,4
3674,3
3675,3
3676,3
3677,4
3678,1
3679,3
3680,3
3681,3
3682,0
3683,3
3684,3
3685,3
3686,3
3687,3
3688,3
3689,3
3690,3
3691,3
3692,3
3693,4
3694,3
3695,3
3696,3
3697,3
3698,3
3699,3
3700,3
3701,1
3702,3
3703,0
3704,3
3705,4
3706,3
3707,3
3708,0
3709,3
3710,3
3711,3
3712,3
3713,3
3714,3
3715,0
3716,3
3717,3
3718,3
3719,3
3720,4
3721,3
3722,0
3723,3
3724,3
3725,3
3726,3
3727,3
3728,3
3729,0
3730,3
3731,3
3732,3
3733,3
3734,3
3735,3
3736,3
3737,2
3738,3
3739,3
3740,3
3741,3
3742,3
3743,3
3744,3
3745,3
3746,3
3747,3
3748,4
3749,4
3750,3
3751,3
3752,4
3753,3
3754,3
3755,3
3756,0
3757,3
3758,3
3759,3
3760,3
3761,3
3762,0
3763,0
3764,3
3765,0
3766,3
3767,3
3768,0
3769,0
3770,3
3771,3
3772,3
3773,3
3774,3
3775,0
3776,1
3777,3
3778,3
3779,3
3780,3
3781,3
3782,3
3783,3
3784,3
3785,3
3786,3
3787,3
3788,3
3789,3
3790,3
3791,3
3792,3
3793,3
3794,2
3795,1
3796,3
3797,3
3798,0
3799,0
3800,3
3801,3
3802,3
3803,3
3804,3
3805,3
3806,3
3807,3
3808,3
3809,0
3810,3
3811,3
3812,3
3813,4
3814,3
3815,3
3816,0
3817,3
3818,4
3819,3
3820,3
3821,3
3822,3
3823,3
3824,3
3825,3
3826,3
3827,3
3828,3
3829,3
3830,3
3831,3
3832,3
3833,3
3834,3
3835,3
3836,3
3837,3
3838,3
3839,3
3840,3
3841,3
3842,3
3843,4
3844,4
3845,3
3846,3
3847,3
3848,3
3849,3
3850,3
3851,3
3852,3
3853,3
3854,3
3855,3
3856,3
3857,3
3858,3
3859,3
3860,3
3861,3
3862,3
3863,3
3864,3
3865,3
3866,3
3867,3
3868,3
3869,3
3870,3
3871,3
3872,3
3873,3
3874,3
3875,3
3876,4
3877,3
3878,3
3879,3
3880,3
3881,3
3882,3
3883,3
3884,3
3885,3
3886,3
3887,3
3888,3
3889,3
3890,3
3891,3
3892,3
3893,3
3894,3
3895,3
3896,0
3897,3
3898,3
3899,3
3900,3
3901,3
3902,3
3903,3
3904,3
3905,3
3906,4
3907,3
3908,3
3909,3
3910,3
3911,3
3912,3
3913,3
3914,3
3915,3
3916,3
3917,3
3918,3
3919,3
3920,3
3921,3
3922,3
3923,3
3924,4
3925,3
3926,4
3927,3
3928,3
3929,0
3930,3
3931,0
3932,3
3933,3
3934,4
3935,0
3936,3
3937,0
3938,3
3939,3
3940,3
3941,3
3942,3
3943,3
3944,3
3945,3
3946,0
3947,3
3948,3
3949,3
3950,3
3951,3
3952,3
3953,0
3954,3
3955,3
3956,0
3957,0
3958,3
3959,3
3960,3
3961,3
3962,3
3963,3
3964,4
3965,3
3966,3
3967,3
3968,3
3969,3
3970,3
3971,3
3972,3
3973,3
3974,3
3975,3
3976,3
3977,3
3978,3
3979,3
3980,3
3981,3
3982,3
3983,3
3984,3
3985,3
3986,3
3987,3
3988,3
3989,3
3990,3
3991,3
3992,3
3993,3
3994,4
3995,3
3996,4
3997,3
3998,3
3999,3
4000,3
4001,3
4002,3
4003,3
4004,0
4005,3
4006,4
4007,0
4008,0
4009,3
4010,3
4011,0
4012,3
4013,3
4014,3
4015,3
4016,3
4017,3
4018,3
4019,4
4020,3
4021,0
4022,3
4023,0
4024,3
4025,3
4026,3
4027,0
4028,3
4029,3
4030,3
4031,3
4032,3
4033,4
4034,4
4035,3
4036,0
4037,0
4038,3
4039,3
4040,0
4041,0
4042,3
4043,3
4044,3
4045,3
4046,3
4047,3
4048,3
4049,3
4050,3
4051,3
4052,0
4053,3
4054,3
4055,3
4056,3
4057,3
4058,0
4059,3
4060,3
4061,3
4062,3
4063,0
4064,3
4065,3
4066,3
4067,3
4068,3
4069,3
4070,4
4071,3
4072,3
4073,3
4074,3
4075,3
4076,3
4077,3
4078,3
4079,3
4080,4
4081,3
4082,3
4083,3
4084,3
4085,3
4086,3
4087,4
4088,3
4089,3
4090,3
4091,3
4092,3
4093,3
4094,3
4095,3
4096,3
4097,3
4098,4
4099,3
4100,4
4101,3
4102,3
4103,3
4104,3
4105,4
4106,0
4107,3
4108,3
4109,3
4110,3
4111,3
4112,4
4113,3
4114,3
4115,3
4116,3
4117,3
4118,4
4119,3
4120,3
4121,3
4122,4
4123,3
4124,3
4125,3
4126,3
4127,3
4128,0
4129,3
4130,3
4131,3
4132,3
4133,3
4134,3
4135,4
4136,3
4137,3
4138,3
4139,0
4140,3
4141,3
4142,0
4143,3
4144,3
4145,3
4146,0
4147,3
4148,0
4149,3
4150,3
4151,3
4152,0
4153,3
4154,3
4155,3
4156,3
4157,3
4158,3
4159,3
4160,3
4161,3
4162,2
4163,3
4164,2
4165,3
4166,2
4167,3
4168,3
4169,2
4170,4
4171,3
4172,3
4173,3
4174,0
4175,3
4176,3
4177,3
4178,3
4179,3
4180,3
4181,3
4182,4
4183,3
4184,3
4185,0
4186,4
4187,0
4188,3
4189,3
4190,3
4191,3
4192,3
4193,3
4194,3
4195,3
4196,3
4197,3
4198,3
4199,4
4200,3
4201,3
4202,0
4203,3
4204,3
4205,3
4206,3
4207,0
4208,3
4209,3
4210,3
4211,3
4212,3
4213,3
4214,3
4215,3
4216,3
4217,3
4218,3
4219,3
4220,3
4221,3
4222,3
4223,3
4224,3
4225,3
4226,3
4227,3
4228,3
4229,3
4230,3
4231,3
4232,3
4233,3
4234,3
4235,3
4236,3
4237,3
4238,3
4239,3
4240,3
4241,3
4242,3
4243,3
4244,3
4245,3
4246,3
4247,3
4248,3
4249,3
4250,3
4251,3
4252,3
4253,3
4254,3
4255,3
4256,0
4257,3
4258,3
4259,3
4260,3
4261,3
4262,3
4263,3
4264,3
4265,3
4266,3
4267,3
4268,3
4269,3
4270,3
4271,3
4272,3
4273,3
4274,3
4275,3
4276,4
4277,3
4278,3
4279,3
4280,3
4281,3
4282,3
4283,3
4284,3
4285,3
4286,3
4287,3
4288,3
4289,3
4290,3
4291,3
4292,3
4293,3
4294,3
4295,3
4296,3
4297,3
4298,3
4299,3
4300,3
4301,4
4302,3
4303,4
4304,0
4305,3
4306,3
4307,3
4308,3
4309,3
4310,3
4311,3
4312,3
4313,3
4314,3
4315,3
4316,3
4317,3
4318,3
4319,3
4320,3
4321,3
4322,3
4323,3
4324,3
4325,3
4326,3
4327,3
4328,3
4329,0
4330,3
4331,3
4332,3
4333,3
4334,3
4335,3
4336,3
4337,3
4338,3
4339,3
4340,3
4341,3
4342,3
4343,3
4344,3
4345,3
4346,3
4347,3
4348,3
4349,3
4350,3
4351,3
4352,3
4353,3
4354,3
4355,4
4356,3
4357,4
4358,3
4359,3
4360,3
4361,3
4362,3
4363,3
4364,3
4365,3
4366,3
4367,3
4368,3
4369,0
4370,3
4371,3
4372,3
4373,3
4374,0
4375,3
4376,3
4377,3
4378,3
4379,3
4380,3
4381,3
4382,3
4383,3
4384,3
4385,3
4386,3
4387,4
4388,3
4389,3
4390,3
4391,3
4392,3
4393,3
4394,3
4395,3
4396,3
4397,3
4398,3
4399,3
4400,3
4401,3
4402,3
4403,3
4404,4
4405,3
4406,4
4407,4
4408,3
4409,3
4410,0
4411,0
4412,3
4413,3
4414,4
4415,4
4416,3
4417,3
4418,3
4419,3
4420,3
4421,3
4422,0
4423,3
4424,3
4425,0
4426,3
4427,3
4428,3
4429,3
4430,3
4431,3
4432,3
4433,3
4434,3
4435,3
4436,3
4437,3
4438,3
4439,3
4440,3
4441,3
4442,3
4443,3
4444,3
4445,3
4446,3
4447,3
4448,3
4449,3
4450,3
4451,3
4452,3
4453,3
4454,3
4455,3
4456,3
4457,3
4458,3
4459,3
4460,3
4461,3
4462,3
4463,3
4464,3
4465,3
4466,3
4467,3
4468,3
4469,3
4470,3
4471,3
4472,4
4473,3
4474,3
4475,3
4476,3
4477,3
4478,3
4479,3
4480,3
4481,3
4482,3
4483,3
4484,4
4485,3
4486,3
4487,3
4488,3
4489,3
4490,3
4491,3
4492,3
4493,3
4494,4
4495,3
4496,3
4497,4
4498,3
4499,3
4500,3
4501,3
4502,3
4503,3
4504,3
4505,3
4506,3
4507,3
4508,4
4509,3
4510,3
4511,3
4512,3
4513,3
4514,4
4515,3
4516,3
4517,3
4518,3
4519,3
4520,3
4521,3
4522,3
4523,4
4524,3
4525,3
4526,3
4527,3
4528,3
4529,3
4530,3
4531,3
4532,3
4533,3
4534,3
4535,3
4536,3
4537,4
4538,3
4539,3
4540,3
4541,3
4542,3
4543,3
4544,3
4545,3
4546,3
4547,3
4548,3
4549,3
4550,3
4551,3
4552,3
4553,2
4554,3
4555,3
4556,4
4557,3
4558,3
4559,3
4560,3
4561,3
4562,3
4563,3
4564,3
4565,3
4566,4
4567,3
4568,3
4569,0
4570,4
4571,3
4572,3
4573,3
4574,3
4575,3
4576,3
4577,3
4578,3
4579,3
4580,3
4581,3
4582,4
4583,3
4584,3
4585,3
4586,3
4587,3
4588,3
4589,3
4590,3
4591,3
4592,3
4593,3
4594,3
4595,3
4596,3
4597,3
4598,3
4599,3
4600,3
4601,3
4602,3
4603,3
4604,3
4605,3
4606,3
4607,3
4608,3
4609,3
4610,3
4611,3
4612,3
4613,3
4614,3
4615,3
4616,3
4617,3
4618,3
4619,3
4620,3
4621,3
4622,3
4623,4
4624,3
4625,3
4626,3
4627,3
4628,3
4629,3
4630,3
4631,3
4632,3
4633,3
4634,3
4635,3
4636,3
4637,3
4638,3
4639,3
4640,3
4641,3
4642,3
4643,3
4644,3
4645,3
4646,3
4647,3
4648,3
4649,3
4650,3
4651,3
4652,3
4653,3
4654,3
4655,3
4656,3
4657,4
4658,3
4659,3
4660,3
4661,3
4662,3
4663,3
4664,3
4665,3
4666,3
4667,3
4668,3
4669,3
4670,4
4671,3
4672,3
4673,3
4674,3
4675,3
4676,3
4677,3
4678,3
4679,3
4680,3
4681,3
4682,2
4683,3
4684,3
4685,0
4686,3
4687,3
4688,3
4689,3
4690,3
4691,3
4692,3
4693,3
4694,3
4695,3
4696,3
4697,3
4698,3
4699,3
4700,4
4701,3
4702,3
4703,3
4704,3
4705,4
4706,3
4707,4
4708,3
4709,3
4710,3
4711,3
4712,3
4713,3
4714,3
4715,4
4716,3
4717,3
4718,3
4719,4
4720,3
4721,3
4722,3
4723,3
4724,3
4725,3
4726,3
4727,3
4728,3
4729,3
4730,4
4731,3
4732,3
4733,3
4734,3
4735,3
4736,3
4737,3
4738,3
4739,4
4740,3
4741,3
4742,4
4743,3
4744,3
4745,3
4746,3
4747,3
4748,3
4749,3
4750,4
4751,3
4752,3
4753,3
4754,3
4755,4
4756,3
4757,3
4758,3
4759,3
4760,0
4761,3
4762,3
4763,3
4764,3
4765,3
4766,3
4767,3
4768,3
4769,3
4770,3
4771,3
4772,3
4773,4
4774,3
4775,4
4776,3
4777,3
4778,3
4779,3
4780,3
4781,3
4782,3
4783,3
4784,3
4785,3
4786,3
4787,3
4788,3
4789,3
4790,3
4791,3
4792,3
4793,3
4794,3
4795,4
4796,3
4797,3
4798,3
4799,3
4800,3
4801,3
4802,3
4803,3
4804,3
4805,3
4806,3
4807,3
4808,3
4809,3
4810,3
4811,1
4812,3
4813,3
4814,0
4815,3
4816,3
4817,3
4818,0
4819,3
4820,3
4821,3
4822,3
4823,3
4824,4
4825,4
4826,4
4827,4
4828,3
4829,0
4830,4
4831,3
4832,3
4833,4
4834,3
4835,0
4836,4
4837,3
4838,3
4839,3
4840,3
4841,3
4842,3
4843,3
4844,3
4845,3
4846,3
4847,3
4848,3
4849,3
4850,0
4851,3
4852,3
4853,3
4854,3
4855,3
4856,3
4857,3
4858,3
4859,3
4860,3
4861,3
4862,3
4863,0
4864,4
4865,3
4866,3
4867,3
4868,3
4869,4
4870,3
4871,3
4872,3
4873,3
4874,3
4875,3
4876,3
4877,3
4878,3
4879,3
4880,3
4881,3
4882,3
4883,3
4884,3
4885,3
4886,3
4887,3
4888,3
4889,3
4890,3
4891,3
4892,3
4893,3
4894,3
4895,3
4896,3
4897,3
4898,3
4899,3
4900,4
4901,3
4902,3
4903,3
4904,3
4905,3
4906,3
4907,3
4908,3
4909,3
4910,3
4911,3
4912,3
4913,3
4914,3
4915,4
4916,3
4917,3
4918,3
4919,3
4920,3
4921,3
4922,3
4923,3
4924,3
4925,3
4926,3
4927,3
4928,3
4929,4
4930,3
4931,3
4932,3
4933,3
4934,3
4935,3
4936,3
4937,3
4938,3
4939,3
4940,3
4941,4
4942,3
4943,3
4944,3
4945,0
4946,3
4947,3
4948,3
4949,3
4950,3
4951,3
4952,3
4953,3
4954,4
4955,3
4956,3
4957,3
4958,3
4959,3
4960,4
4961,3
4962,3
4963,3
4964,3
4965,3
4966,3
4967,3
4968,3
4969,3
4970,3
4971,3
4972,3
4973,3
4974,3
4975,3
4976,3
4977,3
4978,3
4979,3
4980,3
4981,3
4982,3
4983,3
4984,3
4985,3
4986,3
4987,3
4988,3
4989,3
4990,3
4991,3
4992,3
4993,3
4994,3
4995,3
4996,3
4997,3
4998,3
4999,3
5000,3
5001,3
5002,3
5003,3
5004,3
5005,3
5006,3
5007,3
5008,3
5009,3
5010,3
5011,3
5012,3
5013,3
5014,3
5015,3
5016,3
5017,3
5018,3
5019,3
5020,3
5021,3
5022,3
5023,3
5024,3
5025,3
5026,3
5027,3
5028,3
5029,3
5030,3
5031,3
5032,3
5033,3
5034,3
5035,3
5036,3
5037,3
5038,3
5039,3
5040,3
5041,3
5042,3
5043,3
5044,4
5045,3
5046,3
5047,3
5048,3
5049,3
5050,3
5051,3
5052,3
5053,3
5054,3
5055,4
5056,3
5057,3
5058,3
5059,3
5060,3
5061,3
5062,3
5063,3
5064,4
5065,3
5066,3
5067,3
5068,3
5069,3
5070,3
5071,3
5072,3
5073,3
5074,3
5075,3
5076,3
5077,3
5078,3
5079,4
5080,3
5081,3
5082,3
5083,3
5084,4
5085,3
5086,3
5087,3
5088,3
5089,3
5090,3
5091,3
5092,3
5093,3
5094,3
5095,3
5096,3
5097,3
5098,3
5099,3
5100,3
5101,3
5102,4
5103,3
5104,3
5105,3
5106,3
5107,3
5108,3
5109,3
5110,3
5111,3
5112,3
5113,3
5114,3
5115,3
5116,3
5117,3
5118,3
5119,3
5120,3
5121,3
5122,3
5123,3
5124,3
5125,3
5126,3
5127,3
5128,3
5129,3
5130,3
5131,3
5132,3
5133,3
5134,3
5135,3
5136,3
5137,3
5138,3
5139,3
5140,3
5141,3
5142,0
5143,3
5144,3
5145,3
5146,3
5147,3
5148,3
5149,3
5150,3
5151,3
5152,3
5153,3
5154,3
5155,3
5156,3
5157,3
5158,4
5159,3
5160,3
5161,3
5162,3
5163,3
5164,3
5165,3
5166,3
5167,3
5168,3
5169,3
5170,4
5171,3
5172,3
5173,3
5174,4
5175,3
5176,3
5177,3
5178,3
5179,3
5180,3
5181,3
5182,3
5183,3
5184,3
5185,3
5186,3
5187,4
5188,3
5189,3
5190,4
5191,3
5192,3
5193,3
5194,3
5195,3
5196,3
5197,3
5198,3
5199,3
5200,3
5201,3
5202,3
5203,3
5204,3
5205,3
5206,3
5207,3
5208,3
5209,3
5210,3
5211,3
5212,3
5213,3
5214,3
5215,3
5216,3
5217,3
5218,3
5219,3
5220,3
5221,3
5222,3
5223,3
5224,3
5225,3
5226,3
5227,3
5228,3
5229,3
5230,3
5231,3
5232,3
5233,3
5234,3
5235,3
5236,3
5237,4
5238,3
5239,3
5240,3
5241,3
5242,3
5243,3
5244,3
5245,3
5246,3
5247,3
5248,4
5249,3
5250,3
5251,3
5252,3
5253,3
5254,0
5255,3
5256,3
5257,3
5258,3
5259,3
5260,3
5261,3
5262,3
5263,3
5264,3
5265,3
5266,3
5267,3
5268,3
5269,3
5270,3
5271,3
5272,3
5273,3
5274,4
5275,3
5276,3
5277,3
5278,3
5279,3
5280,4
5281,3
5282,3
5283,3
5284,4
5285,0
5286,3
5287,3
5288,3
5289,4
5290,3
5291,3
5292,3
5293,3
5294,3
5295,3
5296,3
5297,3
5298,3
5299,3
5300,4
5301,3
5302,3
5303,3
5304,0
5305,3
5306,3
5307,3
5308,3
5309,3
5310,3
5311,4
5312,3
5313,3
5314,3
5315,3
5316,3
5317,3
5318,3
5319,3
5320,3
5321,3
5322,3
5323,4
5324,4
5325,3
5326,3
5327,3
5328,3
5329,3
5330,3
5331,3
5332,3
5333,3
5334,4
5335,3
5336,3
5337,3
5338,3
5339,3
5340,3
5341,3
5342,3
5343,3
5344,4
5345,3
5346,3
5347,3
5348,0
5349,3
5350,0
5351,3
5352,3
5353,3
5354,3
5355,3
5356,3
5357,3
5358,3
5359,3
5360,3
5361,3
5362,3
5363,3
5364,4
5365,3
5366,3
5367,3
5368,3
5369,3
5370,3
5371,3
5372,3
5373,3
5374,3
5375,3
5376,3
5377,3
5378,3
5379,3
5380,3
5381,3
5382,3
5383,3
5384,3
5385,3
5386,3
5387,3
5388,3
5389,3
5390,3
5391,3
5392,3
5393,3
5394,3
5395,3
5396,3
5397,3
5398,3
5399,3
5400,3
5401,3
5402,0
5403,3
5404,4
5405,3
5406,3
5407,3
5408,3
5409,3
5410,3
5411,3
5412,3
5413,3
5414,3
5415,3
5416,3
5417,3
5418,3
5419,3
5420,3
5421,3
5422,3
5423,3
5424,3
5425,3
5426,3
5427,3
5428,3
5429,0
5430,3
5431,3
5432,3
5433,3
5434,3
5435,0
5436,3
5437,3
5438,3
5439,3
5440,3
5441,3
5442,3
5443,3
5444,3
5445,3
5446,4
5447,3
5448,3
5449,3
5450,3
5451,3
5452,3
5453,4
5454,3
5455,3
5456,3
5457,3
5458,3
5459,3
5460,3
5461,3
5462,3
5463,3
5464,3
5465,0
5466,3
5467,3
5468,3
5469,3
5470,0
5471,3
5472,3
5473,4
5474,3
5475,0
5476,3
5477,3
5478,3
5479,3
5480,3
5481,3
5482,3
5483,3
5484,3
5485,4
5486,4
5487,3
5488,3
5489,3
5490,3
5491,3
5492,3
5493,3
5494,3
5495,3
5496,3
5497,3
5498,4
5499,3
5500,3
5501,3
5502,3
5503,4
5504,3
5505,3
5506,3
5507,3
5508,3
5509,3
5510,3
5511,3
5512,3
5513,3
5514,3
5515,3
5516,3
5517,3
5518,3
5519,3
5520,3
5521,3
5522,3
5523,3
5524,3
5525,3
5526,3
5527,4
5528,0
5529,3
5530,4
5531,3
5532,3
5533,3
5534,3
5535,0
5536,3
5537,3
5538,3
5539,3
5540,3
5541,3
5542,3
5543,3
5544,3
5545,3
5546,3
5547,3
5548,3
5549,3
5550,3
5551,3
5552,3
5553,3
5554,3
5555,3
5556,3
5557,4
5558,3
5559,3
5560,3
5561,3
5562,3
5563,3
5564,3
5565,4
5566,3
5567,3
5568,3
5569,3
5570,3
5571,4
5572,3
5573,3
5574,3
5575,3
5576,4
5577,3
5578,4
5579,3
5580,3
5581,3
5582,3
5583,3
5584,3
5585,3
5586,3
5587,3
5588,3
5589,3
5590,3
5591,3
5592,4
5593,3
5594,3
5595,3
5596,3
5597,3
5598,3
5599,3
5600,3
5601,3
5602,3
5603,3
5604,3
5605,3
5606,3
5607,4
5608,4
5609,3
5610,3
5611,2
5612,3
5613,3
5614,2
5615,3
5616,3
5617,3
5618,3
5619,3
5620,3
5621,3
5622,3
5623,3
5624,3
5625,2
5626,4
5627,3
5628,0
5629,2
5630,3
5631,3
5632,2
5633,3
5634,2
5635,3
5636,0
5637,3
5638,3
5639,2
5640,3
5641,2
5642,3
5643,2
5644,3
5645,3
5646,3
5647,3
5648,3
5649,3
5650,3
5651,3
5652,3
5653,0
5654,3
5655,0
5656,0
5657,0
5658,4
5659,3
5660,3
5661,3
5662,4
5663,3
5664,3
5665,3
5666,3
5667,3
5668,0
5669,3
5670,3
5671,3
5672,3
5673,3
5674,3
5675,3
5676,2
5677,3
5678,0
5679,3
5680,2
5681,0
5682,3
5683,3
5684,3
5685,3
5686,3
5687,3
5688,3
5689,3
5690,3
5691,4
5692,3
5693,3
5694,3
5695,3
5696,3
5697,3
5698,3
5699,3
5700,3
5701,4
5702,3
5703,3
5704,3
5705,4
5706,3
5707,3
5708,3
5709,3
5710,3
5711,4
5712,3
5713,3
5714,4
5715,3
5716,3
5717,3
5718,3
5719,3
5720,3
5721,3
5722,3
5723,3
5724,3
5725,3
5726,3
5727,3
5728,3
5729,3
5730,3
5731,3
5732,3
5733,3
5734,3
5735,3
5736,4
5737,3
5738,3
5739,3
5740,3
5741,3
5742,4
5743,3
5744,3
5745,3
5746,3
5747,3
5748,3
5749,4
5750,3
5751,3
5752,3
5753,3
5754,3
5755,3
5756,3
5757,3
5758,3
5759,3
5760,3
5761,3
5762,3
5763,0
5764,4
5765,0
5766,3
5767,3
5768,3
5769,3
5770,3
5771,3
5772,3
5773,3
5774,3
5775,3
5776,3
5777,3
5778,3
5779,3
5780,3
5781,3
5782,3
5783,3
5784,3
5785,3
5786,3
5787,3
5788,3
5789,3
5790,3
5791,3
5792,0
5793,3
5794,0
5795,3
5796,3
5797,3
5798,3
5799,3
5800,3
5801,3
5802,3
5803,3
5804,3
5805,3
5806,3
5807,3
5808,0
5809,3
5810,3
5811,3
5812,3
5813,3
5814,4
5815,4
5816,3
5817,4
5818,3
5819,3
5820,3
5821,3
5822,3
5823,3
5824,3
5825,3
5826,3
5827,3
5828,3
5829,3
5830,3
5831,3
5832,3
5833,3
5834,3
5835,3
5836,3
5837,3
5838,3
5839,0
5840,0
5841,0
5842,3
5843,0
5844,3
5845,3
5846,3
5847,3
5848,3
5849,3
5850,3
5851,3
5852,3
5853,3
5854,3
5855,3
5856,3
5857,3
5858,3
5859,3
5860,0
5861,3
5862,3
5863,3
5864,3
5865,0
5866,3
5867,3
5868,3
5869,3
5870,3
5871,0
5872,0
5873,3
5874,0
5875,3
5876,3
5877,3
5878,3
5879,3
5880,3
5881,3
5882,3
5883,0
5884,3
5885,3
5886,3
5887,3
5888,3
5889,3
5890,3
5891,3
5892,3
5893,3
5894,3
5895,3
5896,3
5897,3
5898,3
5899,3
5900,3
5901,3
5902,3
5903,3
5904,3
5905,3
5906,3
5907,3
5908,4
5909,3
5910,3
5911,3
5912,3
5913,4
5914,3
5915,3
5916,3
5917,3
5918,3
5919,3
5920,0
5921,3
5922,3
5923,4
5924,3
5925,3
5926,3
5927,3
5928,3
5929,3
5930,3
5931,3
5932,0
5933,4
5934,3
5935,3
5936,3
5937,3
5938,3
5939,3
5940,0
5941,3
5942,3
5943,4
5944,4
5945,3
5946,3
5947,3
5948,3
5949,3
5950,3
5951,3
5952,3
5953,3
5954,4
5955,3
5956,3
5957,3
5958,3
5959,3
5960,3
5961,3
5962,4
5963,3
5964,4
5965,3
5966,3
5967,3
5968,4
5969,3
5970,3
5971,3
5972,3
5973,3
5974,3
5975,3
5976,3
5977,3
5978,3
5979,3
5980,3
5981,3
5982,3
5983,3
5984,3
5985,3
5986,3
5987,3
5988,3
5989,3
5990,3
5991,3
5992,3
5993,3
5994,0
5995,3
5996,3
5997,3
5998,3
5999,3
6000,3
6001,3
6002,3
6003,3
6004,3
6005,3
6006,3
6007,3
6008,3
6009,3
6010,3
6011,3
6012,3
6013,3
6014,3
6015,3
6016,2
6017,3
6018,3
6019,3
6020,3
6021,3
6022,3
6023,3
6024,3
6025,3
6026,3
6027,3
6028,3
6029,3
6030,3
6031,3
6032,3
6033,3
6034,3
6035,3
6036,3
6037,3
6038,3
6039,3
6040,3
6041,3
6042,3
6043,3
6044,3
6045,3
6046,3
6047,4
6048,3
6049,3
6050,3
6051,3
6052,3
6053,3
6054,3
6055,3
6056,3
6057,4
6058,3
6059,3
6060,3
6061,3
6062,3
6063,3
6064,3
6065,3
6066,3
6067,3
6068,3
6069,4
6070,3
6071,3
6072,3
6073,3
6074,3
6075,3
6076,3
6077,3
6078,4
6079,3
6080,3
6081,3
6082,3
6083,3
6084,3
6085,3
6086,3
6087,3
6088,3
6089,3
6090,3
6091,3
6092,3
6093,3
6094,3
6095,3
6096,3
6097,3
6098,3
6099,4
6100,3
6101,3
6102,3
6103,3
6104,3
6105,3
6106,3
6107,3
6108,3
6109,3
6110,3
6111,3
6112,3
6113,3
6114,3
6115,3
6116,3
6117,3
6118,3
6119,3
6120,3
6121,3
6122,3
6123,3
6124,3
6125,3
6126,3
6127,3
6128,3
6129,3
6130,3
6131,3
6132,3
6133,3
6134,3
6135,3
6136,4
6137,3
6138,3
6139,3
6140,3
6141,3
6142,3
6143,3
6144,3
6145,3
6146,3
6147,3
6148,3
6149,3
6150,3
6151,4
6152,3
6153,3
6154,3
6155,3
6156,3
6157,3
6158,3
6159,4
6160,3
6161,3
6162,3
6163,4
6164,3
6165,3
6166,3
6167,3
6168,3
6169,3
6170,3
6171,4
6172,3
6173,4
6174,3
6175,3
6176,3
6177,3
6178,3
6179,3
6180,3
6181,3
6182,3
6183,3
6184,3
6185,3
6186,3
6187,3
6188,3
6189,3
6190,3
6191,3
6192,3
6193,3
6194,3
6195,3
6196,3
6197,3
6198,3
6199,3
6200,3
6201,3
6202,3
6203,4
6204,3
6205,3
6206,3
6207,3
6208,3
6209,4
6210,3
6211,3
6212,3
6213,3
6214,3
6215,3
6216,3
6217,3
6218,3
6219,3
6220,4
6221,3
6222,3
6223,4
6224,3
6225,3
6226,3
6227,3
6228,3
6229,3
6230,3
6231,3
6232,4
6233,4
6234,3
6235,4
6236,3
6237,3
6238,3
6239,0
6240,3
6241,3
6242,3
6243,3
6244,3
6245,4
6246,3
6247,3
6248,3
6249,3
6250,3
6251,3
6252,3
6253,4
6254,3
6255,3
6256,3
6257,3
6258,3
6259,3
6260,3
6261,3
6262,0
6263,3
6264,3
6265,3
6266,3
6267,3
6268,3
6269,4
6270,4
6271,3
6272,3
6273,3
6274,3
6275,3
6276,3
6277,3
6278,3
6279,3
6280,3
6281,3
6282,3
6283,3
6284,3
6285,3
6286,3
6287,3
6288,3
6289,3
6290,3
6291,3
6292,0
6293,0
6294,3
6295,3
6296,3
6297,3
6298,3
6299,3
6300,3
6301,3
6302,3
6303,3
6304,3
6305,3
6306,3
6307,3
6308,4
6309,3
6310,0
6311,3
6312,3
6313,3
6314,3
6315,3
6316,3
6317,3
6318,3
6319,3
6320,3
6321,3
6322,3
6323,3
6324,3
6325,3
6326,3
6327,4
6328,3
6329,3
6330,4
6331,3
6332,3
6333,3
6334,4
6335,3
6336,3
6337,3
6338,3
6339,3
6340,3
6341,3
6342,3
6343,0
6344,3
6345,3
6346,3
6347,3
6348,3
6349,3
6350,3
6351,3
6352,3
6353,0
6354,3
6355,0
6356,4
6357,3
6358,3
6359,3
6360,3
6361,3
6362,3
6363,3
6364,2
6365,3
6366,3
6367,3
6368,3
6369,3
6370,3
6371,3
6372,3
6373,3
6374,0
6375,3
6376,3
6377,3
6378,3
6379,3
6380,3
6381,3
6382,3
6383,3
6384,3
6385,3
6386,3
6387,4
6388,4
6389,3
6390,3
6391,3
6392,0
6393,3
6394,3
6395,3
6396,3
6397,3
6398,3
6399,3
6400,3
6401,3
6402,3
6403,3
6404,3
6405,3
6406,2
6407,3
6408,3
6409,3
6410,3
6411,3
6412,3
6413,3
6414,3
6415,3
6416,3
6417,3
6418,3
6419,3
6420,3
6421,3
6422,3
6423,3
6424,3
6425,3
6426,3
6427,3
6428,3
6429,3
6430,3
6431,3
6432,3
6433,3
6434,3
6435,3
6436,3
6437,3
6438,3
6439,3
6440,3
6441,3
6442,3
6443,3
6444,3
6445,4
6446,4
6447,3
6448,3
6449,3
6450,3
6451,3
6452,3
6453,3
6454,3
6455,3
6456,3
6457,3
6458,4
6459,3
6460,3
6461,3
6462,3
6463,3
6464,3
6465,3
6466,3
6467,3
6468,3
6469,3
6470,3
6471,3
6472,3
6473,3
6474,4
6475,3
6476,3
6477,3
6478,3
6479,3
6480,3
6481,3
6482,3
6483,3
6484,3
6485,3
6486,3
6487,3
6488,3
6489,3
6490,3
6491,3
6492,3
6493,3
6494,4
6495,4
6496,4
6497,3
6498,3
6499,4
6500,3
6501,3
6502,3
6503,0
6504,3
6505,3
6506,0
6507,3
6508,3
6509,3
6510,0
6511,3
6512,3
6513,0
6514,0
6515,0
6516,3
6517,3
6518,3
6519,3
6520,3
6521,4
6522,3
6523,3
6524,3
6525,3
6526,3
6527,3
6528,3
6529,3
6530,3
6531,3
6532,3
6533,3
6534,3
6535,3
6536,3
6537,3
6538,4
6539,3
6540,3
6541,3
6542,3
6543,3
6544,3
6545,4
6546,3
6547,3
6548,3
6549,3
6550,3
6551,3
6552,4
6553,3
6554,3
6555,3
6556,3
6557,3
6558,3
6559,3
6560,3
6561,3
6562,3
6563,3
6564,3
6565,4
6566,3
6567,3
6568,3
6569,3
6570,3
6571,3
6572,3
6573,3
6574,3
6575,3
6576,3
6577,3
6578,3
6579,3
6580,3
6581,3
6582,3
6583,3
6584,3
6585,3
6586,3
6587,3
6588,3
6589,4
6590,3
6591,3
6592,3
6593,0
6594,4
6595,3
6596,3
6597,3
6598,3
6599,3
6600,3
6601,4
6602,3
6603,3
6604,3
6605,3
6606,3
6607,3
6608,3
6609,3
6610,3
6611,3
6612,3
6613,3
6614,3
6615,3
6616,3
6617,3
6618,3
6619,3
6620,3
6621,3
6622,3
6623,4
6624,3
6625,3
6626,3
6627,3
6628,3
6629,3
6630,3
6631,3
6632,3
6633,3
6634,3
6635,3
6636,3
6637,3
6638,3
6639,3
6640,3
6641,3
6642,3
6643,3
6644,3
6645,3
6646,3
6647,3
6648,3
6649,3
6650,3
6651,3
6652,3
6653,3
6654,3
6655,3
6656,3
6657,3
6658,3
6659,3
6660,3
6661,3
6662,3
6663,4
6664,3
6665,3
6666,3
6667,3
6668,3
6669,3
6670,3
6671,3
6672,3
6673,3
6674,3
6675,3
6676,3
6677,3
6678,3
6679,3
6680,3
6681,3
6682,3
6683,3
6684,3
6685,3
6686,3
6687,3
6688,3
6689,3
6690,3
6691,3
6692,3
6693,3
6694,3
6695,3
6696,3
6697,3
6698,3
6699,4
6700,0
6701,3
6702,4
6703,3
6704,3
6705,3
6706,3
6707,3
6708,3
6709,3
6710,3
6711,3
6712,3
6713,3
6714,3
6715,3
6716,3
6717,3
6718,3
6719,3
6720,3
6721,4
6722,3
6723,3
6724,3
6725,3
6726,3
6727,3
6728,3
6729,4
6730,3
6731,3
6732,3
6733,4
6734,3
6735,3
6736,3
6737,3
6738,3
6739,4
6740,3
6741,3
6742,3
6743,3
6744,3
6745,3
6746,3
6747,3
6748,3
6749,3
6750,3
6751,4
6752,3
6753,3
6754,3
6755,3
6756,4
6757,3
6758,3
6759,4
6760,3
6761,3
6762,3
6763,3
6764,3
6765,3
6766,3
6767,3
6768,4
6769,3
6770,3
6771,3
6772,3
6773,3
6774,3
6775,3
6776,3
6777,3
6778,3
6779,3
6780,4
6781,3
6782,4
6783,3
6784,3
6785,3
6786,3
6787,3
6788,4
6789,3
6790,3
6791,3
6792,3
6793,4
6794,3
6795,3
6796,3
6797,3
6798,3
6799,3
6800,3
6801,3
6802,3
6803,3
6804,3
6805,3
6806,3
6807,3
6808,3
6809,3
6810,3
6811,3
6812,3
6813,3
6814,4
6815,3
6816,4
6817,4
6818,3
6819,3
6820,3
6821,3
6822,3
6823,4
6824,3
6825,3
6826,3
6827,3
6828,3
6829,3
6830,3
6831,3
6832,3
6833,3
6834,3
6835,3
6836,3
6837,3
6838,3
6839,3
6840,3
6841,3
6842,3
6843,3
6844,3
6845,3
6846,3
6847,3
6848,3
6849,3
6850,3
6851,3
6852,3
6853,3
6854,3
6855,3
6856,3
6857,0
6858,3
6859,3
6860,3
6861,3
6862,3
6863,2
6864,3
6865,3
6866,3
6867,3
6868,3
6869,3
6870,3
6871,3
6872,3
6873,3
6874,3
6875,3
6876,3
6877,3
6878,3
6879,3
6880,3
6881,3
6882,3
6883,3
6884,3
6885,3
6886,3
6887,3
6888,3
6889,3
6890,3
6891,0
6892,3
6893,3
6894,3
6895,3
6896,3
6897,4
6898,0
6899,3
6900,3
6901,4
6902,3
6903,3
6904,3
6905,3
6906,3
6907,3
6908,3
6909,3
6910,3
6911,3
6912,3
6913,3
6914,3
6915,3
6916,3
6917,3
6918,3
6919,3
6920,3
6921,3
6922,3
6923,3
6924,3
6925,3
6926,3
6927,3
6928,3
6929,3
6930,3
6931,3
6932,3
6933,3
6934,3
6935,3
6936,3
6937,4
6938,3
6939,3
6940,3
6941,4
6942,3
6943,3
6944,3
6945,3
6946,3
6947,3
6948,3
6949,3
6950,3
6951,3
6952,3
6953,3
6954,3
6955,3
6956,3
6957,3
6958,3
6959,3
6960,3
6961,3
6962,3
6963,3
6964,3
6965,3
6966,3
6967,3
6968,3
6969,4
6970,3
6971,4
6972,3
6973,3
6974,3
6975,3
6976,3
6977,3
6978,3
6979,3
6980,4
6981,3
6982,3
6983,3
6984,3
6985,3
6986,3
6987,3
6988,3
6989,3
6990,3
6991,3
6992,4
6993,3
6994,0
6995,3
6996,3
6997,3
6998,3
6999,3
7000,3
7001,3
7002,4
7003,4
7004,3
7005,3
7006,3
7007,3
7008,4
7009,3
7010,3
7011,3
7012,3
7013,3
7014,3
7015,3
7016,3
7017,3
7018,3
7019,3
7020,4
7021,3
7022,3
7023,3
7024,3
7025,3
7026,3
7027,3
7028,3
7029,3
7030,3
7031,3
7032,3
7033,3
7034,4
7035,3
7036,3
7037,3
7038,4
7039,4
7040,3
7041,0
7042,3
7043,3
7044,4
7045,4
7046,3
7047,3
7048,0
7049,3
7050,3
7051,3
7052,3
7053,3
7054,3
7055,3
7056,3
7057,3
7058,3
7059,3
7060,3
7061,3
7062,3
7063,3
7064,3
7065,3
7066,4
7067,0
7068,0
7069,3
7070,3
7071,3
7072,3
7073,3
7074,3
7075,3
7076,3
7077,3
7078,3
7079,3
7080,3
7081,3
7082,3
7083,3
7084,4
7085,3
7086,3
7087,3
7088,3
7089,3
7090,0
7091,3
7092,4
7093,3
7094,3
7095,3
7096,3
7097,0
7098,4
7099,3
7100,3
7101,0
7102,3
7103,3
7104,0
7105,0
7106,3
7107,3
7108,0
7109,4
7110,3
7111,3
7112,3
7113,3
7114,3
7115,4
7116,3
7117,3
7118,3
7119,3
7120,3
7121,3
7122,3
7123,0
7124,3
7125,3
7126,3
7127,3
7128,3
7129,3
7130,3
7131,0
7132,3
7133,3
7134,3
7135,0
7136,3
7137,3
7138,0
7139,0
7140,3
7141,3
7142,4
7143,3
7144,3
7145,3
7146,3
7147,3
7148,3
7149,3
7150,3
7151,3
7152,3
7153,0
7154,3
7155,3
7156,0
7157,3
7158,3
7159,3
7160,3
7161,3
7162,3
7163,3
7164,4
7165,3
7166,3
7167,3
7168,3
7169,3
7170,3
7171,3
7172,3
7173,3
7174,3
7175,0
7176,3
7177,3
7178,4
7179,3
7180,3
7181,3
7182,3
7183,3
7184,3
7185,3
7186,3
7187,3
7188,3
7189,3
7190,0
7191,3
7192,3
7193,4
7194,4
7195,3
7196,3
7197,4
7198,3
7199,3
7200,3
7201,3
7202,3
7203,3
7204,3
7205,3
7206,3
7207,3
7208,3
7209,3
7210,3
7211,3
7212,3
7213,3
7214,3
7215,3
7216,3
7217,3
7218,4
7219,4
7220,3
7221,3
7222,3
7223,3
7224,3
7225,3
7226,3
7227,3
7228,3
7229,3
7230,3
7231,3
7232,3
7233,3
7234,3
7235,3
7236,3
7237,3
7238,3
7239,3
7240,3
7241,3
7242,3
7243,4
7244,3
7245,3
7246,3
7247,3
7248,3
7249,3
7250,3
7251,4
7252,3
7253,3
7254,4
7255,3
7256,3
7257,0
7258,0
7259,4
7260,3
7261,3
7262,3
7263,3
7264,3
7265,3
7266,3
7267,3
7268,3
7269,3
7270,3
7271,3
7272,3
7273,3
7274,3
7275,3
7276,3
7277,3
7278,3
7279,3
7280,3
7281,3
7282,3
7283,3
7284,3
7285,3
7286,3
7287,3
7288,3
7289,3
7290,3
7291,0
7292,3
7293,3
7294,3
7295,3
7296,3
7297,3
7298,0
7299,3
7300,3
7301,0
7302,3
7303,3
7304,0
7305,0
7306,0
7307,0
7308,3
7309,3
7310,3
7311,3
7312,3
7313,3
7314,3
7315,3
7316,3
7317,3
7318,3
7319,3
7320,1
7321,3
7322,3
7323,1
7324,2
7325,3
7326,0
7327,2
7328,3
7329,3
7330,3
7331,3
7332,3
7333,3
7334,3
7335,3
7336,1
7337,1
7338,1
7339,1
7340,0
7341,1
7342,0
7343,1
7344,1
7345,1
7346,1
7347,0
7348,0
7349,1
7350,1
7351,1
7352,1
7353,3
7354,3
7355,3
7356,1
7357,3
7358,3
7359,2
7360,2
7361,2
7362,3
7363,3
7364,1
7365,1
7366,3
7367,2
7368,2
7369,2
7370,3
7371,3
7372,2
7373,0
7374,1
7375,0
7376,1
7377,0
7378,0
7379,0
7380,2
7381,1
7382,3
7383,2
7384,0
7385,1
7386,1
7387,1
7388,1
7389,1
7390,3
7391,3
7392,1
7393,1
7394,3
7395,2
7396,3
7397,3
7398,2
7399,1
7400,2
7401,2
7402,2
7403,2
7404,2
7405,2
7406,2
7407,2
7408,2
7409,3
7410,3
7411,3
7412,3
7413,2
7414,3
7415,3
7416,2
7417,3
7418,0
7419,3
7420,2
7421,2
7422,1
7423,1
7424,2
7425,2
7426,2
7427,2
7428,2
7429,2
7430,2
7431,2
7432,2
7433,2
7434,2
7435,2
7436,2
7437,2
7438,1
7439,1
7440,1
7441,2
7442,2
7443,2
7444,2
7445,1
7446,1
7447,1
7448,1
7449,1
7450,1
7451,1
7452,1
7453,2
7454,2
7455,2
7456,2
7457,2
7458,2
7459,2
7460,2
7461,2
7462,2
7463,1
7464,2
7465,2
7466,2
7467,2
7468,1
7469,2
7470,2
7471,2
7472,2
7473,2
7474,0
7475,1
7476,1
7477,1
7478,1
7479,1
7480,1
7481,1
7482,1
7483,1
7484,1
7485,2
7486,2
7487,2
7488,2
7489,3
7490,3
7491,1
7492,1
7493,2
7494,2
7495,2
7496,2
7497,2
7498,2
7499,2
7500,2
7501,2
7502,2
7503,2
7504,2
7505,2
7506,2
7507,1
7508,1
7509,1
7510,1
7511,1
7512,1
7513,1
7514,1
7515,1
7516,1
7517,1
7518,1
7519,1
7520,1
7521,1
7522,1
7523,0
7524,3
7525,3
7526,3
7527,1
7528,1
7529,1
7530,1
7531,3
7532,1
7533,3
7534,3
7535,3
7536,1
7537,2
7538,2
7539,3
7540,1
7541,1
7542,2
7543,3
7544,3
7545,1
7546,1
7547,3
7548,2
7549,2
7550,2
7551,2
7552,2
7553,2
7554,2
7555,2
7556,2
7557,2
7558,3
7559,3
7560,2
7561,2
7562,2
7563,2
7564,2
7565,2
7566,2
7567,2
7568,2
7569,1
7570,2
7571,2
7572,3
7573,2
7574,2
7575,2
7576,2
7577,2
7578,2
7579,2
7580,2
7581,2
7582,2
7583,2
7584,2
7585,2
7586,2
7587,2
7588,2
7589,2
7590,2
7591,2
7592,2
7593,2
7594,2
7595,2
7596,2
7597,2
7598,2
7599,2
7600,2
7601,2
7602,1
7603,1
7604,1
7605,1
7606,1
7607,1
7608,1
7609,1
7610,1
7611,1
7612,1
7613,1
7614,0
7615,0
7616,2
7617,3
7618,2
7619,2
7620,1
7621,3
7622,3
7623,2
7624,2
7625,2
7626,2
7627,3
7628,2
7629,3
7630,3
7631,3
7632,3
7633,3
7634,3
7635,3
7636,3
7637,3
7638,2
7639,2
7640,3
7641,3
7642,3
7643,2
7644,3
7645,3
7646,2
7647,0
7648,3
7649,1
7650,1
7651,1
7652,1
7653,0
7654,1
7655,1
7656,1
7657,1
7658,1
7659,1
7660,1
7661,0
7662,1
7663,1
7664,1
7665,1
7666,1
7667,1
7668,3
7669,2
7670,1
7671,2
7672,2
7673,3
7674,2
7675,2
7676,3
7677,2
7678,2
7679,2
7680,3
7681,3
7682,3
7683,3
7684,3
7685,3
7686,2
7687,2
7688,0
7689,2
7690,2
7691,2
7692,0
7693,2
7694,2
7695,2
7696,2
7697,3
7698,3
7699,2
7700,2
7701,2
7702,2
7703,3
7704,3
7705,2
7706,2
7707,2
7708,2
7709,3
7710,2
7711,2
7712,2
7713,2
7714,2
7715,2
7716,2
7717,3
7718,2
7719,2
7720,2
7721,4
7722,2
7723,2
7724,2
7725,2
7726,2
7727,2
7728,2
7729,2
7730,2
7731,2
7732,2
7733,2
7734,2
7735,3
7736,2
7737,0
7738,2
7739,2
7740,2
7741,2
7742,2
7743,2
7744,2
7745,2
7746,3
7747,2
7748,2
7749,2
7750,2
7751,2
7752,0
7753,2
7754,2
7755,2
7756,3
7757,3
7758,3
7759,3
7760,3
7761,3
7762,3
7763,2
7764,2
7765,3
7766,2
7767,3
7768,3
7769,3
7770,2
7771,2
7772,3
7773,3
7774,3
7775,3
7776,3
7777,3
7778,2
7779,2
7780,2
7781,2
7782,2
7783,2
7784,2
7785,2
7786,2
7787,2
7788,2
7789,2
7790,2
7791,2
7792,2
7793,3
7794,2
7795,2
7796,2
7797,2
7798,2
7799,2
7800,2
7801,2
7802,2
7803,2
7804,2
7805,2
7806,2
7807,2
7808,2
7809,2
7810,2
7811,2
7812,2
7813,2
7814,2
7815,3
7816,2
7817,1
7818,1
7819,1
7820,1
7821,3
7822,2
7823,1
7824,1
7825,3
7826,1
7827,3
7828,2
7829,3
7830,3
7831,3
7832,3
7833,1
7834,1
7835,3
7836,2
7837,2
7838,2
7839,3
7840,2
7841,3
7842,2
7843,3
7844,3
7845,2
7846,3
7847,3
7848,1
7849,1
7850,1
7851,2
7852,3
7853,2
7854,2
7855,3
7856,2
7857,2
7858,2
7859,2
7860,2
7861,0
7862,2
7863,2
7864,2
7865,2
7866,2
7867,2
7868,3
7869,2
7870,2
7871,2
7872,2
7873,2
7874,2
7875,2
7876,2
7877,2
7878,2
7879,2
7880,2
7881,2
7882,2
7883,2
7884,2
7885,0
7886,2
7887,2
7888,2
7889,2
7890,2
7891,2
7892,2
7893,2
7894,2
7895,2
7896,2
7897,2
7898,2
7899,2
7900,2
7901,2
7902,2
7903,2
7904,2
7905,2
7906,2
7907,2
7908,2
7909,2
7910,2
7911,2
7912,2
7913,2
7914,2
7915,2
7916,2
7917,3
7918,3
7919,3
7920,3
7921,3
7922,2
7923,2
7924,2
7925,2
7926,2
7927,2
7928,3
7929,2
7930,2
7931,2
7932,3
7933,2
7934,3
7935,2
7936,2
7937,2
7938,3
7939,3
7940,2
7941,2
7942,2
7943,2
7944,2
7945,2
7946,3
7947,2
7948,2
7949,2
7950,2
7951,3
7952,3
7953,2
7954,2
7955,2
7956,2
7957,2
7958,2
7959,2
7960,2
7961,2
7962,2
7963,2
7964,2
7965,2
7966,3
7967,2
7968,2
7969,2
7970,2
7971,1
7972,1
7973,1
7974,1
7975,0
7976,1
7977,2
7978,2
7979,2
7980,2
7981,2
7982,2
7983,3
7984,2
7985,2
7986,3
7987,2
7988,2
7989,3
7990,3
7991,2
7992,2
7993,2
7994,3
7995,3
7996,3
7997,3
7998,0
7999,3
8000,3
8001,3
8002,3
8003,3
8004,3
8005,3
8006,3
8007,2
8008,3
8009,3
8010,2
8011,2
8012,2
8013,2
8014,3
8015,3
8016,3
8017,3
8018,2
8019,2
8020,2
8021,2
8022,2
8023,3
8024,3
8025,3
8026,0
8027,2
8028,3
8029,3
8030,2
8031,3
8032,3
8033,3
8034,3
8035,3
8036,3
8037,3
8038,3
8039,3
8040,3
8041,2
8042,3
8043,3
8044,1
8045,1
8046,1
8047,1
8048,3
8049,3
8050,3
8051,1
8052,3
8053,3
8054,3
8055,2
8056,3
8057,0
8058,2
8059,3
8060,3
8061,3
8062,3
8063,3
8064,2
8065,2
8066,2
8067,3
8068,2
8069,2
8070,3
8071,3
8072,2
8073,3
8074,3
8075,3
8076,1
8077,3
8078,2
8079,3
8080,3
8081,3
8082,2
8083,3
8084,3
8085,2
8086,3
8087,3
8088,3
8089,2
8090,2
8091,2
8092,1
8093,1
8094,1
8095,1
8096,3
8097,1
8098,1
8099,2
8100,3
8101,3
8102,2
8103,3
8104,1
8105,2
8106,2
8107,2
8108,2
8109,2
8110,3
8111,2
8112,3
8113,3
8114,2
8115,2
8116,3
8117,3
8118,3
8119,3
8120,3
8121,3
8122,2
8123,3
8124,3
8125,3
8126,2
8127,2
8128,1
8129,1
8130,3
8131,1
8132,2
8133,2
8134,3
8135,2
8136,2
8137,2
8138,2
8139,2
8140,2
8141,2
8142,2
8143,2
8144,2
8145,2
8146,2
8147,2
8148,2
8149,2
8150,2
8151,2
8152,2
8153,3
8154,2
8155,2
8156,2
8157,2
8158,2
8159,2
8160,2
8161,2
8162,2
8163,0
8164,2
8165,2
8166,3
8167,3
8168,2
8169,3
8170,3
8171,2
8172,2
8173,2
8174,2
8175,1
8176,1
8177,1
8178,1
8179,1
8180,2
8181,2
8182,2
8183,2
8184,2
8185,2
8186,2
8187,2
8188,2
8189,2
8190,1
8191,1
8192,1
8193,2
8194,2
8195,2
8196,3
8197,2
8198,2
8199,3
8200,2
8201,2
8202,2
8203,1
8204,2
8205,2
8206,2
8207,2
8208,2
8209,2
8210,2
8211,2
8212,2
8213,2
8214,2
8215,3
8216,2
8217,2
8218,2
8219,2
8220,2
8221,2
8222,3
8223,2
8224,2
8225,2
8226,1
8227,1
8228,1
8229,1
8230,2
8231,2
8232,2
8233,2
8234,1
8235,3
8236,1
8237,1
8238,1
8239,1
8240,1
8241,1
8242,4
8243,3
8244,3
8245,3
8246,2
8247,3
8248,2
8249,3
8250,2
8251,1
8252,1
8253,1
8254,1
8255,1
8256,1
8257,3
8258,2
8259,3
8260,2
8261,3
8262,2
8263,2
8264,2
8265,3
8266,3
8267,3
8268,3
8269,2
8270,3
8271,2
8272,3
8273,2
8274,3
8275,1
8276,1
8277,2
8278,3
8279,2
8280,2
8281,2
8282,2
8283,3
8284,0
8285,3
8286,1
8287,3
8288,2
8289,3
8290,2
8291,1
8292,2
8293,2
8294,3
8295,3
8296,2
8297,2
8298,2
8299,2
8300,2
8301,2
8302,2
8303,2
8304,2
8305,3
8306,3
8307,2
8308,3
8309,2
8310,2
8311,2
8312,3
8313,2
8314,2
8315,2
8316,3
8317,4
8318,3
8319,2
8320,2
8321,3
8322,3
8323,2
8324,3
8325,2
8326,3
8327,2
8328,2
8329,2
8330,2
8331,3
8332,2
8333,2
8334,2
8335,2
8336,3
8337,2
8338,2
8339,3
8340,3
8341,2
8342,3
8343,3
8344,2
8345,3
8346,3
8347,3
8348,2
8349,2
8350,2
8351,1
8352,2
8353,1
8354,1
8355,1
8356,1
8357,2
8358,3
8359,2
8360,2
8361,2
8362,3
8363,0
8364,0
8365,3
8366,2
8367,0
8368,0
8369,2
8370,2
8371,0
8372,2
8373,2
8374,2
8375,2
8376,2
8377,2
8378,2
8379,2
8380,2
8381,2
8382,2
8383,2
8384,3
8385,2
8386,2
8387,2
8388,2
8389,2
8390,2
8391,2
8392,2
8393,2
8394,2
8395,2
8396,2
8397,2
8398,2
8399,1
8400,1
8401,1
8402,0
8403,2
8404,2
8405,2
8406,2
8407,2
8408,1
8409,2
8410,2
8411,0
8412,3
8413,3
8414,3
8415,2
8416,2
8417,2
8418,1
8419,2
8420,2
8421,2
8422,2
8423,2
8424,4
8425,3
8426,4
8427,3
8428,2
8429,2
8430,2
8431,2
8432,2
8433,2
8434,2
8435,2
8436,2
8437,2
8438,2
8439,2
8440,2
8441,2
8442,2
8443,2
8444,2
8445,2
8446,1
8447,1
8448,1
8449,1
8450,2
8451,2
8452,3
8453,1
8454,1
8455,1
8456,1
8457,2
8458,1
8459,1
8460,1
8461,3
8462,1
8463,2
8464,3
8465,2
8466,1
8467,0
8468,3
8469,1
8470,0
8471,3
8472,2
8473,2
8474,2
8475,2
8476,2
8477,2
8478,0
8479,3
8480,2
8481,2
8482,3
8483,2
8484,2
8485,2
8486,3
8487,2
8488,1
8489,1
8490,2
8491,2
8492,2
8493,2
8494,2
8495,2
8496,2
8497,2
8498,2
8499,3
8500,2
8501,2
8502,2
8503,2
8504,2
8505,3
8506,2
8507,3
8508,3
8509,3
8510,3
8511,2
8512,2
8513,2
8514,2
8515,2
8516,3
8517,2
8518,2
8519,1
8520,1
8521,1
8522,1
8523,1
8524,2
8525,2
8526,2
8527,0
8528,2
8529,3
8530,2
8531,2
8532,2
8533,2
8534,2
8535,2
8536,3
8537,2
8538,2
8539,2
8540,2
8541,2
8542,2
8543,2
8544,2
8545,2
8546,3
8547,3
8548,2
8549,0
8550,2
8551,2
8552,2
8553,2
8554,2
8555,2
8556,3
8557,2
8558,2
8559,2
8560,2
8561,2
8562,2
8563,2
8564,2
8565,2
8566,2
8567,2
8568,2
8569,2
8570,2
8571,2
8572,2
8573,2
8574,2
8575,2
8576,2
8577,0
8578,2
8579,2
8580,2
8581,2
8582,2
8583,2
8584,2
8585,2
8586,2
8587,2
8588,2
8589,2
8590,2
8591,2
8592,2
8593,2
8594,2
8595,2
8596,3
8597,2
8598,2
8599,2
8600,2
8601,2
8602,3
8603,1
8604,1
8605,1
8606,1
8607,1
8608,1
8609,1
8610,1
8611,1
8612,3
8613,1
8614,1
8615,1
8616,1
8617,1
8618,3
8619,2
8620,2
8621,2
8622,1
8623,3
8624,1
8625,3
8626,0
8627,2
8628,3
8629,3
8630,3
8631,3
8632,3
8633,3
8634,3
8635,3
8636,3
8637,3
8638,3
8639,3
8640,2
8641,3
8642,3
8643,3
8644,0
8645,3
8646,2
8647,3
8648,2
8649,3
8650,3
8651,3
8652,3
8653,3
8654,3
8655,3
8656,3
8657,3
8658,2
8659,2
8660,2
8661,2
8662,2
8663,2
8664,2
8665,2
8666,2
8667,2
8668,3
8669,0
8670,2
8671,3
8672,2
8673,2
8674,3
8675,2
8676,3
8677,3
8678,3
8679,3
8680,3
8681,3
8682,2
8683,3
8684,3
8685,3
8686,3
8687,3
8688,3
8689,4
8690,2
8691,3
8692,2
8693,2
8694,3
8695,3
8696,3
8697,3
8698,3
8699,3
8700,3
8701,3
8702,3
8703,3
8704,3
8705,3
8706,0
8707,0
8708,3
8709,3
8710,3
8711,3
8712,3
8713,3
8714,3
8715,3
8716,2
8717,1
8718,1
8719,0
8720,3
8721,3
8722,3
8723,3
8724,3
8725,3
8726,2
8727,3
8728,3
8729,2
8730,3
8731,2
8732,2
8733,3
8734,3
8735,3
8736,3
8737,3
8738,3
8739,0
8740,3
8741,3
8742,3
8743,2
8744,2
8745,3
8746,3
8747,1
8748,1
8749,2
8750,3
8751,2
8752,2
8753,3
8754,3
8755,2
8756,2
8757,3
8758,3
8759,3
8760,1
8761,1
8762,3
8763,3
8764,2
8765,2
8766,3
8767,3
8768,3
8769,2
8770,1
8771,3
8772,1
8773,1
8774,1
8775,2
8776,2
8777,2
8778,2
8779,2
8780,2
8781,2
8782,2
8783,2
8784,2
8785,1
8786,1
8787,3
8788,3
8789,2
8790,3
8791,2
8792,2
8793,2
8794,3
8795,2
8796,3
8797,2
8798,3
8799,2
8800,2
8801,2
8802,3
8803,2
8804,3
8805,0
8806,3
8807,2
8808,1
8809,3
8810,3
8811,2
8812,2
8813,2
8814,2
8815,2
8816,2
8817,2
8818,2
8819,3
8820,2
8821,2
8822,2
8823,2
8824,2
8825,2
8826,3
8827,2
8828,2
8829,2
8830,2
8831,3
8832,2
8833,2
8834,2
8835,3
8836,3
8837,2
8838,2
8839,2
8840,3
8841,2
8842,0
8843,3
8844,2
8845,2
8846,2
8847,2
8848,2
8849,2
8850,2
8851,2
8852,2
8853,2
8854,2
8855,2
8856,2
8857,2
8858,2
8859,2
8860,2
8861,2
8862,2
8863,2
8864,2
8865,2
8866,2
8867,2
8868,2
8869,2
8870,2
8871,2
8872,2
8873,2
8874,2
8875,2
8876,2
8877,2
8878,0
8879,2
8880,2
8881,2
8882,2
8883,2
8884,0
8885,3
8886,2
8887,2
8888,2
8889,2
8890,2
8891,1
8892,1
8893,1
8894,2
8895,2
8896,2
8897,2
8898,2
8899,0
8900,2
8901,0
8902,2
8903,2
8904,2
8905,2
8906,2
8907,1
8908,3
8909,1
8910,3
8911,1
8912,1
8913,1
8914,1
8915,1
8916,1
8917,1
8918,3
8919,1
8920,1
8921,3
8922,1
8923,1
8924,1
8925,1
8926,1
8927,2
8928,1
8929,1
8930,1
8931,3
8932,1
8933,3
8934,2
8935,1
8936,2
8937,3
8938,3
8939,2
8940,1
8941,1
8942,1
8943,0
8944,2
8945,2
8946,2
8947,2
8948,2
8949,2
8950,2
8951,2
8952,2
8953,2
8954,2
8955,2
8956,2
8957,2
8958,2
8959,2
8960,2
8961,2
8962,2
8963,2
8964,2
8965,2
8966,2
8967,2
8968,2
8969,2
8970,2
8971,2
8972,0
8973,1
8974,2
8975,2
8976,2
8977,2
8978,0
8979,2
8980,2
8981,2
8982,3
8983,2
8984,2
8985,3
8986,2
8987,0
8988,2
8989,0
8990,2
8991,2
8992,2
8993,0
8994,3
8995,3
8996,2
8997,2
8998,2
8999,3
9000,2
9001,2
9002,2
9003,2
9004,0
9005,2
9006,2
9007,2
9008,3
9009,2
9010,2
9011,2
9012,2
9013,2
9014,2
9015,2
9016,2
9017,2
9018,3
9019,2
9020,2
9021,2
9022,2
9023,2
9024,2
9025,2
9026,2
9027,0
9028,3
9029,2
9030,2
9031,2
9032,2
9033,2
9034,2
9035,2
9036,0
9037,2
9038,1
9039,3
9040,1
9041,1
9042,1
9043,2
9044,2
9045,3
9046,3
9047,3
9048,2
9049,3
9050,1
9051,1
9052,1
9053,3
9054,1
9055,1
9056,3
9057,1
9058,1
9059,4
9060,3
9061,1
9062,1
9063,1
9064,3
9065,1
9066,1
9067,1
9068,1
9069,3
9070,2
9071,3
9072,1
9073,3
9074,1
9075,1
9076,2
9077,2
9078,2
9079,3
9080,2
9081,2
9082,2
9083,2
9084,2
9085,2
9086,2
9087,2
9088,2
9089,2
9090,2
9091,2
9092,2
9093,2
9094,3
9095,2
9096,0
9097,0
9098,2
9099,0
9100,2
9101,2
9102,3
9103,2
9104,2
9105,2
9106,0
9107,2
9108,2
9109,3
9110,3
9111,0
9112,0
9113,2
9114,2
9115,2
9116,1
9117,1
9118,3
9119,3
9120,1
9121,1
9122,1
9123,1
9124,1
9125,1
9126,3
9127,1
9128,1
9129,1
9130,2
9131,3
9132,1
9133,3
9134,1
9135,1
9136,3
9137,3
9138,3
9139,2
9140,2
9141,3
9142,2
9143,2
9144,2
9145,3
9146,1
9147,1
9148,1
9149,2
9150,2
9151,2
9152,2
9153,2
9154,2
9155,2
9156,2
9157,2
9158,2
9159,2
9160,2
9161,2
9162,2
9163,3
9164,2
9165,2
9166,3
9167,2
9168,2
9169,2
9170,2
9171,0
9172,2
9173,2
9174,2
9175,2
9176,3
9177,0
9178,2
9179,3
9180,2
9181,2
9182,3
9183,3
9184,2
9185,2
9186,2
9187,0
9188,2
9189,2
9190,0
9191,2
9192,2
9193,2
9194,2
9195,3
9196,2
9197,2
9198,2
9199,2
9200,2
9201,1
9202,2
9203,2
9204,2
9205,2
9206,3
9207,2
9208,2
9209,2
9210,1
9211,2
9212,2
9213,2
9214,2
9215,2
9216,0
9217,2
9218,2
9219,2
9220,2
9221,2
9222,2
9223,2
9224,2
9225,2
9226,2
9227,2
9228,0
9229,3
9230,3
9231,2
9232,2
9233,2
9234,3
9235,2
9236,2
9237,2
9238,2
9239,2
9240,2
9241,3
9242,2
9243,4
9244,3
9245,2
9246,2
9247,2
9248,2
9249,2
9250,2
9251,2
9252,2
9253,2
9254,2
9255,2
9256,2
9257,2
9258,2
9259,0
9260,2
9261,2
9262,1
9263,0
9264,0
9265,1
9266,2
9267,3
9268,2
9269,2
9270,2
9271,3
9272,3
9273,3
9274,1
9275,3
9276,1
9277,1
9278,3
9279,3
9280,3
9281,2
9282,2
9283,2
9284,3
9285,1
9286,1
9287,3
9288,4
9289,2
9290,3
9291,3
9292,3
9293,3
9294,3
9295,3
9296,2
9297,3
9298,2
9299,3
9300,3
9301,3
9302,3
9303,3
9304,3
9305,1
9306,1
9307,3
9308,3
9309,4
9310,3
9311,3
9312,3
9313,3
9314,3
9315,2
9316,1
9317,3
9318,3
9319,4
9320,2
9321,3
9322,3
9323,3
9324,3
9325,1
9326,3
9327,3
9328,3
9329,3
9330,2
9331,1
9332,3
9333,1
9334,3
9335,3
9336,3
9337,1
9338,4
9339,3
9340,3
9341,2
9342,1
9343,1
9344,3
9345,1
9346,1
9347,3
9348,3
9349,3
9350,2
9351,3
9352,1
9353,1
9354,3
9355,2
9356,3
9357,4
9358,2
9359,3
9360,1
9361,3
9362,3
9363,2
9364,3
9365,3
9366,3
9367,1
9368,2
9369,2
9370,1
9371,3
9372,3
9373,3
9374,3
9375,2
9376,2
9377,2
9378,2
9379,2
9380,2
9381,1
9382,2
9383,3
9384,2
9385,1
9386,1
9387,1
9388,1
9389,2
9390,2
9391,2
9392,2
9393,3
9394,2
9395,2
9396,2
9397,2
9398,2
9399,2
9400,2
9401,2
9402,2
9403,2
9404,2
9405,2
9406,2
9407,2
9408,2
9409,2
9410,2
9411,2
9412,2
9413,2
9414,3
9415,2
9416,2
9417,1
9418,1
9419,1
9420,1
9421,1
9422,1
9423,2
9424,2
9425,2
9426,2
9427,2
9428,2
9429,2
9430,2
9431,2
9432,3
9433,2
9434,2
9435,2
9436,0
9437,2
9438,2
9439,2
9440,2
9441,2
9442,2
9443,2
9444,2
9445,2
9446,2
9447,2
9448,2
9449,2
9450,2
9451,2
9452,2
9453,2
9454,2
9455,2
9456,3
9457,2
9458,2
9459,2
9460,2
9461,2
9462,3
9463,2
9464,2
9465,2
9466,2
9467,1
9468,2
9469,2
9470,2
9471,2
9472,2
9473,2
9474,2
9475,2
9476,2
9477,2
9478,3
9479,3
9480,2
9481,2
9482,2
9483,2
9484,2
9485,2
9486,2
9487,2
9488,2
9489,2
9490,2
9491,2
9492,2
9493,2
9494,3
9495,2
9496,2
9497,2
9498,2
9499,2
9500,3
9501,2
9502,3
9503,2
9504,2
9505,3
9506,2
9507,2
9508,2
9509,2
9510,2
9511,2
9512,2
9513,2
9514,2
9515,2
9516,2
9517,2
9518,2
9519,2
9520,2
9521,2
9522,2
9523,2
9524,2
9525,2
9526,2
9527,2
9528,2
9529,2
9530,3
9531,2
9532,3
9533,2
9534,2
9535,2
9536,2
9537,2
9538,2
9539,2
9540,2
9541,2
9542,2
9543,2
9544,2
9545,2
9546,2
9547,2
9548,2
9549,2
9550,2
9551,2
9552,2
9553,2
9554,2
9555,2
9556,2
9557,2
9558,2
9559,2
9560,2
9561,3
9562,2
9563,2
9564,2
9565,2
9566,2
9567,2
9568,2
9569,3
9570,2
9571,2
9572,3
9573,2
9574,2
9575,2
9576,2
9577,2
9578,2
9579,2
9580,2
9581,2
9582,2
9583,2
9584,2
9585,2
9586,2
9587,2
9588,2
9589,2
9590,2
9591,0
9592,2
9593,2
9594,2
9595,2
9596,2
9597,2
9598,3
9599,2
9600,2
9601,2
9602,2
9603,1
9604,1
9605,1
9606,1
9607,1
9608,3
9609,3
9610,2
9611,2
9612,2
9613,2
9614,2
9615,2
9616,2
9617,2
9618,3
9619,2
9620,2
9621,2
9622,2
9623,3
9624,2
9625,2
9626,2
9627,2
9628,2
9629,2
9630,2
9631,3
9632,2
9633,2
9634,2
9635,2
9636,2
9637,2
9638,3
9639,2
9640,2
9641,2
9642,2
9643,2
9644,2
9645,2
9646,2
9647,2
9648,2
9649,3
9650,2
9651,2
9652,3
9653,2
9654,2
9655,2
9656,2
9657,2
9658,2
9659,2
9660,2
9661,2
9662,2
9663,2
9664,2
9665,2
9666,3
9667,2
9668,3
9669,0
9670,2
9671,2
9672,2
9673,2
9674,2
9675,2
9676,2
9677,2
9678,2
9679,2
9680,2
9681,2
9682,2
9683,2
9684,2
9685,2
9686,2
9687,2
9688,2
9689,2
9690,2
9691,2
9692,2
9693,2
9694,2
9695,2
9696,2
9697,2
9698,3
9699,2
9700,2
9701,1
9702,2
9703,2
9704,2
9705,2
9706,2
9707,3
9708,2
9709,2
9710,2
9711,0
9712,1
9713,1
9714,1
9715,1
9716,1
9717,1
9718,3
9719,2
9720,2
9721,2
9722,2
9723,3
9724,3
9725,2
9726,2
9727,3
9728,2
9729,2
9730,2
9731,2
9732,3
9733,3
9734,2
9735,2
9736,2
9737,3
9738,1
9739,1
9740,3
9741,2
9742,3
9743,2
9744,2
9745,2
9746,2
9747,1
9748,2
9749,2
9750,2
9751,2
9752,2
9753,2
9754,2
9755,3
9756,0
9757,3
9758,3
9759,2
9760,2
9761,3
9762,2
9763,2
9764,2
9765,3
9766,2
9767,2
9768,1
9769,3
9770,2
9771,2
9772,2
9773,2
9774,3
9775,2
9776,3
9777,2
9778,3
9779,2
9780,3
9781,2
9782,2
9783,4
9784,3
9785,3
9786,2
9787,2
9788,2
9789,3
9790,3
9791,4
9792,3
9793,3
9794,4
9795,3
9796,2
9797,2
9798,2
9799,2
9800,3
9801,3
9802,2
9803,2
9804,2
9805,2
9806,3
9807,2
9808,2
9809,3
9810,3
9811,4
9812,2
9813,2
9814,3
9815,2
9816,0
9817,3
9818,2
9819,3
9820,2
9821,2
9822,3
9823,3
9824,2
9825,2
9826,2
9827,1
9828,2
9829,2
9830,3
9831,3
9832,3
9833,2
9834,2
9835,3
9836,3
9837,1
9838,3
9839,3
9840,3
9841,2
9842,2
9843,1
9844,1
9845,1
9846,1
9847,1
9848,2
9849,2
9850,2
9851,2
9852,2
9853,2
9854,2
9855,2
9856,2
9857,2
9858,2
9859,2
9860,2
9861,2
9862,2
9863,2
9864,1
9865,2
9866,2
9867,1
9868,1
9869,2
9870,2
9871,2
9872,2
9873,2
9874,3
9875,2
9876,2
9877,2
9878,2
9879,2
9880,2
9881,2
9882,2
9883,2
9884,2
9885,2
9886,2
9887,2
9888,2
9889,3
9890,2
9891,3
9892,2
9893,2
9894,2
9895,2
9896,2
9897,2
9898,2
9899,2
9900,2
9901,2
9902,2
9903,2
9904,2
9905,2
9906,2
9907,2
9908,2
9909,2
9910,2
9911,2
9912,2
9913,3
9914,2
9915,3
9916,3
9917,3
9918,2
9919,2
9920,2
9921,1
9922,3
9923,3
9924,3
9925,2
9926,3
9927,2
9928,2
9929,2
9930,2
9931,2
9932,3
9933,3
9934,2
9935,1
9936,2
9937,2
9938,2
9939,2
9940,2
9941,2
9942,2
9943,3
9944,2
9945,2
9946,2
9947,2
9948,2
9949,2
9950,2
9951,2
9952,2
9953,2
9954,2
9955,2
9956,2
9957,2
9958,2
9959,2
9960,2
9961,2
9962,3
9963,2
9964,2
9965,2
9966,2
9967,2
9968,2
9969,2
9970,2
9971,3
9972,2
9973,2
9974,2
9975,2
9976,3
9977,2
9978,2
9979,2
9980,2
9981,2
9982,2
9983,2
9984,2
9985,2
9986,2
9987,2
9988,2
9989,2
9990,2
9991,2
9992,0
9993,2
9994,3
9995,2
9996,2
9997,3
9998,2
9999,2
10000,3
10001,2
10002,2
10003,2
10004,2
10005,2
10006,2
10007,2
10008,2
10009,2
10010,2
10011,2
10012,2
10013,2
10014,2
10015,2
10016,2
10017,3
10018,2
10019,2
10020,2
10021,2
10022,2
10023,2
10024,2
10025,3
10026,2
10027,2
10028,2
10029,2
10030,2
10031,3
10032,2
10033,2
10034,2
10035,2
10036,2
10037,2
10038,2
10039,2
10040,2
10041,2
10042,3
10043,2
10044,2
10045,2
10046,2
10047,2
10048,2
10049,2
10050,3
10051,3
10052,2
10053,2
10054,2
10055,2
10056,2
10057,2
10058,2
10059,2
10060,2
10061,2
10062,2
10063,2
10064,2
10065,2
10066,2
10067,2
10068,2
10069,2
10070,3
10071,2
10072,2
10073,2
10074,3
10075,2
10076,2
10077,2
10078,2
10079,2
10080,2
10081,2
10082,2
10083,3
10084,3
10085,3
10086,2
10087,3
10088,3
10089,3
10090,3
10091,3
10092,3
10093,2
10094,3
10095,2
10096,3
10097,2
10098,3
10099,0
10100,4
10101,2
10102,3
10103,3
10104,3
10105,2
10106,2
10107,3
10108,3
10109,3
10110,2
10111,3
10112,2
10113,2
10114,3
10115,3
10116,3
10117,3
10118,3
10119,4
10120,3
10121,2
10122,2
10123,2
10124,2
10125,3
10126,3
10127,3
10128,3
10129,3
10130,3
10131,3
10132,2
10133,3
10134,3
10135,3
10136,4
10137,3
10138,2
10139,2
10140,3
10141,2
10142,2
10143,2
10144,4
10145,3
10146,3
10147,3
10148,3
10149,3
10150,4
10151,3
10152,3
10153,3
10154,3
10155,3
10156,2
10157,2
10158,2
10159,2
10160,2
10161,2
10162,2
10163,2
10164,2
10165,2
10166,2
10167,2
10168,2
10169,2
10170,2
10171,2
10172,2
10173,2
10174,2
10175,2
10176,2
10177,2
10178,2
10179,2
10180,2
10181,2
10182,2
10183,2
10184,2
10185,3
10186,2
10187,2
10188,3
10189,2
10190,2
10191,2
10192,2
10193,2
10194,2
10195,2
10196,2
10197,2
10198,0
10199,2
10200,2
10201,2
10202,2
10203,2
10204,2
10205,2
10206,2
10207,2
10208,2
10209,3
10210,2
10211,2
10212,2
10213,2
10214,2
10215,3
10216,2
10217,2
10218,2
10219,2
10220,2
10221,2
10222,3
10223,3
10224,2
10225,3
10226,3
10227,3
10228,3
10229,2
10230,0
10231,2
10232,2
10233,2
10234,2
10235,2
10236,2
10237,2
10238,2
10239,2
10240,3
10241,2
10242,2
10243,2
10244,3
10245,2
10246,2
10247,2
10248,2
10249,2
10250,2
10251,2
10252,2
10253,2
10254,2
10255,3
10256,2
10257,2
10258,2
10259,2
10260,2
10261,2
10262,2
10263,2
10264,2
10265,2
10266,2
10267,2
10268,2
10269,2
10270,2
10271,2
10272,2
10273,2
10274,2
10275,2
10276,2
10277,3
10278,2
10279,2
10280,2
10281,2
10282,2
10283,2
10284,2
10285,2
10286,2
10287,2
10288,2
10289,2
10290,2
10291,2
10292,2
10293,2
10294,3
10295,2
10296,2
10297,2
10298,2
10299,2
10300,2
10301,1
10302,2
10303,2
10304,2
10305,2
10306,2
10307,2
10308,2
10309,2
10310,2
10311,2
10312,2
10313,2
10314,2
10315,2
10316,2
10317,2
10318,2
10319,2
10320,2
10321,2
10322,2
10323,2
10324,2
10325,2
10326,2
10327,2
10328,2
10329,2
10330,3
10331,4
10332,1
10333,3
10334,1
10335,1
10336,2
10337,3
10338,2
10339,2
10340,2
10341,2
10342,3
10343,2
10344,2
10345,2
10346,2
10347,2
10348,2
10349,2
10350,2
10351,1
10352,1
10353,3
10354,0
10355,2
10356,2
10357,2
10358,2
10359,2
10360,2
10361,2
10362,2
10363,2
10364,2
10365,2
10366,2
10367,2
10368,2
10369,2
10370,2
10371,2
10372,2
10373,2
10374,2
10375,2
10376,2
10377,2
10378,2
10379,2
10380,2
10381,2
10382,2
10383,2
10384,2
10385,2
10386,2
10387,2
10388,2
10389,3
10390,2
10391,2
10392,2
10393,2
10394,2
10395,3
10396,2
10397,2
10398,2
10399,3
10400,2
10401,2
10402,2
10403,2
10404,3
10405,3
10406,2
10407,2
10408,2
10409,2
10410,2
10411,2
10412,2
10413,2
10414,2
10415,2
10416,2
10417,2
10418,3
10419,2
10420,2
10421,2
10422,2
10423,2
10424,2
10425,2
10426,2
10427,2
10428,2
10429,2
10430,2
10431,2
10432,2
10433,2
10434,2
10435,2
10436,2
10437,3
10438,2
10439,2
10440,2
10441,2
10442,2
10443,2
10444,2
10445,2
10446,2
10447,2
10448,2
10449,2
10450,2
10451,2
10452,2
10453,2
10454,2
10455,2
10456,2
10457,2
10458,2
10459,2
10460,2
10461,2
10462,2
10463,2
10464,2
10465,2
10466,2
10467,2
10468,2
10469,2
10470,2
10471,3
10472,2
10473,2
10474,2
10475,3
10476,2
10477,2
10478,2
10479,2
10480,2
10481,2
10482,2
10483,2
10484,2
10485,3
10486,2
10487,2
10488,2
10489,2
10490,3
10491,1
10492,2
10493,2
10494,2
10495,2
10496,2
10497,2
10498,2
10499,2
10500,2
10501,2
10502,2
10503,3
10504,2
10505,2
10506,2
10507,2
10508,2
10509,2
10510,2
10511,1
10512,1
10513,2
10514,2
10515,2
10516,2
10517,2
10518,2
10519,2
10520,2
10521,2
10522,2
10523,2
10524,2
10525,2
10526,2
10527,2
10528,2
10529,2
10530,2
10531,2
10532,2
10533,2
10534,2
10535,2
10536,2
10537,2
10538,2
10539,2
10540,2
10541,2
10542,2
10543,3
10544,3
10545,2
10546,3
10547,2
10548,2
10549,2
10550,2
10551,3
10552,3
10553,2
10554,3
10555,2
10556,2
10557,4
10558,2
10559,3
10560,2
10561,2
10562,2
10563,2
10564,2
10565,3
10566,2
10567,2
10568,2
10569,0
10570,3
10571,3
10572,3
10573,3
10574,2
10575,3
10576,2
10577,3
10578,2
10579,3
10580,3
10581,4
10582,4
10583,3
10584,2
10585,2
10586,4
10587,2
10588,2
10589,2
10590,3
10591,2
10592,2
10593,3
10594,3
10595,3
10596,3
10597,3
10598,2
10599,2
10600,2
10601,3
10602,2
10603,2
10604,2
10605,2
10606,2
10607,2
10608,2
10609,2
10610,2
10611,3
10612,2
10613,2
10614,2
10615,2
10616,2
10617,2
10618,2
10619,2
10620,2
10621,2
10622,2
10623,2
10624,2
10625,2
10626,2
10627,2
10628,0
10629,2
10630,2
10631,2
10632,2
10633,2
10634,2
10635,2
10636,2
10637,2
10638,2
10639,2
10640,2
10641,2
10642,2
10643,3
10644,2
10645,2
10646,2
10647,2
10648,2
10649,2
10650,2
10651,1
10652,2
10653,2
10654,2
10655,2
10656,2
10657,2
10658,2
10659,2
10660,2
10661,2
10662,2
10663,2
10664,2
10665,2
10666,1
10667,1
10668,3
10669,1
10670,2
10671,2
10672,2
10673,2
10674,2
10675,2
10676,2
10677,2
10678,2
10679,2
10680,2
10681,2
10682,2
10683,2
10684,2
10685,2
10686,2
10687,2
10688,2
10689,2
10690,2
10691,2
10692,2
10693,2
10694,2
10695,2
10696,2
10697,2
10698,2
10699,2
10700,2
10701,2
10702,2
10703,2
10704,2
10705,2
10706,2
10707,2
10708,2
10709,2
10710,2
10711,2
10712,2
10713,2
10714,2
10715,2
10716,2
10717,2
10718,2
10719,2
10720,2
10721,2
10722,3
10723,2
10724,2
10725,2
10726,2
10727,2
10728,2
10729,2
10730,2
10731,2
10732,2
10733,2
10734,0
10735,0
10736,2
10737,2
10738,2
10739,2
10740,2
10741,2
10742,2
10743,2
10744,2
10745,2
10746,3
10747,2
10748,3
10749,2
10750,2
10751,2
10752,3
10753,1
10754,2
10755,2
10756,2
10757,2
10758,2
10759,2
10760,2
10761,2
10762,2
10763,2
10764,2
10765,2
10766,2
10767,2
10768,2
10769,2
10770,2
10771,2
10772,2
10773,2
10774,2
10775,2
10776,2
10777,2
10778,2
10779,2
10780,2
10781,2
10782,3
10783,2
10784,2
10785,2
10786,2
10787,2
10788,2
10789,2
10790,2
10791,2
10792,2
10793,2
10794,2
10795,2
10796,2
10797,2
10798,3
10799,2
10800,2
10801,2
10802,3
10803,2
10804,2
10805,2
10806,2
10807,2
10808,2
10809,2
10810,2
10811,2
10812,1
10813,2
10814,2
10815,2
10816,0
10817,2
10818,3
10819,3
10820,3
10821,3
10822,2
10823,2
10824,2
10825,2
10826,2
10827,2
10828,2
10829,2
10830,2
10831,2
10832,2
10833,2
10834,2
10835,2
10836,2
10837,2
10838,2
10839,2
10840,2
10841,2
10842,2
10843,2
10844,2
10845,2
10846,2
10847,2
10848,2
10849,2
10850,2
10851,2
10852,2
10853,2
10854,2
10855,2
10856,2
10857,2
10858,2
10859,2
10860,2
10861,2
10862,2
10863,2
10864,2
10865,2
10866,2
10867,3
10868,2
10869,2
10870,2
10871,3
10872,2
10873,2
10874,2
10875,2
10876,2
10877,2
10878,2
10879,3
10880,2
10881,2
10882,2
10883,2
10884,2
10885,2
10886,2
10887,2
10888,2
10889,2
10890,2
10891,2
10892,2
10893,2
10894,2
10895,2
10896,2
10897,0
10898,2
10899,2
10900,1
10901,2
10902,2
10903,2
10904,2
10905,2
10906,2
10907,2
10908,3
10909,2
10910,1
10911,2
10912,2
10913,2
10914,2
10915,2
10916,2
10917,2
10918,2
10919,2
10920,2
10921,2
10922,2
10923,2
10924,2
10925,2
10926,3
10927,2
10928,2
10929,2
10930,2
10931,2
10932,2
10933,2
10934,2
10935,2
10936,2
10937,2
10938,2
10939,2
10940,2
10941,2
10942,2
10943,2
10944,2
10945,2
10946,2
10947,2
10948,2
10949,3
10950,2
10951,2
10952,2
10953,2
10954,2
10955,2
10956,3
10957,2
10958,2
10959,2
10960,2
10961,2
10962,2
10963,1
10964,2
10965,2
10966,2
10967,2
10968,2
10969,2
10970,2
10971,2
10972,2
10973,2
10974,2
10975,2
10976,2
10977,2
10978,2
10979,2
10980,2
10981,3
10982,2
10983,2
10984,2
10985,2
10986,2
10987,2
10988,2
10989,2
10990,3
10991,2
10992,2
10993,2
10994,2
10995,2
10996,2
10997,2
10998,2
10999,2
11000,2
11001,2
11002,2
11003,2
11004,2
11005,2
11006,2
11007,2
11008,2
11009,2
11010,2
11011,2
11012,2
11013,2
11014,2
11015,2
11016,2
11017,2
11018,2
11019,2
11020,2
11021,2
11022,2
11023,2
11024,2
11025,2
11026,2
11027,2
11028,2
11029,3
11030,2
11031,2
11032,2
11033,3
11034,2
11035,2
11036,2
11037,2
11038,3
11039,2
11040,2
11041,2
11042,2
11043,2
11044,3
11045,2
11046,2
11047,2
11048,2
11049,2
11050,2
11051,2
11052,2
11053,2
11054,2
11055,2
11056,2
11057,3
11058,3
11059,3
11060,2
11061,2
11062,2
11063,2
11064,3
11065,2
11066,0
11067,2
11068,2
11069,2
11070,3
11071,3
11072,2
11073,4
11074,3
11075,0
11076,3
11077,2
11078,0
11079,2
11080,3
11081,2
11082,2
11083,3
11084,3
11085,2
11086,3
11087,3
11088,2
11089,2
11090,2
11091,3
11092,2
11093,3
11094,3
11095,2
11096,3
11097,3
11098,2
11099,3
11100,2
11101,2
11102,2
11103,3
11104,2
11105,2
11106,3
11107,2
11108,3
11109,4
11110,2
11111,3
11112,3
11113,3
11114,4
11115,0
11116,3
11117,3
11118,3
11119,3
11120,2
11121,2
11122,2
11123,2
11124,2
11125,0
11126,2
11127,0
11128,3
11129,2
11130,2
11131,2
11132,2
11133,3
11134,3
11135,4
11136,3
11137,3
11138,2
11139,2
11140,3
11141,0
11142,0
11143,3
11144,2
11145,2
11146,4
11147,0
11148,3
11149,2
11150,4
11151,4
11152,4
11153,3
11154,4
11155,3
11156,3
11157,3
11158,3
11159,3
11160,3
11161,2
11162,2
11163,2
11164,2
11165,2
11166,2
11167,2
11168,2
11169,2
11170,2
11171,2
11172,2
11173,2
11174,2
11175,3
11176,2
11177,2
11178,3
11179,2
11180,2
11181,2
11182,2
11183,2
11184,2
11185,2
11186,2
11187,2
11188,2
11189,2
11190,2
11191,2
11192,2
11193,2
11194,2
11195,2
11196,2
11197,2
11198,2
11199,2
11200,2
11201,2
11202,2
11203,2
11204,3
11205,2
11206,2
11207,3
11208,2
11209,2
11210,2
11211,2
11212,2
11213,2
11214,2
11215,2
11216,2
11217,2
11218,3
11219,0
11220,2
11221,3
11222,2
11223,2
11224,3
11225,0
11226,2
11227,2
11228,2
11229,2
11230,2
11231,2
11232,2
11233,2
11234,2
11235,2
11236,2
11237,2
11238,2
11239,2
11240,3
11241,2
11242,0
11243,3
11244,2
11245,0
11246,2
11247,3
11248,3
11249,2
11250,2
11251,2
11252,2
11253,2
11254,2
11255,2
11256,2
11257,2
11258,2
11259,2
11260,2
11261,2
11262,2
11263,2
11264,1
11265,3
11266,2
11267,3
11268,2
11269,2
11270,2
11271,4
11272,3
11273,3
11274,3
11275,2
11276,3
11277,2
11278,2
11279,4
11280,1
11281,2
11282,3
11283,3
11284,3
11285,3
11286,3
11287,2
11288,4
11289,4
11290,4
11291,3
11292,3
11293,4
11294,3
11295,3
11296,3
11297,3
11298,3
11299,3
11300,3
11301,1
11302,1
11303,2
11304,2
11305,1
11306,1
11307,2
11308,2
11309,2
11310,0
11311,2
11312,2
11313,2
11314,2
11315,2
11316,2
11317,2
11318,2
11319,2
11320,2
11321,2
11322,2
11323,2
11324,2
11325,2
11326,2
11327,2
11328,2
11329,1
11330,2
11331,2
11332,3
11333,2
11334,3
11335,2
11336,2
11337,2
11338,2
11339,2
11340,2
11341,2
11342,2
11343,3
11344,2
11345,2
11346,2
11347,2
11348,2
11349,2
11350,2
11351,2
11352,2
11353,1
11354,1
11355,2
11356,2
11357,2
11358,2
11359,1
11360,2
11361,0
11362,2
11363,2
11364,0
11365,2
11366,2
11367,2
11368,2
11369,0
11370,2
11371,2
11372,0
11373,2
11374,2
11375,2
11376,2
11377,2
11378,3
11379,2
11380,2
11381,2
11382,2
11383,2
11384,3
11385,2
11386,2
11387,2
11388,3
11389,2
11390,2
11391,2
11392,2
11393,2
11394,3
11395,2
11396,2
11397,1
11398,1
11399,2
11400,1
11401,3
11402,3
11403,3
11404,0
11405,1
11406,1
11407,2
11408,3
11409,1
11410,1
11411,0
11412,2
11413,3
11414,2
11415,2
11416,2
11417,2
11418,2
11419,2
11420,2
11421,2
11422,2
11423,2
11424,2
11425,0
11426,0
11427,0
11428,0
11429,0
11430,0
11431,0
11432,3
11433,3
11434,0
11435,0
11436,0
11437,0
11438,3
11439,3
11440,3
11441,3
11442,2
11443,2
11444,2
11445,0
11446,0
11447,4
11448,3
11449,2
11450,3
11451,2
11452,2
11453,2
11454,2
11455,2
11456,2
11457,2
11458,2
11459,2
11460,2
11461,2
11462,2
11463,2
11464,2
11465,3
11466,3
11467,2
11468,2
11469,2
11470,2
11471,2
11472,2
11473,2
11474,2
11475,2
11476,2
11477,3
11478,2
11479,2
11480,2
11481,3
11482,2
11483,2
11484,2
11485,2
11486,2
11487,0
11488,3
11489,2
11490,3
11491,2
11492,2
11493,2
11494,2
11495,2
11496,0
11497,0
11498,2
11499,1
11500,2
11501,2
11502,2
11503,3
11504,0
11505,2
11506,3
11507,2
11508,2
11509,2
11510,3
11511,3
11512,2
11513,2
11514,3
11515,2
11516,3
11517,2
11518,0
11519,2
11520,3
11521,3
11522,3
11523,3
11524,2
11525,2
11526,2
11527,2
11528,2
11529,2
11530,2
11531,1
11532,1
11533,2
11534,1
11535,2
11536,3
11537,2
11538,1
11539,2
11540,1
11541,3
11542,1
11543,2
11544,2
11545,3
11546,2
11547,2
11548,2
11549,2
11550,2
11551,2
11552,2
11553,2
11554,2
11555,2
11556,3
11557,2
11558,2
11559,2
11560,2
11561,2
11562,3
11563,2
11564,2
11565,2
11566,2
11567,2
11568,2
11569,2
11570,2
11571,2
11572,2
11573,2
11574,2
11575,2
11576,2
11577,2
11578,2
11579,2
11580,2
11581,2
11582,2
11583,2
11584,2
11585,2
11586,2
11587,2
11588,2
11589,2
11590,2
11591,2
11592,2
11593,2
11594,2
11595,2
11596,2
11597,2
11598,2
11599,2
11600,2
11601,2
11602,2
11603,2
11604,2
11605,2
11606,2
11607,2
11608,2
11609,2
11610,2
11611,3
11612,2
11613,2
11614,1
11615,0
11616,2
11617,2
11618,2
11619,2
11620,2
11621,2
11622,2
11623,3
11624,3
11625,2
11626,2
11627,2
11628,2
11629,2
11630,2
11631,2
11632,2
11633,3
11634,2
11635,3
11636,0
11637,2
11638,2
11639,2
11640,3
11641,3
11642,2
11643,0
11644,0
11645,0
11646,0
11647,0
11648,0
11649,0
11650,2
11651,1
11652,2
11653,2
11654,2
11655,0
11656,2
11657,2
11658,2
11659,2
11660,2
11661,2
11662,2
11663,2
11664,2
11665,2
11666,2
11667,1
11668,2
11669,2
11670,2
11671,2
11672,2
11673,2
11674,2
11675,2
11676,2
11677,2
11678,2
11679,2
11680,2
11681,2
11682,2
11683,2
11684,2
11685,2
11686,2
11687,2
11688,2
11689,2
11690,2
11691,2
11692,0
11693,0
11694,0
11695,2
11696,2
11697,3
11698,2
11699,2
11700,2
11701,2
11702,2
11703,2
11704,2
11705,2
11706,2
11707,3
11708,2
11709,2
11710,2
11711,2
11712,2
11713,2
11714,2
11715,2
11716,2
11717,2
11718,2
11719,2
11720,2
11721,2
11722,2
11723,2
11724,3
11725,2
11726,2
11727,2
11728,2
11729,2
11730,3
11731,2
11732,3
11733,2
11734,3
11735,2
11736,3
11737,2
11738,1
11739,2
11740,2
11741,2
11742,3
11743,0
11744,0
11745,4
11746,0
11747,2
11748,2
11749,0
11750,0
11751,3
11752,3
11753,2
11754,2
11755,2
11756,3
11757,0
11758,1
11759,2
11760,2
11761,2
11762,3
11763,1
11764,3
11765,2
11766,3
11767,2
11768,3
11769,0
11770,1
11771,2
11772,3
11773,2
11774,2
11775,2
11776,2
11777,2
11778,3
11779,2
11780,2
11781,2
11782,2
11783,2
11784,1
11785,2
11786,1
11787,3
11788,0
11789,2
11790,3
11791,1
11792,1
11793,2
11794,2
11795,2
11796,2
11797,2
11798,2
11799,2
11800,2
11801,2
11802,2
11803,2
11804,3
11805,2
11806,2
11807,1
11808,3
11809,3
11810,2
11811,2
11812,2
11813,0
11814,0
11815,0
11816,0
11817,2
11818,2
11819,2
11820,2
11821,0
11822,0
11823,0
11824,0
11825,3
11826,2
11827,2
11828,3
11829,0
11830,3
11831,0
11832,3
11833,0
11834,2
11835,3
11836,2
11837,3
11838,0
11839,3
11840,3
11841,2
11842,2
11843,2
11844,2
11845,0
11846,2
11847,2
11848,3
11849,3
11850,2
11851,1
11852,0
11853,3
11854,3
11855,3
11856,3
11857,3
11858,2
11859,2
11860,3
11861,3
11862,2
11863,2
11864,2
11865,3
11866,1
11867,1
11868,1
11869,3
11870,2
11871,2
11872,3
11873,3
11874,2
11875,2
11876,2
11877,3
11878,3
11879,2
11880,2
11881,2
11882,2
11883,2
11884,3
11885,2
11886,3
11887,3
11888,2
11889,2
11890,2
11891,2
11892,2
11893,2
11894,2
11895,2
11896,2
11897,2
11898,2
11899,2
11900,2
11901,2
11902,2
11903,2
11904,3
11905,3
11906,3
11907,3
11908,2
11909,0
11910,0
11911,0
11912,3
11913,0
11914,0
11915,3
11916,0
11917,0
11918,0
11919,0
11920,0
11921,0
11922,0
11923,0
11924,0
11925,1
11926,1
11927,1
11928,1
11929,1
11930,2
11931,1
11932,1
11933,1
11934,1
11935,2
11936,2
11937,1
11938,3
11939,1
11940,3
11941,2
11942,3
11943,2
11944,2
11945,3
11946,2
11947,2
11948,3
11949,3
11950,3
11951,2
11952,1
11953,1
11954,1
11955,2
11956,0
11957,2
11958,2
11959,3
11960,2
11961,2
11962,2
11963,3
11964,2
11965,2
11966,2
11967,2
11968,2
11969,2
11970,2
11971,2
11972,2
11973,2
11974,2
11975,2
11976,2
11977,2
11978,2
11979,3
11980,2
11981,3
11982,2
11983,3
11984,3
11985,2
11986,2
11987,2
11988,2
11989,2
11990,2
11991,2
11992,2
11993,2
11994,2
11995,2
11996,2
11997,2
11998,2
11999,2
12000,2
12001,2
12002,2
12003,2
12004,1
12005,2
12006,2
12007,3
12008,2
12009,2
12010,3
12011,2
12012,3
12013,0
12014,0
12015,2
12016,0
12017,3
12018,3
12019,1
12020,2
12021,3
12022,3
12023,3
12024,1
12025,3
12026,3
12027,0
12028,0
12029,1
12030,1
12031,1
12032,1
12033,1
12034,1
12035,1
12036,2
12037,1
12038,1
12039,2
12040,3
12041,2
12042,2
12043,2
12044,2
12045,2
12046,0
12047,1
12048,1
12049,1
12050,2
12051,3
12052,3
12053,3
12054,3
12055,3
12056,3
12057,3
12058,1
12059,1
12060,1
12061,0
12062,3
12063,3
12064,3
12065,0
12066,1
12067,0
12068,2
12069,0
12070,3
12071,3
12072,2
12073,2
12074,3
12075,0
12076,3
12077,3
12078,3
12079,2
12080,2
12081,2
12082,0
12083,3
12084,3
12085,3
12086,3
12087,3
12088,3
12089,0
12090,0
12091,0
12092,0
12093,0
12094,0
12095,0
12096,1
12097,1
12098,0
12099,0
12100,3
12101,3
12102,2
12103,0
12104,0
12105,0
12106,0
12107,0
12108,0
12109,0
12110,3
12111,3
12112,2
12113,4
12114,3
12115,0
12116,1
12117,1
12118,1
12119,3
12120,3
12121,3
12122,2
12123,3
12124,2
12125,3
12126,2
12127,2
12128,3
12129,3
12130,2
12131,2
12132,2
12133,2
12134,2
12135,2
12136,2
12137,2
12138,2
12139,2
12140,2
12141,2
12142,2
12143,3
12144,2
12145,1
12146,1
12147,3
12148,3
12149,2
12150,3
12151,3
12152,2
12153,2
12154,3
12155,2
12156,2
12157,1
12158,1
12159,2
12160,2
12161,3
12162,3
12163,3
12164,3
12165,3
12166,3
12167,3
12168,2
12169,2
12170,2
12171,3
12172,3
12173,2
12174,2
12175,3
12176,2
12177,2
12178,3
12179,3
12180,2
12181,2
12182,3
12183,2
12184,2
12185,2
12186,2
12187,2
12188,3
12189,3
12190,2
12191,2
12192,3
12193,1
12194,1
12195,3
12196,2
12197,3
12198,2
12199,2
12200,3
12201,3
12202,2
12203,3
12204,3
12205,3
12206,2
12207,2
12208,2
12209,3
12210,2
12211,2
12212,3
12213,3
12214,2
12215,3
12216,2
12217,3
12218,2
12219,3
12220,3
12221,3
12222,2
12223,2
12224,3
12225,2
12226,2
12227,2
12228,2
12229,2
12230,3
12231,2
12232,2
12233,2
12234,1
12235,3
12236,1
12237,1
12238,1
12239,1
12240,0
12241,0
12242,0
12243,0
12244,0
12245,3
12246,0
12247,3
12248,0
12249,3
12250,3
12251,3
12252,3
12253,2
12254,3
12255,3
12256,2
12257,2
12258,3
12259,3
12260,2
12261,2
12262,2
12263,0
12264,2
12265,0
12266,3
12267,3
12268,3
12269,3
12270,3
12271,2
12272,0
12273,2
12274,2
12275,2
12276,2
12277,2
12278,2
12279,2
12280,2
12281,2
12282,3
12283,0
12284,3
12285,2
12286,2
12287,2
12288,2
12289,2
12290,0
12291,2
12292,0
12293,3
12294,2
12295,2
12296,0
12297,2
12298,0
12299,1
12300,3
12301,1
12302,1
12303,3
12304,3
12305,0
12306,0
12307,0
12308,3
12309,3
12310,1
12311,0
12312,2
12313,2
12314,2
12315,2
12316,2
12317,2
12318,2
12319,2
12320,3
12321,2
12322,2
12323,2
12324,0
12325,0
12326,3
12327,0
12328,0
12329,2
12330,2
12331,1
12332,1
12333,3
12334,1
12335,3
12336,3
12337,3
12338,3
12339,3
12340,2
12341,3
12342,3
12343,3
12344,1
12345,3
12346,1
12347,3
12348,2
12349,0
12350,2
12351,2
12352,2
12353,3
12354,2
12355,2
12356,2
12357,3
12358,0
12359,3
12360,3
12361,2
12362,3
12363,1
12364,1
12365,1
12366,1
12367,3
12368,1
12369,0
12370,0
12371,0
12372,1
12373,1
12374,0
12375,2
12376,0
12377,3
12378,3
12379,3
12380,0
12381,3
12382,3
12383,3
12384,3
12385,3
12386,0
12387,3
12388,3
12389,2
12390,5
12391,3
12392,3
12393,3
12394,3
12395,0
12396,3
12397,0
12398,0
12399,0
12400,0
12401,2
12402,0
12403,3
12404,3
12405,0
12406,3
12407,3
12408,3
12409,3
12410,2
12411,2
12412,3
12413,0
12414,3
12415,1
12416,0
12417,1
12418,0
12419,3
12420,0
12421,0
12422,0
12423,0
12424,0
12425,0
12426,2
12427,3
12428,2
12429,3
12430,0
12431,0
12432,0
12433,0
12434,0
12435,0
12436,0
12437,0
12438,0
12439,0
12440,0
12441,0
12442,2
12443,0
12444,0
12445,0
12446,0
12447,0
12448,0
12449,0
12450,0
12451,0
12452,0
12453,0
12454,0
12455,0
12456,0
12457,3
12458,3
12459,3
12460,2
12461,3
12462,3
12463,2
12464,3
12465,3
12466,2
12467,2
12468,0
12469,0
12470,0
12471,0
12472,0
12473,0
12474,0
12475,0
12476,0
12477,0
12478,2
12479,3
12480,4
12481,0
12482,0
12483,0
12484,3
12485,0
12486,0
12487,0
12488,0
12489,2
12490,3
12491,0
12492,2
12493,2
12494,0
12495,3
12496,3
12497,2
12498,3
12499,3
12500,3
12501,0
12502,3
12503,3
12504,3
12505,2
12506,0
12507,3
12508,3
12509,4
12510,3
12511,3
12512,3
12513,3
12514,1
12515,2
12516,3
12517,3
12518,2
12519,2
12520,2
12521,2
12522,3
12523,2
12524,2
12525,3
12526,2
12527,2
12528,3
12529,3
12530,2
12531,2
12532,2
12533,3
12534,3
12535,3
12536,2
12537,2
12538,3
12539,3
12540,3
12541,4
12542,3
12543,3
12544,3
12545,2
12546,2
12547,2
12548,2
12549,2
12550,2
12551,2
12552,2
12553,2
12554,2
12555,2
12556,2
12557,3
12558,3
12559,2
12560,3
12561,2
12562,2
12563,2
12564,3
12565,2
12566,2
12567,2
12568,3
12569,3
12570,2
12571,2
12572,2
12573,2
12574,2
12575,2
12576,2
12577,2
12578,2
12579,2
12580,2
12581,0
12582,2
12583,2
12584,2
12585,3
12586,2
12587,2
12588,2
12589,1
12590,1
12591,2
12592,2
12593,3
12594,2
12595,2
12596,2
12597,2
12598,2
12599,2
12600,3
12601,3
12602,2
12603,0
12604,3
12605,2
12606,3
12607,2
12608,3
12609,2
12610,2
12611,2
12612,3
12613,2
12614,2
12615,2
12616,2
12617,2
12618,2
12619,2
12620,2
12621,2
12622,2
12623,2
12624,2
12625,2
12626,2
12627,2
12628,2
12629,2
12630,2
12631,2
12632,2
12633,3
12634,2
12635,2
12636,2
12637,3
12638,2
12639,2
12640,2
12641,2
12642,2
12643,3
12644,2
12645,2
12646,2
12647,2
12648,2
12649,2
12650,2
12651,2
12652,2
12653,2
12654,2
12655,2
12656,2
12657,2
12658,2
12659,2
12660,2
12661,2
12662,2
12663,2
12664,2
12665,2
12666,2
12667,2
12668,2
12669,2
12670,2
12671,2
12672,2
12673,2
12674,2
12675,2
12676,0
12677,2
12678,2
12679,2
12680,2
12681,2
12682,2
12683,3
12684,2
12685,2
12686,2
12687,2
12688,3
12689,2
12690,2
12691,1
12692,2
12693,2
12694,2
12695,2
12696,2
12697,2
12698,3
12699,3
12700,2
12701,2
12702,2
12703,2
12704,2
12705,2
12706,2
12707,2
12708,2
12709,0
12710,2
12711,2
12712,2
12713,2
12714,2
12715,2
12716,2
12717,2
12718,2
12719,2
12720,2
12721,2
12722,2
12723,2
12724,2
12725,2
12726,2
12727,2
12728,2
12729,2
12730,2
12731,2
12732,2
12733,2
12734,2
12735,2
12736,2
12737,2
12738,2
12739,2
12740,2
12741,2
12742,2
12743,2
12744,2
12745,2
12746,2
12747,2
12748,2
12749,2
12750,2
12751,2
12752,2
12753,2
12754,2
12755,2
12756,2
12757,2
12758,2
12759,2
12760,2
12761,2
12762,2
12763,2
12764,2
12765,3
12766,1
12767,2
12768,2
12769,2
12770,2
12771,2
12772,2
12773,2
12774,2
12775,2
12776,2
12777,2
12778,2
12779,2
12780,2
12781,2
12782,2
12783,2
12784,2
12785,2
12786,2
12787,2
12788,2
12789,2
12790,2
12791,2
12792,3
12793,3
12794,3
12795,0
12796,0
12797,2
12798,2
12799,2
12800,3
12801,0
12802,2
12803,3
12804,3
12805,2
12806,2
12807,3
12808,3
12809,3
12810,2
12811,2
12812,0
12813,2
12814,3
12815,2
12816,3
12817,0
12818,2
12819,3
12820,2
12821,2
12822,2
12823,2
12824,2
12825,2
12826,2
12827,3
12828,2
12829,2
12830,2
12831,2
12832,2
12833,2
12834,2
12835,2
12836,2
12837,2
12838,2
12839,2
12840,2
12841,2
12842,2
12843,2
12844,2
12845,2
12846,2
12847,0
12848,2
12849,2
12850,2
12851,0
12852,2
12853,2
12854,2
12855,2
12856,2
12857,2
12858,2
12859,2
12860,2
12861,2
12862,2
12863,2
12864,2
12865,2
12866,2
12867,2
12868,2
12869,2
12870,2
12871,2
12872,2
12873,3
12874,2
12875,2
12876,2
12877,2
12878,2
12879,2
12880,2
12881,0
12882,2
12883,2
12884,2
12885,2
12886,2
12887,2
12888,2
12889,2
12890,2
12891,2
12892,2
12893,2
12894,2
12895,2
12896,2
12897,2
12898,2
12899,2
12900,2
12901,2
12902,2
12903,2
12904,2
12905,2
12906,3
12907,2
12908,2
12909,2
12910,2
12911,2
12912,2
12913,2
12914,2
12915,2
12916,2
12917,2
12918,2
12919,2
12920,2
12921,2
12922,2
12923,3
12924,2
12925,2
12926,0
12927,2
12928,2
12929,2
12930,2
12931,2
12932,2
12933,2
12934,2
12935,2
12936,2
12937,3
12938,2
12939,2
12940,2
12941,2
12942,2
12943,2
12944,2
12945,2
12946,2
12947,2
12948,2
12949,2
12950,2
12951,2
12952,2
12953,2
12954,2
12955,2
12956,2
12957,2
12958,2
12959,0
12960,2
12961,2
12962,2
12963,2
12964,2
12965,2
12966,2
12967,2
12968,3
12969,3
12970,2
12971,0
12972,2
12973,2
12974,3
12975,2
12976,2
12977,2
12978,3
12979,2
12980,2
12981,2
12982,2
12983,2
12984,2
12985,2
12986,2
12987,2
12988,2
12989,2
12990,2
12991,2
12992,2
12993,2
12994,2
12995,2
12996,2
12997,2
12998,2
12999,2
13000,2
13001,2
13002,2
13003,2
13004,2
13005,2
13006,2
13007,2
13008,1
13009,2
13010,2
13011,2
13012,2
13013,2
13014,2
13015,0
13016,2
13017,2
13018,2
13019,2
13020,0
13021,2
13022,2
13023,2
13024,2
13025,2
13026,2
13027,2
13028,2
13029,2
13030,2
13031,2
13032,2
13033,2
13034,2
13035,2
13036,2
13037,2
13038,2
13039,2
13040,2
13041,2
13042,2
13043,2
13044,2
13045,3
13046,2
13047,2
13048,2
13049,3
13050,2
13051,2
13052,2
13053,2
13054,2
13055,2
13056,2
13057,2
13058,2
13059,2
13060,2
13061,2
13062,2
13063,2
13064,2
13065,2
13066,2
13067,3
13068,2
13069,0
13070,3
13071,2
13072,2
13073,3
13074,2
13075,2
13076,0
13077,0
13078,2
13079,2
13080,0
13081,2
13082,2
13083,2
13084,2
13085,2
13086,2
13087,2
13088,2
13089,2
13090,2
13091,2
13092,2
13093,2
13094,2
13095,2
13096,2
13097,2
13098,2
13099,2
13100,2
13101,2
13102,2
13103,2
13104,2
13105,2
13106,2
13107,2
13108,2
13109,2
13110,2
13111,2
13112,2
13113,2
13114,2
13115,2
13116,2
13117,2
13118,2
13119,2
13120,2
13121,2
13122,3
13123,2
13124,2
13125,2
13126,2
13127,2
13128,2
13129,2
13130,2
13131,2
13132,2
13133,2
13134,2
13135,2
13136,2
13137,2
13138,2
13139,2
13140,2
13141,2
13142,2
13143,2
13144,2
13145,2
13146,2
13147,2
13148,2
13149,2
13150,2
13151,2
13152,2
13153,2
13154,2
13155,2
13156,2
13157,2
13158,2
13159,2
13160,2
13161,2
13162,2
13163,2
13164,2
13165,2
13166,2
13167,2
13168,2
13169,2
13170,2
13171,2
13172,2
13173,3
13174,2
13175,2
13176,2
13177,2
13178,3
13179,2
13180,2
13181,2
13182,2
13183,2
13184,2
13185,2
13186,2
13187,2
13188,2
13189,2
13190,2
13191,2
13192,2
13193,2
13194,2
13195,2
13196,2
13197,2
13198,2
13199,3
13200,3
13201,2
13202,2
13203,2
13204,2
13205,2
13206,0
13207,2
13208,2
13209,2
13210,3
13211,2
13212,3
13213,0
13214,2
13215,2
13216,2
13217,2
13218,2
13219,2
13220,2
13221,2
13222,2
13223,2
13224,2
13225,2
13226,2
13227,3
13228,2
13229,2
13230,2
13231,2
13232,2
13233,2
13234,2
13235,2
13236,2
13237,2
13238,2
13239,2
13240,2
13241,2
13242,2
13243,2
13244,2
13245,2
13246,2
13247,2
13248,2
13249,2
13250,2
13251,2
13252,2
13253,2
13254,2
13255,0
13256,3
13257,2
13258,0
13259,0
13260,0
13261,2
13262,2
13263,2
13264,3
13265,2
13266,2
13267,3
13268,2
13269,3
13270,2
13271,2
13272,3
13273,2
13274,2
13275,2
13276,0
13277,2
13278,2
13279,2
13280,2
13281,2
13282,2
13283,2
13284,3
13285,2
13286,3
13287,3
13288,3
13289,2
13290,3
13291,2
13292,3
13293,3
13294,3
13295,2
13296,3
13297,3
13298,1
13299,2
13300,3
13301,3
13302,2
13303,2
13304,3
13305,2
13306,2
13307,2
13308,2
13309,2
13310,2
13311,2
13312,2
13313,2
13314,2
13315,2
13316,2
13317,2
13318,2
13319,2
13320,2
13321,2
13322,2
13323,2
13324,2
13325,2
13326,2
13327,2
13328,2
13329,2
13330,2
13331,2
13332,2
13333,2
13334,2
13335,2
13336,2
13337,2
13338,2
13339,2
13340,2
13341,2
13342,2
13343,2
13344,2
13345,2
13346,2
13347,2
13348,2
13349,2
13350,2
13351,2
13352,2
13353,2
13354,2
13355,2
13356,2
13357,2
13358,2
13359,2
13360,2
13361,2
13362,2
13363,2
13364,2
13365,2
13366,2
13367,2
13368,2
13369,2
13370,2
13371,3
13372,2
13373,2
13374,2
13375,3
13376,3
13377,3
13378,3
13379,3
13380,3
13381,3
13382,1
13383,3
13384,3
13385,3
13386,3
13387,3
13388,3
13389,3
13390,3
13391,0
13392,2
13393,2
13394,2
13395,2
13396,2
13397,2
13398,2
13399,2
13400,2
13401,2
13402,2
13403,2
13404,2
13405,2
13406,2
13407,2
13408,2
13409,2
13410,2
13411,2
13412,2
13413,2
13414,2
13415,2
13416,2
13417,2
13418,2
13419,2
13420,2
13421,2
13422,2
13423,2
13424,2
13425,2
13426,2
13427,2
13428,2
13429,2
13430,0
13431,2
13432,2
13433,2
13434,2
13435,2
13436,2
13437,2
13438,2
13439,2
13440,2
13441,2
13442,2
13443,2
13444,2
13445,2
13446,2
13447,2
13448,2
13449,2
13450,2
13451,2
13452,2
13453,2
13454,2
13455,2
13456,2
13457,2
13458,2
13459,2
13460,2
13461,2
13462,2
13463,2
13464,3
13465,2
13466,2
13467,3
13468,3
13469,2
13470,2
13471,3
13472,2
13473,2
13474,3
13475,2
13476,0
13477,0
13478,2
13479,2
13480,3
13481,2
13482,2
13483,2
13484,2
13485,2
13486,2
13487,2
13488,2
13489,2
13490,2
13491,2
13492,2
13493,2
13494,2
13495,2
13496,2
13497,2
13498,2
13499,2
13500,2
13501,2
13502,0
13503,2
13504,2
13505,2
13506,2
13507,2
13508,2
13509,2
13510,2
13511,2
13512,2
13513,2
13514,2
13515,2
13516,2
13517,2
13518,2
13519,2
13520,2
13521,2
13522,2
13523,2
13524,2
13525,2
13526,2
13527,2
13528,2
13529,2
13530,2
13531,2
13532,0
13533,2
13534,2
13535,2
13536,2
13537,2
13538,2
13539,2
13540,2
13541,2
13542,2
13543,2
13544,2
13545,2
13546,2
13547,2
13548,2
13549,2
13550,3
13551,2
13552,2
13553,0
13554,2
13555,2
13556,2
13557,2
13558,0
13559,2
13560,0
13561,0
13562,0
13563,0
13564,0
13565,0
13566,0
13567,0
13568,2
13569,2
13570,2
13571,2
13572,2
13573,2
13574,2
13575,2
13576,2
13577,2
13578,2
13579,2
13580,2
13581,2
13582,2
13583,2
13584,2
13585,2
13586,2
13587,2
13588,2
13589,2
13590,2
13591,2
13592,2
13593,2
13594,2
13595,2
13596,2
13597,2
13598,2
13599,2
13600,2
13601,2
13602,2
13603,2
13604,3
13605,2
13606,2
13607,2
13608,3
13609,4
13610,2
13611,4
13612,4
13613,2
13614,3
13615,3
13616,3
13617,3
13618,3
13619,3
13620,3
13621,4
13622,2
13623,3
13624,3
13625,3
13626,3
13627,0
13628,0
13629,0
13630,0
13631,0
13632,0
13633,0
13634,2
13635,0
13636,0
13637,0
13638,0
13639,0
13640,0
13641,2
13642,2
13643,2
13644,0
13645,0
13646,2
13647,2
13648,0
13649,0
13650,2
13651,0
13652,2
13653,0
13654,2
13655,2
13656,2
13657,3
13658,2
13659,4
13660,3
13661,3
13662,3
13663,3
13664,0
13665,3
13666,3
13667,3
13668,3
13669,3
13670,3
13671,3
13672,3
13673,3
13674,3
13675,3
13676,3
13677,3
13678,3
13679,3
13680,2
13681,3
13682,3
13683,4
13684,3
13685,3
13686,3
13687,3
13688,3
13689,2
13690,2
13691,3
13692,3
13693,3
13694,3
13695,3
13696,2
13697,3
13698,3
13699,2
13700,3
13701,3
13702,3
13703,3
13704,3
13705,3
13706,3
13707,3
13708,3
13709,3
13710,3
13711,3
13712,3
13713,3
13714,2
13715,4
13716,3
13717,2
13718,2
13719,2
13720,3
13721,3
13722,3
13723,3
13724,3
13725,3
13726,3
13727,3
13728,2
13729,3
13730,3
13731,0
13732,0
13733,2
13734,0
13735,0
13736,0
13737,2
13738,3
13739,2
13740,2
13741,0
13742,3
13743,3
13744,4
13745,3
13746,0
13747,2
13748,0
13749,2
13750,0
13751,0
13752,0
13753,0
13754,3
13755,0
13756,3
13757,3
13758,2
13759,2
13760,2
13761,3
13762,2
13763,3
13764,3
13765,3
13766,3
13767,4
13768,3
13769,3
13770,3
13771,3
13772,3
13773,2
13774,2
13775,2
13776,2
13777,3
13778,3
13779,3
13780,3
13781,3
13782,3
13783,3
13784,3
13785,3
13786,3
13787,3
13788,2
13789,3
13790,3
13791,3
13792,2
13793,3
13794,2
13795,3
13796,3
13797,3
13798,2
13799,3
13800,3
13801,0
13802,3
13803,2
13804,2
13805,0
13806,3
13807,3
13808,3
13809,3
13810,3
13811,2
13812,3
13813,3
13814,3
13815,3
13816,3
13817,2
13818,2
13819,0
13820,3
13821,2
13822,3
13823,3
13824,0
13825,3
13826,3
13827,3
13828,3
13829,3
13830,2
13831,0
13832,2
13833,3
13834,3
13835,3
13836,0
13837,2
13838,0
13839,2
13840,3
13841,3
13842,3
13843,2
13844,2
13845,3
13846,3
13847,3
13848,3
13849,3
13850,3
13851,3
13852,3
13853,3
13854,3
13855,3
13856,2
13857,3
13858,3
13859,3
13860,3
13861,2
13862,3
13863,0
13864,2
13865,2
13866,3
13867,2
13868,3
13869,2
13870,2
13871,0
13872,0
13873,3
13874,3
13875,3
13876,3
13877,2
13878,2
13879,2
13880,2
13881,2
13882,2
13883,0
13884,2
13885,2
13886,2
13887,3
13888,2
13889,2
13890,2
13891,2
13892,2
13893,2
13894,2
13895,2
13896,2
13897,3
13898,3
13899,2
13900,2
13901,2
13902,2
13903,2
13904,3
13905,2
13906,2
13907,2
13908,2
13909,2
13910,0
13911,2
13912,2
13913,2
13914,0
13915,2
13916,2
13917,2
13918,2
13919,2
13920,2
13921,2
13922,3
13923,3
13924,3
13925,3
13926,3
13927,3
13928,3
13929,3
13930,3
13931,3
13932,2
13933,2
13934,2
13935,0
13936,2
13937,2
13938,2
13939,2
13940,3
13941,3
13942,3
13943,3
13944,3
13945,2
13946,2
13947,0
13948,0
13949,3
13950,0
13951,0
13952,0
13953,0
13954,0
13955,2
13956,2
13957,2
13958,2
13959,2
13960,2
13961,2
13962,2
13963,2
13964,2
13965,2
13966,2
13967,2
13968,2
13969,2
13970,2
13971,2
13972,2
13973,2
13974,3
13975,2
13976,2
13977,3
13978,3
13979,2
13980,2
13981,2
13982,3
13983,2
13984,2
13985,2
13986,2
13987,2
13988,2
13989,2
13990,3
13991,2
13992,2
13993,2
13994,2
13995,2
13996,2
13997,2
13998,2
13999,2
14000,2
14001,2
14002,3
14003,2
14004,0
14005,0
14006,2
14007,2
14008,2
14009,0
14010,2
14011,2
14012,2
14013,0
14014,0
14015,0
14016,0
14017,0
14018,0
14019,0
14020,0
14021,0
14022,2
14023,2
14024,0
14025,2
14026,2
14027,2
14028,3
14029,2
14030,3
14031,2
14032,2
14033,2
14034,2
14035,2
14036,2
14037,2
14038,2
14039,2
14040,0
14041,2
14042,2
14043,2
14044,2
14045,2
14046,0
14047,2
14048,2
14049,2
14050,3
14051,2
14052,2
14053,2
14054,0
14055,0
14056,3
14057,2
14058,2
14059,0
14060,2
14061,3
14062,3
14063,2
14064,2
14065,2
14066,2
14067,2
14068,3
14069,3
14070,2
14071,2
14072,3
14073,2
14074,2
14075,3
14076,3
14077,3
14078,3
14079,3
14080,2
14081,2
14082,3
14083,3
14084,2
14085,0
14086,2
14087,2
14088,2
14089,2
14090,2
14091,3
14092,3
14093,3
14094,3
14095,2
14096,2
14097,3
14098,2
14099,2
14100,3
14101,0
14102,0
14103,0
14104,0
14105,0
14106,0
14107,0
14108,0
14109,2
14110,3
14111,3
14112,3
14113,3
14114,2
14115,2
14116,3
14117,3
14118,3
14119,0
14120,2
14121,3
14122,2
14123,0
14124,0
14125,0
14126,2
14127,2
14128,2
14129,2
14130,3
14131,3
14132,3
14133,2
14134,3
14135,3
14136,3
14137,3
14138,2
14139,2
14140,2
14141,2
14142,3
14143,3
14144,3
14145,3
14146,3
14147,2
14148,3
14149,3
14150,3
14151,3
14152,4
14153,3
14154,3
14155,4
14156,4
14157,3
14158,3
14159,3
14160,3
14161,2
14162,2
14163,2
14164,2
14165,2
14166,2
14167,2
14168,2
14169,2
14170,3
14171,4
14172,3
14173,3
14174,0
14175,3
14176,2
14177,2
14178,2
14179,2
14180,2
14181,2
14182,3
14183,2
14184,2
14185,2
14186,2
14187,2
14188,2
14189,2
14190,2
14191,3
14192,2
14193,2
14194,2
14195,2
14196,2
14197,2
14198,3
14199,2
14200,2
14201,2
14202,2
14203,3
14204,2
14205,2
14206,2
14207,2
14208,2
14209,3
14210,0
14211,2
14212,2
14213,2
14214,0
14215,3
14216,0
14217,0
14218,3
14219,2
14220,2
14221,3
14222,2
14223,3
14224,2
14225,2
14226,2
14227,2
14228,2
14229,2
14230,2
14231,3
14232,3
14233,2
14234,2
14235,2
14236,2
14237,2
14238,2
14239,3
14240,0
14241,2
14242,0
14243,2
14244,2
14245,2
14246,2
14247,2
14248,2
14249,3
14250,2
14251,2
14252,2
14253,2
14254,2
14255,0
14256,2
14257,2
14258,2
14259,2
14260,2
14261,2
14262,2
14263,2
14264,2
14265,2
14266,2
14267,2
14268,2
14269,2
14270,2
14271,2
14272,2
14273,2
14274,2
14275,2
14276,2
14277,2
14278,2
14279,2
14280,2
14281,2
14282,2
14283,2
14284,2
14285,2
14286,2
14287,2
14288,2
14289,3
14290,2
14291,2
14292,2
14293,3
14294,3
14295,1
14296,2
14297,2
14298,2
14299,2
14300,2
14301,2
14302,2
14303,0
14304,2
14305,3
14306,3
14307,0
14308,0
14309,0
14310,2
14311,2
14312,2
14313,2
14314,2
14315,2
14316,2
14317,2
14318,2
14319,2
14320,2
14321,2
14322,2
14323,2
14324,2
14325,2
14326,2
14327,2
14328,2
14329,2
14330,2
14331,2
14332,2
14333,2
14334,2
14335,2
14336,2
14337,2
14338,2
14339,2
14340,2
14341,2
14342,2
14343,2
14344,2
14345,2
14346,2
14347,2
14348,2
14349,3
14350,2
14351,2
14352,3
14353,3
14354,3
14355,0
14356,0
14357,0
14358,0
14359,0
14360,0
14361,2
14362,3
14363,3
14364,3
14365,3
14366,3
14367,3
14368,1
14369,3
14370,3
14371,3
14372,2
14373,3
14374,2
14375,2
14376,2
14377,2
14378,2
14379,2
14380,2
14381,3
14382,2
14383,2
14384,2
14385,2
14386,2
14387,2
14388,2
14389,2
14390,2
14391,2
14392,2
14393,2
14394,2
14395,2
14396,2
14397,2
14398,2
14399,2
14400,2
14401,2
14402,2
14403,2
14404,2
14405,2
14406,2
14407,2
14408,2
14409,2
14410,2
14411,3
14412,2
14413,2
14414,2
14415,0
14416,2
14417,2
14418,2
14419,2
14420,3
14421,2
14422,2
14423,3
14424,2
14425,2
14426,3
14427,2
14428,2
14429,2
14430,2
14431,2
14432,2
14433,2
14434,2
14435,2
14436,2
14437,2
14438,3
14439,2
14440,2
14441,3
14442,2
14443,2
14444,2
14445,2
14446,2
14447,2
14448,2
14449,3
14450,3
14451,3
14452,3
14453,2
14454,3
14455,3
14456,3
14457,0
14458,2
14459,2
14460,2
14461,2
14462,2
14463,2
14464,2
14465,2
14466,2
14467,2
14468,2
14469,2
14470,2
14471,2
14472,2
14473,2
14474,2
14475,2
14476,2
14477,2
14478,2
14479,2
14480,2
14481,2
14482,2
14483,2
14484,2
14485,2
14486,2
14487,2
14488,2
14489,2
14490,2
14491,2
14492,2
14493,2
14494,2
14495,2
14496,2
14497,2
14498,2
14499,2
14500,2
14501,2
14502,2
14503,2
14504,2
14505,2
14506,2
14507,2
14508,3
14509,2
14510,3
14511,2
14512,3
14513,2
14514,2
14515,2
14516,2
14517,2
14518,2
14519,2
14520,2
14521,2
14522,2
14523,3
14524,3
14525,2
14526,2
14527,2
14528,2
14529,1
14530,0
14531,0
14532,0
14533,0
14534,1
14535,2
14536,3
14537,3
14538,2
14539,2
14540,2
14541,2
14542,2
14543,2
14544,3
14545,2
14546,2
14547,2
14548,2
14549,2
14550,2
14551,3
14552,2
14553,2
14554,2
14555,3
14556,2
14557,2
14558,2
14559,2
14560,2
14561,3
14562,0
14563,3
14564,3
14565,0
14566,3
14567,3
14568,2
14569,1
14570,3
14571,3
14572,2
14573,2
14574,3
14575,2
14576,3
14577,3
14578,3
14579,3
14580,2
14581,2
14582,2
14583,2
14584,2
14585,2
14586,2
14587,2
14588,2
14589,2
14590,2
14591,2
14592,2
14593,2
14594,2
14595,3
14596,2
14597,2
14598,2
14599,2
14600,2
14601,3
14602,2
14603,2
14604,2
14605,2
14606,2
14607,2
14608,2
14609,2
14610,2
14611,3
14612,2
14613,2
14614,2
14615,2
14616,2
14617,2
14618,2
14619,2
14620,2
14621,2
14622,2
14623,2
14624,2
14625,2
14626,3
14627,2
14628,2
14629,2
14630,3
14631,2
14632,2
14633,2
14634,2
14635,2
14636,3
14637,3
14638,1
14639,3
14640,1
14641,3
14642,2
14643,3
14644,3
14645,3
14646,3
14647,3
14648,2
14649,2
14650,3
14651,3
14652,3
14653,3
14654,3
14655,3
14656,3
14657,2
14658,3
14659,2
14660,2
14661,3
14662,2
14663,3
14664,3
14665,3
14666,2
14667,3
14668,2
14669,3
14670,3
14671,2
14672,2
14673,2
14674,3
14675,2
14676,0
14677,3
14678,3
14679,3
14680,1
14681,2
14682,3
14683,0
14684,0
14685,0
14686,2
14687,2
14688,2
14689,2
14690,2
14691,3
14692,3
14693,2
14694,3
14695,3
14696,3
14697,2
14698,2
14699,2
14700,2
14701,2
14702,3
14703,2
14704,3
14705,2
14706,2
14707,2
14708,2
14709,2
14710,2
14711,2
14712,2
14713,2
14714,2
14715,2
14716,2
14717,2
14718,0
14719,2
14720,2
14721,2
14722,2
14723,2
14724,2
14725,2
14726,2
14727,2
14728,2
14729,2
14730,2
14731,2
14732,2
14733,2
14734,2
14735,2
14736,2
14737,0
14738,2
14739,2
14740,2
14741,3
14742,3
14743,2
14744,3
14745,3
14746,2
14747,2
14748,2
14749,0
14750,0
14751,2
14752,3
14753,2
14754,0
14755,0
14756,0
14757,0
14758,0
14759,2
14760,3
14761,3
14762,2
14763,2
14764,0
14765,0
14766,3
14767,2
14768,2
14769,2
14770,2
14771,2
14772,2
14773,2
14774,2
14775,2
14776,2
14777,2
14778,2
14779,2
14780,3
14781,3
14782,2
14783,3
14784,3
14785,2
14786,2
14787,2
14788,3
14789,3
14790,0
14791,3
14792,3
14793,3
14794,1
14795,3
14796,3
14797,3
14798,3
14799,3
14800,3
14801,3
14802,3
14803,3
14804,2
14805,3
14806,3
14807,3
14808,2
14809,3
14810,3
14811,2
14812,2
14813,2
14814,0
14815,3
14816,0
14817,0
14818,0
14819,0
14820,0
14821,3
14822,1
14823,2
14824,3
14825,3
14826,1
14827,3
14828,3
14829,2
14830,2
14831,2
14832,2
14833,2
14834,2
14835,2
14836,2
14837,2
14838,2
14839,2
14840,2
14841,2
14842,2
14843,2
14844,2
14845,2
14846,2
14847,2
14848,2
14849,2
14850,2
14851,2
14852,2
14853,2
14854,2
14855,2
14856,2
14857,2
14858,2
14859,2
14860,2
14861,2
14862,2
14863,2
14864,3
14865,2
14866,2
14867,2
14868,3
14869,2
14870,3
14871,2
14872,3
14873,2
14874,2
14875,2
14876,0
14877,2
14878,3
14879,2
14880,2
14881,2
14882,2
14883,2
14884,2
14885,2
14886,3
14887,2
14888,2
14889,0
14890,2
14891,0
14892,2
14893,2
14894,2
14895,2
14896,2
14897,2
14898,2
14899,2
14900,2
14901,3
14902,2
14903,2
14904,2
14905,2
14906,2
14907,2
14908,2
14909,2
14910,2
14911,2
14912,2
14913,3
14914,3
14915,0
14916,0
14917,3
14918,2
14919,2
14920,2
14921,2
14922,2
14923,2
14924,2
14925,3
14926,2
14927,3
14928,3
14929,3
14930,3
14931,3
14932,2
14933,2
14934,2
14935,2
14936,3
14937,0
14938,2
14939,3
14940,2
14941,2
14942,2
14943,2
14944,2
14945,2
14946,2
14947,3
14948,2
14949,3
14950,2
14951,2
14952,2
14953,2
14954,2
14955,2
14956,2
14957,2
14958,2
14959,2
14960,2
14961,2
14962,2
14963,2
14964,2
14965,2
14966,2
14967,2
14968,3
14969,2
14970,2
14971,2
14972,2
14973,2
14974,2
14975,2
14976,2
14977,2
14978,2
14979,2
14980,0
14981,2
14982,2
14983,2
14984,2
14985,2
14986,2
14987,2
14988,2
14989,2
14990,2
14991,2
14992,2
14993,2
14994,2
14995,2
14996,2
14997,2
14998,2
14999,2
15000,2
15001,2
15002,2
15003,2
15004,2
15005,2
15006,2
15007,2
15008,2
15009,2
15010,2
15011,2
15012,2
15013,2
15014,2
15015,2
15016,3
15017,2
15018,2
15019,2
15020,2
15021,2
15022,2
15023,2
15024,2
15025,2
15026,2
15027,2
15028,2
15029,2
15030,2
15031,3
15032,2
15033,2
15034,2
15035,2
15036,2
15037,2
15038,2
15039,3
15040,3
15041,0
15042,0
15043,2
15044,2
15045,0
15046,3
15047,3
15048,0
15049,0
15050,2
15051,0
15052,2
15053,2
15054,3
15055,2
15056,3
15057,2
15058,2
15059,2
15060,2
15061,2
15062,2
15063,2
15064,2
15065,2
15066,2
15067,2
15068,2
15069,2
15070,2
15071,2
15072,2
15073,3
15074,3
15075,2
15076,2
15077,2
15078,3
15079,2
15080,3
15081,2
15082,3
15083,3
15084,3
15085,3
15086,3
15087,3
15088,3
15089,3
15090,2
15091,3
15092,2
15093,0
15094,3
15095,3
15096,3
15097,3
15098,2
15099,2
15100,2
15101,2
15102,2
15103,2
15104,2
15105,2
15106,2
15107,3
15108,2
15109,2
15110,2
15111,2
15112,2
15113,2
15114,2
15115,2
15116,3
15117,2
15118,2
15119,3
15120,2
15121,3
15122,2
15123,3
15124,2
15125,2
15126,2
15127,0
15128,2
15129,3
15130,3
15131,3
15132,2
15133,2
15134,2
15135,2
15136,2
15137,2
15138,2
15139,2
15140,2
15141,2
15142,2
15143,2
15144,2
15145,2
15146,2
15147,3
15148,2
15149,2
15150,3
15151,2
15152,2
15153,2
15154,2
15155,2
15156,2
15157,2
15158,2
15159,2
15160,2
15161,2
15162,2
15163,2
15164,2
15165,2
15166,3
15167,2
15168,2
15169,2
15170,2
15171,2
15172,2
15173,2
15174,2
15175,2
15176,2
15177,2
15178,2
15179,2
15180,2
15181,2
15182,3
15183,2
15184,2
15185,2
15186,2
15187,2
15188,2
15189,3
15190,3
15191,2
15192,2
15193,2
15194,2
15195,2
15196,2
15197,2
15198,2
15199,2
15200,2
15201,2
15202,2
15203,2
15204,2
15205,2
15206,2
15207,2
15208,2
15209,2
15210,2
15211,2
15212,3
15213,2
15214,2
15215,2
15216,2
15217,2
15218,2
15219,2
15220,2
15221,2
15222,2
15223,2
15224,3
15225,2
15226,2
15227,2
15228,2
15229,2
15230,2
15231,2
15232,2
15233,2
15234,2
15235,2
15236,2
15237,2
15238,2
15239,2
15240,2
15241,2
15242,2
15243,2
15244,2
15245,2
15246,2
15247,2
15248,2
15249,2
15250,2
15251,2
15252,2
15253,2
15254,2
15255,2
15256,2
15257,2
15258,2
15259,2
15260,2
15261,2
15262,2
15263,2
15264,2
15265,2
15266,2
15267,2
15268,2
15269,2
15270,2
15271,2
15272,2
15273,2
15274,2
15275,2
15276,2
15277,2
15278,2
15279,2
15280,2
15281,2
15282,2
15283,2
15284,2
15285,2
15286,2
15287,2
15288,2
15289,2
15290,2
15291,2
15292,2
15293,2
15294,2
15295,2
15296,1
15297,0
15298,0
15299,0
15300,0
15301,3
15302,3
15303,0
15304,0
15305,0
15306,0
15307,0
15308,0
15309,0
15310,0
15311,2
15312,2
15313,2
15314,2
15315,2
15316,2
15317,3
15318,0
15319,0
15320,3
15321,3
15322,3
15323,1
15324,1
15325,3
15326,3
15327,3
15328,3
15329,2
15330,2
15331,2
15332,1
15333,2
15334,1
15335,3
15336,2
15337,3
15338,1
15339,3
15340,2
15341,3
15342,2
15343,2
15344,3
15345,3
15346,0
15347,3
15348,3
15349,2
15350,3
15351,3
15352,3
15353,3
15354,2
15355,2
15356,2
15357,3
15358,3
15359,2
15360,2
15361,2
15362,2
15363,2
15364,2
15365,2
15366,2
15367,2
15368,2
15369,2
15370,2
15371,2
15372,2
15373,2
15374,2
15375,2
15376,2
15377,2
15378,2
15379,2
15380,2
15381,2
15382,2
15383,2
15384,2
15385,2
15386,2
15387,2
15388,3
15389,2
15390,2
15391,2
15392,2
15393,2
15394,2
15395,3
15396,2
15397,2
15398,2
15399,2
15400,0
15401,2
15402,2
15403,2
15404,3
15405,3
15406,2
15407,3
15408,2
15409,0
15410,0
15411,1
15412,1
15413,0
15414,2
15415,2
15416,2
15417,2
15418,2
15419,0
15420,3
15421,3
15422,3
15423,3
15424,3
15425,2
15426,2
15427,3
15428,2
15429,2
15430,2
15431,3
15432,2
15433,0
15434,0
15435,1
15436,3
15437,3
15438,3
15439,3
15440,2
15441,2
15442,3
15443,2
15444,2
15445,2
15446,2
15447,2
15448,2
15449,2
15450,2
15451,3
15452,2
15453,2
15454,2
15455,2
15456,0
15457,2
15458,2
15459,2
15460,2
15461,2
15462,2
15463,3
15464,3
15465,2
15466,3
15467,2
15468,2
15469,3
15470,2
15471,2
15472,3
15473,3
15474,3
15475,3
15476,3
15477,2
15478,2
15479,2
15480,3
15481,3
15482,2
15483,2
15484,2
15485,2
15486,2
15487,2
15488,2
15489,2
15490,2
15491,2
15492,2
15493,2
15494,3
15495,2
15496,2
15497,2
15498,2
15499,2
15500,2
15501,2
15502,2
15503,3
15504,2
15505,3
15506,3
15507,2
15508,2
15509,2
15510,0
15511,0
15512,0
15513,0
15514,0
15515,0
15516,0
15517,0
15518,3
15519,2
15520,3
15521,2
15522,2
15523,2
15524,2
15525,2
15526,2
15527,0
15528,3
15529,3
15530,3
15531,2
15532,3
15533,2
15534,2
15535,1
15536,0
15537,3
15538,2
15539,3
15540,3
15541,2
15542,3
15543,3
15544,2
15545,2
15546,3
15547,2
15548,3
15549,3
15550,3
15551,3
15552,3
15553,3
15554,3
15555,2
15556,3
15557,2
15558,3
15559,2
15560,3
15561,3
15562,2
15563,2
15564,3
15565,2
15566,2
15567,2
15568,2
15569,3
15570,2
15571,2
15572,2
15573,2
15574,2
15575,2
15576,2
15577,2
15578,3
15579,1
15580,3
15581,2
15582,2
15583,2
15584,0
15585,0
15586,2
15587,3
15588,3
15589,0
15590,3
15591,0
15592,0
15593,0
15594,0
15595,0
15596,2
15597,3
15598,2
15599,2
15600,3
15601,0
15602,0
15603,0
15604,2
15605,3
15606,0
15607,0
15608,3
15609,2
15610,2
15611,2
15612,2
15613,2
15614,2
15615,4
15616,2
15617,2
15618,2
15619,2
15620,2
15621,2
15622,2
15623,2
15624,2
15625,2
15626,2
15627,3
15628,3
15629,3
15630,2
15631,2
15632,0
15633,0
15634,0
15635,0
15636,0
15637,0
15638,0
15639,0
15640,0
15641,3
15642,2
15643,3
15644,2
15645,2
15646,3
15647,2
15648,2
15649,2
15650,2
15651,2
15652,0
15653,3
15654,0
15655,0
15656,1
15657,3
15658,2
15659,3
15660,2
15661,2
15662,1
15663,0
15664,3
15665,0
15666,0
15667,1
15668,0
15669,0
15670,0
15671,2
15672,0
15673,1
15674,3
15675,2
15676,1
15677,3
15678,3
15679,1
15680,0
15681,0
15682,0
15683,0
15684,0
15685,0
15686,0
15687,0
15688,0
15689,0
15690,2
15691,0
15692,0
15693,0
15694,0
15695,0
15696,0
15697,2
15698,0
15699,0
15700,0
15701,0
15702,0
15703,0
15704,0
15705,3
15706,1
15707,3
15708,3
15709,2
15710,3
15711,3
15712,2
15713,1
15714,3
15715,3
15716,2
15717,2
15718,3
15719,3
15720,3
15721,3
15722,3
15723,3
15724,3
15725,2
15726,3
15727,3
15728,3
15729,0
15730,3
15731,2
15732,2
15733,2
15734,2
15735,3
15736,3
15737,0
15738,3
15739,3
15740,3
15741,0
15742,0
15743,0
15744,3
15745,1
15746,0
15747,3
15748,1
15749,0
15750,2
15751,0
15752,0
15753,0
15754,2
15755,0
15756,2
15757,3
15758,2
15759,0
15760,2
15761,2
15762,2
15763,3
15764,3
15765,2
15766,2
15767,2
15768,3
15769,2
15770,2
15771,2
15772,2
15773,2
15774,2
15775,3
15776,0
15777,2
15778,1
15779,2
15780,3
15781,2
15782,2
15783,2
15784,2
15785,2
15786,2
15787,2
15788,2
15789,2
15790,2
15791,2
15792,2
15793,2
15794,2
15795,2
15796,2
15797,2
15798,2
15799,2
15800,2
15801,2
15802,2
15803,2
15804,2
15805,2
15806,2
15807,2
15808,3
15809,3
15810,3
15811,2
15812,3
15813,2
15814,2
15815,2
15816,2
15817,2
15818,2
15819,2
15820,2
15821,2
15822,2
15823,3
15824,2
15825,2
15826,2
15827,2
15828,2
15829,2
15830,2
15831,2
15832,2
15833,2
15834,2
15835,2
15836,2
15837,2
15838,2
15839,2
15840,2
15841,2
15842,2
15843,2
15844,2
15845,3
15846,2
15847,2
15848,2
15849,2
15850,2
15851,2
15852,3
15853,2
15854,2
15855,2
15856,2
15857,2
15858,2
15859,2
15860,2
15861,2
15862,2
15863,2
15864,3
15865,2
15866,2
15867,2
15868,2
15869,2
15870,3
15871,0
15872,2
15873,2
15874,2
15875,0
15876,0
15877,0
15878,0
15879,0
15880,3
15881,0
15882,0
15883,0
15884,0
15885,0
15886,0
15887,2
15888,2
15889,0
15890,0
15891,0
15892,0
15893,0
15894,0
15895,0
15896,0
15897,0
15898,2
15899,2
15900,2
15901,2
15902,2
15903,2
15904,2
15905,2
15906,2
15907,2
15908,2
15909,2
15910,2
15911,2
15912,3
15913,2
15914,3
15915,2
15916,2
15917,2
15918,2
15919,2
15920,2
15921,2
15922,2
15923,2
15924,2
15925,2
15926,2
15927,2
15928,0
15929,2
15930,2
15931,0
15932,0
15933,2
15934,2
15935,2
15936,2
15937,2
15938,2
15939,0
15940,0
15941,2
15942,2
15943,2
15944,2
15945,2
15946,2
15947,2
15948,2
15949,2
15950,2
15951,2
15952,2
15953,2
15954,2
15955,2
15956,2
15957,2
15958,2
15959,2
15960,2
15961,2
15962,2
15963,0
15964,2
15965,2
15966,0
15967,2
15968,2
15969,2
15970,0
15971,2
15972,2
15973,3
15974,2
15975,2
15976,2
15977,2
15978,2
15979,2
15980,2
15981,2
15982,2
15983,2
15984,2
15985,2
15986,2
15987,2
15988,0
15989,2
15990,0
15991,2
15992,2
15993,2
15994,2
15995,2
15996,2
15997,2
15998,2
15999,2
16000,2
16001,0
16002,1
16003,2
16004,2
16005,2
16006,2
16007,2
16008,2
16009,2
16010,2
16011,2
16012,0
16013,2
16014,2
16015,0
16016,2
16017,2
16018,2
16019,2
16020,2
16021,2
16022,2
16023,2
16024,2
16025,1
16026,2
16027,2
16028,2
16029,2
16030,2
16031,2
16032,2
16033,2
16034,2
16035,2
16036,2
16037,2
16038,2
16039,2
16040,2
16041,2
16042,2
16043,2
16044,2
16045,2
16046,2
16047,2
16048,2
16049,2
16050,2
16051,2
16052,2
16053,2
16054,2
16055,2
16056,2
16057,2
16058,2
16059,2
16060,2
16061,2
16062,2
16063,2
16064,2
16065,2
16066,2
16067,2
16068,2
16069,2
16070,2
16071,2
16072,2
16073,2
16074,2
16075,2
16076,2
16077,2
16078,2
16079,2
16080,2
16081,2
16082,2
16083,2
16084,2
16085,2
16086,2
16087,2
16088,2
16089,2
16090,2
16091,2
16092,2
16093,2
16094,2
16095,2
16096,2
16097,2
16098,2
16099,2
16100,2
16101,2
16102,2
16103,2
16104,2
16105,2
16106,2
16107,2
16108,2
16109,2
16110,2
16111,2
16112,2
16113,2
16114,2
16115,2
16116,2
16117,2
16118,2
16119,3
16120,2
16121,2
16122,2
16123,2
16124,2
16125,2
16126,2
16127,2
16128,0
16129,2
16130,2
16131,2
16132,2
16133,2
16134,2
16135,2
16136,2
16137,2
16138,2
16139,2
16140,2
16141,2
16142,2
16143,2
16144,2
16145,2
16146,2
16147,2
16148,2
16149,2
16150,2
16151,2
16152,2
16153,2
16154,2
16155,2
16156,2
16157,2
16158,2
16159,3
16160,2
16161,2
16162,2
16163,2
16164,2
16165,2
16166,2
16167,2
16168,2
16169,2
16170,2
16171,2
16172,2
16173,2
16174,2
16175,2
16176,2
16177,2
16178,2
16179,2
16180,2
16181,2
16182,2
16183,2
16184,2
16185,2
16186,2
16187,2
16188,2
16189,2
16190,2
16191,2
16192,2
16193,2
16194,2
16195,2
16196,2
16197,2
16198,2
16199,2
16200,2
16201,2
16202,2
16203,2
16204,2
16205,2
16206,2
16207,2
16208,2
16209,2
16210,2
16211,2
16212,2
16213,2
16214,2
16215,2
16216,0
16217,2
16218,2
16219,2
16220,2
16221,2
16222,2
16223,2
16224,2
16225,2
16226,2
16227,2
16228,2
16229,2
16230,2
16231,2
16232,2
16233,2
16234,2
16235,2
16236,2
16237,2
16238,2
16239,2
16240,2
16241,2
16242,2
16243,2
16244,3
16245,2
16246,2
16247,2
16248,0
16249,2
16250,2
16251,2
16252,2
16253,2
16254,2
16255,2
16256,2
16257,2
16258,2
16259,2
16260,2
16261,2
16262,2
16263,3
16264,2
16265,2
16266,0
16267,2
16268,2
16269,2
16270,2
16271,2
16272,2
16273,2
16274,3
16275,0
16276,2
16277,2
16278,2
16279,2
16280,2
16281,2
16282,2
16283,2
16284,2
16285,2
16286,2
16287,2
16288,2
16289,2
16290,2
16291,2
16292,2
16293,2
16294,2
16295,2
16296,2
16297,2
16298,2
16299,2
16300,2
16301,2
16302,2
16303,2
16304,2
16305,2
16306,2
16307,2
16308,2
16309,2
16310,2
16311,2
16312,2
16313,2
16314,2
16315,2
16316,2
16317,2
16318,2
16319,2
16320,2
16321,2
16322,2
16323,2
16324,2
16325,2
16326,2
16327,2
16328,2
16329,2
16330,2
16331,0
16332,2
16333,2
16334,2
16335,2
16336,2
16337,2
16338,2
16339,2
16340,2
16341,2
16342,2
16343,2
16344,2
16345,2
16346,2
16347,2
16348,2
16349,2
16350,2
16351,2
16352,2
16353,2
16354,0
16355,2
16356,2
16357,2
16358,2
16359,0
16360,2
16361,2
16362,2
16363,2
16364,2
16365,3
16366,3
16367,3
16368,0
16369,3
16370,2
16371,3
16372,2
16373,3
16374,3
16375,0
16376,3
16377,3
16378,2
16379,2
16380,2
16381,2
16382,2
16383,2
16384,2
16385,2
16386,2
16387,2
16388,0
16389,2
16390,0
16391,2
16392,3
16393,2
16394,2
16395,2
16396,2
16397,2
16398,2
16399,2
16400,0
16401,2
16402,2
16403,2
16404,2
16405,2
16406,2
16407,2
16408,2
16409,2
16410,2
16411,0
16412,3
16413,2
16414,2
16415,1
16416,2
16417,3
16418,2
16419,2
16420,2
16421,3
16422,2
16423,3
16424,2
16425,2
16426,2
16427,2
16428,2
16429,2
16430,2
16431,2
16432,3
16433,2
16434,2
16435,3
16436,3
16437,3
16438,2
16439,2
16440,2
16441,2
16442,2
16443,2
16444,2
16445,2
16446,2
16447,2
16448,2
16449,2
16450,2
16451,2
16452,2
16453,2
16454,2
16455,2
16456,3
16457,2
16458,2
16459,2
16460,2
16461,2
16462,2
16463,2
16464,2
16465,2
16466,2
16467,2
16468,2
16469,2
16470,0
16471,2
16472,2
16473,2
16474,3
16475,0
16476,2
16477,2
16478,0
16479,2
16480,3
16481,3
16482,3
16483,2
16484,2
16485,2
16486,2
16487,2
16488,3
16489,2
16490,2
16491,2
16492,2
16493,2
16494,2
16495,2
16496,2
16497,2
16498,2
16499,2
16500,2
16501,2
16502,2
16503,2
16504,2
16505,2
16506,2
16507,2
16508,2
16509,2
16510,2
16511,2
16512,2
16513,2
16514,3
16515,2
16516,2
16517,2
16518,2
16519,2
16520,2
16521,2
16522,2
16523,2
16524,2
16525,2
16526,2
16527,2
16528,2
16529,2
16530,2
16531,2
16532,2
16533,2
16534,2
16535,2
16536,2
16537,2
16538,2
16539,2
16540,2
16541,2
16542,2
16543,2
16544,2
16545,2
16546,2
16547,2
16548,2
16549,2
16550,2
16551,2
16552,2
16553,2
16554,2
16555,2
16556,2
16557,2
16558,2
16559,2
16560,2
16561,2
16562,2
16563,2
16564,2
16565,2
16566,2
16567,2
16568,2
16569,2
16570,2
16571,2
16572,2
16573,2
16574,2
16575,2
16576,2
16577,2
16578,2
16579,2
16580,2
16581,2
16582,2
16583,2
16584,2
16585,2
16586,2
16587,2
16588,2
16589,2
16590,2
16591,2
16592,2
16593,2
16594,2
16595,0
16596,0
16597,1
16598,2
16599,2
16600,0
16601,3
16602,2
16603,0
16604,0
16605,2
16606,2
16607,2
16608,2
16609,2
16610,2
16611,2
16612,2
16613,2
16614,2
16615,2
16616,2
16617,2
16618,2
16619,2
16620,2
16621,2
16622,2
16623,2
16624,2
16625,2
16626,2
16627,2
16628,2
16629,2
16630,2
16631,2
16632,2
16633,2
16634,2
16635,2
16636,2
16637,2
16638,2
16639,2
16640,2
16641,2
16642,2
16643,2
16644,2
16645,2
16646,2
16647,2
16648,2
16649,2
16650,2
16651,2
16652,2
16653,2
16654,2
16655,2
16656,2
16657,2
16658,2
16659,2
16660,2
16661,2
16662,2
16663,2
16664,2
16665,2
16666,2
16667,2
16668,2
16669,2
16670,2
16671,2
16672,2
16673,2
16674,2
16675,2
16676,2
16677,2
16678,2
16679,2
16680,2
16681,2
16682,2
16683,2
16684,2
16685,2
16686,2
16687,2
16688,2
16689,2
16690,2
16691,2
16692,2
16693,2
16694,2
16695,2
16696,2
16697,2
16698,2
16699,2
16700,2
16701,2
16702,2
16703,2
16704,2
16705,2
16706,2
16707,2
16708,2
16709,2
16710,2
16711,2
16712,2
16713,2
16714,2
16715,2
16716,2
16717,2
16718,2
16719,2
16720,2
16721,2
16722,2
16723,2
16724,2
16725,2
16726,2
16727,2
16728,2
16729,2
16730,2
16731,2
16732,3
16733,3
16734,2
16735,2
16736,2
16737,2
16738,2
16739,2
16740,2
16741,2
16742,2
16743,2
16744,2
16745,2
16746,2
16747,2
16748,2
16749,2
16750,2
16751,2
16752,2
16753,2
16754,2
16755,2
16756,2
16757,2
16758,2
16759,2
16760,2
16761,2
16762,2
16763,2
16764,2
16765,2
16766,2
16767,2
16768,2
16769,2
16770,2
16771,2
16772,2
16773,2
16774,3
16775,3
16776,2
16777,2
16778,2
16779,2
16780,2
16781,2
16782,3
16783,2
16784,2
16785,2
16786,2
16787,3
16788,3
16789,2
16790,2
16791,2
16792,2
16793,2
16794,2
16795,2
16796,2
16797,2
16798,2
16799,2
16800,2
16801,3
16802,2
16803,2
16804,2
16805,3
16806,2
16807,2
16808,2
16809,2
16810,2
16811,2
16812,2
16813,2
16814,2
16815,2
16816,3
16817,3
16818,2
16819,2
16820,3
16821,2
16822,2
16823,2
16824,2
16825,2
16826,2
16827,2
16828,2
16829,2
16830,2
16831,2
16832,2
16833,3
16834,2
16835,2
16836,2
16837,2
16838,3
16839,2
16840,2
16841,2
16842,3
16843,3
16844,2
16845,2
16846,2
16847,2
16848,2
16849,2
16850,2
16851,2
16852,2
16853,2
16854,2
16855,2
16856,3
16857,3
16858,2
16859,0
16860,2
16861,3
16862,2
16863,2
16864,2
16865,2
16866,2
16867,3
16868,2
16869,2
16870,2
16871,2
16872,2
16873,2
16874,2
16875,2
16876,3
16877,2
16878,2
16879,3
16880,3
16881,2
16882,2
16883,3
16884,2
16885,2
16886,2
16887,2
16888,2
16889,2
16890,2
16891,0
16892,3
16893,2
16894,2
16895,2
16896,2
16897,2
16898,2
16899,2
16900,2
16901,2
16902,2
16903,2
16904,0
16905,3
16906,2
16907,2
16908,2
16909,2
16910,3
16911,3
16912,3
16913,2
16914,2
16915,0
16916,2
16917,2
16918,2
16919,2
16920,2
16921,2
16922,2
16923,2
16924,2
16925,2
16926,2
16927,2
16928,2
16929,2
16930,2
16931,2
16932,2
16933,2
16934,0
16935,2
16936,2
16937,2
16938,2
16939,2
16940,2
16941,2
16942,2
16943,2
16944,2
16945,2
16946,2
16947,2
16948,2
16949,2
16950,2
16951,2
16952,2
16953,2
16954,2
16955,3
16956,2
16957,2
16958,2
16959,2
16960,3
16961,2
16962,3
16963,0
16964,2
16965,3
16966,2
16967,2
16968,0
16969,2
16970,0
16971,2
16972,3
16973,2
16974,3
16975,2
16976,2
16977,2
16978,2
16979,2
16980,3
16981,2
16982,2
16983,3
16984,2
16985,2
16986,2
16987,0
16988,2
16989,3
16990,2
16991,2
16992,2
16993,3
16994,2
16995,0
16996,2
16997,2
16998,2
16999,2
17000,2
17001,2
17002,3
17003,3
17004,3
17005,2
17006,3
17007,3
17008,3
17009,2
17010,2
17011,0
17012,2
17013,2
17014,2
17015,2
17016,2
17017,2
17018,2
17019,2
17020,2
17021,2
17022,2
17023,2
17024,2
17025,2
17026,2
17027,2
17028,0
17029,2
17030,0
17031,2
17032,2
17033,2
17034,2
17035,2
17036,2
17037,2
17038,0
17039,2
17040,2
17041,2
17042,2
17043,2
17044,2
17045,2
17046,2
17047,2
17048,2
17049,2
17050,2
17051,2
17052,2
17053,2
17054,2
17055,2
17056,2
17057,2
17058,2
17059,2
17060,2
17061,2
17062,2
17063,2
17064,2
17065,2
17066,2
17067,2
17068,2
17069,2
17070,2
17071,3
17072,3
17073,2
17074,2
17075,2
17076,3
17077,3
17078,2
17079,0
17080,0
17081,2
17082,0
17083,0
17084,0
17085,0
17086,3
17087,2
17088,2
17089,0
17090,3
17091,1
17092,3
17093,3
17094,3
17095,3
17096,2
17097,3
17098,3
17099,1
17100,3
17101,3
17102,2
17103,3
17104,3
17105,3
17106,0
17107,3
17108,3
17109,2
17110,3
17111,3
17112,3
17113,3
17114,2
17115,2
17116,3
17117,3
17118,3
17119,3
17120,0
17121,3
17122,2
17123,3
17124,3
17125,3
17126,3
17127,2
17128,1
17129,2
17130,3
17131,2
17132,3
17133,3
17134,3
17135,2
17136,3
17137,2
17138,3
17139,2
17140,3
17141,3
17142,2
17143,3
17144,3
17145,3
17146,3
17147,3
17148,2
17149,3
17150,3
17151,3
17152,3
17153,1
17154,2
17155,3
17156,3
17157,3
17158,3
17159,3
17160,0
17161,0
17162,3
17163,3
17164,0
17165,2
17166,2
17167,2
17168,2
17169,2
17170,2
17171,3
17172,2
17173,2
17174,0
17175,2
17176,2
17177,2
17178,2
17179,2
17180,0
17181,2
17182,2
17183,0
17184,2
17185,2
17186,2
17187,2
17188,2
17189,2
17190,2
17191,2
17192,2
17193,2
17194,2
17195,2
17196,2
17197,2
17198,2
17199,2
17200,2
17201,2
17202,2
17203,2
17204,2
17205,2
17206,2
17207,0
17208,3
17209,3
17210,2
17211,3
17212,2
17213,2
17214,2
17215,2
17216,2
17217,3
17218,2
17219,2
17220,0
17221,2
17222,2
17223,2
17224,2
17225,2
17226,2
17227,2
17228,2
17229,2
17230,3
17231,2
17232,2
17233,2
17234,2
17235,2
17236,2
17237,2
17238,2
17239,2
17240,2
17241,2
17242,2
17243,2
17244,2
17245,2
17246,2
17247,2
17248,2
17249,2
17250,2
17251,2
17252,0
17253,2
17254,2
17255,2
17256,2
17257,2
17258,2
17259,2
17260,2
17261,2
17262,2
17263,2
17264,2
17265,2
17266,2
17267,2
17268,2
17269,2
17270,2
17271,2
17272,2
17273,2
17274,2
17275,2
17276,2
17277,2
17278,2
17279,2
17280,2
17281,2
17282,2
17283,2
17284,2
17285,2
17286,2
17287,2
17288,2
17289,2
17290,2
17291,2
17292,2
17293,2
17294,2
17295,0
17296,2
17297,2
17298,2
17299,2
17300,2
17301,2
17302,2
17303,2
17304,2
17305,2
17306,2
17307,2
17308,2
17309,3
17310,2
17311,2
17312,2
17313,2
17314,2
17315,2
17316,2
17317,2
17318,2
17319,2
17320,2
17321,2
17322,2
17323,3
17324,2
17325,2
17326,3
17327,2
17328,3
17329,2
17330,2
17331,0
17332,0
17333,2
17334,0
17335,2
17336,0
17337,2
17338,3
17339,0
17340,0
17341,2
17342,2
17343,2
17344,2
17345,3
17346,3
17347,0
17348,3
17349,2
17350,2
17351,3
17352,2
17353,0
17354,0
17355,2
17356,3
17357,2
17358,3
17359,2
17360,2
17361,3
17362,3
17363,3
17364,3
17365,3
17366,2
17367,3
17368,2
17369,2
17370,3
17371,3
17372,2
17373,2
17374,3
17375,2
17376,2
17377,2
17378,2
17379,3
17380,3
17381,2
17382,2
17383,2
17384,2
17385,2
17386,3
17387,2
17388,2
17389,2
17390,2
17391,2
17392,2
17393,2
17394,3
17395,3
17396,3
17397,2
17398,3
17399,2
17400,3
17401,3
17402,3
17403,2
17404,2
17405,3
17406,2
17407,3
17408,3
17409,3
17410,2
17411,2
17412,2
17413,3
17414,2
17415,2
17416,2
17417,2
17418,2
17419,2
17420,2
17421,2
17422,2
17423,3
17424,3
17425,0
17426,2
17427,0
17428,2
17429,0
17430,0
17431,2
17432,2
17433,3
17434,3
17435,3
17436,3
17437,2
17438,3
17439,3
17440,2
17441,3
17442,0
17443,2
17444,2
17445,3
17446,2
17447,3
17448,2
17449,2
17450,2
17451,2
17452,2
17453,2
17454,2
17455,2
17456,2
17457,2
17458,2
17459,2
17460,2
17461,2
17462,2
17463,2
17464,2
17465,2
17466,3
17467,2
17468,2
17469,2
17470,2
17471,3
17472,2
17473,2
17474,2
17475,2
17476,2
17477,2
17478,2
17479,2
17480,2
17481,3
17482,2
17483,2
17484,3
17485,2
17486,2
17487,0
17488,3
17489,2
17490,3
17491,2
17492,2
17493,3
17494,2
17495,2
17496,2
17497,2
17498,2
17499,2
17500,2
17501,2
17502,3
17503,0
17504,2
17505,2
17506,2
17507,2
17508,2
17509,2
17510,2
17511,2
17512,2
17513,2
17514,2
17515,2
17516,2
17517,2
17518,2
17519,3
17520,3
17521,3
17522,3
17523,3
17524,3
17525,2
17526,3
17527,3
17528,3
17529,3
17530,3
17531,3
17532,3
17533,3
17534,2
17535,2
17536,2
17537,0
17538,0
17539,0
17540,0
17541,0
17542,2
17543,2
17544,2
17545,2
17546,2
17547,2
17548,2
17549,2
17550,2
17551,2
17552,2
17553,2
17554,3
17555,3
17556,3
17557,3
17558,3
17559,0
17560,3
17561,3
17562,3
17563,3
17564,4
17565,3
17566,3
17567,3
17568,2
17569,3
17570,0
17571,0
17572,0
17573,0
17574,3
17575,0
17576,0
17577,0
17578,0
17579,0
17580,3
17581,0
17582,0
17583,0
17584,3
17585,0
17586,3
17587,2
17588,3
17589,3
17590,3
17591,3
17592,3
17593,3
17594,3
17595,3
17596,3
17597,3
17598,3
17599,3
17600,3
17601,3
17602,3
17603,3
17604,3
17605,3
17606,3
17607,3
17608,3
17609,3
17610,3
17611,3
17612,3
17613,3
17614,3
17615,3
17616,3
17617,3
17618,3
17619,3
17620,3
17621,3
17622,3
17623,3
17624,3
17625,3
17626,3
17627,3
17628,3
17629,3
17630,3
17631,3
17632,3
17633,3
17634,3
17635,3
17636,3
17637,3
17638,3
17639,3
17640,3
17641,3
17642,3
17643,3
17644,3
17645,3
17646,3
17647,3
17648,3
17649,3
17650,0
17651,3
17652,3
17653,3
17654,3
17655,3
17656,4
17657,3
17658,3
17659,3
17660,3
17661,3
17662,3
17663,3
17664,3
17665,3
17666,3
17667,3
17668,3
17669,3
17670,3
17671,3
17672,3
17673,3
17674,3
17675,3
17676,3
17677,3
17678,0
17679,2
17680,3
17681,3
17682,3
17683,4
17684,3
17685,3
17686,3
17687,3
17688,3
17689,3
17690,3
17691,3
17692,0
17693,3
17694,3
17695,3
17696,3
17697,2
17698,3
17699,3
17700,3
17701,3
17702,3
17703,3
17704,3
17705,3
17706,4
17707,3
17708,3
17709,3
17710,3
17711,3
17712,3
17713,3
17714,3
17715,3
17716,3
17717,3
17718,3
17719,3
17720,3
17721,3
17722,3
17723,3
17724,3
17725,3
17726,3
17727,3
17728,3
17729,3
17730,3
17731,3
17732,3
17733,3
17734,3
17735,3
17736,0
17737,3
17738,2
17739,3
17740,3
17741,3
17742,3
17743,3
17744,3
17745,3
17746,3
17747,3
17748,3
17749,3
17750,3
17751,3
17752,2
17753,3
17754,3
17755,3
17756,3
17757,3
17758,3
17759,3
17760,3
17761,3
17762,3
17763,3
17764,3
17765,3
17766,3
17767,2
17768,3
17769,3
17770,3
17771,3
17772,3
17773,3
17774,3
17775,3
17776,3
17777,3
17778,3
17779,2
17780,3
17781,3
17782,3
17783,3
17784,3
17785,3
17786,3
17787,3
17788,3
17789,3
17790,3
17791,2
17792,2
17793,3
17794,3
17795,3
17796,4
17797,3
17798,3
17799,3
17800,2
17801,3
17802,0
17803,3
17804,0
17805,3
17806,2
17807,0
17808,3
17809,3
17810,3
17811,3
17812,3
17813,3
17814,3
17815,3
17816,3
17817,3
17818,3
17819,3
17820,3
17821,0
17822,2
17823,2
17824,0
17825,0
17826,2
17827,0
17828,3
17829,3
17830,3
17831,0
17832,0
17833,2
17834,2
17835,0
17836,0
17837,3
17838,3
17839,3
17840,3
17841,3
17842,3
17843,3
17844,3
17845,3
17846,3
17847,2
17848,3
17849,3
17850,3
17851,3
17852,3
17853,3
17854,3
17855,0
17856,3
17857,3
17858,2
17859,2
17860,0
17861,3
17862,3
17863,2
17864,2
17865,2
17866,3
17867,3
17868,3
17869,2
17870,2
17871,2
17872,2
17873,2
17874,2
17875,2
17876,2
17877,2
17878,2
17879,2
17880,2
17881,3
17882,2
17883,3
17884,2
17885,2
17886,2
17887,2
17888,2
17889,2
17890,2
17891,2
17892,3
17893,2
17894,2
17895,2
17896,2
17897,2
17898,2
17899,2
17900,2
17901,2
17902,2
17903,2
17904,2
17905,2
17906,2
17907,2
17908,2
17909,2
17910,2
17911,2
17912,2
17913,2
17914,2
17915,2
17916,2
17917,2
17918,0
17919,2
17920,2
17921,2
17922,2
17923,2
17924,2
17925,2
17926,3
17927,2
17928,2
17929,2
17930,2
17931,2
17932,2
17933,2
17934,2
17935,2
17936,2
17937,2
17938,2
17939,3
17940,3
17941,3
17942,2
17943,2
17944,2
17945,2
17946,2
17947,2
17948,2
17949,2
17950,2
17951,2
17952,2
17953,2
17954,2
17955,2
17956,2
17957,0
17958,2
17959,2
17960,2
17961,2
17962,2
17963,2
17964,2
17965,2
17966,2
17967,3
17968,2
17969,2
17970,2
17971,2
17972,2
17973,2
17974,3
17975,2
17976,2
17977,2
17978,2
17979,2
17980,2
17981,2
17982,2
17983,2
17984,2
17985,2
17986,2
17987,2
17988,2
17989,2
17990,2
17991,2
17992,2
17993,2
17994,2
17995,2
17996,2
17997,2
17998,2
17999,2
18000,2
18001,2
18002,2
18003,2
18004,2
18005,2
18006,2
18007,2
18008,2
18009,2
18010,2
18011,2
18012,2
18013,2
18014,2
18015,2
18016,2
18017,2
18018,2
18019,2
18020,2
18021,2
18022,2
18023,2
18024,2
18025,3
18026,3
18027,2
18028,2
18029,2
18030,2
18031,2
18032,2
18033,2
18034,2
18035,2
18036,2
18037,2
18038,2
18039,2
18040,2
18041,2
18042,0
18043,2
18044,2
18045,2
18046,2
18047,3
18048,2
18049,2
18050,2
18051,2
18052,2
18053,2
18054,2
18055,2
18056,2
18057,2
18058,2
18059,0
18060,2
18061,2
18062,2
18063,2
18064,2
18065,2
18066,2
18067,2
18068,2
18069,2
18070,2
18071,2
18072,2
18073,2
18074,0
18075,2
18076,2
18077,2
18078,2
18079,2
18080,2
18081,0
18082,3
18083,3
18084,3
18085,3
18086,3
18087,3
18088,3
18089,2
18090,0
18091,2
18092,2
18093,2
18094,0
18095,2
18096,2
18097,3
18098,3
18099,3
18100,3
18101,3
18102,3
18103,3
18104,2
18105,3
18106,2
18107,0
18108,2
18109,2
18110,0
18111,2
18112,2
18113,2
18114,2
18115,2
18116,0
18117,2
18118,2
18119,2
18120,2
18121,3
18122,2
18123,0
18124,2
18125,2
18126,2
18127,2
18128,2
18129,2
18130,2
18131,2
18132,2
18133,3
18134,2
18135,2
18136,2
18137,2
18138,2
18139,2
18140,2
18141,2
18142,2
18143,2
18144,2
18145,2
18146,2
18147,2
18148,2
18149,2
18150,2
18151,2
18152,2
18153,2
18154,2
18155,2
18156,3
18157,3
18158,3
18159,3
18160,3
18161,3
18162,2
18163,3
18164,3
18165,3
18166,3
18167,2
18168,3
18169,2
18170,3
18171,3
18172,2
18173,3
18174,3
18175,3
18176,3
18177,3
18178,3
18179,2
18180,3
18181,2
18182,2
18183,3
18184,2
18185,3
18186,2
18187,2
18188,2
18189,2
18190,3
18191,2
18192,2
18193,2
18194,2
18195,2
18196,2
18197,2
18198,2
18199,2
18200,2
18201,2
18202,2
18203,2
18204,2
18205,2
18206,3
18207,3
18208,2
18209,3
18210,3
18211,2
18212,2
18213,2
18214,2
18215,2
18216,2
18217,2
18218,2
18219,2
18220,2
18221,3
18222,2
18223,2
18224,2
18225,2
18226,2
18227,2
18228,2
18229,2
18230,2
18231,2
18232,2
18233,2
18234,2
18235,2
18236,2
18237,2
18238,2
18239,2
18240,2
18241,2
18242,2
18243,2
18244,2
18245,2
18246,2
18247,2
18248,2
18249,2
18250,2
18251,3
18252,2
18253,2
18254,2
18255,2
18256,2
18257,2
18258,2
18259,2
18260,2
18261,2
18262,2
18263,2
18264,2
18265,2
18266,2
18267,2
18268,2
18269,2
18270,2
18271,2
18272,2
18273,2
18274,2
18275,2
18276,2
18277,2
18278,2
18279,2
18280,2
18281,2
18282,2
18283,2
18284,2
18285,2
18286,2
18287,2
18288,2
18289,2
18290,2
18291,2
18292,2
18293,2
18294,2
18295,2
18296,2
18297,2
18298,2
18299,3
18300,2
18301,2
18302,2
18303,2
18304,2
18305,2
18306,2
18307,2
18308,2
18309,2
18310,2
18311,2
18312,2
18313,2
18314,2
18315,2
18316,2
18317,2
18318,2
18319,2
18320,2
18321,2
18322,2
18323,4
18324,2
18325,2
18326,2
18327,2
18328,2
18329,2
18330,2
18331,2
18332,2
18333,2
18334,2
18335,2
18336,2
18337,2
18338,2
18339,2
18340,2
18341,2
18342,2
18343,2
18344,2
18345,2
18346,2
18347,2
18348,2
18349,2
18350,2
18351,2
18352,2
18353,2
18354,2
18355,2
18356,2
18357,2
18358,2
18359,2
18360,2
18361,2
18362,2
18363,2
18364,2
18365,2
18366,2
18367,2
18368,2
18369,2
18370,2
18371,2
18372,2
18373,2
18374,2
18375,2
18376,2
18377,2
18378,2
18379,2
18380,2
18381,2
18382,2
18383,2
18384,2
18385,2
18386,2
18387,2
18388,2
18389,2
18390,2
18391,2
18392,2
18393,2
18394,2
18395,2
18396,2
18397,2
18398,2
18399,2
18400,2
18401,2
18402,2
18403,2
18404,2
18405,2
18406,2
18407,2
18408,2
18409,2
18410,2
18411,2
18412,2
18413,2
18414,2
18415,2
18416,2
18417,2
18418,2
18419,2
18420,2
18421,4
18422,2
18423,2
18424,2
18425,2
18426,2
18427,2
18428,2
18429,2
18430,2
18431,2
18432,2
18433,2
18434,2
18435,2
18436,2
18437,2
18438,2
18439,2
18440,2
18441,2
18442,2
18443,2
18444,2
18445,2
18446,2
18447,2
18448,2
18449,2
18450,2
18451,2
18452,2
18453,2
18454,2
18455,2
18456,2
18457,2
18458,2
18459,2
18460,2
18461,2
18462,2
18463,3
18464,2
18465,2
18466,2
18467,2
18468,2
18469,2
18470,2
18471,2
18472,2
18473,2
18474,2
18475,2
18476,2
18477,2
18478,2
18479,2
18480,2
18481,2
18482,2
18483,2
18484,2
18485,2
18486,2
18487,2
18488,2
18489,2
18490,2
18491,2
18492,2
18493,2
18494,2
18495,2
18496,2
18497,2
18498,2
18499,2
18500,2
18501,2
18502,2
18503,3
18504,2
18505,2
18506,2
18507,2
18508,2
18509,2
18510,2
18511,2
18512,2
18513,2
18514,2
18515,2
18516,2
18517,2
18518,2
18519,2
18520,2
18521,2
18522,2
18523,2
18524,2
18525,2
18526,2
18527,2
18528,2
18529,2
18530,2
18531,2
18532,2
18533,2
18534,2
18535,2
18536,2
18537,2
18538,2
18539,2
18540,2
18541,2
18542,2
18543,2
18544,2
18545,2
18546,2
18547,2
18548,2
18549,2
18550,2
18551,2
18552,2
18553,2
18554,2
18555,2
18556,2
18557,2
18558,2
18559,2
18560,2
18561,2
18562,2
18563,2
18564,2
18565,2
18566,2
18567,2
18568,2
18569,2
18570,2
18571,2
18572,2
18573,2
18574,2
18575,2
18576,2
18577,2
18578,2
18579,2
18580,2
18581,2
18582,2
18583,2
18584,2
18585,2
18586,2
18587,2
18588,2
18589,2
18590,2
18591,2
18592,2
18593,2
18594,2
18595,2
18596,2
18597,2
18598,2
18599,2
18600,2
18601,2
18602,2
18603,2
18604,2
18605,2
18606,2
18607,2
18608,2
18609,2
18610,2
18611,2
18612,2
18613,2
18614,2
18615,3
18616,2
18617,2
18618,2
18619,2
18620,2
18621,2
18622,2
18623,2
18624,2
18625,2
18626,2
18627,2
18628,2
18629,2
18630,2
18631,2
18632,2
18633,2
18634,2
18635,2
18636,2
18637,2
18638,2
18639,2
18640,2
18641,2
18642,2
18643,2
18644,2
18645,2
18646,2
18647,2
18648,2
18649,0
18650,3
18651,2
18652,2
18653,2
18654,2
18655,2
18656,0
18657,2
18658,2
18659,2
18660,2
18661,2
18662,2
18663,2
18664,2
18665,2
18666,2
18667,2
18668,2
18669,2
18670,2
18671,2
18672,2
18673,2
18674,2
18675,2
18676,2
18677,2
18678,2
18679,2
18680,2
18681,2
18682,2
18683,2
18684,2
18685,2
18686,2
18687,2
18688,2
18689,2
18690,2
18691,2
18692,2
18693,2
18694,2
18695,2
18696,2
18697,2
18698,2
18699,2
18700,2
18701,2
18702,2
18703,2
18704,2
18705,2
18706,2
18707,2
18708,2
18709,3
18710,2
18711,3
18712,2
18713,2
18714,3
18715,2
18716,2
18717,2
18718,2
18719,2
18720,2
18721,2
18722,2
18723,2
18724,2
18725,3
18726,3
18727,3
18728,3
18729,3
18730,3
18731,3
18732,2
18733,3
18734,2
18735,3
18736,3
18737,3
18738,2
18739,3
18740,3
18741,2
18742,3
18743,3
18744,2
18745,2
18746,3
18747,3
18748,2
18749,2
18750,3
18751,2
18752,2
18753,2
18754,2
18755,2
18756,2
18757,2
18758,3
18759,2
18760,2
18761,3
18762,2
18763,2
18764,2
18765,3
18766,2
18767,2
18768,2
18769,2
18770,0
18771,2
18772,2
18773,2
18774,2
18775,3
18776,2
18777,2
18778,2
18779,2
18780,2
18781,2
18782,2
18783,2
18784,2
18785,2
18786,2
18787,2
18788,2
18789,2
18790,2
18791,2
18792,2
18793,2
18794,2
18795,2
18796,0
18797,0
18798,2
18799,2
18800,2
18801,2
18802,2
18803,2
18804,2
18805,2
18806,2
18807,2
18808,2
18809,2
18810,2
18811,3
18812,2
18813,2
18814,2
18815,2
18816,2
18817,2
18818,2
18819,2
18820,2
18821,2
18822,2
18823,2
18824,3
18825,2
18826,2
18827,2
18828,2
18829,2
18830,2
18831,2
18832,2
18833,2
18834,2
18835,2
18836,2
18837,2
18838,2
18839,2
18840,2
18841,2
18842,2
18843,2
18844,2
18845,2
18846,2
18847,2
18848,2
18849,2
18850,2
18851,2
18852,2
18853,2
18854,2
18855,3
18856,2
18857,2
18858,2
18859,2
18860,2
18861,2
18862,2
18863,2
18864,2
18865,2
18866,2
18867,2
18868,2
18869,2
18870,2
18871,2
18872,2
18873,2
18874,2
18875,2
18876,2
18877,2
18878,2
18879,2
18880,2
18881,2
18882,2
18883,2
18884,2
18885,2
18886,2
18887,2
18888,2
18889,0
18890,2
18891,2
18892,3
18893,2
18894,2
18895,2
18896,2
18897,2
18898,2
18899,2
18900,2
18901,2
18902,2
18903,2
18904,2
18905,2
18906,2
18907,3
18908,2
18909,2
18910,2
18911,2
18912,2
18913,2
18914,2
18915,2
18916,2
18917,2
18918,2
18919,2
18920,2
18921,2
18922,2
18923,2
18924,2
18925,2
18926,3
18927,3
18928,2
18929,2
18930,2
18931,2
18932,2
18933,2
18934,2
18935,2
18936,2
18937,2
18938,2
18939,2
18940,2
18941,2
18942,2
18943,2
18944,2
18945,2
18946,3
18947,2
18948,0
18949,2
18950,2
18951,2
18952,2
18953,2
18954,2
18955,2
18956,2
18957,2
18958,2
18959,2
18960,2
18961,2
18962,2
18963,2
18964,2
18965,2
18966,2
18967,2
18968,2
18969,2
18970,2
18971,2
18972,2
18973,2
18974,2
18975,2
18976,2
18977,2
18978,2
18979,2
18980,2
18981,2
18982,2
18983,2
18984,2
18985,2
18986,2
18987,2
18988,2
18989,2
18990,2
18991,2
18992,2
18993,2
18994,2
18995,2
18996,2
18997,2
18998,2
18999,2
19000,2
19001,2
19002,2
19003,2
19004,2
19005,2
19006,2
19007,2
19008,2
19009,2
19010,2
19011,2
19012,2
19013,2
19014,2
19015,2
19016,2
19017,2
19018,2
19019,2
19020,2
19021,3
19022,2
19023,2
19024,2
19025,2
19026,2
19027,2
19028,2
19029,2
19030,2
19031,0
19032,2
19033,2
19034,2
19035,2
19036,2
19037,3
19038,2
19039,2
19040,2
19041,2
19042,2
19043,2
19044,2
19045,2
19046,2
19047,2
19048,2
19049,3
19050,2
19051,2
19052,2
19053,2
19054,2
19055,2
19056,2
19057,2
19058,2
19059,2
19060,2
19061,2
19062,2
19063,2
19064,2
19065,0
19066,2
19067,2
19068,2
19069,2
19070,2
19071,2
19072,2
19073,2
19074,2
19075,2
19076,2
19077,2
19078,2
19079,2
19080,2
19081,2
19082,2
19083,3
19084,2
19085,2
19086,2
19087,2
19088,3
19089,3
19090,2
19091,2
19092,2
19093,2
19094,2
19095,2
19096,2
19097,2
19098,2
19099,2
19100,2
19101,2
19102,2
19103,2
19104,2
19105,2
19106,2
19107,2
19108,2
19109,2
19110,2
19111,2
19112,2
19113,2
19114,2
19115,2
19116,2
19117,2
19118,2
19119,2
19120,2
19121,2
19122,2
19123,2
19124,2
19125,2
19126,2
19127,2
19128,2
19129,2
19130,2
19131,2
19132,2
19133,2
19134,2
19135,2
19136,2
19137,2
19138,2
19139,2
19140,2
19141,2
19142,2
19143,2
19144,2
19145,2
19146,2
19147,2
19148,2
19149,3
19150,2
19151,2
19152,2
19153,2
19154,3
19155,2
19156,2
19157,2
19158,3
19159,2
19160,2
19161,2
19162,2
19163,2
19164,2
19165,2
19166,2
19167,2
19168,2
19169,2
19170,2
19171,2
19172,2
19173,2
19174,2
19175,2
19176,2
19177,2
19178,2
19179,2
19180,2
19181,2
19182,2
19183,2
19184,2
19185,2
19186,2
19187,2
19188,2
19189,2
19190,2
19191,2
19192,3
19193,2
19194,2
19195,2
19196,2
19197,2
19198,2
19199,2
19200,2
19201,2
19202,2
19203,2
19204,2
19205,2
19206,2
19207,2
19208,2
19209,3
19210,2
19211,2
19212,2
19213,2
19214,2
19215,2
19216,0
19217,2
19218,2
19219,0
19220,2
19221,2
19222,2
19223,2
19224,2
19225,2
19226,2
19227,2
19228,2
19229,2
19230,0
19231,2
19232,2
19233,2
19234,2
19235,3
19236,2
19237,2
19238,2
19239,2
19240,2
19241,2
19242,2
19243,2
19244,2
19245,2
19246,3
19247,2
19248,2
19249,2
19250,2
19251,2
19252,2
19253,2
19254,2
19255,2
19256,2
19257,2
19258,2
19259,2
19260,3
19261,2
19262,2
19263,2
19264,0
19265,2
19266,2
19267,2
19268,2
19269,2
19270,0
19271,2
19272,2
19273,2
19274,2
19275,2
19276,2
19277,3
19278,2
19279,2
19280,2
19281,2
19282,2
19283,2
19284,2
19285,2
19286,2
19287,2
19288,2
19289,2
19290,2
19291,2
19292,2
19293,2
19294,2
19295,3
19296,2
19297,2
19298,2
19299,2
19300,3
19301,3
19302,2
19303,2
19304,3
19305,2
19306,2
19307,2
19308,2
19309,2
19310,2
19311,2
19312,2
19313,2
19314,2
19315,2
19316,2
19317,2
19318,2
19319,2
19320,2
19321,2
19322,2
19323,2
19324,2
19325,2
19326,2
19327,2
19328,2
19329,2
19330,2
19331,2
19332,2
19333,2
19334,2
19335,2
19336,2
19337,2
19338,2
19339,2
19340,2
19341,2
19342,2
19343,2
19344,2
19345,2
19346,2
19347,2
19348,2
19349,2
19350,2
19351,2
19352,2
19353,2
19354,2
19355,2
19356,2
19357,2
19358,2
19359,2
19360,3
19361,3
19362,2
19363,2
19364,2
19365,2
19366,2
19367,2
19368,2
19369,3
19370,2
19371,2
19372,2
19373,3
19374,2
19375,2
19376,3
19377,2
19378,2
19379,2
19380,3
19381,2
19382,2
19383,2
19384,2
19385,2
19386,2
19387,2
19388,2
19389,2
19390,2
19391,2
19392,2
19393,2
19394,2
19395,2
19396,2
19397,2
19398,2
19399,2
19400,2
19401,2
19402,2
19403,2
19404,2
19405,2
19406,2
19407,2
19408,2
19409,2
19410,2
19411,2
19412,2
19413,2
19414,0
19415,2
19416,0
19417,2
19418,2
19419,2
19420,2
19421,2
19422,2
19423,2
19424,2
19425,2
19426,2
19427,2
19428,2
19429,2
19430,2
19431,2
19432,2
19433,2
19434,2
19435,2
19436,2
19437,2
19438,2
19439,2
19440,2
19441,2
19442,2
19443,2
19444,2
19445,2
19446,2
19447,2
19448,2
19449,2
19450,2
19451,2
19452,2
19453,2
19454,2
19455,2
19456,2
19457,2
19458,2
19459,3
19460,2
19461,2
19462,3
19463,2
19464,3
19465,0
19466,2
19467,2
19468,2
19469,2
19470,2
19471,2
19472,2
19473,2
19474,2
19475,2
19476,2
19477,2
19478,2
19479,2
19480,2
19481,2
19482,2
19483,2
19484,3
19485,3
19486,2
19487,2
19488,2
19489,2
19490,2
19491,2
19492,2
19493,2
19494,2
19495,2
19496,2
19497,2
19498,2
19499,2
19500,2
19501,2
19502,2
19503,2
19504,2
19505,2
19506,2
19507,2
19508,2
19509,2
19510,2
19511,2
19512,2
19513,0
19514,2
19515,2
19516,3
19517,3
19518,2
19519,3
19520,3
19521,2
19522,2
19523,2
19524,0
19525,4
19526,2
19527,2
19528,0
19529,3
19530,2
19531,2
19532,2
19533,2
19534,2
19535,2
19536,2
19537,2
19538,2
19539,0
19540,2
19541,3
19542,0
19543,3
19544,2
19545,3
19546,2
19547,2
19548,3
19549,3
19550,2
19551,2
19552,2
19553,2
19554,3
19555,2
19556,2
19557,2
19558,2
19559,2
19560,2
19561,3
19562,2
19563,3
19564,3
19565,3
19566,3
19567,3
19568,3
19569,2
19570,3
19571,2
19572,3
19573,3
19574,3
19575,2
19576,2
19577,2
19578,2
19579,2
19580,2
19581,3
19582,0
19583,3
19584,3
19585,3
19586,3
19587,3
19588,3
19589,3
19590,3
19591,3
19592,2
19593,3
19594,3
19595,3
19596,3
19597,3
19598,3
19599,2
19600,3
19601,3
19602,3
19603,3
19604,2
19605,2
19606,2
19607,3
19608,2
19609,3
19610,3
19611,3
19612,3
19613,3
19614,2
19615,2
19616,3
19617,2
19618,2
19619,2
19620,2
19621,2
19622,2
19623,2
19624,2
19625,3
19626,2
19627,2
19628,2
19629,2
19630,2
19631,2
19632,2
19633,2
19634,2
19635,2
19636,2
19637,2
19638,2
19639,2
19640,3
19641,3
19642,3
19643,0
19644,0
19645,2
19646,2
19647,2
19648,2
19649,2
19650,3
19651,3
19652,3
19653,3
19654,3
19655,3
19656,3
19657,3
19658,3
19659,3
19660,3
19661,2
19662,3
19663,3
19664,3
19665,3
19666,3
19667,2
19668,2
19669,2
19670,3
19671,3
19672,3
19673,3
19674,3
19675,2
19676,2
19677,2
19678,2
19679,2
19680,2
19681,2
19682,2
19683,2
19684,2
19685,2
19686,2
19687,2
19688,2
19689,2
19690,2
19691,3
19692,3
19693,2
19694,3
19695,2
19696,2
19697,2
19698,3
19699,2
19700,2
19701,2
19702,2
19703,2
19704,2
19705,2
19706,2
19707,2
19708,2
19709,2
19710,2
19711,2
19712,2
19713,2
19714,2
19715,2
19716,3
19717,3
19718,3
19719,3
19720,3
19721,3
19722,3
19723,3
19724,3
19725,3
19726,3
19727,3
19728,3
19729,3
19730,3
19731,3
19732,3
19733,3
19734,3
19735,3
19736,3
19737,3
19738,3
19739,3
19740,2
19741,2
19742,3
19743,3
19744,3
19745,3
19746,2
19747,3
19748,2
19749,2
19750,2
19751,2
19752,3
19753,3
19754,3
19755,3
19756,3
19757,2
19758,2
19759,2
19760,2
19761,3
19762,2
19763,3
19764,0
19765,2
19766,3
19767,2
19768,3
19769,3
19770,3
19771,3
19772,3
19773,2
19774,2
19775,2
19776,2
19777,0
19778,0
19779,0
19780,3
19781,0
19782,0
19783,0
19784,2
19785,3
19786,2
19787,3
19788,2
19789,2
19790,2
19791,3
19792,3
19793,2
19794,0
19795,2
19796,2
19797,3
19798,2
19799,3
19800,2
19801,3
19802,2
19803,2
19804,2
19805,3
19806,2
19807,2
19808,3
19809,3
19810,3
19811,3
19812,3
19813,3
19814,3
19815,2
19816,3
19817,2
19818,2
19819,2
19820,3
19821,3
19822,3
19823,2
19824,2
19825,2
19826,3
19827,3
19828,2
19829,2
19830,2
19831,2
19832,2
19833,2
19834,2
19835,2
19836,2
19837,0
19838,0
19839,0
19840,0
19841,2
19842,2
19843,0
19844,2
19845,3
19846,3
19847,2
19848,3
19849,3
19850,3
19851,3
19852,3
19853,2
19854,2
19855,2
19856,2
19857,2
19858,2
19859,2
19860,2
19861,2
19862,3
19863,3
19864,3
19865,3
19866,3
19867,3
19868,2
19869,2
19870,2
19871,2
19872,3
19873,3
19874,2
19875,2
19876,2
19877,3
19878,3
19879,3
19880,2
19881,2
19882,2
19883,2
19884,0
19885,0
19886,2
19887,2
19888,2
19889,2
19890,2
19891,2
19892,2
19893,2
19894,2
19895,2
19896,2
19897,3
19898,2
19899,2
19900,2
19901,2
19902,2
19903,2
19904,2
19905,2
19906,3
19907,3
19908,2
19909,2
19910,2
19911,2
19912,2
19913,2
19914,3
19915,3
19916,3
19917,3
19918,2
19919,3
19920,2
19921,2
19922,3
19923,2
19924,3
19925,3
19926,2
19927,2
19928,2
19929,2
19930,2
19931,2
19932,2
19933,3
19934,2
19935,2
19936,2
19937,2
19938,2
19939,3
19940,3
19941,2
19942,2
19943,2
19944,2
19945,1
19946,1
19947,1
19948,1
19949,1
19950,1
19951,1
19952,2
19953,2
19954,2
19955,2
19956,2
19957,1
19958,3
19959,3
19960,1
19961,2
19962,0
19963,2
19964,2
19965,2
19966,2
19967,2
19968,2
19969,2
19970,2
19971,3
19972,2
19973,3
19974,3
19975,2
19976,2
19977,2
19978,3
19979,2
19980,2
19981,3
19982,3
19983,3
19984,2
19985,3
19986,2
19987,3
19988,3
19989,3
19990,3
19991,3
19992,3
19993,3
19994,3
19995,3
19996,3
19997,3
19998,3
19999,3
20000,3
20001,3
20002,3
20003,2
20004,3
20005,1
20006,2
20007,2
20008,2
20009,2
20010,2
20011,3
20012,3
20013,3
20014,2
20015,3
20016,2
20017,3
20018,3
20019,2
20020,3
20021,2
20022,2
20023,3
20024,3
20025,2
20026,2
20027,2
20028,2
20029,2
20030,3
20031,2
20032,2
20033,2
20034,2
20035,2
20036,3
20037,2
20038,2
20039,3
20040,3
20041,3
20042,2
20043,3
20044,2
20045,2
20046,2
20047,2
20048,2
20049,3
20050,3
20051,3
20052,3
20053,3
20054,2
20055,2
20056,2
20057,3
20058,3
20059,3
20060,3
20061,3
20062,3
20063,3
20064,3
20065,3
20066,2
20067,3
20068,2
20069,3
20070,3
20071,3
20072,3
20073,3
20074,3
20075,3
20076,3
20077,2
20078,3
20079,2
20080,3
20081,3
20082,3
20083,3
20084,2
20085,2
20086,3
20087,3
20088,3
20089,3
20090,3
20091,3
20092,3
20093,3
20094,3
20095,3
20096,3
20097,3
20098,3
20099,3
20100,3
20101,3
20102,3
20103,3
20104,3
20105,3
20106,3
20107,3
20108,3
20109,3
20110,3
20111,3
20112,3
20113,3
20114,2
20115,3
20116,3
20117,3
20118,3
20119,3
20120,3
20121,3
20122,3
20123,3
20124,3
20125,3
20126,2
20127,2
20128,3
20129,3
20130,3
20131,3
20132,3
20133,3
20134,3
20135,3
20136,3
20137,2
20138,2
20139,3
20140,3
20141,3
20142,3
20143,3
20144,3
20145,3
20146,3
20147,3
20148,3
20149,2
20150,3
20151,3
20152,3
20153,3
20154,3
20155,2
20156,3
20157,3
20158,3
20159,3
20160,3
20161,3
20162,2
20163,3
20164,3
20165,2
20166,3
20167,3
20168,3
20169,0
20170,3
20171,3
20172,3
20173,3
20174,3
20175,3
20176,3
20177,3
20178,3
20179,3
20180,3
20181,3
20182,3
20183,3
20184,3
20185,2
20186,3
20187,3
20188,3
20189,3
20190,3
20191,3
20192,3
20193,3
20194,3
20195,3
20196,3
20197,3
20198,3
20199,3
20200,2
20201,2
20202,3
20203,3
20204,3
20205,3
20206,3
20207,2
20208,3
20209,3
20210,0
20211,3
20212,3
20213,3
20214,3
20215,3
20216,3
20217,3
20218,3
20219,3
20220,3
20221,3
20222,3
20223,2
20224,3
20225,3
20226,3
20227,3
20228,3
20229,3
20230,3
20231,3
20232,3
20233,3
20234,3
20235,3
20236,3
20237,3
20238,3
20239,3
20240,3
20241,3
20242,2
20243,3
20244,3
20245,3
20246,3
20247,0
20248,3
20249,3
20250,3
20251,3
20252,3
20253,3
20254,3
20255,1
20256,3
20257,3
20258,3
20259,3
20260,3
20261,2
20262,3
20263,3
20264,3
20265,3
20266,3
20267,2
20268,3
20269,2
20270,2
20271,3
20272,3
20273,3
20274,3
20275,3
20276,3
20277,3
20278,3
20279,3
20280,3
20281,3
20282,3
20283,3
20284,3
20285,3
20286,3
20287,3
20288,3
20289,3
20290,3
20291,3
20292,3
20293,3
20294,3
20295,3
20296,3
20297,3
20298,3
20299,3
20300,3
20301,1
20302,3
20303,3
20304,3
20305,3
20306,3
20307,3
20308,3
20309,3
20310,3
20311,3
20312,3
20313,3
20314,3
20315,3
20316,3
20317,3
20318,3
20319,3
20320,3
20321,3
20322,3
20323,3
20324,3
20325,3
20326,3
20327,3
20328,3
20329,3
20330,3
20331,3
20332,3
20333,3
20334,3
20335,3
20336,3
20337,3
20338,3
20339,3
20340,3
20341,3
20342,3
20343,3
20344,3
20345,3
20346,3
20347,3
20348,3
20349,3
20350,3
20351,3
20352,3
20353,3
20354,3
20355,3
20356,3
20357,3
20358,3
20359,3
20360,2
20361,3
20362,3
20363,3
20364,3
20365,3
20366,3
20367,3
20368,3
20369,3
20370,3
20371,2
20372,2
20373,2
20374,2
20375,2
20376,3
20377,3
20378,3
20379,3
20380,3
20381,3
20382,3
20383,3
20384,3
20385,3
20386,2
20387,2
20388,3
20389,3
20390,3
20391,2
20392,3
20393,3
20394,3
20395,2
20396,3
20397,2
20398,3
20399,3
20400,3
20401,3
20402,3
20403,3
20404,3
20405,3
20406,2
20407,3
20408,3
20409,3
20410,3
20411,3
20412,3
20413,3
20414,3
20415,3
20416,3
20417,2
20418,2
20419,2
20420,2
20421,3
20422,3
20423,3
20424,3
20425,3
20426,3
20427,2
20428,2
20429,3
20430,3
20431,2
20432,2
20433,3
20434,3
20435,2
20436,2
20437,2
20438,2
20439,2
20440,2
20441,3
20442,3
20443,3
20444,3
20445,3
20446,3
20447,2
20448,3
20449,3
20450,3
20451,3
20452,3
20453,3
20454,3
20455,3
20456,3
20457,3
20458,2
20459,3
20460,3
20461,2
20462,3
20463,3
20464,3
20465,3
20466,3
20467,3
20468,2
20469,2
20470,2
20471,2
20472,2
20473,3
20474,3
20475,3
20476,3
20477,3
20478,3
20479,2
20480,2
20481,3
20482,3
20483,3
20484,3
20485,3
20486,3
20487,3
20488,3
20489,3
20490,3
20491,3
20492,2
20493,3
20494,0
20495,0
20496,0
20497,0
20498,0
20499,0
20500,0
20501,0
20502,0
20503,0
20504,0
20505,0
20506,0
20507,0
20508,0
20509,0
20510,0
20511,0
20512,3
20513,0
20514,0
20515,0
20516,0
20517,0
20518,0
20519,0
20520,0
20521,0
20522,0
20523,0
20524,0
20525,0
20526,0
20527,0
20528,0
20529,0
20530,0
20531,0
20532,3
20533,2
20534,2
20535,2
20536,3
20537,2
20538,2
20539,2
20540,2
20541,2
20542,2
20543,2
20544,2
20545,2
20546,2
20547,2
20548,2
20549,2
20550,2
20551,2
20552,3
20553,2
20554,2
20555,2
20556,2
20557,3
20558,2
20559,2
20560,3
20561,3
20562,3
20563,2
20564,2
20565,2
20566,2
20567,2
20568,3
20569,3
20570,2
20571,2
20572,2
20573,2
20574,2
20575,2
20576,2
20577,2
20578,2
20579,2
20580,0
20581,0
20582,0
20583,0
20584,0
20585,0
20586,3
20587,0
20588,0
20589,0
20590,0
20591,2
20592,2
20593,2
20594,2
20595,2
20596,2
20597,2
20598,2
20599,2
20600,2
20601,2
20602,2
20603,2
20604,2
20605,2
20606,2
20607,2
20608,2
20609,2
20610,0
20611,2
20612,2
20613,2
20614,3
20615,3
20616,3
20617,3
20618,3
20619,3
20620,3
20621,3
20622,3
20623,2
20624,3
20625,2
20626,3
20627,1
20628,1
20629,2
20630,1
20631,1
20632,1
20633,1
20634,0
20635,0
20636,0
20637,0
20638,0
20639,0
20640,0
20641,0
20642,0
20643,0
20644,0
20645,0
20646,0
20647,0
20648,3
20649,0
20650,3
20651,3
20652,3
20653,3
20654,3
20655,3
20656,2
20657,3
20658,2
20659,3
20660,3
20661,3
20662,3
20663,3
20664,2
20665,3
20666,3
20667,2
20668,2
20669,0
20670,0
20671,0
20672,0
20673,0
20674,3
20675,2
20676,0
20677,3
20678,2
20679,2
20680,2
20681,3
20682,0
20683,2
20684,3
20685,3
20686,0
20687,3
20688,3
20689,3
20690,3
20691,2
20692,3
20693,2
20694,2
20695,0
20696,0
20697,0
20698,0
20699,1
20700,1
20701,1
20702,3
20703,3
20704,2
20705,3
20706,3
20707,2
20708,3
20709,2
20710,3
20711,1
20712,2
20713,2
20714,0
20715,3
20716,2
20717,0
20718,0
20719,0
20720,0
20721,0
20722,0
20723,3
20724,3
20725,3
20726,3
20727,3
20728,3
20729,2
20730,2
20731,2
20732,2
20733,2
20734,2
20735,2
20736,2
20737,2
20738,3
20739,2
20740,2
20741,2
20742,2
20743,2
20744,2
20745,2
20746,2
20747,2
20748,2
20749,2
20750,2
20751,2
20752,2
20753,2
20754,2
20755,2
20756,2
20757,2
20758,2
20759,2
20760,2
20761,2
20762,2
20763,2
20764,2
20765,2
20766,2
20767,2
20768,2
20769,2
20770,2
20771,2
20772,2
20773,2
20774,2
20775,2
20776,2
20777,2
20778,2
20779,2
20780,2
20781,2
20782,2
20783,2
20784,2
20785,2
20786,2
20787,2
20788,2
20789,2
20790,2
20791,2
20792,2
20793,2
20794,2
20795,2
20796,2
20797,2
20798,2
20799,2
20800,2
20801,2
20802,2
20803,2
20804,2
20805,2
20806,2
20807,2
20808,2
20809,2
20810,2
20811,2
20812,2
20813,2
20814,2
20815,1
20816,1
20817,2
20818,2
20819,2
20820,2
20821,2
20822,2
20823,2
20824,2
20825,2
20826,2
20827,2
20828,2
20829,2
20830,2
20831,2
20832,2
20833,2
20834,2
20835,2
20836,2
20837,2
20838,2
20839,2
20840,2
20841,2
20842,2
20843,2
20844,2
20845,2
20846,2
20847,2
20848,2
20849,2
20850,2
20851,3
20852,2
20853,2
20854,0
20855,2
20856,0
20857,0
20858,0
20859,0
20860,0
20861,2
20862,0
20863,3
20864,2
20865,2
20866,0
20867,2
20868,1
20869,1
20870,2
20871,0
20872,2
20873,0
20874,0
20875,0
20876,3
20877,3
20878,2
20879,2
20880,2
20881,3
20882,3
20883,2
20884,2
20885,2
20886,2
20887,2
20888,2
20889,2
20890,2
20891,2
20892,2
20893,2
20894,3
20895,3
20896,3
20897,3
20898,2
20899,2
20900,2
20901,2
20902,3
20903,3
20904,2
20905,2
20906,3
20907,3
20908,2
20909,3
20910,2
20911,3
20912,2
20913,2
20914,3
20915,2
20916,3
20917,3
20918,3
20919,3
20920,3
20921,3
20922,2
20923,3
20924,3
20925,2
20926,3
20927,3
20928,3
20929,3
20930,3
20931,3
20932,3
20933,2
20934,2
20935,2
20936,3
20937,2
20938,3
20939,3
20940,1
20941,3
20942,2
20943,2
20944,2
20945,3
20946,2
20947,3
20948,3
20949,2
20950,2
20951,3
20952,3
20953,3
20954,3
20955,3
20956,2
20957,3
20958,3
20959,3
20960,3
20961,3
20962,2
20963,3
20964,3
20965,3
20966,2
20967,3
20968,3
20969,3
20970,3
20971,2
20972,3
20973,3
20974,3
20975,3
20976,2
20977,2
20978,2
20979,3
20980,2
20981,3
20982,3
20983,2
20984,3
20985,3
20986,2
20987,3
20988,2
20989,2
20990,3
20991,3
20992,3
20993,3
20994,3
20995,3
20996,3
20997,3
20998,3
20999,3
21000,3
21001,3
21002,3
21003,3
21004,3
21005,3
21006,3
21007,3
21008,3
21009,3
21010,3
21011,3
21012,3
21013,3
21014,3
21015,3
21016,3
21017,3
21018,3
21019,3
21020,1
21021,3
21022,3
21023,3
21024,3
21025,3
21026,3
21027,1
21028,3
21029,3
21030,3
21031,1
21032,3
21033,3
21034,3
21035,3
21036,3
21037,3
21038,1
21039,3
21040,1
21041,3
21042,1
21043,3
21044,3
21045,2
21046,1
21047,3
21048,1
21049,3
21050,3
21051,1
21052,3
21053,3
21054,3
21055,2
21056,2
21057,3
21058,2
21059,3
21060,3
21061,1
21062,3
21063,2
21064,3
21065,3
21066,3
21067,3
21068,3
21069,2
21070,3
21071,3
21072,3
21073,3
21074,3
21075,3
21076,2
21077,3
21078,3
21079,3
21080,2
21081,3
21082,3
21083,3
21084,2
21085,3
21086,3
21087,3
21088,3
21089,3
21090,2
21091,3
21092,3
21093,3
21094,2
21095,2
21096,2
21097,2
21098,3
21099,2
21100,2
21101,3
21102,2
21103,2
21104,3
21105,3
21106,1
21107,1
21108,3
21109,3
21110,3
21111,3
21112,3
21113,3
21114,3
21115,3
21116,3
21117,3
21118,3
21119,3
21120,3
21121,2
21122,3
21123,2
21124,2
21125,3
21126,3
21127,3
21128,3
21129,2
21130,3
21131,3
21132,3
21133,3
21134,3
21135,2
21136,3
21137,3
21138,3
21139,3
21140,3
21141,3
21142,3
21143,2
21144,3
21145,1
21146,3
21147,1
21148,3
21149,3
21150,3
21151,2
21152,3
21153,3
21154,1
21155,3
21156,3
21157,3
21158,3
21159,3
21160,2
21161,3
21162,3
21163,3
21164,3
21165,3
21166,3
21167,3
21168,2
21169,3
21170,3
21171,1
21172,3
21173,3
21174,3
21175,2
21176,3
21177,2
21178,3
21179,3
21180,2
21181,3
21182,3
21183,3
21184,2
21185,2
21186,3
21187,3
21188,3
21189,3
21190,3
21191,3
21192,1
21193,3
21194,3
21195,3
21196,3
21197,3
21198,3
21199,3
21200,3
21201,3
21202,2
21203,3
21204,2
21205,3
21206,3
21207,3
21208,3
21209,3
21210,2
21211,3
21212,3
21213,3
21214,3
21215,3
21216,3
21217,3
21218,3
21219,2
21220,2
21221,2
21222,2
21223,2
21224,2
21225,2
21226,2
21227,2
21228,3
21229,2
21230,2
21231,2
21232,2
21233,2
21234,2
21235,2
21236,2
21237,2
21238,2
21239,2
21240,2
21241,3
21242,2
21243,2
21244,2
21245,2
21246,3
21247,2
21248,3
21249,2
21250,2
21251,2
21252,2
21253,2
21254,2
21255,2
21256,2
21257,2
21258,2
21259,2
21260,2
21261,2
21262,2
21263,3
21264,2
21265,3
21266,3
21267,3
21268,3
21269,3
21270,3
21271,3
21272,3
21273,3
21274,3
21275,2
21276,3
21277,3
21278,3
21279,3
21280,3
21281,3
21282,3
21283,3
21284,3
21285,3
21286,2
21287,3
21288,2
21289,2
21290,3
21291,3
21292,3
21293,3
21294,2
21295,2
21296,2
21297,3
21298,2
21299,3
21300,2
21301,3
21302,2
21303,2
21304,2
21305,3
21306,2
21307,2
21308,2
21309,2
21310,2
21311,2
21312,2
21313,3
21314,3
21315,2
21316,3
21317,3
21318,2
21319,2
21320,3
21321,3
21322,3
21323,3
21324,3
21325,3
21326,2
21327,3
21328,2
21329,3
21330,3
21331,3
21332,2
21333,3
21334,3
21335,2
21336,2
21337,2
21338,2
21339,2
21340,3
21341,2
21342,3
21343,2
21344,2
21345,2
21346,3
21347,2
21348,3
21349,2
21350,2
21351,2
21352,2
21353,2
21354,2
21355,2
21356,2
21357,2
21358,3
21359,3
21360,2
21361,2
21362,2
21363,3
21364,3
21365,2
21366,2
21367,2
21368,3
21369,3
21370,2
21371,2
21372,3
21373,2
21374,2
21375,2
21376,2
21377,3
21378,3
21379,3
21380,3
21381,3
21382,2
21383,2
21384,2
21385,2
21386,3
21387,3
21388,3
21389,2
21390,2
21391,3
21392,2
21393,3
21394,2
21395,2
21396,2
21397,0
21398,3
21399,3
21400,2
21401,3
21402,2
21403,3
21404,2
21405,3
21406,3
21407,2
21408,3
21409,2
21410,2
21411,2
21412,2
21413,3
21414,2
21415,2
21416,2
21417,3
21418,2
21419,2
21420,2
21421,2
21422,2
21423,2
21424,3
21425,0
21426,2
21427,2
21428,3
21429,3
21430,2
21431,2
21432,2
21433,2
21434,2
21435,3
21436,3
21437,3
21438,3
21439,3
21440,3
21441,3
21442,3
21443,3
21444,2
21445,3
21446,3
21447,3
21448,0
21449,3
21450,3
21451,3
21452,3
21453,2
21454,2
21455,2
21456,2
21457,2
21458,3
21459,3
21460,3
21461,3
21462,3
21463,2
21464,3
21465,0
21466,0
21467,0
21468,0
21469,3
21470,3
21471,3
21472,2
21473,2
21474,3
21475,2
21476,0
21477,0
21478,2
21479,2
21480,2
21481,2
21482,2
21483,3
21484,2
21485,2
21486,2
21487,2
21488,2
21489,3
21490,2
21491,2
21492,2
21493,3
21494,0
21495,0
21496,3
21497,2
21498,2
21499,2
21500,2
21501,3
21502,3
21503,2
21504,3
21505,2
21506,2
21507,2
21508,3
21509,3
21510,3
21511,3
21512,3
21513,3
21514,3
21515,2
21516,3
21517,2
21518,2
21519,2
21520,2
21521,2
21522,3
21523,2
21524,3
21525,3
21526,3
21527,2
21528,2
21529,3
21530,3
21531,2
21532,2
21533,2
21534,3
21535,3
21536,2
21537,2
21538,2
21539,2
21540,2
21541,2
21542,3
21543,2
21544,2
21545,2
21546,2
21547,3
21548,3
21549,2
21550,2
21551,2
21552,2
21553,2
21554,2
21555,2
21556,2
21557,2
21558,2
21559,2
21560,2
21561,2
21562,2
21563,2
21564,3
21565,3
21566,3
21567,0
21568,3
21569,0
21570,3
21571,3
21572,0
21573,0
21574,0
21575,2
21576,2
21577,2
21578,3
21579,3
21580,3
21581,2
21582,2
21583,2
21584,2
21585,2
21586,2
21587,0
21588,0
21589,0
21590,0
21591,0
21592,2
21593,2
21594,2
21595,3
21596,2
21597,2
21598,2
21599,3
21600,2
21601,2
21602,2
21603,2
21604,3
21605,0
21606,0
21607,0
21608,2
21609,2
21610,3
21611,2
21612,3
21613,3
21614,3
21615,2
21616,2
21617,2
21618,2
21619,2
21620,2
21621,2
21622,2
21623,2
21624,2
21625,2
21626,3
21627,2
21628,2
21629,3
21630,2
21631,2
21632,3
21633,2
21634,2
21635,2
21636,2
21637,2
21638,2
21639,2
21640,2
21641,2
21642,2
21643,2
21644,3
21645,2
21646,2
21647,2
21648,2
21649,2
21650,3
21651,2
21652,2
21653,2
21654,2
21655,2
21656,2
21657,2
21658,2
21659,2
21660,2
21661,2
21662,2
21663,2
21664,2
21665,2
21666,2
21667,2
21668,2
21669,2
21670,2
21671,2
21672,2
21673,2
21674,2
21675,2
21676,2
21677,2
21678,2
21679,2
21680,2
21681,2
21682,2
21683,0
21684,2
21685,3
21686,2
21687,2
21688,2
21689,2
21690,2
21691,3
21692,2
21693,2
21694,2
21695,2
21696,2
21697,2
21698,2
21699,2
21700,2
21701,2
21702,2
21703,2
21704,2
21705,2
21706,2
21707,2
21708,2
21709,2
21710,2
21711,2
21712,2
21713,2
21714,2
21715,2
21716,3
21717,2
21718,3
21719,2
21720,2
21721,3
21722,2
21723,2
21724,2
21725,2
21726,2
21727,2
21728,2
21729,2
21730,2
21731,2
21732,2
21733,2
21734,2
21735,2
21736,2
21737,2
21738,2
21739,2
21740,2
21741,2
21742,2
21743,2
21744,3
21745,2
21746,2
21747,3
21748,2
21749,2
21750,2
21751,2
21752,2
21753,2
21754,2
21755,2
21756,2
21757,3
21758,2
21759,2
21760,3
21761,2
21762,3
21763,1
21764,3
21765,1
21766,0
21767,3
21768,2
21769,2
21770,2
21771,2
21772,2
21773,2
21774,2
21775,3
21776,2
21777,2
21778,2
21779,2
21780,2
21781,2
21782,2
21783,2
21784,2
21785,2
21786,2
21787,2
21788,2
21789,2
21790,2
21791,2
21792,2
21793,2
21794,2
21795,2
21796,2
21797,2
21798,2
21799,2
21800,2
21801,2
21802,3
21803,2
21804,2
21805,2
21806,2
21807,2
21808,2
21809,2
21810,2
21811,3
21812,3
21813,3
21814,2
21815,0
21816,3
21817,0
21818,0
21819,2
21820,2
21821,2
21822,3
21823,2
21824,3
21825,2
21826,2
21827,2
21828,2
21829,2
21830,2
21831,2
21832,3
21833,2
21834,0
21835,2
21836,2
21837,2
21838,2
21839,2
21840,3
21841,2
21842,2
21843,2
21844,2
21845,3
21846,2
21847,3
21848,2
21849,2
21850,3
21851,3
21852,3
21853,0
21854,0
21855,2
21856,2
21857,2
21858,2
21859,2
21860,2
21861,2
21862,3
21863,2
21864,3
21865,2
21866,3
21867,2
21868,2
21869,2
21870,2
21871,2
21872,3
21873,0
21874,2
21875,2
21876,2
21877,2
21878,3
21879,2
21880,2
21881,2
21882,2
21883,2
21884,2
21885,2
21886,2
21887,2
21888,2
21889,2
21890,2
21891,2
21892,2
21893,2
21894,2
21895,2
21896,2
21897,2
21898,2
21899,2
21900,2
21901,2
21902,3
21903,2
21904,2
21905,3
21906,2
21907,2
21908,2
21909,3
21910,2
21911,2
21912,3
21913,3
21914,3
21915,2
21916,3
21917,2
21918,2
21919,2
21920,2
21921,0
21922,0
21923,3
21924,0
21925,2
21926,3
21927,2
21928,2
21929,2
21930,2
21931,3
21932,2
21933,2
21934,2
21935,2
21936,3
21937,2
21938,2
21939,2
21940,2
21941,3
21942,2
21943,2
21944,3
21945,3
21946,2
21947,2
21948,3
21949,2
21950,2
21951,2
21952,2
21953,2
21954,2
21955,2
21956,2
21957,2
21958,2
21959,2
21960,2
21961,2
21962,2
21963,2
21964,3
21965,3
21966,3
21967,2
21968,3
21969,2
21970,2
21971,3
21972,2
21973,3
21974,3
21975,3
21976,2
21977,3
21978,3
21979,3
21980,3
21981,2
21982,2
21983,2
21984,2
21985,3
21986,3
21987,3
21988,3
21989,2
21990,2
21991,2
21992,2
21993,2
21994,2
21995,2
21996,2
21997,2
21998,2
21999,2
22000,2
22001,3
22002,2
22003,2
22004,2
22005,2
22006,2
22007,2
22008,2
22009,3
22010,3
22011,2
22012,3
22013,2
22014,2
22015,2
22016,2
22017,1
22018,3
22019,2
22020,2
22021,3
22022,2
22023,3
22024,3
22025,2
22026,2
22027,3
22028,3
22029,2
22030,2
22031,2
22032,3
22033,3
22034,2
22035,3
22036,3
22037,3
22038,3
22039,2
22040,3
22041,2
22042,2
22043,2
22044,2
22045,3
22046,3
22047,3
22048,2
22049,3
22050,3
22051,2
22052,2
22053,2
22054,2
22055,2
22056,2
22057,2
22058,2
22059,3
22060,3
22061,2
22062,3
22063,2
22064,3
22065,2
22066,2
22067,3
22068,3
22069,2
22070,2
22071,2
22072,3
22073,2
22074,2
22075,2
22076,2
22077,2
22078,2
22079,2
22080,2
22081,2
22082,3
22083,2
22084,2
22085,2
22086,2
22087,2
22088,2
22089,2
22090,2
22091,2
22092,2
22093,2
22094,2
22095,2
22096,2
22097,2
22098,2
22099,2
22100,2
22101,2
22102,2
22103,2
22104,2
22105,2
22106,2
22107,3
22108,2
22109,2
22110,2
22111,2
22112,2
22113,2
22114,2
22115,2
22116,2
22117,2
22118,2
22119,2
22120,2
22121,2
22122,2
22123,2
22124,2
22125,3
22126,2
22127,2
22128,2
22129,2
22130,2
22131,2
22132,2
22133,2
22134,3
22135,2
22136,2
22137,2
22138,2
22139,2
22140,2
22141,2
22142,2
22143,2
22144,2
22145,2
22146,2
22147,2
22148,2
22149,2
22150,2
22151,2
22152,2
22153,2
22154,2
22155,2
22156,2
22157,2
22158,2
22159,2
22160,2
22161,2
22162,2
22163,2
22164,2
22165,2
22166,2
22167,2
22168,2
22169,2
22170,2
22171,2
22172,2
22173,3
22174,2
22175,2
22176,2
22177,2
22178,2
22179,2
22180,2
22181,3
22182,2
22183,2
22184,2
22185,2
22186,2
22187,2
22188,2
22189,2
22190,2
22191,2
22192,2
22193,2
22194,2
22195,2
22196,2
22197,2
22198,2
22199,2
22200,2
22201,2
22202,2
22203,2
22204,3
22205,2
22206,2
22207,2
22208,2
22209,2
22210,2
22211,2
22212,2
22213,2
22214,2
22215,2
22216,2
22217,2
22218,2
22219,2
22220,2
22221,3
22222,2
22223,3
22224,2
22225,2
22226,2
22227,2
22228,2
22229,2
22230,2
22231,2
22232,2
22233,2
22234,2
22235,2
22236,2
22237,2
22238,2
22239,2
22240,3
22241,2
22242,2
22243,2
22244,2
22245,3
22246,2
22247,2
22248,2
22249,2
22250,2
22251,3
22252,3
22253,3
22254,2
22255,2
22256,2
22257,3
22258,2
22259,2
22260,2
22261,2
22262,2
22263,2
22264,2
22265,2
22266,2
22267,2
22268,2
22269,3
22270,2
22271,2
22272,2
22273,2
22274,2
22275,2
22276,2
22277,2
22278,2
22279,2
22280,2
22281,2
22282,2
22283,2
22284,2
22285,2
22286,2
22287,2
22288,2
22289,2
22290,2
22291,2
22292,2
22293,2
22294,2
22295,2
22296,2
22297,2
22298,2
22299,2
22300,2
22301,2
22302,2
22303,2
22304,2
22305,2
22306,2
22307,2
22308,2
22309,2
22310,2
22311,2
22312,2
22313,2
22314,2
22315,2
22316,2
22317,2
22318,2
22319,2
22320,2
22321,2
22322,2
22323,2
22324,2
22325,2
22326,3
22327,2
22328,2
22329,2
22330,3
22331,2
22332,2
22333,2
22334,3
22335,2
22336,2
22337,3
22338,2
22339,3
22340,3
22341,2
22342,0
22343,3
22344,3
22345,2
22346,2
22347,3
22348,2
22349,3
22350,2
22351,2
22352,2
22353,3
22354,2
22355,3
22356,2
22357,2
22358,2
22359,2
22360,2
22361,2
22362,2
22363,2
22364,2
22365,2
22366,2
22367,2
22368,2
22369,2
22370,2
22371,2
22372,2
22373,3
22374,3
22375,3
22376,3
22377,3
22378,1
22379,3
22380,2
22381,2
22382,2
22383,2
22384,3
22385,3
22386,3
22387,3
22388,3
22389,2
22390,2
22391,2
22392,3
22393,2
22394,2
22395,2
22396,2
22397,2
22398,2
22399,3
22400,2
22401,3
22402,3
22403,3
22404,3
22405,3
22406,3
22407,3
22408,3
22409,3
22410,2
22411,3
22412,3
22413,2
22414,2
22415,3
22416,3
22417,3
22418,3
22419,2
22420,2
22421,3
22422,2
22423,2
22424,2
22425,3
22426,2
22427,2
22428,2
22429,2
22430,2
22431,2
22432,2
22433,2
22434,2
22435,2
22436,2
22437,2
22438,2
22439,2
22440,2
22441,2
22442,2
22443,2
22444,2
22445,2
22446,2
22447,2
22448,2
22449,2
22450,2
22451,2
22452,2
22453,3
22454,3
22455,2
22456,2
22457,2
22458,2
22459,2
22460,2
22461,2
22462,2
22463,2
22464,2
22465,2
22466,2
22467,2
22468,2
22469,2
22470,2
22471,2
22472,2
22473,2
22474,2
22475,2
22476,2
22477,2
22478,2
22479,2
22480,2
22481,2
22482,3
22483,3
22484,2
22485,3
22486,2
22487,2
22488,2
22489,2
22490,2
22491,2
22492,3
22493,0
22494,0
22495,0
22496,1
22497,3
22498,3
22499,3
22500,3
22501,3
22502,3
22503,3
22504,3
22505,2
22506,2
22507,2
22508,3
22509,2
22510,3
22511,2
22512,3
22513,1
22514,3
22515,3
22516,3
22517,3
22518,0
22519,3
22520,2
22521,2
22522,3
22523,3
22524,3
22525,3
22526,3
22527,2
22528,3
22529,3
22530,3
22531,3
22532,3
22533,3
22534,3
22535,0
22536,0
22537,2
22538,0
22539,0
22540,0
22541,1
22542,2
22543,2
22544,0
22545,2
22546,0
22547,0
22548,2
22549,3
22550,3
22551,2
22552,2
22553,2
22554,2
22555,2
22556,2
22557,2
22558,2
22559,2
22560,2
22561,3
22562,3
22563,3
22564,3
22565,3
22566,2
22567,3
22568,3
22569,2
22570,3
22571,2
22572,3
22573,2
22574,2
22575,3
22576,3
22577,3
22578,3
22579,2
22580,3
22581,3
22582,3
22583,2
22584,3
22585,3
22586,2
22587,3
22588,3
22589,3
22590,1
22591,1
22592,1
22593,3
22594,3
22595,3
22596,3
22597,3
22598,2
22599,2
22600,2
22601,3
22602,2
22603,2
22604,3
22605,2
22606,3
22607,1
22608,3
22609,2
22610,2
22611,2
22612,2
22613,2
22614,2
22615,2
22616,2
22617,2
22618,2
22619,2
22620,2
22621,2
22622,2
22623,2
22624,2
22625,2
22626,3
22627,3
22628,2
22629,3
22630,3
22631,2
22632,1
22633,2
22634,2
22635,3
22636,3
22637,3
22638,2
22639,2
22640,1
22641,1
22642,2
22643,3
22644,3
22645,3
22646,1
22647,2
22648,2
22649,3
22650,3
22651,3
22652,3
22653,3
22654,0
22655,3
22656,3
22657,3
22658,2
22659,3
22660,3
22661,3
22662,2
22663,3
22664,3
22665,2
22666,3
22667,3
22668,0
22669,1
22670,2
22671,0
22672,1
22673,3
22674,1
22675,1
22676,3
22677,3
22678,3
22679,3
22680,1
22681,1
22682,3
22683,2
22684,2
22685,3
22686,2
22687,3
22688,2
22689,1
22690,3
22691,2
22692,2
22693,3
22694,2
22695,2
22696,2
22697,3
22698,2
22699,2
22700,2
22701,3
22702,3
22703,3
22704,2
22705,2
22706,2
22707,3
22708,3
22709,3
22710,2
22711,0
22712,1
22713,3
22714,3
22715,3
22716,2
22717,1
22718,3
22719,2
22720,3
22721,3
22722,2
22723,2
22724,2
22725,1
22726,3
22727,3
22728,3
22729,3
22730,3
22731,3
22732,3
22733,3
22734,3
22735,3
22736,3
22737,1
22738,3
22739,2
22740,0
22741,3
22742,2
22743,2
22744,3
22745,2
22746,3
22747,3
22748,2
22749,2
22750,2
22751,2
22752,2
22753,2
22754,3
22755,1
22756,3
22757,3
22758,3
22759,3
22760,3
22761,2
22762,3
22763,2
22764,2
22765,2
22766,3
22767,3
22768,2
22769,3
22770,3
22771,3
22772,3
22773,3
22774,2
22775,3
22776,2
22777,3
22778,3
22779,3
22780,1
22781,1
22782,2
22783,3
22784,3
22785,3
22786,3
22787,3
22788,3
22789,3
22790,3
22791,3
22792,1
22793,3
22794,0
22795,3
22796,3
22797,3
22798,3
22799,3
22800,3
22801,3
22802,3
22803,3
22804,3
22805,3
22806,3
22807,3
22808,3
22809,0
22810,0
22811,0
22812,0
22813,0
22814,2
22815,3
22816,3
22817,1
22818,3
22819,3
22820,0
22821,0
22822,0
22823,1
22824,2
22825,1
22826,0
22827,0
22828,0
22829,1
22830,3
22831,3
22832,3
22833,2
22834,2
22835,3
22836,0
22837,2
22838,0
22839,0
22840,0
22841,0
22842,3
22843,0
22844,2
22845,3
22846,3
22847,3
22848,3
22849,3
22850,2
22851,2
22852,2
22853,2
22854,2
22855,3
22856,3
22857,1
22858,0
22859,2
22860,3
22861,3
22862,3
22863,3
22864,3
22865,3
22866,3
22867,2
22868,3
22869,3
22870,3
22871,1
22872,0
22873,0
22874,3
22875,0
22876,3
22877,3
22878,1
22879,3
22880,3
22881,0
22882,3
22883,1
22884,1
22885,3
22886,3
22887,3
22888,3
22889,3
22890,3
22891,3
22892,3
22893,3
22894,3
22895,3
22896,3
22897,3
22898,3
22899,1
22900,3
22901,3
22902,3
22903,3
22904,3
22905,3
22906,3
22907,2
22908,3
22909,3
22910,3
22911,3
22912,3
22913,3
22914,0
22915,2
22916,3
22917,3
22918,3
22919,3
22920,3
22921,3
22922,3
22923,3
22924,3
22925,3
22926,3
22927,3
22928,3
22929,3
22930,3
22931,3
22932,3
22933,3
22934,3
22935,3
22936,3
22937,3
22938,3
22939,3
22940,3
22941,3
22942,3
22943,3
22944,3
22945,3
22946,3
22947,3
22948,3
22949,3
22950,3
22951,2
22952,3
22953,3
22954,3
22955,3
22956,2
22957,2
22958,3
22959,1
22960,3
22961,3
22962,3
22963,2
22964,3
22965,3
22966,0
22967,0
22968,2
22969,3
22970,2
22971,3
22972,3
22973,0
22974,3
22975,3
22976,3
22977,3
22978,1
22979,1
22980,3
22981,3
22982,3
22983,3
22984,3
22985,3
22986,3
22987,3
22988,3
22989,3
22990,3
22991,3
22992,0
22993,0
22994,0
22995,0
22996,0
22997,0
22998,0
22999,0
23000,0
23001,0
23002,0
23003,1
23004,1
23005,3
23006,3
23007,3
23008,3
23009,1
23010,1
23011,3
23012,3
23013,3
23014,3
23015,3
23016,3
23017,3
23018,3
23019,1
23020,3
23021,3
23022,3
23023,1
23024,3
23025,3
23026,3
23027,3
23028,3
23029,3
23030,3
23031,3
23032,3
23033,3
23034,3
23035,2
23036,2
23037,3
23038,3
23039,3
23040,2
23041,3
23042,3
23043,3
23044,3
23045,3
23046,3
23047,3
23048,3
23049,1
23050,0
23051,0
23052,0
23053,0
23054,3
23055,2
23056,3
23057,3
23058,2
23059,3
23060,3
23061,3
23062,2
23063,1
23064,3
23065,3
23066,3
23067,3
23068,3
23069,3
23070,3
23071,3
23072,1
23073,3
23074,3
23075,3
23076,3
23077,0
23078,3
23079,3
23080,3
23081,3
23082,2
23083,3
23084,3
23085,3
23086,3
23087,3
23088,3
23089,1
23090,3
23091,0
23092,3
23093,3
23094,3
23095,3
23096,3
23097,3
23098,3
23099,3
23100,3
23101,1
23102,3
23103,3
23104,3
23105,3
23106,3
23107,3
23108,2
23109,3
23110,3
23111,3
23112,3
23113,2
23114,3
23115,3
23116,3
23117,3
23118,1
23119,3
23120,3
23121,3
23122,3
23123,3
23124,3
23125,3
23126,1
23127,3
23128,1
23129,1
23130,1
23131,1
23132,0
23133,0
23134,1
23135,0
23136,0
23137,0
23138,3
23139,3
23140,3
23141,3
23142,3
23143,1
23144,3
23145,3
23146,3
23147,2
23148,1
23149,0
23150,3
23151,3
23152,3
23153,2
23154,3
23155,3
23156,3
23157,3
23158,3
23159,2
23160,1
23161,3
23162,3
23163,3
23164,3
23165,3
23166,1
23167,3
23168,3
23169,3
23170,3
23171,3
23172,3
23173,3
23174,3
23175,3
23176,2
23177,3
23178,3
23179,3
23180,3
23181,3
23182,3
23183,0
23184,0
23185,3
23186,3
23187,1
23188,0
23189,3
23190,1
23191,1
23192,1
23193,1
23194,1
23195,3
23196,1
23197,1
23198,1
23199,3
23200,3
23201,3
23202,2
23203,3
23204,3
23205,3
23206,3
23207,2
23208,2
23209,3
23210,3
23211,2
23212,2
23213,3
23214,2
23215,1
23216,2
23217,1
23218,1
23219,2
23220,1
23221,3
23222,2
23223,2
23224,3
23225,2
23226,2
23227,3
23228,2
23229,3
23230,3
23231,1
23232,3
23233,2
23234,0
23235,0
23236,0
23237,0
23238,3
23239,3
23240,2
23241,3
23242,2
23243,2
23244,3
23245,3
23246,2
23247,3
23248,1
23249,0
23250,1
23251,0
23252,1
23253,2
23254,2
23255,2
23256,2
23257,2
23258,1
23259,2
23260,2
23261,2
23262,2
23263,3
23264,3
23265,2
23266,2
23267,3
23268,1
23269,3
23270,1
23271,2
23272,2
23273,3
23274,3
23275,2
23276,3
23277,3
23278,1
23279,2
23280,1
23281,1
23282,3
23283,1
23284,3
23285,2
23286,3
23287,3
23288,3
23289,3
23290,3
23291,3
23292,2
23293,2
23294,3
23295,3
23296,3
23297,2
23298,3
23299,3
23300,1
23301,3
23302,3
23303,2
23304,3
23305,2
23306,2
23307,3
23308,2
23309,2
23310,2
23311,2
23312,1
23313,3
23314,0
23315,0
23316,0
23317,0
23318,0
23319,0
23320,0
23321,3
23322,3
23323,1
23324,1
23325,3
23326,3
23327,3
23328,3
23329,3
23330,3
23331,3
23332,3
23333,3
23334,3
23335,2
23336,3
23337,3
23338,3
23339,3
23340,3
23341,2
23342,3
23343,3
23344,3
23345,3
23346,3
23347,3
23348,3
23349,2
23350,3
23351,2
23352,3
23353,2
23354,3
23355,0
23356,3
23357,3
23358,2
23359,0
23360,2
23361,3
23362,0
23363,0
23364,0
23365,3
23366,0
23367,0
23368,2
23369,3
23370,2
23371,2
23372,0
23373,0
23374,3
23375,3
23376,3
23377,1
23378,2
23379,3
23380,1
23381,2
23382,3
23383,1
23384,3
23385,1
23386,1
23387,3
23388,3
23389,2
23390,3
23391,2
23392,2
23393,3
23394,2
23395,1
23396,3
23397,3
23398,2
23399,2
23400,1
23401,2
23402,3
23403,2
23404,3
23405,2
23406,3
23407,2
23408,1
23409,1
23410,2
23411,3
23412,2
23413,3
23414,1
23415,2
23416,2
23417,3
23418,1
23419,2
23420,3
23421,2
23422,2
23423,2
23424,1
23425,3
23426,2
23427,3
23428,2
23429,3
23430,1
23431,2
23432,3
23433,3
23434,3
23435,3
23436,3
23437,1
23438,3
23439,3
23440,1
23441,3
23442,1
23443,1
23444,2
23445,2
23446,0
23447,0
23448,0
23449,0
23450,0
23451,0
23452,0
23453,0
23454,0
23455,3
23456,3
23457,3
23458,2
23459,3
23460,2
23461,2
23462,1
23463,2
23464,3
23465,3
23466,3
23467,3
23468,3
23469,2
23470,3
23471,3
23472,2
23473,3
23474,3
23475,3
23476,2
23477,3
23478,3
23479,3
23480,3
23481,3
23482,2
23483,3
23484,3
23485,1
23486,2
23487,2
23488,3
23489,2
23490,1
23491,2
23492,3
23493,1
23494,2
23495,3
23496,3
23497,3
23498,3
23499,3
23500,1
23501,3
23502,3
23503,3
23504,2
23505,2
23506,2
23507,2
23508,3
23509,0
23510,3
23511,3
23512,0
23513,0
23514,0
23515,0
23516,0
23517,0
23518,0
23519,0
23520,0
23521,0
23522,0
23523,0
23524,1
23525,3
23526,3
23527,3
23528,3
23529,0
23530,0
23531,0
23532,0
23533,3
23534,2
23535,3
23536,2
23537,3
23538,3
23539,3
23540,3
23541,3
23542,3
23543,3
23544,0
23545,3
23546,3
23547,3
23548,3
23549,1
23550,1
23551,0
23552,1
23553,1
23554,1
23555,3
23556,1
23557,2
23558,1
23559,0
23560,0
23561,3
23562,3
23563,3
23564,3
23565,3
23566,1
23567,3
23568,1
23569,1
23570,1
23571,2
23572,1
23573,3
23574,3
23575,0
23576,0
23577,0
23578,0
23579,0
23580,0
23581,0
23582,3
23583,3
23584,3
23585,3
23586,1
23587,3
23588,3
23589,1
23590,0
23591,0
23592,0
23593,3
23594,0
23595,0
23596,0
23597,0
23598,0
23599,2
23600,1
23601,1
23602,2
23603,2
23604,3
23605,3
23606,3
23607,0
23608,0
23609,2
23610,1
23611,3
23612,3
23613,2
23614,0
23615,1
23616,1
23617,1
23618,1
23619,1
23620,3
23621,1
23622,3
23623,2
23624,1
23625,0
23626,2
23627,0
23628,0
23629,0
23630,0
23631,0
23632,0
23633,1
23634,3
23635,2
23636,2
23637,3
23638,1
23639,3
23640,3
23641,3
23642,3
23643,3
23644,1
23645,1
23646,3
23647,3
23648,3
23649,3
23650,2
23651,2
23652,1
23653,2
23654,3
23655,2
23656,2
23657,3
23658,0
23659,1
23660,1
23661,1
23662,1
23663,2
23664,2
23665,1
23666,2
23667,2
23668,1
23669,2
23670,2
23671,1
23672,1
23673,1
23674,1
23675,1
23676,1
23677,1
23678,1
23679,1
23680,1
23681,1
23682,3
23683,2
23684,1
23685,1
23686,1
23687,1
23688,1
23689,1
23690,1
23691,1
23692,1
23693,1
23694,1
23695,1
23696,2
23697,1
23698,1
23699,1
23700,1
23701,2
23702,1
23703,2
23704,2
23705,2
23706,2
23707,2
23708,2
23709,3
23710,3
23711,3
23712,2
23713,2
23714,3
23715,3
23716,2
23717,3
23718,2
23719,2
23720,0
23721,3
23722,3
23723,3
23724,2
23725,3
23726,2
23727,3
23728,2
23729,0
23730,2
23731,3
23732,2
23733,2
23734,2
23735,2
23736,2
23737,2
23738,3
23739,2
23740,1
23741,2
23742,2
23743,2
23744,2
23745,2
23746,2
23747,2
23748,2
23749,2
23750,2
23751,2
23752,2
23753,2
23754,2
23755,2
23756,0
23757,0
23758,0
23759,0
23760,2
23761,2
23762,2
23763,3
23764,2
23765,2
23766,1
23767,1
23768,3
23769,1
23770,2
23771,3
23772,3
23773,0
23774,0
23775,2
23776,3
23777,1
23778,2
23779,1
23780,1
23781,3
23782,2
23783,1
23784,3
23785,3
23786,3
23787,3
23788,0
23789,0
23790,0
23791,2
23792,2
23793,3
23794,0
23795,2
23796,0
23797,0
23798,0
23799,2
23800,0
23801,0
23802,0
23803,0
23804,1
23805,0
23806,0
23807,0
23808,0
23809,0
23810,0
23811,0
23812,2
23813,0
23814,3
23815,0
23816,0
23817,2
23818,2
23819,1
23820,0
23821,0
23822,0
23823,0
23824,2
23825,3
23826,0
23827,0
23828,0
23829,2
23830,2
23831,2
23832,2
23833,1
23834,1
23835,0
23836,0
23837,0
23838,0
23839,0
23840,0
23841,0
23842,2
23843,2
23844,2
23845,2
23846,3
23847,2
23848,2
23849,2
23850,2
23851,2
23852,2
23853,2
23854,2
23855,2
23856,2
23857,2
23858,2
23859,2
23860,2
23861,2
23862,1
23863,2
23864,2
23865,2
23866,2
23867,2
23868,2
23869,2
23870,2
23871,2
23872,2
23873,2
23874,2
23875,2
23876,2
23877,2
23878,2
23879,2
23880,2
23881,2
23882,2
23883,2
23884,2
23885,2
23886,2
23887,2
23888,1
23889,0
23890,0
23891,0
23892,0
23893,0
23894,0
23895,0
23896,2
23897,2
23898,0
23899,0
23900,2
23901,0
23902,0
23903,2
23904,0
23905,2
23906,2
23907,2
23908,2
23909,2
23910,2
23911,2
23912,2
23913,2
23914,2
23915,2
23916,2
23917,2
23918,2
23919,2
23920,2
23921,2
23922,2
23923,2
23924,2
23925,2
23926,2
23927,3
23928,3
23929,3
23930,2
23931,3
23932,3
23933,3
23934,2
23935,2
23936,3
23937,2
23938,2
23939,2
23940,1
23941,3
23942,3
23943,2
23944,2
23945,3
23946,2
23947,2
23948,2
23949,2
23950,2
23951,1
23952,1
23953,2
23954,2
23955,2
23956,2
23957,2
23958,2
23959,2
23960,1
23961,1
23962,1
23963,2
23964,1
23965,2
23966,2
23967,2
23968,1
23969,2
23970,2
23971,1
23972,1
23973,1
23974,1
23975,1
23976,1
23977,1
23978,1
23979,1
23980,2
23981,1
23982,2
23983,2
23984,2
23985,2
23986,2
23987,2
23988,0
23989,0
23990,0
23991,0
23992,0
23993,0
23994,3
23995,2
23996,0
23997,1
23998,1
23999,1
24000,1
24001,2
24002,2
24003,1
24004,2
24005,2
24006,2
24007,3
24008,0
24009,0
24010,2
24011,2
24012,3
24013,3
24014,3
24015,3
24016,3
24017,3
24018,3
24019,3
24020,3
24021,3
24022,3
24023,2
24024,3
24025,3
24026,3
24027,3
24028,3
24029,3
24030,0
24031,3
24032,2
24033,2
24034,2
24035,0
24036,3
24037,0
24038,0
24039,0
24040,0
24041,2
24042,0
24043,0
24044,2
24045,0
24046,2
24047,0
24048,2
24049,1
24050,0
24051,2
24052,0
24053,3
24054,1
24055,1
24056,0
24057,2
24058,2
24059,2
24060,2
24061,2
24062,2
24063,2
24064,2
24065,2
24066,2
24067,2
24068,2
24069,2
24070,2
24071,2
24072,2
24073,1
24074,2
24075,2
24076,2
24077,2
24078,2
24079,1
24080,1
24081,2
24082,2
24083,2
24084,2
24085,2
24086,2
24087,1
24088,1
24089,2
24090,2
24091,2
24092,2
24093,2
24094,1
24095,1
24096,1
24097,3
24098,2
24099,3
24100,2
24101,3
24102,2
24103,3
24104,0
24105,3
24106,1
24107,1
24108,1
24109,0
24110,0
24111,0
24112,0
24113,0
24114,2
24115,0
24116,0
24117,3
24118,3
24119,1
24120,1
24121,0
24122,0
24123,0
24124,0
24125,1
24126,3
24127,2
24128,2
24129,3
24130,0
24131,0
24132,0
24133,2
24134,3
24135,0
24136,0
24137,0
24138,0
24139,0
24140,0
24141,0
24142,0
24143,1
24144,0
24145,0
24146,0
24147,0
24148,0
24149,0
24150,0
24151,0
24152,0
24153,0
24154,2
24155,3
24156,2
24157,2
24158,2
24159,2
24160,2
24161,2
24162,2
24163,2
24164,0
24165,0
24166,0
24167,0
24168,2
24169,0
24170,0
24171,2
24172,2
24173,2
24174,2
24175,0
24176,3
24177,2
24178,2
24179,2
24180,2
24181,2
24182,2
24183,2
24184,0
24185,2
24186,0
24187,2
24188,0
24189,1
24190,1
24191,1
24192,3
24193,2
24194,1
24195,1
24196,1
24197,2
24198,2
24199,2
24200,3
24201,1
24202,2
24203,2
24204,2
24205,2
24206,2
24207,2
24208,2
24209,2
24210,2
24211,2
24212,2
24213,2
24214,2
24215,2
24216,2
24217,1
24218,2
24219,2
24220,2
24221,2
24222,2
24223,2
24224,2
24225,1
24226,1
24227,1
24228,4
24229,1
24230,1
24231,1
24232,1
24233,2
24234,3
24235,3
24236,3
24237,3
24238,2
24239,3
24240,2
24241,3
24242,1
24243,1
24244,1
24245,3
24246,1
24247,2
24248,3
24249,2
24250,3
24251,2
24252,2
24253,3
24254,2
24255,2
24256,2
24257,2
24258,2
24259,2
24260,2
24261,2
24262,2
24263,2
24264,3
24265,2
24266,0
24267,2
24268,2
24269,2
24270,2
24271,2
24272,2
24273,2
24274,2
24275,2
24276,2
24277,2
24278,3
24279,3
24280,3
24281,2
24282,3
24283,3
24284,3
24285,3
24286,2
24287,2
24288,3
24289,4
24290,2
24291,2
24292,2
24293,2
24294,0
24295,3
24296,2
24297,2
24298,2
24299,2
24300,2
24301,3
24302,2
24303,0
24304,0
24305,0
24306,0
24307,1
24308,1
24309,1
24310,1
24311,1
24312,1
24313,1
24314,3
24315,0
24316,0
24317,0
24318,0
24319,0
24320,0
24321,0
24322,0
24323,0
24324,2
24325,0
24326,0
24327,3
24328,3
24329,2
24330,1
24331,1
24332,1
24333,2
24334,2
24335,2
24336,1
24337,2
24338,3
24339,1
24340,2
24341,2
24342,2
24343,2
24344,2
24345,2
24346,1
24347,1
24348,1
24349,1
24350,1
24351,1
24352,1
24353,1
24354,1
24355,1
24356,0
24357,0
24358,0
24359,0
24360,0
24361,0
24362,0
24363,0
24364,0
24365,0
24366,0
24367,2
24368,1
24369,1
24370,1
24371,1
24372,1
24373,1
24374,2
24375,3
24376,3
24377,3
24378,3
24379,2
24380,3
24381,3
24382,2
24383,3
24384,3
24385,1
24386,2
24387,2
24388,3
24389,0
24390,0
24391,2
24392,0
24393,0
24394,2
24395,0
24396,0
24397,0
24398,0
24399,0
24400,0
24401,0
24402,0
24403,0
24404,0
24405,0
24406,0
24407,3
24408,0
24409,0
24410,0
24411,0
24412,0
24413,0
24414,0
24415,0
24416,0
24417,0
24418,3
24419,0
24420,2
24421,2
24422,1
24423,1
24424,0
24425,0
24426,0
24427,2
24428,2
24429,0
24430,0
24431,1
24432,0
24433,0
24434,0
24435,0
24436,0
24437,0
24438,0
24439,0
24440,0
24441,0
24442,0
24443,1
24444,3
24445,1
24446,1
24447,1
24448,1
24449,3
24450,3
24451,3
24452,3
24453,0
24454,0
24455,0
24456,0
24457,0
24458,0
24459,0
24460,0
24461,0
24462,0
24463,0
24464,1
24465,1
24466,3
24467,3
24468,3
24469,0
24470,0
24471,3
24472,2
24473,3
24474,2
24475,3
24476,3
24477,2
24478,3
24479,3
24480,3
24481,3
24482,3
24483,3
24484,3
24485,3
24486,3
24487,0
24488,3
24489,3
24490,2
24491,3
24492,1
24493,3
24494,3
24495,0
24496,3
24497,2
24498,3
24499,3
24500,3
24501,3
24502,3
24503,2
24504,3
24505,3
24506,2
24507,0
24508,3
24509,3
24510,3
24511,0
24512,3
24513,0
24514,3
24515,3
24516,3
24517,1
24518,1
24519,3
24520,2
24521,2
24522,3
24523,2
24524,1
24525,3
24526,0
24527,3
24528,0
24529,3
24530,3
24531,3
24532,2
24533,0
24534,3
24535,0
24536,0
24537,0
24538,1
24539,3
24540,0
24541,0
24542,0
24543,3
24544,3
24545,1
24546,0
24547,3
24548,0
24549,2
24550,3
24551,2
24552,1
24553,1
24554,3
24555,2
24556,3
24557,3
24558,3
24559,2
24560,2
24561,0
24562,0
24563,3
24564,3
24565,2
24566,2
24567,2
24568,0
24569,3
24570,2
24571,3
24572,2
24573,2
24574,3
24575,2
24576,2
24577,2
24578,3
24579,3
24580,3
24581,0
24582,3
24583,3
24584,3
24585,0
24586,3
24587,0
24588,3
24589,0
24590,3
24591,3
24592,3
24593,2
24594,3
24595,3
24596,2
24597,3
24598,3
24599,2
24600,2
24601,3
24602,3
24603,2
24604,3
24605,2
24606,3
24607,3
24608,2
24609,1
24610,1
24611,2
24612,2
24613,3
24614,2
24615,2
24616,2
24617,3
24618,0
24619,0
24620,0
24621,0
24622,3
24623,0
24624,2
24625,2
24626,3
24627,1
24628,1
24629,3
24630,1
24631,2
24632,2
24633,3
24634,3
24635,2
24636,2
24637,1
24638,1
24639,3
24640,1
24641,1
24642,1
24643,2
24644,2
24645,3
24646,2
24647,2
24648,2
24649,2
24650,0
24651,0
24652,0
24653,0
24654,0
24655,3
24656,0
24657,3
24658,3
24659,3
24660,3
24661,2
24662,3
24663,3
24664,3
24665,3
24666,2
24667,3
24668,3
24669,3
24670,2
24671,2
24672,2
24673,3
24674,3
24675,2
24676,3
24677,3
24678,2
24679,0
24680,0
24681,3
24682,0
24683,0
24684,2
24685,3
24686,3
24687,2
24688,2
24689,4
24690,2
24691,3
24692,3
24693,3
24694,2
24695,3
24696,3
24697,3
24698,3
24699,2
24700,0
24701,0
24702,3
24703,2
24704,2
24705,2
24706,3
24707,2
24708,3
24709,2
24710,2
24711,2
24712,2
24713,2
24714,2
24715,2
24716,3
24717,0
24718,0
24719,3
24720,0
24721,0
24722,0
24723,2
24724,0
24725,1
24726,1
24727,1
24728,0
24729,2
24730,0
24731,2
24732,0
24733,2
24734,2
24735,3
24736,3
24737,3
24738,3
24739,0
24740,2
24741,2
24742,2
24743,2
24744,2
24745,2
24746,2
24747,2
24748,2
24749,2
24750,3
24751,2
24752,2
24753,2
24754,2
24755,2
24756,2
24757,2
24758,2
24759,2
24760,2
24761,2
24762,2
24763,2
24764,2
24765,2
24766,2
24767,2
24768,2
24769,2
24770,2
24771,2
24772,2
24773,2
24774,2
24775,2
24776,2
24777,2
24778,2
24779,2
24780,2
24781,2
24782,2
24783,2
24784,2
24785,2
24786,2
24787,2
24788,2
24789,3
24790,2
24791,2
24792,2
24793,2
24794,2
24795,2
24796,2
24797,2
24798,2
24799,2
24800,2
24801,2
24802,2
24803,2
24804,2
24805,2
24806,2
24807,2
24808,2
24809,2
24810,2
24811,2
24812,2
24813,2
24814,2
24815,2
24816,2
24817,2
24818,2
24819,0
24820,0
24821,0
24822,0
24823,0
24824,0
24825,0
24826,0
24827,0
24828,0
24829,3
24830,2
24831,2
24832,2
24833,3
24834,3
24835,2
24836,2
24837,0
24838,3
24839,0
24840,2
24841,0
24842,0
24843,2
24844,2
24845,2
24846,3
24847,0
24848,1
24849,1
24850,0
24851,0
24852,1
24853,0
24854,0
24855,2
24856,2
24857,3
24858,2
24859,0
24860,3
24861,0
24862,0
24863,2
24864,2
24865,0
24866,0
24867,0
24868,0
24869,0
24870,2
24871,0
24872,0
24873,0
24874,0
24875,0
24876,2
24877,3
24878,3
24879,3
24880,2
24881,2
24882,3
24883,2
24884,2
24885,2
24886,2
24887,2
24888,2
24889,2
24890,0
24891,3
24892,2
24893,2
24894,2
24895,2
24896,2
24897,3
24898,0
24899,2
24900,2
24901,2
24902,2
24903,2
24904,2
24905,0
24906,0
24907,0
24908,0
24909,0
24910,2
24911,2
24912,2
24913,2
24914,2
24915,2
24916,2
24917,3
24918,2
24919,2
24920,2
24921,0
24922,0
24923,3
24924,2
24925,0
24926,0
24927,2
24928,0
24929,3
24930,0
24931,0
24932,2
24933,0
24934,1
24935,1
24936,1
24937,3
24938,3
24939,3
24940,3
24941,3
24942,2
24943,2
24944,3
24945,3
24946,3
24947,3
24948,3
24949,3
24950,2
24951,2
24952,3
24953,2
24954,2
24955,3
24956,2
24957,2
24958,2
24959,3
24960,3
24961,3
24962,3
24963,2
24964,3
24965,3
24966,3
24967,3
24968,3
24969,3
24970,2
24971,2
24972,3
24973,2
24974,3
24975,3
24976,3
24977,2
24978,3
24979,3
24980,2
24981,3
24982,3
24983,3
24984,2
24985,2
24986,3
24987,2
24988,2
24989,2
24990,2
24991,2
24992,2
24993,2
24994,2
24995,2
24996,2
24997,2
24998,2
24999,2
25000,2
25001,2
25002,1
25003,3
25004,2
25005,3
25006,2
25007,2
25008,2
25009,3
25010,3
25011,2
25012,2
25013,3
25014,2
25015,2
25016,2
25017,2
25018,2
25019,2
25020,2
25021,2
25022,2
25023,3
25024,2
25025,3
25026,2
25027,2
25028,2
25029,2
25030,2
25031,3
25032,2
25033,2
25034,3
25035,2
25036,2
25037,2
25038,2
25039,2
25040,2
25041,2
25042,2
25043,2
25044,2
25045,2
25046,3
25047,1
25048,2
25049,2
25050,1
25051,2
25052,3
25053,2
25054,3
25055,2
25056,2
25057,3
25058,3
25059,0
25060,3
25061,3
25062,2
25063,0
25064,2
25065,2
25066,2
25067,3
25068,3
25069,2
25070,0
25071,0
25072,3
25073,0
25074,0
25075,2
25076,2
25077,1
25078,3
25079,1
25080,0
25081,3
25082,2
25083,0
25084,2
25085,3
25086,0
25087,0
25088,0
25089,3
25090,3
25091,3
25092,0
25093,3
25094,3
25095,0
25096,2
25097,0
25098,0
25099,0
25100,0
25101,0
25102,0
25103,0
25104,2
25105,0
25106,2
25107,0
25108,0
25109,0
25110,0
25111,2
25112,0
25113,0
25114,3
25115,0
25116,0
25117,0
25118,0
25119,0
25120,0
25121,3
25122,2
25123,3
25124,2
25125,3
25126,3
25127,3
25128,3
25129,3
25130,3
25131,2
25132,2
25133,2
25134,2
25135,3
25136,2
25137,2
25138,0
25139,0
25140,3
25141,0
25142,0
25143,0
25144,2
25145,2
25146,2
25147,2
25148,2
25149,3
25150,3
25151,3
25152,3
25153,3
25154,3
25155,2
25156,0
25157,0
25158,0
25159,0
25160,0
25161,0
25162,0
25163,0
25164,2
25165,0
25166,0
25167,0
25168,0
25169,0
25170,0
25171,0
25172,0
25173,2
25174,2
25175,2
25176,2
25177,2
25178,2
25179,2
25180,2
25181,2
25182,2
25183,3
25184,2
25185,2
25186,2
25187,2
25188,2
25189,2
25190,2
25191,3
25192,2
25193,3
25194,3
25195,2
25196,3
25197,0
25198,0
25199,2
25200,0
25201,0
25202,0
25203,0
25204,0
25205,0
25206,2
25207,3
25208,3
25209,2
25210,0
25211,0
25212,2
25213,0
25214,0
25215,2
25216,0
25217,3
25218,3
25219,3
25220,3
25221,1
25222,0
25223,0
25224,3
25225,2
25226,3
25227,3
25228,2
25229,2
25230,3
25231,3
25232,2
25233,3
25234,3
25235,3
25236,3
25237,3
25238,3
25239,3
25240,3
25241,3
25242,3
25243,2
25244,0
25245,1
25246,0
25247,0
25248,0
25249,1
25250,3
25251,0
25252,1
25253,3
25254,0
25255,0
25256,0
25257,3
25258,0
25259,3
25260,2
25261,2
25262,2
25263,2
25264,2
25265,2
25266,3
25267,3
25268,2
25269,2
25270,2
25271,2
25272,3
25273,3
25274,3
25275,3
25276,2
25277,0
25278,3
25279,0
25280,0
25281,0
25282,0
25283,2
25284,3
25285,3
25286,1
25287,3
25288,0
25289,0
25290,0
25291,0
25292,0
25293,2
25294,0
25295,0
25296,3
25297,3
25298,3
25299,3
25300,0
25301,3
25302,3
25303,3
25304,3
25305,1
25306,2
25307,3
25308,3
25309,3
25310,3
25311,3
25312,2
25313,3
25314,3
25315,3
25316,2
25317,2
25318,2
25319,2
25320,2
25321,2
25322,2
25323,3
25324,2
25325,1
25326,0
25327,0
25328,2
25329,2
25330,2
25331,2
25332,2
25333,2
25334,3
25335,2
25336,2
25337,2
25338,2
25339,2
25340,2
25341,2
25342,2
25343,2
25344,3
25345,2
25346,3
25347,3
25348,2
25349,3
25350,3
25351,3
25352,2
25353,3
25354,3
25355,3
25356,3
25357,3
25358,3
25359,3
25360,0
25361,3
25362,2
25363,3
25364,3
25365,3
25366,3
25367,2
25368,3
25369,2
25370,2
25371,0
25372,3
25373,3
25374,3
25375,3
25376,3
25377,3
25378,0
25379,1
25380,1
25381,3
25382,3
25383,3
25384,3
25385,3
25386,3
25387,2
25388,3
25389,3
25390,3
25391,2
25392,2
25393,3
25394,3
25395,3
25396,0
25397,3
25398,3
25399,2
25400,2
25401,2
25402,2
25403,2
25404,2
25405,2
25406,2
25407,2
25408,2
25409,0
25410,1
25411,0
25412,3
25413,3
25414,3
25415,2
25416,3
25417,2
25418,3
25419,3
25420,2
25421,2
25422,0
25423,0
25424,0
25425,3
25426,3
25427,3
25428,3
25429,3
25430,3
25431,2
25432,2
25433,3
25434,3
25435,3
25436,3
25437,2
25438,3
25439,3
25440,3
25441,3
25442,3
25443,3
25444,3
25445,3
25446,3
25447,3
25448,3
25449,3
25450,0
25451,3
25452,3
25453,3
25454,3
25455,3
25456,2
25457,2
25458,3
25459,0
25460,3
25461,3
25462,3
25463,3
25464,3
25465,3
25466,3
25467,3
25468,3
25469,3
25470,0
25471,1
25472,3
25473,3
25474,1
25475,3
25476,0
25477,3
25478,3
25479,3
25480,3
25481,2
25482,3
25483,2
25484,3
25485,2
25486,2
25487,3
25488,3
25489,2
25490,2
25491,2
25492,2
25493,3
25494,3
25495,2
25496,2
25497,2
25498,0
25499,2
25500,3
25501,2
25502,2
25503,3
25504,3
25505,2
25506,2
25507,2
25508,2
25509,2
25510,2
25511,3
25512,2
25513,2
25514,3
25515,2
25516,3
25517,3
25518,3
25519,3
25520,3
25521,3
25522,2
25523,2
25524,3
25525,3
25526,3
25527,3
25528,3
25529,3
25530,3
25531,3
25532,3
25533,3
25534,3
25535,3
25536,3
25537,2
25538,2
25539,3
25540,3
25541,3
25542,3
25543,1
25544,3
25545,3
25546,3
25547,3
25548,3
25549,3
25550,3
25551,3
25552,3
25553,3
25554,3
25555,2
25556,2
25557,2
25558,2
25559,3
25560,3
25561,3
25562,2
25563,2
25564,3
25565,3
25566,3
25567,3
25568,3
25569,3
25570,2
25571,3
25572,2
25573,3
25574,3
25575,3
25576,3
25577,3
25578,3
25579,3
25580,3
25581,0
25582,0
25583,0
25584,0
25585,0
25586,0
25587,0
25588,0
25589,0
25590,0
25591,0
25592,0
25593,0
25594,0
25595,0
25596,0
25597,0
25598,0
25599,0
25600,0
25601,0
25602,0
25603,0
25604,2
25605,0
25606,0
25607,0
25608,2
25609,1
25610,3
25611,3
25612,3
25613,0
25614,0
25615,0
25616,2
25617,2
25618,2
25619,2
25620,2
25621,2
25622,2
25623,2
25624,2
25625,2
25626,2
25627,2
25628,2
25629,2
25630,2
25631,2
25632,2
25633,2
25634,2
25635,2
25636,2
25637,2
25638,2
25639,2
25640,2
25641,2
25642,2
25643,2
25644,2
25645,2
25646,2
25647,2
25648,2
25649,2
25650,2
25651,2
25652,2
25653,2
25654,2
25655,2
25656,2
25657,2
25658,2
25659,2
25660,2
25661,2
25662,2
25663,2
25664,2
25665,2
25666,2
25667,2
25668,2
25669,2
25670,2
25671,2
25672,2
25673,2
25674,2
25675,2
25676,2
25677,2
25678,2
25679,2
25680,2
25681,2
25682,2
25683,2
25684,2
25685,2
25686,2
25687,2
25688,2
25689,2
25690,2
25691,2
25692,2
25693,2
25694,2
25695,2
25696,2
25697,2
25698,2
25699,2
25700,2
25701,2
25702,2
25703,2
25704,2
25705,2
25706,2
25707,2
25708,2
25709,2
25710,2
25711,2
25712,2
25713,2
25714,2
25715,2
25716,2
25717,2
25718,2
25719,2
25720,2
25721,2
25722,2
25723,2
25724,2
25725,2
25726,2
25727,2
25728,2
25729,2
25730,2
25731,2
25732,2
25733,2
25734,2
25735,2
25736,2
25737,2
25738,2
25739,2
25740,2
25741,2
25742,2
25743,2
25744,2
25745,2
25746,2
25747,2
25748,2
25749,2
25750,2
25751,2
25752,2
25753,2
25754,2
25755,2
25756,2
25757,2
25758,2
25759,2
25760,2
25761,2
25762,2
25763,2
25764,2
25765,2
25766,2
25767,2
25768,2
25769,2
25770,2
25771,2
25772,2
25773,2
25774,2
25775,2
25776,2
25777,2
25778,2
25779,2
25780,2
25781,2
25782,2
25783,2
25784,2
25785,2
25786,2
25787,2
25788,2
25789,2
25790,2
25791,2
25792,2
25793,2
25794,2
25795,2
25796,2
25797,2
25798,2
25799,2
25800,2
25801,2
25802,2
25803,2
25804,2
25805,2
25806,2
25807,2
25808,3
25809,2
25810,3
25811,3
25812,3
25813,3
25814,3
25815,3
25816,3
25817,2
25818,3
25819,3
25820,2
25821,2
25822,2
25823,2
25824,3
25825,2
25826,2
25827,3
25828,2
25829,2
25830,2
25831,2
25832,3
25833,2
25834,3
25835,2
25836,3
25837,3
25838,3
25839,3
25840,0
25841,3
25842,2
25843,2
25844,3
25845,3
25846,2
25847,3
25848,3
25849,3
25850,2
25851,2
25852,2
25853,3
25854,3
25855,3
25856,3
25857,3
25858,2
25859,2
25860,3
25861,3
25862,2
25863,3
25864,2
25865,2
25866,3
25867,3
25868,2
25869,3
25870,2
25871,2
25872,2
25873,3
25874,3
25875,3
25876,3
25877,3
25878,3
25879,3
25880,3
25881,2
25882,2
25883,3
25884,3
25885,3
25886,2
25887,2
25888,2
25889,0
25890,2
25891,2
25892,2
25893,3
25894,3
25895,3
25896,0
25897,0
25898,0
25899,3
25900,0
25901,0
25902,0
25903,0
25904,0
25905,3
25906,0
25907,0
25908,0
25909,3
25910,2
25911,2
25912,2
25913,2
25914,3
25915,3
25916,2
25917,2
25918,3
25919,3
25920,3
25921,2
25922,3
25923,3
25924,2
25925,3
25926,3
25927,3
25928,3
25929,3
25930,3
25931,3
25932,3
25933,3
25934,2
25935,2
25936,3
25937,3
25938,0
25939,0
25940,2
25941,3
25942,3
25943,3
25944,3
25945,3
25946,3
25947,3
25948,2
25949,3
25950,2
25951,3
25952,2
25953,0
25954,3
25955,3
25956,3
25957,3
25958,3
25959,3
25960,3
25961,2
25962,3
25963,3
25964,3
25965,2
25966,3
25967,3
25968,3
25969,3
25970,3
25971,3
25972,3
25973,3
25974,3
25975,3
25976,3
25977,2
25978,2
25979,3
25980,2
25981,3
25982,3
25983,3
25984,3
25985,3
25986,2
25987,2
25988,2
25989,2
25990,0
25991,0
25992,3
25993,3
25994,3
25995,3
25996,3
25997,3
25998,2
25999,3
26000,2
26001,3
26002,3
26003,3
26004,3
26005,3
26006,2
26007,2
26008,2
26009,3
26010,3
26011,3
26012,2
26013,0
26014,2
26015,3
26016,3
26017,2
26018,2
26019,3
26020,2
26021,2
26022,3
26023,3
26024,2
26025,2
26026,0
26027,2
26028,0
26029,2
26030,2
26031,2
26032,2
26033,3
26034,3
26035,2
26036,2
26037,3
26038,3
26039,2
26040,2
26041,3
26042,3
26043,3
26044,4
26045,2
26046,2
26047,2
26048,0
26049,4
26050,2
26051,2
26052,2
26053,3
26054,3
26055,2
26056,3
26057,3
26058,3
26059,2
26060,2
26061,2
26062,2
26063,2
26064,3
26065,3
26066,3
26067,2
26068,2
26069,2
26070,3
26071,3
26072,2
26073,2
26074,2
26075,2
26076,2
26077,2
26078,2
26079,3
26080,2
26081,3
26082,3
26083,2
26084,2
26085,2
26086,2
26087,2
26088,2
26089,2
26090,3
26091,3
26092,3
26093,3
26094,2
26095,3
26096,4
26097,2
26098,2
26099,2
26100,2
26101,2
26102,2
26103,3
26104,2
26105,2
26106,2
26107,2
26108,2
26109,2
26110,3
26111,2
26112,2
26113,2
26114,2
26115,2
26116,2
26117,3
26118,3
26119,2
26120,3
26121,2
26122,0
26123,0
26124,3
26125,3
26126,2
26127,2
26128,2
26129,2
26130,3
26131,2
26132,2
26133,2
26134,3
26135,2
26136,3
26137,2
26138,0
26139,0
26140,0
26141,3
26142,2
26143,3
26144,2
26145,3
26146,3
26147,2
26148,2
26149,2
26150,2
26151,2
26152,2
26153,2
26154,2
26155,2
26156,2
26157,2
26158,2
26159,2
26160,2
26161,2
26162,2
26163,2
26164,2
26165,2
26166,2
26167,2
26168,2
26169,2
26170,2
26171,2
26172,3
26173,3
26174,3
26175,3
26176,3
26177,3
26178,2
26179,3
26180,3
26181,3
26182,3
26183,3
26184,3
26185,3
26186,3
26187,3
26188,2
26189,3
26190,3
26191,3
26192,3
26193,3
26194,3
26195,2
26196,3
26197,2
26198,3
26199,3
26200,2
26201,3
26202,3
26203,3
26204,3
26205,3
26206,3
26207,3
26208,3
26209,3
26210,3
26211,3
26212,3
26213,3
26214,3
26215,3
26216,3
26217,3
26218,3
26219,2
26220,3
26221,3
26222,3
26223,3
26224,3
26225,2
26226,3
26227,2
26228,3
26229,3
26230,3
26231,3
26232,2
26233,3
26234,3
26235,0
26236,3
26237,3
26238,3
26239,3
26240,3
26241,3
26242,3
26243,3
26244,3
26245,3
26246,3
26247,3
26248,3
26249,3
26250,3
26251,3
26252,3
26253,3
26254,3
26255,3
26256,3
26257,3
26258,3
26259,3
26260,3
26261,3
26262,3
26263,3
26264,3
26265,3
26266,2
26267,2
26268,2
26269,2
26270,2
26271,2
26272,2
26273,3
26274,3
26275,2
26276,2
26277,2
26278,2
26279,2
26280,2
26281,2
26282,2
26283,2
26284,2
26285,2
26286,2
26287,2
26288,3
26289,2
26290,3
26291,2
26292,2
26293,3
26294,2
26295,2
26296,3
26297,3
26298,3
26299,3
26300,3
26301,3
26302,3
26303,3
26304,3
26305,3
26306,3
26307,3
26308,3
26309,2
26310,3
26311,3
26312,3
26313,3
26314,3
26315,3
26316,2
26317,3
26318,3
26319,3
26320,3
26321,3
26322,3
26323,3
26324,3
26325,2
26326,3
26327,3
26328,2
26329,3
26330,3
26331,3
26332,0
26333,0
26334,0
26335,0
26336,3
26337,2
26338,0
26339,4
26340,3
26341,2
26342,3
26343,3
26344,2
26345,3
26346,3
26347,3
26348,3
26349,3
26350,3
26351,3
26352,0
26353,3
26354,3
26355,3
26356,3
26357,3
26358,3
26359,3
26360,3
26361,3
26362,3
26363,3
26364,0
26365,0
26366,0
26367,0
26368,0
26369,2
26370,0
26371,0
26372,0
26373,0
26374,3
26375,3
26376,3
26377,3
26378,3
26379,2
26380,2
26381,3
26382,3
26383,2
26384,3
26385,3
26386,3
26387,3
26388,3
26389,3
26390,3
26391,3
26392,3
26393,3
26394,3
26395,3
26396,3
26397,2
26398,3
26399,2
26400,2
26401,3
26402,3
26403,3
26404,3
26405,3
26406,3
26407,3
26408,3
26409,3
26410,3
26411,3
26412,3
26413,3
26414,3
26415,3
26416,3
26417,3
26418,3
26419,2
26420,2
26421,2
26422,2
26423,2
26424,2
26425,2
26426,3
26427,3
26428,3
26429,2
26430,2
26431,2
26432,2
26433,2
26434,2
26435,2
26436,2
26437,2
26438,2
26439,2
26440,3
26441,2
26442,2
26443,2
26444,2
26445,2
26446,3
26447,3
26448,2
26449,2
26450,3
26451,3
26452,3
26453,3
26454,3
26455,3
26456,3
26457,3
26458,2
26459,3
26460,2
26461,2
26462,2
26463,2
26464,2
26465,2
26466,3
26467,3
26468,2
26469,2
26470,2
26471,2
26472,2
26473,3
26474,3
26475,2
26476,3
26477,3
26478,3
26479,3
26480,3
26481,3
26482,3
26483,3
26484,3
26485,3
26486,3
26487,2
26488,3
26489,3
26490,2
26491,3
26492,0
26493,0
26494,2
26495,2
26496,2
26497,2
26498,2
26499,2
26500,3
26501,3
26502,3
26503,3
26504,3
26505,3
26506,2
26507,2
26508,2
26509,3
26510,3
26511,2
26512,3
26513,3
26514,3
26515,3
26516,3
26517,3
26518,2
26519,2
26520,2
26521,2
26522,2
26523,2
26524,2
26525,2
26526,2
26527,2
26528,2
26529,2
26530,2
26531,2
26532,2
26533,2
26534,2
26535,3
26536,3
26537,2
26538,3
26539,3
26540,2
26541,3
26542,3
26543,2
26544,3
26545,3
26546,3
26547,3
26548,3
26549,3
26550,3
26551,3
26552,3
26553,2
26554,0
26555,2
26556,2
26557,2
26558,2
26559,2
26560,2
26561,2
26562,3
26563,2
26564,2
26565,2
26566,2
26567,2
26568,2
26569,2
26570,2
26571,3
26572,2
26573,3
26574,2
26575,3
26576,3
26577,3
26578,3
26579,2
26580,2
26581,2
26582,2
26583,2
26584,2
26585,2
26586,2
26587,2
26588,2
26589,2
26590,2
26591,2
26592,2
26593,4
26594,2
26595,2
26596,2
26597,2
26598,2
26599,2
26600,2
26601,2
26602,2
26603,2
26604,2
26605,3
26606,2
26607,2
26608,0
26609,2
26610,2
26611,3
26612,3
26613,2
26614,3
26615,3
26616,1
26617,3
26618,2
26619,1
26620,1
26621,1
26622,1
26623,3
26624,3
26625,3
26626,3
26627,3
26628,3
26629,2
26630,2
26631,2
26632,2
26633,2
26634,3
26635,3
26636,2
26637,3
26638,2
26639,2
26640,2
26641,2
26642,2
26643,2
26644,2
26645,2
26646,2
26647,2
26648,2
26649,3
26650,2
26651,2
26652,3
26653,3
26654,3
26655,3
26656,3
26657,3
26658,3
26659,3
26660,3
26661,2
26662,2
26663,3
26664,3
26665,2
26666,2
26667,2
26668,2
26669,2
26670,2
26671,3
26672,2
26673,2
26674,2
26675,2
26676,3
26677,2
26678,2
26679,3
26680,3
26681,2
26682,2
26683,2
26684,3
26685,1
26686,3
26687,3
26688,3
26689,3
26690,1
26691,0
26692,0
26693,0
26694,0
26695,1
26696,2
26697,2
26698,3
26699,3
26700,3
26701,3
26702,3
26703,0
26704,3
26705,2
26706,0
26707,0
26708,0
26709,0
26710,0
26711,0
26712,0
26713,0
26714,0
26715,0
26716,3
26717,3
26718,3
26719,3
26720,3
26721,3
26722,3
26723,3
26724,3
26725,3
26726,3
26727,3
26728,3
26729,0
26730,0
26731,0
26732,0
26733,0
26734,0
26735,3
26736,0
26737,3
26738,3
26739,3
26740,3
26741,3
26742,3
26743,3
26744,2
26745,3
26746,2
26747,3
26748,2
26749,3
26750,2
26751,2
26752,2
26753,2
26754,3
26755,2
26756,1
26757,2
26758,2
26759,2
26760,2
26761,3
26762,2
26763,2
26764,2
26765,3
26766,2
26767,3
26768,2
26769,2
26770,2
26771,3
26772,2
26773,2
26774,3
26775,3
26776,2
26777,2
26778,2
26779,2
26780,2
26781,2
26782,2
26783,2
26784,2
26785,2
26786,2
26787,2
26788,2
26789,3
26790,2
26791,3
26792,1
26793,1
26794,3
26795,0
26796,3
26797,0
26798,2
26799,2
26800,2
26801,2
26802,2
26803,2
26804,2
26805,3
26806,3
26807,3
26808,1
26809,3
26810,3
26811,3
26812,3
26813,3
26814,1
26815,3
26816,0
26817,3
26818,3
26819,3
26820,3
26821,3
26822,3
26823,2
26824,2
26825,2
26826,2
26827,2
26828,2
26829,2
26830,2
26831,3
26832,2
26833,3
26834,3
26835,3
26836,3
26837,3
26838,3
26839,3
26840,3
26841,3
26842,3
26843,3
26844,3
26845,3
26846,3
26847,3
26848,3
26849,3
26850,3
26851,3
26852,3
26853,3
26854,3
26855,2
26856,3
26857,3
26858,3
26859,3
26860,3
26861,1
26862,3
26863,3
26864,3
26865,3
26866,3
26867,3
26868,3
26869,0
26870,3
26871,3
26872,3
26873,1
26874,3
26875,0
26876,1
26877,3
26878,1
26879,1
26880,3
26881,3
26882,3
26883,2
26884,3
26885,1
26886,0
26887,0
26888,1
26889,1
26890,3
26891,1
26892,3
26893,1
26894,3
26895,1
26896,1
26897,1
26898,1
26899,1
26900,1
26901,1
26902,1
26903,3
26904,3
26905,3
26906,3
26907,2
26908,2
26909,3
26910,2
26911,2
26912,3
26913,3
26914,3
26915,3
26916,2
26917,0
26918,2
26919,3
26920,3
26921,3
26922,0
26923,3
26924,3
26925,3
26926,3
26927,3
26928,3
26929,2
26930,3
26931,3
26932,3
26933,0
26934,0
26935,0
26936,0
26937,0
26938,3
26939,3
26940,0
26941,3
26942,0
26943,3
26944,3
26945,3
26946,3
26947,3
26948,3
26949,3
26950,3
26951,3
26952,3
26953,3
26954,3
26955,3
26956,3
26957,3
26958,3
26959,3
26960,3
26961,0
26962,2
26963,3
26964,3
26965,3
26966,3
26967,2
26968,3
26969,3
26970,3
26971,3
26972,3
26973,3
26974,3
26975,0
26976,1
26977,3
26978,3
26979,3
26980,3
26981,3
26982,3
26983,3
26984,2
26985,3
26986,3
26987,3
26988,3
26989,3
26990,3
26991,3
26992,3
26993,3
26994,3
26995,3
26996,3
26997,3
26998,3
26999,3
27000,3
27001,3
27002,3
27003,3
27004,3
27005,1
27006,3
27007,3
27008,3
27009,3
27010,3
27011,3
27012,2
27013,2
27014,3
27015,3
27016,3
27017,3
27018,3
27019,3
27020,3
27021,3
27022,3
27023,3
27024,3
27025,3
27026,3
27027,3
27028,3
27029,3
27030,3
27031,3
27032,3
27033,3
27034,1
27035,1
27036,1
27037,1
27038,3
27039,3
27040,3
27041,2
27042,3
27043,3
27044,2
27045,3
27046,3
27047,2
27048,3
27049,3
27050,3
27051,2
27052,2
27053,3
27054,2
27055,3
27056,2
27057,2
27058,2
27059,3
27060,0
27061,3
27062,3
27063,2
27064,2
27065,2
27066,2
27067,2
27068,2
27069,2
27070,2
27071,3
27072,2
27073,3
27074,2
27075,3
27076,3
27077,2
27078,2
27079,3
27080,2
27081,3
27082,3
27083,2
27084,2
27085,3
27086,2
27087,3
27088,2
27089,3
27090,3
27091,2
27092,2
27093,3
27094,3
27095,2
27096,2
27097,2
27098,3
27099,3
27100,2
27101,2
27102,2
27103,3
27104,3
27105,2
27106,2
27107,2
27108,0
27109,0
27110,2
27111,1
27112,1
27113,3
27114,3
27115,1
27116,3
27117,3
27118,2
27119,2
27120,2
27121,2
27122,2
27123,3
27124,2
27125,3
27126,2
27127,2
27128,2
27129,3
27130,3
27131,3
27132,3
27133,3
27134,3
27135,3
27136,3
27137,2
27138,3
27139,3
27140,2
27141,2
27142,2
27143,2
27144,2
27145,2
27146,2
27147,3
27148,2
27149,2
27150,2
27151,0
27152,2
27153,3
27154,2
27155,2
27156,2
27157,3
27158,2
27159,2
27160,2
27161,2
27162,2
27163,2
27164,2
27165,2
27166,0
27167,2
27168,2
27169,2
27170,2
27171,2
27172,2
27173,2
27174,2
27175,2
27176,3
27177,2
27178,2
27179,3
27180,2
27181,3
27182,2
27183,0
27184,3
27185,0
27186,2
27187,2
27188,3
27189,2
27190,0
27191,2
27192,2
27193,3
27194,2
27195,2
27196,2
27197,2
27198,2
27199,2
27200,2
27201,2
27202,2
27203,2
27204,2
27205,3
27206,2
27207,2
27208,2
27209,2
27210,2
27211,2
27212,2
27213,2
27214,2
27215,3
27216,2
27217,2
27218,2
27219,3
27220,2
27221,2
27222,3
27223,2
27224,3
27225,2
27226,2
27227,2
27228,2
27229,2
27230,2
27231,2
27232,2
27233,2
27234,2
27235,2
27236,2
27237,2
27238,2
27239,2
27240,2
27241,3
27242,2
27243,3
27244,2
27245,3
27246,2
27247,2
27248,2
27249,2
27250,2
27251,2
27252,2
27253,2
27254,2
27255,0
27256,2
27257,3
27258,2
27259,2
27260,2
27261,2
27262,2
27263,2
27264,2
27265,2
27266,2
27267,2
27268,2
27269,2
27270,2
27271,2
27272,2
27273,3
27274,3
27275,2
27276,2
27277,2
27278,2
27279,2
27280,2
27281,3
27282,2
27283,2
27284,2
27285,3
27286,2
27287,2
27288,2
27289,3
27290,3
27291,2
27292,3
27293,3
27294,2
27295,2
27296,3
27297,2
27298,3
27299,3
27300,2
27301,2
27302,2
27303,2
27304,0
27305,2
27306,2
27307,2
27308,2
27309,2
27310,2
27311,2
27312,2
27313,2
27314,2
27315,2
27316,3
27317,2
27318,2
27319,2
27320,2
27321,2
27322,0
27323,2
27324,2
27325,2
27326,2
27327,0
27328,2
27329,2
27330,3
27331,0
27332,3
27333,2
27334,3
27335,2
27336,2
27337,2
27338,2
27339,3
27340,2
27341,2
27342,3
27343,2
27344,2
27345,2
27346,2
27347,2
27348,3
27349,3
27350,2
27351,3
27352,2
27353,2
27354,2
27355,2
27356,3
27357,2
27358,2
27359,2
27360,3
27361,2
27362,2
27363,2
27364,2
27365,2
27366,2
27367,2
27368,2
27369,3
27370,2
27371,3
27372,2
27373,3
27374,2
27375,2
27376,2
27377,2
27378,2
27379,2
27380,2
27381,2
27382,2
27383,2
27384,2
27385,2
27386,2
27387,2
27388,2
27389,2
27390,2
27391,2
27392,2
27393,2
27394,3
27395,2
27396,2
27397,2
27398,2
27399,2
27400,2
27401,2
27402,2
27403,3
27404,2
27405,2
27406,2
27407,3
27408,2
27409,2
27410,2
27411,2
27412,3
27413,2
27414,3
27415,3
27416,3
27417,2
27418,3
27419,2
27420,3
27421,2
27422,2
27423,0
27424,2
27425,3
27426,3
27427,2
27428,3
27429,2
27430,0
27431,2
27432,2
27433,2
27434,2
27435,2
27436,2
27437,2
27438,0
27439,3
27440,3
27441,3
27442,2
27443,2
27444,3
27445,3
27446,2
27447,3
27448,3
27449,3
27450,2
27451,2
27452,2
27453,2
27454,3
27455,0
27456,2
27457,2
27458,2
27459,2
27460,3
27461,2
27462,0
27463,2
27464,2
27465,2
27466,2
27467,2
27468,2
27469,2
27470,2
27471,2
27472,2
27473,2
27474,2
27475,2
27476,3
27477,2
27478,2
27479,2
27480,2
27481,2
27482,2
27483,2
27484,2
27485,2
27486,3
27487,2
27488,2
27489,2
27490,2
27491,2
27492,3
27493,3
27494,2
27495,2
27496,2
27497,2
27498,2
27499,2
27500,2
27501,3
27502,2
27503,2
27504,2
27505,2
27506,2
27507,2
27508,2
27509,2
27510,2
27511,2
27512,2
27513,3
27514,2
27515,2
27516,2
27517,2
27518,2
27519,2
27520,2
27521,2
27522,2
27523,2
27524,2
27525,2
27526,2
27527,2
27528,2
27529,2
27530,2
27531,2
27532,2
27533,2
27534,3
27535,2
27536,2
27537,0
27538,2
27539,2
27540,2
27541,2
27542,2
27543,3
27544,2
27545,3
27546,2
27547,2
27548,2
27549,2
27550,2
27551,3
27552,3
27553,2
27554,2
27555,2
27556,2
27557,2
27558,2
27559,2
27560,2
27561,2
27562,2
27563,2
27564,2
27565,2
27566,2
27567,2
27568,2
27569,2
27570,2
27571,3
27572,3
27573,2
27574,2
27575,3
27576,2
27577,2
27578,2
27579,2
27580,2
27581,0
27582,2
27583,2
27584,2
27585,3
27586,0
27587,3
27588,2
27589,2
27590,2
27591,2
27592,3
27593,2
27594,2
27595,2
27596,2
27597,2
27598,2
27599,2
27600,2
27601,2
27602,2
27603,3
27604,0
27605,0
27606,3
27607,3
27608,3
27609,2
27610,2
27611,2
27612,2
27613,2
27614,3
27615,2
27616,0
27617,0
27618,3
27619,2
27620,3
27621,3
27622,3
27623,3
27624,3
27625,2
27626,3
27627,2
27628,3
27629,3
27630,2
27631,2
27632,2
27633,2
27634,2
27635,2
27636,2
27637,2
27638,2
27639,2
27640,2
27641,2
27642,2
27643,2
27644,2
27645,2
27646,2
27647,2
27648,2
27649,0
27650,2
27651,3
27652,2
27653,2
27654,2
27655,2
27656,3
27657,2
27658,2
27659,2
27660,2
27661,2
27662,2
27663,4
27664,2
27665,3
27666,2
27667,2
27668,2
27669,2
27670,2
27671,2
27672,0
27673,2
27674,2
27675,2
27676,2
27677,2
27678,3
27679,3
27680,2
27681,2
27682,2
27683,2
27684,0
27685,2
27686,2
27687,3
27688,2
27689,2
27690,2
27691,0
27692,3
27693,2
27694,2
27695,2
27696,2
27697,2
27698,2
27699,3
27700,2
27701,0
27702,2
27703,2
27704,3
27705,0
27706,2
27707,2
27708,3
27709,2
27710,0
27711,2
27712,2
27713,2
27714,2
27715,0
27716,0
27717,3
27718,2
27719,2
27720,2
27721,0
27722,2
27723,2
27724,2
27725,2
27726,2
27727,2
27728,2
27729,3
27730,2
27731,2
27732,3
27733,2
27734,2
27735,3
27736,2
27737,3
27738,0
27739,0
27740,2
27741,2
27742,2
27743,2
27744,2
27745,2
27746,3
27747,3
27748,3
27749,3
27750,3
27751,3
27752,3
27753,3
27754,2
27755,3
27756,2
27757,3
27758,2
27759,2
27760,3
27761,2
27762,2
27763,2
27764,2
27765,3
27766,3
27767,3
27768,2
27769,3
27770,2
27771,2
27772,2
27773,2
27774,2
27775,2
27776,3
27777,3
27778,2
27779,2
27780,3
27781,3
27782,2
27783,0
27784,0
27785,2
27786,0
27787,3
27788,3
27789,3
27790,2
27791,2
27792,3
27793,2
27794,2
27795,2
27796,2
27797,2
27798,3
27799,2
27800,2
27801,3
27802,2
27803,3
27804,3
27805,2
27806,2
27807,3
27808,2
27809,3
27810,2
27811,2
27812,2
27813,2
27814,3
27815,3
27816,2
27817,2
27818,2
27819,2
27820,2
27821,2
27822,2
27823,2
27824,2
27825,2
27826,2
27827,2
27828,2
27829,2
27830,2
27831,2
27832,2
27833,2
27834,2
27835,2
27836,2
27837,2
27838,2
27839,2
27840,3
27841,2
27842,2
27843,2
27844,2
27845,2
27846,2
27847,2
27848,2
27849,2
27850,2
27851,2
27852,2
27853,2
27854,2
27855,3
27856,2
27857,2
27858,3
27859,2
27860,2
27861,2
27862,2
27863,3
27864,2
27865,2
27866,2
27867,3
27868,3
27869,2
27870,2
27871,2
27872,3
27873,2
27874,2
27875,2
27876,3
27877,2
27878,3
27879,3
27880,2
27881,2
27882,2
27883,3
27884,2
27885,2
27886,2
27887,2
27888,2
27889,2
27890,2
27891,2
27892,2
27893,2
27894,2
27895,2
27896,2
27897,2
27898,2
27899,3
27900,2
27901,2
27902,2
27903,2
27904,2
27905,2
27906,2
27907,3
27908,2
27909,2
27910,2
27911,2
27912,2
27913,3
27914,2
27915,2
27916,2
27917,3
27918,2
27919,2
27920,2
27921,3
27922,2
27923,3
27924,3
27925,2
27926,2
27927,2
27928,2
27929,2
27930,2
27931,3
27932,2
27933,2
27934,2
27935,2
27936,3
27937,2
27938,2
27939,2
27940,3
27941,2
27942,2
27943,2
27944,2
27945,2
27946,2
27947,3
27948,2
27949,2
27950,2
27951,2
27952,2
27953,2
27954,2
27955,2
27956,3
27957,2
27958,2
27959,2
27960,2
27961,2
27962,2
27963,2
27964,2
27965,2
27966,2
27967,2
27968,2
27969,2
27970,2
27971,2
27972,2
27973,2
27974,2
27975,0
27976,2
27977,0
27978,3
27979,3
27980,3
27981,2
27982,2
27983,2
27984,2
27985,3
27986,2
27987,2
27988,2
27989,2
27990,2
27991,2
27992,2
27993,2
27994,2
27995,2
27996,2
27997,2
27998,2
27999,2
28000,3
28001,2
28002,2
28003,2
28004,2
28005,2
28006,2
28007,2
28008,2
28009,2
28010,2
28011,2
28012,2
28013,2
28014,2
28015,2
28016,2
28017,2
28018,2
28019,2
28020,2
28021,2
28022,2
28023,2
28024,0
28025,2
28026,2
28027,2
28028,2
28029,2
28030,2
28031,2
28032,2
28033,2
28034,2
28035,2
28036,2
28037,2
28038,2
28039,2
28040,2
28041,2
28042,2
28043,2
28044,2
28045,2
28046,2
28047,2
28048,3
28049,2
28050,2
28051,2
28052,2
28053,2
28054,2
28055,2
28056,2
28057,2
28058,0
28059,2
28060,2
28061,3
28062,2
28063,2
28064,2
28065,2
28066,2
28067,2
28068,3
28069,2
28070,3
28071,2
28072,2
28073,2
28074,2
28075,3
28076,2
28077,2
28078,2
28079,0
28080,0
28081,2
28082,2
28083,2
28084,2
28085,2
28086,2
28087,2
28088,2
28089,2
28090,2
28091,2
28092,2
28093,2
28094,2
28095,2
28096,2
28097,2
28098,2
28099,2
28100,2
28101,2
28102,3
28103,2
28104,2
28105,2
28106,2
28107,3
28108,3
28109,2
28110,2
28111,2
28112,2
28113,2
28114,3
28115,2
28116,2
28117,2
28118,2
28119,3
28120,3
28121,2
28122,0
28123,2
28124,2
28125,2
28126,2
28127,2
28128,2
28129,2
28130,2
28131,2
28132,2
28133,2
28134,2
28135,2
28136,2
28137,2
28138,2
28139,2
28140,2
28141,2
28142,2
28143,2
28144,2
28145,2
28146,2
28147,2
28148,2
28149,2
28150,2
28151,2
28152,2
28153,2
28154,2
28155,3
28156,2
28157,2
28158,1
28159,2
28160,2
28161,3
28162,2
28163,0
28164,0
28165,2
28166,0
28167,2
28168,2
28169,0
28170,2
28171,2
28172,3
28173,3
28174,2
28175,2
28176,3
28177,2
28178,3
28179,1
28180,3
28181,3
28182,3
28183,3
28184,2
28185,3
28186,2
28187,2
28188,2
28189,2
28190,3
28191,0
28192,3
28193,2
28194,2
28195,0
28196,2
28197,2
28198,2
28199,2
28200,2
28201,2
28202,2
28203,2
28204,3
28205,3
28206,0
28207,2
28208,3
28209,2
28210,2
28211,2
28212,2
28213,2
28214,2
28215,2
28216,2
28217,0
28218,2
28219,3
28220,2
28221,2
28222,2
28223,2
28224,3
28225,2
28226,2
28227,3
28228,0
28229,0
28230,2
28231,2
28232,0
28233,3
28234,2
28235,2
28236,3
28237,2
28238,2
28239,2
28240,2
28241,0
28242,2
28243,2
28244,3
28245,2
28246,2
28247,2
28248,2
28249,2
28250,2
28251,2
28252,2
28253,2
28254,2
28255,2
28256,2
28257,2
28258,2
28259,2
28260,2
28261,2
28262,2
28263,0
28264,3
28265,2
28266,2
28267,3
28268,3
28269,2
28270,2
28271,2
28272,2
28273,3
28274,2
28275,2
28276,3
28277,3
28278,3
28279,2
28280,2
28281,3
28282,2
28283,2
28284,3
28285,2
28286,3
28287,3
28288,2
28289,2
28290,0
28291,3
28292,2
28293,2
28294,3
28295,2
28296,2
28297,3
28298,2
28299,2
28300,2
28301,2
28302,3
28303,2
28304,3
28305,2
28306,0
28307,3
28308,2
28309,2
28310,2
28311,2
28312,2
28313,2
28314,2
28315,3
28316,2
28317,2
28318,2
28319,2
28320,2
28321,3
28322,3
28323,2
28324,3
28325,2
28326,0
28327,2
28328,2
28329,3
28330,2
28331,2
28332,2
28333,2
28334,2
28335,3
28336,2
28337,2
28338,2
28339,2
28340,2
28341,2
28342,2
28343,2
28344,2
28345,3
28346,2
28347,2
28348,2
28349,2
28350,2
28351,3
28352,2
28353,3
28354,2
28355,2
28356,2
28357,2
28358,2
28359,2
28360,2
28361,2
28362,0
28363,3
28364,3
28365,2
28366,0
28367,0
28368,2
28369,3
28370,3
28371,3
28372,3
28373,2
28374,2
28375,2
28376,3
28377,2
28378,2
28379,0
28380,2
28381,2
28382,2
28383,3
28384,3
28385,2
28386,2
28387,2
28388,2
28389,2
28390,2
28391,2
28392,3
28393,2
28394,3
28395,2
28396,2
28397,2
28398,2
28399,2
28400,2
28401,2
28402,2
28403,2
28404,2
28405,3
28406,2
28407,2
28408,2
28409,2
28410,2
28411,2
28412,2
28413,2
28414,2
28415,2
28416,2
28417,3
28418,2
28419,2
28420,2
28421,2
28422,0
28423,2
28424,2
28425,2
28426,2
28427,2
28428,2
28429,2
28430,2
28431,2
28432,3
28433,3
28434,2
28435,2
28436,2
28437,2
28438,2
28439,3
28440,3
28441,3
28442,2
28443,2
28444,2
28445,2
28446,2
28447,2
28448,2
28449,2
28450,3
28451,2
28452,3
28453,2
28454,2
28455,2
28456,2
28457,2
28458,3
28459,3
28460,2
28461,2
28462,2
28463,2
28464,3
28465,2
28466,2
28467,3
28468,2
28469,3
28470,3
28471,3
28472,2
28473,2
28474,2
28475,3
28476,2
28477,3
28478,2
28479,2
28480,2
28481,2
28482,2
28483,3
28484,3
28485,2
28486,2
28487,2
28488,3
28489,2
28490,3
28491,3
28492,2
28493,3
28494,2
28495,2
28496,2
28497,2
28498,2
28499,2
28500,2
28501,2
28502,2
28503,2
28504,2
28505,3
28506,2
28507,2
28508,2
28509,2
28510,2
28511,2
28512,3
28513,2
28514,2
28515,2
28516,2
28517,2
28518,2
28519,0
28520,0
28521,2
28522,0
28523,2
28524,3
28525,2
28526,2
28527,0
28528,2
28529,3
28530,2
28531,2
28532,2
28533,2
28534,2
28535,2
28536,2
28537,2
28538,2
28539,2
28540,2
28541,3
28542,3
28543,2
28544,2
28545,3
28546,2
28547,2
28548,0
28549,2
28550,2
28551,3
28552,2
28553,3
28554,2
28555,2
28556,2
28557,2
28558,2
28559,3
28560,3
28561,3
28562,3
28563,2
28564,0
28565,2
28566,2
28567,2
28568,3
28569,2
28570,2
28571,2
28572,2
28573,2
28574,3
28575,3
28576,3
28577,2
28578,3
28579,2
28580,2
28581,2
28582,2
28583,2
28584,2
28585,2
28586,0
28587,2
28588,2
28589,3
28590,2
28591,2
28592,3
28593,2
28594,2
28595,2
28596,2
28597,2
28598,2
28599,2
28600,2
28601,0
28602,3
28603,3
28604,2
28605,3
28606,3
28607,0
28608,2
28609,2
28610,2
28611,2
28612,2
28613,2
28614,2
28615,2
28616,2
28617,2
28618,2
28619,3
28620,2
28621,2
28622,3
28623,2
28624,2
28625,3
28626,2
28627,2
28628,2
28629,2
28630,2
28631,2
28632,3
28633,2
28634,2
28635,2
28636,2
28637,2
28638,3
28639,3
28640,3
28641,0
28642,3
28643,3
28644,3
28645,2
28646,2
28647,2
28648,3
28649,2
28650,2
28651,2
28652,2
28653,2
28654,2
28655,3
28656,2
28657,2
28658,2
28659,2
28660,2
28661,2
28662,2
28663,2
28664,2
28665,2
28666,2
28667,3
28668,2
28669,2
28670,3
28671,2
28672,3
28673,2
28674,3
28675,2
28676,2
28677,2
28678,2
28679,2
28680,2
28681,2
28682,2
28683,2
28684,2
28685,3
28686,2
28687,3
28688,2
28689,2
28690,2
28691,2
28692,2
28693,2
28694,2
28695,2
28696,2
28697,2
28698,2
28699,2
28700,2
28701,2
28702,2
28703,2
28704,3
28705,2
28706,0
28707,3
28708,3
28709,2
28710,2
28711,2
28712,2
28713,2
28714,3
28715,2
28716,2
28717,2
28718,3
28719,2
28720,2
28721,2
28722,2
28723,2
28724,0
28725,3
28726,2
28727,2
28728,3
28729,3
28730,3
28731,2
28732,2
28733,2
28734,2
28735,2
28736,3
28737,3
28738,2
28739,2
28740,2
28741,2
28742,2
28743,3
28744,3
28745,2
28746,2
28747,2
28748,2
28749,2
28750,0
28751,3
28752,3
28753,2
28754,2
28755,3
28756,3
28757,2
28758,3
28759,2
28760,2
28761,2
28762,2
28763,2
28764,2
28765,2
28766,0
28767,0
28768,0
28769,2
28770,2
28771,3
28772,2
28773,2
28774,2
28775,2
28776,3
28777,2
28778,2
28779,2
28780,2
28781,2
28782,2
28783,2
28784,2
28785,2
28786,2
28787,2
28788,3
28789,2
28790,2
28791,2
28792,2
28793,2
28794,3
28795,2
28796,3
28797,2
28798,2
28799,2
28800,2
28801,2
28802,2
28803,2
28804,2
28805,3
28806,2
28807,2
28808,2
28809,2
28810,2
28811,2
28812,2
28813,2
28814,2
28815,2
28816,2
28817,2
28818,3
28819,2
28820,2
28821,2
28822,2
28823,2
28824,2
28825,2
28826,2
28827,2
28828,2
28829,2
28830,2
28831,2
28832,2
28833,2
28834,3
28835,3
28836,2
28837,3
28838,3
28839,3
28840,2
28841,2
28842,2
28843,0
28844,2
28845,2
28846,2
28847,2
28848,2
28849,2
28850,2
28851,2
28852,3
28853,3
28854,2
28855,3
28856,2
28857,2
28858,3
28859,3
28860,0
28861,2
28862,2
28863,2
28864,2
28865,2
28866,2
28867,0
28868,3
28869,3
28870,2
28871,3
28872,2
28873,2
28874,3
28875,3
28876,2
28877,2
28878,2
28879,2
28880,3
28881,3
28882,2
28883,2
28884,2
28885,2
28886,0
28887,2
28888,2
28889,2
28890,3
28891,2
28892,2
28893,3
28894,0
28895,2
28896,2
28897,3
28898,2
28899,2
28900,2
28901,3
28902,3
28903,3
28904,3
28905,3
28906,2
28907,3
28908,2
28909,0
28910,3
28911,3
28912,2
28913,2
28914,2
28915,2
28916,0
28917,2
28918,2
28919,2
28920,2
28921,2
28922,2
28923,2
28924,2
28925,2
28926,2
28927,2
28928,2
28929,2
28930,2
28931,2
28932,2
28933,2
28934,2
28935,2
28936,3
28937,2
28938,4
28939,3
28940,3
28941,2
28942,2
28943,2
28944,2
28945,3
28946,3
28947,2
28948,3
28949,3
28950,3
28951,3
28952,3
28953,3
28954,3
28955,2
28956,2
28957,2
28958,3
28959,3
28960,2
28961,2
28962,2
28963,2
28964,2
28965,2
28966,3
28967,2
28968,2
28969,3
28970,2
28971,3
28972,3
28973,2
28974,2
28975,2
28976,2
28977,2
28978,2
28979,2
28980,2
28981,2
28982,2
28983,2
28984,2
28985,2
28986,2
28987,3
28988,2
28989,2
28990,3
28991,2
28992,3
28993,2
28994,3
28995,2
28996,2
28997,2
28998,0
28999,3
29000,2
29001,1
29002,3
29003,2
29004,2
29005,2
29006,3
29007,2
29008,2
29009,2
29010,3
29011,2
29012,2
29013,2
29014,2
29015,2
29016,2
29017,0
29018,3
29019,3
29020,2
29021,2
29022,3
29023,2
29024,0
29025,0
29026,3
29027,2
29028,2
29029,2
29030,3
29031,3
29032,3
29033,3
29034,2
29035,2
29036,3
29037,3
29038,3
29039,3
29040,3
29041,3
29042,2
29043,0
29044,2
29045,2
29046,2
29047,2
29048,2
29049,3
29050,3
29051,2
29052,2
29053,2
29054,3
29055,2
29056,2
29057,2
29058,2
29059,2
29060,2
29061,2
29062,2
29063,2
29064,2
29065,2
29066,2
29067,2
29068,2
29069,2
29070,3
29071,2
29072,2
29073,2
29074,3
29075,2
29076,0
29077,2
29078,3
29079,2
29080,2
29081,3
29082,0
29083,2
29084,2
29085,2
29086,2
29087,3
29088,3
29089,3
29090,3
29091,2
29092,3
29093,2
29094,2
29095,2
29096,3
29097,2
29098,3
29099,2
29100,3
29101,3
29102,2
29103,0
29104,3
29105,3
29106,2
29107,2
29108,3
29109,2
29110,2
29111,2
29112,3
29113,2
29114,3
29115,3
29116,3
29117,3
29118,3
29119,3
29120,3
29121,3
29122,2
29123,3
29124,2
29125,2
29126,2
29127,3
29128,3
29129,3
29130,3
29131,3
29132,3
29133,3
29134,2
29135,3
29136,3
29137,2
29138,2
29139,2
29140,2
29141,3
29142,3
29143,2
29144,0
29145,3
29146,2
29147,2
29148,2
29149,2
29150,3
29151,2
29152,2
29153,2
29154,2
29155,2
29156,2
29157,2
29158,2
29159,2
29160,2
29161,2
29162,2
29163,2
29164,2
29165,2
29166,2
29167,3
29168,2
29169,2
29170,2
29171,2
29172,2
29173,2
29174,2
29175,2
29176,2
29177,2
29178,2
29179,2
29180,2
29181,2
29182,2
29183,3
29184,2
29185,2
29186,2
29187,2
29188,3
29189,3
29190,3
29191,3
29192,3
29193,3
29194,2
29195,3
29196,2
29197,3
29198,2
29199,3
29200,2
29201,2
29202,2
29203,2
29204,2
29205,2
29206,2
29207,2
29208,2
29209,2
29210,3
29211,2
29212,2
29213,2
29214,2
29215,3
29216,3
29217,2
29218,3
29219,3
29220,2
29221,2
29222,2
29223,3
29224,2
29225,2
29226,2
29227,3
29228,3
29229,3
29230,3
29231,3
29232,2
29233,3
29234,2
29235,2
29236,2
29237,3
29238,3
29239,3
29240,3
29241,3
29242,1
29243,1
29244,3
29245,1
29246,1
29247,1
29248,1
29249,2
29250,2
29251,2
29252,2
29253,3
29254,2
29255,3
29256,2
29257,3
29258,3
29259,3
29260,2
29261,3
29262,3
29263,3
29264,2
29265,3
29266,3
29267,3
29268,3
29269,3
29270,2
29271,3
29272,3
29273,2
29274,0
29275,2
29276,3
29277,3
29278,3
29279,2
29280,3
29281,3
29282,3
29283,2
29284,2
29285,2
29286,3
29287,2
29288,2
29289,3
29290,2
29291,3
29292,0
29293,2
29294,2
29295,2
29296,2
29297,3
29298,2
29299,3
29300,3
29301,2
29302,2
29303,2
29304,2
29305,2
29306,2
29307,2
29308,2
29309,2
29310,2
29311,0
29312,2
29313,2
29314,2
29315,0
29316,2
29317,2
29318,0
29319,3
29320,2
29321,2
29322,2
29323,2
29324,2
29325,3
29326,2
29327,2
29328,0
29329,3
29330,2
29331,2
29332,3
29333,3
29334,2
29335,2
29336,2
29337,3
29338,2
29339,2
29340,2
29341,3
29342,2
29343,2
29344,2
29345,2
29346,2
29347,2
29348,2
29349,3
29350,3
29351,3
29352,2
29353,3
29354,2
29355,3
29356,2
29357,2
29358,2
29359,3
29360,3
29361,2
29362,3
29363,2
29364,2
29365,3
29366,0
29367,2
29368,2
29369,2
29370,2
29371,3
29372,2
29373,2
29374,2
29375,2
29376,2
29377,2
29378,2
29379,2
29380,2
29381,2
29382,2
29383,2
29384,2
29385,3
29386,2
29387,3
29388,2
29389,2
29390,3
29391,2
29392,3
29393,2
29394,2
29395,3
29396,2
29397,2
29398,3
29399,2
29400,2
29401,2
29402,2
29403,2
29404,2
29405,2
29406,2
29407,2
29408,3
29409,2
29410,2
29411,2
29412,2
29413,3
29414,2
29415,2
29416,2
29417,2
29418,2
29419,3
29420,2
29421,0
29422,2
29423,2
29424,3
29425,2
29426,2
29427,2
29428,2
29429,2
29430,2
29431,2
29432,2
29433,2
29434,2
29435,2
29436,3
29437,2
29438,2
29439,2
29440,2
29441,3
29442,3
29443,3
29444,3
29445,3
29446,2
29447,3
29448,3
29449,3
29450,3
29451,1
29452,1
29453,1
29454,1
29455,1
29456,3
29457,3
29458,3
29459,3
29460,3
29461,3
29462,2
29463,3
29464,3
29465,2
29466,2
29467,2
29468,2
29469,2
29470,3
29471,2
29472,0
29473,1
29474,0
29475,2
29476,2
29477,2
29478,3
29479,2
29480,3
29481,3
29482,2
29483,2
29484,3
29485,2
29486,2
29487,2
29488,2
29489,2
29490,2
29491,2
29492,1
29493,3
29494,3
29495,2
29496,1
29497,2
29498,2
29499,2
29500,0
29501,2
29502,2
29503,2
29504,2
29505,2
29506,2
29507,3
29508,2
29509,2
29510,3
29511,2
29512,2
29513,3
29514,2
29515,2
29516,2
29517,2
29518,2
29519,2
29520,2
29521,3
29522,2
29523,2
29524,2
29525,2
29526,2
29527,2
29528,2
29529,2
29530,2
29531,2
29532,2
29533,2
29534,2
29535,3
29536,2
29537,2
29538,2
29539,2
29540,2
29541,3
29542,2
29543,2
29544,2
29545,3
29546,2
29547,2
29548,3
29549,2
29550,2
29551,2
29552,2
29553,2
29554,2
29555,2
29556,2
29557,2
29558,2
29559,2
29560,2
29561,2
29562,2
29563,2
29564,2
29565,3
29566,2
29567,2
29568,2
29569,2
29570,3
29571,2
29572,2
29573,2
29574,2
29575,2
29576,2
29577,2
29578,2
29579,2
29580,3
29581,3
29582,3
29583,0
29584,3
29585,2
29586,0
29587,3
29588,3
29589,2
29590,3
29591,0
29592,3
29593,0
29594,3
29595,3
29596,2
29597,3
29598,2
29599,3
29600,2
29601,0
29602,2
29603,3
29604,2
29605,2
29606,3
29607,2
29608,2
29609,3
29610,2
29611,3
29612,2
29613,2
29614,2
29615,3
29616,2
29617,2
29618,3
29619,2
29620,2
29621,3
29622,3
29623,2
29624,2
29625,2
29626,3
29627,2
29628,2
29629,2
29630,2
29631,2
29632,3
29633,2
29634,3
29635,2
29636,2
29637,2
29638,2
29639,3
29640,2
29641,2
29642,0
29643,2
29644,2
29645,3
29646,2
29647,3
29648,3
29649,3
29650,2
29651,3
29652,3
29653,2
29654,2
29655,2
29656,2
29657,2
29658,2
29659,3
29660,2
29661,2
29662,3
29663,3
29664,2
29665,2
29666,2
29667,2
29668,2
29669,2
29670,2
29671,3
29672,2
29673,3
29674,2
29675,2
29676,2
29677,2
29678,2
29679,1
29680,1
29681,1
29682,1
29683,1
29684,2
29685,3
29686,2
29687,2
29688,0
29689,2
29690,2
29691,2
29692,3
29693,2
29694,2
29695,0
29696,2
29697,2
29698,3
29699,2
29700,2
29701,2
29702,3
29703,2
29704,2
29705,2
29706,2
29707,2
29708,2
29709,2
29710,2
29711,3
29712,2
29713,3
29714,2
29715,2
29716,3
29717,2
29718,2
29719,2
29720,2
29721,3
29722,2
29723,2
29724,2
29725,2
29726,2
29727,2
29728,2
29729,2
29730,2
29731,0
29732,0
29733,0
29734,0
29735,0
29736,2
29737,2
29738,2
29739,2
29740,2
29741,1
29742,2
29743,2
29744,2
29745,3
29746,3
29747,2
29748,2
29749,3
29750,4
29751,3
29752,2
29753,2
29754,2
29755,2
29756,3
29757,2
29758,3
29759,2
29760,2
29761,3
29762,2
29763,2
29764,2
29765,2
29766,2
29767,2
29768,2
29769,2
29770,2
29771,2
29772,2
29773,2
29774,2
29775,2
29776,3
29777,2
29778,2
29779,3
29780,2
29781,2
29782,2
29783,3
29784,3
29785,2
29786,2
29787,2
29788,2
29789,2
29790,2
29791,2
29792,2
29793,2
29794,2
29795,2
29796,2
29797,3
29798,3
29799,2
29800,3
29801,2
29802,3
29803,2
29804,0
29805,2
29806,3
29807,2
29808,2
29809,3
29810,2
29811,2
29812,2
29813,2
29814,2
29815,2
29816,2
29817,2
29818,3
29819,2
29820,3
29821,2
29822,2
29823,2
29824,2
29825,2
29826,2
29827,3
29828,3
29829,2
29830,2
29831,2
29832,3
29833,3
29834,2
29835,2
29836,3
29837,2
29838,2
29839,3
29840,2
29841,2
29842,2
29843,2
29844,2
29845,2
29846,2
29847,1
29848,3
29849,3
29850,3
29851,2
29852,3
29853,2
29854,2
29855,2
29856,2
29857,3
29858,2
29859,3
29860,2
29861,2
29862,2
29863,2
29864,3
29865,3
29866,2
29867,2
29868,3
29869,2
29870,2
29871,2
29872,0
29873,2
29874,2
29875,2
29876,2
29877,2
29878,2
29879,2
29880,2
29881,2
29882,2
29883,2
29884,2
29885,2
29886,2
29887,2
29888,2
29889,2
29890,3
29891,2
29892,2
29893,2
29894,3
29895,2
29896,2
29897,2
29898,3
29899,2
29900,2
29901,2
29902,2
29903,2
29904,2
29905,2
29906,3
29907,2
29908,3
29909,3
29910,3
29911,2
29912,2
29913,2
29914,3
29915,3
29916,2
29917,2
29918,2
29919,3
29920,3
29921,2
29922,2
29923,3
29924,2
29925,3
29926,3
29927,2
29928,3
29929,2
29930,0
29931,0
29932,2
29933,2
29934,2
29935,2
29936,0
29937,3
29938,2
29939,2
29940,2
29941,2
29942,2
29943,2
29944,2
29945,2
29946,2
29947,2
29948,2
29949,2
29950,3
29951,2
29952,3
29953,2
29954,3
29955,2
29956,2
29957,3
29958,2
29959,2
29960,2
29961,2
29962,2
29963,2
29964,2
29965,2
29966,2
29967,3
29968,2
29969,2
29970,3
29971,2
29972,3
29973,2
29974,2
29975,2
29976,3
29977,2
29978,2
29979,3
29980,3
29981,0
29982,3
29983,3
29984,2
29985,2
29986,3
29987,2
29988,3
29989,2
29990,2
29991,2
29992,2
29993,2
29994,3
29995,2
29996,3
29997,2
29998,2
29999,3
30000,2
30001,2
30002,2
30003,2
30004,3
30005,2
30006,2
30007,2
30008,3
30009,2
30010,2
30011,3
30012,2
30013,2
30014,2
30015,2
30016,2
30017,2
30018,3
30019,3
30020,0
30021,0
30022,0
30023,0
30024,2
30025,2
30026,2
30027,2
30028,2
30029,2
30030,2
30031,2
30032,2
30033,2
30034,3
30035,2
30036,2
30037,2
30038,2
30039,3
30040,3
30041,3
30042,2
30043,2
30044,2
30045,0
30046,0
30047,2
30048,2
30049,0
30050,2
30051,2
30052,2
30053,2
30054,2
30055,2
30056,2
30057,2
30058,2
30059,2
30060,2
30061,2
30062,2
30063,2
30064,3
30065,3
30066,3
30067,3
30068,3
30069,2
30070,3
30071,2
30072,2
30073,2
30074,2
30075,3
30076,0
30077,2
30078,3
30079,3
30080,2
30081,3
30082,2
30083,2
30084,2
30085,3
30086,3
30087,2
30088,3
30089,3
30090,3
30091,2
30092,3
30093,3
30094,2
30095,2
30096,2
30097,2
30098,3
30099,2
30100,2
30101,2
30102,2
30103,2
30104,3
30105,2
30106,2
30107,2
30108,0
30109,2
30110,2
30111,2
30112,2
30113,2
30114,2
30115,3
30116,2
30117,3
30118,2
30119,2
30120,3
30121,3
30122,3
30123,2
30124,2
30125,2
30126,2
30127,2
30128,2
30129,2
30130,2
30131,2
30132,2
30133,2
30134,2
30135,2
30136,2
30137,3
30138,3
30139,2
30140,2
30141,2
30142,0
30143,2
30144,3
30145,2
30146,3
30147,2
30148,2
30149,2
30150,2
30151,3
30152,2
30153,2
30154,3
30155,2
30156,3
30157,2
30158,2
30159,3
30160,2
30161,3
30162,2
30163,2
30164,2
30165,0
30166,3
30167,3
30168,3
30169,2
30170,0
30171,2
30172,2
30173,3
30174,0
30175,3
30176,0
30177,3
30178,3
30179,3
30180,0
30181,3
30182,3
30183,2
30184,3
30185,3
30186,3
30187,0
30188,3
30189,3
30190,0
30191,2
30192,3
30193,3
30194,0
30195,2
30196,0
30197,3
30198,3
30199,3
30200,2
30201,2
30202,3
30203,2
30204,3
30205,2
30206,2
30207,2
30208,3
30209,3
30210,2
30211,2
30212,2
30213,2
30214,2
30215,2
30216,2
30217,2
30218,2
30219,2
30220,2
30221,3
30222,3
30223,2
30224,2
30225,2
30226,3
30227,2
30228,2
30229,3
30230,0
30231,2
30232,2
30233,3
30234,2
30235,2
30236,2
30237,2
30238,2
30239,2
30240,3
30241,2
30242,2
30243,2
30244,3
30245,2
30246,2
30247,2
30248,2
30249,2
30250,2
30251,2
30252,2
30253,2
30254,3
30255,3
30256,3
30257,2
30258,2
30259,2
30260,0
30261,0
30262,3
30263,2
30264,0
30265,2
30266,3
30267,2
30268,2
30269,0
30270,2
30271,3
30272,2
30273,2
30274,3
30275,2
30276,2
30277,2
30278,3
30279,2
30280,2
30281,2
30282,2
30283,0
30284,2
30285,2
30286,2
30287,3
30288,2
30289,2
30290,2
30291,3
30292,3
30293,3
30294,3
30295,3
30296,3
30297,3
30298,2
30299,3
30300,3
30301,3
30302,3
30303,1
30304,2
30305,2
30306,2
30307,3
30308,2
30309,2
30310,3
30311,2
30312,3
30313,2
30314,3
30315,3
30316,0
30317,3
30318,2
30319,2
30320,2
30321,3
30322,3
30323,3
30324,3
30325,3
30326,2
30327,2
30328,2
30329,2
30330,2
30331,3
30332,2
30333,2
30334,2
30335,2
30336,2
30337,2
30338,2
30339,2
30340,2
30341,2
30342,2
30343,2
30344,0
30345,2
30346,2
30347,2
30348,2
30349,2
30350,2
30351,2
30352,3
30353,2
30354,3
30355,2
30356,2
30357,2
30358,2
30359,2
30360,3
30361,3
30362,2
30363,2
30364,2
30365,3
30366,2
30367,2
30368,3
30369,2
30370,3
30371,2
30372,2
30373,3
30374,2
30375,2
30376,3
30377,3
30378,3
30379,2
30380,2
30381,2
30382,2
30383,2
30384,2
30385,0
30386,2
30387,2
30388,2
30389,2
30390,0
30391,3
30392,3
30393,3
30394,3
30395,3
30396,3
30397,3
30398,3
30399,3
30400,3
30401,3
30402,3
30403,3
30404,3
30405,3
30406,3
30407,3
30408,3
30409,3
30410,3
30411,3
30412,3
30413,3
30414,3
30415,3
30416,3
30417,3
30418,3
30419,3
30420,3
30421,3
30422,3
30423,3
30424,3
30425,3
30426,3
30427,3
30428,3
30429,3
30430,3
30431,3
30432,3
30433,3
30434,3
30435,3
30436,3
30437,3
30438,3
30439,3
30440,3
30441,3
30442,3
30443,3
30444,3
30445,3
30446,3
30447,3
30448,3
30449,3
30450,3
30451,3
30452,3
30453,3
30454,3
30455,3
30456,3
30457,3
30458,3
30459,3
30460,3
30461,3
30462,3
30463,3
30464,3
30465,3
30466,3
30467,3
30468,3
30469,3
30470,3
30471,3
30472,3
30473,3
30474,3
30475,3
30476,3
30477,3
30478,3
30479,3
30480,3
30481,3
30482,3
30483,3
30484,3
30485,3
30486,3
30487,3
30488,3
30489,3
30490,3
30491,3
30492,3
30493,3
30494,3
30495,3
30496,3
30497,3
30498,3
30499,3
30500,3
30501,3
30502,3
30503,3
30504,3
30505,3
30506,3
30507,3
30508,3
30509,3
30510,3
30511,3
30512,3
30513,3
30514,3
30515,3
30516,3
30517,3
30518,3
30519,3
30520,3
30521,3
30522,3
30523,3
30524,3
30525,3
30526,3
30527,3
30528,3
30529,3
30530,3
30531,3
30532,3
30533,3
30534,3
30535,3
30536,3
30537,3
30538,3
30539,3
30540,3
30541,3
30542,3
30543,3
30544,3
30545,3
30546,3
30547,3
30548,3
30549,3
30550,3
30551,3
30552,3
30553,3
30554,2
30555,3
30556,3
30557,3
30558,3
30559,3
30560,3
30561,3
30562,3
30563,3
30564,3
30565,3
30566,3
30567,3
30568,3
30569,3
30570,3
30571,3
30572,3
30573,3
30574,3
30575,3
30576,3
30577,3
30578,3
30579,3
30580,3
30581,3
30582,3
30583,3
30584,3
30585,3
30586,3
30587,3
30588,3
30589,3
30590,3
30591,3
30592,2
30593,2
30594,2
30595,2
30596,2
30597,2
30598,3
30599,2
30600,2
30601,2
30602,2
30603,3
30604,0
30605,3
30606,3
30607,3
30608,3
30609,2
30610,2
30611,2
30612,3
30613,3
30614,3
30615,3
30616,3
30617,3
30618,3
30619,3
30620,3
30621,3
30622,3
30623,3
30624,3
30625,3
30626,3
30627,3
30628,3
30629,3
30630,3
30631,3
30632,3
30633,3
30634,3
30635,3
30636,3
30637,3
30638,3
30639,3
30640,3
30641,3
30642,3
30643,3
30644,3
30645,3
30646,3
30647,3
30648,3
30649,3
30650,3
30651,3
30652,3
30653,3
30654,3
30655,3
30656,3
30657,3
30658,3
30659,3
30660,3
30661,3
30662,3
30663,3
30664,3
30665,3
30666,3
30667,3
30668,3
30669,3
30670,3
30671,3
30672,3
30673,3
30674,3
30675,3
30676,3
30677,3
30678,3
30679,3
30680,3
30681,3
30682,3
30683,3
30684,3
30685,3
30686,3
30687,3
30688,3
30689,3
30690,3
30691,3
30692,1
30693,3
30694,3
30695,3
30696,1
30697,3
30698,3
30699,3
30700,3
30701,3
30702,3
30703,3
30704,3
30705,3
30706,3
30707,3
30708,1
30709,3
30710,3
30711,3
30712,3
30713,3
30714,3
30715,3
30716,3
30717,3
30718,3
30719,3
30720,1
30721,1
30722,1
30723,1
30724,1
30725,1
30726,1
30727,1
30728,1
30729,1
30730,1
30731,1
30732,1
30733,1
30734,1
30735,1
30736,1
30737,1
30738,1
30739,1
30740,1
30741,1
30742,1
30743,1
30744,1
30745,1
30746,1
30747,1
30748,1
30749,1
30750,1
30751,1
30752,1
30753,1
30754,1
30755,1
30756,1
30757,1
30758,1
30759,1
30760,1
30761,1
30762,1
30763,1
30764,1
30765,1
30766,1
30767,1
30768,1
30769,1
30770,1
30771,3
30772,1
30773,3
30774,3
30775,3
30776,3
30777,3
30778,3
30779,3
30780,3
30781,3
30782,3
30783,3
30784,3
30785,3
30786,3
30787,3
30788,3
30789,3
30790,3
30791,3
30792,3
30793,3
30794,3
30795,3
30796,3
30797,3
30798,3
30799,3
30800,3
30801,3
30802,3
30803,3
30804,3
30805,3
30806,3
30807,3
30808,3
30809,3
30810,3
30811,3
30812,3
30813,3
30814,3
30815,3
30816,3
30817,0
30818,0
30819,2
30820,3
30821,0
30822,3
30823,0
30824,3
30825,0
30826,0
30827,0
30828,0
30829,0
30830,0
30831,3
30832,0
30833,0
30834,0
30835,1
30836,0
30837,0
30838,0
30839,0
30840,0
30841,0
30842,0
30843,0
30844,0
30845,0
30846,0
30847,0
30848,0
30849,0
30850,0
30851,0
30852,0
30853,0
30854,0
30855,2
30856,0
30857,0
30858,0
30859,0
30860,0
30861,0
30862,0
30863,0
30864,3
30865,3
30866,3
30867,3
30868,3
30869,2
30870,3
30871,3
30872,3
30873,3
30874,3
30875,3
30876,3
30877,3
30878,3
30879,3
30880,3
30881,3
30882,3
30883,3
30884,3
30885,3
30886,3
30887,3
30888,3
30889,3
30890,3
30891,3
30892,3
30893,3
30894,3
30895,3
30896,3
30897,3
30898,3
30899,3
30900,3
30901,3
30902,3
30903,3
30904,3
30905,3
30906,3
30907,3
30908,3
30909,3
30910,3
30911,3
30912,3
30913,3
30914,3
30915,3
30916,3
30917,3
30918,3
30919,3
30920,3
30921,3
30922,3
30923,3
30924,3
30925,3
30926,3
30927,3
30928,3
30929,3
30930,3
30931,3
30932,3
30933,3
30934,3
30935,3
30936,3
30937,3
30938,3
30939,3
30940,3
30941,3
30942,3
30943,3
30944,3
30945,3
30946,3
30947,3
30948,3
30949,3
30950,3
30951,3
30952,3
30953,3
30954,3
30955,3
30956,2
30957,3
30958,3
30959,3
30960,3
30961,3
30962,3
30963,3
30964,3
30965,3
30966,3
30967,3
30968,3
30969,3
30970,3
30971,3
30972,3
30973,3
30974,3
30975,3
30976,3
30977,0
30978,2
30979,3
30980,3
30981,3
30982,3
30983,3
30984,3
30985,3
30986,3
30987,0
30988,3
30989,3
30990,3
30991,3
30992,0
30993,3
30994,3
30995,3
30996,3
30997,3
30998,3
30999,3
31000,3
31001,0
31002,3
31003,0
31004,0
31005,3
31006,3
31007,3
31008,3
31009,3
31010,3
31011,3
31012,3
31013,3
31014,1
31015,3
31016,3
31017,3
31018,3
31019,3
31020,3
31021,3
31022,0
31023,0
31024,3
31025,0
31026,3
31027,0
31028,3
31029,3
31030,3
31031,0
31032,3
31033,3
31034,3
31035,3
31036,3
31037,3
31038,3
31039,3
31040,3
31041,3
31042,3
31043,3
31044,3
31045,3
31046,3
31047,3
31048,3
31049,3
31050,3
31051,2
31052,3
31053,3
31054,3
31055,3
31056,0
31057,3
31058,0
31059,3
31060,3
31061,3
31062,3
31063,0
31064,3
31065,3
31066,3
31067,3
31068,3
31069,3
31070,3
31071,3
31072,3
31073,3
31074,3
31075,3
31076,3
31077,3
31078,3
31079,3
31080,3
31081,3
31082,3
31083,3
31084,3
31085,3
31086,3
31087,3
31088,3
31089,3
31090,3
31091,3
31092,3
31093,3
31094,3
31095,2
31096,3
31097,2
31098,3
31099,2
31100,2
31101,3
31102,3
31103,3
31104,3
31105,3
31106,3
31107,3
31108,2
31109,2
31110,3
31111,3
31112,3
31113,3
31114,3
31115,2
31116,3
31117,3
31118,3
31119,2
31120,3
31121,3
31122,2
31123,2
31124,2
31125,2
31126,2
31127,2
31128,2
31129,2
31130,2
31131,2
31132,2
31133,3
31134,2
31135,3
31136,3
31137,0
31138,0
31139,1
31140,0
31141,0
31142,0
31143,0
31144,0
31145,0
31146,0
31147,0
31148,3
31149,0
31150,0
31151,0
31152,3
31153,0
31154,0
31155,0
31156,0
31157,0
31158,0
31159,0
31160,3
31161,0
31162,0
31163,0
31164,0
31165,0
31166,0
31167,0
31168,0
31169,0
31170,0
31171,0
31172,0
31173,0
31174,0
31175,0
31176,0
31177,0
31178,0
31179,0
31180,0
31181,0
31182,0
31183,0
31184,0
31185,3
31186,3
31187,3
31188,3
31189,3
31190,3
31191,3
31192,3
31193,3
31194,3
31195,3
31196,3
31197,3
31198,3
31199,3
31200,0
31201,3
31202,3
31203,3
31204,3
31205,3
31206,3
31207,3
31208,3
31209,3
31210,3
31211,3
31212,3
31213,1
31214,1
31215,1
31216,1
31217,1
31218,1
31219,3
31220,3
31221,0
31222,0
31223,0
31224,0
31225,0
31226,3
31227,0
31228,0
31229,3
31230,0
31231,0
31232,3
31233,3
31234,3
31235,3
31236,3
31237,3
31238,3
31239,0
31240,2
31241,2
31242,0
31243,2
31244,3
31245,3
31246,3
31247,2
31248,3
31249,3
31250,3
31251,2
31252,3
31253,2
31254,0
31255,0
31256,0
31257,0
31258,0
31259,0
31260,0
31261,0
31262,0
31263,2
31264,0
31265,0
31266,0
31267,3
31268,3
31269,2
31270,2
31271,3
31272,3
31273,2
31274,3
31275,2
31276,2
31277,2
31278,2
31279,3
31280,2
31281,3
31282,2
31283,2
31284,2
31285,2
31286,2
31287,2
31288,3
31289,0
31290,3
31291,2
31292,2
31293,2
31294,2
31295,2
31296,2
31297,2
31298,2
31299,2
31300,2
31301,2
31302,2
31303,2
31304,2
31305,2
31306,2
31307,2
31308,2
31309,2
31310,2
31311,2
31312,2
31313,2
31314,2
31315,2
31316,1
31317,1
31318,1
31319,2
31320,2
31321,2
31322,2
31323,2
31324,2
31325,0
31326,2
31327,2
31328,2
31329,2
31330,2
31331,2
31332,2
31333,2
31334,2
31335,2
31336,2
31337,2
31338,2
31339,2
31340,2
31341,2
31342,2
31343,2
31344,2
31345,2
31346,2
31347,2
31348,2
31349,2
31350,2
31351,2
31352,0
31353,2
31354,3
31355,2
31356,0
31357,0
31358,3
31359,2
31360,3
31361,2
31362,2
31363,2
31364,2
31365,2
31366,2
31367,2
31368,2
31369,2
31370,2
31371,2
31372,2
31373,2
31374,2
31375,2
31376,2
31377,3
31378,2
31379,2
31380,2
31381,2
31382,2
31383,2
31384,2
31385,2
31386,2
31387,2
31388,2
31389,3
31390,2
31391,2
31392,2
31393,2
31394,2
31395,2
31396,2
31397,3
31398,2
31399,2
31400,2
31401,2
31402,2
31403,2
31404,2
31405,2
31406,2
31407,2
31408,2
31409,2
31410,2
31411,2
31412,2
31413,2
31414,2
31415,2
31416,2
31417,2
31418,2
31419,2
31420,2
31421,2
31422,2
31423,2
31424,2
31425,2
31426,2
31427,2
31428,2
31429,2
31430,2
31431,2
31432,2
31433,2
31434,2
31435,2
31436,2
31437,2
31438,2
31439,2
31440,2
31441,2
31442,2
31443,2
31444,2
31445,2
31446,2
31447,2
31448,2
31449,2
31450,2
31451,2
31452,2
31453,2
31454,2
31455,1
31456,2
31457,1
31458,1
31459,1
31460,1
31461,1
31462,1
31463,1
31464,1
31465,1
31466,2
31467,2
31468,2
31469,2
31470,2
31471,3
31472,2
31473,2
31474,2
31475,2
31476,2
31477,2
31478,2
31479,2
31480,2
31481,2
31482,3
31483,2
31484,2
31485,2
31486,1
31487,2
31488,1
31489,3
31490,2
31491,2
31492,2
31493,2
31494,2
31495,1
31496,1
31497,1
31498,1
31499,1
31500,1
31501,2
31502,2
31503,2
31504,2
31505,2
31506,3
31507,2
31508,2
31509,2
31510,2
31511,2
31512,2
31513,2
31514,2
31515,2
31516,2
31517,2
31518,2
31519,2
31520,2
31521,2
31522,3
31523,2
31524,3
31525,2
31526,2
31527,2
31528,2
31529,2
31530,2
31531,2
31532,3
31533,2
31534,2
31535,2
31536,2
31537,2
31538,2
31539,1
31540,1
31541,1
31542,1
31543,1
31544,2
31545,2
31546,2
31547,2
31548,2
31549,2
31550,2
31551,2
31552,2
31553,0
31554,2
31555,2
31556,3
31557,2
31558,2
31559,2
31560,3
31561,3
31562,2
31563,2
31564,2
31565,2
31566,2
31567,2
31568,2
31569,2
31570,2
31571,2
31572,2
31573,2
31574,2
31575,3
31576,0
31577,0
31578,2
31579,2
31580,2
31581,2
31582,3
31583,3
31584,2
31585,2
31586,2
31587,2
31588,2
31589,0
31590,2
31591,2
31592,2
31593,2
31594,2
31595,2
31596,2
31597,2
31598,2
31599,2
31600,2
31601,2
31602,2
31603,2
31604,2
31605,2
31606,2
31607,2
31608,2
31609,2
31610,2
31611,2
31612,2
31613,2
31614,2
31615,2
31616,2
31617,2
31618,2
31619,2
31620,2
31621,2
31622,2
31623,2
31624,2
31625,2
31626,2
31627,2
31628,2
31629,2
31630,2
31631,2
31632,2
31633,2
31634,2
31635,2
31636,2
31637,2
31638,2
31639,2
31640,3
31641,2
31642,2
31643,2
31644,2
31645,2
31646,2
31647,2
31648,2
31649,2
31650,2
31651,2
31652,2
31653,2
31654,2
31655,2
31656,2
31657,3
31658,1
31659,1
31660,2
31661,1
31662,1
31663,1
31664,1
31665,1
31666,1
31667,1
31668,1
31669,2
31670,2
31671,2
31672,2
31673,2
31674,2
31675,2
31676,2
31677,2
31678,2
31679,3
31680,2
31681,2
31682,2
31683,2
31684,2
31685,2
31686,2
31687,2
31688,2
31689,2
31690,2
31691,2
31692,2
31693,2
31694,2
31695,2
31696,2
31697,2
31698,2
31699,2
31700,1
31701,1
31702,2
31703,2
31704,2
31705,2
31706,2
31707,2
31708,2
31709,2
31710,2
31711,2
31712,2
31713,2
31714,2
31715,2
31716,2
31717,2
31718,2
31719,2
31720,3
31721,2
31722,2
31723,1
31724,1
31725,2
31726,2
31727,2
31728,2
31729,2
31730,1
31731,2
31732,2
31733,2
31734,2
31735,1
31736,3
31737,2
31738,3
31739,2
31740,2
31741,2
31742,1
31743,1
31744,2
31745,2
31746,2
31747,2
31748,2
31749,3
31750,2
31751,2
31752,2
31753,2
31754,2
31755,2
31756,2
31757,2
31758,2
31759,2
31760,1
31761,3
31762,2
31763,2
31764,2
31765,2
31766,2
31767,2
31768,2
31769,2
31770,2
31771,3
31772,2
31773,2
31774,2
31775,2
31776,3
31777,1
31778,1
31779,1
31780,1
31781,2
31782,2
31783,2
31784,2
31785,2
31786,2
31787,2
31788,3
31789,2
31790,2
31791,2
31792,2
31793,2
31794,2
31795,2
31796,1
31797,2
31798,2
31799,2
31800,2
31801,2
31802,2
31803,1
31804,1
31805,1
31806,1
31807,3
31808,1
31809,1
31810,3
31811,1
31812,1
31813,1
31814,2
31815,2
31816,2
31817,3
31818,2
31819,3
31820,1
31821,2
31822,2
31823,2
31824,2
31825,0
31826,2
31827,2
31828,2
31829,2
31830,2
31831,2
31832,3
31833,0
31834,2
31835,2
31836,2
31837,2
31838,2
31839,2
31840,2
31841,3
31842,0
31843,2
31844,2
31845,2
31846,2
31847,2
31848,1
31849,2
31850,2
31851,2
31852,2
31853,2
31854,2
31855,2
31856,2
31857,2
31858,2
31859,2
31860,2
31861,1
31862,1
31863,1
31864,1
31865,2
31866,2
31867,2
31868,2
31869,2
31870,2
31871,2
31872,2
31873,2
31874,2
31875,2
31876,2
31877,2
31878,2
31879,2
31880,2
31881,2
31882,2
31883,2
31884,2
31885,2
31886,1
31887,1
31888,2
31889,2
31890,2
31891,2
31892,2
31893,2
31894,2
31895,2
31896,2
31897,2
31898,2
31899,2
31900,2
31901,2
31902,2
31903,2
31904,2
31905,2
31906,2
31907,1
31908,2
31909,2
31910,1
31911,0
31912,0
31913,3
31914,3
31915,2
31916,2
31917,0
31918,3
31919,0
31920,0
31921,2
31922,2
31923,2
31924,3
31925,3
31926,0
31927,2
31928,0
31929,3
31930,2
31931,2
31932,2
31933,3
31934,2
31935,2
31936,2
31937,0
31938,3
31939,0
31940,0
31941,2
31942,3
31943,3
31944,0
31945,3
31946,2
31947,3
31948,2
31949,2
31950,2
31951,2
31952,3
31953,3
31954,3
31955,3
31956,3
31957,3
31958,2
31959,2
31960,2
31961,2
31962,2
31963,3
31964,2
31965,2
31966,2
31967,2
31968,2
31969,2
31970,2
31971,2
31972,2
31973,2
31974,2
31975,2
31976,5
31977,2
31978,3
31979,2
31980,3
31981,3
31982,2
31983,0
31984,0
31985,0
31986,0
31987,0
31988,0
31989,3
31990,0
31991,0
31992,0
31993,0
31994,2
31995,0
31996,2
31997,2
31998,0
31999,2
32000,2
32001,2
32002,2
32003,2
32004,2
32005,2
32006,2
32007,2
32008,2
32009,0
32010,0
32011,0
32012,2
32013,0
32014,0
32015,0
32016,0
32017,0
32018,0
32019,2
32020,2
32021,2
32022,2
32023,2
32024,2
32025,2
32026,1
32027,3
32028,2
32029,2
32030,0
32031,2
32032,2
32033,5
32034,2
32035,2
32036,2
32037,2
32038,2
32039,2
32040,2
32041,3
32042,3
32043,2
32044,2
32045,3
32046,2
32047,2
32048,2
32049,2
32050,2
32051,3
32052,3
32053,3
32054,2
32055,2
32056,2
32057,2
32058,2
32059,2
32060,2
32061,2
32062,4
32063,2
32064,2
32065,2
32066,2
32067,2
32068,2
32069,2
32070,2
32071,2
32072,2
32073,2
32074,2
32075,2
32076,2
32077,2
32078,2
32079,2
32080,2
32081,2
32082,2
32083,2
32084,2
32085,2
32086,2
32087,2
32088,2
32089,2
32090,2
32091,2
32092,2
32093,2
32094,2
32095,2
32096,2
32097,2
32098,2
32099,2
32100,2
32101,2
32102,2
32103,2
32104,2
32105,2
32106,2
32107,2
32108,2
32109,2
32110,2
32111,2
32112,3
32113,2
32114,2
32115,2
32116,2
32117,2
32118,2
32119,3
32120,2
32121,2
32122,2
32123,2
32124,2
32125,2
32126,2
32127,2
32128,3
32129,2
32130,3
32131,2
32132,2
32133,1
32134,2
32135,2
32136,2
32137,2
32138,2
32139,2
32140,2
32141,2
32142,2
32143,2
32144,2
32145,2
32146,2
32147,2
32148,2
32149,2
32150,2
32151,2
32152,2
32153,2
32154,3
32155,2
32156,2
32157,2
32158,2
32159,2
32160,2
32161,3
32162,2
32163,2
32164,3
32165,2
32166,2
32167,2
32168,2
32169,2
32170,3
32171,2
32172,2
32173,2
32174,2
32175,2
32176,2
32177,2
32178,2
32179,2
32180,2
32181,2
32182,2
32183,2
32184,2
32185,2
32186,2
32187,2
32188,2
32189,2
32190,2
32191,3
32192,2
32193,2
32194,3
32195,3
32196,2
32197,3
32198,2
32199,2
32200,2
32201,2
32202,2
32203,2
32204,2
32205,2
32206,2
32207,2
32208,2
32209,2
32210,2
32211,2
32212,2
32213,2
32214,2
32215,0
32216,0
32217,2
32218,2
32219,2
32220,2
32221,2
32222,2
32223,2
32224,2
32225,2
32226,3
32227,2
32228,2
32229,2
32230,2
32231,2
32232,2
32233,2
32234,0
32235,2
32236,0
32237,0
32238,2
32239,0
32240,2
32241,0
32242,0
32243,3
32244,0
32245,2
32246,2
32247,2
32248,2
32249,2
32250,2
32251,2
32252,2
32253,2
32254,2
32255,2
32256,2
32257,3
32258,3
32259,3
32260,2
32261,3
32262,0
32263,2
32264,2
32265,2
32266,2
32267,2
32268,2
32269,2
32270,2
32271,3
32272,0
32273,2
32274,0
32275,2
32276,2
32277,3
32278,0
32279,3
32280,2
32281,2
32282,2
32283,2
32284,2
32285,2
32286,2
32287,2
32288,2
32289,2
32290,2
32291,2
32292,2
32293,2
32294,2
32295,2
32296,2
32297,2
32298,2
32299,5
32300,2
32301,2
32302,2
32303,2
32304,2
32305,2
32306,2
32307,2
32308,2
32309,2
32310,2
32311,2
32312,2
32313,2
32314,2
32315,2
32316,0
32317,2
32318,2
32319,2
32320,2
32321,2
32322,2
32323,2
32324,2
32325,2
32326,2
32327,2
32328,2
32329,2
32330,2
32331,2
32332,2
32333,2
32334,2
32335,2
32336,2
32337,3
32338,2
32339,2
32340,2
32341,2
32342,2
32343,2
32344,2
32345,2
32346,2
32347,2
32348,2
32349,2
32350,2
32351,2
32352,2
32353,2
32354,2
32355,2
32356,2
32357,2
32358,2
32359,2
32360,2
32361,2
32362,2
32363,0
32364,2
32365,2
32366,2
32367,2
32368,2
32369,2
32370,2
32371,2
32372,2
32373,2
32374,2
32375,2
32376,2
32377,2
32378,2
32379,2
32380,2
32381,2
32382,2
32383,2
32384,2
32385,2
32386,2
32387,2
32388,2
32389,2
32390,2
32391,2
32392,2
32393,2
32394,2
32395,2
32396,2
32397,2
32398,2
32399,2
32400,2
32401,2
32402,2
32403,2
32404,2
32405,2
32406,2
32407,2
32408,2
32409,2
32410,2
32411,2
32412,2
32413,2
32414,2
32415,2
32416,2
32417,0
32418,2
32419,2
32420,2
32421,2
32422,2
32423,3
32424,3
32425,3
32426,3
32427,3
32428,3
32429,3
32430,2
32431,3
32432,2
32433,2
32434,1
32435,1
32436,0
32437,1
32438,2
32439,2
32440,2
32441,2
32442,3
32443,2
32444,3
32445,3
32446,2
32447,2
32448,2
32449,2
32450,2
32451,2
32452,2
32453,2
32454,2
32455,2
32456,2
32457,2
32458,2
32459,2
32460,2
32461,2
32462,2
32463,2
32464,2
32465,2
32466,2
32467,2
32468,2
32469,2
32470,2
32471,2
32472,2
32473,2
32474,2
32475,2
32476,2
32477,2
32478,2
32479,2
32480,2
32481,2
32482,2
32483,2
32484,2
32485,2
32486,2
32487,2
32488,2
32489,2
32490,2
32491,2
32492,2
32493,2
32494,2
32495,2
32496,2
32497,2
32498,2
32499,2
32500,2
32501,2
32502,2
32503,2
32504,2
32505,2
32506,2
32507,2
32508,2
32509,2
32510,2
32511,2
32512,2
32513,2
32514,2
32515,2
32516,2
32517,0
32518,2
32519,2
32520,2
32521,2
32522,2
32523,2
32524,2
32525,2
32526,2
32527,2
32528,2
32529,2
32530,2
32531,2
32532,2
32533,2
32534,2
32535,2
32536,2
32537,0
32538,3
32539,2
32540,2
32541,2
32542,2
32543,2
32544,2
32545,2
32546,3
32547,3
32548,3
32549,3
32550,3
32551,3
32552,3
32553,2
32554,3
32555,2
32556,0
32557,0
32558,1
32559,2
32560,3
32561,3
32562,3
32563,3
32564,3
32565,0
32566,0
32567,0
32568,0
32569,3
32570,3
32571,3
32572,1
32573,2
32574,3
32575,0
32576,3
32577,3
32578,2
32579,3
32580,0
32581,3
32582,0
32583,3
32584,3
32585,3
32586,3
32587,2
32588,3
32589,3
32590,0
32591,3
32592,3
32593,3
32594,3
32595,3
32596,3
32597,0
32598,0
32599,0
32600,0
32601,0
32602,3
32603,3
32604,3
32605,3
32606,2
32607,3
32608,2
32609,2
32610,0
32611,2
32612,0
32613,0
32614,0
32615,0
32616,3
32617,0
32618,2
32619,3
32620,3
32621,0
32622,2
32623,3
32624,0
32625,3
32626,0
32627,3
32628,0
32629,0
32630,0
32631,2
32632,0
32633,0
32634,2
32635,0
32636,0
32637,0
32638,0
32639,0
32640,0
32641,3
32642,3
32643,3
32644,3
32645,3
32646,3
32647,3
32648,3
32649,3
32650,3
32651,3
32652,3
32653,2
32654,3
32655,2
32656,2
32657,2
32658,2
32659,3
32660,2
32661,2
32662,3
32663,3
32664,3
32665,3
32666,3
32667,3
32668,3
32669,3
32670,3
32671,3
32672,3
32673,3
32674,3
32675,3
32676,2
32677,3
32678,3
32679,3
32680,3
32681,3
32682,2
32683,3
32684,3
32685,3
32686,3
32687,3
32688,3
32689,3
32690,3
32691,3
32692,3
32693,3
32694,3
32695,3
32696,3
32697,3
32698,3
32699,3
32700,3
32701,3
32702,3
32703,3
32704,3
32705,3
32706,3
32707,3
32708,3
32709,3
32710,3
32711,3
32712,3
32713,3
32714,3
32715,3
32716,3
32717,3
32718,3
32719,3
32720,3
32721,3
32722,3
32723,3
32724,3
32725,3
32726,3
32727,3
32728,3
32729,3
32730,3
32731,2
32732,0
32733,0
32734,0
32735,2
32736,2
32737,2
32738,2
32739,2
32740,3
32741,2
32742,2
32743,3
32744,3
32745,2
32746,2
32747,2
32748,2
32749,2
32750,2
32751,3
32752,3
32753,3
32754,3
32755,3
32756,3
32757,3
32758,0
32759,0
32760,0
32761,0
32762,0
32763,0
32764,0
32765,0
32766,0
32767,0
32768,0
32769,0
32770,0
32771,0
32772,0
32773,0
32774,0
32775,0
32776,0
32777,0
32778,3
32779,0
32780,2
32781,2
32782,3
32783,3
32784,3
32785,3
32786,2
32787,3
32788,3
32789,3
32790,3
32791,2
32792,2
32793,2
32794,3
32795,2
32796,2
32797,3
32798,3
32799,3
32800,3
32801,0
32802,3
32803,3
32804,3
32805,3
32806,3
32807,3
32808,3
32809,3
32810,3
32811,3
32812,3
32813,3
32814,3
32815,3
32816,3
32817,2
32818,3
32819,0
32820,3
32821,0
32822,2
32823,3
32824,3
32825,3
32826,3
32827,3
32828,3
32829,3
32830,3
32831,0
32832,3
32833,3
32834,3
32835,3
32836,3
32837,3
32838,3
32839,3
32840,3
32841,3
32842,3
32843,3
32844,3
32845,3
32846,3
32847,3
32848,3
32849,3
32850,3
32851,3
32852,3
32853,2
32854,3
32855,0
32856,2
32857,0
32858,0
32859,3
32860,3
32861,3
32862,2
32863,4
32864,3
32865,0
32866,3
32867,3
32868,3
32869,3
32870,3
32871,3
32872,3
32873,0
32874,3
32875,3
32876,0
32877,0
32878,0
32879,3
32880,3
32881,0
32882,0
32883,0
32884,0
32885,3
32886,3
32887,3
32888,3
32889,2
32890,3
32891,0
32892,3
32893,3
32894,3
32895,3
32896,3
32897,3
32898,3
32899,3
32900,3
32901,3
32902,2
32903,3
32904,2
32905,3
32906,3
32907,3
32908,0
32909,3
32910,3
32911,3
32912,3
32913,3
32914,3
32915,3
32916,3
32917,3
32918,3
32919,3
32920,3
32921,3
32922,3
32923,3
32924,3
32925,3
32926,0
32927,0
32928,0
32929,0
32930,3
32931,3
32932,3
32933,3
32934,3
32935,3
32936,0
32937,0
32938,0
32939,0
32940,0
32941,0
32942,3
32943,3
32944,3
32945,3
32946,3
32947,3
32948,3
32949,0
32950,1
32951,0
32952,1
32953,1
32954,3
32955,3
32956,3
32957,3
32958,0
32959,0
32960,0
32961,0
32962,0
32963,0
32964,0
32965,0
32966,0
32967,0
32968,0
32969,0
32970,0
32971,0
32972,0
32973,3
32974,3
32975,3
32976,0
32977,3
32978,0
32979,0
32980,0
32981,0
32982,0
32983,3
32984,0
32985,3
32986,0
32987,2
32988,0
32989,0
32990,0
32991,0
32992,0
32993,0
32994,0
32995,0
32996,0
32997,2
32998,2
32999,0
33000,0
33001,0
33002,0
33003,0
33004,0
33005,0
33006,0
33007,2
33008,0
33009,0
33010,0
33011,0
33012,0
33013,0
33014,2
33015,0
33016,0
33017,0
33018,0
33019,3
33020,2
33021,2
33022,0
33023,0
33024,1
33025,3
33026,1
33027,3
33028,3
33029,3
33030,3
33031,3
33032,3
33033,3
33034,3
33035,1
33036,0
33037,0
33038,0
33039,0
33040,0
33041,0
33042,0
33043,0
33044,0
33045,0
33046,0
33047,0
33048,0
33049,0
33050,0
33051,0
33052,0
33053,0
33054,0
33055,0
33056,0
33057,0
33058,0
33059,0
33060,0
33061,0
33062,0
33063,3
33064,3
33065,3
33066,3
33067,3
33068,1
33069,3
33070,3
33071,1
33072,3
33073,3
33074,3
33075,3
33076,3
33077,0
33078,0
33079,0
33080,0
33081,2
33082,1
33083,1
33084,2
33085,0
33086,3
33087,2
33088,0
33089,1
33090,0
33091,0
33092,0
33093,0
33094,0
33095,0
33096,0
33097,0
33098,0
33099,0
33100,2
33101,0
33102,0
33103,0
33104,0
33105,0
33106,0
33107,0
33108,0
33109,1
33110,0
33111,0
33112,0
33113,3
33114,0
33115,0
33116,0
33117,3
33118,0
33119,0
33120,1
33121,1
33122,1
33123,0
33124,0
33125,0
33126,0
33127,0
33128,0
33129,0
33130,0
33131,2
33132,0
33133,2
33134,0
33135,0
33136,0
33137,0
33138,2
33139,2
33140,0
33141,0
33142,3
33143,3
33144,1
33145,1
33146,1
33147,1
33148,3
33149,2
33150,2
33151,3
33152,1
33153,1
33154,1
33155,0
33156,1
33157,0
33158,2
33159,2
33160,3
33161,0
33162,0
33163,0
33164,3
33165,0
33166,2
33167,3
33168,2
33169,2
33170,2
33171,2
33172,2
33173,2
33174,2
33175,2
33176,2
33177,2
33178,2
33179,2
33180,2
33181,3
33182,2
33183,3
33184,2
33185,2
33186,2
33187,2
33188,2
33189,2
33190,2
33191,2
33192,2
33193,3
33194,2
33195,2
33196,2
33197,2
33198,2
33199,2
33200,2
33201,0
33202,2
33203,0
33204,2
33205,2
33206,2
33207,3
33208,2
33209,2
33210,2
33211,2
33212,2
33213,0
33214,2
33215,2
33216,0
33217,0
33218,0
33219,0
33220,0
33221,0
33222,3
33223,0
33224,0
33225,0
33226,0
33227,0
33228,0
33229,0
33230,0
33231,0
33232,0
33233,2
33234,0
33235,0
33236,3
33237,2
33238,2
33239,2
33240,2
33241,2
33242,1
33243,3
33244,0
33245,0
33246,3
33247,2
33248,2
33249,2
33250,0
33251,2
33252,3
33253,2
33254,2
33255,2
33256,2
33257,2
33258,2
33259,2
33260,2
33261,0
33262,3
33263,3
33264,0
33265,3
33266,2
33267,1
33268,3
33269,3
33270,0
33271,2
33272,3
33273,3
33274,3
33275,3
33276,3
33277,2
33278,3
33279,3
33280,3
33281,3
33282,3
33283,3
33284,3
33285,1
33286,3
33287,3
33288,3
33289,2
33290,2
33291,2
33292,2
33293,3
33294,2
33295,3
33296,2
33297,2
33298,2
33299,2
33300,3
33301,2
33302,2
33303,2
33304,3
33305,3
33306,1
33307,3
33308,2
33309,2
33310,3
33311,2
33312,3
33313,2
33314,0
33315,2
33316,3
33317,2
33318,2
33319,2
33320,2
33321,2
33322,2
33323,3
33324,2
33325,3
33326,2
33327,2
33328,1
33329,3
33330,1
33331,2
33332,2
33333,2
33334,2
33335,2
33336,2
33337,2
33338,3
33339,2
33340,2
33341,2
33342,2
33343,2
33344,2
33345,2
33346,2
33347,2
33348,2
33349,2
33350,2
33351,2
33352,2
33353,2
33354,0
33355,2
33356,2
33357,2
33358,2
33359,2
33360,2
33361,2
33362,2
33363,2
33364,2
33365,3
33366,2
33367,2
33368,2
33369,2
33370,3
33371,2
33372,3
33373,2
33374,2
33375,1
33376,0
33377,0
33378,2
33379,2
33380,2
33381,3
33382,2
33383,3
33384,3
33385,3
33386,3
33387,2
33388,2
33389,2
33390,2
33391,2
33392,3
33393,3
33394,0
33395,3
33396,2
33397,3
33398,3
33399,3
33400,2
33401,2
33402,3
33403,3
33404,3
33405,2
33406,2
33407,2
33408,2
33409,3
33410,2
33411,3
33412,2
33413,3
33414,3
33415,2
33416,2
33417,2
33418,3
33419,2
33420,0
33421,0
33422,2
33423,2
33424,2
33425,2
33426,2
33427,2
33428,2
33429,2
33430,2
33431,2
33432,2
33433,2
33434,2
33435,2
33436,2
33437,2
33438,2
33439,2
33440,2
33441,2
33442,2
33443,2
33444,2
33445,1
33446,1
33447,2
33448,2
33449,2
33450,2
33451,2
33452,2
33453,2
33454,3
33455,2
33456,2
33457,2
33458,0
33459,2
33460,0
33461,2
33462,2
33463,2
33464,1
33465,2
33466,2
33467,2
33468,2
33469,2
33470,1
33471,2
33472,2
33473,2
33474,1
33475,2
33476,2
33477,2
33478,1
33479,2
33480,2
33481,2
33482,2
33483,2
33484,2
33485,2
33486,2
33487,2
33488,2
33489,2
33490,2
33491,2
33492,2
33493,2
33494,2
33495,2
33496,2
33497,2
33498,2
33499,3
33500,3
33501,2
33502,1
33503,2
33504,2
33505,1
33506,2
33507,3
33508,2
33509,2
33510,3
33511,3
33512,3
33513,3
33514,3
33515,3
33516,3
33517,3
33518,2
33519,0
33520,2
33521,0
33522,1
33523,3
33524,3
33525,3
33526,3
33527,3
33528,3
33529,1
33530,1
33531,3
33532,3
33533,3
33534,1
33535,0
33536,3
33537,3
33538,3
33539,1
33540,3
33541,2
33542,0
33543,0
33544,3
33545,3
33546,3
33547,1
33548,3
33549,3
33550,3
33551,1
33552,1
33553,3
33554,3
33555,3
33556,3
33557,3
33558,3
33559,3
33560,3
33561,3
33562,3
33563,3
33564,2
33565,3
33566,3
33567,3
33568,3
33569,3
33570,3
33571,3
33572,2
33573,2
33574,2
33575,2
33576,2
33577,2
33578,2
33579,2
33580,2
33581,2
33582,2
33583,2
33584,0
33585,2
33586,0
33587,1
33588,3
33589,1
33590,1
33591,3
33592,1
33593,1
33594,0
33595,1
33596,1
33597,1
33598,3
33599,3
33600,2
33601,3
33602,3
33603,1
33604,1
33605,2
33606,3
33607,3
33608,3
33609,3
33610,3
33611,3
33612,3
33613,2
33614,2
33615,2
33616,3
33617,2
33618,3
33619,2
33620,1
33621,2
33622,2
33623,3
33624,2
33625,2
33626,2
33627,2
33628,2
33629,2
33630,2
33631,2
33632,3
33633,2
33634,2
33635,2
33636,0
33637,3
33638,2
33639,2
33640,2
33641,2
33642,2
33643,2
33644,2
33645,2
33646,2
33647,2
33648,2
33649,2
33650,3
33651,2
33652,2
33653,2
33654,2
33655,2
33656,2
33657,2
33658,3
33659,2
33660,2
33661,2
33662,2
33663,2
33664,2
33665,2
33666,2
33667,2
33668,2
33669,2
33670,2
33671,2
33672,3
33673,3
33674,2
33675,2
33676,2
33677,2
33678,0
33679,2
33680,3
33681,2
33682,2
33683,2
33684,2
33685,2
33686,2
33687,2
33688,2
33689,2
33690,2
33691,3
33692,3
33693,2
33694,0
33695,0
33696,2
33697,2
33698,2
33699,2
33700,2
33701,2
33702,2
33703,2
33704,2
33705,2
33706,2
33707,2
33708,2
33709,3
33710,1
33711,2
33712,2
33713,2
33714,2
33715,2
33716,2
33717,2
33718,2
33719,2
33720,2
33721,3
33722,2
33723,1
33724,2
33725,2
33726,3
33727,3
33728,1
33729,2
33730,3
33731,3
33732,2
33733,3
33734,3
33735,3
33736,2
33737,2
33738,3
33739,2
33740,2
33741,2
33742,2
33743,2
33744,1
33745,1
33746,2
33747,2
33748,2
33749,2
33750,2
33751,2
33752,0
33753,2
33754,2
33755,2
33756,1
33757,3
33758,3
33759,3
33760,3
33761,2
33762,2
33763,2
33764,2
33765,2
33766,2
33767,2
33768,2
33769,2
33770,3
33771,2
33772,2
33773,2
33774,3
33775,3
33776,3
33777,3
33778,3
33779,2
33780,0
33781,3
33782,3
33783,3
33784,3
33785,2
33786,3
33787,3
33788,2
33789,2
33790,2
33791,3
33792,3
33793,2
33794,2
33795,2
33796,3
33797,3
33798,3
33799,3
33800,3
33801,3
33802,3
33803,3
33804,3
33805,3
33806,0
33807,3
33808,3
33809,3
33810,3
33811,0
33812,2
33813,2
33814,2
33815,2
33816,3
33817,3
33818,3
33819,3
33820,3
33821,3
33822,3
33823,3
33824,3
33825,3
33826,3
33827,3
33828,3
33829,3
33830,3
33831,3
33832,2
33833,2
33834,2
33835,3
33836,3
33837,3
33838,2
33839,3
33840,3
33841,3
33842,3
33843,2
33844,2
33845,3
33846,3
33847,3
33848,2
33849,2
33850,2
33851,3
33852,3
33853,2
33854,2
33855,3
33856,2
33857,2
33858,3
33859,3
33860,0
33861,3
33862,2
33863,2
33864,2
33865,3
33866,3
33867,3
33868,2
33869,2
33870,2
33871,3
33872,2
33873,3
33874,2
33875,3
33876,2
33877,2
33878,2
33879,2
33880,2
33881,2
33882,2
33883,2
33884,2
33885,2
33886,2
33887,3
33888,2
33889,2
33890,2
33891,2
33892,2
33893,2
33894,2
33895,2
33896,3
33897,2
33898,2
33899,2
33900,2
33901,2
33902,2
33903,2
33904,2
33905,2
33906,2
33907,2
33908,2
33909,2
33910,2
33911,2
33912,2
33913,2
33914,2
33915,2
33916,2
33917,2
33918,2
33919,2
33920,2
33921,2
33922,2
33923,2
33924,3
33925,2
33926,2
33927,2
33928,2
33929,2
33930,2
33931,2
33932,3
33933,2
33934,2
33935,2
33936,2
33937,3
33938,3
33939,2
33940,3
33941,2
33942,3
33943,2
33944,2
33945,3
33946,2
33947,2
33948,2
33949,2
33950,2
33951,3
33952,0
33953,2
33954,2
33955,2
33956,2
33957,2
33958,3
33959,3
33960,2
33961,2
33962,2
33963,2
33964,2
33965,2
33966,2
33967,0
33968,2
33969,2
33970,2
33971,3
33972,2
33973,2
33974,2
33975,2
33976,2
33977,2
33978,2
33979,2
33980,2
33981,2
33982,2
33983,2
33984,2
33985,2
33986,2
33987,2
33988,3
33989,2
33990,2
33991,2
33992,2
33993,2
33994,2
33995,2
33996,2
33997,2
33998,2
33999,3
34000,2
34001,2
34002,2
34003,2
34004,2
34005,2
34006,3
34007,3
34008,2
34009,2
34010,3
34011,2
34012,2
34013,3
34014,3
34015,2
34016,2
34017,2
34018,2
34019,2
34020,2
34021,2
34022,2
34023,3
34024,3
34025,3
34026,2
34027,3
34028,2
34029,2
34030,2
34031,2
34032,2
34033,0
34034,2
34035,0
34036,0
34037,2
34038,2
34039,2
34040,2
34041,2
34042,2
34043,2
34044,2
34045,2
34046,2
34047,2
34048,2
34049,2
34050,2
34051,2
34052,2
34053,2
34054,2
34055,2
34056,3
34057,2
34058,2
34059,2
34060,2
34061,2
34062,2
34063,3
34064,3
34065,2
34066,2
34067,2
34068,0
34069,2
34070,2
34071,2
34072,2
34073,2
34074,2
34075,2
34076,2
34077,2
34078,2
34079,2
34080,2
34081,2
34082,2
34083,3
34084,2
34085,2
34086,2
34087,2
34088,2
34089,3
34090,2
34091,2
34092,2
34093,2
34094,2
34095,2
34096,3
34097,2
34098,2
34099,2
34100,2
34101,2
34102,2
34103,2
34104,2
34105,2
34106,2
34107,2
34108,2
34109,2
34110,2
34111,2
34112,2
34113,2
34114,2
34115,2
34116,2
34117,2
34118,2
34119,2
34120,2
34121,2
34122,2
34123,2
34124,2
34125,2
34126,2
34127,2
34128,2
34129,2
34130,2
34131,2
34132,2
34133,2
34134,2
34135,2
34136,2
34137,2
34138,2
34139,2
34140,2
34141,2
34142,2
34143,2
34144,2
34145,2
34146,2
34147,2
34148,2
34149,2
34150,2
34151,2
34152,1
34153,2
34154,3
34155,2
34156,2
34157,3
34158,2
34159,2
34160,2
34161,2
34162,2
34163,2
34164,2
34165,2
34166,2
34167,2
34168,2
34169,2
34170,2
34171,3
34172,3
34173,2
34174,2
34175,1
34176,3
34177,2
34178,2
34179,2
34180,1
34181,2
34182,2
34183,3
34184,3
34185,2
34186,1
34187,0
34188,0
34189,3
34190,2
34191,2
34192,2
34193,3
34194,2
34195,2
34196,2
34197,2
34198,2
34199,2
34200,2
34201,2
34202,3
34203,3
34204,3
34205,2
34206,3
34207,3
34208,3
34209,3
34210,0
34211,3
34212,3
34213,3
34214,2
34215,2
34216,2
34217,3
34218,3
34219,2
34220,2
34221,2
34222,0
34223,3
34224,0
34225,3
34226,3
34227,0
34228,3
34229,3
34230,2
34231,1
34232,1
34233,1
34234,2
34235,3
34236,3
34237,3
34238,3
34239,3
34240,2
34241,2
34242,1
34243,3
34244,3
34245,3
34246,3
34247,3
34248,3
34249,2
34250,2
34251,2
34252,2
34253,2
34254,2
34255,3
34256,2
34257,2
34258,2
34259,2
34260,3
34261,2
34262,2
34263,2
34264,2
34265,3
34266,2
34267,3
34268,2
34269,3
34270,2
34271,2
34272,3
34273,3
34274,1
34275,2
34276,2
34277,2
34278,2
34279,1
34280,2
34281,2
34282,2
34283,2
34284,2
34285,0
34286,2
34287,2
34288,2
34289,2
34290,1
34291,2
34292,2
34293,2
34294,3
34295,2
34296,0
34297,2
34298,2
34299,3
34300,2
34301,2
34302,1
34303,0
34304,2
34305,2
34306,2
34307,2
34308,3
34309,3
34310,3
34311,2
34312,3
34313,2
34314,2
34315,3
34316,2
34317,2
34318,3
34319,0
34320,3
34321,2
34322,2
34323,2
34324,2
34325,2
34326,3
34327,2
34328,3
34329,0
34330,0
34331,0
34332,3
34333,3
34334,2
34335,3
34336,3
34337,3
34338,2
34339,2
34340,2
34341,2
34342,2
34343,3
34344,2
34345,0
34346,0
34347,2
34348,2
34349,3
34350,2
34351,2
34352,2
34353,2
34354,2
34355,2
34356,2
34357,2
34358,2
34359,2
34360,2
34361,2
34362,2
34363,2
34364,2
34365,2
34366,2
34367,2
34368,2
34369,2
34370,2
34371,2
34372,2
34373,2
34374,2
34375,2
34376,3
34377,3
34378,3
34379,3
34380,2
34381,3
34382,3
34383,3
34384,2
34385,2
34386,2
34387,2
34388,2
34389,3
34390,2
34391,3
34392,2
34393,3
34394,3
34395,2
34396,2
34397,3
34398,2
34399,3
34400,2
34401,2
34402,3
34403,2
34404,2
34405,3
34406,3
34407,2
34408,2
34409,2
34410,2
34411,2
34412,3
34413,2
34414,2
34415,3
34416,3
34417,3
34418,3
34419,0
34420,0
34421,3
34422,0
34423,3
34424,0
34425,2
34426,0
34427,0
34428,0
34429,0
34430,0
34431,3
34432,1
34433,1
34434,1
34435,2
34436,3
34437,3
34438,2
34439,3
34440,2
34441,2
34442,2
34443,2
34444,2
34445,2
34446,2
34447,2
34448,2
34449,2
34450,2
34451,3
34452,2
34453,2
34454,3
34455,2
34456,2
34457,2
34458,2
34459,2
34460,2
34461,2
34462,2
34463,2
34464,2
34465,3
34466,2
34467,2
34468,2
34469,2
34470,3
34471,2
34472,2
34473,2
34474,3
34475,2
34476,2
34477,2
34478,2
34479,3
34480,3
34481,2
34482,2
34483,2
34484,2
34485,3
34486,2
34487,2
34488,2
34489,3
34490,3
34491,0
34492,3
34493,2
34494,2
34495,2
34496,2
34497,2
34498,2
34499,2
34500,2
34501,3
34502,2
34503,2
34504,2
34505,2
34506,3
34507,2
34508,2
34509,3
34510,3
34511,3
34512,3
34513,1
34514,2
34515,0
34516,1
34517,1
34518,3
34519,1
34520,3
34521,3
34522,3
34523,3
34524,3
34525,3
34526,1
34527,3
34528,3
34529,1
34530,1
34531,3
34532,2
34533,1
34534,3
34535,3
34536,3
34537,3
34538,3
34539,3
34540,3
34541,3
34542,0
34543,3
34544,3
34545,3
34546,3
34547,3
34548,1
34549,3
34550,1
34551,3
34552,1
34553,3
34554,3
34555,3
34556,3
34557,1
34558,3
34559,1
34560,3
34561,1
34562,0
34563,3
34564,2
34565,3
34566,2
34567,2
34568,3
34569,3
34570,2
34571,2
34572,3
34573,2
34574,2
34575,2
34576,3
34577,2
34578,3
34579,2
34580,2
34581,2
34582,2
34583,3
34584,2
34585,2
34586,3
34587,3
34588,2
34589,2
34590,2
34591,2
34592,3
34593,3
34594,2
34595,2
34596,2
34597,2
34598,2
34599,2
34600,3
34601,2
34602,3
34603,2
34604,2
34605,2
34606,2
34607,2
34608,2
34609,2
34610,2
34611,2
34612,2
34613,2
34614,2
34615,2
34616,2
34617,3
34618,2
34619,2
34620,2
34621,2
34622,2
34623,0
34624,2
34625,3
34626,2
34627,2
34628,2
34629,2
34630,2
34631,2
34632,2
34633,2
34634,2
34635,3
34636,3
34637,0
34638,2
34639,2
34640,2
34641,3
34642,3
34643,1
34644,1
34645,2
34646,3
34647,3
34648,1
34649,3
34650,2
34651,3
34652,3
34653,3
34654,3
34655,2
34656,2
34657,2
34658,3
34659,3
34660,2
34661,2
34662,2
34663,2
34664,2
34665,2
34666,3
34667,3
34668,2
34669,2
34670,2
34671,2
34672,2
34673,3
34674,2
34675,2
34676,3
34677,2
34678,2
34679,2
34680,2
34681,2
34682,2
34683,2
34684,2
34685,2
34686,2
34687,2
34688,2
34689,2
34690,2
34691,2
34692,2
34693,2
34694,2
34695,3
34696,2
34697,2
34698,2
34699,2
34700,2
34701,2
34702,2
34703,2
34704,2
34705,2
34706,2
34707,2
34708,2
34709,2
34710,2
34711,2
34712,3
34713,3
34714,3
34715,3
34716,3
34717,3
34718,1
34719,2
34720,2
34721,2
34722,2
34723,2
34724,2
34725,2
34726,1
34727,3
34728,2
34729,2
34730,2
34731,2
34732,2
34733,2
34734,2
34735,2
34736,2
34737,2
34738,3
34739,3
34740,3
34741,2
34742,2
34743,2
34744,2
34745,2
34746,2
34747,3
34748,3
34749,2
34750,2
34751,2
34752,2
34753,2
34754,2
34755,2
34756,2
34757,2
34758,2
34759,2
34760,2
34761,2
34762,2
34763,2
34764,2
34765,2
34766,2
34767,2
34768,2
34769,3
34770,3
34771,2
34772,3
34773,2
34774,2
34775,2
34776,3
34777,2
34778,2
34779,1
34780,3
34781,3
34782,3
34783,2
34784,3
34785,3
34786,1
34787,1
34788,3
34789,3
34790,3
34791,3
34792,3
34793,3
34794,3
34795,3
34796,3
34797,1
34798,3
34799,3
34800,3
34801,3
34802,3
34803,1
34804,3
34805,1
34806,1
34807,3
34808,3
34809,3
34810,3
34811,1
34812,1
34813,3
34814,3
34815,3
34816,1
34817,1
34818,3
34819,3
34820,3
34821,3
34822,1
34823,3
34824,1
34825,3
34826,1
34827,3
34828,2
34829,3
34830,1
34831,3
34832,2
34833,2
34834,2
34835,3
34836,2
34837,3
34838,2
34839,2
34840,2
34841,2
34842,2
34843,2
34844,3
34845,2
34846,2
34847,1
34848,3
34849,3
34850,1
34851,3
34852,2
34853,0
34854,3
34855,1
34856,0
34857,3
34858,3
34859,3
34860,3
34861,3
34862,3
34863,3
34864,2
34865,0
34866,3
34867,2
34868,2
34869,2
34870,2
34871,2
34872,2
34873,2
34874,3
34875,2
34876,3
34877,2
34878,3
34879,2
34880,3
34881,3
34882,2
34883,2
34884,2
34885,2
34886,2
34887,2
34888,3
34889,2
34890,2
34891,2
34892,2
34893,2
34894,2
34895,3
34896,0
34897,2
34898,3
34899,1
34900,3
34901,3
34902,3
34903,3
34904,3
34905,3
34906,3
34907,3
34908,2
34909,3
34910,3
34911,1
34912,3
34913,3
34914,2
34915,3
34916,3
34917,3
34918,3
34919,3
34920,3
34921,3
34922,2
34923,3
34924,3
34925,3
34926,3
34927,3
34928,2
34929,3
34930,2
34931,2
34932,2
34933,2
34934,2
34935,2
34936,2
34937,2
34938,2
34939,2
34940,2
34941,3
34942,2
34943,3
34944,2
34945,2
34946,2
34947,2
34948,2
34949,3
34950,3
34951,3
34952,3
34953,3
34954,3
34955,3
34956,3
34957,3
34958,3
34959,2
34960,3
34961,2
34962,2
34963,2
34964,3
34965,2
34966,2
34967,1
34968,3
34969,3
34970,1
34971,0
34972,2
34973,3
34974,2
34975,2
34976,2
34977,2
34978,2
34979,2
34980,2
34981,2
34982,2
34983,2
34984,2
34985,2
34986,2
34987,2
34988,2
34989,2
34990,2
34991,2
34992,2
34993,3
34994,2
34995,0
34996,3
34997,3
34998,2
34999,2
35000,3
35001,2
35002,3
35003,2
35004,2
35005,2
35006,2
35007,2
35008,2
35009,2
35010,2
35011,2
35012,2
35013,2
35014,2
35015,2
35016,2
35017,2
35018,2
35019,2
35020,2
35021,2
35022,2
35023,3
35024,2
35025,2
35026,2
35027,2
35028,2
35029,2
35030,2
35031,2
35032,2
35033,2
35034,2
35035,2
35036,2
35037,2
35038,2
35039,3
35040,2
35041,2
35042,2
35043,3
35044,2
35045,2
35046,2
35047,3
35048,2
35049,3
35050,3
35051,3
35052,2
35053,2
35054,3
35055,0
35056,3
35057,3
35058,2
35059,3
35060,3
35061,3
35062,3
35063,3
35064,2
35065,2
35066,2
35067,2
35068,2
35069,2
35070,2
35071,2
35072,2
35073,2
35074,2
35075,2
35076,2
35077,2
35078,2
35079,2
35080,2
35081,2
35082,2
35083,2
35084,2
35085,2
35086,2
35087,2
35088,2
35089,2
35090,2
35091,2
35092,2
35093,2
35094,2
35095,2
35096,2
35097,2
35098,2
35099,2
35100,2
35101,2
35102,2
35103,2
35104,2
35105,2
35106,2
35107,2
35108,2
35109,2
35110,2
35111,2
35112,2
35113,3
35114,2
35115,2
35116,2
35117,2
35118,2
35119,2
35120,2
35121,2
35122,2
35123,2
35124,2
35125,2
35126,2
35127,2
35128,2
35129,2
35130,2
35131,2
35132,2
35133,2
35134,2
35135,2
35136,2
35137,2
35138,2
35139,2
35140,2
35141,2
35142,2
35143,2
35144,2
35145,2
35146,2
35147,2
35148,2
35149,3
35150,2
35151,2
35152,2
35153,2
35154,2
35155,2
35156,2
35157,2
35158,2
35159,2
35160,2
35161,2
35162,2
35163,2
35164,2
35165,2
35166,3
35167,2
35168,2
35169,2
35170,2
35171,2
35172,2
35173,2
35174,2
35175,2
35176,2
35177,2
35178,2
35179,2
35180,2
35181,2
35182,2
35183,2
35184,2
35185,2
35186,2
35187,2
35188,2
35189,2
35190,2
35191,2
35192,2
35193,2
35194,2
35195,2
35196,2
35197,2
35198,2
35199,0
35200,2
35201,2
35202,2
35203,2
35204,2
35205,2
35206,2
35207,2
35208,2
35209,2
35210,2
35211,2
35212,2
35213,2
35214,2
35215,2
35216,2
35217,2
35218,2
35219,2
35220,2
35221,2
35222,2
35223,2
35224,2
35225,2
35226,2
35227,0
35228,2
35229,2
35230,2
35231,2
35232,2
35233,2
35234,2
35235,2
35236,2
35237,2
35238,2
35239,2
35240,2
35241,2
35242,2
35243,2
35244,2
35245,2
35246,2
35247,2
35248,3
35249,2
35250,2
35251,2
35252,2
35253,2
35254,2
35255,2
35256,2
35257,2
35258,2
35259,2
35260,2
35261,2
35262,2
35263,2
35264,2
35265,2
35266,2
35267,2
35268,2
35269,2
35270,2
35271,2
35272,2
35273,2
35274,2
35275,3
35276,3
35277,2
35278,2
35279,2
35280,2
35281,2
35282,2
35283,2
35284,2
35285,2
35286,2
35287,2
35288,2
35289,2
35290,2
35291,3
35292,2
35293,2
35294,3
35295,2
35296,2
35297,2
35298,2
35299,2
35300,2
35301,2
35302,2
35303,2
35304,2
35305,2
35306,2
35307,2
35308,2
35309,2
35310,2
35311,2
35312,2
35313,2
35314,2
35315,2
35316,2
35317,2
35318,2
35319,2
35320,2
35321,2
35322,2
35323,2
35324,2
35325,2
35326,2
35327,3
35328,2
35329,2
35330,2
35331,2
35332,2
35333,2
35334,2
35335,2
35336,2
35337,2
35338,2
35339,2
35340,2
35341,2
35342,2
35343,2
35344,2
35345,2
35346,2
35347,2
35348,2
35349,2
35350,2
35351,2
35352,3
35353,2
35354,2
35355,2
35356,2
35357,2
35358,2
35359,2
35360,2
35361,2
35362,2
35363,2
35364,2
35365,2
35366,2
35367,2
35368,2
35369,2
35370,2
35371,2
35372,2
35373,2
35374,2
35375,2
35376,2
35377,2
35378,2
35379,2
35380,2
35381,2
35382,2
35383,2
35384,2
35385,2
35386,2
35387,2
35388,2
35389,2
35390,3
35391,2
35392,2
35393,2
35394,2
35395,3
35396,2
35397,2
35398,2
35399,2
35400,2
35401,2
35402,2
35403,2
35404,2
35405,2
35406,2
35407,2
35408,2
35409,2
35410,2
35411,2
35412,2
35413,2
35414,2
35415,2
35416,2
35417,2
35418,3
35419,2
35420,2
35421,2
35422,2
35423,2
35424,2
35425,2
35426,2
35427,2
35428,3
35429,2
35430,2
35431,2
35432,2
35433,2
35434,3
35435,2
35436,2
35437,2
35438,2
35439,2
35440,2
35441,2
35442,2
35443,2
35444,2
35445,2
35446,2
35447,2
35448,2
35449,2
35450,2
35451,2
35452,2
35453,2
35454,2
35455,2
35456,2
35457,2
35458,2
35459,2
35460,2
35461,2
35462,2
35463,2
35464,2
35465,2
35466,2
35467,2
35468,2
35469,2
35470,2
35471,3
35472,2
35473,2
35474,2
35475,2
35476,2
35477,2
35478,2
35479,2
35480,2
35481,2
35482,2
35483,2
35484,2
35485,2
35486,2
35487,2
35488,2
35489,2
35490,2
35491,2
35492,2
35493,2
35494,2
35495,2
35496,2
35497,2
35498,3
35499,2
35500,2
35501,2
35502,2
35503,2
35504,3
35505,2
35506,2
35507,3
35508,3
35509,2
35510,2
35511,2
35512,2
35513,2
35514,2
35515,2
35516,3
35517,2
35518,2
35519,2
35520,2
35521,2
35522,2
35523,2
35524,2
35525,2
35526,2
35527,2
35528,2
35529,2
35530,3
35531,3
35532,2
35533,2
35534,2
35535,2
35536,2
35537,2
35538,2
35539,2
35540,2
35541,2
35542,2
35543,3
35544,3
35545,2
35546,2
35547,2
35548,2
35549,2
35550,2
35551,2
35552,2
35553,2
35554,2
35555,2
35556,2
35557,2
35558,2
35559,2
35560,2
35561,3
35562,2
35563,2
35564,2
35565,2
35566,2
35567,2
35568,2
35569,2
35570,2
35571,2
35572,2
35573,2
35574,2
35575,2
35576,2
35577,2
35578,2
35579,2
35580,2
35581,2
35582,2
35583,3
35584,2
35585,3
35586,2
35587,2
35588,2
35589,2
35590,2
35591,2
35592,2
35593,2
35594,3
35595,2
35596,2
35597,3
35598,2
35599,2
35600,2
35601,2
35602,2
35603,2
35604,2
35605,2
35606,2
35607,2
35608,2
35609,2
35610,2
35611,2
35612,2
35613,2
35614,2
35615,3
35616,2
35617,2
35618,2
35619,2
35620,2
35621,2
35622,2
35623,2
35624,2
35625,2
35626,3
35627,3
35628,2
35629,2
35630,3
35631,2
35632,2
35633,2
35634,2
35635,2
35636,2
35637,2
35638,2
35639,3
35640,2
35641,2
35642,2
35643,2
35644,2
35645,2
35646,2
35647,2
35648,2
35649,2
35650,2
35651,2
35652,2
35653,2
35654,2
35655,3
35656,2
35657,2
35658,3
35659,2
35660,2
35661,2
35662,3
35663,2
35664,2
35665,2
35666,2
35667,2
35668,2
35669,2
35670,2
35671,2
35672,2
35673,2
35674,3
35675,2
35676,2
35677,2
35678,2
35679,2
35680,2
35681,2
35682,2
35683,2
35684,2
35685,2
35686,2
35687,2
35688,2
35689,2
35690,3
35691,2
35692,2
35693,2
35694,2
35695,2
35696,2
35697,2
35698,2
35699,2
35700,2
35701,2
35702,2
35703,2
35704,2
35705,2
35706,2
35707,2
35708,2
35709,2
35710,3
35711,2
35712,2
35713,2
35714,2
35715,2
35716,2
35717,2
35718,2
35719,2
35720,2
35721,2
35722,2
35723,3
35724,2
35725,2
35726,2
35727,2
35728,2
35729,3
35730,3
35731,2
35732,2
35733,2
35734,2
35735,2
35736,2
35737,2
35738,2
35739,2
35740,2
35741,2
35742,2
35743,2
35744,2
35745,2
35746,2
35747,3
35748,3
35749,2
35750,2
35751,2
35752,3
35753,2
35754,2
35755,2
35756,2
35757,2
35758,0
35759,2
35760,2
35761,2
35762,2
35763,3
35764,2
35765,2
35766,2
35767,2
35768,2
35769,2
35770,2
35771,2
35772,2
35773,2
35774,2
35775,2
35776,3
35777,0
35778,2
35779,2
35780,2
35781,2
35782,2
35783,2
35784,2
35785,2
35786,2
35787,3
35788,3
35789,3
35790,3
35791,3
35792,3
35793,3
35794,0
35795,0
35796,2
35797,0
35798,2
35799,2
35800,3
35801,0
35802,3
35803,0
35804,2
35805,2
35806,2
35807,2
35808,2
35809,2
35810,2
35811,2
35812,2
35813,2
35814,2
35815,2
35816,2
35817,2
35818,2
35819,0
35820,2
35821,2
35822,2
35823,2
35824,2
35825,2
35826,2
35827,2
35828,3
35829,2
35830,2
35831,2
35832,2
35833,2
35834,3
35835,2
35836,2
35837,2
35838,2
35839,2
35840,2
35841,2
35842,2
35843,2
35844,2
35845,2
35846,2
35847,2
35848,2
35849,2
35850,2
35851,2
35852,3
35853,2
35854,3
35855,2
35856,2
35857,3
35858,2
35859,2
35860,2
35861,2
35862,2
35863,2
35864,2
35865,2
35866,2
35867,3
35868,2
35869,2
35870,2
35871,2
35872,2
35873,2
35874,2
35875,2
35876,2
35877,2
35878,2
35879,2
35880,2
35881,2
35882,2
35883,2
35884,2
35885,2
35886,2
35887,2
35888,2
35889,2
35890,3
35891,2
35892,2
35893,2
35894,2
35895,2
35896,2
35897,2
35898,2
35899,2
35900,2
35901,2
35902,2
35903,2
35904,2
35905,3
35906,2
35907,2
35908,2
35909,2
35910,2
35911,2
35912,2
35913,2
35914,2
35915,2
35916,2
35917,2
35918,2
35919,2
35920,0
35921,2
35922,2
35923,3
35924,2
35925,3
35926,2
35927,2
35928,2
35929,2
35930,3
35931,2
35932,2
35933,2
35934,2
35935,3
35936,2
35937,3
35938,2
35939,3
35940,2
35941,3
35942,2
35943,2
35944,2
35945,2
35946,2
35947,2
35948,2
35949,2
35950,2
35951,2
35952,2
35953,2
35954,2
35955,2
35956,2
35957,2
35958,2
35959,2
35960,2
35961,2
35962,3
35963,2
35964,2
35965,2
35966,2
35967,2
35968,2
35969,2
35970,2
35971,2
35972,2
35973,2
35974,3
35975,2
35976,2
35977,2
35978,2
35979,3
35980,0
35981,3
35982,2
35983,2
35984,2
35985,2
35986,0
35987,2
35988,2
35989,2
35990,2
35991,2
35992,2
35993,2
35994,2
35995,2
35996,2
35997,2
35998,2
35999,2
36000,2
36001,2
36002,2
36003,2
36004,2
36005,2
36006,2
36007,2
36008,2
36009,2
36010,2
36011,2
36012,2
36013,2
36014,2
36015,2
36016,2
36017,2
36018,2
36019,2
36020,2
36021,2
36022,2
36023,2
36024,2
36025,2
36026,2
36027,3
36028,2
36029,2
36030,2
36031,2
36032,3
36033,2
36034,3
36035,0
36036,2
36037,0
36038,2
36039,2
36040,2
36041,2
36042,2
36043,2
36044,2
36045,2
36046,2
36047,2
36048,2
36049,2
36050,2
36051,3
36052,2
36053,2
36054,2
36055,2
36056,3
36057,2
36058,3
36059,2
36060,2
36061,2
36062,3
36063,2
36064,2
36065,2
36066,2
36067,2
36068,2
36069,2
36070,2
36071,2
36072,2
36073,2
36074,2
36075,3
36076,2
36077,2
36078,2
36079,2
36080,2
36081,2
36082,2
36083,2
36084,2
36085,2
36086,2
36087,2
36088,2
36089,2
36090,2
36091,2
36092,3
36093,0
36094,2
36095,2
36096,2
36097,2
36098,2
36099,2
36100,2
36101,2
36102,2
36103,2
36104,2
36105,2
36106,2
36107,2
36108,2
36109,2
36110,2
36111,2
36112,2
36113,2
36114,2
36115,2
36116,2
36117,2
36118,2
36119,2
36120,2
36121,2
36122,2
36123,3
36124,2
36125,2
36126,2
36127,2
36128,2
36129,3
36130,2
36131,2
36132,2
36133,2
36134,2
36135,2
36136,2
36137,2
36138,2
36139,2
36140,2
36141,2
36142,2
36143,3
36144,2
36145,2
36146,2
36147,2
36148,2
36149,2
36150,3
36151,2
36152,2
36153,2
36154,2
36155,2
36156,2
36157,2
36158,2
36159,2
36160,2
36161,2
36162,2
36163,2
36164,2
36165,2
36166,2
36167,2
36168,2
36169,2
36170,2
36171,2
36172,3
36173,2
36174,2
36175,2
36176,2
36177,2
36178,2
36179,3
36180,2
36181,2
36182,2
36183,2
36184,2
36185,2
36186,2
36187,2
36188,2
36189,2
36190,2
36191,2
36192,3
36193,2
36194,2
36195,2
36196,2
36197,2
36198,2
36199,2
36200,2
36201,2
36202,2
36203,3
36204,2
36205,2
36206,2
36207,2
36208,0
36209,2
36210,2
36211,2
36212,2
36213,2
36214,2
36215,2
36216,2
36217,2
36218,2
36219,2
36220,2
36221,2
36222,2
36223,2
36224,2
36225,3
36226,3
36227,3
36228,2
36229,2
36230,2
36231,2
36232,2
36233,2
36234,2
36235,2
36236,2
36237,2
36238,2
36239,2
36240,3
36241,2
36242,2
36243,2
36244,2
36245,2
36246,2
36247,2
36248,2
36249,2
36250,2
36251,2
36252,2
36253,2
36254,2
36255,2
36256,3
36257,2
36258,2
36259,2
36260,2
36261,2
36262,2
36263,2
36264,3
36265,3
36266,2
36267,2
36268,2
36269,2
36270,2
36271,2
36272,2
36273,2
36274,2
36275,2
36276,2
36277,2
36278,2
36279,2
36280,2
36281,2
36282,2
36283,2
36284,2
36285,2
36286,2
36287,2
36288,2
36289,2
36290,3
36291,2
36292,2
36293,2
36294,2
36295,2
36296,2
36297,2
36298,2
36299,2
36300,2
36301,2
36302,2
36303,2
36304,3
36305,2
36306,2
36307,2
36308,2
36309,2
36310,2
36311,2
36312,2
36313,2
36314,2
36315,2
36316,2
36317,2
36318,2
36319,2
36320,2
36321,2
36322,2
36323,2
36324,2
36325,2
36326,2
36327,2
36328,2
36329,2
36330,2
36331,2
36332,3
36333,2
36334,2
36335,2
36336,2
36337,2
36338,2
36339,2
36340,2
36341,2
36342,2
36343,2
36344,2
36345,2
36346,2
36347,2
36348,2
36349,2
36350,3
36351,2
36352,2
36353,2
36354,2
36355,2
36356,2
36357,2
36358,2
36359,2
36360,2
36361,2
36362,2
36363,2
36364,2
36365,2
36366,3
36367,2
36368,3
36369,2
36370,2
36371,2
36372,2
36373,2
36374,2
36375,2
36376,2
36377,2
36378,2
36379,2
36380,2
36381,2
36382,3
36383,2
36384,2
36385,2
36386,2
36387,2
36388,3
36389,2
36390,2
36391,2
36392,2
36393,2
36394,2
36395,2
36396,2
36397,2
36398,2
36399,2
36400,2
36401,2
36402,2
36403,3
36404,2
36405,2
36406,2
36407,2
36408,0
36409,3
36410,2
36411,2
36412,2
36413,2
36414,2
36415,2
36416,2
36417,2
36418,2
36419,2
36420,2
36421,2
36422,2
36423,2
36424,2
36425,2
36426,2
36427,2
36428,2
36429,2
36430,3
36431,2
36432,2
36433,2
36434,2
36435,2
36436,2
36437,2
36438,2
36439,2
36440,3
36441,2
36442,2
36443,2
36444,2
36445,2
36446,2
36447,2
36448,2
36449,2
36450,2
36451,2
36452,2
36453,2
36454,2
36455,2
36456,2
36457,2
36458,2
36459,0
36460,2
36461,2
36462,2
36463,2
36464,2
36465,2
36466,2
36467,2
36468,2
36469,2
36470,2
36471,2
36472,2
36473,2
36474,2
36475,2
36476,2
36477,2
36478,2
36479,2
36480,2
36481,0
36482,2
36483,2
36484,2
36485,2
36486,3
36487,2
36488,2
36489,2
36490,2
36491,2
36492,2
36493,2
36494,2
36495,2
36496,2
36497,2
36498,2
36499,3
36500,2
36501,2
36502,2
36503,2
36504,3
36505,2
36506,2
36507,2
36508,2
36509,2
36510,2
36511,0
36512,2
36513,2
36514,2
36515,2
36516,2
36517,2
36518,2
36519,2
36520,2
36521,2
36522,2
36523,2
36524,2
36525,2
36526,2
36527,2
36528,2
36529,3
36530,2
36531,2
36532,2
36533,2
36534,2
36535,2
36536,2
36537,2
36538,2
36539,2
36540,2
36541,2
36542,2
36543,2
36544,2
36545,2
36546,2
36547,2
36548,2
36549,2
36550,2
36551,3
36552,2
36553,2
36554,2
36555,2
36556,3
36557,2
36558,3
36559,2
36560,2
36561,2
36562,2
36563,2
36564,2
36565,2
36566,2
36567,2
36568,2
36569,2
36570,2
36571,2
36572,2
36573,2
36574,3
36575,2
36576,2
36577,2
36578,3
36579,2
36580,3
36581,2
36582,2
36583,2
36584,2
36585,2
36586,2
36587,2
36588,2
36589,2
36590,2
36591,2
36592,2
36593,2
36594,2
36595,0
36596,2
36597,2
36598,3
36599,2
36600,2
36601,2
36602,2
36603,2
36604,2
36605,2
36606,2
36607,2
36608,2
36609,2
36610,2
36611,2
36612,2
36613,2
36614,3
36615,2
36616,0
36617,2
36618,2
36619,2
36620,2
36621,2
36622,2
36623,2
36624,2
36625,2
36626,3
36627,3
36628,2
36629,2
36630,2
36631,0
36632,2
36633,2
36634,2
36635,2
36636,2
36637,2
36638,3
36639,2
36640,2
36641,0
36642,2
36643,2
36644,2
36645,2
36646,2
36647,2
36648,3
36649,2
36650,2
36651,2
36652,2
36653,2
36654,2
36655,2
36656,2
36657,2
36658,2
36659,2
36660,2
36661,2
36662,2
36663,2
36664,2
36665,2
36666,2
36667,2
36668,2
36669,2
36670,2
36671,2
36672,2
36673,2
36674,2
36675,2
36676,2
36677,3
36678,2
36679,2
36680,2
36681,2
36682,2
36683,2
36684,2
36685,2
36686,2
36687,2
36688,2
36689,2
36690,2
36691,2
36692,2
36693,2
36694,2
36695,2
36696,2
36697,3
36698,3
36699,2
36700,3
36701,2
36702,2
36703,2
36704,2
36705,3
36706,2
36707,2
36708,2
36709,2
36710,2
36711,2
36712,2
36713,2
36714,2
36715,2
36716,2
36717,2
36718,3
36719,2
36720,2
36721,2
36722,2
36723,2
36724,2
36725,2
36726,2
36727,2
36728,2
36729,0
36730,2
36731,2
36732,2
36733,0
36734,2
36735,2
36736,2
36737,2
36738,2
36739,2
36740,2
36741,2
36742,2
36743,2
36744,2
36745,2
36746,2
36747,2
36748,3
36749,2
36750,2
36751,2
36752,2
36753,2
36754,2
36755,2
36756,3
36757,2
36758,2
36759,2
36760,2
36761,2
36762,2
36763,2
36764,2
36765,2
36766,2
36767,2
36768,3
36769,2
36770,2
36771,2
36772,2
36773,2
36774,2
36775,2
36776,2
36777,2
36778,2
36779,2
36780,2
36781,2
36782,2
36783,3
36784,2
36785,2
36786,2
36787,2
36788,2
36789,2
36790,2
36791,3
36792,2
36793,2
36794,2
36795,2
36796,2
36797,2
36798,2
36799,2
36800,2
36801,2
36802,2
36803,2
36804,2
36805,2
36806,3
36807,2
36808,2
36809,2
36810,2
36811,2
36812,2
36813,2
36814,2
36815,3
36816,3
36817,2
36818,2
36819,2
36820,2
36821,2
36822,2
36823,2
36824,2
36825,2
36826,2
36827,2
36828,2
36829,2
36830,2
36831,2
36832,2
36833,2
36834,2
36835,2
36836,2
36837,2
36838,2
36839,2
36840,2
36841,2
36842,0
36843,2
36844,2
36845,2
36846,3
36847,2
36848,2
36849,0
36850,2
36851,2
36852,2
36853,2
36854,2
36855,2
36856,2
36857,2
36858,2
36859,2
36860,2
36861,2
36862,2
36863,2
36864,2
36865,2
36866,2
36867,2
36868,2
36869,2
36870,3
36871,2
36872,2
36873,2
36874,2
36875,2
36876,2
36877,2
36878,2
36879,2
36880,2
36881,2
36882,2
36883,2
36884,2
36885,2
36886,2
36887,2
36888,2
36889,3
36890,2
36891,2
36892,2
36893,2
36894,3
36895,3
36896,3
36897,2
36898,2
36899,2
36900,2
36901,2
36902,2
36903,3
36904,2
36905,2
36906,2
36907,2
36908,2
36909,2
36910,2
36911,2
36912,3
36913,2
36914,2
36915,2
36916,2
36917,2
36918,2
36919,2
36920,2
36921,2
36922,2
36923,2
36924,2
36925,2
36926,2
36927,2
36928,2
36929,2
36930,2
36931,2
36932,2
36933,2
36934,2
36935,2
36936,2
36937,2
36938,2
36939,2
36940,2
36941,2
36942,0
36943,3
36944,2
36945,2
36946,2
36947,2
36948,2
36949,2
36950,2
36951,2
36952,2
36953,2
36954,2
36955,2
36956,2
36957,2
36958,0
36959,2
36960,2
36961,0
36962,2
36963,2
36964,3
36965,2
36966,2
36967,2
36968,2
36969,2
36970,2
36971,2
36972,2
36973,2
36974,2
36975,2
36976,2
36977,2
36978,2
36979,2
36980,2
36981,2
36982,2
36983,2
36984,2
36985,2
36986,2
36987,2
36988,2
36989,2
36990,3
36991,2
36992,2
36993,2
36994,2
36995,2
36996,2
36997,2
36998,2
36999,2
37000,2
37001,2
37002,2
37003,2
37004,2
37005,2
37006,3
37007,2
37008,2
37009,3
37010,2
37011,3
37012,2
37013,2
37014,2
37015,2
37016,3
37017,2
37018,2
37019,0
37020,2
37021,2
37022,2
37023,2
37024,0
37025,0
37026,2
37027,0
37028,2
37029,2
37030,2
37031,2
37032,2
37033,2
37034,2
37035,2
37036,2
37037,2
37038,2
37039,2
37040,2
37041,2
37042,2
37043,2
37044,2
37045,2
37046,2
37047,2
37048,2
37049,2
37050,2
37051,3
37052,2
37053,2
37054,2
37055,2
37056,2
37057,2
37058,2
37059,2
37060,2
37061,2
37062,2
37063,2
37064,2
37065,2
37066,2
37067,2
37068,2
37069,2
37070,2
37071,2
37072,2
37073,2
37074,2
37075,2
37076,2
37077,2
37078,2
37079,2
37080,2
37081,2
37082,2
37083,2
37084,2
37085,2
37086,2
37087,2
37088,2
37089,2
37090,2
37091,2
37092,2
37093,2
37094,2
37095,2
37096,2
37097,2
37098,2
37099,3
37100,2
37101,2
37102,2
37103,2
37104,2
37105,2
37106,2
37107,3
37108,3
37109,2
37110,2
37111,2
37112,2
37113,2
37114,2
37115,2
37116,2
37117,2
37118,2
37119,2
37120,2
37121,2
37122,3
37123,2
37124,2
37125,2
37126,2
37127,2
37128,3
37129,2
37130,2
37131,2
37132,2
37133,2
37134,2
37135,2
37136,2
37137,2
37138,2
37139,2
37140,2
37141,2
37142,2
37143,2
37144,2
37145,2
37146,2
37147,3
37148,2
37149,3
37150,2
37151,2
37152,2
37153,2
37154,2
37155,3
37156,2
37157,2
37158,2
37159,2
37160,2
37161,2
37162,2
37163,2
37164,2
37165,2
37166,2
37167,2
37168,2
37169,2
37170,2
37171,3
37172,2
37173,2
37174,2
37175,2
37176,2
37177,2
37178,2
37179,2
37180,2
37181,2
37182,2
37183,2
37184,2
37185,3
37186,2
37187,2
37188,2
37189,0
37190,2
37191,3
37192,2
37193,2
37194,0
37195,2
37196,2
37197,2
37198,3
37199,2
37200,2
37201,2
37202,2
37203,0
37204,2
37205,2
37206,2
37207,2
37208,2
37209,2
37210,2
37211,2
37212,2
37213,3
37214,3
37215,0
37216,2
37217,2
37218,2
37219,2
37220,2
37221,3
37222,3
37223,2
37224,2
37225,0
37226,2
37227,2
37228,2
37229,2
37230,2
37231,2
37232,2
37233,2
37234,2
37235,2
37236,2
37237,2
37238,0
37239,2
37240,2
37241,2
37242,3
37243,2
37244,2
37245,2
37246,3
37247,2
37248,2
37249,2
37250,2
37251,2
37252,2
37253,2
37254,2
37255,2
37256,2
37257,2
37258,2
37259,2
37260,2
37261,2
37262,2
37263,2
37264,2
37265,2
37266,2
37267,2
37268,2
37269,2
37270,2
37271,2
37272,2
37273,2
37274,2
37275,3
37276,2
37277,2
37278,2
37279,2
37280,2
37281,2
37282,2
37283,2
37284,3
37285,2
37286,0
37287,2
37288,2
37289,2
37290,2
37291,2
37292,2
37293,2
37294,2
37295,2
37296,2
37297,2
37298,2
37299,2
37300,2
37301,2
37302,2
37303,2
37304,2
37305,2
37306,2
37307,2
37308,0
37309,2
37310,3
37311,2
37312,2
37313,2
37314,2
37315,3
37316,2
37317,2
37318,3
37319,2
37320,2
37321,2
37322,2
37323,3
37324,2
37325,2
37326,2
37327,3
37328,2
37329,2
37330,2
37331,2
37332,2
37333,2
37334,2
37335,2
37336,2
37337,2
37338,2
37339,2
37340,2
37341,2
37342,2
37343,2
37344,2
37345,2
37346,2
37347,2
37348,2
37349,2
37350,0
37351,2
37352,2
37353,2
37354,2
37355,2
37356,2
37357,0
37358,3
37359,2
37360,2
37361,2
37362,2
37363,2
37364,2
37365,2
37366,2
37367,2
37368,2
37369,2
37370,2
37371,2
37372,2
37373,2
37374,2
37375,2
37376,2
37377,2
37378,2
37379,2
37380,2
37381,2
37382,2
37383,2
37384,2
37385,2
37386,2
37387,2
37388,2
37389,2
37390,2
37391,2
37392,2
37393,2
37394,2
37395,2
37396,2
37397,2
37398,2
37399,2
37400,2
37401,2
37402,3
37403,2
37404,2
37405,2
37406,2
37407,2
37408,2
37409,2
37410,2
37411,2
37412,2
37413,2
37414,2
37415,2
37416,2
37417,2
37418,2
37419,2
37420,2
37421,2
37422,2
37423,2
37424,2
37425,2
37426,2
37427,2
37428,2
37429,2
37430,3
37431,2
37432,2
37433,2
37434,2
37435,2
37436,2
37437,2
37438,2
37439,2
37440,2
37441,2
37442,2
37443,2
37444,2
37445,2
37446,2
37447,3
37448,2
37449,2
37450,3
37451,2
37452,2
37453,2
37454,2
37455,2
37456,2
37457,2
37458,2
37459,2
37460,2
37461,2
37462,2
37463,2
37464,2
37465,2
37466,2
37467,2
37468,2
37469,2
37470,2
37471,3
37472,2
37473,2
37474,3
37475,2
37476,2
37477,2
37478,2
37479,2
37480,3
37481,2
37482,2
37483,2
37484,2
37485,2
37486,2
37487,3
37488,2
37489,3
37490,3
37491,2
37492,2
37493,2
37494,2
37495,2
37496,2
37497,3
37498,2
37499,2
37500,2
37501,2
37502,2
37503,2
37504,2
37505,2
37506,2
37507,3
37508,2
37509,2
37510,2
37511,2
37512,2
37513,2
37514,2
37515,2
37516,2
37517,2
37518,2
37519,2
37520,2
37521,3
37522,2
37523,2
37524,2
37525,2
37526,2
37527,2
37528,2
37529,2
37530,2
37531,2
37532,2
37533,2
37534,2
37535,2
37536,2
37537,2
37538,3
37539,2
37540,2
37541,2
37542,2
37543,2
37544,2
37545,2
37546,2
37547,2
37548,2
37549,3
37550,3
37551,2
37552,2
37553,2
37554,2
37555,2
37556,2
37557,3
37558,2
37559,2
37560,2
37561,2
37562,2
37563,2
37564,2
37565,2
37566,2
37567,2
37568,2
37569,2
37570,2
37571,2
37572,2
37573,2
37574,2
37575,2
37576,2
37577,2
37578,2
37579,2
37580,2
37581,2
37582,2
37583,3
37584,2
37585,2
37586,2
37587,2
37588,2
37589,2
37590,3
37591,2
37592,2
37593,2
37594,2
37595,2
37596,2
37597,0
37598,2
37599,2
37600,2
37601,2
37602,2
37603,2
37604,2
37605,2
37606,2
37607,2
37608,3
37609,2
37610,2
37611,2
37612,2
37613,2
37614,2
37615,2
37616,3
37617,2
37618,2
37619,3
37620,2
37621,2
37622,2
37623,2
37624,2
37625,2
37626,2
37627,2
37628,2
37629,2
37630,2
37631,2
37632,2
37633,2
37634,2
37635,3
37636,2
37637,2
37638,2
37639,2
37640,2
37641,2
37642,2
37643,2
37644,2
37645,3
37646,2
37647,2
37648,2
37649,2
37650,2
37651,2
37652,2
37653,2
37654,2
37655,2
37656,2
37657,2
37658,2
37659,2
37660,2
37661,2
37662,2
37663,2
37664,2
37665,2
37666,3
37667,2
37668,2
37669,2
37670,2
37671,2
37672,2
37673,2
37674,2
37675,2
37676,2
37677,2
37678,3
37679,2
37680,3
37681,2
37682,2
37683,0
37684,2
37685,2
37686,2
37687,2
37688,2
37689,2
37690,2
37691,2
37692,2
37693,2
37694,2
37695,2
37696,2
37697,2
37698,2
37699,2
37700,2
37701,2
37702,2
37703,3
37704,2
37705,3
37706,2
37707,2
37708,2
37709,2
37710,2
37711,2
37712,2
37713,2
37714,2
37715,2
37716,2
37717,2
37718,2
37719,2
37720,2
37721,2
37722,3
37723,2
37724,2
37725,2
37726,2
37727,3
37728,2
37729,2
37730,2
37731,2
37732,3
37733,2
37734,2
37735,2
37736,2
37737,2
37738,2
37739,3
37740,3
37741,2
37742,2
37743,2
37744,2
37745,2
37746,2
37747,2
37748,2
37749,2
37750,2
37751,2
37752,2
37753,2
37754,2
37755,2
37756,2
37757,2
37758,2
37759,2
37760,0
37761,0
37762,2
37763,3
37764,2
37765,2
37766,2
37767,2
37768,2
37769,2
37770,2
37771,2
37772,3
37773,2
37774,2
37775,0
37776,0
37777,0
37778,2
37779,2
37780,2
37781,2
37782,2
37783,3
37784,2
37785,2
37786,2
37787,2
37788,2
37789,2
37790,3
37791,2
37792,2
37793,2
37794,2
37795,2
37796,3
37797,3
37798,2
37799,2
37800,2
37801,2
37802,2
37803,2
37804,2
37805,2
37806,3
37807,2
37808,2
37809,3
37810,2
37811,2
37812,2
37813,2
37814,3
37815,2
37816,2
37817,3
37818,2
37819,2
37820,2
37821,2
37822,2
37823,2
37824,2
37825,2
37826,2
37827,2
37828,3
37829,2
37830,2
37831,2
37832,2
37833,2
37834,2
37835,2
37836,2
37837,3
37838,2
37839,2
37840,2
37841,2
37842,2
37843,2
37844,2
37845,2
37846,2
37847,2
37848,2
37849,2
37850,2
37851,2
37852,2
37853,2
37854,2
37855,2
37856,2
37857,2
37858,2
37859,2
37860,2
37861,2
37862,2
37863,2
37864,3
37865,2
37866,2
37867,2
37868,2
37869,2
37870,2
37871,2
37872,2
37873,2
37874,2
37875,2
37876,2
37877,3
37878,2
37879,2
37880,2
37881,2
37882,2
37883,2
37884,2
37885,2
37886,2
37887,2
37888,2
37889,2
37890,2
37891,2
37892,2
37893,2
37894,0
37895,2
37896,2
37897,2
37898,0
37899,2
37900,2
37901,2
37902,2
37903,2
37904,2
37905,2
37906,2
37907,2
37908,2
37909,2
37910,2
37911,2
37912,2
37913,3
37914,2
37915,2
37916,2
37917,2
37918,2
37919,3
37920,2
37921,2
37922,2
37923,2
37924,0
37925,0
37926,2
37927,2
37928,2
37929,3
37930,2
37931,3
37932,2
37933,2
37934,2
37935,2
37936,2
37937,3
37938,2
37939,0
37940,3
37941,2
37942,2
37943,2
37944,2
37945,2
37946,2
37947,2
37948,3
37949,2
37950,2
37951,2
37952,2
37953,2
37954,2
37955,2
37956,2
37957,2
37958,2
37959,2
37960,2
37961,2
37962,2
37963,2
37964,2
37965,2
37966,2
37967,2
37968,2
37969,2
37970,2
37971,2
37972,2
37973,2
37974,2
37975,2
37976,2
37977,2
37978,2
37979,2
37980,2
37981,2
37982,3
37983,2
37984,2
37985,2
37986,2
37987,2
37988,2
37989,2
37990,2
37991,2
37992,2
37993,2
37994,2
37995,2
37996,2
37997,0
37998,2
37999,2
38000,2
38001,2
38002,2
38003,2
38004,2
38005,2
38006,2
38007,2
38008,2
38009,2
38010,2
38011,2
38012,2
38013,2
38014,2
38015,2
38016,2
38017,2
38018,2
38019,2
38020,2
38021,2
38022,3
38023,2
38024,2
38025,2
38026,2
38027,2
38028,2
38029,2
38030,2
38031,2
38032,2
38033,2
38034,2
38035,2
38036,2
38037,2
38038,2
38039,2
38040,2
38041,3
38042,2
38043,3
38044,2
38045,2
38046,2
38047,3
38048,2
38049,2
38050,3
38051,2
38052,2
38053,2
38054,2
38055,2
38056,2
38057,2
38058,2
38059,2
38060,2
38061,2
38062,2
38063,2
38064,2
38065,2
38066,2
38067,2
38068,2
38069,2
38070,2
38071,2
38072,2
38073,2
38074,2
38075,2
38076,2
38077,2
38078,2
38079,2
38080,2
38081,2
38082,2
38083,2
38084,2
38085,2
38086,2
38087,2
38088,2
38089,2
38090,2
38091,2
38092,2
38093,2
38094,3
38095,2
38096,2
38097,2
38098,2
38099,2
38100,2
38101,2
38102,2
38103,2
38104,2
38105,2
38106,3
38107,2
38108,2
38109,2
38110,2
38111,2
38112,2
38113,2
38114,2
38115,2
38116,2
38117,2
38118,2
38119,2
38120,2
38121,2
38122,2
38123,2
38124,3
38125,2
38126,2
38127,2
38128,2
38129,2
38130,2
38131,2
38132,2
38133,2
38134,2
38135,2
38136,2
38137,2
38138,2
38139,2
38140,2
38141,2
38142,2
38143,2
38144,2
38145,2
38146,2
38147,2
38148,2
38149,2
38150,2
38151,2
38152,2
38153,3
38154,2
38155,2
38156,2
38157,2
38158,2
38159,2
38160,2
38161,2
38162,2
38163,2
38164,2
38165,3
38166,2
38167,2
38168,2
38169,2
38170,2
38171,2
38172,2
38173,2
38174,2
38175,2
38176,3
38177,2
38178,2
38179,2
38180,3
38181,2
38182,2
38183,2
38184,2
38185,3
38186,2
38187,2
38188,2
38189,2
38190,2
38191,2
38192,2
38193,2
38194,2
38195,2
38196,2
38197,2
38198,2
38199,2
38200,2
38201,2
38202,2
38203,2
38204,2
38205,2
38206,2
38207,2
38208,2
38209,2
38210,3
38211,2
38212,2
38213,2
38214,2
38215,2
38216,2
38217,3
38218,2
38219,2
38220,2
38221,2
38222,3
38223,2
38224,2
38225,2
38226,2
38227,2
38228,2
38229,2
38230,2
38231,2
38232,3
38233,3
38234,3
38235,0
38236,2
38237,3
38238,2
38239,2
38240,2
38241,0
38242,2
38243,2
38244,2
38245,2
38246,2
38247,2
38248,3
38249,0
38250,0
38251,2
38252,3
38253,2
38254,2
38255,2
38256,2
38257,2
38258,2
38259,2
38260,2
38261,2
38262,3
38263,2
38264,2
38265,2
38266,2
38267,3
38268,2
38269,3
38270,2
38271,2
38272,2
38273,2
38274,2
38275,2
38276,2
38277,2
38278,2
38279,2
38280,2
38281,2
38282,0
38283,2
38284,2
38285,2
38286,2
38287,2
38288,2
38289,2
38290,2
38291,2
38292,2
38293,2
38294,2
38295,2
38296,2
38297,2
38298,2
38299,2
38300,2
38301,2
38302,2
38303,2
38304,2
38305,2
38306,3
38307,2
38308,2
38309,2
38310,2
38311,2
38312,2
38313,2
38314,2
38315,2
38316,2
38317,2
38318,2
38319,2
38320,2
38321,2
38322,2
38323,2
38324,2
38325,2
38326,2
38327,2
38328,2
38329,3
38330,2
38331,2
38332,2
38333,3
38334,2
38335,2
38336,2
38337,2
38338,2
38339,2
38340,2
38341,2
38342,2
38343,2
38344,2
38345,2
38346,2
38347,2
38348,2
38349,2
38350,2
38351,2
38352,2
38353,3
38354,2
38355,2
38356,2
38357,2
38358,2
38359,2
38360,2
38361,2
38362,2
38363,2
38364,3
38365,2
38366,2
38367,2
38368,2
38369,0
38370,2
38371,2
38372,2
38373,0
38374,2
38375,0
38376,2
38377,2
38378,2
38379,2
38380,2
38381,2
38382,2
38383,2
38384,2
38385,3
38386,2
38387,2
38388,2
38389,2
38390,2
38391,2
38392,2
38393,2
38394,2
38395,2
38396,2
38397,2
38398,2
38399,2
38400,2
38401,2
38402,2
38403,2
38404,2
38405,2
38406,2
38407,2
38408,2
38409,2
38410,2
38411,2
38412,2
38413,2
38414,2
38415,2
38416,2
38417,2
38418,2
38419,2
38420,2
38421,2
38422,2
38423,2
38424,2
38425,0
38426,0
38427,2
38428,2
38429,2
38430,2
38431,2
38432,3
38433,2
38434,2
38435,2
38436,3
38437,2
38438,2
38439,2
38440,2
38441,2
38442,2
38443,3
38444,2
38445,3
38446,2
38447,2
38448,2
38449,2
38450,2
38451,0
38452,2
38453,2
38454,2
38455,2
38456,2
38457,2
38458,0
38459,2
38460,2
38461,2
38462,2
38463,2
38464,2
38465,2
38466,2
38467,2
38468,2
38469,3
38470,2
38471,2
38472,2
38473,2
38474,2
38475,3
38476,3
38477,2
38478,2
38479,2
38480,2
38481,2
38482,2
38483,3
38484,2
38485,2
38486,2
38487,3
38488,2
38489,0
38490,3
38491,2
38492,2
38493,2
38494,2
38495,2
38496,2
38497,3
38498,3
38499,2
38500,2
38501,2
38502,2
38503,2
38504,2
38505,2
38506,2
38507,3
38508,2
38509,2
38510,2
38511,2
38512,2
38513,2
38514,2
38515,2
38516,2
38517,2
38518,2
38519,2
38520,2
38521,2
38522,2
38523,3
38524,2
38525,0
38526,0
38527,2
38528,2
38529,2
38530,2
38531,2
38532,2
38533,2
38534,2
38535,3
38536,2
38537,2
38538,3
38539,2
38540,2
38541,2
38542,2
38543,2
38544,2
38545,2
38546,2
38547,2
38548,2
38549,2
38550,2
38551,3
38552,2
38553,2
38554,2
38555,2
38556,2
38557,2
38558,2
38559,2
38560,2
38561,2
38562,2
38563,2
38564,2
38565,2
38566,2
38567,2
38568,2
38569,2
38570,2
38571,2
38572,2
38573,2
38574,2
38575,2
38576,2
38577,2
38578,2
38579,2
38580,2
38581,2
38582,2
38583,2
38584,2
38585,3
38586,2
38587,3
38588,2
38589,2
38590,2
38591,2
38592,2
38593,2
38594,2
38595,2
38596,3
38597,2
38598,2
38599,3
38600,2
38601,2
38602,2
38603,2
38604,2
38605,2
38606,2
38607,2
38608,2
38609,2
38610,2
38611,2
38612,2
38613,2
38614,2
38615,2
38616,2
38617,2
38618,2
38619,2
38620,2
38621,2
38622,2
38623,3
38624,2
38625,2
38626,2
38627,3
38628,2
38629,2
38630,2
38631,2
38632,2
38633,2
38634,2
38635,2
38636,2
38637,2
38638,2
38639,2
38640,3
38641,2
38642,2
38643,3
38644,2
38645,2
38646,2
38647,3
38648,2
38649,2
38650,2
38651,2
38652,2
38653,2
38654,2
38655,2
38656,2
38657,2
38658,3
38659,2
38660,2
38661,2
38662,2
38663,2
38664,2
38665,2
38666,2
38667,3
38668,2
38669,2
38670,2
38671,3
38672,2
38673,2
38674,2
38675,2
38676,2
38677,3
38678,2
38679,2
38680,2
38681,3
38682,3
38683,2
38684,2
38685,2
38686,2
38687,2
38688,2
38689,2
38690,2
38691,2
38692,3
38693,2
38694,2
38695,3
38696,2
38697,2
38698,2
38699,3
38700,2
38701,2
38702,2
38703,2
38704,2
38705,2
38706,2
38707,3
38708,2
38709,2
38710,2
38711,2
38712,2
38713,2
38714,2
38715,3
38716,2
38717,2
38718,2
38719,2
38720,2
38721,2
38722,2
38723,2
38724,2
38725,2
38726,2
38727,2
38728,2
38729,2
38730,3
38731,2
38732,2
38733,2
38734,2
38735,2
38736,2
38737,2
38738,3
38739,2
38740,2
38741,3
38742,2
38743,2
38744,2
38745,2
38746,2
38747,3
38748,2
38749,2
38750,2
38751,2
38752,2
38753,2
38754,2
38755,2
38756,2
38757,3
38758,2
38759,2
38760,2
38761,2
38762,2
38763,2
38764,2
38765,2
38766,2
38767,2
38768,3
38769,2
38770,2
38771,2
38772,2
38773,2
38774,3
38775,3
38776,2
38777,2
38778,3
38779,2
38780,2
38781,2
38782,2
38783,2
38784,2
38785,2
38786,2
38787,2
38788,2
38789,2
38790,2
38791,3
38792,2
38793,2
38794,2
38795,2
38796,2
38797,2
38798,2
38799,2
38800,2
38801,2
38802,2
38803,3
38804,2
38805,3
38806,2
38807,3
38808,2
38809,2
38810,3
38811,2
38812,2
38813,2
38814,2
38815,2
38816,2
38817,2
38818,0
38819,3
38820,2
38821,2
38822,2
38823,2
38824,2
38825,2
38826,2
38827,2
38828,2
38829,2
38830,2
38831,2
38832,2
38833,2
38834,2
38835,2
38836,2
38837,2
38838,2
38839,2
38840,2
38841,0
38842,2
38843,2
38844,2
38845,2
38846,2
38847,2
38848,2
38849,2
38850,2
38851,2
38852,2
38853,2
38854,3
38855,2
38856,2
38857,2
38858,2
38859,2
38860,2
38861,2
38862,2
38863,3
38864,2
38865,2
38866,2
38867,2
38868,2
38869,2
38870,2
38871,2
38872,2
38873,2
38874,2
38875,2
38876,2
38877,2
38878,3
38879,2
38880,2
38881,2
38882,2
38883,2
38884,2
38885,2
38886,2
38887,2
38888,2
38889,2
38890,2
38891,2
38892,2
38893,2
38894,2
38895,2
38896,2
38897,2
38898,2
38899,2
38900,2
38901,2
38902,2
38903,3
38904,2
38905,2
38906,2
38907,2
38908,2
38909,2
38910,2
38911,2
38912,2
38913,2
38914,3
38915,2
38916,2
38917,2
38918,2
38919,2
38920,2
38921,3
38922,2
38923,2
38924,2
38925,2
38926,2
38927,2
38928,2
38929,3
38930,2
38931,2
38932,2
38933,2
38934,2
38935,2
38936,2
38937,2
38938,2
38939,2
38940,2
38941,2
38942,2
38943,2
38944,2
38945,2
38946,2
38947,3
38948,2
38949,2
38950,2
38951,2
38952,2
38953,3
38954,2
38955,2
38956,3
38957,2
38958,2
38959,2
38960,2
38961,2
38962,2
38963,2
38964,2
38965,2
38966,2
38967,2
38968,2
38969,2
38970,2
38971,3
38972,2
38973,2
38974,2
38975,2
38976,2
38977,2
38978,2
38979,2
38980,3
38981,2
38982,2
38983,2
38984,2
38985,2
38986,3
38987,2
38988,2
38989,2
38990,2
38991,2
38992,2
38993,3
38994,2
38995,2
38996,2
38997,2
38998,3
38999,2
39000,2
39001,2
39002,2
39003,2
39004,2
39005,2
39006,2
39007,2
39008,2
39009,2
39010,2
39011,2
39012,2
39013,3
39014,2
39015,2
39016,2
39017,2
39018,2
39019,2
39020,2
39021,2
39022,2
39023,2
39024,2
39025,2
39026,2
39027,2
39028,3
39029,2
39030,2
39031,2
39032,2
39033,2
39034,3
39035,2
39036,2
39037,2
39038,2
39039,2
39040,2
39041,2
39042,2
39043,2
39044,2
39045,3
39046,2
39047,2
39048,2
39049,2
39050,2
39051,2
39052,2
39053,2
39054,2
39055,2
39056,2
39057,2
39058,2
39059,2
39060,2
39061,2
39062,2
39063,2
39064,2
39065,0
39066,3
39067,2
39068,2
39069,2
39070,2
39071,2
39072,2
39073,2
39074,2
39075,2
39076,2
39077,2
39078,2
39079,2
39080,2
39081,3
39082,2
39083,3
39084,2
39085,3
39086,2
39087,2
39088,2
39089,2
39090,2
39091,3
39092,2
39093,2
39094,0
39095,2
39096,2
39097,2
39098,3
39099,2
39100,2
39101,2
39102,2
39103,2
39104,2
39105,2
39106,2
39107,2
39108,2
39109,3
39110,2
39111,2
39112,2
39113,3
39114,2
39115,2
39116,2
39117,2
39118,2
39119,2
39120,2
39121,2
39122,2
39123,2
39124,2
39125,2
39126,3
39127,2
39128,2
39129,2
39130,2
39131,2
39132,2
39133,2
39134,2
39135,2
39136,2
39137,2
39138,2
39139,2
39140,2
39141,2
39142,3
39143,2
39144,2
39145,2
39146,2
39147,2
39148,2
39149,2
39150,2
39151,2
39152,2
39153,2
39154,2
39155,0
39156,2
39157,2
39158,3
39159,2
39160,2
39161,2
39162,3
39163,2
39164,2
39165,2
39166,2
39167,2
39168,2
39169,2
39170,2
39171,2
39172,2
39173,2
39174,3
39175,2
39176,2
39177,2
39178,2
39179,2
39180,2
39181,2
39182,2
39183,0
39184,2
39185,3
39186,2
39187,2
39188,2
39189,2
39190,2
39191,2
39192,2
39193,2
39194,2
39195,2
39196,2
39197,2
39198,2
39199,2
39200,2
39201,2
39202,2
39203,2
39204,2
39205,2
39206,2
39207,2
39208,2
39209,2
39210,2
39211,2
39212,2
39213,2
39214,2
39215,2
39216,2
39217,2
39218,2
39219,2
39220,2
39221,2
39222,3
39223,3
39224,2
39225,2
39226,2
39227,2
39228,2
39229,2
39230,3
39231,2
39232,2
39233,2
39234,3
39235,2
39236,2
39237,2
39238,2
39239,2
39240,2
39241,2
39242,2
39243,2
39244,2
39245,2
39246,2
39247,2
39248,2
39249,2
39250,2
39251,2
39252,3
39253,2
39254,3
39255,2
39256,2
39257,2
39258,2
39259,2
39260,2
39261,2
39262,3
39263,2
39264,2
39265,2
39266,2
39267,2
39268,2
39269,2
39270,3
39271,2
39272,2
39273,0
39274,2
39275,2
39276,2
39277,2
39278,2
39279,2
39280,3
39281,2
39282,2
39283,2
39284,0
39285,2
39286,2
39287,2
39288,2
39289,3
39290,2
39291,2
39292,2
39293,2
39294,3
39295,2
39296,3
39297,2
39298,0
39299,2
39300,2
39301,2
39302,2
39303,2
39304,2
39305,2
39306,2
39307,2
39308,2
39309,2
39310,2
39311,2
39312,0
39313,2
39314,2
39315,2
39316,2
39317,2
39318,2
39319,2
39320,2
39321,2
39322,2
39323,2
39324,2
39325,2
39326,2
39327,2
39328,2
39329,2
39330,2
39331,2
39332,2
39333,2
39334,2
39335,2
39336,2
39337,2
39338,2
39339,2
39340,2
39341,2
39342,2
39343,2
39344,2
39345,2
39346,2
39347,2
39348,2
39349,2
39350,3
39351,0
39352,2
39353,2
39354,2
39355,2
39356,2
39357,2
39358,2
39359,2
39360,2
39361,2
39362,2
39363,2
39364,2
39365,2
39366,2
39367,3
39368,2
39369,2
39370,2
39371,2
39372,2
39373,2
39374,3
39375,2
39376,2
39377,2
39378,2
39379,2
39380,2
39381,2
39382,2
39383,2
39384,3
39385,2
39386,2
39387,2
39388,2
39389,2
39390,2
39391,2
39392,2
39393,2
39394,2
39395,2
39396,2
39397,3
39398,2
39399,2
39400,2
39401,2
39402,2
39403,2
39404,2
39405,2
39406,2
39407,2
39408,2
39409,2
39410,2
39411,2
39412,2
39413,2
39414,2
39415,2
39416,2
39417,2
39418,2
39419,2
39420,2
39421,2
39422,2
39423,2
39424,2
39425,3
39426,2
39427,2
39428,3
39429,2
39430,2
39431,2
39432,2
39433,2
39434,2
39435,2
39436,2
39437,2
39438,2
39439,2
39440,3
39441,2
39442,2
39443,2
39444,2
39445,2
39446,2
39447,2
39448,3
39449,2
39450,2
39451,2
39452,2
39453,2
39454,3
39455,2
39456,2
39457,2
39458,2
39459,2
39460,2
39461,2
39462,2
39463,2
39464,2
39465,2
39466,3
39467,3
39468,2
39469,2
39470,2
39471,2
39472,2
39473,2
39474,2
39475,2
39476,2
39477,2
39478,2
39479,2
39480,2
39481,2
39482,2
39483,2
39484,2
39485,2
39486,2
39487,2
39488,2
39489,2
39490,2
39491,3
39492,2
39493,2
39494,2
39495,2
39496,2
39497,2
39498,2
39499,2
39500,2
39501,2
39502,2
39503,2
39504,2
39505,2
39506,2
39507,2
39508,2
39509,2
39510,2
39511,2
39512,2
39513,2
39514,2
39515,3
39516,2
39517,2
39518,2
39519,2
39520,2
39521,2
39522,2
39523,2
39524,2
39525,2
39526,2
39527,2
39528,2
39529,3
39530,2
39531,2
39532,0
39533,2
39534,2
39535,2
39536,3
39537,2
39538,0
39539,2
39540,2
39541,2
39542,2
39543,2
39544,2
39545,2
39546,2
39547,2
39548,2
39549,2
39550,2
39551,2
39552,2
39553,2
39554,2
39555,2
39556,2
39557,2
39558,2
39559,3
39560,2
39561,2
39562,2
39563,2
39564,2
39565,2
39566,2
39567,2
39568,2
39569,2
39570,2
39571,2
39572,3
39573,2
39574,2
39575,2
39576,2
39577,2
39578,2
39579,2
39580,2
39581,2
39582,2
39583,2
39584,2
39585,2
39586,2
39587,2
39588,2
39589,2
39590,4
39591,2
39592,2
39593,2
39594,3
39595,2
39596,2
39597,2
39598,2
39599,2
39600,3
39601,2
39602,2
39603,2
39604,2
39605,3
39606,2
39607,2
39608,3
39609,2
39610,2
39611,3
39612,2
39613,2
39614,2
39615,2
39616,2
39617,2
39618,2
39619,2
39620,2
39621,2
39622,2
39623,2
39624,2
39625,2
39626,2
39627,2
39628,2
39629,2
39630,2
39631,2
39632,2
39633,2
39634,2
39635,2
39636,2
39637,2
39638,2
39639,3
39640,2
39641,0
39642,2
39643,2
39644,0
39645,2
39646,2
39647,2
39648,2
39649,2
39650,2
39651,2
39652,2
39653,2
39654,2
39655,2
39656,2
39657,3
39658,3
39659,2
39660,2
39661,2
39662,2
39663,2
39664,2
39665,3
39666,2
39667,2
39668,3
39669,2
39670,2
39671,2
39672,2
39673,2
39674,3
39675,2
39676,2
39677,3
39678,2
39679,2
39680,2
39681,2
39682,2
39683,2
39684,2
39685,2
39686,2
39687,2
39688,0
39689,2
39690,1
39691,3
39692,3
39693,2
39694,0
39695,3
39696,3
39697,2
39698,2
39699,2
39700,2
39701,2
39702,2
39703,2
39704,2
39705,2
39706,2
39707,2
39708,2
39709,2
39710,2
39711,3
39712,2
39713,2
39714,2
39715,0
39716,0
39717,4
39718,2
39719,2
39720,2
39721,0
39722,0
39723,0
39724,0
39725,0
39726,0
39727,0
39728,0
39729,0
39730,0
39731,0
39732,0
39733,0
39734,0
39735,0
39736,0
39737,0
39738,0
39739,0
39740,2
39741,0
39742,0
39743,0
39744,2
39745,2
39746,2
39747,2
39748,2
39749,2
39750,2
39751,2
39752,2
39753,2
39754,3
39755,0
39756,0
39757,0
39758,0
39759,3
39760,0
39761,0
39762,0
39763,0
39764,0
39765,0
39766,2
39767,2
39768,3
39769,0
39770,0
39771,0
39772,2
39773,2
39774,0
39775,0
39776,3
39777,4
39778,1
39779,1
39780,1
39781,1
39782,1
39783,1
39784,2
39785,0
39786,2
39787,0
39788,0
39789,2
39790,2
39791,2
39792,0
39793,2
39794,2
39795,2
39796,0
39797,2
39798,1
39799,0
39800,0
39801,0
39802,0
39803,2
39804,3
39805,2
39806,2
39807,3
39808,2
39809,2
39810,3
39811,0
39812,2
39813,0
39814,0
39815,0
39816,0
39817,0
39818,2
39819,0
39820,0
39821,2
39822,0
39823,0
39824,0
39825,2
39826,2
39827,0
39828,0
39829,0
39830,0
39831,2
39832,2
39833,2
39834,2
39835,2
39836,2
39837,2
39838,3
39839,3
39840,2
39841,3
39842,2
39843,3
39844,3
39845,3
39846,3
39847,3
39848,3
39849,3
39850,2
39851,3
39852,3
39853,3
39854,3
39855,3
39856,2
39857,2
39858,2
39859,2
39860,2
39861,2
39862,2
39863,0
39864,2
39865,2
39866,2
39867,2
39868,2
39869,2
39870,2
39871,2
39872,2
39873,2
39874,2
39875,3
39876,2
39877,2
39878,2
39879,2
39880,2
39881,0
39882,3
39883,2
39884,2
39885,3
39886,2
39887,3
39888,2
39889,2
39890,3
39891,2
39892,2
39893,2
39894,2
39895,2
39896,2
39897,2
39898,2
39899,2
39900,2
39901,2
39902,2
39903,2
39904,2
39905,1
39906,0
39907,2
39908,1
39909,1
39910,1
39911,1
39912,1
39913,1
39914,1
39915,1
39916,1
39917,1
39918,1
39919,1
39920,1
39921,1
39922,1
39923,1
39924,1
39925,1
39926,1
39927,1
39928,1
39929,1
39930,3
39931,1
39932,1
39933,3
39934,3
39935,3
39936,3
39937,3
39938,3
39939,3
39940,3
39941,3
39942,2
39943,3
39944,3
39945,3
39946,3
39947,3
39948,2
39949,3
39950,3
39951,0
39952,0
39953,0
39954,0
39955,0
39956,2
39957,2
39958,1
39959,1
39960,1
39961,1
39962,1
39963,1
39964,1
39965,1
39966,1
39967,1
39968,1
39969,1
39970,1
39971,1
39972,2
39973,2
39974,2
39975,2
39976,2
39977,2
39978,2
39979,3
39980,2
39981,2
39982,2
39983,3
39984,2
39985,2
39986,2
39987,2
39988,2
39989,0
39990,3
39991,2
39992,2
39993,2
39994,2
39995,3
39996,2
39997,2
39998,2
39999,2
40000,2
40001,2
40002,2
40003,2
40004,2
40005,2
40006,2
40007,3
40008,3
40009,3
40010,3
40011,3
40012,3
40013,3
40014,2
40015,2
40016,2
40017,3
40018,0
40019,3
40020,0
40021,0
40022,0
40023,0
40024,2
40025,2
40026,2
40027,2
40028,3
40029,2
40030,3
40031,3
40032,0
40033,0
40034,0
40035,0
40036,0
40037,0
40038,0
40039,0
40040,3
40041,0
40042,3
40043,0
40044,0
40045,0
40046,1
40047,0
40048,0
40049,0
40050,0
40051,0
40052,0
40053,0
40054,0
40055,0
40056,0
40057,0
40058,0
40059,0
40060,0
40061,0
40062,0
40063,0
40064,0
40065,0
40066,0
40067,0
40068,0
40069,0
40070,0
40071,0
40072,0
40073,0
40074,0
40075,0
40076,0
40077,0
40078,0
40079,0
40080,0
40081,0
40082,0
40083,0
40084,0
40085,0
40086,0
40087,0
40088,2
40089,0
40090,0
40091,0
40092,3
40093,0
40094,2
40095,0
40096,0
40097,0
40098,0
40099,0
40100,0
40101,0
40102,0
40103,0
40104,0
40105,0
40106,0
40107,0
40108,0
40109,0
40110,0
40111,0
40112,0
40113,0
40114,0
40115,2
40116,0
40117,0
40118,0
40119,2
40120,0
40121,0
40122,3
40123,3
40124,0
40125,2
40126,0
40127,0
40128,0
40129,0
40130,0
40131,0
40132,0
40133,0
40134,0
40135,0
40136,2
40137,0
40138,0
40139,2
40140,0
40141,0
40142,0
40143,0
40144,2
40145,0
40146,2
40147,2
40148,2
40149,0
40150,0
40151,0
40152,0
40153,2
40154,0
40155,0
40156,0
40157,0
40158,0
40159,0
40160,0
40161,0
40162,0
40163,0
40164,3
40165,0
40166,0
40167,0
40168,0
40169,2
40170,0
40171,0
40172,0
40173,0
40174,0
40175,0
40176,0
40177,0
40178,0
40179,2
40180,2
40181,0
40182,0
40183,0
40184,0
40185,0
40186,3
40187,0
40188,0
40189,0
40190,0
40191,0
40192,0
40193,0
40194,0
40195,0
40196,0
40197,0
40198,0
40199,0
40200,0
40201,0
40202,0
40203,0
40204,0
40205,0
40206,0
40207,0
40208,0
40209,0
40210,0
40211,3
40212,0
40213,3
40214,0
40215,2
40216,2
40217,2
40218,0
40219,2
40220,2
40221,2
40222,0
40223,2
40224,3
40225,2
40226,2
40227,2
40228,2
40229,2
40230,2
40231,0
40232,1
40233,0
40234,0
40235,0
40236,0
40237,2
40238,0
40239,2
40240,2
40241,2
40242,2
40243,2
40244,2
40245,2
40246,2
40247,1
40248,0
40249,2
40250,0
40251,0
40252,2
40253,2
40254,0
40255,0
40256,0
40257,0
40258,0
40259,0
40260,0
40261,0
40262,2
40263,0
40264,2
40265,0
40266,2
40267,2
40268,0
40269,0
40270,2
40271,0
40272,0
40273,3
40274,0
40275,0
40276,2
40277,2
40278,0
40279,0
40280,1
40281,1
40282,1
40283,1
40284,1
40285,1
40286,1
40287,1
40288,1
40289,1
40290,1
40291,1
40292,1
40293,1
40294,3
40295,3
40296,2
40297,1
40298,3
40299,1
40300,3
40301,3
40302,2
40303,2
40304,3
40305,3
40306,3
40307,3
40308,3
40309,3
40310,2
40311,3
40312,3
40313,0
40314,2
40315,2
40316,2
40317,2
40318,2
40319,2
40320,2
40321,2
40322,2
40323,2
40324,2
40325,2
40326,2
40327,2
40328,2
40329,3
40330,2
40331,2
40332,2
40333,3
40334,3
40335,0
40336,3
40337,2
40338,2
40339,3
40340,2
40341,0
40342,3
40343,2
40344,3
40345,3
40346,3
40347,3
40348,3
40349,3
40350,0
40351,3
40352,3
40353,2
40354,2
40355,2
40356,2
40357,3
40358,3
40359,3
40360,2
40361,3
40362,0
40363,3
40364,3
40365,3
40366,2
40367,3
40368,2
40369,3
40370,0
40371,0
40372,3
40373,3
40374,3
40375,2
40376,2
40377,2
40378,2
40379,2
40380,2
40381,2
40382,3
40383,2
40384,3
40385,3
40386,3
40387,3
40388,3
40389,2
40390,3
40391,3
40392,3
40393,2
40394,2
40395,2
40396,2
40397,2
40398,3
40399,3
40400,3
40401,3
40402,1
40403,2
40404,3
40405,3
40406,2
40407,3
40408,3
40409,3
40410,3
40411,2
40412,3
40413,0
40414,2
40415,0
40416,0
40417,0
40418,0
40419,0
40420,0
40421,0
40422,0
40423,0
40424,0
40425,0
40426,0
40427,0
40428,0
40429,0
40430,0
40431,0
40432,0
40433,0
40434,0
40435,0
40436,0
40437,0
40438,0
40439,0
40440,0
40441,0
40442,0
40443,2
40444,0
40445,0
40446,3
40447,0
40448,2
40449,0
40450,3
40451,3
40452,3
40453,3
40454,2
40455,3
40456,3
40457,3
40458,3
40459,3
40460,3
40461,3
40462,3
40463,3
40464,3
40465,3
40466,3
40467,3
40468,2
40469,3
40470,3
40471,3
40472,3
40473,3
40474,3
40475,0
40476,2
40477,2
40478,2
40479,2
40480,2
40481,2
40482,2
40483,2
40484,2
40485,2
40486,2
40487,2
40488,3
40489,2
40490,2
40491,2
40492,2
40493,0
40494,3
40495,1
40496,1
40497,2
40498,3
40499,1
40500,1
40501,3
40502,3
40503,0
40504,3
40505,3
40506,3
40507,3
40508,3
40509,1
40510,3
40511,3
40512,3
40513,2
40514,1
40515,3
40516,3
40517,3
40518,1
40519,1
40520,1
40521,3
40522,3
40523,3
40524,1
40525,1
40526,1
40527,1
40528,1
40529,1
40530,1
40531,1
40532,1
40533,3
40534,3
40535,2
40536,2
40537,1
40538,1
40539,1
40540,1
40541,1
40542,1
40543,1
40544,1
40545,1
40546,1
40547,1
40548,1
40549,1
40550,1
40551,1
40552,2
40553,3
40554,1
40555,3
40556,2
40557,1
40558,1
40559,1
40560,1
40561,1
40562,1
40563,1
40564,1
40565,1
40566,1
40567,1
40568,1
40569,1
40570,1
40571,1
40572,1
40573,1
40574,3
40575,1
40576,1
40577,1
40578,3
40579,3
40580,3
40581,3
40582,2
40583,2
40584,2
40585,2
40586,3
40587,3
40588,2
40589,3
40590,2
40591,2
40592,2
40593,2
40594,2
40595,3
40596,2
40597,2
40598,2
40599,2
40600,0
40601,0
40602,2
40603,0
40604,2
40605,3
40606,3
40607,3
40608,3
40609,3
40610,2
40611,2
40612,3
40613,2
40614,2
40615,2
40616,2
40617,0
40618,2
40619,3
40620,2
40621,3
40622,3
40623,2
40624,3
40625,2
40626,4
40627,4
40628,2
40629,4
40630,0
40631,0
40632,0
40633,0
40634,0
40635,0
40636,0
40637,0
40638,0
40639,0
40640,0
40641,0
40642,0
40643,0
40644,0
40645,2
40646,0
40647,0
40648,2
40649,0
40650,0
40651,0
40652,0
40653,0
40654,0
40655,0
40656,0
40657,0
40658,0
40659,0
40660,0
40661,0
40662,0
40663,0
40664,0
40665,0
40666,0
40667,0
40668,0
40669,0
40670,0
40671,0
40672,0
40673,0
40674,0
40675,0
40676,0
40677,0
40678,0
40679,0
40680,0
40681,0
40682,0
40683,0
40684,0
40685,0
40686,0
40687,0
40688,0
40689,0
40690,0
40691,0
40692,0
40693,0
40694,0
40695,2
40696,0
40697,0
40698,0
40699,0
40700,0
40701,1
40702,1
40703,1
40704,3
40705,1
40706,2
40707,2
40708,1
40709,3
40710,1
40711,1
40712,1
40713,1
40714,1
40715,1
40716,1
40717,1
40718,1
40719,1
40720,1
40721,1
40722,2
40723,2
40724,1
40725,1
40726,1
40727,3
40728,2
40729,2
40730,2
40731,1
40732,2
40733,3
40734,2
40735,3
40736,3
40737,2
40738,3
40739,3
40740,0
40741,0
40742,0
40743,3
40744,0
40745,0
40746,0
40747,0
40748,0
40749,0
40750,0
40751,3
40752,3
40753,3
40754,2
40755,3
40756,2
40757,2
40758,2
40759,3
40760,2
40761,3
40762,3
40763,2
40764,2
40765,0
40766,3
40767,2
40768,2
40769,3
40770,2
40771,0
40772,3
40773,2
40774,2
40775,2
40776,2
40777,0
40778,1
40779,1
40780,1
40781,1
40782,1
40783,1
40784,1
40785,2
40786,1
40787,3
40788,1
40789,1
40790,3
40791,0
40792,1
40793,1
40794,1
40795,1
40796,3
40797,2
40798,1
40799,1
40800,1
40801,1
40802,0
40803,0
40804,3
40805,1
40806,1
40807,1
40808,2
40809,2
40810,1
40811,1
40812,1
40813,1
40814,1
40815,1
40816,2
40817,1
40818,1
40819,1
40820,1
40821,1
40822,1
40823,1
40824,1
40825,2
40826,3
40827,1
40828,1
40829,1
40830,1
40831,1
40832,2
40833,1
40834,3
40835,1
40836,1
40837,3
40838,3
40839,3
40840,3
40841,2
40842,3
40843,3
40844,2
40845,3
40846,3
40847,3
40848,2
40849,2
40850,3
40851,3
40852,2
40853,2
40854,2
40855,3
40856,2
40857,3
40858,2
40859,2
40860,2
40861,2
40862,2
40863,2
40864,2
40865,2
40866,2
40867,3
40868,3
40869,3
40870,3
40871,3
40872,2
40873,2
40874,2
40875,2
40876,1
40877,1
40878,1
40879,1
40880,3
40881,3
40882,2
40883,3
40884,3
40885,3
40886,3
40887,3
40888,3
40889,3
40890,3
40891,2
40892,3
40893,2
40894,3
40895,3
40896,3
40897,3
40898,3
40899,2
40900,3
40901,3
40902,2
40903,2
40904,3
40905,3
40906,3
40907,3
40908,2
40909,3
40910,3
40911,3
40912,3
40913,3
40914,3
40915,3
40916,2
40917,3
40918,3
40919,3
40920,3
40921,2
40922,2
40923,2
40924,3
40925,3
40926,3
40927,3
40928,2
40929,2
40930,2
40931,2
40932,3
40933,3
40934,3
40935,3
40936,2
40937,2
40938,2
40939,2
40940,3
40941,2
40942,2
40943,2
40944,2
40945,2
40946,2
40947,2
40948,2
40949,3
40950,3
40951,2
40952,3
40953,2
40954,2
40955,2
40956,2
40957,2
40958,2
40959,2
40960,2
40961,2
40962,2
40963,2
40964,2
40965,3
40966,3
40967,3
40968,2
40969,2
40970,2
40971,2
40972,2
40973,2
40974,3
40975,3
40976,3
40977,2
40978,3
40979,3
40980,2
40981,3
40982,3
40983,2
40984,3
40985,3
40986,3
40987,3
40988,3
40989,3
40990,3
40991,3
40992,2
40993,3
40994,2
40995,2
40996,2
40997,2
40998,3
40999,2
41000,2
41001,2
41002,2
41003,2
41004,3
41005,3
41006,2
41007,2
41008,3
41009,3
41010,3
41011,2
41012,3
41013,2
41014,3
41015,3
41016,2
41017,1
41018,1
41019,3
41020,3
41021,3
41022,0
41023,3
41024,2
41025,2
41026,2
41027,2
41028,2
41029,0
41030,3
41031,1
41032,2
41033,0
41034,1
41035,2
41036,1
41037,2
41038,1
41039,2
41040,3
41041,3
41042,3
41043,3
41044,3
41045,3
41046,3
41047,3
41048,3
41049,2
41050,2
41051,2
41052,3
41053,2
41054,0
41055,2
41056,2
41057,2
41058,2
41059,2
41060,3
41061,2
41062,3
41063,3
41064,2
41065,3
41066,2
41067,3
41068,2
41069,2
41070,2
41071,2
41072,2
41073,2
41074,2
41075,1
41076,1
41077,3
41078,3
41079,3
41080,3
41081,3
41082,2
41083,1
41084,2
41085,2
41086,3
41087,3
41088,3
41089,2
41090,2
41091,2
41092,2
41093,3
41094,3
41095,3
41096,3
41097,2
41098,2
41099,2
41100,2
41101,2
41102,2
41103,2
41104,2
41105,2
41106,3
41107,3
41108,2
41109,0
41110,2
41111,3
41112,2
41113,2
41114,2
41115,2
41116,2
41117,2
41118,2
41119,3
41120,3
41121,2
41122,3
41123,3
41124,3
41125,2
41126,3
41127,2
41128,1
41129,2
41130,1
41131,2
41132,1
41133,3
41134,2
41135,1
41136,3
41137,1
41138,2
41139,2
41140,2
41141,3
41142,2
41143,3
41144,3
41145,2
41146,3
41147,2
41148,2
41149,3
41150,3
41151,2
41152,3
41153,3
41154,3
41155,3
41156,3
41157,2
41158,3
41159,2
41160,3
41161,2
41162,3
41163,2
41164,3
41165,3
41166,3
41167,3
41168,3
41169,3
41170,3
41171,3
41172,3
41173,2
41174,3
41175,3
41176,2
41177,3
41178,3
41179,3
41180,3
41181,2
41182,2
41183,3
41184,2
41185,3
41186,1
41187,1
41188,3
41189,1
41190,2
41191,2
41192,2
41193,3
41194,1
41195,2
41196,2
41197,3
41198,3
41199,3
41200,2
41201,3
41202,3
41203,3
41204,3
41205,3
41206,2
41207,2
41208,3
41209,2
41210,1
41211,1
41212,3
41213,3
41214,3
41215,3
41216,3
41217,1
41218,3
41219,1
41220,3
41221,3
41222,2
41223,1
41224,2
41225,0
41226,2
41227,2
41228,3
41229,3
41230,2
41231,3
41232,3
41233,3
41234,2
41235,2
41236,2
41237,3
41238,2
41239,2
41240,3
41241,3
41242,2
41243,3
41244,3
41245,2
41246,2
41247,3
41248,2
41249,2
41250,2
41251,2
41252,2
41253,2
41254,2
41255,2
41256,2
41257,2
41258,2
41259,2
41260,3
41261,3
41262,3
41263,3
41264,3
41265,3
41266,1
41267,3
41268,3
41269,2
41270,1
41271,2
41272,2
41273,3
41274,2
41275,2
41276,2
41277,2
41278,2
41279,2
41280,2
41281,2
41282,2
41283,2
41284,2
41285,3
41286,2
41287,2
41288,2
41289,2
41290,2
41291,2
41292,2
41293,2
41294,2
41295,2
41296,2
41297,3
41298,3
41299,2
41300,2
41301,3
41302,3
41303,3
41304,3
41305,3
41306,3
41307,3
41308,3
41309,2
41310,3
41311,3
41312,3
41313,2
41314,2
41315,3
41316,3
41317,2
41318,2
41319,2
41320,3
41321,3
41322,3
41323,1
41324,3
41325,3
41326,2
41327,2
41328,2
41329,3
41330,3
41331,3
41332,3
41333,3
41334,3
41335,3
41336,1
41337,2
41338,1
41339,3
41340,3
41341,3
41342,2
41343,2
41344,2
41345,3
41346,3
41347,3
41348,2
41349,2
41350,2
41351,3
41352,3
41353,2
41354,2
41355,2
41356,2
41357,3
41358,3
41359,3
41360,2
41361,2
41362,2
41363,2
41364,3
41365,2
41366,2
41367,2
41368,2
41369,2
41370,3
41371,2
41372,2
41373,2
41374,2
41375,2
41376,3
41377,2
41378,1
41379,3
41380,3
41381,2
41382,3
41383,3
41384,3
41385,2
41386,2
41387,3
41388,2
41389,3
41390,3
41391,2
41392,2
41393,3
41394,2
41395,1
41396,2
41397,2
41398,2
41399,3
41400,2
41401,2
41402,3
41403,3
41404,1
41405,3
41406,3
41407,3
41408,1
41409,2
41410,2
41411,2
41412,2
41413,2
41414,0
41415,2
41416,2
41417,3
41418,2
41419,1
41420,2
41421,0
41422,0
41423,0
41424,3
41425,3
41426,0
41427,0
41428,0
41429,0
41430,3
41431,0
41432,2
41433,2
41434,0
41435,3
41436,0
41437,2
41438,3
41439,0
41440,3
41441,3
41442,0
41443,0
41444,0
41445,0
41446,0
41447,0
41448,0
41449,0
41450,0
41451,0
41452,0
41453,0
41454,0
41455,2
41456,2
41457,3
41458,2
41459,2
41460,2
41461,2
41462,2
41463,2
41464,3
41465,2
41466,2
41467,2
41468,2
41469,3
41470,0
41471,2
41472,3
41473,2
41474,3
41475,2
41476,2
41477,3
41478,3
41479,3
41480,2
41481,1
41482,2
41483,2
41484,2
41485,2
41486,3
41487,3
41488,3
41489,3
41490,2
41491,2
41492,2
41493,3
41494,2
41495,2
41496,3
41497,3
41498,1
41499,2
41500,1
41501,1
41502,1
41503,1
41504,1
41505,3
41506,3
41507,3
41508,2
41509,3
41510,3
41511,2
41512,3
41513,2
41514,2
41515,3
41516,3
41517,0
41518,2
41519,1
41520,1
41521,1
41522,1
41523,1
41524,2
41525,2
41526,2
41527,3
41528,2
41529,2
41530,2
41531,2
41532,3
41533,2
41534,2
41535,2
41536,2
41537,2
41538,1
41539,1
41540,1
41541,1
41542,1
41543,3
41544,1
41545,2
41546,1
41547,2
41548,2
41549,3
41550,2
41551,1
41552,1
41553,2
41554,2
41555,2
41556,2
41557,3
41558,2
41559,3
41560,3
41561,2
41562,3
41563,3
41564,0
41565,2
41566,3
41567,0
41568,2
41569,2
41570,0
41571,2
41572,3
41573,3
41574,2
41575,2
41576,2
41577,2
41578,2
41579,2
41580,2
41581,2
41582,2
41583,2
41584,2
41585,2
41586,3
41587,2
41588,2
41589,2
41590,3
41591,2
41592,3
41593,3
41594,3
41595,1
41596,2
41597,3
41598,2
41599,3
41600,1
41601,2
41602,2
41603,2
41604,2
41605,2
41606,3
41607,2
41608,3
41609,2
41610,2
41611,2
41612,2
41613,2
41614,2
41615,2
41616,2
41617,0
41618,2
41619,2
41620,2
41621,3
41622,2
41623,2
41624,2
41625,2
41626,2
41627,2
41628,3
41629,3
41630,2
41631,1
41632,1
41633,1
41634,1
41635,0
41636,2
41637,3
41638,3
41639,2
41640,3
41641,0
41642,0
41643,0
41644,0
41645,0
41646,0
41647,0
41648,0
41649,0
41650,0
41651,0
41652,3
41653,3
41654,0
41655,3
41656,3
41657,0
41658,0
41659,0
41660,3
41661,0
41662,0
41663,0
41664,0
41665,3
41666,0
41667,0
41668,3
41669,3
41670,0
41671,0
41672,3
41673,3
41674,3
41675,3
41676,3
41677,3
41678,3
41679,0
41680,3
41681,3
41682,3
41683,0
41684,0
41685,0
41686,3
41687,0
41688,0
41689,1
41690,0
41691,0
41692,0
41693,2
41694,3
41695,3
41696,3
41697,3
41698,3
41699,3
41700,3
41701,3
41702,2
41703,3
41704,3
41705,3
41706,3
41707,3
41708,3
41709,3
41710,3
41711,3
41712,3
41713,3
41714,3
41715,3
41716,3
41717,3
41718,3
41719,3
41720,3
41721,3
41722,3
41723,3
41724,3
41725,3
41726,3
41727,3
41728,3
41729,3
41730,3
41731,3
41732,3
41733,3
41734,3
41735,3
41736,3
41737,3
41738,3
41739,3
41740,3
41741,2
41742,3
41743,3
41744,3
41745,3
41746,3
41747,3
41748,3
41749,3
41750,3
41751,3
41752,3
41753,3
41754,3
41755,3
41756,1
41757,1
41758,3
41759,3
41760,3
41761,1
41762,3
41763,3
41764,2
41765,3
41766,0
41767,3
41768,2
41769,0
41770,0
41771,3
41772,0
41773,3
41774,0
41775,0
41776,3
41777,3
41778,0
41779,0
41780,0
41781,0
41782,0
41783,0
41784,0
41785,0
41786,0
41787,0
41788,3
41789,0
41790,0
41791,0
41792,0
41793,3
41794,2
41795,2
41796,3
41797,2
41798,3
41799,3
41800,3
41801,0
41802,2
41803,3
41804,3
41805,3
41806,3
41807,3
41808,2
41809,2
41810,2
41811,3
41812,3
41813,3
41814,3
41815,3
41816,1
41817,3
41818,3
41819,3
41820,0
41821,3
41822,0
41823,0
41824,3
41825,0
41826,0
41827,0
41828,3
41829,3
41830,3
41831,3
41832,3
41833,3
41834,3
41835,3
41836,3
41837,3
41838,3
41839,3
41840,3
41841,3
41842,3
41843,3
41844,0
41845,0
41846,0
41847,0
41848,2
41849,3
41850,3
41851,3
41852,3
41853,3
41854,3
41855,3
41856,3
41857,2
41858,2
41859,2
41860,2
41861,3
41862,3
41863,3
41864,3
41865,3
41866,3
41867,3
41868,3
41869,3
41870,3
41871,2
41872,3
41873,3
41874,3
41875,3
41876,2
41877,3
41878,3
41879,3
41880,3
41881,2
41882,3
41883,3
41884,3
41885,3
41886,2
41887,2
41888,2
41889,2
41890,2
41891,2
41892,2
41893,0
41894,3
41895,0
41896,3
41897,0
41898,0
41899,3
41900,3
41901,2
41902,2
41903,3
41904,0
41905,3
41906,3
41907,0
41908,0
41909,0
41910,2
41911,0
41912,0
41913,0
41914,0
41915,0
41916,0
41917,0
41918,3
41919,3
41920,3
41921,3
41922,3
41923,3
41924,3
41925,3
41926,0
41927,3
41928,2
41929,3
41930,3
41931,3
41932,3
41933,3
41934,2
41935,2
41936,2
41937,2
41938,2
41939,3
41940,3
41941,2
41942,3
41943,2
41944,2
41945,2
41946,2
41947,3
41948,3
41949,2
41950,1
41951,1
41952,2
41953,3
41954,3
41955,3
41956,3
41957,3
41958,3
41959,3
41960,3
41961,3
41962,0
41963,0
41964,2
41965,0
41966,0
41967,3
41968,0
41969,3
41970,0
41971,0
41972,0
41973,2
41974,3
41975,2
41976,0
41977,0
41978,0
41979,0
41980,0
41981,0
41982,0
41983,0
41984,0
41985,2
41986,0
41987,0
41988,0
41989,3
41990,2
41991,2
41992,2
41993,0
41994,2
41995,3
41996,2
41997,1
41998,0
41999,3
42000,3
42001,3
42002,3
42003,0
42004,0
42005,3
42006,3
42007,3
42008,3
42009,3
42010,3
42011,3
42012,3
42013,3
42014,3
42015,3
42016,2
42017,2
42018,2
42019,2
42020,2
42021,2
42022,2
42023,3
42024,0
42025,3
42026,3
42027,3
42028,2
42029,2
42030,0
42031,3
42032,3
42033,2
42034,3
42035,3
42036,2
42037,2
42038,3
42039,3
42040,3
42041,3
42042,3
42043,3
42044,3
42045,3
42046,0
42047,0
42048,3
42049,0
42050,0
42051,0
42052,2
42053,2
42054,3
42055,3
42056,3
42057,3
42058,3
42059,3
42060,0
42061,0
42062,0
42063,0
42064,0
42065,0
42066,0
42067,0
42068,0
42069,0
42070,1
42071,0
42072,0
42073,0
42074,0
42075,0
42076,0
42077,0
42078,2
42079,3
42080,2
42081,2
42082,2
42083,2
42084,2
42085,2
42086,2
42087,2
42088,2
42089,2
42090,2
42091,2
42092,2
42093,2
42094,2
42095,2
42096,2
42097,3
42098,2
42099,2
42100,2
42101,2
42102,2
42103,3
42104,2
42105,3
42106,3
42107,2
42108,2
42109,3
42110,2
42111,2
42112,2
42113,2
42114,2
42115,2
42116,3
42117,3
42118,3
42119,2
42120,3
42121,2
42122,2
42123,2
42124,1
42125,3
42126,3
42127,3
42128,3
42129,3
42130,3
42131,3
42132,2
42133,2
42134,2
42135,2
42136,3
42137,3
42138,3
42139,2
42140,2
42141,2
42142,2
42143,2
42144,3
42145,2
42146,0
42147,2
42148,3
42149,2
42150,3
42151,3
42152,2
42153,2
42154,2
42155,2
42156,3
42157,3
42158,3
42159,2
42160,3
42161,2
42162,2
42163,3
42164,3
42165,3
42166,3
42167,3
42168,3
42169,2
42170,3
42171,3
42172,2
42173,2
42174,2
42175,2
42176,2
42177,3
42178,2
42179,3
42180,2
42181,2
42182,2
42183,2
42184,2
42185,3
42186,3
42187,2
42188,0
42189,3
42190,0
42191,0
42192,2
42193,2
42194,3
42195,3
42196,3
42197,3
42198,3
42199,3
42200,3
42201,3
42202,3
42203,3
42204,2
42205,3
42206,1
42207,1
42208,1
42209,3
42210,2
42211,3
42212,3
42213,2
42214,2
42215,3
42216,2
42217,2
42218,2
42219,2
42220,0
42221,3
42222,1
42223,3
42224,0
42225,0
42226,3
42227,3
42228,2
42229,2
42230,2
42231,2
42232,3
42233,3
42234,3
42235,3
42236,1
42237,3
42238,3
42239,3
42240,3
42241,3
42242,3
42243,3
42244,3
42245,3
42246,3
42247,3
42248,3
42249,3
42250,2
42251,3
42252,3
42253,3
42254,3
42255,3
42256,3
42257,3
42258,3
42259,3
42260,3
42261,2
42262,3
42263,3
42264,2
42265,2
42266,3
42267,0
42268,0
42269,3
42270,3
42271,3
42272,3
42273,0
42274,3
42275,0
42276,2
42277,3
42278,3
42279,3
42280,3
42281,3
42282,3
42283,3
42284,3
42285,0
42286,3
42287,0
42288,3
42289,0
42290,3
42291,3
42292,3
42293,0
42294,0
42295,3
42296,0
42297,0
42298,0
42299,0
42300,0
42301,3
42302,3
42303,0
42304,0
42305,2
42306,2
42307,2
42308,0
42309,0
42310,3
42311,3
42312,2
42313,3
42314,3
42315,3
42316,2
42317,3
42318,2
42319,3
42320,2
42321,2
42322,2
42323,3
42324,2
42325,2
42326,2
42327,2
42328,3
42329,3
42330,2
42331,2
42332,2
42333,2
42334,2
42335,3
42336,2
42337,2
42338,2
42339,3
42340,2
42341,2
42342,2
42343,3
42344,2
42345,2
42346,2
42347,3
42348,3
42349,3
42350,3
42351,0
42352,3
42353,2
42354,0
42355,0
42356,0
42357,0
42358,0
42359,0
42360,0
42361,0
42362,0
42363,0
42364,0
42365,0
42366,0
42367,0
42368,0
42369,0
42370,0
42371,0
42372,0
42373,0
42374,3
42375,0
42376,3
42377,1
42378,1
42379,1
42380,3
42381,1
42382,1
42383,2
42384,2
42385,3
42386,3
42387,2
42388,3
42389,2
42390,2
42391,2
42392,0
42393,3
42394,3
42395,2
42396,2
42397,2
42398,2
42399,3
42400,3
42401,3
42402,0
42403,0
42404,3
42405,2
42406,3
42407,3
42408,3
42409,2
42410,3
42411,3
42412,3
42413,3
42414,2
42415,3
42416,2
42417,3
42418,2
42419,2
42420,2
42421,3
42422,3
42423,2
42424,3
42425,3
42426,1
42427,1
42428,2
42429,3
42430,2
42431,2
42432,2
42433,3
42434,3
42435,3
42436,3
42437,0
42438,0
42439,0
42440,2
42441,0
42442,0
42443,0
42444,0
42445,0
42446,3
42447,0
42448,0
42449,3
42450,0
42451,3
42452,3
42453,3
42454,0
42455,0
42456,2
42457,0
42458,3
42459,2
42460,3
42461,3
42462,3
42463,2
42464,3
42465,2
42466,2
42467,3
42468,3
42469,3
42470,3
42471,3
42472,3
42473,3
42474,3
42475,3
42476,3
42477,3
42478,3
42479,3
42480,3
42481,3
42482,2
42483,2
42484,3
42485,3
42486,3
42487,3
42488,3
42489,2
42490,2
42491,2
42492,3
42493,2
42494,3
42495,3
42496,2
42497,3
42498,3
42499,3
42500,3
42501,3
42502,3
42503,3
42504,3
42505,3
42506,3
42507,3
42508,3
42509,2
42510,3
42511,3
42512,3
42513,3
42514,1
42515,3
42516,2
42517,3
42518,2
42519,2
42520,3
42521,2
42522,3
42523,3
42524,3
42525,2
42526,2
42527,3
42528,2
42529,3
42530,0
42531,3
42532,0
42533,0
42534,0
42535,3
42536,3
42537,3
42538,2
42539,2
42540,2
42541,2
42542,2
42543,2
42544,2
42545,2
42546,3
42547,3
42548,3
42549,3
42550,3
42551,3
42552,3
42553,3
42554,3
42555,3
42556,3
42557,3
42558,3
42559,3
42560,3
42561,3
42562,3
42563,3
42564,3
42565,3
42566,3
42567,2
42568,2
42569,3
42570,2
42571,2
42572,3
42573,3
42574,3
42575,3
42576,3
42577,3
42578,3
42579,2
42580,2
42581,3
42582,3
42583,2
42584,3
42585,2
42586,3
42587,3
42588,2
42589,2
42590,3
42591,2
42592,3
42593,2
42594,2
42595,2
42596,2
42597,2
42598,2
42599,2
42600,2
42601,2
42602,2
42603,2
42604,2
42605,3
42606,2
42607,3
42608,3
42609,3
42610,2
42611,2
42612,2
42613,3
42614,2
42615,2
42616,2
42617,2
42618,2
42619,2
42620,2
42621,2
42622,2
42623,2
42624,2
42625,2
42626,3
42627,0
42628,0
42629,2
42630,0
42631,2
42632,0
42633,0
42634,2
42635,0
42636,0
42637,0
42638,2
42639,2
42640,0
42641,3
42642,0
42643,0
42644,0
42645,0
42646,0
42647,0
42648,0
42649,0
42650,3
42651,0
42652,0
42653,2
42654,0
42655,0
42656,2
42657,3
42658,0
42659,0
42660,0
42661,0
42662,2
42663,3
42664,2
42665,0
42666,0
42667,3
42668,0
42669,3
42670,3
42671,0
42672,3
42673,2
42674,0
42675,3
42676,3
42677,3
42678,0
42679,0
42680,0
42681,0
42682,3
42683,0
42684,0
42685,3
42686,0
42687,0
42688,2
42689,3
42690,3
42691,3
42692,3
42693,3
42694,3
42695,3
42696,3
42697,2
42698,3
42699,0
42700,3
42701,2
42702,2
42703,2
42704,3
42705,3
42706,3
42707,0
42708,3
42709,3
42710,2
42711,3
42712,3
42713,3
42714,3
42715,3
42716,3
42717,2
42718,2
42719,0
42720,3
42721,3
42722,3
42723,3
42724,3
42725,3
42726,2
42727,3
42728,2
42729,2
42730,2
42731,2
42732,2
42733,3
42734,3
42735,3
42736,3
42737,2
42738,3
42739,2
42740,3
42741,3
42742,2
42743,3
42744,3
42745,3
42746,2
42747,2
42748,2
42749,3
42750,3
42751,3
42752,2
42753,3
42754,3
42755,3
42756,3
42757,3
42758,3
42759,2
42760,3
42761,2
42762,3
42763,3
42764,3
42765,3
42766,2
42767,3
42768,0
42769,0
42770,0
42771,0
42772,0
42773,0
42774,0
42775,0
42776,0
42777,2
42778,0
42779,0
42780,0
42781,2
42782,3
42783,0
42784,0
42785,0
42786,3
42787,2
42788,3
42789,3
42790,2
42791,0
42792,0
42793,3
42794,0
42795,3
42796,0
42797,2
42798,0
42799,0
42800,3
42801,3
42802,0
42803,0
42804,0
42805,0
42806,3
42807,2
42808,2
42809,2
42810,3
42811,2
42812,2
42813,2
42814,2
42815,2
42816,2
42817,2
42818,2
42819,2
42820,2
42821,2
42822,2
42823,3
42824,2
42825,3
42826,2
42827,2
42828,2
42829,2
42830,2
42831,2
42832,2
42833,2
42834,1
42835,2
42836,2
42837,2
42838,2
42839,2
42840,2
42841,2
42842,3
42843,3
42844,3
42845,3
42846,2
42847,2
42848,3
42849,3
42850,3
42851,3
42852,2
42853,3
42854,2
42855,2
42856,3
42857,3
42858,0
42859,0
42860,2
42861,0
42862,0
42863,0
42864,2
42865,0
42866,2
42867,3
42868,2
42869,3
42870,2
42871,0
42872,0
42873,0
42874,0
42875,2
42876,2
42877,0
42878,0
42879,2
42880,0
42881,0
42882,2
42883,3
42884,3
42885,3
42886,3
42887,2
42888,2
42889,2
42890,2
42891,3
42892,3
42893,1
42894,0
42895,3
42896,3
42897,3
42898,0
42899,1
42900,3
42901,3
42902,3
42903,3
42904,2
42905,2
42906,2
42907,2
42908,2
42909,2
42910,2
42911,2
42912,2
42913,2
42914,2
42915,2
42916,2
42917,2
42918,2
42919,2
42920,2
42921,2
42922,2
42923,2
42924,2
42925,3
42926,3
42927,2
42928,1
42929,1
42930,3
42931,3
42932,2
42933,3
42934,3
42935,2
42936,2
42937,3
42938,3
42939,2
42940,3
42941,3
42942,2
42943,2
42944,2
42945,3
42946,3
42947,3
42948,2
42949,3
42950,3
42951,3
42952,3
42953,3
42954,3
42955,3
42956,3
42957,2
42958,3
42959,2
42960,2
42961,3
42962,2
42963,3
42964,3
42965,3
42966,3
42967,2
42968,3
42969,2
42970,3
42971,1
42972,3
42973,3
42974,3
42975,2
42976,2
42977,2
42978,0
42979,3
42980,2
42981,2
42982,3
42983,3
42984,3
42985,2
42986,3
42987,3
42988,3
42989,2
42990,2
42991,2
42992,2
42993,3
42994,3
42995,3
42996,3
42997,3
42998,3
42999,2
43000,3
43001,2
43002,2
43003,2
43004,3
43005,2
43006,0
43007,0
43008,3
43009,3
43010,3
43011,3
43012,3
43013,3
43014,3
43015,3
43016,3
43017,3
43018,3
43019,3
43020,3
43021,2
43022,3
43023,3
43024,3
43025,2
43026,1
43027,3
43028,2
43029,3
43030,3
43031,3
43032,3
43033,3
43034,3
43035,3
43036,3
43037,2
43038,2
43039,2
43040,3
43041,3
43042,2
43043,3
43044,3
43045,2
43046,2
43047,2
43048,1
43049,3
43050,2
43051,3
43052,3
43053,2
43054,2
43055,2
43056,2
43057,3
43058,2
43059,2
43060,3
43061,3
43062,2
43063,2
43064,2
43065,3
43066,3
43067,3
43068,1
43069,3
43070,2
43071,2
43072,2
43073,2
43074,2
43075,2
43076,2
43077,2
43078,2
43079,2
43080,2
43081,2
43082,2
43083,2
43084,2
43085,3
43086,2
43087,2
43088,2
43089,2
43090,2
43091,2
43092,3
43093,3
43094,3
43095,2
43096,2
43097,2
43098,2
43099,2
43100,2
43101,2
43102,2
43103,0
43104,3
43105,2
43106,0
43107,3
43108,3
43109,1
43110,2
43111,0
43112,3
43113,3
43114,0
43115,2
43116,2
43117,2
43118,2
43119,2
43120,3
43121,2
43122,3
43123,2
43124,3
43125,3
43126,3
43127,3
43128,0
43129,0
43130,2
43131,1
43132,3
43133,3
43134,3
43135,2
43136,2
43137,2
43138,2
43139,3
43140,2
43141,2
43142,2
43143,2
43144,2
43145,2
43146,2
43147,3
43148,3
43149,2
43150,2
43151,2
43152,3
43153,3
43154,3
43155,3
43156,2
43157,2
43158,3
43159,2
43160,2
43161,2
43162,2
43163,2
43164,2
43165,3
43166,2
43167,2
43168,3
43169,2
43170,2
43171,2
43172,2
43173,2
43174,2
43175,2
43176,3
43177,3
43178,3
43179,3
43180,3
43181,3
43182,3
43183,3
43184,3
43185,3
43186,3
43187,2
43188,3
43189,3
43190,3
43191,3
43192,2
43193,2
43194,2
43195,2
43196,0
43197,2
43198,2
43199,3
43200,2
43201,3
43202,2
43203,3
43204,2
43205,3
43206,3
43207,2
43208,2
43209,2
43210,2
43211,2
43212,2
43213,2
43214,3
43215,2
43216,3
43217,3
43218,2
43219,2
43220,2
43221,2
43222,2
43223,3
43224,2
43225,2
43226,3
43227,1
43228,3
43229,3
43230,3
43231,3
43232,3
43233,1
43234,3
43235,2
43236,2
43237,2
43238,2
43239,2
43240,0
43241,3
43242,3
43243,3
43244,3
43245,2
43246,2
43247,3
43248,2
43249,2
43250,3
43251,3
43252,2
43253,2
43254,2
43255,2
43256,2
43257,3
43258,2
43259,3
43260,3
43261,3
43262,3
43263,3
43264,3
43265,3
43266,3
43267,3
43268,3
43269,3
43270,3
43271,2
43272,3
43273,3
43274,3
43275,2
43276,3
43277,3
43278,3
43279,2
43280,3
43281,2
43282,3
43283,3
43284,2
43285,2
43286,3
43287,1
43288,3
43289,3
43290,3
43291,3
43292,2
43293,2
43294,3
43295,3
43296,3
43297,3
43298,3
43299,3
43300,0
43301,2
43302,1
43303,3
43304,0
43305,3
43306,3
43307,2
43308,3
43309,2
43310,3
43311,3
43312,3
43313,3
43314,3
43315,3
43316,3
43317,3
43318,2
43319,2
43320,2
43321,3
43322,3
43323,2
43324,2
43325,2
43326,3
43327,3
43328,3
43329,3
43330,3
43331,3
43332,3
43333,1
43334,3
43335,3
43336,3
43337,2
43338,3
43339,3
43340,3
43341,3
43342,3
43343,3
43344,3
43345,2
43346,3
43347,3
43348,0
43349,3
43350,3
43351,2
43352,2
43353,2
43354,2
43355,3
43356,3
43357,3
43358,3
43359,3
43360,3
43361,3
43362,3
43363,3
43364,3
43365,3
43366,2
43367,3
43368,2
43369,3
43370,1
43371,3
43372,3
43373,2
43374,2
43375,2
43376,3
43377,2
43378,2
43379,3
43380,3
43381,3
43382,3
43383,0
43384,3
43385,3
43386,3
43387,3
43388,3
43389,3
43390,3
43391,3
43392,3
43393,3
43394,2
43395,2
43396,2
43397,2
43398,2
43399,3
43400,3
43401,3
43402,3
43403,3
43404,3
43405,2
43406,2
43407,2
43408,3
43409,3
43410,3
43411,1
43412,3
43413,2
43414,3
43415,3
43416,3
43417,1
43418,3
43419,3
43420,3
43421,3
43422,2
43423,3
43424,3
43425,3
43426,3
43427,3
43428,3
43429,0
43430,2
43431,3
43432,2
43433,3
43434,1
43435,3
43436,2
43437,3
43438,0
43439,3
43440,3
43441,3
43442,2
43443,2
43444,3
43445,3
43446,3
43447,2
43448,2
43449,2
43450,2
43451,2
43452,3
43453,3
43454,3
43455,3
43456,3
43457,3
43458,3
43459,3
43460,3
43461,3
43462,0
43463,3
43464,3
43465,3
43466,3
43467,2
43468,3
43469,3
43470,3
43471,3
43472,3
43473,3
43474,3
43475,3
43476,2
43477,3
43478,0
43479,0
43480,0
43481,2
43482,2
43483,3
43484,1
43485,3
43486,0
43487,3
43488,3
43489,3
43490,3
43491,3
43492,3
43493,2
43494,2
43495,2
43496,2
43497,1
43498,3
43499,3
43500,3
43501,2
43502,2
43503,2
43504,2
43505,2
43506,2
43507,2
43508,2
43509,2
43510,2
43511,3
43512,3
43513,3
43514,3
43515,3
43516,2
43517,2
43518,3
43519,3
43520,2
43521,2
43522,2
43523,2
43524,2
43525,2
43526,3
43527,2
43528,2
43529,3
43530,3
43531,2
43532,1
43533,2
43534,2
43535,2
43536,2
43537,2
43538,3
43539,3
43540,3
43541,3
43542,3
43543,3
43544,3
43545,3
43546,3
43547,3
43548,2
43549,3
43550,3
43551,1
43552,3
43553,3
43554,3
43555,3
43556,0
43557,3
43558,3
43559,3
43560,3
43561,3
43562,2
43563,3
43564,2
43565,3
43566,3
43567,2
43568,2
43569,3
43570,2
43571,3
43572,1
43573,3
43574,2
43575,3
43576,2
43577,2
43578,3
43579,3
43580,2
43581,2
43582,3
43583,2
43584,2
43585,2
43586,2
43587,2
43588,3
43589,3
43590,1
43591,2
43592,2
43593,2
43594,1
43595,3
43596,1
43597,2
43598,1
43599,3
43600,3
43601,3
43602,3
43603,3
43604,2
43605,3
43606,2
43607,3
43608,3
43609,2
43610,3
43611,3
43612,4
43613,0
43614,2
43615,1
43616,2
43617,2
43618,2
43619,3
43620,2
43621,2
43622,2
43623,2
43624,2
43625,2
43626,2
43627,2
43628,2
43629,2
43630,2
43631,2
43632,2
43633,2
43634,0
43635,0
43636,3
43637,2
43638,3
43639,3
43640,3
43641,3
43642,3
43643,3
43644,3
43645,3
43646,3
43647,3
43648,2
43649,2
43650,2
43651,2
43652,2
43653,2
43654,3
43655,3
43656,3
43657,3
43658,3
43659,3
43660,3
43661,2
43662,3
43663,3
43664,3
43665,2
43666,1
43667,3
43668,3
43669,3
43670,0
43671,1
43672,3
43673,3
43674,3
43675,2
43676,3
43677,2
43678,2
43679,3
43680,2
43681,3
43682,2
43683,2
43684,2
43685,2
43686,2
43687,2
43688,2
43689,2
43690,2
43691,3
43692,1
43693,3
43694,2
43695,3
43696,3
43697,2
43698,2
43699,2
43700,2
43701,2
43702,2
43703,2
43704,2
43705,2
43706,2
43707,2
43708,3
43709,2
43710,3
43711,3
43712,3
43713,3
43714,3
43715,3
43716,3
43717,2
43718,3
43719,1
43720,2
43721,2
43722,2
43723,2
43724,2
43725,2
43726,2
43727,2
43728,2
43729,2
43730,2
43731,2
43732,2
43733,2
43734,1
43735,3
43736,2
43737,3
43738,2
43739,2
43740,3
43741,3
43742,2
43743,2
43744,2
43745,3
43746,2
43747,3
43748,3
43749,2
43750,2
43751,3
43752,3
43753,3
43754,3
43755,2
43756,0
43757,3
43758,0
43759,0
43760,3
43761,0
43762,2
43763,0
43764,0
43765,3
43766,3
43767,3
43768,3
43769,3
43770,3
43771,2
43772,3
43773,3
43774,3
43775,3
43776,3
43777,3
43778,3
43779,3
43780,2
43781,3
43782,3
43783,3
43784,3
43785,3
43786,3
43787,3
43788,3
43789,2
43790,3
43791,3
43792,3
43793,3
43794,3
43795,3
43796,2
43797,3
43798,3
43799,3
43800,3
43801,3
43802,0
43803,3
43804,3
43805,3
43806,3
43807,3
43808,2
43809,2
43810,2
43811,3
43812,2
43813,2
43814,2
43815,2
43816,2
43817,2
43818,2
43819,2
43820,3
43821,3
43822,3
43823,0
43824,2
43825,3
43826,2
43827,2
43828,2
43829,2
43830,2
43831,2
43832,2
43833,3
43834,2
43835,2
43836,0
43837,3
43838,3
43839,3
43840,2
43841,3
43842,2
43843,3
43844,3
43845,3
43846,2
43847,3
43848,3
43849,3
43850,3
43851,3
43852,2
43853,3
43854,3
43855,2
43856,2
43857,2
43858,2
43859,2
43860,2
43861,2
43862,2
43863,2
43864,2
43865,2
43866,0
43867,3
43868,3
43869,2
43870,3
43871,3
43872,0
43873,0
43874,2
43875,2
43876,2
43877,2
43878,2
43879,2
43880,2
43881,2
43882,2
43883,2
43884,3
43885,2
43886,2
43887,2
43888,2
43889,2
43890,2
43891,2
43892,2
43893,2
43894,2
43895,2
43896,2
43897,2
43898,2
43899,2
43900,2
43901,3
43902,2
43903,2
43904,2
43905,2
43906,0
43907,3
43908,3
43909,3
43910,2
43911,2
43912,2
43913,3
43914,2
43915,0
43916,3
43917,2
43918,3
43919,3
43920,3
43921,3
43922,2
43923,3
43924,0
43925,2
43926,2
43927,2
43928,3
43929,3
43930,0
43931,3
43932,3
43933,3
43934,3
43935,3
43936,3
43937,3
43938,3
43939,2
43940,2
43941,2
43942,2
43943,2
43944,2
43945,2
43946,3
43947,3
43948,2
43949,2
43950,3
43951,2
43952,3
43953,0
43954,3
43955,2
43956,2
43957,2
43958,2
43959,2
43960,2
43961,2
43962,2
43963,2
43964,2
43965,3
43966,2
43967,2
43968,3
43969,2
43970,3
43971,2
43972,2
43973,3
43974,2
43975,2
43976,2
43977,2
43978,2
43979,2
43980,2
43981,2
43982,2
43983,0
43984,2
43985,2
43986,2
43987,2
43988,3
43989,2
43990,2
43991,2
43992,2
43993,2
43994,2
43995,3
43996,2
43997,2
43998,2
43999,2
44000,2
44001,2
44002,2
44003,0
44004,3
44005,0
44006,2
44007,2
44008,3
44009,0
44010,2
44011,2
44012,3
44013,3
44014,2
44015,2
44016,2
44017,2
44018,2
44019,2
44020,0
44021,2
44022,2
44023,2
44024,2
44025,2
44026,2
44027,2
44028,2
44029,2
44030,2
44031,2
44032,2
44033,2
44034,2
44035,2
44036,2
44037,2
44038,2
44039,2
44040,2
44041,2
44042,2
44043,2
44044,2
44045,2
44046,2
44047,2
44048,2
44049,2
44050,0
44051,3
44052,2
44053,2
44054,2
44055,2
44056,2
44057,2
44058,2
44059,2
44060,2
44061,2
44062,2
44063,2
44064,2
44065,2
44066,2
44067,2
44068,2
44069,2
44070,2
44071,2
44072,2
44073,2
44074,2
44075,2
44076,2
44077,2
44078,2
44079,2
44080,2
44081,2
44082,2
44083,3
44084,3
44085,3
44086,2
44087,2
44088,2
44089,2
44090,2
44091,2
44092,3
44093,2
44094,2
44095,2
44096,2
44097,2
44098,2
44099,3
44100,3
44101,3
44102,3
44103,3
44104,3
44105,2
44106,3
44107,3
44108,3
44109,3
44110,2
44111,3
44112,2
44113,3
44114,3
44115,0
44116,2
44117,3
44118,3
44119,3
44120,2
44121,2
44122,2
44123,2
44124,2
44125,2
44126,2
44127,2
44128,2
44129,2
44130,2
44131,2
44132,2
44133,2
44134,2
44135,2
44136,2
44137,2
44138,2
44139,2
44140,2
44141,2
44142,3
44143,3
44144,2
44145,3
44146,2
44147,2
44148,2
44149,3
44150,3
44151,3
44152,3
44153,3
44154,0
44155,2
44156,2
44157,0
44158,2
44159,2
44160,2
44161,2
44162,2
44163,2
44164,2
44165,2
44166,0
44167,0
44168,0
44169,0
44170,0
44171,2
44172,2
44173,2
44174,0
44175,0
44176,0
44177,2
44178,2
44179,2
44180,2
44181,2
44182,2
44183,2
44184,2
44185,2
44186,2
44187,2
44188,2
44189,2
44190,2
44191,3
44192,3
44193,3
44194,0
44195,3
44196,3
44197,3
44198,3
44199,3
44200,3
44201,2
44202,3
44203,3
44204,3
44205,3
44206,3
44207,3
44208,3
44209,2
44210,0
44211,2
44212,2
44213,2
44214,2
44215,2
44216,2
44217,2
44218,2
44219,2
44220,3
44221,3
44222,2
44223,3
44224,3
44225,3
44226,3
44227,3
44228,2
44229,3
44230,2
44231,3
44232,3
44233,3
44234,3
44235,3
44236,2
44237,2
44238,2
44239,2
44240,2
44241,2
44242,2
44243,2
44244,2
44245,2
44246,2
44247,2
44248,2
44249,2
44250,2
44251,2
44252,2
44253,2
44254,2
44255,2
44256,2
44257,2
44258,2
44259,3
44260,2
44261,3
44262,2
44263,3
44264,2
44265,3
44266,3
44267,3
44268,2
44269,2
44270,0
44271,2
44272,2
44273,0
44274,2
44275,0
44276,3
44277,0
44278,3
44279,0
44280,2
44281,2
44282,2
44283,2
44284,2
44285,3
44286,3
44287,2
44288,2
44289,2
44290,2
44291,2
44292,2
44293,2
44294,2
44295,2
44296,2
44297,2
44298,0
44299,0
44300,2
44301,2
44302,2
44303,2
44304,2
44305,0
44306,3
44307,2
44308,3
44309,3
44310,3
44311,1
44312,2
44313,3
44314,0
44315,3
44316,0
44317,0
44318,0
44319,0
44320,0
44321,0
44322,0
44323,2
44324,2
44325,2
44326,2
44327,2
44328,2
44329,2
44330,2
44331,2
44332,2
44333,2
44334,2
44335,2
44336,2
44337,2
44338,2
44339,2
44340,2
44341,2
44342,2
44343,3
44344,3
44345,2
44346,3
44347,2
44348,2
44349,2
44350,2
44351,2
44352,3
44353,2
44354,2
44355,2
44356,2
44357,2
44358,2
44359,2
44360,2
44361,2
44362,2
44363,2
44364,2
44365,2
44366,2
44367,2
44368,2
44369,2
44370,0
44371,3
44372,3
44373,3
44374,3
44375,3
44376,3
44377,3
44378,0
44379,3
44380,0
44381,2
44382,2
44383,2
44384,2
44385,2
44386,2
44387,2
44388,2
44389,2
44390,2
44391,2
44392,2
44393,2
44394,2
44395,2
44396,2
44397,2
44398,2
44399,2
44400,2
44401,2
44402,2
44403,2
44404,2
44405,2
44406,2
44407,2
44408,2
44409,2
44410,2
44411,3
44412,2
44413,2
44414,2
44415,2
44416,2
44417,2
44418,3
44419,0
44420,0
44421,2
44422,0
44423,2
44424,0
44425,0
44426,0
44427,3
44428,3
44429,3
44430,3
44431,2
44432,3
44433,3
44434,0
44435,0
44436,2
44437,2
44438,2
44439,2
44440,2
44441,3
44442,0
44443,0
44444,0
44445,0
44446,0
44447,0
44448,0
44449,3
44450,0
44451,0
44452,0
44453,0
44454,0
44455,0
44456,2
44457,0
44458,0
44459,0
44460,0
44461,2
44462,0
44463,0
44464,0
44465,0
44466,2
44467,0
44468,0
44469,0
44470,3
44471,2
44472,2
44473,3
44474,0
44475,0
44476,2
44477,3
44478,3
44479,3
44480,2
44481,3
44482,3
44483,2
44484,3
44485,3
44486,3
44487,3
44488,1
44489,3
44490,3
44491,3
44492,3
44493,2
44494,3
44495,3
44496,0
44497,3
44498,0
44499,0
44500,0
44501,0
44502,0
44503,0
44504,0
44505,0
44506,0
44507,0
44508,2
44509,0
44510,0
44511,0
44512,0
44513,0
44514,3
44515,0
44516,0
44517,0
44518,0
44519,3
44520,0
44521,2
44522,0
44523,0
44524,2
44525,2
44526,2
44527,3
44528,3
44529,0
44530,3
44531,3
44532,0
44533,2
44534,3
44535,0
44536,3
44537,3
44538,0
44539,0
44540,0
44541,3
44542,2
44543,2
44544,2
44545,2
44546,2
44547,2
44548,2
44549,2
44550,3
44551,3
44552,2
44553,2
44554,3
44555,2
44556,3
44557,3
44558,3
44559,3
44560,3
44561,3
44562,3
44563,2
44564,3
44565,3
44566,3
44567,3
44568,3
44569,3
44570,3
44571,3
44572,2
44573,3
44574,3
44575,2
44576,3
44577,3
44578,2
44579,3
44580,2
44581,2
44582,2
44583,3
44584,3
44585,3
44586,3
44587,3
44588,3
44589,3
44590,3
44591,2
44592,3
44593,3
44594,3
44595,2
44596,3
44597,3
44598,3
44599,2
44600,2
44601,3
44602,0
44603,2
44604,2
44605,2
44606,2
44607,3
44608,3
44609,2
44610,3
44611,2
44612,2
44613,2
44614,2
44615,2
44616,2
44617,2
44618,2
44619,2
44620,2
44621,2
44622,2
44623,3
44624,2
44625,2
44626,2
44627,2
44628,2
44629,2
44630,2
44631,3
44632,2
44633,2
44634,2
44635,2
44636,2
44637,2
44638,2
44639,2
44640,2
44641,3
44642,3
44643,2
44644,2
44645,2
44646,2
44647,2
44648,2
44649,2
44650,2
44651,2
44652,2
44653,2
44654,2
44655,2
44656,2
44657,2
44658,2
44659,2
44660,2
44661,2
44662,2
44663,2
44664,2
44665,2
44666,2
44667,2
44668,3
44669,3
44670,2
44671,3
44672,3
44673,2
44674,3
44675,3
44676,2
44677,3
44678,3
44679,3
44680,3
44681,2
44682,2
44683,0
44684,0
44685,0
44686,0
44687,2
44688,2
44689,3
44690,3
44691,0
44692,3
44693,0
44694,0
44695,0
44696,0
44697,0
44698,2
44699,0
44700,0
44701,2
44702,0
44703,3
44704,0
44705,3
44706,0
44707,0
44708,2
44709,0
44710,3
44711,3
44712,2
44713,3
44714,0
44715,0
44716,3
44717,0
44718,0
44719,3
44720,3
44721,3
44722,0
44723,3
44724,0
44725,3
44726,3
44727,3
44728,3
44729,3
44730,0
44731,0
44732,3
44733,2
44734,2
44735,3
44736,0
44737,2
44738,2
44739,2
44740,2
44741,2
44742,2
44743,2
44744,2
44745,2
44746,2
44747,2
44748,2
44749,2
44750,2
44751,2
44752,2
44753,2
44754,2
44755,0
44756,3
44757,3
44758,2
44759,0
44760,2
44761,2
44762,2
44763,2
44764,2
44765,0
44766,0
44767,2
44768,3
44769,3
44770,2
44771,2
44772,2
44773,2
44774,2
44775,0
44776,2
44777,0
44778,0
44779,2
44780,0
44781,0
44782,0
44783,0
44784,0
44785,2
44786,0
44787,2
44788,0
44789,0
44790,0
44791,0
44792,0
44793,2
44794,0
44795,0
44796,2
44797,3
44798,0
44799,2
44800,2
44801,2
44802,2
44803,3
44804,2
44805,2
44806,2
44807,2
44808,3
44809,2
44810,2
44811,2
44812,2
44813,2
44814,0
44815,2
44816,3
44817,3
44818,2
44819,0
44820,2
44821,2
44822,2
44823,2
44824,3
44825,3
44826,2
44827,2
44828,2
44829,4
44830,3
44831,2
44832,2
44833,2
44834,2
44835,3
44836,3
44837,3
44838,1
44839,1
44840,1
44841,2
44842,2
44843,2
44844,2
44845,4
44846,2
44847,3
44848,2
44849,2
44850,2
44851,2
44852,2
44853,2
44854,3
44855,2
44856,2
44857,2
44858,2
44859,2
44860,3
44861,2
44862,2
44863,2
44864,2
44865,2
44866,2
44867,2
44868,2
44869,2
44870,2
44871,2
44872,2
44873,2
44874,2
44875,2
44876,2
44877,2
44878,2
44879,2
44880,2
44881,2
44882,2
44883,2
44884,2
44885,2
44886,2
44887,2
44888,3
44889,3
44890,3
44891,3
44892,3
44893,4
44894,2
44895,2
44896,0
44897,3
44898,3
44899,3
44900,3
44901,3
44902,2
44903,3
44904,2
44905,3
44906,2
44907,3
44908,4
44909,3
44910,3
44911,3
44912,4
44913,3
44914,3
44915,3
44916,3
44917,2
44918,3
44919,3
44920,3
44921,3
44922,3
44923,4
44924,1
44925,2
44926,3
44927,5
44928,3
44929,2
44930,1
44931,1
44932,2
44933,3
44934,5
44935,3
44936,3
44937,2
44938,3
44939,4
44940,4
44941,3
44942,4
44943,4
44944,3
44945,4
44946,4
44947,4
44948,4
44949,4
44950,4
44951,3
44952,2
44953,2
44954,3
44955,3
44956,3
44957,3
44958,3
44959,4
44960,2
44961,4
44962,3
44963,2
44964,2
44965,2
44966,2
44967,5
44968,2
44969,3
44970,2
44971,2
44972,2
44973,2
44974,2
44975,2
44976,2
44977,2
44978,2
44979,2
44980,2
44981,2
44982,2
44983,2
44984,2
44985,2
44986,3
44987,2
44988,2
44989,2
44990,2
44991,2
44992,2
44993,2
44994,2
44995,2
44996,2
44997,2
44998,2
44999,0
45000,2
45001,2
45002,2
45003,2
45004,2
45005,2
45006,2
45007,2
45008,2
45009,2
45010,0
45011,2
45012,2
45013,2
45014,2
45015,2
45016,2
45017,2
45018,2
45019,2
45020,2
45021,2
45022,2
45023,2
45024,0
45025,2
45026,2
45027,2
45028,2
45029,2
45030,2
45031,2
45032,2
45033,2
45034,2
45035,2
45036,2
45037,2
45038,2
45039,2
45040,2
45041,2
45042,2
45043,2
45044,2
45045,2
45046,2
45047,2
45048,2
45049,2
45050,2
45051,2
45052,2
45053,2
45054,2
45055,2
45056,2
45057,2
45058,2
45059,2
45060,2
45061,2
45062,2
45063,2
45064,2
45065,2
45066,2
45067,2
45068,2
45069,2
45070,4
45071,2
45072,2
45073,2
45074,3
45075,2
45076,2
45077,2
45078,2
45079,2
45080,2
45081,2
45082,2
45083,2
45084,2
45085,2
45086,2
45087,2
45088,2
45089,2
45090,2
45091,2
45092,2
45093,2
45094,2
45095,2
45096,2
45097,2
45098,2
45099,2
45100,2
45101,3
45102,2
45103,2
45104,2
45105,2
45106,2
45107,2
45108,2
45109,2
45110,2
45111,2
45112,2
45113,2
45114,2
45115,2
45116,2
45117,2
45118,2
45119,2
45120,2
45121,2
45122,2
45123,2
45124,2
45125,2
45126,2
45127,2
45128,2
45129,2
45130,2
45131,2
45132,2
45133,2
45134,2
45135,2
45136,2
45137,3
45138,3
45139,2
45140,2
45141,2
45142,2
45143,4
45144,2
45145,4
45146,4
45147,2
45148,3
45149,2
45150,2
45151,3
45152,3
45153,2
45154,2
45155,2
45156,2
45157,3
45158,3
45159,3
45160,3
45161,4
45162,2
45163,2
45164,2
45165,0
45166,2
45167,2
45168,2
45169,2
45170,2
45171,2
45172,2
45173,2
45174,2
45175,2
45176,2
45177,2
45178,2
45179,2
45180,2
45181,2
45182,2
45183,2
45184,2
45185,2
45186,2
45187,2
45188,2
45189,2
45190,2
45191,2
45192,2
45193,2
45194,2
45195,2
45196,2
45197,3
45198,2
45199,2
45200,2
45201,2
45202,2
45203,3
45204,3
45205,2
45206,2
45207,2
45208,2
45209,2
45210,2
45211,4
45212,2
45213,4
45214,3
45215,2
45216,2
45217,2
45218,2
45219,2
45220,2
45221,2
45222,2
45223,2
45224,2
45225,2
45226,4
45227,1
45228,3
45229,2
45230,3
45231,3
45232,2
45233,2
45234,2
45235,2
45236,2
45237,2
45238,2
45239,3
45240,3
45241,2
45242,2
45243,0
45244,2
45245,2
45246,2
45247,2
45248,2
45249,2
45250,2
45251,2
45252,2
45253,3
45254,2
45255,2
45256,2
45257,2
45258,4
45259,1
45260,2
45261,2
45262,2
45263,2
45264,2
45265,2
45266,2
45267,2
45268,2
45269,2
45270,2
45271,2
45272,2
45273,2
45274,2
45275,3
45276,2
45277,2
45278,0
45279,2
45280,2
45281,2
45282,2
45283,2
45284,2
45285,2
45286,2
45287,2
45288,2
45289,2
45290,2
45291,2
45292,2
45293,2
45294,2
45295,2
45296,2
45297,2
45298,2
45299,2
45300,2
45301,3
45302,2
45303,2
45304,2
45305,3
45306,3
45307,3
45308,2
45309,0
45310,0
45311,2
45312,0
45313,2
45314,2
45315,2
45316,2
45317,2
45318,3
45319,2
45320,2
45321,2
45322,2
45323,2
45324,2
45325,2
45326,3
45327,3
45328,4
45329,3
45330,2
45331,2
45332,4
45333,3
45334,2
45335,2
45336,2
45337,3
45338,4
45339,3
45340,3
45341,2
45342,2
45343,3
45344,1
45345,2
45346,4
45347,2
45348,2
45349,2
45350,2
45351,2
45352,2
45353,2
45354,2
45355,2
45356,2
45357,2
45358,2
45359,2
45360,2
45361,2
45362,2
45363,2
45364,2
45365,2
45366,2
45367,2
45368,2
45369,2
45370,2
45371,2
45372,2
45373,2
45374,2
45375,2
45376,2
45377,2
45378,2
45379,2
45380,2
45381,2
45382,2
45383,2
45384,2
45385,2
45386,2
45387,2
45388,2
45389,2
45390,2
45391,2
45392,2
45393,2
45394,2
45395,2
45396,2
45397,2
45398,2
45399,2
45400,2
45401,2
45402,2
45403,2
45404,2
45405,2
45406,2
45407,2
45408,2
45409,2
45410,2
45411,2
45412,2
45413,2
45414,2
45415,2
45416,2
45417,2
45418,2
45419,2
45420,2
45421,2
45422,2
45423,2
45424,2
45425,2
45426,2
45427,2
45428,2
45429,2
45430,2
45431,2
45432,2
45433,2
45434,2
45435,2
45436,2
45437,2
45438,2
45439,2
45440,2
45441,2
45442,2
45443,2
45444,2
45445,2
45446,2
45447,2
45448,2
45449,2
45450,2
45451,2
45452,2
45453,2
45454,2
45455,2
45456,2
45457,2
45458,2
45459,2
45460,2
45461,2
45462,2
45463,2
45464,2
45465,2
45466,2
45467,2
45468,2
45469,2
45470,2
45471,2
45472,2
45473,2
45474,2
45475,2
45476,2
45477,2
45478,4
45479,2
45480,2
45481,2
45482,2
45483,2
45484,2
45485,1
45486,1
45487,1
45488,3
45489,1
45490,1
45491,1
45492,3
45493,1
45494,3
45495,2
45496,2
45497,1
45498,2
45499,2
45500,2
45501,2
45502,2
45503,3
45504,3
45505,2
45506,3
45507,3
45508,0
45509,4
45510,3
45511,3
45512,2
45513,2
45514,2
45515,2
45516,2
45517,2
45518,2
45519,2
45520,2
45521,2
45522,2
45523,2
45524,2
45525,2
45526,0
45527,0
45528,2
45529,0
45530,2
45531,2
45532,2
45533,2
45534,2
45535,2
45536,2
45537,2
45538,2
45539,2
45540,2
45541,2
45542,2
45543,2
45544,2
45545,0
45546,2
45547,2
45548,2
45549,2
45550,2
45551,2
45552,2
45553,2
45554,2
45555,2
45556,2
45557,2
45558,2
45559,2
45560,2
45561,2
45562,2
45563,2
45564,2
45565,2
45566,2
45567,2
45568,2
45569,2
45570,2
45571,2
45572,2
45573,2
45574,2
45575,2
45576,2
45577,0
45578,2
45579,2
45580,2
45581,2
45582,2
45583,3
45584,2
45585,2
45586,2
45587,2
45588,2
45589,2
45590,2
45591,0
45592,2
45593,2
45594,2
45595,0
45596,2
45597,3
45598,2
45599,2
45600,2
45601,3
45602,2
45603,2
45604,2
45605,2
45606,2
45607,2
45608,2
45609,2
45610,2
45611,2
45612,2
45613,2
45614,2
45615,2
45616,2
45617,2
45618,2
45619,2
45620,2
45621,2
45622,2
45623,2
45624,2
45625,2
45626,2
45627,2
45628,2
45629,2
45630,2
45631,2
45632,2
45633,2
45634,2
45635,2
45636,2
45637,2
45638,2
45639,2
45640,2
45641,2
45642,2
45643,2
45644,2
45645,2
45646,2
45647,2
45648,2
45649,2
45650,2
45651,2
45652,2
45653,2
45654,2
45655,2
45656,2
45657,2
45658,2
45659,2
45660,2
45661,2
45662,2
45663,2
45664,2
45665,4
45666,2
45667,2
45668,4
45669,2
45670,2
45671,2
45672,2
45673,2
45674,2
45675,4
45676,3
45677,3
45678,3
45679,3
45680,2
45681,0
45682,2
45683,0
45684,0
45685,2
45686,0
45687,2
45688,2
45689,3
45690,2
45691,2
45692,2
45693,2
45694,2
45695,2
45696,2
45697,2
45698,4
45699,2
45700,2
45701,2
45702,2
45703,2
45704,2
45705,2
45706,2
45707,0
45708,2
45709,2
45710,2
45711,2
45712,2
45713,2
45714,0
45715,2
45716,2
45717,2
45718,2
45719,2
45720,2
45721,2
45722,2
45723,2
45724,2
45725,3
45726,2
45727,2
45728,2
45729,3
45730,3
45731,2
45732,2
45733,2
45734,2
45735,2
45736,2
45737,2
45738,2
45739,2
45740,2
45741,2
45742,2
45743,2
45744,2
45745,2
45746,2
45747,2
45748,2
45749,2
45750,2
45751,2
45752,2
45753,2
45754,2
45755,2
45756,2
45757,2
45758,2
45759,2
45760,2
45761,2
45762,2
45763,2
45764,2
45765,2
45766,2
45767,2
45768,2
45769,2
45770,2
45771,2
45772,2
45773,2
45774,2
45775,2
45776,2
45777,2
45778,2
45779,2
45780,2
45781,2
45782,2
45783,2
45784,2
45785,2
45786,2
45787,2
45788,2
45789,2
45790,2
45791,2
45792,2
45793,2
45794,2
45795,2
45796,2
45797,2
45798,2
45799,2
45800,2
45801,2
45802,2
45803,2
45804,2
45805,2
45806,2
45807,2
45808,2
45809,2
45810,2
45811,2
45812,2
45813,2
45814,2
45815,2
45816,2
45817,2
45818,2
45819,2
45820,2
45821,2
45822,2
45823,2
45824,2
45825,2
45826,2
45827,2
45828,2
45829,2
45830,2
45831,2
45832,2
45833,2
45834,2
45835,2
45836,2
45837,2
45838,2
45839,2
45840,2
45841,2
45842,2
45843,2
45844,2
45845,2
45846,2
45847,2
45848,2
45849,2
45850,2
45851,2
45852,2
45853,2
45854,2
45855,2
45856,2
45857,2
45858,2
45859,2
45860,2
45861,2
45862,2
45863,2
45864,2
45865,2
45866,2
45867,2
45868,2
45869,2
45870,2
45871,2
45872,2
45873,2
45874,2
45875,2
45876,2
45877,2
45878,2
45879,2
45880,2
45881,2
45882,2
45883,2
45884,2
45885,2
45886,2
45887,2
45888,2
45889,2
45890,2
45891,2
45892,2
45893,2
45894,2
45895,2
45896,2
45897,2
45898,1
45899,3
45900,2
45901,2
45902,2
45903,2
45904,2
45905,1
45906,1
45907,3
45908,3
45909,3
45910,3
45911,3
45912,3
45913,3
45914,3
45915,1
45916,3
45917,0
45918,1
45919,1
45920,3
45921,3
45922,3
45923,2
45924,2
45925,2
45926,2
45927,2
45928,2
45929,2
45930,2
45931,2
45932,2
45933,1
45934,1
45935,1
45936,2
45937,2
45938,2
45939,2
45940,2
45941,3
45942,3
45943,1
45944,3
45945,3
45946,3
45947,3
45948,1
45949,1
45950,1
45951,1
45952,1
45953,3
45954,2
45955,3
45956,3
45957,3
45958,3
45959,3
45960,3
45961,3
45962,3
45963,3
45964,3
45965,3
45966,3
45967,3
45968,3
45969,3
45970,3
45971,3
45972,2
45973,0
45974,3
45975,0
45976,3
45977,3
45978,1
45979,3
45980,2
45981,1
45982,3
45983,3
45984,3
45985,3
45986,3
45987,3
45988,3
45989,3
45990,3
45991,3
45992,3
45993,3
45994,2
45995,3
45996,1
45997,1
45998,0
45999,3
46000,3
46001,3
46002,1
46003,0
46004,1
46005,3
46006,3
46007,1
46008,1
46009,1
46010,1
46011,3
46012,3
46013,1
46014,1
46015,1
46016,3
46017,3
46018,1
46019,0
46020,0
46021,0
46022,0
46023,3
46024,3
46025,1
46026,0
46027,0
46028,1
46029,1
46030,1
46031,1
46032,0
46033,0
46034,0
46035,0
46036,1
46037,0
46038,0
46039,3
46040,3
46041,3
46042,3
46043,2
46044,3
46045,1
46046,1
46047,1
46048,1
46049,1
46050,1
46051,1
46052,0
46053,3
46054,3
46055,3
46056,3
46057,3
46058,3
46059,3
46060,3
46061,3
46062,3
46063,3
46064,3
46065,3
46066,3
46067,3
46068,3
46069,3
46070,3
46071,3
46072,3
46073,3
46074,3
46075,3
46076,3
46077,3
46078,2
46079,0
46080,0
46081,0
46082,0
46083,2
46084,0
46085,0
46086,1
46087,1
46088,3
46089,0
46090,0
46091,0
46092,0
46093,0
46094,0
46095,2
46096,2
46097,0
46098,0
46099,1
46100,1
46101,0
46102,0
46103,0
46104,1
46105,2
46106,3
46107,1
46108,3
46109,0
46110,0
46111,0
46112,0
46113,3
46114,1
46115,1
46116,0
46117,1
46118,1
46119,3
46120,1
46121,1
46122,0
46123,0
46124,3
46125,3
46126,1
46127,1
46128,1
46129,1
46130,0
46131,2
46132,0
46133,0
46134,0
46135,0
46136,0
46137,0
46138,0
46139,0
46140,0
46141,0
46142,0
46143,3
46144,3
46145,3
46146,3
46147,3
46148,1
46149,3
46150,3
46151,3
46152,1
46153,3
46154,3
46155,3
46156,3
46157,3
46158,0
46159,3
46160,3
46161,0
46162,3
46163,3
46164,3
46165,3
46166,3
46167,3
46168,3
46169,0
46170,3
46171,3
46172,1
46173,0
46174,0
46175,3
46176,3
46177,3
46178,0
46179,3
46180,0
46181,0
46182,0
46183,3
46184,3
46185,3
46186,3
46187,3
46188,3
46189,3
46190,3
46191,3
46192,3
46193,3
46194,3
46195,3
46196,3
46197,0
46198,3
46199,0
46200,3
46201,3
46202,3
46203,3
46204,0
46205,0
46206,0
46207,0
46208,1
46209,1
46210,0
46211,2
46212,0
46213,0
46214,0
46215,0
46216,0
46217,0
46218,0
46219,0
46220,0
46221,0
46222,0
46223,0
46224,1
46225,1
46226,3
46227,3
46228,3
46229,3
46230,3
46231,2
46232,2
46233,2
46234,2
46235,3
46236,2
46237,2
46238,2
46239,2
46240,3
46241,2
46242,2
46243,2
46244,0
46245,2
46246,1
46247,1
46248,1
46249,0
46250,0
46251,3
46252,0
46253,0
46254,0
46255,2
46256,0
46257,0
46258,0
46259,1
46260,3
46261,1
46262,1
46263,1
46264,0
46265,1
46266,0
46267,1
46268,0
46269,0
46270,0
46271,1
46272,3
46273,3
46274,3
46275,3
46276,3
46277,0
46278,3
46279,3
46280,3
46281,3
46282,3
46283,3
46284,3
46285,3
46286,3
46287,3
46288,3
46289,3
46290,1
46291,3
46292,1
46293,1
46294,1
46295,3
46296,3
46297,3
46298,3
46299,3
46300,3
46301,3
46302,3
46303,3
46304,3
46305,3
46306,1
46307,3
46308,3
46309,3
46310,1
46311,3
46312,3
46313,2
46314,0
46315,3
46316,1
46317,3
46318,3
46319,3
46320,1
46321,3
46322,3
46323,3
46324,3
46325,3
46326,1
46327,3
46328,3
46329,3
46330,2
46331,3
46332,2
46333,3
46334,3
46335,3
46336,3
46337,1
46338,3
46339,3
46340,3
46341,3
46342,3
46343,3
46344,0
46345,3
46346,1
46347,3
46348,3
46349,1
46350,3
46351,3
46352,3
46353,3
46354,3
46355,3
46356,3
46357,3
46358,3
46359,3
46360,3
46361,3
46362,3
46363,3
46364,3
46365,3
46366,3
46367,3
46368,0
46369,0
46370,1
46371,0
46372,1
46373,1
46374,0
46375,0
46376,0
46377,0
46378,0
46379,0
46380,0
46381,1
46382,3
46383,1
46384,3
46385,3
46386,1
46387,1
46388,1
46389,3
46390,3
46391,3
46392,3
46393,3
46394,0
46395,3
46396,0
46397,0
46398,0
46399,0
46400,0
46401,3
46402,0
46403,0
46404,0
46405,3
46406,3
46407,3
46408,3
46409,1
46410,1
46411,1
46412,0
46413,0
46414,0
46415,3
46416,1
46417,2
46418,3
46419,3
46420,0
46421,1
46422,3
46423,3
46424,3
46425,0
46426,1
46427,1
46428,3
46429,1
46430,1
46431,1
46432,1
46433,3
46434,1
46435,3
46436,1
46437,3
46438,3
46439,1
46440,1
46441,1
46442,1
46443,1
46444,1
46445,1
46446,0
46447,0
46448,0
46449,0
46450,3
46451,0
46452,1
46453,1
46454,1
46455,0
46456,3
46457,1
46458,2
46459,3
46460,0
46461,0
46462,0
46463,0
46464,1
46465,1
46466,1
46467,0
46468,0
46469,3
46470,0
46471,3
46472,3
46473,0
46474,0
46475,0
46476,3
46477,3
46478,2
46479,1
46480,1
46481,1
46482,3
46483,3
46484,3
46485,1
46486,0
46487,0
46488,1
46489,3
46490,3
46491,3
46492,3
46493,3
46494,3
46495,3
46496,1
46497,3
46498,4
46499,0
46500,0
46501,0
46502,3
46503,1
46504,3
46505,3
46506,1
46507,1
46508,1
46509,3
46510,3
46511,3
46512,1
46513,3
46514,1
46515,1
46516,3
46517,3
46518,3
46519,3
46520,1
46521,1
46522,3
46523,2
46524,3
46525,3
46526,3
46527,3
46528,3
46529,3
46530,3
46531,3
46532,3
46533,3
46534,3
46535,0
46536,3
46537,3
46538,3
46539,3
46540,2
46541,1
46542,0
46543,0
46544,1
46545,1
46546,1
46547,2
46548,1
46549,1
46550,0
46551,0
46552,0
46553,2
46554,0
46555,0
46556,3
46557,3
46558,1
46559,0
46560,1
46561,1
46562,3
46563,3
46564,1
46565,1
46566,1
46567,1
46568,1
46569,1
46570,1
46571,1
46572,3
46573,3
46574,2
46575,2
46576,3
46577,2
46578,3
46579,2
46580,3
46581,3
46582,2
46583,2
46584,2
46585,2
46586,2
46587,3
46588,2
46589,0
46590,2
46591,2
46592,2
46593,0
46594,2
46595,2
46596,2
46597,2
46598,2
46599,2
46600,0
46601,2
46602,2
46603,3
46604,2
46605,0
46606,2
46607,3
46608,2
46609,2
46610,3
46611,3
46612,3
46613,1
46614,3
46615,3
46616,2
46617,3
46618,2
46619,2
46620,0
46621,2
46622,2
46623,2
46624,2
46625,3
46626,2
46627,2
46628,2
46629,2
46630,2
46631,2
46632,2
46633,2
46634,3
46635,2
46636,2
46637,3
46638,2
46639,2
46640,2
46641,3
46642,3
46643,3
46644,3
46645,3
46646,2
46647,2
46648,0
46649,2
46650,2
46651,3
46652,2
46653,2
46654,2
46655,2
46656,3
46657,3
46658,3
46659,3
46660,2
46661,2
46662,2
46663,2
46664,2
46665,2
46666,2
46667,2
46668,2
46669,2
46670,2
46671,2
46672,2
46673,2
46674,3
46675,2
46676,2
46677,2
46678,3
46679,2
46680,2
46681,2
46682,2
46683,2
46684,2
46685,2
46686,2
46687,3
46688,3
46689,2
46690,2
46691,3
46692,2
46693,2
46694,2
46695,2
46696,2
46697,2
46698,2
46699,2
46700,2
46701,2
46702,3
46703,2
46704,2
46705,2
46706,2
46707,2
46708,2
46709,3
46710,3
46711,3
46712,3
46713,2
46714,2
46715,2
46716,3
46717,3
46718,3
46719,3
46720,3
46721,2
46722,2
46723,2
46724,2
46725,2
46726,2
46727,2
46728,0
46729,2
46730,0
46731,2
46732,2
46733,2
46734,2
46735,3
46736,2
46737,2
46738,2
46739,3
46740,0
46741,2
46742,2
46743,2
46744,2
46745,2
46746,2
46747,2
46748,2
46749,2
46750,2
46751,2
46752,2
46753,2
46754,2
46755,2
46756,2
46757,2
46758,2
46759,2
46760,2
46761,2
46762,2
46763,2
46764,2
46765,3
46766,2
46767,2
46768,2
46769,2
46770,2
46771,3
46772,2
46773,2
46774,2
46775,2
46776,2
46777,2
46778,2
46779,2
46780,2
46781,2
46782,2
46783,2
46784,2
46785,2
46786,2
46787,2
46788,2
46789,2
46790,2
46791,3
46792,2
46793,0
46794,2
46795,2
46796,2
46797,0
46798,0
46799,2
46800,0
46801,2
46802,2
46803,2
46804,2
46805,2
46806,2
46807,3
46808,3
46809,3
46810,2
46811,2
46812,2
46813,2
46814,2
46815,2
46816,2
46817,2
46818,2
46819,3
46820,2
46821,2
46822,2
46823,2
46824,3
46825,2
46826,2
46827,2
46828,2
46829,2
46830,2
46831,3
46832,3
46833,3
46834,2
46835,3
46836,2
46837,3
46838,2
46839,3
46840,3
46841,3
46842,3
46843,3
46844,2
46845,2
46846,2
46847,0
46848,3
46849,3
46850,2
46851,2
46852,2
46853,2
46854,2
46855,2
46856,2
46857,2
46858,2
46859,2
46860,2
46861,2
46862,2
46863,2
46864,2
46865,3
46866,3
46867,3
46868,2
46869,2
46870,2
46871,3
46872,2
46873,2
46874,2
46875,3
46876,3
46877,2
46878,2
46879,2
46880,2
46881,2
46882,2
46883,2
46884,2
46885,2
46886,3
46887,2
46888,3
46889,2
46890,2
46891,2
46892,2
46893,0
46894,0
46895,2
46896,2
46897,2
46898,3
46899,2
46900,2
46901,0
46902,0
46903,2
46904,2
46905,2
46906,2
46907,3
46908,0
46909,2
46910,2
46911,2
46912,2
46913,2
46914,2
46915,2
46916,2
46917,3
46918,2
46919,3
46920,0
46921,3
46922,2
46923,2
46924,2
46925,2
46926,2
46927,2
46928,2
46929,2
46930,2
46931,2
46932,2
46933,3
46934,2
46935,3
46936,3
46937,2
46938,3
46939,2
46940,2
46941,2
46942,2
46943,2
46944,2
46945,2
46946,2
46947,2
46948,2
46949,2
46950,2
46951,2
46952,2
46953,2
46954,0
46955,2
46956,2
46957,2
46958,1
46959,2
46960,2
46961,2
46962,2
46963,2
46964,2
46965,2
46966,2
46967,0
46968,2
46969,3
46970,2
46971,2
46972,2
46973,2
46974,2
46975,2
46976,2
46977,2
46978,2
46979,2
46980,2
46981,2
46982,2
46983,2
46984,2
46985,2
46986,2
46987,2
46988,2
46989,2
46990,2
46991,2
46992,2
46993,2
46994,2
46995,2
46996,2
46997,2
46998,2
46999,2
47000,2
47001,2
47002,2
47003,2
47004,3
47005,2
47006,2
47007,2
47008,2
47009,2
47010,2
47011,2
47012,3
47013,3
47014,2
47015,2
47016,2
47017,2
47018,2
47019,2
47020,2
47021,2
47022,2
47023,2
47024,2
47025,2
47026,2
47027,2
47028,2
47029,3
47030,2
47031,2
47032,2
47033,2
47034,2
47035,0
47036,2
47037,2
47038,2
47039,2
47040,2
47041,2
47042,2
47043,2
47044,2
47045,2
47046,3
47047,2
47048,2
47049,2
47050,2
47051,2
47052,2
47053,2
47054,2
47055,3
47056,2
47057,2
47058,2
47059,3
47060,3
47061,2
47062,2
47063,2
47064,2
47065,2
47066,2
47067,2
47068,2
47069,2
47070,2
47071,2
47072,2
47073,2
47074,2
47075,2
47076,2
47077,2
47078,2
47079,2
47080,2
47081,2
47082,2
47083,2
47084,3
47085,2
47086,2
47087,2
47088,2
47089,2
47090,2
47091,2
47092,2
47093,2
47094,2
47095,2
47096,0
47097,2
47098,2
47099,3
47100,2
47101,2
47102,2
47103,2
47104,3
47105,2
47106,2
47107,2
47108,2
47109,2
47110,2
47111,2
47112,2
47113,2
47114,2
47115,2
47116,2
47117,2
47118,3
47119,2
47120,2
47121,2
47122,1
47123,3
47124,2
47125,2
47126,3
47127,2
47128,2
47129,2
47130,2
47131,2
47132,3
47133,2
47134,2
47135,2
47136,3
47137,3
47138,3
47139,2
47140,3
47141,3
47142,3
47143,2
47144,2
47145,2
47146,2
47147,2
47148,2
47149,2
47150,2
47151,2
47152,2
47153,2
47154,2
47155,2
47156,2
47157,2
47158,3
47159,2
47160,2
47161,2
47162,2
47163,2
47164,2
47165,3
47166,2
47167,2
47168,2
47169,2
47170,2
47171,2
47172,2
47173,2
47174,2
47175,2
47176,2
47177,2
47178,2
47179,2
47180,2
47181,2
47182,2
47183,2
47184,2
47185,2
47186,2
47187,2
47188,2
47189,3
47190,0
47191,2
47192,3
47193,0
47194,2
47195,2
47196,3
47197,3
47198,3
47199,3
47200,1
47201,2
47202,3
47203,3
47204,2
47205,2
47206,2
47207,3
47208,2
47209,2
47210,2
47211,2
47212,2
47213,2
47214,3
47215,2
47216,3
47217,2
47218,2
47219,2
47220,2
47221,0
47222,0
47223,2
47224,3
47225,2
47226,2
47227,2
47228,2
47229,3
47230,2
47231,2
47232,2
47233,2
47234,2
47235,2
47236,2
47237,2
47238,2
47239,2
47240,0
47241,2
47242,0
47243,3
47244,2
47245,2
47246,0
47247,0
47248,2
47249,2
47250,0
47251,2
47252,2
47253,0
47254,2
47255,2
47256,2
47257,2
47258,2
47259,3
47260,3
47261,2
47262,2
47263,2
47264,3
47265,3
47266,2
47267,2
47268,0
47269,2
47270,0
47271,3
47272,3
47273,3
47274,3
47275,3
47276,3
47277,3
47278,3
47279,3
47280,3
47281,2
47282,3
47283,3
47284,3
47285,3
47286,2
47287,2
47288,3
47289,3
47290,3
47291,3
47292,3
47293,3
47294,3
47295,3
47296,3
47297,3
47298,3
47299,3
47300,3
47301,3
47302,3
47303,3
47304,3
47305,2
47306,2
47307,2
47308,3
47309,2
47310,2
47311,2
47312,3
47313,3
47314,3
47315,2
47316,2
47317,2
47318,2
47319,2
47320,2
47321,2
47322,2
47323,2
47324,2
47325,2
47326,2
47327,2
47328,2
47329,2
47330,2
47331,2
47332,2
47333,3
47334,3
47335,3
47336,3
47337,2
47338,3
47339,3
47340,2
47341,3
47342,2
47343,2
47344,2
47345,2
47346,2
47347,2
47348,3
47349,3
47350,2
47351,2
47352,2
47353,2
47354,0
47355,2
47356,2
47357,2
47358,2
47359,2
47360,2
47361,2
47362,2
47363,3
47364,2
47365,3
47366,3
47367,3
47368,3
47369,3
47370,3
47371,3
47372,3
47373,2
47374,2
47375,2
47376,2
47377,2
47378,2
47379,2
47380,2
47381,2
47382,2
47383,2
47384,2
47385,2
47386,2
47387,2
47388,2
47389,2
47390,2
47391,2
47392,2
47393,2
47394,2
47395,2
47396,3
47397,3
47398,2
47399,3
47400,2
47401,3
47402,3
47403,3
47404,3
47405,3
47406,2
47407,3
47408,3
47409,3
47410,3
47411,3
47412,3
47413,2
47414,2
47415,2
47416,3
47417,2
47418,2
47419,2
47420,2
47421,2
47422,2
47423,2
47424,2
47425,3
47426,2
47427,2
47428,2
47429,3
47430,3
47431,3
47432,3
47433,2
47434,2
47435,2
47436,2
47437,2
47438,2
47439,2
47440,2
47441,2
47442,2
47443,2
47444,2
47445,2
47446,2
47447,2
47448,2
47449,2
47450,3
47451,2
47452,0
47453,2
47454,2
47455,2
47456,2
47457,3
47458,3
47459,2
47460,2
47461,2
47462,2
47463,2
47464,2
47465,2
47466,2
47467,3
47468,2
47469,3
47470,2
47471,2
47472,2
47473,2
47474,2
47475,2
47476,3
47477,2
47478,3
47479,2
47480,2
47481,2
47482,2
47483,2
47484,2
47485,2
47486,2
47487,3
47488,2
47489,2
47490,2
47491,2
47492,2
47493,2
47494,2
47495,2
47496,3
47497,2
47498,2
47499,2
47500,2
47501,2
47502,2
47503,2
47504,2
47505,2
47506,2
47507,2
47508,2
47509,2
47510,2
47511,2
47512,2
47513,2
47514,2
47515,2
47516,2
47517,2
47518,2
47519,2
47520,2
47521,2
47522,2
47523,2
47524,2
47525,2
47526,2
47527,2
47528,2
47529,2
47530,2
47531,2
47532,2
47533,2
47534,2
47535,2
47536,2
47537,2
47538,2
47539,2
47540,1
47541,2
47542,3
47543,2
47544,2
47545,0
47546,0
47547,0
47548,0
47549,3
47550,0
47551,2
47552,2
47553,3
47554,0
47555,2
47556,3
47557,3
47558,2
47559,3
47560,2
47561,3
47562,3
47563,2
47564,2
47565,3
47566,2
47567,2
47568,2
47569,2
47570,2
47571,2
47572,2
47573,2
47574,2
47575,2
47576,2
47577,2
47578,2
47579,2
47580,2
47581,2
47582,2
47583,2
47584,2
47585,2
47586,3
47587,2
47588,2
47589,2
47590,2
47591,2
47592,2
47593,3
47594,2
47595,3
47596,2
47597,2
47598,2
47599,3
47600,3
47601,2
47602,2
47603,3
47604,2
47605,2
47606,3
47607,2
47608,2
47609,2
47610,2
47611,2
47612,2
47613,2
47614,2
47615,2
47616,3
47617,2
47618,2
47619,2
47620,2
47621,2
47622,2
47623,3
47624,2
47625,2
47626,2
47627,2
47628,2
47629,2
47630,2
47631,3
47632,2
47633,2
47634,2
47635,2
47636,3
47637,2
47638,3
47639,3
47640,3
47641,3
47642,3
47643,3
47644,3
47645,2
47646,3
47647,2
47648,3
47649,3
47650,2
47651,3
47652,3
47653,3
47654,3
47655,3
47656,2
47657,3
47658,3
47659,2
47660,3
47661,3
47662,3
47663,3
47664,3
47665,2
47666,2
47667,2
47668,2
47669,2
47670,2
47671,2
47672,2
47673,2
47674,2
47675,2
47676,2
47677,3
47678,3
47679,3
47680,3
47681,3
47682,3
47683,3
47684,3
47685,3
47686,3
47687,2
47688,2
47689,2
47690,3
47691,3
47692,3
47693,2
47694,2
47695,2
47696,3
47697,2
47698,3
47699,2
47700,3
47701,2
47702,2
47703,2
47704,2
47705,2
47706,2
47707,2
47708,3
47709,2
47710,2
47711,2
47712,2
47713,3
47714,2
47715,2
47716,3
47717,2
47718,2
47719,2
47720,2
47721,2
47722,2
47723,2
47724,2
47725,2
47726,2
47727,2
47728,2
47729,2
47730,2
47731,3
47732,2
47733,2
47734,2
47735,3
47736,3
47737,2
47738,2
47739,0
47740,3
47741,1
47742,1
47743,1
47744,1
47745,1
47746,1
47747,1
47748,0
47749,0
47750,1
47751,1
47752,1
47753,1
47754,1
47755,2
47756,0
47757,0
47758,2
47759,2
47760,1
47761,0
47762,2
47763,2
47764,2
47765,0
47766,3
47767,0
47768,0
47769,0
47770,0
47771,2
47772,2
47773,0
47774,0
47775,0
47776,2
47777,2
47778,0
47779,2
47780,3
47781,2
47782,2
47783,2
47784,2
47785,2
47786,2
47787,2
47788,2
47789,2
47790,2
47791,2
47792,2
47793,2
47794,2
47795,2
47796,1
47797,2
47798,3
47799,2
47800,2
47801,2
47802,4
47803,2
47804,3
47805,1
47806,3
47807,3
47808,2
47809,1
47810,3
47811,3
47812,2
47813,3
47814,2
47815,2
47816,2
47817,1
47818,2
47819,2
47820,2
47821,2
47822,0
47823,0
47824,0
47825,0
47826,0
47827,0
47828,0
47829,2
47830,2
47831,0
47832,2
47833,2
47834,2
47835,2
47836,2
47837,2
47838,2
47839,1
47840,2
47841,2
47842,3
47843,3
47844,2
47845,2
47846,2
47847,2
47848,2
47849,2
47850,2
47851,2
47852,0
47853,2
47854,2
47855,3
47856,3
47857,2
47858,3
47859,3
47860,3
47861,1
47862,3
47863,3
47864,0
47865,3
47866,0
47867,0
47868,3
47869,0
47870,3
47871,2
47872,2
47873,2
47874,2
47875,2
47876,2
47877,2
47878,2
47879,2
47880,3
47881,2
47882,2
47883,2
47884,2
47885,2
47886,2
47887,2
47888,2
47889,2
47890,3
47891,2
47892,2
47893,2
47894,3
47895,2
47896,2
47897,2
47898,2
47899,2
47900,3
47901,2
47902,2
47903,2
47904,2
47905,2
47906,2
47907,2
47908,2
47909,2
47910,2
47911,3
47912,2
47913,2
47914,2
47915,2
47916,1
47917,3
47918,2
47919,3
47920,2
47921,1
47922,2
47923,2
47924,2
47925,2
47926,2
47927,1
47928,3
47929,2
47930,3
47931,2
47932,3
47933,3
47934,1
47935,0
47936,0
47937,0
47938,0
47939,0
47940,0
47941,0
47942,0
47943,0
47944,0
47945,0
47946,0
47947,0
47948,0
47949,0
47950,0
47951,0
47952,0
47953,0
47954,0
47955,0
47956,0
47957,0
47958,0
47959,0
47960,0
47961,0
47962,0
47963,0
47964,0
47965,0
47966,0
47967,0
47968,0
47969,0
47970,0
47971,0
47972,0
47973,0
47974,3
47975,3
47976,2
47977,2
47978,3
47979,2
47980,2
47981,2
47982,2
47983,2
47984,2
47985,2
47986,1
47987,2
47988,2
47989,1
47990,3
47991,3
47992,2
47993,2
47994,2
47995,2
47996,2
47997,2
47998,3
47999,3
48000,2
48001,3
48002,3
48003,3
48004,3
48005,1
48006,1
48007,3
48008,3
48009,2
48010,3
48011,2
48012,1
48013,1
48014,2
48015,3
48016,3
48017,3
48018,3
48019,2
48020,2
48021,2
48022,2
48023,2
48024,2
48025,2
48026,2
48027,2
48028,2
48029,3
48030,3
48031,1
48032,1
48033,1
48034,1
48035,1
48036,1
48037,1
48038,1
48039,1
48040,1
48041,3
48042,3
48043,3
48044,3
48045,2
48046,3
48047,2
48048,3
48049,3
48050,3
48051,2
48052,3
48053,3
48054,0
48055,3
48056,3
48057,3
48058,0
48059,0
48060,0
48061,0
48062,3
48063,3
48064,3
48065,3
48066,2
48067,3
48068,0
48069,0
48070,0
48071,0
48072,0
48073,0
48074,0
48075,0
48076,3
48077,3
48078,3
48079,3
48080,3
48081,3
48082,3
48083,3
48084,3
48085,3
48086,2
48087,2
48088,3
48089,3
48090,3
48091,3
48092,3
48093,3
48094,3
48095,3
48096,3
48097,3
48098,3
48099,3
48100,3
48101,3
48102,3
48103,3
48104,3
48105,2
48106,3
48107,3
48108,3
48109,1
48110,1
48111,1
48112,1
48113,2
48114,3
48115,1
48116,1
48117,1
48118,1
48119,3
48120,1
48121,1
48122,2
48123,2
48124,3
48125,2
48126,2
48127,2
48128,2
48129,2
48130,2
48131,2
48132,1
48133,1
48134,2
48135,1
48136,2
48137,2
48138,2
48139,2
48140,2
48141,2
48142,2
48143,2
48144,2
48145,3
48146,2
48147,2
48148,2
48149,3
48150,2
48151,2
48152,2
48153,2
48154,2
48155,2
48156,2
48157,2
48158,2
48159,2
48160,2
48161,2
48162,2
48163,2
48164,2
48165,2
48166,2
48167,2
48168,2
48169,3
48170,0
48171,0
48172,2
48173,2
48174,3
48175,0
48176,3
48177,3
48178,0
48179,0
48180,0
48181,0
48182,0
48183,0
48184,0
48185,2
48186,0
48187,0
48188,0
48189,0
48190,0
48191,0
48192,0
48193,0
48194,0
48195,3
48196,0
48197,0
48198,0
48199,1
48200,1
48201,0
48202,0
48203,2
48204,3
48205,2
48206,2
48207,2
48208,3
48209,3
48210,2
48211,2
48212,3
48213,3
48214,3
48215,3
48216,3
48217,3
48218,3
48219,3
48220,3
48221,3
48222,3
48223,3
48224,3
48225,3
48226,3
48227,3
48228,3
48229,3
48230,3
48231,3
48232,3
48233,3
48234,3
48235,3
48236,3
48237,3
48238,3
48239,3
48240,3
48241,3
48242,3
48243,3
48244,3
48245,3
48246,3
48247,3
48248,3
48249,3
48250,3
48251,3
48252,3
48253,3
48254,1
48255,3
48256,3
48257,3
48258,3
48259,3
48260,3
48261,3
48262,3
48263,3
48264,3
48265,3
48266,3
48267,3
48268,0
48269,0
48270,3
48271,3
48272,3
48273,3
48274,3
48275,3
48276,3
48277,3
48278,3
48279,3
48280,2
48281,3
48282,3
48283,3
48284,2
48285,3
48286,3
48287,2
48288,3
48289,3
48290,2
48291,3
48292,3
48293,3
48294,3
48295,3
48296,3
48297,3
48298,3
48299,3
48300,3
48301,3
48302,3
48303,3
48304,3
48305,3
48306,3
48307,3
48308,3
48309,3
48310,3
48311,2
48312,0
48313,3
48314,3
48315,3
48316,3
48317,3
48318,3
48319,3
48320,3
48321,3
48322,3
48323,0
48324,3
48325,3
48326,3
48327,3
48328,0
48329,0
48330,3
48331,0
48332,3
48333,0
48334,3
48335,0
48336,3
48337,3
48338,3
48339,3
48340,0
48341,0
48342,3
48343,2
48344,2
48345,3
48346,1
48347,2
48348,3
48349,2
48350,0
48351,1
48352,0
48353,0
48354,0
48355,0
48356,3
48357,1
48358,2
48359,3
48360,2
48361,1
48362,2
48363,2
48364,2
48365,2
48366,2
48367,2
48368,2
48369,2
48370,2
48371,2
48372,2
48373,2
48374,2
48375,2
48376,3
48377,2
48378,2
48379,2
48380,2
48381,2
48382,2
48383,2
48384,2
48385,2
48386,2
48387,2
48388,2
48389,2
48390,3
48391,2
48392,2
48393,2
48394,1
48395,2
48396,1
48397,3
48398,1
48399,2
48400,2
48401,2
48402,2
48403,3
48404,2
48405,2
48406,0
48407,2
48408,2
48409,2
48410,2
48411,2
48412,2
48413,2
48414,2
48415,2
48416,2
48417,3
48418,2
48419,2
48420,3
48421,3
48422,3
48423,3
48424,3
48425,2
48426,1
48427,3
48428,3
48429,3
48430,3
48431,1
48432,1
48433,1
48434,1
48435,1
48436,1
48437,1
48438,1
48439,1
48440,2
48441,2
48442,0
48443,0
48444,0
48445,2
48446,2
48447,0
48448,0
48449,2
48450,0
48451,2
48452,2
48453,0
48454,0
48455,2
48456,0
48457,0
48458,0
48459,0
48460,0
48461,0
48462,0
48463,0
48464,2
48465,2
48466,0
48467,1
48468,1
48469,2
48470,3
48471,3
48472,2
48473,2
48474,2
48475,2
48476,2
48477,3
48478,3
48479,2
48480,1
48481,1
48482,3
48483,2
48484,2
48485,2
48486,2
48487,3
48488,2
48489,2
48490,3
48491,3
48492,3
48493,3
48494,2
48495,3
48496,3
48497,3
48498,2
48499,3
48500,2
48501,2
48502,2
48503,2
48504,2
48505,2
48506,3
48507,3
48508,3
48509,2
48510,3
48511,2
48512,1
48513,1
48514,2
48515,2
48516,2
48517,2
48518,2
48519,2
48520,2
48521,2
48522,3
48523,2
48524,2
48525,2
48526,3
48527,1
48528,2
48529,1
48530,0
48531,3
48532,3
48533,3
48534,3
48535,3
48536,3
48537,3
48538,3
48539,1
48540,3
48541,3
48542,3
48543,3
48544,3
48545,3
48546,3
48547,3
48548,1
48549,3
48550,3
48551,3
48552,3
48553,3
48554,2
48555,3
48556,2
48557,2
48558,3
48559,2
48560,3
48561,3
48562,3
48563,2
48564,1
48565,2
48566,1
48567,2
48568,2
48569,2
48570,2
48571,2
48572,2
48573,2
48574,2
48575,2
48576,0
48577,2
48578,2
48579,2
48580,2
48581,2
48582,2
48583,2
48584,2
48585,2
48586,2
48587,2
48588,2
48589,2
48590,2
48591,2
48592,2
48593,2
48594,2
48595,2
48596,2
48597,2
48598,2
48599,2
48600,2
48601,2
48602,2
48603,2
48604,2
48605,2
48606,2
48607,1
48608,2
48609,2
48610,2
48611,2
48612,2
48613,2
48614,2
48615,2
48616,2
48617,2
48618,2
48619,2
48620,2
48621,2
48622,2
48623,2
48624,2
48625,2
48626,2
48627,3
48628,2
48629,2
48630,2
48631,2
48632,2
48633,2
48634,2
48635,2
48636,2
48637,2
48638,2
48639,2
48640,2
48641,2
48642,2
48643,2
48644,2
48645,2
48646,2
48647,2
48648,2
48649,2
48650,2
48651,2
48652,2
48653,2
48654,2
48655,2
48656,2
48657,2
48658,2
48659,2
48660,2
48661,2
48662,2
48663,2
48664,2
48665,2
48666,2
48667,2
48668,3
48669,3
48670,2
48671,2
48672,2
48673,2
48674,2
48675,2
48676,2
48677,3
48678,2
48679,2
48680,2
48681,2
48682,0
48683,3
48684,3
48685,2
48686,2
48687,2
48688,2
48689,2
48690,2
48691,2
48692,1
48693,3
48694,1
48695,1
48696,2
48697,3
48698,3
48699,2
48700,2
48701,2
48702,3
48703,3
48704,2
48705,2
48706,2
48707,2
48708,2
48709,3
48710,2
48711,2
48712,0
48713,3
48714,3
48715,2
48716,2
48717,2
48718,2
48719,2
48720,2
48721,3
48722,2
48723,3
48724,2
48725,3
48726,2
48727,2
48728,2
48729,2
48730,2
48731,2
48732,2
48733,3
48734,0
48735,2
48736,1
48737,2
48738,2
48739,2
48740,2
48741,2
48742,2
48743,2
48744,2
48745,2
48746,2
48747,2
48748,2
48749,2
48750,2
48751,2
48752,3
48753,2
48754,2
48755,2
48756,2
48757,2
48758,2
48759,2
48760,2
48761,1
48762,2
48763,2
48764,2
48765,2
48766,2
48767,2
48768,2
48769,2
48770,2
48771,2
48772,2
48773,2
48774,2
48775,2
48776,2
48777,2
48778,2
48779,2
48780,2
48781,2
48782,2
48783,2
48784,2
48785,2
48786,2
48787,2
48788,2
48789,2
48790,2
48791,3
48792,2
48793,2
48794,2
48795,2
48796,2
48797,2
48798,2
48799,2
48800,2
48801,2
48802,2
48803,2
48804,1
48805,2
48806,2
48807,2
48808,2
48809,1
48810,2
48811,2
48812,2
48813,2
48814,2
48815,2
48816,2
48817,2
48818,2
48819,2
48820,2
48821,1
48822,2
48823,2
48824,2
48825,2
48826,3
48827,2
48828,2
48829,2
48830,2
48831,2
48832,2
48833,2
48834,2
48835,1
48836,2
48837,2
48838,2
48839,2
48840,0
48841,2
48842,2
48843,2
48844,2
48845,1
48846,2
48847,2
48848,3
48849,3
48850,2
48851,2
48852,2
48853,3
48854,2
48855,2
48856,2
48857,2
48858,2
48859,2
48860,2
48861,2
48862,2
48863,2
48864,2
48865,2
48866,2
48867,2
48868,2
48869,2
48870,2
48871,2
48872,2
48873,2
48874,2
48875,2
48876,2
48877,2
48878,2
48879,2
48880,2
48881,2
48882,2
48883,2
48884,1
48885,2
48886,2
48887,2
48888,2
48889,2
48890,2
48891,1
48892,2
48893,2
48894,2
48895,2
48896,2
48897,2
48898,2
48899,2
48900,2
48901,2
48902,2
48903,2
48904,3
48905,2
48906,2
48907,2
48908,2
48909,2
48910,2
48911,2
48912,2
48913,0
48914,2
48915,2
48916,2
48917,2
48918,2
48919,2
48920,2
48921,2
48922,2
48923,2
48924,2
48925,2
48926,2
48927,2
48928,2
48929,2
48930,2
48931,2
48932,2
48933,2
48934,2
48935,2
48936,2
48937,2
48938,0
48939,2
48940,2
48941,2
48942,2
48943,2
48944,2
48945,2
48946,2
48947,2
48948,2
48949,2
48950,2
48951,2
48952,2
48953,2
48954,2
48955,2
48956,2
48957,2
48958,2
48959,2
48960,2
48961,2
48962,2
48963,2
48964,1
48965,2
48966,2
48967,2
48968,2
48969,2
48970,2
48971,2
48972,2
48973,2
48974,2
48975,2
48976,0
48977,2
48978,2
48979,2
48980,2
48981,2
48982,2
48983,2
48984,2
48985,2
48986,0
48987,2
48988,2
48989,2
48990,2
48991,2
48992,2
48993,2
48994,2
48995,2
48996,2
48997,2
48998,2
48999,2
49000,2
49001,2
49002,2
49003,2
49004,2
49005,2
49006,2
49007,2
49008,2
49009,2
49010,2
49011,2
49012,2
49013,2
49014,2
49015,2
49016,2
49017,2
49018,3
49019,2
49020,2
49021,3
49022,2
49023,2
49024,2
49025,2
49026,2
49027,2
49028,2
49029,2
49030,2
49031,2
49032,2
49033,2
49034,2
49035,2
49036,2
49037,2
49038,2
49039,2
49040,2
49041,2
49042,2
49043,2
49044,2
49045,2
49046,2
49047,2
49048,2
49049,2
49050,2
49051,2
49052,2
49053,2
49054,0
49055,2
49056,2
49057,2
49058,2
49059,2
49060,2
49061,2
49062,2
49063,2
49064,2
49065,2
49066,1
49067,2
49068,2
49069,2
49070,2
49071,2
49072,2
49073,2
49074,2
49075,2
49076,2
49077,2
49078,2
49079,2
49080,2
49081,2
49082,2
49083,2
49084,2
49085,2
49086,2
49087,2
49088,2
49089,2
49090,2
49091,2
49092,2
49093,2
49094,2
49095,2
49096,3
49097,2
49098,2
49099,2
49100,2
49101,2
49102,2
49103,2
49104,2
49105,2
49106,2
49107,1
49108,2
49109,2
49110,2
49111,2
49112,2
49113,2
49114,2
49115,2
49116,2
49117,2
49118,2
49119,2
49120,2
49121,2
49122,2
49123,2
49124,2
49125,2
49126,2
49127,2
49128,2
49129,2
49130,2
49131,2
49132,2
49133,2
49134,0
49135,2
49136,2
49137,2
49138,2
49139,2
49140,2
49141,2
49142,2
49143,2
49144,2
49145,2
49146,2
49147,2
49148,2
49149,2
49150,2
49151,0
49152,2
49153,2
49154,2
49155,2
49156,2
49157,2
49158,2
49159,2
49160,2
49161,2
49162,2
49163,2
49164,2
49165,2
49166,2
49167,2
49168,2
49169,2
49170,2
49171,2
49172,2
49173,2
49174,2
49175,2
49176,2
49177,2
49178,2
49179,2
49180,2
49181,2
49182,2
49183,2
49184,2
49185,2
49186,3
49187,1
49188,2
49189,2
49190,2
49191,2
49192,2
49193,2
49194,2
49195,2
49196,2
49197,2
49198,2
49199,2
49200,2
49201,2
49202,2
49203,2
49204,2
49205,2
49206,2
49207,2
49208,2
49209,2
49210,2
49211,2
49212,2
49213,3
49214,2
49215,3
49216,2
49217,1
49218,2
49219,1
49220,2
49221,2
49222,2
49223,2
49224,2
49225,2
49226,2
49227,2
49228,2
49229,2
49230,2
49231,2
49232,2
49233,2
49234,2
49235,2
49236,2
49237,2
49238,2
49239,2
49240,2
49241,2
49242,2
49243,2
49244,2
49245,2
49246,2
49247,2
49248,2
49249,2
49250,2
49251,2
49252,2
49253,2
49254,2
49255,2
49256,2
49257,2
49258,0
49259,2
49260,2
49261,2
49262,2
49263,2
49264,2
49265,2
49266,2
49267,2
49268,2
49269,2
49270,2
49271,2
49272,2
49273,2
49274,2
49275,2
49276,2
49277,2
49278,2
49279,2
49280,2
49281,2
49282,2
49283,2
49284,2
49285,2
49286,2
49287,2
49288,2
49289,2
49290,2
49291,2
49292,2
49293,2
49294,2
49295,2
49296,2
49297,2
49298,2
49299,2
49300,2
49301,2
49302,2
49303,2
49304,2
49305,2
49306,2
49307,3
49308,2
49309,2
49310,2
49311,2
49312,2
49313,3
49314,2
49315,2
49316,1
49317,2
49318,2
49319,2
49320,2
49321,2
49322,0
49323,2
49324,2
49325,2
49326,2
49327,2
49328,2
49329,2
49330,2
49331,2
49332,2
49333,2
49334,2
49335,2
49336,2
49337,2
49338,1
49339,2
49340,2
49341,2
49342,3
49343,3
49344,3
49345,3
49346,3
49347,3
49348,3
49349,3
49350,3
49351,3
49352,3
49353,3
49354,3
49355,3
49356,3
49357,3
49358,3
49359,3
49360,3
49361,3
49362,3
49363,3
49364,3
49365,3
49366,3
49367,3
49368,3
49369,3
49370,3
49371,3
49372,3
49373,3
49374,3
49375,3
49376,3
49377,3
49378,2
49379,3
49380,3
49381,3
49382,3
49383,3
49384,3
49385,3
49386,3
49387,1
49388,1
49389,1
49390,1
49391,1
49392,1
49393,3
49394,3
49395,1
49396,1
49397,3
49398,3
49399,3
49400,1
49401,1
49402,3
49403,3
49404,3
49405,1
49406,1
49407,1
49408,3
49409,3
49410,1
49411,1
49412,1
49413,3
49414,3
49415,1
49416,3
49417,3
49418,1
49419,1
49420,3
49421,3
49422,3
49423,3
49424,3
49425,3
49426,3
49427,3
49428,1
49429,3
49430,3
49431,1
49432,1
49433,1
49434,1
49435,1
49436,1
49437,2
49438,3
49439,3
49440,3
49441,1
49442,1
49443,1
49444,3
49445,3
49446,1
49447,1
49448,1
49449,1
49450,3
49451,0
49452,2
49453,2
49454,2
49455,2
49456,3
49457,2
49458,0
49459,3
49460,3
49461,2
49462,3
49463,3
49464,2
49465,3
49466,5
49467,2
49468,2
49469,2
49470,3
49471,2
49472,3
49473,2
49474,2
49475,3
49476,2
49477,2
49478,2
49479,2
49480,2
49481,2
49482,3
49483,2
49484,2
49485,2
49486,2
49487,2
49488,2
49489,2
49490,2
49491,2
49492,0
49493,2
49494,2
49495,2
49496,2
49497,2
49498,2
49499,3
49500,3
49501,2
49502,2
49503,2
49504,2
49505,3
49506,3
49507,3
49508,2
49509,3
49510,2
49511,3
49512,3
49513,3
49514,2
49515,2
49516,2
49517,3
49518,2
49519,3
49520,2
49521,3
49522,2
49523,3
49524,3
49525,2
49526,3
49527,2
49528,3
49529,2
49530,2
49531,2
49532,2
49533,3
49534,1
49535,3
49536,3
49537,2
49538,2
49539,2
49540,2
49541,2
49542,3
49543,3
49544,3
49545,3
49546,2
49547,3
49548,3
49549,3
49550,3
49551,3
49552,3
49553,3
49554,2
49555,2
49556,2
49557,3
49558,3
49559,3
49560,2
49561,3
49562,3
49563,3
49564,3
49565,2
49566,2
49567,3
49568,2
49569,3
49570,3
49571,2
49572,3
49573,3
49574,3
49575,2
49576,2
49577,2
49578,3
49579,2
49580,2
49581,2
49582,2
49583,2
49584,2
49585,3
49586,3
49587,0
49588,3
49589,2
49590,3
49591,3
49592,3
49593,2
49594,3
49595,2
49596,2
49597,0
49598,2
49599,2
49600,2
49601,2
49602,2
49603,2
49604,3
49605,2
49606,3
49607,3
49608,2
49609,2
49610,2
49611,2
49612,2
49613,2
49614,2
49615,2
49616,2
49617,2
49618,2
49619,2
49620,2
49621,2
49622,2
49623,3
49624,2
49625,2
49626,2
49627,3
49628,2
49629,2
49630,2
49631,2
49632,2
49633,2
49634,2
49635,2
49636,2
49637,2
49638,2
49639,2
49640,2
49641,3
49642,2
49643,0
49644,2
49645,2
49646,2
49647,2
49648,2
49649,2
49650,3
49651,3
49652,3
49653,2
49654,3
49655,3
49656,3
49657,3
49658,2
49659,2
49660,3
49661,2
49662,2
49663,2
49664,3
49665,2
49666,3
49667,2
49668,3
49669,2
49670,2
49671,2
49672,2
49673,3
49674,2
49675,3
49676,2
49677,2
49678,2
49679,2
49680,2
49681,2
49682,2
49683,2
49684,2
49685,2
49686,2
49687,2
49688,3
49689,2
49690,0
49691,2
49692,2
49693,2
49694,2
49695,2
49696,2
49697,2
49698,2
49699,2
49700,2
49701,2
49702,2
49703,2
49704,2
49705,2
49706,2
49707,2
49708,2
49709,3
49710,2
49711,2
49712,3
49713,3
49714,0
49715,2
49716,2
49717,2
49718,2
49719,2
49720,0
49721,2
49722,2
49723,2
49724,2
49725,3
49726,2
49727,2
49728,3
49729,2
49730,2
49731,2
49732,3
49733,3
49734,2
49735,3
49736,2
49737,2
49738,2
49739,3
49740,2
49741,2
49742,2
49743,3
49744,2
49745,3
49746,2
49747,2
49748,2
49749,2
49750,3
49751,2
49752,3
49753,3
49754,3
49755,3
49756,2
49757,3
49758,3
49759,2
49760,3
49761,2
49762,2
49763,2
49764,2
49765,3
49766,2
49767,2
49768,2
49769,2
49770,2
49771,2
49772,2
49773,2
49774,0
49775,2
49776,2
49777,2
49778,2
49779,2
49780,2
49781,2
49782,2
49783,2
49784,2
49785,2
49786,2
49787,2
49788,2
49789,2
49790,2
49791,2
49792,2
49793,2
49794,2
49795,2
49796,2
49797,2
49798,2
49799,2
49800,2
49801,2
49802,2
49803,2
49804,2
49805,2
49806,2
49807,2
49808,2
49809,2
49810,2
49811,2
49812,3
49813,2
49814,2
49815,0
49816,2
49817,2
49818,2
49819,3
49820,2
49821,3
49822,2
49823,2
49824,2
49825,2
49826,2
49827,2
49828,3
49829,3
49830,3
49831,2
49832,2
49833,2
49834,2
49835,2
49836,2
49837,3
49838,3
49839,2
49840,3
49841,2
49842,2
49843,2
49844,2
49845,2
49846,2
49847,2
49848,2
49849,2
49850,2
49851,2
49852,2
49853,3
49854,3
49855,2
49856,2
49857,2
49858,2
49859,3
49860,2
49861,2
49862,2
49863,2
49864,3
49865,3
49866,2
49867,2
49868,2
49869,3
49870,3
49871,2
49872,2
49873,2
49874,2
49875,2
49876,2
49877,2
49878,2
49879,2
49880,2
49881,0
49882,2
49883,2
49884,2
49885,2
49886,2
49887,2
49888,3
49889,3
49890,2
49891,3
49892,3
49893,2
49894,2
49895,2
49896,2
49897,2
49898,2
49899,2
49900,2
49901,2
49902,2
49903,2
49904,2
49905,2
49906,3
49907,3
49908,3
49909,3
49910,3
49911,2
49912,3
49913,2
49914,3
49915,3
49916,2
49917,2
49918,2
49919,2
49920,2
49921,2
49922,2
49923,2
49924,0
49925,3
49926,2
49927,2
49928,2
49929,2
49930,2
49931,2
49932,2
49933,3
49934,2
49935,2
49936,2
49937,2
49938,2
49939,2
49940,2
49941,2
49942,2
49943,2
49944,2
49945,2
49946,2
49947,2
49948,2
49949,2
49950,2
49951,2
49952,2
49953,2
49954,2
49955,2
49956,2
49957,2
49958,2
49959,2
49960,2
49961,2
49962,2
49963,2
49964,2
49965,2
49966,2
49967,2
49968,2
49969,2
49970,2
49971,2
49972,2
49973,2
49974,2
49975,2
49976,2
49977,2
49978,2
49979,2
49980,2
49981,2
49982,2
49983,2
49984,2
49985,2
49986,2
49987,2
49988,2
49989,2
49990,2
49991,2
49992,2
49993,2
49994,2
49995,2
49996,2
49997,2
49998,2
49999,2
50000,2
50001,2
50002,2
50003,2
50004,2
50005,2
50006,2
50007,2
50008,2
50009,2
50010,2
50011,2
50012,2
50013,2
50014,2
50015,2
50016,2
50017,2
50018,2
50019,2
50020,2
50021,2
50022,2
50023,2
50024,2
50025,2
50026,2
50027,2
50028,2
50029,2
50030,2
50031,3
50032,2
50033,2
50034,2
50035,0
50036,0
50037,2
50038,3
50039,2
50040,3
50041,3
50042,2
50043,3
50044,2
50045,2
50046,3
50047,2
50048,2
50049,2
50050,2
50051,2
50052,2
50053,2
50054,2
50055,2
50056,2
50057,2
50058,2
50059,2
50060,2
50061,2
50062,2
50063,2
50064,2
50065,2
50066,2
50067,2
50068,2
50069,2
50070,2
50071,2
50072,2
50073,2
50074,2
50075,2
50076,2
50077,2
50078,2
50079,2
50080,2
50081,2
50082,2
50083,2
50084,2
50085,2
50086,2
50087,2
50088,2
50089,2
50090,2
50091,2
50092,2
50093,2
50094,2
50095,2
50096,2
50097,2
50098,2
50099,2
50100,2
50101,2
50102,3
50103,2
50104,2
50105,3
50106,2
50107,2
50108,3
50109,2
50110,2
50111,2
50112,3
50113,2
50114,2
50115,2
50116,2
50117,3
50118,2
50119,2
50120,2
50121,2
50122,2
50123,2
50124,2
50125,2
50126,2
50127,2
50128,2
50129,2
50130,2
50131,2
50132,2
50133,2
50134,2
50135,2
50136,2
50137,2
50138,2
50139,2
50140,2
50141,2
50142,2
50143,2
50144,2
50145,2
50146,2
50147,2
50148,2
50149,2
50150,2
50151,2
50152,2
50153,2
50154,2
50155,2
50156,2
50157,2
50158,2
50159,2
50160,2
50161,2
50162,2
50163,2
50164,2
50165,2
50166,2
50167,2
50168,2
50169,2
50170,2
50171,2
50172,2
50173,2
50174,2
50175,2
50176,2
50177,2
50178,2
50179,2
50180,2
50181,2
50182,2
50183,2
50184,2
50185,2
50186,2
50187,2
50188,2
50189,2
50190,2
50191,2
50192,2
50193,2
50194,2
50195,2
50196,2
50197,2
50198,2
50199,2
50200,2
50201,2
50202,2
50203,2
50204,2
50205,2
50206,2
50207,2
50208,2
50209,2
50210,2
50211,2
50212,2
50213,2
50214,2
50215,2
50216,2
50217,2
50218,2
50219,2
50220,2
50221,2
50222,2
50223,2
50224,2
50225,2
50226,2
50227,2
50228,3
50229,2
50230,2
50231,2
50232,2
50233,2
50234,2
50235,2
50236,2
50237,2
50238,2
50239,2
50240,2
50241,2
50242,2
50243,2
50244,2
50245,2
50246,2
50247,2
50248,2
50249,3
50250,2
50251,2
50252,2
50253,2
50254,2
50255,2
50256,2
50257,2
50258,2
50259,2
50260,2
50261,2
50262,2
50263,2
50264,2
50265,2
50266,2
50267,2
50268,2
50269,2
50270,2
50271,2
50272,2
50273,2
50274,2
50275,2
50276,2
50277,2
50278,2
50279,2
50280,2
50281,2
50282,2
50283,2
50284,2
50285,2
50286,2
50287,2
50288,2
50289,2
50290,2
50291,2
50292,2
50293,2
50294,2
50295,2
50296,2
50297,2
50298,2
50299,2
50300,2
50301,2
50302,2
50303,2
50304,2
50305,2
50306,2
50307,2
50308,2
50309,2
50310,2
50311,2
50312,2
50313,2
50314,2
50315,2
50316,2
50317,2
50318,2
50319,2
50320,2
50321,2
50322,2
50323,2
50324,2
50325,2
50326,2
50327,2
50328,2
50329,2
50330,2
50331,2
50332,2
50333,2
50334,2
50335,2
50336,2
50337,2
50338,2
50339,2
50340,2
50341,2
50342,2
50343,2
50344,2
50345,2
50346,2
50347,2
50348,2
50349,2
50350,2
50351,2
50352,2
50353,2
50354,2
50355,2
50356,2
50357,2
50358,2
50359,2
50360,2
50361,2
50362,2
50363,2
50364,2
50365,2
50366,2
50367,2
50368,2
50369,2
50370,2
50371,2
50372,2
50373,2
50374,2
50375,2
50376,2
50377,2
50378,2
50379,2
50380,2
50381,2
50382,2
50383,2
50384,2
50385,2
50386,2
50387,2
50388,2
50389,2
50390,2
50391,2
50392,2
50393,2
50394,2
50395,2
50396,2
50397,2
50398,2
50399,2
50400,2
50401,2
50402,2
50403,2
50404,2
50405,2
50406,2
50407,2
50408,2
50409,2
50410,2
50411,2
50412,2
50413,2
50414,2
50415,3
50416,2
50417,2
50418,2
50419,2
50420,2
50421,2
50422,2
50423,2
50424,2
50425,2
50426,2
50427,2
50428,2
50429,2
50430,2
50431,2
50432,2
50433,3
50434,2
50435,2
50436,2
50437,3
50438,2
50439,3
50440,3
50441,3
50442,3
50443,2
50444,2
50445,3
50446,3
50447,2
50448,2
50449,2
50450,2
50451,2
50452,2
50453,2
50454,2
50455,2
50456,2
50457,2
50458,2
50459,2
50460,2
50461,2
50462,3
50463,2
50464,2
50465,2
50466,2
50467,2
50468,2
50469,2
50470,2
50471,2
50472,2
50473,2
50474,2
50475,2
50476,2
50477,2
50478,2
50479,2
50480,2
50481,2
50482,2
50483,3
50484,3
50485,2
50486,2
50487,2
50488,2
50489,2
50490,3
50491,2
50492,2
50493,2
50494,2
50495,0
50496,2
50497,2
50498,2
50499,2
50500,2
50501,2
50502,2
50503,2
50504,2
50505,2
50506,2
50507,2
50508,2
50509,2
50510,2
50511,2
50512,2
50513,2
50514,3
50515,3
50516,2
50517,2
50518,2
50519,2
50520,1
50521,3
50522,1
50523,3
50524,2
50525,2
50526,2
50527,2
50528,2
50529,2
50530,3
50531,2
50532,3
50533,2
50534,3
50535,2
50536,2
50537,2
50538,2
50539,2
50540,2
50541,2
50542,3
50543,2
50544,2
50545,3
50546,3
50547,2
50548,2
50549,2
50550,3
50551,3
50552,3
50553,2
50554,2
50555,3
50556,2
50557,3
50558,2
50559,3
50560,3
50561,3
50562,2
50563,3
50564,2
50565,3
50566,3
50567,2
50568,2
50569,2
50570,2
50571,2
50572,3
50573,3
50574,3
50575,3
50576,3
50577,2
50578,3
50579,3
50580,2
50581,3
50582,3
50583,2
50584,3
50585,2
50586,2
50587,3
50588,2
50589,2
50590,2
50591,2
50592,3
50593,3
50594,3
50595,3
50596,3
50597,3
50598,3
50599,2
50600,2
50601,3
50602,2
50603,3
50604,2
50605,2
50606,2
50607,2
50608,3
50609,3
50610,3
50611,3
50612,3
50613,3
50614,3
50615,3
50616,3
50617,3
50618,3
50619,3
50620,3
50621,3
50622,3
50623,3
50624,3
50625,3
50626,3
50627,3
50628,3
50629,3
50630,3
50631,3
50632,0
50633,2
50634,3
50635,3
50636,3
50637,3
50638,2
50639,2
50640,2
50641,3
50642,2
50643,3
50644,3
50645,3
50646,3
50647,3
50648,3
50649,2
50650,3
50651,3
50652,3
50653,3
50654,3
50655,2
50656,3
50657,3
50658,0
50659,2
50660,3
50661,2
50662,3
50663,3
50664,3
50665,0
50666,3
50667,3
50668,3
50669,0
50670,2
50671,3
50672,3
50673,0
50674,3
50675,2
50676,2
50677,2
50678,2
50679,3
50680,3
50681,3
50682,3
50683,3
50684,3
50685,2
50686,3
50687,3
50688,3
50689,3
50690,3
50691,0
50692,3
50693,2
50694,3
50695,3
50696,3
50697,3
50698,2
50699,4
50700,3
50701,3
50702,3
50703,3
50704,3
50705,3
50706,3
50707,3
50708,3
50709,3
50710,3
50711,3
50712,3
50713,3
50714,3
50715,3
50716,3
50717,3
50718,3
50719,0
50720,2
50721,3
50722,3
50723,3
50724,3
50725,3
50726,3
50727,3
50728,3
50729,3
50730,3
50731,3
50732,3
50733,4
50734,3
50735,3
50736,3
50737,3
50738,3
50739,4
50740,3
50741,3
50742,3
50743,3
50744,3
50745,3
50746,3
50747,3
50748,3
50749,3
50750,3
50751,3
50752,3
50753,3
50754,3
50755,3
50756,2
50757,3
50758,2
50759,2
50760,2
50761,2
50762,2
50763,2
50764,2
50765,2
50766,2
50767,2
50768,2
50769,2
50770,2
50771,2
50772,2
50773,2
50774,2
50775,2
50776,2
50777,2
50778,2
50779,2
50780,2
50781,2
50782,3
50783,2
50784,2
50785,2
50786,2
50787,2
50788,2
50789,2
50790,2
50791,2
50792,2
50793,2
50794,3
50795,2
50796,3
50797,2
50798,3
50799,2
50800,3
50801,3
50802,3
50803,3
50804,3
50805,3
50806,3
50807,3
50808,2
50809,0
50810,3
50811,3
50812,3
50813,3
50814,3
50815,3
50816,3
50817,3
50818,3
50819,3
50820,2
50821,2
50822,2
50823,2
50824,3
50825,3
50826,2
50827,3
50828,3
50829,2
50830,3
50831,0
50832,3
50833,3
50834,2
50835,2
50836,3
50837,2
50838,2
50839,2
50840,2
50841,2
50842,2
50843,2
50844,2
50845,2
50846,2
50847,2
50848,2
50849,2
50850,2
50851,2
50852,2
50853,2
50854,2
50855,2
50856,1
50857,2
50858,2
50859,3
50860,3
50861,3
50862,3
50863,3
50864,3
50865,3
50866,3
50867,4
50868,3
50869,3
50870,3
50871,3
50872,3
50873,2
50874,2
50875,3
50876,3
50877,3
50878,2
50879,2
50880,2
50881,2
50882,2
50883,2
50884,2
50885,2
50886,2
50887,2
50888,2
50889,2
50890,2
50891,2
50892,2
50893,2
50894,2
50895,3
50896,2
50897,2
50898,2
50899,2
50900,2
50901,2
50902,2
50903,2
50904,2
50905,2
50906,2
50907,0
50908,2
50909,0
50910,2
50911,3
50912,3
50913,2
50914,2
50915,2
50916,2
50917,2
50918,3
50919,2
50920,2
50921,2
50922,2
50923,2
50924,2
50925,2
50926,2
50927,2
50928,2
50929,2
50930,2
50931,2
50932,2
50933,2
50934,3
50935,3
50936,3
50937,3
50938,2
50939,3
50940,3
50941,2
50942,2
50943,3
50944,2
50945,2
50946,2
50947,2
50948,2
50949,2
50950,2
50951,2
50952,2
50953,2
50954,2
50955,2
50956,2
50957,2
50958,2
50959,2
50960,2
50961,2
50962,2
50963,2
50964,2
50965,2
50966,3
50967,2
50968,3
50969,3
50970,2
50971,2
50972,2
50973,2
50974,2
50975,2
50976,3
50977,2
50978,2
50979,2
50980,2
50981,2
50982,2
50983,2
50984,2
50985,2
50986,2
50987,2
50988,2
50989,2
50990,2
50991,2
50992,2
50993,2
50994,2
50995,2
50996,2
50997,2
50998,3
50999,2
51000,3
51001,2
51002,3
51003,3
51004,3
51005,3
51006,3
51007,2
51008,3
51009,2
51010,3
51011,2
51012,2
51013,2
51014,2
51015,3
51016,3
51017,3
51018,3
51019,3
51020,3
51021,3
51022,2
51023,2
51024,2
51025,2
51026,2
51027,2
51028,2
51029,0
51030,2
51031,2
51032,2
51033,2
51034,2
51035,2
51036,2
51037,2
51038,2
51039,2
51040,2
51041,2
51042,3
51043,2
51044,3
51045,3
51046,3
51047,3
51048,3
51049,0
51050,3
51051,3
51052,3
51053,3
51054,2
51055,3
51056,2
51057,2
51058,2
51059,2
51060,2
51061,2
51062,2
51063,2
51064,3
51065,2
51066,2
51067,2
51068,3
51069,3
51070,3
51071,2
51072,3
51073,3
51074,3
51075,3
51076,2
51077,3
51078,2
51079,2
51080,2
51081,2
51082,2
51083,3
51084,2
51085,3
51086,3
51087,3
51088,2
51089,2
51090,3
51091,3
51092,3
51093,2
51094,2
51095,2
51096,2
51097,2
51098,2
51099,2
51100,2
51101,2
51102,2
51103,3
51104,3
51105,3
51106,2
51107,2
51108,2
51109,2
51110,2
51111,2
51112,2
51113,0
51114,2
51115,2
51116,2
51117,2
51118,3
51119,3
51120,2
51121,2
51122,2
51123,2
51124,2
51125,2
51126,3
51127,3
51128,2
51129,2
51130,2
51131,5
51132,2
51133,2
51134,2
51135,2
51136,2
51137,0
51138,2
51139,3
51140,2
51141,2
51142,2
51143,2
51144,2
51145,3
51146,2
51147,2
51148,2
51149,2
51150,3
51151,2
51152,2
51153,2
51154,2
51155,2
51156,2
51157,2
51158,2
51159,2
51160,2
51161,2
51162,2
51163,2
51164,2
51165,2
51166,2
51167,2
51168,3
51169,3
51170,2
51171,2
51172,3
51173,3
51174,2
51175,3
51176,3
51177,2
51178,3
51179,3
51180,3
51181,3
51182,3
51183,3
51184,2
51185,3
51186,3
51187,3
51188,3
51189,0
51190,2
51191,2
51192,2
51193,2
51194,2
51195,2
51196,2
51197,2
51198,2
51199,2
51200,2
51201,2
51202,2
51203,2
51204,2
51205,2
51206,2
51207,2
51208,2
51209,2
51210,2
51211,3
51212,3
51213,2
51214,2
51215,2
51216,2
51217,2
51218,2
51219,0
51220,2
51221,2
51222,2
51223,2
51224,2
51225,2
51226,2
51227,2
51228,2
51229,2
51230,2
51231,2
51232,2
51233,2
51234,2
51235,2
51236,2
51237,2
51238,2
51239,2
51240,2
51241,2
51242,2
51243,2
51244,2
51245,2
51246,2
51247,2
51248,2
51249,2
51250,2
51251,2
51252,2
51253,2
51254,2
51255,2
51256,2
51257,2
51258,2
51259,2
51260,0
51261,2
51262,2
51263,3
51264,2
51265,2
51266,2
51267,2
51268,2
51269,2
51270,2
51271,2
51272,2
51273,2
51274,2
51275,2
51276,2
51277,2
51278,2
51279,2
51280,2
51281,2
51282,2
51283,2
51284,2
51285,2
51286,2
51287,2
51288,2
51289,2
51290,2
51291,2
51292,2
51293,2
51294,2
51295,2
51296,2
51297,2
51298,2
51299,2
51300,2
51301,2
51302,2
51303,2
51304,2
51305,2
51306,2
51307,2
51308,2
51309,2
51310,2
51311,2
51312,2
51313,2
51314,2
51315,2
51316,2
51317,2
51318,2
51319,2
51320,2
51321,2
51322,2
51323,2
51324,2
51325,2
51326,2
51327,2
51328,2
51329,2
51330,2
51331,2
51332,2
51333,2
51334,2
51335,2
51336,2
51337,2
51338,2
51339,2
51340,2
51341,2
51342,2
51343,2
51344,2
51345,0
51346,2
51347,2
51348,2
51349,3
51350,2
51351,2
51352,2
51353,2
51354,2
51355,2
51356,2
51357,2
51358,2
51359,2
51360,2
51361,2
51362,2
51363,2
51364,2
51365,2
51366,2
51367,2
51368,2
51369,2
51370,2
51371,2
51372,2
51373,2
51374,2
51375,2
51376,2
51377,2
51378,2
51379,2
51380,2
51381,2
51382,2
51383,2
51384,2
51385,2
51386,2
51387,2
51388,2
51389,2
51390,2
51391,2
51392,2
51393,2
51394,2
51395,2
51396,2
51397,2
51398,2
51399,2
51400,2
51401,2
51402,2
51403,2
51404,2
51405,3
51406,2
51407,2
51408,2
51409,2
51410,2
51411,2
51412,2
51413,2
51414,2
51415,2
51416,2
51417,2
51418,2
51419,2
51420,2
51421,2
51422,2
51423,2
51424,2
51425,2
51426,2
51427,2
51428,2
51429,2
51430,2
51431,2
51432,2
51433,2
51434,2
51435,2
51436,2
51437,2
51438,2
51439,2
51440,2
51441,2
51442,2
51443,2
51444,2
51445,2
51446,2
51447,2
51448,2
51449,2
51450,2
51451,2
51452,2
51453,2
51454,2
51455,2
51456,2
51457,2
51458,0
51459,2
51460,3
51461,3
51462,2
51463,2
51464,2
51465,2
51466,2
51467,2
51468,3
51469,3
51470,2
51471,2
51472,2
51473,2
51474,2
51475,2
51476,2
51477,3
51478,2
51479,2
51480,2
51481,2
51482,2
51483,0
51484,2
51485,2
51486,2
51487,2
51488,2
51489,2
51490,2
51491,2
51492,2
51493,2
51494,2
51495,2
51496,3
51497,3
51498,3
51499,3
51500,3
51501,3
51502,3
51503,3
51504,3
51505,3
51506,3
51507,3
51508,3
51509,3
51510,3
51511,3
51512,3
51513,3
51514,3
51515,3
51516,3
51517,3
51518,3
51519,3
51520,3
51521,0
51522,3
51523,3
51524,3
51525,3
51526,3
51527,2
51528,3
51529,3
51530,3
51531,3
51532,3
51533,2
51534,3
51535,3
51536,3
51537,3
51538,0
51539,3
51540,3
51541,3
51542,3
51543,3
51544,3
51545,3
51546,2
51547,3
51548,3
51549,4
51550,3
51551,3
51552,3
51553,3
51554,3
51555,3
51556,3
51557,3
51558,3
51559,3
51560,3
51561,3
51562,3
51563,2
51564,3
51565,3
51566,2
51567,3
51568,3
51569,3
51570,3
51571,3
51572,3
51573,3
51574,2
51575,3
51576,3
51577,2
51578,2
51579,3
51580,3
51581,3
51582,2
51583,0
51584,3
51585,3
51586,3
51587,3
51588,3
51589,3
51590,3
51591,3
51592,3
51593,3
51594,2
51595,3
51596,3
51597,3
51598,3
51599,4
51600,3
51601,3
51602,3
51603,3
51604,3
51605,3
51606,3
51607,3
51608,3
51609,3
51610,0
51611,1
51612,1
51613,0
51614,0
51615,0
51616,0
51617,0
51618,3
51619,0
51620,2
51621,0
51622,3
51623,0
51624,3
51625,1
51626,1
51627,0
51628,3
51629,3
51630,3
51631,3
51632,3
51633,3
51634,2
51635,2
51636,2
51637,3
51638,3
51639,3
51640,3
51641,2
51642,3
51643,3
51644,3
51645,3
51646,3
51647,3
51648,3
51649,3
51650,3
51651,3
51652,3
51653,2
51654,2
51655,3
51656,2
51657,2
51658,3
51659,2
51660,3
51661,3
51662,2
51663,3
51664,2
51665,3
51666,0
51667,0
51668,0
51669,0
51670,2
51671,0
51672,0
51673,2
51674,3
51675,0
51676,2
51677,2
51678,3
51679,2
51680,3
51681,3
51682,0
51683,0
51684,2
51685,0
51686,0
51687,0
51688,0
51689,0
51690,0
51691,0
51692,0
51693,0
51694,0
51695,0
51696,0
51697,2
51698,0
51699,0
51700,0
51701,1
51702,2
51703,0
51704,0
51705,3
51706,3
51707,3
51708,3
51709,3
51710,3
51711,3
51712,2
51713,3
51714,2
51715,3
51716,4
51717,2
51718,0
51719,0
51720,0
51721,0
51722,0
51723,0
51724,0
51725,0
51726,2
51727,0
51728,0
51729,0
51730,0
51731,0
51732,0
51733,0
51734,0
51735,0
51736,0
51737,0
51738,3
51739,0
51740,0
51741,0
51742,0
51743,3
51744,0
51745,0
51746,0
51747,3
51748,3
51749,2
51750,2
51751,2
51752,2
51753,2
51754,2
51755,2
51756,0
51757,2
51758,3
51759,2
51760,2
51761,1
51762,3
51763,2
51764,2
51765,3
51766,3
51767,2
51768,2
51769,3
51770,2
51771,2
51772,2
51773,2
51774,2
51775,2
51776,2
51777,2
51778,2
51779,2
51780,2
51781,2
51782,2
51783,0
51784,2
51785,2
51786,2
51787,2
51788,2
51789,2
51790,2
51791,2
51792,2
51793,2
51794,2
51795,2
51796,2
51797,3
51798,3
51799,3
51800,3
51801,3
51802,3
51803,3
51804,2
51805,2
51806,2
51807,2
51808,2
51809,2
51810,2
51811,2
51812,2
51813,2
51814,2
51815,2
51816,2
51817,2
51818,2
51819,3
51820,3
51821,3
51822,2
51823,3
51824,2
51825,2
51826,2
51827,2
51828,2
51829,2
51830,3
51831,2
51832,3
51833,3
51834,2
51835,2
51836,3
51837,3
51838,2
51839,2
51840,3
51841,2
51842,2
51843,2
51844,3
51845,3
51846,3
51847,3
51848,2
51849,3
51850,3
51851,3
51852,3
51853,2
51854,2
51855,2
51856,2
51857,3
51858,3
51859,3
51860,3
51861,2
51862,2
51863,2
51864,2
51865,2
51866,3
51867,2
51868,3
51869,2
51870,2
51871,2
51872,3
51873,2
51874,2
51875,2
51876,3
51877,3
51878,2
51879,3
51880,2
51881,3
51882,3
51883,2
51884,2
51885,2
51886,2
51887,3
51888,3
51889,3
51890,3
51891,2
51892,3
51893,3
51894,3
51895,3
51896,3
51897,3
51898,3
51899,3
51900,3
51901,3
51902,3
51903,3
51904,3
51905,3
51906,3
51907,3
51908,3
51909,3
51910,3
51911,3
51912,3
51913,3
51914,3
51915,3
51916,2
51917,3
51918,3
51919,3
51920,3
51921,3
51922,3
51923,3
51924,3
51925,3
51926,3
51927,3
51928,3
51929,3
51930,3
51931,3
51932,3
51933,3
51934,3
51935,3
51936,3
51937,3
51938,2
51939,3
51940,3
51941,3
51942,3
51943,3
51944,3
51945,2
51946,0
51947,0
51948,3
51949,2
51950,2
51951,3
51952,3
51953,3
51954,3
51955,3
51956,3
51957,2
51958,0
51959,0
51960,2
51961,0
51962,2
51963,2
51964,3
51965,0
51966,0
51967,1
51968,1
51969,0
51970,0
51971,2
51972,0
51973,0
51974,0
51975,0
51976,0
51977,0
51978,3
51979,0
51980,0
51981,0
51982,0
51983,0
51984,0
51985,0
51986,0
51987,0
51988,0
51989,0
51990,0
51991,0
51992,0
51993,2
51994,0
51995,2
51996,0
51997,0
51998,1
51999,3
52000,1
52001,3
52002,1
52003,3
52004,3
52005,1
52006,3
52007,1
52008,3
52009,3
52010,3
52011,1
52012,1
52013,1
52014,3
52015,1
52016,3
52017,1
52018,3
52019,3
52020,3
52021,3
52022,1
52023,3
52024,1
52025,3
52026,3
52027,3
52028,0
52029,0
52030,1
52031,3
52032,1
52033,3
52034,0
52035,3
52036,3
52037,3
52038,0
52039,0
52040,0
52041,0
52042,3
52043,0
52044,0
52045,0
52046,2
52047,2
52048,0
52049,0
52050,0
52051,0
52052,3
52053,3
52054,1
52055,3
52056,3
52057,3
52058,3
52059,3
52060,3
52061,0
52062,1
52063,3
52064,3
52065,3
52066,3
52067,3
52068,2
52069,3
52070,3
52071,2
52072,3
52073,3
52074,3
52075,3
52076,2
52077,3
52078,3
52079,3
52080,3
52081,3
52082,3
52083,3
52084,3
52085,3
52086,3
52087,3
52088,3
52089,3
52090,3
52091,3
52092,3
52093,3
52094,3
52095,1
52096,1
52097,1
52098,3
52099,1
52100,3
52101,3
52102,3
52103,3
52104,3
52105,3
52106,3
52107,1
52108,1
52109,1
52110,1
52111,3
52112,3
52113,3
52114,3
52115,0
52116,3
52117,3
52118,3
52119,3
52120,0
52121,2
52122,0
52123,3
52124,3
52125,1
52126,3
52127,3
52128,2
52129,2
52130,3
52131,3
52132,0
52133,1
52134,0
52135,3
52136,3
52137,3
52138,3
52139,3
52140,3
52141,3
52142,2
52143,3
52144,3
52145,3
52146,3
52147,3
52148,3
52149,0
52150,0
52151,1
52152,2
52153,3
52154,3
52155,2
52156,0
52157,2
52158,0
52159,1
52160,1
52161,3
52162,3
52163,3
52164,3
52165,3
52166,3
52167,3
52168,3
52169,3
52170,3
52171,3
52172,3
52173,3
52174,3
52175,3
52176,3
52177,3
52178,3
52179,3
52180,3
52181,3
52182,3
52183,2
52184,1
52185,3
52186,1
52187,2
52188,3
52189,1
52190,1
52191,3
52192,1
52193,1
52194,1
52195,3
52196,2
52197,2
52198,0
52199,0
52200,0
52201,0
52202,0
52203,0
52204,0
52205,2
52206,3
52207,0
52208,3
52209,3
52210,1
52211,3
52212,1
52213,3
52214,3
52215,1
52216,2
52217,3
52218,3
52219,3
52220,3
52221,3
52222,1
52223,3
52224,1
52225,3
52226,3
52227,3
52228,3
52229,3
52230,0
52231,3
52232,3
52233,2
52234,3
52235,3
52236,0
52237,0
52238,0
52239,0
52240,0
52241,0
52242,0
52243,0
52244,0
52245,0
52246,0
52247,0
52248,0
52249,0
52250,0
52251,0
52252,0
52253,0
52254,0
52255,2
52256,3
52257,3
52258,3
52259,3
52260,0
52261,3
52262,3
52263,3
52264,3
52265,1
52266,1
52267,1
52268,1
52269,1
52270,1
52271,3
52272,3
52273,3
52274,3
52275,1
52276,3
52277,3
52278,3
52279,3
52280,3
52281,1
52282,1
52283,1
52284,3
52285,3
52286,3
52287,2
52288,3
52289,1
52290,3
52291,3
52292,1
52293,1
52294,3
52295,3
52296,3
52297,2
52298,3
52299,3
52300,3
52301,3
52302,3
52303,3
52304,3
52305,3
52306,3
52307,3
52308,2
52309,2
52310,3
52311,0
52312,3
52313,3
52314,3
52315,3
52316,3
52317,3
52318,3
52319,3
52320,3
52321,3
52322,3
52323,1
52324,3
52325,3
52326,0
52327,2
52328,3
52329,1
52330,1
52331,1
52332,2
52333,2
52334,2
52335,1
52336,1
52337,1
52338,1
52339,1
52340,3
52341,0
52342,0
52343,0
52344,3
52345,3
52346,0
52347,3
52348,0
52349,3
52350,0
52351,0
52352,3
52353,3
52354,3
52355,3
52356,3
52357,3
52358,3
52359,3
52360,3
52361,3
52362,3
52363,3
52364,3
52365,3
52366,3
52367,1
52368,3
52369,3
52370,3
52371,3
52372,3
52373,3
52374,3
52375,3
52376,3
52377,3
52378,3
52379,3
52380,3
52381,3
52382,3
52383,1
52384,3
52385,3
52386,3
52387,0
52388,3
52389,3
52390,3
52391,1
52392,3
52393,2
52394,3
52395,3
52396,3
52397,3
52398,3
52399,3
52400,3
52401,3
52402,3
52403,3
52404,3
52405,0
52406,3
52407,0
52408,3
52409,3
52410,3
52411,0
52412,0
52413,0
52414,0
52415,0
52416,0
52417,0
52418,3
52419,0
52420,0
52421,0
52422,0
52423,0
52424,0
52425,0
52426,0
52427,0
52428,3
52429,0
52430,3
52431,3
52432,0
52433,0
52434,3
52435,3
52436,2
52437,0
52438,0
52439,3
52440,3
52441,3
52442,3
52443,3
52444,3
52445,0
52446,3
52447,3
52448,0
52449,3
52450,1
52451,3
52452,1
52453,3
52454,3
52455,3
52456,0
52457,0
52458,0
52459,0
52460,0
52461,2
52462,0
52463,0
52464,0
52465,0
52466,0
52467,0
52468,0
52469,0
52470,3
52471,0
52472,2
52473,0
52474,0
52475,0
52476,0
52477,2
52478,0
52479,0
52480,0
52481,0
52482,2
52483,3
52484,0
52485,3
52486,3
52487,3
52488,3
52489,3
52490,3
52491,3
52492,3
52493,3
52494,2
52495,3
52496,1
52497,3
52498,2
52499,3
52500,2
52501,3
52502,3
52503,3
52504,3
52505,3
52506,0
52507,0
52508,0
52509,3
52510,3
52511,3
52512,3
52513,3
52514,3
52515,3
52516,3
52517,3
52518,2
52519,2
52520,2
52521,3
52522,3
52523,3
52524,3
52525,3
52526,3
52527,3
52528,0
52529,0
52530,0
52531,2
52532,0
52533,3
52534,3
52535,3
52536,3
52537,3
52538,3
52539,2
52540,0
52541,3
52542,3
52543,2
52544,0
52545,2
52546,3
52547,1
52548,1
52549,3
52550,0
52551,0
52552,3
52553,0
52554,0
52555,0
52556,0
52557,0
52558,3
52559,0
52560,0
52561,0
52562,0
52563,0
52564,0
52565,0
52566,0
52567,0
52568,0
52569,0
52570,0
52571,2
52572,0
52573,0
52574,3
52575,0
52576,0
52577,0
52578,0
52579,3
52580,3
52581,0
52582,0
52583,0
52584,0
52585,3
52586,3
52587,0
52588,2
52589,0
52590,0
52591,0
52592,0
52593,3
52594,3
52595,0
52596,3
52597,1
52598,3
52599,2
52600,2
52601,0
52602,3
52603,2
52604,2
52605,3
52606,3
52607,3
52608,2
52609,3
52610,0
52611,0
52612,0
52613,0
52614,0
52615,0
52616,0
52617,0
52618,0
52619,0
52620,0
52621,0
52622,0
52623,0
52624,0
52625,2
52626,0
52627,0
52628,0
52629,0
52630,0
52631,0
52632,0
52633,0
52634,0
52635,0
52636,0
52637,3
52638,0
52639,1
52640,3
52641,1
52642,1
52643,3
52644,1
52645,3
52646,3
52647,0
52648,3
52649,3
52650,3
52651,3
52652,3
52653,3
52654,3
52655,3
52656,3
52657,3
52658,3
52659,3
52660,3
52661,3
52662,0
52663,0
52664,3
52665,3
52666,3
52667,3
52668,3
52669,3
52670,3
52671,3
52672,3
52673,3
52674,2
52675,3
52676,3
52677,3
52678,3
52679,3
52680,3
52681,3
52682,3
52683,3
52684,3
52685,3
52686,3
52687,3
52688,3
52689,3
52690,3
52691,3
52692,3
52693,0
52694,0
52695,0
52696,3
52697,0
52698,3
52699,0
52700,3
52701,3
52702,3
52703,3
52704,3
52705,0
52706,0
52707,0
52708,3
52709,3
52710,3
52711,3
52712,3
52713,3
52714,3
52715,3
52716,3
52717,3
52718,3
52719,3
52720,3
52721,3
52722,3
52723,3
52724,3
52725,3
52726,3
52727,3
52728,3
52729,3
52730,3
52731,3
52732,3
52733,3
52734,3
52735,3
52736,3
52737,1
52738,3
52739,3
52740,3
52741,3
52742,3
52743,3
52744,3
52745,3
52746,3
52747,3
52748,3
52749,3
52750,3
52751,3
52752,3
52753,3
52754,3
52755,3
52756,3
52757,3
52758,3
52759,3
52760,0
52761,0
52762,1
52763,3
52764,1
52765,3
52766,3
52767,3
52768,3
52769,3
52770,3
52771,3
52772,3
52773,3
52774,1
52775,3
52776,3
52777,1
52778,3
52779,3
52780,2
52781,3
52782,3
52783,3
52784,3
52785,3
52786,3
52787,3
52788,3
52789,3
52790,3
52791,3
52792,3
52793,3
52794,3
52795,3
52796,3
52797,3
52798,3
52799,3
52800,3
52801,3
52802,3
52803,3
52804,3
52805,3
52806,3
52807,3
52808,3
52809,3
52810,3
52811,1
52812,3
52813,3
52814,3
52815,3
52816,3
52817,3
52818,0
52819,0
52820,0
52821,0
52822,0
52823,0
52824,2
52825,0
52826,0
52827,0
52828,0
52829,0
52830,3
52831,3
52832,3
52833,2
52834,2
52835,0
52836,0
52837,0
52838,0
52839,0
52840,0
52841,0
52842,0
52843,0
52844,0
52845,0
52846,0
52847,0
52848,0
52849,0
52850,0
52851,0
52852,0
52853,0
52854,0
52855,3
52856,0
52857,0
52858,0
52859,0
52860,2
52861,0
52862,0
52863,0
52864,2
52865,0
52866,0
52867,0
52868,0
52869,0
52870,0
52871,0
52872,0
52873,0
52874,0
52875,0
52876,0
52877,0
52878,0
52879,0
52880,0
52881,0
52882,0
52883,0
52884,0
52885,0
52886,0
52887,0
52888,0
52889,0
52890,0
52891,0
52892,0
52893,3
52894,0
52895,0
52896,0
52897,0
52898,0
52899,0
52900,0
52901,0
52902,0
52903,0
52904,0
52905,0
52906,0
52907,0
52908,0
52909,0
52910,0
52911,0
52912,0
52913,0
52914,2
52915,0
52916,0
52917,0
52918,0
52919,0
52920,0
52921,0
52922,0
52923,3
52924,0
52925,0
52926,0
52927,0
52928,0
52929,0
52930,0
52931,0
52932,0
52933,0
52934,0
52935,3
52936,2
52937,0
52938,0
52939,0
52940,0
52941,0
52942,0
52943,0
52944,0
52945,3
52946,0
52947,0
52948,0
52949,3
52950,3
52951,0
52952,3
52953,0
52954,0
52955,0
52956,0
52957,2
52958,0
52959,0
52960,0
52961,0
52962,0
52963,0
52964,0
52965,3
52966,0
52967,0
52968,0
52969,0
52970,0
52971,0
52972,0
52973,0
52974,0
52975,0
52976,0
52977,0
52978,0
52979,0
52980,0
52981,0
52982,3
52983,3
52984,3
52985,2
52986,3
52987,1
52988,0
52989,0
52990,0
52991,0
52992,0
52993,2
52994,0
52995,0
52996,0
52997,3
52998,3
52999,3
53000,3
53001,3
53002,0
53003,0
53004,0
53005,0
53006,0
53007,0
53008,0
53009,0
53010,0
53011,2
53012,0
53013,0
53014,0
53015,0
53016,3
53017,0
53018,3
53019,3
53020,3
53021,3
53022,3
53023,3
53024,3
53025,3
53026,3
53027,3
53028,3
53029,2
53030,0
53031,3
53032,3
53033,3
53034,3
53035,3
53036,0
53037,3
53038,0
53039,0
53040,0
53041,0
53042,0
53043,0
53044,0
53045,0
53046,3
53047,3
53048,2
53049,3
53050,3
53051,3
53052,3
53053,0
53054,2
53055,0
53056,3
53057,1
53058,2
53059,0
53060,3
53061,3
53062,3
53063,3
53064,3
53065,3
53066,3
53067,2
53068,3
53069,3
53070,3
53071,1
53072,0
53073,0
53074,0
53075,3
53076,3
53077,3
53078,2
53079,2
53080,2
53081,3
53082,3
53083,3
53084,2
53085,0
53086,0
53087,0
53088,0
53089,0
53090,3
53091,3
53092,3
53093,3
53094,3
53095,3
53096,3
53097,3
53098,3
53099,2
53100,2
53101,2
53102,2
53103,2
53104,2
53105,3
53106,0
53107,2
53108,3
53109,2
53110,2
53111,2
53112,2
53113,3
53114,2
53115,3
53116,3
53117,2
53118,3
53119,3
53120,3
53121,3
53122,3
53123,3
53124,3
53125,3
53126,2
53127,3
53128,2
53129,3
53130,3
53131,2
53132,3
53133,3
53134,2
53135,2
53136,2
53137,2
53138,3
53139,3
53140,3
53141,3
53142,3
53143,3
53144,3
53145,2
53146,3
53147,3
53148,2
53149,2
53150,2
53151,3
53152,3
53153,3
53154,3
53155,0
53156,3
53157,3
53158,2
53159,2
53160,2
53161,3
53162,2
53163,2
53164,3
53165,3
53166,3
53167,3
53168,3
53169,3
53170,3
53171,2
53172,2
53173,2
53174,3
53175,3
53176,2
53177,3
53178,3
53179,3
53180,3
53181,3
53182,2
53183,3
53184,3
53185,3
53186,3
53187,0
53188,0
53189,0
53190,3
53191,0
53192,0
53193,0
53194,0
53195,0
53196,0
53197,0
53198,0
53199,0
53200,0
53201,0
53202,3
53203,3
53204,3
53205,2
53206,2
53207,2
53208,2
53209,3
53210,3
53211,3
53212,0
53213,0
53214,2
53215,3
53216,2
53217,2
53218,2
53219,2
53220,3
53221,3
53222,2
53223,0
53224,3
53225,3
53226,3
53227,3
53228,3
53229,3
53230,3
53231,2
53232,2
53233,3
53234,3
53235,2
53236,3
53237,3
53238,3
53239,2
53240,3
53241,3
53242,3
53243,2
53244,2
53245,3
53246,3
53247,3
53248,2
53249,3
53250,2
53251,2
53252,2
53253,0
53254,2
53255,2
53256,3
53257,2
53258,2
53259,2
53260,2
53261,2
53262,3
53263,3
53264,3
53265,2
53266,2
53267,2
53268,3
53269,2
53270,2
53271,3
53272,2
53273,2
53274,0
53275,2
53276,2
53277,2
53278,2
53279,2
53280,3
53281,2
53282,2
53283,3
53284,3
53285,2
53286,3
53287,2
53288,3
53289,3
53290,2
53291,3
53292,2
53293,3
53294,0
53295,3
53296,3
53297,3
53298,3
53299,2
53300,2
53301,3
53302,3
53303,2
53304,3
53305,3
53306,3
53307,3
53308,3
53309,3
53310,0
53311,3
53312,3
53313,3
53314,3
53315,3
53316,3
53317,3
53318,3
53319,3
53320,3
53321,3
53322,3
53323,3
53324,3
53325,3
53326,3
53327,3
53328,3
53329,2
53330,3
53331,3
53332,3
53333,3
53334,3
53335,2
53336,2
53337,3
53338,3
53339,3
53340,3
53341,3
53342,3
53343,3
53344,3
53345,3
53346,3
53347,3
53348,2
53349,3
53350,3
53351,3
53352,3
53353,3
53354,3
53355,3
53356,2
53357,2
53358,3
53359,3
53360,3
53361,3
53362,0
53363,3
53364,2
53365,3
53366,3
53367,3
53368,3
53369,3
53370,3
53371,2
53372,2
53373,2
53374,2
53375,2
53376,3
53377,2
53378,3
53379,3
53380,0
53381,3
53382,2
53383,2
53384,2
53385,2
53386,2
53387,2
53388,2
53389,3
53390,2
53391,3
53392,2
53393,2
53394,2
53395,3
53396,2
53397,2
53398,2
53399,3
53400,2
53401,2
53402,3
53403,3
53404,3
53405,3
53406,3
53407,3
53408,3
53409,3
53410,3
53411,3
53412,2
53413,3
53414,3
53415,2
53416,2
53417,3
53418,3
53419,3
53420,2
53421,2
53422,3
53423,2
53424,3
53425,3
53426,3
53427,2
53428,2
53429,3
53430,3
53431,3
53432,3
53433,3
53434,3
53435,0
53436,0
53437,2
53438,2
53439,2
53440,2
53441,2
53442,2
53443,2
53444,2
53445,3
53446,3
53447,2
53448,2
53449,3
53450,0
53451,3
53452,3
53453,3
53454,2
53455,2
53456,3
53457,2
53458,2
53459,2
53460,0
53461,0
53462,0
53463,0
53464,0
53465,0
53466,0
53467,0
53468,2
53469,0
53470,0
53471,0
53472,3
53473,3
53474,3
53475,3
53476,3
53477,3
53478,2
53479,2
53480,2
53481,2
53482,2
53483,0
53484,2
53485,0
53486,3
53487,1
53488,1
53489,3
53490,3
53491,3
53492,3
53493,3
53494,3
53495,3
53496,3
53497,2
53498,3
53499,3
53500,2
53501,0
53502,0
53503,2
53504,3
53505,3
53506,3
53507,3
53508,3
53509,3
53510,0
53511,2
53512,0
53513,2
53514,3
53515,1
53516,1
53517,3
53518,1
53519,0
53520,2
53521,3
53522,3
53523,3
53524,3
53525,3
53526,3
53527,2
53528,3
53529,3
53530,2
53531,3
53532,3
53533,3
53534,2
53535,2
53536,2
53537,0
53538,2
53539,0
53540,0
53541,0
53542,2
53543,2
53544,2
53545,3
53546,3
53547,3
53548,2
53549,3
53550,0
53551,3
53552,2
53553,3
53554,2
53555,0
53556,3
53557,2
53558,0
53559,2
53560,2
53561,0
53562,0
53563,2
53564,2
53565,0
53566,3
53567,0
53568,2
53569,3
53570,2
53571,2
53572,3
53573,2
53574,3
53575,0
53576,3
53577,3
53578,3
53579,0
53580,2
53581,2
53582,2
53583,2
53584,3
53585,3
53586,0
53587,3
53588,2
53589,1
53590,2
53591,2
53592,2
53593,3
53594,2
53595,2
53596,2
53597,2
53598,2
53599,2
53600,2
53601,2
53602,2
53603,2
53604,2
53605,2
53606,2
53607,2
53608,2
53609,2
53610,2
53611,2
53612,2
53613,2
53614,2
53615,2
53616,2
53617,2
53618,2
53619,2
53620,2
53621,2
53622,2
53623,2
53624,2
53625,2
53626,2
53627,2
53628,2
53629,2
53630,2
53631,2
53632,2
53633,2
53634,2
53635,2
53636,2
53637,2
53638,2
53639,2
53640,2
53641,2
53642,2
53643,2
53644,2
53645,2
53646,2
53647,2
53648,2
53649,2
53650,2
53651,2
53652,2
53653,2
53654,2
53655,2
53656,2
53657,2
53658,2
53659,2
53660,2
53661,2
53662,2
53663,2
53664,2
53665,2
53666,2
53667,2
53668,2
53669,2
53670,2
53671,2
53672,2
53673,2
53674,2
53675,2
53676,2
53677,2
53678,2
53679,2
53680,2
53681,2
53682,2
53683,2
53684,2
53685,2
53686,2
53687,2
53688,2
53689,2
53690,2
53691,2
53692,2
53693,2
53694,2
53695,2
53696,2
53697,2
53698,2
53699,2
53700,2
53701,2
53702,2
53703,2
53704,2
53705,2
53706,2
53707,2
53708,2
53709,2
53710,2
53711,2
53712,2
53713,2
53714,2
53715,2
53716,2
53717,2
53718,2
53719,2
53720,2
53721,2
53722,2
53723,2
53724,2
53725,2
53726,2
53727,2
53728,2
53729,2
53730,2
53731,2
53732,2
53733,2
53734,2
53735,2
53736,2
53737,2
53738,2
53739,2
53740,2
53741,2
53742,2
53743,2
53744,2
53745,2
53746,2
53747,2
53748,2
53749,2
53750,2
53751,2
53752,2
53753,2
53754,2
53755,2
53756,2
53757,2
53758,2
53759,1
53760,3
53761,2
53762,2
53763,2
53764,2
53765,2
53766,1
53767,1
53768,1
53769,1
53770,1
53771,1
53772,1
53773,1
53774,1
53775,1
53776,1
53777,1
53778,1
53779,1
53780,1
53781,1
53782,1
53783,2
53784,2
53785,2
53786,2
53787,2
53788,1
53789,1
53790,1
53791,1
53792,3
53793,3
53794,3
53795,3
53796,3
53797,3
53798,3
53799,3
53800,3
53801,3
53802,2
53803,0
53804,2
53805,0
53806,3
53807,3
53808,3
53809,2
53810,3
53811,3
53812,3
53813,3
53814,3
53815,3
53816,3
53817,3
53818,3
53819,3
53820,3
53821,3
53822,3
53823,2
53824,3
53825,3
53826,2
53827,2
53828,3
53829,2
53830,3
53831,2
53832,3
53833,3
53834,3
53835,3
53836,3
53837,3
53838,3
53839,3
53840,3
53841,3
53842,3
53843,3
53844,3
53845,3
53846,3
53847,2
53848,2
53849,2
53850,3
53851,2
53852,3
53853,3
53854,3
53855,3
53856,3
53857,3
53858,3
53859,3
53860,3
53861,3
53862,3
53863,3
53864,3
53865,0
53866,3
53867,2
53868,3
53869,3
53870,3
53871,3
53872,3
53873,3
53874,3
53875,3
53876,3
53877,3
53878,3
53879,3
53880,3
53881,3
53882,3
53883,3
53884,3
53885,3
53886,2
53887,2
53888,3
53889,2
53890,3
53891,3
53892,3
53893,2
53894,1
53895,3
53896,3
53897,3
53898,3
53899,3
53900,3
53901,3
53902,3
53903,3
53904,2
53905,2
53906,3
53907,3
53908,3
53909,3
53910,3
53911,3
53912,3
53913,3
53914,2
53915,3
53916,3
53917,3
53918,2
53919,3
53920,3
53921,3
53922,3
53923,3
53924,3
53925,3
53926,2
53927,3
53928,3
53929,3
53930,3
53931,3
53932,3
53933,3
53934,3
53935,3
53936,3
53937,3
53938,3
53939,3
53940,3
53941,3
53942,3
53943,3
53944,3
53945,3
53946,3
53947,3
53948,1
53949,3
53950,3
53951,3
53952,3
53953,2
53954,3
53955,3
53956,3
53957,3
53958,3
53959,3
53960,3
53961,3
53962,3
53963,3
53964,3
53965,3
53966,2
53967,3
53968,3
53969,2
53970,4
53971,2
53972,2
53973,2
53974,3
53975,2
53976,2
53977,2
53978,2
53979,2
53980,2
53981,2
53982,2
53983,2
53984,2
53985,2
53986,2
53987,3
53988,2
53989,2
53990,1
53991,3
53992,2
53993,3
53994,2
53995,2
53996,3
53997,2
53998,3
53999,3
54000,2
54001,3
54002,3
54003,2
54004,0
54005,0
54006,0
54007,0
54008,0
54009,0
54010,0
54011,0
54012,0
54013,0
54014,3
54015,0
54016,0
54017,0
54018,0
54019,0
54020,0
54021,0
54022,0
54023,3
54024,0
54025,0
54026,0
54027,0
54028,0
54029,2
54030,0
54031,0
54032,3
54033,0
54034,0
54035,0
54036,0
54037,0
54038,3
54039,0
54040,0
54041,0
54042,0
54043,0
54044,0
54045,0
54046,0
54047,0
54048,0
54049,0
54050,2
54051,0
54052,2
54053,0
54054,0
54055,0
54056,0
54057,0
54058,0
54059,0
54060,0
54061,2
54062,0
54063,0
54064,0
54065,0
54066,0
54067,0
54068,0
54069,0
54070,0
54071,0
54072,0
54073,0
54074,0
54075,0
54076,0
54077,0
54078,0
54079,0
54080,0
54081,0
54082,0
54083,0
54084,0
54085,0
54086,0
54087,2
54088,3
54089,0
54090,0
54091,0
54092,0
54093,0
54094,0
54095,0
54096,0
54097,3
54098,0
54099,0
54100,0
54101,0
54102,0
54103,0
54104,0
54105,0
54106,0
54107,2
54108,0
54109,0
54110,3
54111,0
54112,0
54113,0
54114,3
54115,0
54116,0
54117,0
54118,0
54119,0
54120,0
54121,0
54122,0
54123,0
54124,0
54125,0
54126,0
54127,0
54128,0
54129,0
54130,0
54131,3
54132,2
54133,2
54134,3
54135,3
54136,3
54137,3
54138,3
54139,3
54140,3
54141,3
54142,3
54143,3
54144,1
54145,0
54146,0
54147,0
54148,0
54149,2
54150,0
54151,0
54152,0
54153,2
54154,3
54155,0
54156,0
54157,2
54158,0
54159,0
54160,0
54161,0
54162,0
54163,0
54164,3
54165,3
54166,2
54167,2
54168,3
54169,2
54170,2
54171,3
54172,0
54173,0
54174,0
54175,2
54176,2
54177,0
54178,3
54179,3
54180,0
54181,3
54182,0
54183,0
54184,0
54185,3
54186,0
54187,3
54188,0
54189,3
54190,0
54191,0
54192,0
54193,0
54194,0
54195,0
54196,0
54197,0
54198,0
54199,0
54200,0
54201,0
54202,3
54203,2
54204,2
54205,0
54206,0
54207,0
54208,0
54209,2
54210,0
54211,0
54212,0
54213,0
54214,0
54215,0
54216,0
54217,0
54218,3
54219,3
54220,3
54221,0
54222,0
54223,0
54224,0
54225,3
54226,3
54227,3
54228,3
54229,2
54230,3
54231,3
54232,3
54233,3
54234,2
54235,3
54236,3
54237,3
54238,0
54239,3
54240,0
54241,0
54242,3
54243,3
54244,0
54245,0
54246,0
54247,0
54248,2
54249,3
54250,3
54251,3
54252,0
54253,3
54254,3
54255,2
54256,3
54257,3
54258,3
54259,3
54260,3
54261,3
54262,3
54263,3
54264,3
54265,3
54266,2
54267,3
54268,3
54269,3
54270,3
54271,3
54272,3
54273,3
54274,3
54275,3
54276,3
54277,3
54278,3
54279,3
54280,3
54281,3
54282,3
54283,3
54284,3
54285,3
54286,3
54287,3
54288,2
54289,3
54290,3
54291,3
54292,3
54293,0
54294,0
54295,0
54296,0
54297,2
54298,0
54299,0
54300,0
54301,0
54302,0
54303,0
54304,0
54305,3
54306,3
54307,3
54308,3
54309,3
54310,3
54311,3
54312,3
54313,3
54314,3
54315,3
54316,3
54317,1
54318,1
54319,1
54320,1
54321,1
54322,1
54323,1
54324,1
54325,1
54326,1
54327,1
54328,1
54329,1
54330,1
54331,1
54332,3
54333,3
54334,1
54335,1
54336,3
54337,1
54338,1
54339,1
54340,1
54341,1
54342,1
54343,1
54344,1
54345,1
54346,1
54347,3
54348,1
54349,1
54350,2
54351,2
54352,1
54353,1
54354,3
54355,1
54356,1
54357,1
54358,1
54359,3
54360,1
54361,1
54362,1
54363,1
54364,1
54365,1
54366,1
54367,1
54368,1
54369,3
54370,1
54371,1
54372,1
54373,1
54374,1
54375,1
54376,1
54377,1
54378,1
54379,1
54380,1
54381,1
54382,1
54383,1
54384,1
54385,1
54386,0
54387,1
54388,1
54389,1
54390,1
54391,1
54392,1
54393,1
54394,1
54395,0
54396,1
54397,1
54398,1
54399,3
54400,3
54401,3
54402,1
54403,3
54404,3
54405,3
54406,1
54407,1
54408,1
54409,3
54410,3
54411,1
54412,1
54413,3
54414,3
54415,3
54416,3
54417,3
54418,3
54419,0
54420,3
54421,3
54422,3
54423,3
54424,3
54425,3
54426,3
54427,0
54428,2
54429,2
54430,0
54431,3
54432,2
54433,3
54434,3
54435,1
54436,3
54437,3
54438,3
54439,3
54440,3
54441,3
54442,3
54443,3
54444,3
54445,3
54446,3
54447,3
54448,2
54449,3
54450,3
54451,3
54452,3
54453,3
54454,3
54455,1
54456,1
54457,1
54458,3
54459,1
54460,1
54461,1
54462,3
54463,1
54464,1
54465,1
54466,3
54467,3
54468,3
54469,3
54470,3
54471,3
54472,3
54473,3
54474,3
54475,3
54476,3
54477,3
54478,3
54479,3
54480,3
54481,3
54482,3
54483,3
54484,3
54485,3
54486,3
54487,3
54488,3
54489,3
54490,3
54491,3
54492,3
54493,3
54494,0
54495,3
54496,3
54497,3
54498,3
54499,3
54500,3
54501,3
54502,3
54503,3
54504,2
54505,3
54506,3
54507,3
54508,3
54509,3
54510,3
54511,3
54512,1
54513,2
54514,3
54515,3
54516,3
54517,3
54518,3
54519,3
54520,3
54521,2
54522,3
54523,3
54524,3
54525,3
54526,3
54527,3
54528,1
54529,1
54530,1
54531,3
54532,3
54533,3
54534,3
54535,3
54536,3
54537,3
54538,3
54539,3
54540,3
54541,3
54542,3
54543,3
54544,3
54545,3
54546,3
54547,3
54548,3
54549,3
54550,3
54551,3
54552,3
54553,3
54554,3
54555,3
54556,3
54557,3
54558,3
54559,3
54560,3
54561,3
54562,3
54563,3
54564,3
54565,3
54566,3
54567,3
54568,3
54569,3
54570,4
54571,2
54572,2
54573,3
54574,2
54575,4
54576,3
54577,3
54578,3
54579,3
54580,3
54581,3
54582,1
54583,3
54584,3
54585,3
54586,3
54587,3
54588,3
54589,3
54590,3
54591,3
54592,3
54593,3
54594,3
54595,1
54596,1
54597,1
54598,1
54599,3
54600,3
54601,2
54602,1
54603,1
54604,3
54605,2
54606,3
54607,3
54608,3
54609,3
54610,3
54611,3
54612,3
54613,3
54614,3
54615,3
54616,3
54617,3
54618,3
54619,3
54620,2
54621,3
54622,2
54623,0
54624,0
54625,3
54626,3
54627,3
54628,3
54629,3
54630,3
54631,3
54632,3
54633,3
54634,2
54635,3
54636,3
54637,3
54638,3
54639,2
54640,2
54641,3
54642,3
54643,3
54644,2
54645,3
54646,3
54647,2
54648,2
54649,3
54650,3
54651,2
54652,0
54653,2
54654,2
54655,2
54656,2
54657,2
54658,2
54659,2
54660,2
54661,2
54662,2
54663,2
54664,2
54665,2
54666,2
54667,2
54668,2
54669,3
54670,2
54671,2
54672,2
54673,2
54674,2
54675,0
54676,3
54677,3
54678,2
54679,3
54680,3
54681,3
54682,3
54683,2
54684,3
54685,2
54686,3
54687,3
54688,3
54689,3
54690,4
54691,3
54692,3
54693,0
54694,3
54695,3
54696,2
54697,2
54698,3
54699,3
54700,3
54701,2
54702,2
54703,3
54704,2
54705,2
54706,2
54707,3
54708,3
54709,2
54710,2
54711,3
54712,2
54713,2
54714,2
54715,2
54716,3
54717,3
54718,2
54719,2
54720,3
54721,2
54722,3
54723,3
54724,3
54725,2
54726,2
54727,0
54728,0
54729,3
54730,3
54731,3
54732,2
54733,2
54734,3
54735,2
54736,2
54737,2
54738,2
54739,2
54740,3
54741,3
54742,3
54743,2
54744,2
54745,3
54746,3
54747,3
54748,2
54749,3
54750,2
54751,3
54752,2
54753,2
54754,3
54755,3
54756,3
54757,2
54758,3
54759,2
54760,2
54761,2
54762,3
54763,3
54764,3
54765,3
54766,3
54767,3
54768,3
54769,3
54770,3
54771,3
54772,2
54773,3
54774,3
54775,3
54776,3
54777,3
54778,3
54779,3
54780,3
54781,3
54782,3
54783,3
54784,3
54785,3
54786,3
54787,3
54788,2
54789,2
54790,3
54791,3
54792,4
54793,3
54794,3
54795,3
54796,3
54797,3
54798,2
54799,2
54800,2
54801,3
54802,3
54803,2
54804,3
54805,3
54806,2
54807,2
54808,0
54809,2
54810,2
54811,2
54812,3
54813,2
54814,2
54815,3
54816,3
54817,3
54818,3
54819,4
54820,3
54821,3
54822,3
54823,3
54824,3
54825,3
54826,3
54827,3
54828,3
54829,2
54830,2
54831,2
54832,3
54833,3
54834,3
54835,3
54836,0
54837,2
54838,3
54839,2
54840,3
54841,3
54842,3
54843,0
54844,3
54845,3
54846,3
54847,2
54848,3
54849,3
54850,3
54851,3
54852,3
54853,0
54854,3
54855,3
54856,3
54857,3
54858,3
54859,2
54860,2
54861,3
54862,3
54863,3
54864,3
54865,2
54866,2
54867,2
54868,3
54869,3
54870,3
54871,3
54872,3
54873,3
54874,3
54875,3
54876,2
54877,3
54878,3
54879,3
54880,3
54881,2
54882,4
54883,3
54884,2
54885,3
54886,2
54887,2
54888,0
54889,2
54890,2
54891,3
54892,2
54893,2
54894,3
54895,2
54896,3
54897,3
54898,3
54899,3
54900,0
54901,0
54902,2
54903,3
54904,3
54905,3
54906,3
54907,3
54908,2
54909,2
54910,3
54911,3
54912,3
54913,3
54914,3
54915,3
54916,1
54917,2
54918,2
54919,3
54920,2
54921,3
54922,2
54923,3
54924,3
54925,3
54926,3
54927,3
54928,2
54929,3
54930,2
54931,2
54932,3
54933,3
54934,2
54935,3
54936,3
54937,3
54938,3
54939,2
54940,3
54941,3
54942,2
54943,3
54944,2
54945,2
54946,2
54947,2
54948,2
54949,2
54950,2
54951,3
54952,2
54953,2
54954,2
54955,2
54956,2
54957,3
54958,2
54959,2
54960,3
54961,3
54962,0
54963,0
54964,0
54965,3
54966,2
54967,3
54968,3
54969,2
54970,3
54971,3
54972,0
54973,3
54974,3
54975,2
54976,3
54977,3
54978,2
54979,3
54980,3
54981,3
54982,3
54983,3
54984,3
54985,3
54986,3
54987,3
54988,2
54989,3
54990,3
54991,3
54992,3
54993,3
54994,3
54995,4
54996,3
54997,3
54998,3
54999,3
55000,3
55001,2
55002,2
55003,3
55004,3
55005,3
55006,2
55007,4
55008,2
55009,2
55010,2
55011,3
55012,2
55013,2
55014,3
55015,2
55016,2
55017,2
55018,2
55019,3
55020,3
55021,3
55022,2
55023,3
55024,2
55025,3
55026,3
55027,2
55028,3
55029,2
55030,2
55031,2
55032,2
55033,2
55034,2
55035,2
55036,0
55037,2
55038,2
55039,3
55040,3
55041,2
55042,2
55043,2
55044,3
55045,2
55046,2
55047,3
55048,3
55049,2
55050,2
55051,2
55052,3
55053,2
55054,2
55055,2
55056,3
55057,2
55058,3
55059,2
55060,2
55061,2
55062,3
55063,2
55064,2
55065,2
55066,2
55067,2
55068,2
55069,3
55070,2
55071,3
55072,3
55073,3
55074,3
55075,3
55076,2
55077,2
55078,2
55079,2
55080,2
55081,2
55082,3
55083,3
55084,3
55085,3
55086,3
55087,2
55088,2
55089,3
55090,2
55091,3
55092,2
55093,0
55094,2
55095,3
55096,2
55097,3
55098,3
55099,2
55100,3
55101,2
55102,2
55103,3
55104,3
55105,3
55106,3
55107,0
55108,2
55109,2
55110,3
55111,2
55112,2
55113,3
55114,2
55115,3
55116,3
55117,2
55118,3
55119,2
55120,2
55121,2
55122,2
55123,3
55124,2
55125,2
55126,2
55127,2
55128,3
55129,3
55130,3
55131,2
55132,2
55133,2
55134,2
55135,2
55136,2
55137,2
55138,3
55139,3
55140,3
55141,2
55142,2
55143,2
55144,2
55145,3
55146,2
55147,3
55148,3
55149,3
55150,3
55151,3
55152,2
55153,3
55154,2
55155,2
55156,2
55157,2
55158,2
55159,3
55160,3
55161,3
55162,2
55163,2
55164,3
55165,2
55166,2
55167,2
55168,3
55169,2
55170,2
55171,2
55172,2
55173,2
55174,3
55175,3
55176,3
55177,2
55178,2
55179,2
55180,2
55181,3
55182,2
55183,2
55184,2
55185,3
55186,2
55187,2
55188,2
55189,2
55190,2
55191,3
55192,3
55193,3
55194,2
55195,3
55196,3
55197,2
55198,2
55199,3
55200,3
55201,2
55202,2
55203,2
55204,3
55205,3
55206,2
55207,2
55208,2
55209,2
55210,3
55211,3
55212,2
55213,2
55214,3
55215,2
55216,3
55217,3
55218,2
55219,2
55220,2
55221,2
55222,2
55223,3
55224,3
55225,2
55226,2
55227,2
55228,3
55229,2
55230,2
55231,2
55232,2
55233,3
55234,2
55235,3
55236,2
55237,2
55238,3
55239,2
55240,2
55241,3
55242,2
55243,2
55244,2
55245,2
55246,2
55247,2
55248,2
55249,3
55250,2
55251,2
55252,2
55253,2
55254,2
55255,2
55256,2
55257,3
55258,2
55259,2
55260,2
55261,0
55262,3
55263,3
55264,3
55265,2
55266,2
55267,2
55268,3
55269,2
55270,2
55271,3
55272,2
55273,2
55274,3
55275,2
55276,3
55277,2
55278,2
55279,2
55280,3
55281,2
55282,2
55283,2
55284,2
55285,2
55286,3
55287,2
55288,3
55289,2
55290,2
55291,2
55292,2
55293,2
55294,2
55295,3
55296,3
55297,3
55298,2
55299,2
55300,3
55301,2
55302,2
55303,2
55304,3
55305,2
55306,3
55307,2
55308,3
55309,2
55310,2
55311,2
55312,3
55313,2
55314,2
55315,2
55316,2
55317,2
55318,2
55319,2
55320,2
55321,2
55322,2
55323,2
55324,2
55325,2
55326,3
55327,2
55328,3
55329,3
55330,3
55331,2
55332,2
55333,2
55334,2
55335,3
55336,2
55337,2
55338,2
55339,2
55340,2
55341,2
55342,2
55343,3
55344,3
55345,2
55346,3
55347,2
55348,3
55349,2
55350,2
55351,3
55352,3
55353,2
55354,3
55355,2
55356,3
55357,2
55358,2
55359,2
55360,3
55361,2
55362,3
55363,2
55364,2
55365,3
55366,3
55367,3
55368,2
55369,2
55370,2
55371,3
55372,2
55373,2
55374,2
55375,2
55376,3
55377,2
55378,3
55379,2
55380,2
55381,2
55382,3
55383,0
55384,2
55385,2
55386,3
55387,3
55388,3
55389,2
55390,2
55391,2
55392,3
55393,2
55394,2
55395,2
55396,2
55397,2
55398,2
55399,3
55400,2
55401,2
55402,1
55403,2
55404,1
55405,1
55406,1
55407,1
55408,1
55409,0
55410,0
55411,0
55412,0
55413,3
55414,2
55415,2
55416,2
55417,3
55418,2
55419,2
55420,3
55421,3
55422,3
55423,2
55424,2
55425,2
55426,2
55427,3
55428,2
55429,2
55430,2
55431,2
55432,1
55433,1
55434,1
55435,3
55436,1
55437,2
55438,2
55439,2
55440,3
55441,2
55442,3
55443,3
55444,3
55445,2
55446,3
55447,2
55448,3
55449,3
55450,3
55451,2
55452,2
55453,3
55454,3
55455,3
55456,2
55457,2
55458,2
55459,2
55460,5
55461,3
55462,2
55463,2
55464,0
55465,2
55466,2
55467,2
55468,2
55469,3
55470,2
55471,2
55472,2
55473,3
55474,3
55475,3
55476,2
55477,2
55478,2
55479,2
55480,2
55481,2
55482,2
55483,3
55484,2
55485,3
55486,3
55487,0
55488,0
55489,0
55490,0
55491,0
55492,3
55493,3
55494,0
55495,3
55496,0
55497,3
55498,0
55499,3
55500,2
55501,3
55502,3
55503,3
55504,3
55505,2
55506,3
55507,3
55508,3
55509,3
55510,3
55511,3
55512,3
55513,2
55514,3
55515,3
55516,3
55517,3
55518,0
55519,1
55520,1
55521,1
55522,1
55523,1
55524,1
55525,1
55526,0
55527,0
55528,0
55529,0
55530,0
55531,0
55532,0
55533,0
55534,0
55535,0
55536,0
55537,0
55538,0
55539,0
55540,0
55541,1
55542,1
55543,1
55544,1
55545,2
55546,2
55547,2
55548,2
55549,2
55550,3
55551,3
55552,2
55553,2
55554,2
55555,2
55556,2
55557,2
55558,2
55559,2
55560,2
55561,2
55562,2
55563,2
55564,2
55565,2
55566,2
55567,2
55568,2
55569,2
55570,2
55571,2
55572,2
55573,3
55574,2
55575,2
55576,2
55577,2
55578,3
55579,3
55580,3
55581,2
55582,2
55583,2
55584,2
55585,2
55586,2
55587,2
55588,3
55589,2
55590,2
55591,2
55592,2
55593,2
55594,3
55595,3
55596,3
55597,3
55598,3
55599,3
55600,3
55601,2
55602,2
55603,2
55604,2
55605,3
55606,2
55607,2
55608,2
55609,2
55610,2
55611,2
55612,2
55613,3
55614,2
55615,2
55616,2
55617,2
55618,2
55619,2
55620,2
55621,2
55622,2
55623,2
55624,2
55625,2
55626,2
55627,2
55628,2
55629,2
55630,2
55631,2
55632,3
55633,2
55634,2
55635,2
55636,2
55637,2
55638,3
55639,2
55640,2
55641,2
55642,2
55643,3
55644,2
55645,2
55646,3
55647,2
55648,2
55649,2
55650,2
55651,2
55652,3
55653,2
55654,3
55655,3
55656,1
55657,1
55658,1
55659,0
55660,3
55661,2
55662,0
55663,3
55664,3
55665,1
55666,2
55667,3
55668,3
55669,3
55670,3
55671,2
55672,1
55673,3
55674,1
55675,1
55676,2
55677,3
55678,3
55679,2
55680,2
55681,3
55682,2
55683,2
55684,2
55685,2
55686,2
55687,2
55688,2
55689,2
55690,2
55691,2
55692,2
55693,2
55694,2
55695,2
55696,2
55697,2
55698,2
55699,2
55700,2
55701,2
55702,2
55703,2
55704,0
55705,0
55706,0
55707,2
55708,0
55709,0
55710,0
55711,0
55712,0
55713,0
55714,0
55715,0
55716,0
55717,0
55718,0
55719,0
55720,0
55721,0
55722,0
55723,0
55724,0
55725,0
55726,0
55727,0
55728,0
55729,0
55730,0
55731,2
55732,0
55733,0
55734,0
55735,0
55736,0
55737,3
55738,3
55739,3
55740,3
55741,3
55742,3
55743,3
55744,3
55745,3
55746,3
55747,2
55748,3
55749,3
55750,3
55751,3
55752,3
55753,3
55754,3
55755,3
55756,3
55757,3
55758,3
55759,2
55760,3
55761,3
55762,3
55763,3
55764,3
55765,3
55766,3
55767,3
55768,3
55769,3
55770,2
55771,2
55772,2
55773,0
55774,0
55775,0
55776,0
55777,0
55778,0
55779,0
55780,0
55781,0
55782,0
55783,0
55784,0
55785,0
55786,2
55787,0
55788,0
55789,0
55790,0
55791,0
55792,0
55793,0
55794,0
55795,0
55796,0
55797,0
55798,0
55799,0
55800,0
55801,3
55802,3
55803,2
55804,1
55805,1
55806,1
55807,1
55808,1
55809,1
55810,3
55811,3
55812,2
55813,2
55814,3
55815,2
55816,2
55817,2
55818,2
55819,2
55820,3
55821,2
55822,2
55823,2
55824,2
55825,2
55826,2
55827,3
55828,3
55829,3
55830,2
55831,3
55832,3
55833,0
55834,0
55835,0
55836,0
55837,0
55838,0
55839,0
55840,0
55841,0
55842,0
55843,0
55844,0
55845,0
55846,0
55847,0
55848,0
55849,0
55850,2
55851,0
55852,0
55853,0
55854,0
55855,0
55856,0
55857,0
55858,0
55859,0
55860,0
55861,0
55862,0
55863,0
55864,0
55865,0
55866,0
55867,0
55868,2
55869,0
55870,0
55871,0
55872,0
55873,0
55874,3
55875,0
55876,0
55877,0
55878,1
55879,1
55880,0
55881,2
55882,0
55883,0
55884,0
55885,3
55886,3
55887,0
55888,2
55889,2
55890,2
55891,2
55892,2
55893,2
55894,1
55895,3
55896,1
55897,1
55898,1
55899,3
55900,3
55901,2
55902,3
55903,3
55904,0
55905,3
55906,1
55907,0
55908,0
55909,0
55910,3
55911,0
55912,0
55913,0
55914,0
55915,0
55916,0
55917,0
55918,0
55919,0
55920,0
55921,0
55922,0
55923,0
55924,3
55925,3
55926,3
55927,2
55928,1
55929,2
55930,0
55931,3
55932,1
55933,0
55934,0
55935,0
55936,0
55937,0
55938,0
55939,0
55940,0
55941,0
55942,0
55943,0
55944,0
55945,0
55946,0
55947,0
55948,0
55949,0
55950,0
55951,0
55952,0
55953,0
55954,0
55955,0
55956,0
55957,0
55958,3
55959,3
55960,3
55961,3
55962,3
55963,3
55964,2
55965,3
55966,3
55967,1
55968,3
55969,2
55970,2
55971,1
55972,3
55973,3
55974,3
55975,3
55976,3
55977,3
55978,3
55979,3
55980,3
55981,3
55982,3
55983,3
55984,3
55985,3
55986,0
55987,0
55988,0
55989,0
55990,0
55991,0
55992,0
55993,0
55994,0
55995,0
55996,3
55997,2
55998,0
55999,0
56000,0
56001,0
56002,0
56003,0
56004,0
56005,0
56006,0
56007,0
56008,0
56009,0
56010,0
56011,0
56012,0
56013,0
56014,0
56015,0
56016,0
56017,0
56018,0
56019,0
56020,0
56021,3
56022,2
56023,3
56024,3
56025,2
56026,2
56027,3
56028,3
56029,3
56030,3
56031,3
56032,2
56033,3
56034,3
56035,3
56036,3
56037,3
56038,3
56039,0
56040,3
56041,0
56042,3
56043,0
56044,0
56045,0
56046,2
56047,0
56048,2
56049,0
56050,0
56051,0
56052,0
56053,0
56054,1
56055,2
56056,3
56057,3
56058,3
56059,0
56060,2
56061,3
56062,2
56063,0
56064,0
56065,0
56066,3
56067,3
56068,3
56069,3
56070,3
56071,3
56072,3
56073,3
56074,3
56075,3
56076,3
56077,3
56078,3
56079,3
56080,2
56081,3
56082,0
56083,0
56084,0
56085,0
56086,0
56087,0
56088,0
56089,0
56090,0
56091,3
56092,3
56093,3
56094,3
56095,3
56096,3
56097,3
56098,3
56099,3
56100,0
56101,3
56102,3
56103,0
56104,3
56105,0
56106,0
56107,3
56108,3
56109,3
56110,3
56111,2
56112,3
56113,3
56114,2
56115,3
56116,3
56117,2
56118,0
56119,0
56120,2
56121,0
56122,0
56123,0
56124,0
56125,0
56126,0
56127,0
56128,0
56129,0
56130,0
56131,0
56132,0
56133,0
56134,2
56135,2
56136,0
56137,2
56138,0
56139,2
56140,0
56141,0
56142,0
56143,3
56144,3
56145,3
56146,3
56147,3
56148,3
56149,3
56150,3
56151,3
56152,3
56153,1
56154,1
56155,0
56156,3
56157,3
56158,3
56159,3
56160,3
56161,3
56162,3
56163,3
56164,1
56165,1
56166,1
56167,0
56168,0
56169,0
56170,0
56171,0
56172,0
56173,0
56174,0
56175,0
56176,0
56177,0
56178,0
56179,0
56180,0
56181,0
56182,3
56183,1
56184,1
56185,1
56186,1
56187,1
56188,1
56189,1
56190,3
56191,3
56192,1
56193,1
56194,3
56195,0
56196,0
56197,0
56198,0
56199,0
56200,0
56201,0
56202,0
56203,0
56204,0
56205,0
56206,0
56207,0
56208,0
56209,0
56210,0
56211,0
56212,0
56213,0
56214,0
56215,0
56216,0
56217,3
56218,0
56219,0
56220,0
56221,3
56222,3
56223,3
56224,3
56225,3
56226,3
56227,3
56228,3
56229,3
56230,3
56231,3
56232,3
56233,3
56234,3
56235,3
56236,3
56237,3
56238,3
56239,3
56240,3
56241,2
56242,3
56243,3
56244,3
56245,3
56246,3
56247,3
56248,3
56249,3
56250,3
56251,3
56252,3
56253,3
56254,3
56255,3
56256,1
56257,1
56258,3
56259,3
56260,3
56261,0
56262,0
56263,0
56264,0
56265,0
56266,0
56267,0
56268,0
56269,0
56270,0
56271,0
56272,0
56273,0
56274,0
56275,0
56276,0
56277,3
56278,0
56279,0
56280,0
56281,0
56282,0
56283,0
56284,0
56285,3
56286,0
56287,0
56288,2
56289,2
56290,0
56291,0
56292,0
56293,0
56294,0
56295,2
56296,2
56297,2
56298,2
56299,3
56300,2
56301,0
56302,0
56303,0
56304,0
56305,0
56306,0
56307,0
56308,0
56309,0
56310,0
56311,0
56312,0
56313,0
56314,0
56315,0
56316,2
56317,0
56318,0
56319,0
56320,3
56321,2
56322,2
56323,2
56324,2
56325,2
56326,2
56327,2
56328,2
56329,2
56330,2
56331,2
56332,2
56333,2
56334,2
56335,2
56336,2
56337,2
56338,3
56339,3
56340,3
56341,2
56342,2
56343,2
56344,3
56345,2
56346,3
56347,2
56348,2
56349,2
56350,2
56351,2
56352,2
56353,2
56354,2
56355,2
56356,2
56357,2
56358,2
56359,2
56360,2
56361,2
56362,2
56363,2
56364,2
56365,3
56366,2
56367,2
56368,2
56369,2
56370,2
56371,2
56372,2
56373,2
56374,2
56375,2
56376,2
56377,2
56378,2
56379,2
56380,2
56381,2
56382,2
56383,2
56384,2
56385,2
56386,2
56387,2
56388,2
56389,2
56390,2
56391,2
56392,2
56393,2
56394,2
56395,2
56396,2
56397,2
56398,2
56399,2
56400,3
56401,2
56402,2
56403,2
56404,3
56405,2
56406,2
56407,2
56408,2
56409,2
56410,2
56411,2
56412,3
56413,2
56414,2
56415,2
56416,2
56417,2
56418,2
56419,3
56420,2
56421,3
56422,2
56423,2
56424,3
56425,2
56426,2
56427,2
56428,2
56429,2
56430,2
56431,2
56432,2
56433,2
56434,2
56435,2
56436,2
56437,2
56438,2
56439,2
56440,2
56441,2
56442,2
56443,2
56444,2
56445,3
56446,2
56447,2
56448,0
56449,0
56450,3
56451,2
56452,3
56453,2
56454,2
56455,2
56456,2
56457,2
56458,3
56459,2
56460,3
56461,2
56462,3
56463,3
56464,3
56465,3
56466,3
56467,3
56468,3
56469,3
56470,3
56471,2
56472,2
56473,3
56474,3
56475,3
56476,2
56477,2
56478,3
56479,3
56480,3
56481,3
56482,2
56483,2
56484,3
56485,3
56486,3
56487,3
56488,3
56489,3
56490,2
56491,3
56492,3
56493,3
56494,3
56495,3
56496,2
56497,3
56498,3
56499,3
56500,3
56501,3
56502,3
56503,3
56504,3
56505,2
56506,3
56507,2
56508,2
56509,2
56510,2
56511,2
56512,2
56513,3
56514,3
56515,2
56516,3
56517,2
56518,2
56519,2
56520,2
56521,2
56522,3
56523,2
56524,2
56525,2
56526,2
56527,2
56528,2
56529,3
56530,2
56531,2
56532,2
56533,2
56534,2
56535,2
56536,2
56537,2
56538,2
56539,0
56540,2
56541,2
56542,2
56543,2
56544,2
56545,2
56546,2
56547,3
56548,2
56549,3
56550,2
56551,2
56552,2
56553,2
56554,2
56555,3
56556,3
56557,3
56558,3
56559,2
56560,2
56561,2
56562,2
56563,2
56564,2
56565,2
56566,2
56567,2
56568,2
56569,2
56570,2
56571,3
56572,2
56573,3
56574,3
56575,3
56576,3
56577,2
56578,2
56579,2
56580,2
56581,2
56582,3
56583,2
56584,0
56585,3
56586,2
56587,2
56588,0
56589,2
56590,2
56591,3
56592,3
56593,3
56594,3
56595,2
56596,2
56597,2
56598,3
56599,3
56600,2
56601,3
56602,2
56603,2
56604,2
56605,2
56606,2
56607,2
56608,2
56609,2
56610,2
56611,2
56612,2
56613,2
56614,2
56615,3
56616,0
56617,2
56618,2
56619,2
56620,2
56621,2
56622,2
56623,2
56624,2
56625,2
56626,2
56627,2
56628,0
56629,3
56630,3
56631,3
56632,3
56633,3
56634,2
56635,2
56636,2
56637,2
56638,2
56639,2
56640,2
56641,2
56642,2
56643,2
56644,2
56645,3
56646,2
56647,2
56648,2
56649,2
56650,2
56651,2
56652,2
56653,2
56654,2
56655,2
56656,2
56657,2
56658,2
56659,2
56660,2
56661,2
56662,2
56663,2
56664,2
56665,2
56666,2
56667,2
56668,2
56669,2
56670,2
56671,2
56672,2
56673,2
56674,2
56675,2
56676,2
56677,2
56678,2
56679,2
56680,2
56681,2
56682,2
56683,2
56684,2
56685,2
56686,2
56687,2
56688,3
56689,2
56690,3
56691,3
56692,3
56693,3
56694,3
56695,3
56696,3
56697,3
56698,3
56699,3
56700,3
56701,2
56702,3
56703,3
56704,0
56705,0
56706,2
56707,2
56708,2
56709,2
56710,2
56711,2
56712,2
56713,2
56714,2
56715,2
56716,2
56717,2
56718,2
56719,2
56720,0
56721,0
56722,0
56723,0
56724,0
56725,3
56726,0
56727,0
56728,1
56729,0
56730,0
56731,0
56732,0
56733,3
56734,0
56735,0
56736,0
56737,0
56738,2
56739,1
56740,3
56741,3
56742,3
56743,0
56744,3
56745,2
56746,3
56747,3
56748,3
56749,3
56750,0
56751,3
56752,1
56753,1
56754,0
56755,2
56756,2
56757,3
56758,3
56759,0
56760,0
56761,0
56762,0
56763,3
56764,0
56765,3
56766,3
56767,0
56768,3
56769,2
56770,3
56771,3
56772,3
56773,0
56774,0
56775,0
56776,0
56777,3
56778,3
56779,3
56780,2
56781,2
56782,3
56783,2
56784,2
56785,3
56786,2
56787,2
56788,2
56789,2
56790,2
56791,2
56792,2
56793,2
56794,2
56795,2
56796,2
56797,2
56798,2
56799,2
56800,2
56801,2
56802,3
56803,3
56804,3
56805,3
56806,3
56807,3
56808,3
56809,3
56810,0
56811,3
56812,3
56813,3
56814,3
56815,1
56816,3
56817,3
56818,2
56819,3
56820,3
56821,3
56822,3
56823,3
56824,3
56825,3
56826,3
56827,3
56828,3
56829,3
56830,3
56831,3
56832,2
56833,3
56834,0
56835,0
56836,3
56837,2
56838,2
56839,3
56840,3
56841,2
56842,3
56843,3
56844,2
56845,3
56846,3
56847,3
56848,3
56849,3
56850,3
56851,3
56852,3
56853,3
56854,3
56855,3
56856,1
56857,1
56858,3
56859,3
56860,3
56861,2
56862,3
56863,3
56864,3
56865,3
56866,3
56867,3
56868,1
56869,3
56870,3
56871,2
56872,0
56873,1
56874,3
56875,3
56876,3
56877,3
56878,3
56879,0
56880,3
56881,3
56882,3
56883,3
56884,3
56885,0
56886,0
56887,3
56888,0
56889,0
56890,0
56891,0
56892,0
56893,0
56894,0
56895,0
56896,0
56897,0
56898,0
56899,3
56900,0
56901,0
56902,3
56903,3
56904,3
56905,3
56906,3
56907,3
56908,0
56909,3
56910,2
56911,3
56912,1
56913,4
56914,3
56915,3
56916,3
56917,3
56918,2
56919,2
56920,3
56921,2
56922,3
56923,3
56924,3
56925,3
56926,2
56927,3
56928,3
56929,2
56930,2
56931,2
56932,3
56933,2
56934,3
56935,3
56936,2
56937,3
56938,3
56939,0
56940,3
56941,3
56942,3
56943,3
56944,0
56945,0
56946,0
56947,0
56948,3
56949,0
56950,0
56951,0
56952,0
56953,0
56954,0
56955,0
56956,0
56957,0
56958,0
56959,0
56960,0
56961,0
56962,0
56963,0
56964,0
56965,2
56966,0
56967,2
56968,0
56969,0
56970,0
56971,0
56972,0
56973,2
56974,0
56975,1
56976,3
56977,3
56978,3
56979,3
56980,3
56981,3
56982,3
56983,3
56984,3
56985,3
56986,0
56987,3
56988,3
56989,3
56990,3
56991,2
56992,2
56993,2
56994,2
56995,3
56996,3
56997,3
56998,3
56999,3
57000,1
57001,3
57002,0
57003,0
57004,0
57005,0
57006,0
57007,0
57008,0
57009,3
57010,0
57011,0
57012,2
57013,2
57014,3
57015,2
57016,3
57017,0
57018,0
57019,0
57020,3
57021,3
57022,3
57023,3
57024,3
57025,3
57026,0
57027,3
57028,2
57029,2
57030,3
57031,2
57032,2
57033,2
57034,2
57035,2
57036,2
57037,3
57038,2
57039,2
57040,2
57041,2
57042,2
57043,3
57044,3
57045,2
57046,2
57047,2
57048,2
57049,2
57050,2
57051,2
57052,2
57053,2
57054,2
57055,2
57056,2
57057,2
57058,2
57059,2
57060,3
57061,3
57062,3
57063,3
57064,0
57065,2
57066,2
57067,3
57068,3
57069,3
57070,3
57071,3
57072,3
57073,3
57074,3
57075,3
57076,3
57077,3
57078,3
57079,3
57080,3
57081,3
57082,0
57083,0
57084,0
57085,3
57086,0
57087,1
57088,3
57089,3
57090,2
57091,3
57092,0
57093,0
57094,0
57095,1
57096,0
57097,0
57098,0
57099,0
57100,0
57101,0
57102,0
57103,2
57104,0
57105,2
57106,3
57107,3
57108,3
57109,3
57110,3
57111,3
57112,3
57113,3
57114,3
57115,3
57116,3
57117,3
57118,3
57119,3
57120,2
57121,3
57122,3
57123,3
57124,3
57125,3
57126,0
57127,3
57128,2
57129,0
57130,3
57131,2
57132,3
57133,2
57134,2
57135,2
57136,2
57137,2
57138,2
57139,2
57140,2
57141,2
57142,2
57143,2
57144,2
57145,2
57146,2
57147,2
57148,2
57149,3
57150,2
57151,3
57152,2
57153,2
57154,2
57155,2
57156,2
57157,3
57158,2
57159,2
57160,2
57161,2
57162,2
57163,2
57164,2
57165,2
57166,3
57167,3
57168,3
57169,3
57170,3
57171,2
57172,3
57173,3
57174,3
57175,3
57176,3
57177,3
57178,3
57179,3
57180,3
57181,3
57182,3
57183,0
57184,0
57185,0
57186,0
57187,0
57188,0
57189,0
57190,2
57191,0
57192,0
57193,0
57194,0
57195,0
57196,0
57197,0
57198,0
57199,0
57200,1
57201,0
57202,3
57203,0
57204,0
57205,0
57206,0
57207,0
57208,0
57209,0
57210,3
57211,0
57212,2
57213,1
57214,0
57215,0
57216,3
57217,3
57218,3
57219,3
57220,3
57221,3
57222,3
57223,3
57224,3
57225,2
57226,3
57227,3
57228,3
57229,3
57230,3
57231,2
57232,3
57233,3
57234,3
57235,3
57236,2
57237,3
57238,3
57239,3
57240,3
57241,2
57242,2
57243,3
57244,3
57245,3
57246,3
57247,3
57248,3
57249,3
57250,3
57251,3
57252,3
57253,3
57254,2
57255,3
57256,0
57257,0
57258,0
57259,0
57260,0
57261,0
57262,0
57263,0
57264,3
57265,3
57266,2
57267,0
57268,0
57269,0
57270,0
57271,2
57272,2
57273,0
57274,1
57275,0
57276,0
57277,0
57278,0
57279,0
57280,2
57281,3
57282,2
57283,3
57284,2
57285,0
57286,3
57287,2
57288,3
57289,2
57290,2
57291,0
57292,3
57293,3
57294,3
57295,3
57296,3
57297,3
57298,3
57299,3
57300,3
57301,3
57302,3
57303,3
57304,3
57305,3
57306,3
57307,3
57308,3
57309,3
57310,2
57311,2
57312,3
57313,0
57314,0
57315,2
57316,0
57317,0
57318,0
57319,0
57320,0
57321,0
57322,0
57323,3
57324,3
57325,3
57326,3
57327,3
57328,2
57329,3
57330,3
57331,3
57332,3
57333,3
57334,3
57335,3
57336,3
57337,3
57338,3
57339,3
57340,3
57341,3
57342,3
57343,3
57344,3
57345,3
57346,3
57347,2
57348,3
57349,3
57350,3
57351,2
57352,2
57353,0
57354,0
57355,0
57356,0
57357,2
57358,2
57359,0
57360,0
57361,2
57362,0
57363,3
57364,2
57365,3
57366,3
57367,3
57368,0
57369,0
57370,0
57371,0
57372,2
57373,0
57374,3
57375,1
57376,1
57377,1
57378,1
57379,1
57380,3
57381,1
57382,3
57383,3
57384,3
57385,3
57386,3
57387,0
57388,0
57389,2
57390,0
57391,0
57392,0
57393,0
57394,0
57395,0
57396,0
57397,0
57398,0
57399,0
57400,0
57401,0
57402,2
57403,0
57404,0
57405,0
57406,3
57407,2
57408,0
57409,0
57410,0
57411,0
57412,2
57413,3
57414,3
57415,3
57416,3
57417,3
57418,3
57419,3
57420,3
57421,3
57422,2
57423,0
57424,0
57425,0
57426,0
57427,3
57428,0
57429,0
57430,0
57431,0
57432,1
57433,1
57434,1
57435,1
57436,1
57437,1
57438,1
57439,1
57440,1
57441,0
57442,1
57443,1
57444,1
57445,1
57446,1
57447,0
57448,0
57449,3
57450,3
57451,3
57452,3
57453,3
57454,3
57455,3
57456,3
57457,3
57458,3
57459,3
57460,3
57461,2
57462,2
57463,3
57464,3
57465,3
57466,0
57467,3
57468,3
57469,3
57470,3
57471,2
57472,2
57473,3
57474,2
57475,3
57476,2
57477,3
57478,3
57479,0
57480,3
57481,0
57482,3
57483,3
57484,3
57485,3
57486,3
57487,3
57488,3
57489,3
57490,3
57491,3
57492,3
57493,1
57494,3
57495,3
57496,3
57497,3
57498,0
57499,0
57500,0
57501,0
57502,0
57503,0
57504,0
57505,0
57506,0
57507,0
57508,0
57509,0
57510,0
57511,0
57512,0
57513,3
57514,3
57515,0
57516,0
57517,0
57518,0
57519,1
57520,1
57521,3
57522,3
57523,0
57524,3
57525,3
57526,3
57527,3
57528,3
57529,0
57530,0
57531,0
57532,3
57533,3
57534,0
57535,2
57536,2
57537,0
57538,0
57539,0
57540,0
57541,3
57542,3
57543,1
57544,1
57545,1
57546,1
57547,1
57548,3
57549,1
57550,1
57551,1
57552,1
57553,3
57554,1
57555,3
57556,1
57557,1
57558,1
57559,0
57560,0
57561,0
57562,0
57563,0
57564,0
57565,3
57566,2
57567,0
57568,3
57569,2
57570,0
57571,2
57572,2
57573,3
57574,0
57575,3
57576,2
57577,2
57578,2
57579,2
57580,2
57581,2
57582,3
57583,2
57584,2
57585,3
57586,3
57587,2
57588,0
57589,0
57590,2
57591,3
57592,3
57593,3
57594,3
57595,3
57596,3
57597,3
57598,3
57599,3
57600,3
57601,3
57602,0
57603,3
57604,3
57605,3
57606,3
57607,3
57608,3
57609,2
57610,3
57611,2
57612,2
57613,2
57614,3
57615,3
57616,3
57617,2
57618,2
57619,2
57620,2
57621,0
57622,0
57623,2
57624,3
57625,2
57626,2
57627,3
57628,3
57629,3
57630,3
57631,3
57632,3
57633,3
57634,3
57635,3
57636,3
57637,1
57638,1
57639,0
57640,2
57641,1
57642,1
57643,1
57644,2
57645,2
57646,2
57647,2
57648,2
57649,2
57650,2
57651,2
57652,2
57653,2
57654,2
57655,2
57656,2
57657,2
57658,2
57659,2
57660,2
57661,2
57662,1
57663,3
57664,2
57665,2
57666,3
57667,2
57668,1
57669,2
57670,2
57671,2
57672,2
57673,2
57674,2
57675,2
57676,2
57677,2
57678,2
57679,2
57680,2
57681,2
57682,1
57683,1
57684,2
57685,2
57686,2
57687,3
57688,2
57689,1
57690,2
57691,2
57692,2
57693,2
57694,1
57695,2
57696,3
57697,2
57698,2
57699,2
57700,2
57701,2
57702,2
57703,1
57704,2
57705,2
57706,0
57707,2
57708,2
57709,2
57710,2
57711,2
57712,2
57713,0
57714,2
57715,2
57716,3
57717,2
57718,2
57719,2
57720,2
57721,1
57722,1
57723,1
57724,1
57725,1
57726,1
57727,1
57728,1
57729,3
57730,1
57731,1
57732,2
57733,2
57734,2
57735,2
57736,3
57737,2
57738,2
57739,2
57740,3
57741,3
57742,2
57743,2
57744,2
57745,2
57746,2
57747,2
57748,2
57749,2
57750,2
57751,2
57752,3
57753,1
57754,3
57755,3
57756,3
57757,2
57758,2
57759,2
57760,2
57761,3
57762,2
57763,1
57764,2
57765,2
57766,2
57767,2
57768,2
57769,2
57770,2
57771,1
57772,1
57773,0
57774,1
57775,0
57776,3
57777,3
57778,2
57779,2
57780,1
57781,1
57782,1
57783,1
57784,1
57785,2
57786,1
57787,1
57788,1
57789,1
57790,1
57791,1
57792,2
57793,3
57794,2
57795,3
57796,3
57797,3
57798,3
57799,3
57800,3
57801,0
57802,3
57803,3
57804,1
57805,0
57806,3
57807,3
57808,3
57809,1
57810,1
57811,2
57812,1
57813,2
57814,3
57815,3
57816,3
57817,3
57818,2
57819,2
57820,3
57821,3
57822,1
57823,3
57824,1
57825,1
57826,3
57827,1
57828,3
57829,3
57830,3
57831,0
57832,0
57833,3
57834,3
57835,3
57836,3
57837,3
57838,3
57839,3
57840,3
57841,3
57842,3
57843,1
57844,1
57845,3
57846,3
57847,3
57848,3
57849,3
57850,3
57851,3
57852,3
57853,3
57854,3
57855,3
57856,2
57857,3
57858,1
57859,1
57860,3
57861,3
57862,3
57863,3
57864,3
57865,3
57866,3
57867,3
57868,3
57869,2
57870,3
57871,3
57872,3
57873,3
57874,3
57875,3
57876,3
57877,3
57878,3
57879,3
57880,3
57881,3
57882,3
57883,3
57884,3
57885,3
57886,3
57887,3
57888,3
57889,3
57890,0
57891,3
57892,2
57893,2
57894,3
57895,3
57896,3
57897,3
57898,3
57899,3
57900,3
57901,3
57902,3
57903,3
57904,1
57905,1
57906,3
57907,3
57908,3
57909,3
57910,0
57911,3
57912,1
57913,3
57914,3
57915,1
57916,1
57917,1
57918,2
57919,2
57920,1
57921,1
57922,2
57923,1
57924,3
57925,3
57926,3
57927,1
57928,3
57929,3
57930,3
57931,3
57932,3
57933,2
57934,1
57935,3
57936,3
57937,3
57938,1
57939,3
57940,3
57941,2
57942,2
57943,2
57944,3
57945,3
57946,2
57947,2
57948,1
57949,1
57950,0
57951,2
57952,2
57953,3
57954,3
57955,2
57956,3
57957,2
57958,2
57959,3
57960,3
57961,2
57962,2
57963,3
57964,3
57965,3
57966,1
57967,2
57968,2
57969,3
57970,2
57971,1
57972,2
57973,3
57974,3
57975,3
57976,2
57977,0
57978,3
57979,2
57980,2
57981,3
57982,3
57983,2
57984,2
57985,2
57986,3
57987,3
57988,3
57989,3
57990,3
57991,3
57992,3
57993,2
57994,2
57995,2
57996,3
57997,2
57998,2
57999,2
58000,2
58001,3
58002,0
58003,1
58004,2
58005,3
58006,1
58007,3
58008,2
58009,2
58010,2
58011,3
58012,3
58013,3
58014,3
58015,1
58016,3
58017,3
58018,2
58019,2
58020,2
58021,3
58022,3
58023,2
58024,3
58025,1
58026,2
58027,3
58028,3
58029,3
58030,3
58031,3
58032,3
58033,1
58034,1
58035,1
58036,3
58037,3
58038,3
58039,1
58040,2
58041,3
58042,3
58043,3
58044,1
58045,1
58046,3
58047,3
58048,3
58049,3
58050,1
58051,3
58052,3
58053,0
58054,3
58055,0
58056,2
58057,2
58058,3
58059,2
58060,2
58061,3
58062,2
58063,2
58064,2
58065,2
58066,2
58067,2
58068,2
58069,3
58070,2
58071,2
58072,1
58073,2
58074,2
58075,0
58076,2
58077,2
58078,2
58079,2
58080,2
58081,2
58082,2
58083,2
58084,2
58085,2
58086,2
58087,2
58088,2
58089,2
58090,1
58091,2
58092,1
58093,3
58094,3
58095,2
58096,2
58097,2
58098,3
58099,3
58100,3
58101,2
58102,3
58103,2
58104,0
58105,0
58106,3
58107,2
58108,0
58109,2
58110,3
58111,3
58112,2
58113,2
58114,3
58115,3
58116,3
58117,3
58118,1
58119,3
58120,1
58121,3
58122,3
58123,2
58124,3
58125,3
58126,3
58127,3
58128,3
58129,3
58130,3
58131,3
58132,3
58133,3
58134,3
58135,3
58136,3
58137,3
58138,3
58139,2
58140,3
58141,3
58142,3
58143,3
58144,3
58145,3
58146,3
58147,3
58148,3
58149,2
58150,3
58151,3
58152,3
58153,2
58154,3
58155,3
58156,3
58157,3
58158,3
58159,0
58160,2
58161,0
58162,0
58163,0
58164,0
58165,0
58166,3
58167,3
58168,0
58169,0
58170,0
58171,3
58172,3
58173,2
58174,2
58175,2
58176,2
58177,2
58178,3
58179,2
58180,3
58181,3
58182,2
58183,3
58184,3
58185,3
58186,3
58187,3
58188,3
58189,3
58190,3
58191,3
58192,3
58193,3
58194,1
58195,3
58196,3
58197,3
58198,3
58199,1
58200,3
58201,2
58202,2
58203,2
58204,2
58205,2
58206,3
58207,0
58208,3
58209,3
58210,2
58211,3
58212,3
58213,3
58214,3
58215,3
58216,2
58217,3
58218,3
58219,2
58220,2
58221,3
58222,3
58223,2
58224,3
58225,3
58226,3
58227,3
58228,0
58229,3
58230,3
58231,3
58232,3
58233,3
58234,2
58235,3
58236,0
58237,3
58238,3
58239,3
58240,3
58241,0
58242,3
58243,3
58244,3
58245,3
58246,3
58247,3
58248,3
58249,1
58250,1
58251,1
58252,1
58253,3
58254,1
58255,1
58256,1
58257,3
58258,1
58259,1
58260,3
58261,3
58262,3
58263,3
58264,3
58265,1
58266,1
58267,1
58268,1
58269,1
58270,3
58271,1
58272,3
58273,3
58274,1
58275,1
58276,1
58277,3
58278,0
58279,1
58280,1
58281,1
58282,3
58283,3
58284,1
58285,2
58286,2
58287,2
58288,3
58289,2
58290,2
58291,2
58292,2
58293,2
58294,3
58295,3
58296,2
58297,3
58298,3
58299,2
58300,3
58301,3
58302,2
58303,2
58304,2
58305,2
58306,2
58307,2
58308,3
58309,2
58310,2
58311,2
58312,2
58313,2
58314,2
58315,3
58316,3
58317,2
58318,2
58319,2
58320,2
58321,2
58322,3
58323,2
58324,2
58325,2
58326,2
58327,2
58328,2
58329,2
58330,2
58331,2
58332,3
58333,3
58334,3
58335,3
58336,3
58337,3
58338,3
58339,3
58340,3
58341,2
58342,2
58343,2
58344,3
58345,2
58346,2
58347,2
58348,2
58349,3
58350,3
58351,0
58352,3
58353,3
58354,0
58355,0
58356,0
58357,3
58358,3
58359,3
58360,3
58361,3
58362,0
58363,0
58364,3
58365,2
58366,2
58367,2
58368,2
58369,2
58370,2
58371,3
58372,2
58373,2
58374,2
58375,2
58376,2
58377,2
58378,2
58379,2
58380,2
58381,2
58382,2
58383,2
58384,2
58385,2
58386,2
58387,2
58388,2
58389,2
58390,2
58391,2
58392,2
58393,2
58394,0
58395,3
58396,2
58397,2
58398,2
58399,2
58400,2
58401,2
58402,2
58403,2
58404,2
58405,2
58406,2
58407,2
58408,2
58409,2
58410,2
58411,2
58412,2
58413,2
58414,2
58415,2
58416,2
58417,2
58418,2
58419,2
58420,2
58421,2
58422,2
58423,2
58424,2
58425,2
58426,2
58427,2
58428,2
58429,2
58430,2
58431,2
58432,2
58433,2
58434,2
58435,2
58436,2
58437,2
58438,2
58439,2
58440,2
58441,2
58442,2
58443,2
58444,2
58445,2
58446,2
58447,2
58448,2
58449,2
58450,2
58451,2
58452,2
58453,2
58454,2
58455,2
58456,2
58457,2
58458,3
58459,2
58460,2
58461,2
58462,2
58463,2
58464,2
58465,2
58466,2
58467,2
58468,2
58469,2
58470,3
58471,3
58472,3
58473,3
58474,2
58475,2
58476,3
58477,3
58478,3
58479,2
58480,3
58481,3
58482,3
58483,3
58484,2
58485,2
58486,2
58487,3
58488,3
58489,3
58490,2
58491,3
58492,2
58493,2
58494,3
58495,2
58496,2
58497,3
58498,3
58499,3
58500,2
58501,2
58502,2
58503,2
58504,3
58505,3
58506,3
58507,2
58508,2
58509,2
58510,2
58511,3
58512,3
58513,2
58514,2
58515,2
58516,3
58517,3
58518,2
58519,2
58520,2
58521,3
58522,3
58523,3
58524,3
58525,2
58526,3
58527,3
58528,2
58529,3
58530,3
58531,2
58532,3
58533,2
58534,3
58535,3
58536,3
58537,3
58538,3
58539,2
58540,3
58541,3
58542,3
58543,3
58544,3
58545,3
58546,2
58547,2
58548,3
58549,3
58550,3
58551,3
58552,3
58553,3
58554,3
58555,3
58556,3
58557,3
58558,3
58559,2
58560,2
58561,2
58562,2
58563,2
58564,2
58565,2
58566,3
58567,2
58568,3
58569,3
58570,3
58571,3
58572,3
58573,2
58574,2
58575,3
58576,3
58577,3
58578,2
58579,3
58580,2
58581,2
58582,3
58583,2
58584,3
58585,2
58586,2
58587,3
58588,3
58589,3
58590,2
58591,2
58592,2
58593,3
58594,3
58595,2
58596,2
58597,3
58598,3
58599,3
58600,3
58601,2
58602,2
58603,2
58604,3
58605,3
58606,3
58607,3
58608,3
58609,3
58610,3
58611,2
58612,2
58613,3
58614,3
58615,2
58616,2
58617,2
58618,3
58619,2
58620,2
58621,2
58622,2
58623,2
58624,2
58625,2
58626,3
58627,2
58628,3
58629,3
58630,3
58631,3
58632,3
58633,3
58634,3
58635,2
58636,3
58637,3
58638,3
58639,3
58640,3
58641,3
58642,2
58643,2
58644,2
58645,2
58646,2
58647,2
58648,2
58649,3
58650,3
58651,3
58652,3
58653,3
58654,3
58655,2
58656,2
58657,2
58658,2
58659,3
58660,3
58661,3
58662,0
58663,3
58664,3
58665,3
58666,3
58667,3
58668,3
58669,3
58670,3
58671,2
58672,3
58673,2
58674,3
58675,2
58676,3
58677,3
58678,3
58679,2
58680,2
58681,3
58682,3
58683,2
58684,0
58685,0
58686,0
58687,0
58688,3
58689,0
58690,0
58691,0
58692,0
58693,0
58694,0
58695,0
58696,0
58697,0
58698,3
58699,3
58700,3
58701,3
58702,3
58703,3
58704,3
58705,3
58706,3
58707,3
58708,3
58709,3
58710,3
58711,3
58712,3
58713,3
58714,3
58715,3
58716,2
58717,2
58718,2
58719,3
58720,3
58721,0
58722,0
58723,2
58724,0
58725,0
58726,0
58727,0
58728,3
58729,3
58730,3
58731,2
58732,3
58733,3
58734,2
58735,2
58736,2
58737,0
58738,0
58739,3
58740,3
58741,3
58742,3
58743,3
58744,3
58745,2
58746,3
58747,3
58748,3
58749,3
58750,3
58751,3
58752,3
58753,2
58754,3
58755,0
58756,2
58757,3
58758,3
58759,2
58760,3
58761,3
58762,2
58763,2
58764,2
58765,0
58766,2
58767,2
58768,2
58769,2
58770,0
58771,0
58772,0
58773,3
58774,3
58775,3
58776,3
58777,2
58778,2
58779,3
58780,2
58781,3
58782,2
58783,2
58784,0
58785,0
58786,0
58787,3
58788,3
58789,3
58790,3
58791,0
58792,3
58793,0
58794,0
58795,3
58796,3
58797,3
58798,3
58799,3
58800,3
58801,1
58802,1
58803,3
58804,3
58805,3
58806,3
58807,3
58808,3
58809,3
58810,1
58811,1
58812,1
58813,1
58814,3
58815,3
58816,0
58817,3
58818,3
58819,3
58820,3
58821,1
58822,3
58823,3
58824,3
58825,3
58826,3
58827,3
58828,3
58829,3
58830,3
58831,2
58832,5
58833,3
58834,3
58835,3
58836,3
58837,2
58838,3
58839,3
58840,3
58841,3
58842,3
58843,3
58844,3
58845,3
58846,3
58847,3
58848,3
58849,3
58850,3
58851,3
58852,3
58853,3
58854,3
58855,3
58856,3
58857,3
58858,3
58859,3
58860,3
58861,3
58862,3
58863,3
58864,3
58865,1
58866,1
58867,3
58868,3
58869,3
58870,3
58871,3
58872,3
58873,3
58874,3
58875,3
58876,3
58877,1
58878,3
58879,3
58880,3
58881,3
58882,1
58883,1
58884,1
58885,1
58886,3
58887,3
58888,3
58889,3
58890,3
58891,3
58892,1
58893,1
58894,3
58895,3
58896,3
58897,3
58898,3
58899,3
58900,3
58901,3
58902,3
58903,3
58904,3
58905,2
58906,3
58907,3
58908,0
58909,3
58910,1
58911,1
58912,3
58913,1
58914,3
58915,3
58916,3
58917,3
58918,3
58919,3
58920,3
58921,1
58922,1
58923,3
58924,3
58925,3
58926,3
58927,3
58928,3
58929,3
58930,3
58931,3
58932,3
58933,3
58934,3
58935,3
58936,3
58937,3
58938,2
58939,3
58940,3
58941,3
58942,1
58943,3
58944,3
58945,3
58946,1
58947,3
58948,3
58949,1
58950,3
58951,1
58952,1
58953,3
58954,3
58955,3
58956,3
58957,3
58958,3
58959,1
58960,3
58961,3
58962,3
58963,3
58964,3
58965,3
58966,3
58967,3
58968,3
58969,3
58970,3
58971,3
58972,3
58973,3
58974,3
58975,3
58976,3
58977,3
58978,3
58979,3
58980,0
58981,0
58982,3
58983,3
58984,3
58985,3
58986,3
58987,3
58988,3
58989,3
58990,3
58991,3
58992,3
58993,3
58994,3
58995,3
58996,3
58997,3
58998,3
58999,3
59000,3
59001,3
59002,3
59003,3
59004,3
59005,3
59006,3
59007,3
59008,3
59009,3
59010,3
59011,3
59012,3
59013,3
59014,3
59015,3
59016,3
59017,3
59018,3
59019,3
59020,3
59021,3
59022,3
59023,3
59024,3
59025,3
59026,3
59027,3
59028,3
59029,3
59030,3
59031,3
59032,3
59033,3
59034,3
59035,3
59036,3
59037,3
59038,3
59039,3
59040,3
59041,3
59042,3
59043,3
59044,3
59045,3
59046,3
59047,4
59048,3
59049,3
59050,0
59051,3
59052,3
59053,3
59054,3
59055,3
59056,3
59057,3
59058,3
59059,3
59060,3
59061,3
59062,3
59063,3
59064,3
59065,3
59066,3
59067,3
59068,3
59069,3
59070,3
59071,0
59072,3
59073,3
59074,3
59075,3
59076,3
59077,3
59078,3
59079,3
59080,3
59081,3
59082,3
59083,3
59084,3
59085,3
59086,3
59087,3
59088,3
59089,3
59090,2
59091,3
59092,3
59093,3
59094,3
59095,3
59096,3
59097,3
59098,3
59099,3
59100,3
59101,3
59102,3
59103,3
59104,3
59105,3
59106,3
59107,3
59108,3
59109,3
59110,3
59111,3
59112,3
59113,3
59114,3
59115,3
59116,3
59117,3
59118,3
59119,3
59120,3
59121,3
59122,3
59123,3
59124,2
59125,3
59126,3
59127,3
59128,3
59129,3
59130,3
59131,3
59132,3
59133,3
59134,3
59135,3
59136,3
59137,3
59138,3
59139,3
59140,3
59141,3
59142,3
59143,3
59144,3
59145,3
59146,3
59147,3
59148,2
59149,3
59150,2
59151,3
59152,3
59153,3
59154,3
59155,3
59156,3
59157,3
59158,3
59159,3
59160,3
59161,3
59162,3
59163,3
59164,3
59165,3
59166,3
59167,3
59168,3
59169,3
59170,2
59171,3
59172,3
59173,3
59174,3
59175,3
59176,3
59177,4
59178,3
59179,4
59180,3
59181,3
59182,2
59183,3
59184,3
59185,3
59186,3
59187,2
59188,3
59189,3
59190,3
59191,0
59192,3
59193,3
59194,3
59195,3
59196,2
59197,3
59198,3
59199,2
59200,2
59201,3
59202,3
59203,3
59204,3
59205,3
59206,3
59207,3
59208,3
59209,3
59210,3
59211,3
59212,3
59213,3
59214,3
59215,3
59216,3
59217,3
59218,3
59219,3
59220,3
59221,3
59222,3
59223,3
59224,3
59225,3
59226,3
59227,3
59228,3
59229,3
59230,3
59231,3
59232,3
59233,3
59234,4
59235,3
59236,3
59237,3
59238,3
59239,3
59240,3
59241,3
59242,3
59243,3
59244,3
59245,2
59246,3
59247,2
59248,3
59249,1
59250,1
59251,1
59252,1
59253,1
59254,1
59255,3
59256,3
59257,3
59258,3
59259,3
59260,3
59261,3
59262,3
59263,3
59264,3
59265,3
59266,3
59267,3
59268,1
59269,3
59270,1
59271,3
59272,3
59273,3
59274,1
59275,3
59276,1
59277,3
59278,3
59279,3
59280,3
59281,3
59282,3
59283,3
59284,3
59285,2
59286,3
59287,3
59288,3
59289,3
59290,3
59291,3
59292,3
59293,3
59294,3
59295,3
59296,3
59297,3
59298,3
59299,3
59300,3
59301,3
59302,3
59303,3
59304,3
59305,3
59306,3
59307,3
59308,3
59309,3
59310,3
59311,3
59312,3
59313,3
59314,3
59315,3
59316,3
59317,3
59318,2
59319,3
59320,2
59321,3
59322,3
59323,3
59324,3
59325,3
59326,3
59327,2
59328,3
59329,3
59330,3
59331,3
59332,2
59333,3
59334,3
59335,3
59336,3
59337,2
59338,3
59339,3
59340,2
59341,3
59342,3
59343,3
59344,1
59345,3
59346,3
59347,3
59348,1
59349,3
59350,3
59351,3
59352,3
59353,3
59354,3
59355,3
59356,3
59357,3
59358,3
59359,3
59360,3
59361,3
59362,3
59363,3
59364,2
59365,2
59366,3
59367,3
59368,3
59369,3
59370,3
59371,3
59372,3
59373,3
59374,3
59375,3
59376,3
59377,3
59378,3
59379,3
59380,3
59381,3
59382,3
59383,3
59384,3
59385,3
59386,3
59387,3
59388,3
59389,1
59390,1
59391,1
59392,1
59393,1
59394,3
59395,1
59396,1
59397,1
59398,1
59399,1
59400,1
59401,1
59402,1
59403,1
59404,1
59405,1
59406,1
59407,1
59408,1
59409,1
59410,3
59411,1
59412,1
59413,3
59414,3
59415,1
59416,3
59417,3
59418,1
59419,3
59420,3
59421,3
59422,3
59423,3
59424,1
59425,1
59426,1
59427,1
59428,3
59429,1
59430,1
59431,1
59432,1
59433,1
59434,1
59435,3
59436,1
59437,1
59438,3
59439,3
59440,1
59441,1
59442,1
59443,3
59444,3
59445,3
59446,3
59447,3
59448,3
59449,3
59450,3
59451,3
59452,1
59453,1
59454,3
59455,1
59456,1
59457,1
59458,3
59459,3
59460,3
59461,3
59462,3
59463,3
59464,3
59465,2
59466,3
59467,3
59468,1
59469,1
59470,3
59471,3
59472,1
59473,1
59474,3
59475,1
59476,1
59477,1
59478,3
59479,3
59480,3
59481,3
59482,3
59483,2
59484,3
59485,3
59486,2
59487,3
59488,3
59489,3
59490,2
59491,3
59492,3
59493,3
59494,3
59495,2
59496,3
59497,3
59498,3
59499,3
59500,3
59501,3
59502,3
59503,3
59504,2
59505,3
59506,3
59507,3
59508,3
59509,3
59510,3
59511,3
59512,3
59513,2
59514,3
59515,3
59516,3
59517,3
59518,3
59519,3
59520,3
59521,3
59522,3
59523,3
59524,3
59525,3
59526,3
59527,3
59528,3
59529,3
59530,3
59531,3
59532,3
59533,3
59534,3
59535,3
59536,3
59537,3
59538,3
59539,3
59540,3
59541,3
59542,3
59543,3
59544,3
59545,3
59546,3
59547,3
59548,3
59549,3
59550,3
59551,3
59552,3
59553,2
59554,3
59555,3
59556,3
59557,3
59558,3
59559,3
59560,3
59561,3
59562,2
59563,3
59564,3
59565,2
59566,3
59567,3
59568,3
59569,3
59570,3
59571,2
59572,2
59573,2
59574,3
59575,2
59576,3
59577,3
59578,3
59579,3
59580,2
59581,3
59582,2
59583,2
59584,3
59585,3
59586,3
59587,3
59588,3
59589,3
59590,3
59591,3
59592,3
59593,3
59594,3
59595,3
59596,3
59597,3
59598,3
59599,3
59600,3
59601,3
59602,3
59603,3
59604,3
59605,3
59606,3
59607,3
59608,2
59609,3
59610,2
59611,1
59612,3
59613,2
59614,3
59615,1
59616,1
59617,1
59618,1
59619,1
59620,1
59621,1
59622,3
59623,3
59624,2
59625,3
59626,1
59627,2
59628,1
59629,3
59630,3
59631,1
59632,1
59633,1
59634,1
59635,2
59636,2
59637,2
59638,2
59639,3
59640,2
59641,0
59642,2
59643,2
59644,2
59645,3
59646,3
59647,3
59648,2
59649,3
59650,3
59651,0
59652,0
59653,0
59654,0
59655,0
59656,0
59657,0
59658,0
59659,0
59660,0
59661,0
59662,0
59663,0
59664,0
59665,0
59666,0
59667,0
59668,3
59669,3
59670,2
59671,3
59672,3
59673,3
59674,2
59675,3
59676,2
59677,2
59678,2
59679,3
59680,2
59681,2
59682,2
59683,2
59684,2
59685,2
59686,2
59687,2
59688,2
59689,2
59690,2
59691,2
59692,2
59693,2
59694,2
59695,2
59696,2
59697,2
59698,2
59699,2
59700,2
59701,2
59702,2
59703,2
59704,2
59705,2
59706,2
59707,2
59708,2
59709,2
59710,2
59711,2
59712,2
59713,2
59714,0
59715,0
59716,0
59717,2
59718,3
59719,2
59720,0
59721,2
59722,3
59723,2
59724,2
59725,2
59726,2
59727,2
59728,2
59729,2
59730,2
59731,2
59732,2
59733,2
59734,2
59735,1
59736,1
59737,1
59738,1
59739,1
59740,1
59741,1
59742,2
59743,2
59744,2
59745,2
59746,3
59747,3
59748,3
59749,3
59750,2
59751,3
59752,2
59753,2
59754,2
59755,2
59756,2
59757,2
59758,2
59759,2
59760,2
59761,2
59762,2
59763,2
59764,2
59765,2
59766,2
59767,2
59768,2
59769,2
59770,2
59771,2
59772,2
59773,2
59774,2
59775,2
59776,2
59777,2
59778,2
59779,2
59780,2
59781,2
59782,2
59783,2
59784,2
59785,2
59786,2
59787,2
59788,2
59789,2
59790,2
59791,2
59792,2
59793,3
59794,2
59795,2
59796,3
59797,3
59798,2
59799,2
59800,2
59801,3
59802,3
59803,3
59804,3
59805,3
59806,3
59807,3
59808,3
59809,3
59810,2
59811,3
59812,2
59813,2
59814,2
59815,2
59816,2
59817,2
59818,2
59819,2
59820,3
59821,2
59822,3
59823,2
59824,2
59825,2
59826,1
59827,3
59828,3
59829,1
59830,2
59831,2
59832,2
59833,2
59834,2
59835,3
59836,3
59837,2
59838,3
59839,3
59840,4
59841,1
59842,3
59843,0
59844,0
59845,0
59846,0
59847,0
59848,0
59849,2
59850,3
59851,3
59852,3
59853,3
59854,3
59855,2
59856,3
59857,3
59858,2
59859,2
59860,2
59861,2
59862,2
59863,2
59864,2
59865,2
59866,3
59867,3
59868,3
59869,3
59870,3
59871,2
59872,2
59873,2
59874,2
59875,2
59876,2
59877,2
59878,3
59879,2
59880,2
59881,3
59882,2
59883,2
59884,2
59885,2
59886,2
59887,2
59888,2
59889,3
59890,2
59891,2
59892,2
59893,2
59894,2
59895,2
59896,2
59897,2
59898,3
59899,2
59900,2
59901,2
59902,2
59903,2
59904,2
59905,2
59906,2
59907,2
59908,2
59909,2
59910,3
59911,3
59912,1
59913,2
59914,1
59915,2
59916,1
59917,1
59918,1
59919,2
59920,2
59921,2
59922,2
59923,2
59924,2
59925,2
59926,2
59927,2
59928,2
59929,2
59930,2
59931,3
59932,2
59933,2
59934,2
59935,2
59936,2
59937,2
59938,2
59939,2
59940,2
59941,2
59942,2
59943,2
59944,2
59945,2
59946,2
59947,2
59948,2
59949,2
59950,2
59951,2
59952,2
59953,2
59954,2
59955,2
59956,2
59957,2
59958,2
59959,2
59960,2
59961,2
59962,2
59963,0
59964,2
59965,2
59966,2
59967,2
59968,2
59969,2
59970,2
59971,2
59972,2
59973,2
59974,2
59975,2
59976,2
59977,2
59978,2
59979,2
59980,2
59981,2
59982,2
59983,3
59984,2
59985,2
59986,2
59987,2
59988,2
59989,2
59990,2
59991,2
59992,2
59993,2
59994,2
59995,2
59996,2
59997,2
59998,2
59999,2
60000,2
60001,2
60002,0
60003,0
60004,2
60005,0
60006,0
60007,0
60008,2
60009,2
60010,2
60011,4
60012,2
60013,3
60014,2
60015,2
60016,0
60017,2
60018,2
60019,2
60020,0
60021,0
60022,0
60023,3
60024,3
60025,3
60026,3
60027,2
60028,3
60029,2
60030,3
60031,2
60032,2
60033,3
60034,0
60035,3
60036,2
60037,2
60038,2
60039,0
60040,2
60041,2
60042,2
60043,2
60044,2
60045,1
60046,1
60047,2
60048,1
60049,3
60050,2
60051,1
60052,1
60053,1
60054,2
60055,2
60056,2
60057,2
60058,2
60059,2
60060,2
60061,2
60062,2
60063,2
60064,2
60065,2
60066,2
60067,2
60068,2
60069,2
60070,2
60071,2
60072,2
60073,2
60074,2
60075,2
60076,2
60077,2
60078,2
60079,2
60080,2
60081,2
60082,2
60083,2
60084,2
60085,2
60086,2
60087,3
60088,3
60089,2
60090,2
60091,2
60092,2
60093,2
60094,2
60095,2
60096,2
60097,2
60098,2
60099,2
60100,2
60101,2
60102,2
60103,2
60104,2
60105,2
60106,2
60107,2
60108,2
60109,2
60110,2
60111,3
60112,2
60113,2
60114,2
60115,2
60116,2
60117,1
60118,2
60119,2
60120,2
60121,2
60122,2
60123,2
60124,2
60125,2
60126,2
60127,2
60128,2
60129,2
60130,2
60131,2
60132,2
60133,2
60134,2
60135,2
60136,2
60137,2
60138,2
60139,2
60140,2
60141,2
60142,3
60143,2
60144,2
60145,2
60146,2
60147,2
60148,2
60149,2
60150,2
60151,2
60152,2
60153,2
60154,2
60155,2
60156,2
60157,2
60158,2
60159,2
60160,2
60161,2
60162,2
60163,2
60164,2
60165,2
60166,2
60167,2
60168,2
60169,2
60170,2
60171,2
60172,2
60173,2
60174,2
60175,2
60176,2
60177,2
60178,2
60179,2
60180,2
60181,2
60182,2
60183,2
60184,2
60185,2
60186,2
60187,2
60188,2
60189,2
60190,2
60191,2
60192,2
60193,2
60194,2
60195,2
60196,2
60197,2
60198,2
60199,2
60200,2
60201,2
60202,2
60203,2
60204,2
60205,2
60206,2
60207,2
60208,3
60209,2
60210,2
60211,2
60212,2
60213,2
60214,2
60215,2
60216,2
60217,2
60218,2
60219,2
60220,2
60221,2
60222,2
60223,2
60224,2
60225,2
60226,2
60227,2
60228,2
60229,2
60230,2
60231,2
60232,2
60233,2
60234,2
60235,1
60236,2
60237,2
60238,2
60239,2
60240,2
60241,2
60242,2
60243,2
60244,2
60245,2
60246,2
60247,2
60248,2
60249,2
60250,2
60251,2
60252,2
60253,2
60254,2
60255,2
60256,2
60257,2
60258,2
60259,2
60260,2
60261,2
60262,2
60263,2
60264,2
60265,2
60266,2
60267,2
60268,2
60269,2
60270,2
60271,2
60272,2
60273,2
60274,2
60275,2
60276,2
60277,2
60278,2
60279,2
60280,2
60281,2
60282,2
60283,2
60284,2
60285,2
60286,2
60287,2
60288,2
60289,2
60290,2
60291,2
60292,2
60293,2
60294,2
60295,2
60296,2
60297,2
60298,2
60299,2
60300,2
60301,2
60302,1
60303,2
60304,2
60305,2
60306,2
60307,2
60308,2
60309,2
60310,1
60311,2
60312,3
60313,3
60314,2
60315,2
60316,2
60317,1
60318,2
60319,2
60320,2
60321,2
60322,2
60323,2
60324,2
60325,2
60326,2
60327,2
60328,2
60329,2
60330,2
60331,2
60332,2
60333,2
60334,2
60335,1
60336,1
60337,2
60338,2
60339,2
60340,2
60341,2
60342,2
60343,2
60344,2
60345,2
60346,2
60347,2
60348,2
60349,2
60350,2
60351,2
60352,2
60353,2
60354,2
60355,2
60356,2
60357,2
60358,2
60359,2
60360,2
60361,2
60362,2
60363,2
60364,2
60365,2
60366,2
60367,2
60368,2
60369,2
60370,2
60371,2
60372,2
60373,2
60374,2
60375,2
60376,2
60377,2
60378,2
60379,2
60380,2
60381,2
60382,2
60383,2
60384,2
60385,1
60386,2
60387,2
60388,2
60389,2
60390,2
60391,2
60392,2
60393,2
60394,2
60395,2
60396,1
60397,2
60398,2
60399,1
60400,2
60401,1
60402,2
60403,2
60404,2
60405,2
60406,2
60407,1
60408,1
60409,1
60410,2
60411,2
60412,2
60413,2
60414,2
60415,2
60416,3
60417,2
60418,2
60419,2
60420,1
60421,1
60422,2
60423,2
60424,2
60425,3
60426,1
60427,3
60428,1
60429,0
60430,2
60431,1
60432,1
60433,1
60434,1
60435,2
60436,1
60437,2
60438,1
60439,2
60440,2
60441,1
60442,1
60443,1
60444,2
60445,3
60446,0
60447,2
60448,2
60449,2
60450,0
60451,3
60452,0
60453,0
60454,1
60455,2
60456,2
60457,0
60458,3
60459,2
60460,2
60461,2
60462,2
60463,3
60464,2
60465,2
60466,2
60467,2
60468,2
60469,2
60470,1
60471,1
60472,1
60473,1
60474,2
60475,1
60476,2
60477,2
60478,2
60479,2
60480,2
60481,2
60482,2
60483,2
60484,2
60485,1
60486,1
60487,1
60488,2
60489,2
60490,2
60491,2
60492,1
60493,1
60494,1
60495,1
60496,3
60497,2
60498,2
60499,1
60500,2
60501,2
60502,2
60503,2
60504,2
60505,2
60506,2
60507,2
60508,2
60509,2
60510,2
60511,2
60512,2
60513,2
60514,2
60515,2
60516,2
60517,2
60518,2
60519,2
60520,2
60521,2
60522,2
60523,1
60524,2
60525,2
60526,2
60527,2
60528,2
60529,2
60530,2
60531,2
60532,2
60533,2
60534,2
60535,2
60536,1
60537,2
60538,2
60539,2
60540,2
60541,2
60542,2
60543,2
60544,2
60545,2
60546,2
60547,2
60548,2
60549,2
60550,2
60551,2
60552,2
60553,1
60554,2
60555,2
60556,2
60557,2
60558,2
60559,1
60560,2
60561,2
60562,2
60563,2
60564,2
60565,2
60566,2
60567,2
60568,2
60569,2
60570,2
60571,2
60572,2
60573,2
60574,2
60575,2
60576,2
60577,2
60578,1
60579,2
60580,2
60581,2
60582,2
60583,2
60584,2
60585,2
60586,2
60587,2
60588,2
60589,2
60590,2
60591,2
60592,2
60593,2
60594,2
60595,2
60596,2
60597,2
60598,2
60599,2
60600,2
60601,2
60602,2
60603,2
60604,2
60605,2
60606,2
60607,2
60608,2
60609,2
60610,2
60611,2
60612,2
60613,2
60614,2
60615,2
60616,2
60617,2
60618,2
60619,2
60620,2
60621,2
60622,2
60623,1
60624,3
60625,2
60626,2
60627,2
60628,2
60629,2
60630,2
60631,1
60632,1
60633,2
60634,2
60635,2
60636,2
60637,2
60638,2
60639,1
60640,2
60641,2
60642,2
60643,2
60644,1
60645,2
60646,2
60647,2
60648,2
60649,2
60650,1
60651,2
60652,1
60653,2
60654,2
60655,2
60656,2
60657,2
60658,2
60659,2
60660,2
60661,2
60662,2
60663,2
60664,2
60665,2
60666,2
60667,2
60668,2
60669,2
60670,2
60671,2
60672,1
60673,2
60674,1
60675,2
60676,2
60677,2
60678,2
60679,2
60680,2
60681,2
60682,2
60683,2
60684,2
60685,2
60686,2
60687,2
60688,4
60689,2
60690,2
60691,2
60692,2
60693,2
60694,1
60695,2
60696,2
60697,2
60698,2
60699,2
60700,2
60701,2
60702,2
60703,2
60704,2
60705,2
60706,2
60707,2
60708,2
60709,2
60710,2
60711,2
60712,2
60713,2
60714,2
60715,2
60716,2
60717,2
60718,2
60719,2
60720,2
60721,2
60722,2
60723,2
60724,2
60725,2
60726,2
60727,1
60728,2
60729,2
60730,2
60731,2
60732,2
60733,2
60734,2
60735,2
60736,2
60737,2
60738,2
60739,2
60740,2
60741,1
60742,1
60743,2
60744,1
60745,1
60746,1
60747,1
60748,1
60749,1
60750,1
60751,1
60752,1
60753,1
60754,1
60755,3
60756,3
60757,1
60758,1
60759,1
60760,1
60761,1
60762,1
60763,1
60764,1
60765,1
60766,1
60767,1
60768,1
60769,1
60770,1
60771,1
60772,1
60773,1
60774,1
60775,1
60776,1
60777,3
60778,3
60779,3
60780,3
60781,3
60782,3
60783,3
60784,3
60785,3
60786,4
60787,3
60788,3
60789,3
60790,3
60791,3
60792,3
60793,3
60794,3
60795,3
60796,3
60797,3
60798,3
60799,2
60800,3
60801,3
60802,3
60803,3
60804,3
60805,3
60806,3
60807,3
60808,3
60809,3
60810,3
60811,0
60812,3
60813,3
60814,3
60815,3
60816,3
60817,3
60818,3
60819,0
60820,0
60821,0
60822,3
60823,3
60824,3
60825,3
60826,3
60827,3
60828,3
60829,3
60830,2
60831,3
60832,3
60833,0
60834,3
60835,3
60836,3
60837,3
60838,3
60839,3
60840,3
60841,3
60842,0
60843,3
60844,3
60845,2
60846,3
60847,0
60848,0
60849,0
60850,3
60851,0
60852,0
60853,0
60854,0
60855,0
60856,0
60857,0
60858,0
60859,0
60860,0
60861,0
60862,0
60863,0
60864,0
60865,3
60866,2
60867,3
60868,3
60869,3
60870,3
60871,3
60872,2
60873,2
60874,2
60875,3
60876,3
60877,3
60878,3
60879,3
60880,3
60881,3
60882,2
60883,3
60884,3
60885,3
60886,3
60887,3
60888,3
60889,3
60890,3
60891,3
60892,3
60893,3
60894,2
60895,3
60896,3
60897,3
60898,2
60899,2
60900,3
60901,3
60902,0
60903,3
60904,3
60905,3
60906,3
60907,3
60908,3
60909,3
60910,3
60911,3
60912,3
60913,3
60914,3
60915,3
60916,3
60917,3
60918,3
60919,3
60920,3
60921,3
60922,3
60923,3
60924,3
60925,3
60926,3
60927,3
60928,3
60929,3
60930,3
60931,3
60932,3
60933,3
60934,3
60935,3
60936,3
60937,3
60938,3
60939,3
60940,3
60941,3
60942,3
60943,3
60944,3
60945,3
60946,3
60947,3
60948,3
60949,3
60950,3
60951,3
60952,3
60953,3
60954,2
60955,3
60956,2
60957,3
60958,3
60959,3
60960,3
60961,3
60962,3
60963,3
60964,3
60965,3
60966,3
60967,3
60968,3
60969,3
60970,3
60971,3
60972,0
60973,0
60974,0
60975,0
60976,0
60977,3
60978,3
60979,0
60980,0
60981,0
60982,0
60983,0
60984,0
60985,0
60986,0
60987,0
60988,0
60989,0
60990,0
60991,0
60992,0
60993,0
60994,2
60995,3
60996,3
60997,3
60998,3
60999,3
61000,3
61001,3
61002,3
61003,3
61004,3
61005,3
61006,3
61007,3
61008,3
61009,3
61010,3
61011,2
61012,2
61013,2
61014,2
61015,2
61016,3
61017,3
61018,2
61019,2
61020,2
61021,2
61022,2
61023,2
61024,2
61025,3
61026,2
61027,2
61028,2
61029,2
61030,2
61031,2
61032,2
61033,2
61034,3
61035,3
61036,3
61037,3
61038,3
61039,3
61040,3
61041,3
61042,3
61043,3
61044,3
61045,3
61046,3
61047,3
61048,3
61049,3
61050,3
61051,3
61052,3
61053,3
61054,3
61055,3
61056,3
61057,3
61058,3
61059,3
61060,3
61061,3
61062,3
61063,3
61064,3
61065,3
61066,3
61067,3
61068,3
61069,3
61070,3
61071,3
61072,3
61073,3
61074,3
61075,2
61076,3
61077,3
61078,3
61079,3
61080,2
61081,3
61082,0
61083,3
61084,3
61085,3
61086,3
61087,3
61088,3
61089,3
61090,0
61091,3
61092,0
61093,3
61094,0
61095,2
61096,3
61097,0
61098,0
61099,0
61100,0
61101,0
61102,0
61103,0
61104,0
61105,0
61106,0
61107,0
61108,0
61109,0
61110,0
61111,0
61112,0
61113,0
61114,0
61115,0
61116,0
61117,0
61118,0
61119,0
61120,0
61121,0
61122,0
61123,0
61124,0
61125,2
61126,3
61127,3
61128,3
61129,3
61130,3
61131,2
61132,3
61133,0
61134,0
61135,0
61136,0
61137,0
61138,0
61139,0
61140,0
61141,0
61142,0
61143,0
61144,2
61145,0
61146,0
61147,0
61148,0
61149,0
61150,0
61151,0
61152,0
61153,0
61154,0
61155,0
61156,0
61157,0
61158,0
61159,0
61160,0
61161,0
61162,0
61163,0
61164,0
61165,0
61166,0
61167,0
61168,0
61169,0
61170,0
61171,0
61172,0
61173,0
61174,0
61175,0
61176,0
61177,0
61178,0
61179,0
61180,0
61181,0
61182,0
61183,0
61184,0
61185,0
61186,0
61187,0
61188,0
61189,0
61190,0
61191,0
61192,0
61193,0
61194,0
61195,0
61196,0
61197,0
61198,0
61199,0
61200,0
61201,0
61202,0
61203,0
61204,0
61205,0
61206,0
61207,0
61208,0
61209,0
61210,0
61211,0
61212,0
61213,0
61214,0
61215,0
61216,0
61217,0
61218,2
61219,0
61220,0
61221,2
61222,3
61223,3
61224,3
61225,3
61226,3
61227,3
61228,3
61229,3
61230,3
61231,3
61232,3
61233,3
61234,3
61235,3
61236,3
61237,3
61238,3
61239,3
61240,3
61241,3
61242,3
61243,3
61244,3
61245,3
61246,3
61247,3
61248,3
61249,0
61250,0
61251,0
61252,0
61253,0
61254,0
61255,0
61256,0
61257,0
61258,0
61259,0
61260,0
61261,0
61262,0
61263,0
61264,0
61265,0
61266,0
61267,0
61268,0
61269,0
61270,0
61271,3
61272,3
61273,3
61274,0
61275,0
61276,0
61277,0
61278,0
61279,0
61280,0
61281,0
61282,0
61283,0
61284,0
61285,0
61286,0
61287,0
61288,0
61289,0
61290,0
61291,0
61292,0
61293,0
61294,0
61295,0
61296,0
61297,0
61298,0
61299,0
61300,0
61301,0
61302,0
61303,0
61304,0
61305,0
61306,0
61307,0
61308,0
61309,0
61310,0
61311,0
61312,0
61313,0
61314,0
61315,0
61316,0
61317,0
61318,0
61319,0
61320,0
61321,0
61322,0
61323,0
61324,0
61325,0
61326,0
61327,0
61328,0
61329,0
61330,0
61331,0
61332,0
61333,0
61334,0
61335,0
61336,0
61337,0
61338,0
61339,0
61340,0
61341,0
61342,0
61343,0
61344,0
61345,0
61346,0
61347,0
61348,0
61349,0
61350,0
61351,0
61352,0
61353,0
61354,0
61355,0
61356,0
61357,0
61358,0
61359,0
61360,0
61361,0
61362,0
61363,0
61364,0
61365,0
61366,0
61367,0
61368,0
61369,0
61370,0
61371,0
61372,0
61373,0
61374,0
61375,0
61376,0
61377,0
61378,0
61379,0
61380,0
61381,0
61382,0
61383,0
61384,0
61385,0
61386,0
61387,0
61388,0
61389,0
61390,2
61391,0
61392,0
61393,0
61394,0
61395,0
61396,0
61397,0
61398,0
61399,0
61400,0
61401,0
61402,0
61403,0
61404,0
61405,0
61406,0
61407,0
61408,0
61409,0
61410,0
61411,0
61412,0
61413,0
61414,0
61415,0
61416,0
61417,0
61418,0
61419,0
61420,0
61421,0
61422,0
61423,0
61424,0
61425,0
61426,0
61427,0
61428,0
61429,0
61430,0
61431,0
61432,0
61433,0
61434,0
61435,0
61436,0
61437,0
61438,0
61439,0
61440,0
61441,0
61442,3
61443,3
61444,3
61445,3
61446,3
61447,3
61448,3
61449,3
61450,3
61451,3
61452,3
61453,3
61454,2
61455,3
61456,3
61457,3
61458,3
61459,3
61460,3
61461,3
61462,0
61463,0
61464,0
61465,0
61466,0
61467,0
61468,0
61469,0
61470,0
61471,0
61472,0
61473,0
61474,0
61475,0
61476,0
61477,0
61478,0
61479,0
61480,0
61481,0
61482,0
61483,0
61484,0
61485,0
61486,0
61487,0
61488,0
61489,0
61490,0
61491,0
61492,0
61493,0
61494,0
61495,0
61496,0
61497,0
61498,0
61499,2
61500,0
61501,2
61502,0
61503,0
61504,0
61505,0
61506,0
61507,0
61508,0
61509,0
61510,0
61511,0
61512,0
61513,0
61514,0
61515,0
61516,2
61517,3
61518,3
61519,2
61520,3
61521,2
61522,0
61523,0
61524,0
61525,0
61526,2
61527,0
61528,0
61529,0
61530,0
61531,0
61532,3
61533,3
61534,3
61535,3
61536,3
61537,3
61538,2
61539,3
61540,3
61541,3
61542,3
61543,3
61544,3
61545,3
61546,3
61547,3
61548,3
61549,3
61550,3
61551,1
61552,3
61553,3
61554,2
61555,0
61556,3
61557,3
61558,3
61559,3
61560,3
61561,3
61562,3
61563,0
61564,0
61565,2
61566,0
61567,0
61568,0
61569,0
61570,0
61571,0
61572,2
61573,0
61574,0
61575,0
61576,0
61577,0
61578,0
61579,0
61580,0
61581,0
61582,0
61583,0
61584,0
61585,0
61586,0
61587,0
61588,0
61589,0
61590,0
61591,0
61592,0
61593,0
61594,0
61595,0
61596,0
61597,0
61598,0
61599,0
61600,0
61601,0
61602,0
61603,0
61604,0
61605,0
61606,0
61607,0
61608,0
61609,0
61610,0
61611,0
61612,0
61613,0
61614,0
61615,0
61616,0
61617,0
61618,0
61619,3
61620,3
61621,2
61622,2
61623,3
61624,2
61625,2
61626,2
61627,0
61628,2
61629,0
61630,0
61631,2
61632,2
61633,2
61634,0
61635,0
61636,0
61637,2
61638,2
61639,2
61640,2
61641,0
61642,0
61643,2
61644,2
61645,0
61646,2
61647,2
61648,0
61649,0
61650,2
61651,2
61652,0
61653,2
61654,2
61655,0
61656,0
61657,0
61658,0
61659,0
61660,0
61661,0
61662,0
61663,2
61664,2
61665,2
61666,2
61667,2
61668,2
61669,2
61670,2
61671,2
61672,2
61673,2
61674,2
61675,2
61676,2
61677,2
61678,2
61679,2
61680,2
61681,2
61682,3
61683,3
61684,3
61685,0
61686,3
61687,0
61688,3
61689,3
61690,3
61691,3
61692,1
61693,2
61694,1
61695,0
61696,1
61697,2
61698,3
61699,3
61700,2
61701,2
61702,2
61703,2
61704,2
61705,2
61706,3
61707,3
61708,2
61709,3
61710,3
61711,3
61712,0
61713,2
61714,3
61715,3
61716,3
61717,1
61718,3
61719,1
61720,2
61721,2
61722,2
61723,2
61724,2
61725,3
61726,2
61727,2
61728,2
61729,2
61730,2
61731,2
61732,2
61733,2
61734,2
61735,2
61736,3
61737,3
61738,3
61739,3
61740,3
61741,3
61742,2
61743,3
61744,2
61745,3
61746,3
61747,3
61748,2
61749,2
61750,2
61751,2
61752,2
61753,2
61754,3
61755,2
61756,2
61757,3
61758,3
61759,2
61760,2
61761,2
61762,2
61763,2
61764,2
61765,2
61766,2
61767,3
61768,3
61769,2
61770,2
61771,2
61772,2
61773,2
61774,2
61775,2
61776,3
61777,3
61778,3
61779,3
61780,3
61781,3
61782,2
61783,3
61784,3
61785,1
61786,3
61787,1
61788,2
61789,2
61790,2
61791,2
61792,3
61793,2
61794,2
61795,2
61796,2
61797,2
61798,2
61799,3
61800,2
61801,2
61802,2
61803,2
61804,2
61805,2
61806,3
61807,2
61808,2
61809,2
61810,2
61811,2
61812,2
61813,2
61814,2
61815,2
61816,2
61817,3
61818,2
61819,2
61820,3
61821,3
61822,3
61823,2
61824,2
61825,2
61826,2
61827,2
61828,2
61829,2
61830,3
61831,2
61832,3
61833,2
61834,2
61835,2
61836,2
61837,2
61838,2
61839,2
61840,2
61841,2
61842,2
61843,2
61844,2
61845,2
61846,2
61847,2
61848,2
61849,2
61850,2
61851,2
61852,2
61853,2
61854,2
61855,2
61856,2
61857,2
61858,2
61859,2
61860,2
61861,2
61862,2
61863,2
61864,0
61865,2
61866,2
61867,0
61868,2
61869,3
61870,2
61871,2
61872,2
61873,2
61874,2
61875,2
61876,2
61877,2
61878,2
61879,2
61880,2
61881,2
61882,2
61883,2
61884,2
61885,2
61886,2
61887,2
61888,2
61889,2
61890,2
61891,2
61892,2
61893,2
61894,2
61895,2
61896,2
61897,2
61898,2
61899,2
61900,2
61901,3
61902,3
61903,3
61904,2
61905,3
61906,0
61907,0
61908,2
61909,2
61910,3
61911,0
61912,0
61913,0
61914,2
61915,0
61916,2
61917,2
61918,2
61919,2
61920,3
61921,3
61922,3
61923,1
61924,2
61925,2
61926,2
61927,3
61928,2
61929,2
61930,2
61931,2
61932,2
61933,2
61934,2
61935,2
61936,2
61937,2
61938,2
61939,2
61940,2
61941,2
61942,2
61943,2
61944,2
61945,2
61946,3
61947,2
61948,2
61949,2
61950,2
61951,3
61952,2
61953,3
61954,2
61955,3
61956,3
61957,3
61958,2
61959,2
61960,2
61961,0
61962,0
61963,2
61964,2
61965,2
61966,2
61967,3
61968,2
61969,2
61970,3
61971,2
61972,2
61973,3
61974,2
61975,2
61976,2
61977,2
61978,2
61979,2
61980,2
61981,2
61982,2
61983,2
61984,2
61985,2
61986,2
61987,2
61988,2
61989,2
61990,2
61991,2
61992,2
61993,2
61994,2
61995,2
61996,2
61997,2
61998,2
61999,1
62000,2
62001,2
62002,2
62003,3
62004,3
62005,2
62006,2
62007,1
62008,2
62009,2
62010,2
62011,2
62012,2
62013,2
62014,2
62015,2
62016,2
62017,2
62018,2
62019,2
62020,2
62021,2
62022,3
62023,2
62024,3
62025,2
62026,2
62027,2
62028,2
62029,2
62030,2
62031,2
62032,2
62033,2
62034,2
62035,2
62036,2
62037,2
62038,2
62039,2
62040,2
62041,2
62042,2
62043,2
62044,3
62045,3
62046,2
62047,0
62048,3
62049,0
62050,1
62051,3
62052,2
62053,3
62054,3
62055,2
62056,3
62057,2
62058,2
62059,2
62060,2
62061,3
62062,3
62063,0
62064,2
62065,3
62066,0
62067,0
62068,2
62069,3
62070,2
62071,3
62072,1
62073,2
62074,2
62075,2
62076,2
62077,2
62078,3
62079,2
62080,2
62081,3
62082,3
62083,3
62084,2
62085,3
62086,2
62087,3
62088,3
62089,3
62090,3
62091,0
62092,3
62093,3
62094,2
62095,3
62096,2
62097,0
62098,2
62099,0
62100,0
62101,0
62102,2
62103,2
62104,2
62105,2
62106,3
62107,2
62108,2
62109,3
62110,2
62111,2
62112,2
62113,2
62114,2
62115,2
62116,2
62117,2
62118,3
62119,2
62120,2
62121,2
62122,2
62123,2
62124,2
62125,3
62126,3
62127,2
62128,3
62129,2
62130,2
62131,3
62132,3
62133,2
62134,3
62135,3
62136,2
62137,2
62138,3
62139,3
62140,2
62141,3
62142,3
62143,3
62144,2
62145,3
62146,3
62147,3
62148,3
62149,3
62150,3
62151,3
62152,3
62153,3
62154,3
62155,3
62156,3
62157,3
62158,3
62159,0
62160,3
62161,3
62162,3
62163,3
62164,3
62165,3
62166,3
62167,2
62168,3
62169,3
62170,3
62171,3
62172,3
62173,3
62174,0
62175,3
62176,3
62177,3
62178,3
62179,3
62180,3
62181,3
62182,3
62183,3
62184,3
62185,3
62186,2
62187,0
62188,1
62189,1
62190,1
62191,1
62192,1
62193,1
62194,1
62195,1
62196,1
62197,1
62198,1
62199,1
62200,1
62201,3
62202,3
62203,3
62204,3
62205,3
62206,3
62207,3
62208,3
62209,3
62210,3
62211,3
62212,2
62213,3
62214,3
62215,3
62216,3
62217,0
62218,0
62219,0
62220,3
62221,3
62222,3
62223,3
62224,3
62225,3
62226,3
62227,3
62228,3
62229,3
62230,3
62231,3
62232,3
62233,3
62234,3
62235,3
62236,3
62237,3
62238,3
62239,0
62240,0
62241,2
62242,3
62243,3
62244,3
62245,3
62246,3
62247,3
62248,3
62249,3
62250,3
62251,0
62252,0
62253,0
62254,2
62255,2
62256,3
62257,0
62258,2
62259,2
62260,3
62261,3
62262,3
62263,3
62264,3
62265,3
62266,3
62267,3
62268,3
62269,3
62270,3
62271,2
62272,3
62273,3
62274,3
62275,3
62276,3
62277,2
62278,3
62279,0
62280,2
62281,3
62282,2
62283,3
62284,2
62285,1
62286,1
62287,2
62288,1
62289,1
62290,1
62291,1
62292,1
62293,1
62294,1
62295,1
62296,1
62297,1
62298,1
62299,1
62300,1
62301,1
62302,1
62303,1
62304,2
62305,1
62306,1
62307,1
62308,1
62309,1
62310,1
62311,1
62312,1
62313,1
62314,1
62315,1
62316,1
62317,1
62318,1
62319,2
62320,2
62321,2
62322,2
62323,2
62324,2
62325,2
62326,0
62327,3
62328,1
62329,3
62330,3
62331,3
62332,3
62333,2
62334,2
62335,2
62336,2
62337,2
62338,2
62339,2
62340,2
62341,2
62342,2
62343,2
62344,2
62345,2
62346,2
62347,2
62348,2
62349,2
62350,2
62351,2
62352,2
62353,3
62354,3
62355,1
62356,0
62357,3
62358,2
62359,2
62360,2
62361,2
62362,2
62363,3
62364,2
62365,2
62366,2
62367,2
62368,2
62369,2
62370,3
62371,4
62372,1
62373,1
62374,1
62375,1
62376,1
62377,1
62378,1
62379,2
62380,1
62381,1
62382,0
62383,0
62384,0
62385,3
62386,1
62387,1
62388,1
62389,1
62390,3
62391,2
62392,0
62393,0
62394,0
62395,2
62396,3
62397,3
62398,3
62399,2
62400,3
62401,0
62402,2
62403,2
62404,2
62405,2
62406,2
62407,2
62408,1
62409,1
62410,1
62411,1
62412,1
62413,1
62414,1
62415,1
62416,1
62417,1
62418,1
62419,1
62420,2
62421,0
62422,0
62423,0
62424,3
62425,2
62426,0
62427,3
62428,3
62429,0
62430,3
62431,0
62432,1
62433,2
62434,1
62435,1
62436,1
62437,1
62438,1
62439,1
62440,1
62441,1
62442,1
62443,1
62444,1
62445,1
62446,3
62447,1
62448,0
62449,2
62450,1
62451,3
62452,1
62453,1
62454,1
62455,3
62456,3
62457,3
62458,3
62459,2
62460,3
62461,3
62462,3
62463,4
62464,3
62465,3
62466,3
62467,3
62468,3
62469,3
62470,3
62471,3
62472,3
62473,3
62474,0
62475,0
62476,2
62477,0
62478,2
62479,2
62480,0
62481,0
62482,0
62483,3
62484,0
62485,0
62486,3
62487,2
62488,3
62489,2
62490,2
62491,2
62492,2
62493,2
62494,2
62495,2
62496,3
62497,3
62498,3
62499,2
62500,2
62501,2
62502,3
62503,3
62504,3
62505,3
62506,3
62507,2
62508,2
62509,3
62510,2
62511,2
62512,3
62513,1
62514,1
62515,1
62516,3
62517,2
62518,2
62519,3
62520,3
62521,3
62522,3
62523,3
62524,3
62525,2
62526,2
62527,2
62528,3
62529,3
62530,1
62531,1
62532,3
62533,3
62534,3
62535,3
62536,3
62537,3
62538,3
62539,3
62540,3
62541,3
62542,3
62543,3
62544,2
62545,1
62546,3
62547,3
62548,2
62549,3
62550,2
62551,3
62552,2
62553,2
62554,2
62555,3
62556,1
62557,1
62558,1
62559,1
62560,1
62561,0
62562,0
62563,2
62564,2
62565,2
62566,2
62567,3
62568,2
62569,1
62570,2
62571,2
62572,3
62573,3
62574,2
62575,2
62576,3
62577,3
62578,2
62579,2
62580,2
62581,3
62582,2
62583,2
62584,2
62585,2
62586,2
62587,2
62588,3
62589,2
62590,3
62591,2
62592,2
62593,2
62594,2
62595,0
62596,2
62597,2
62598,2
62599,0
62600,3
62601,2
62602,2
62603,2
62604,2
62605,2
62606,1
62607,2
62608,2
62609,3
62610,2
62611,2
62612,2
62613,2
62614,2
62615,2
62616,2
62617,2
62618,0
62619,2
62620,2
62621,2
62622,2
62623,2
62624,2
62625,2
62626,2
62627,3
62628,2
62629,2
62630,2
62631,4
62632,3
62633,1
62634,3
62635,3
62636,3
62637,3
62638,3
62639,3
62640,3
62641,3
62642,2
62643,3
62644,3
62645,2
62646,3
62647,3
62648,3
62649,2
62650,3
62651,3
62652,3
62653,3
62654,3
62655,3
62656,3
62657,0
62658,3
62659,2
62660,2
62661,3
62662,3
62663,0
62664,0
62665,0
62666,0
62667,0
62668,3
62669,3
62670,2
62671,3
62672,2
62673,0
62674,0
62675,0
62676,0
62677,0
62678,0
62679,0
62680,0
62681,0
62682,3
62683,2
62684,3
62685,3
62686,3
62687,3
62688,3
62689,3
62690,3
62691,3
62692,3
62693,3
62694,0
62695,3
62696,3
62697,2
62698,3
62699,3
62700,3
62701,3
62702,3
62703,3
62704,3
62705,3
62706,3
62707,3
62708,3
62709,3
62710,3
62711,3
62712,3
62713,3
62714,3
62715,3
62716,0
62717,0
62718,0
62719,2
62720,0
62721,2
62722,3
62723,3
62724,3
62725,3
62726,3
62727,3
62728,3
62729,3
62730,3
62731,3
62732,1
62733,1
62734,1
62735,3
62736,1
62737,3
62738,3
62739,3
62740,3
62741,3
62742,2
62743,3
62744,1
62745,3
62746,0
62747,0
62748,0
62749,3
62750,3
62751,3
62752,3
62753,1
62754,3
62755,3
62756,3
62757,0
62758,3
62759,3
62760,3
62761,3
62762,3
62763,3
62764,3
62765,3
62766,3
62767,3
62768,3
62769,3
62770,3
62771,1
62772,3
62773,3
62774,2
62775,3
62776,3
62777,3
62778,3
62779,3
62780,3
62781,3
62782,3
62783,3
62784,3
62785,3
62786,2
62787,2
62788,2
62789,0
62790,0
62791,2
62792,0
62793,0
62794,0
62795,0
62796,0
62797,0
62798,0
62799,0
62800,0
62801,0
62802,0
62803,0
62804,0
62805,3
62806,3
62807,3
62808,3
62809,3
62810,3
62811,3
62812,2
62813,2
62814,3
62815,3
62816,3
62817,3
62818,3
62819,3
62820,3
62821,3
62822,3
62823,3
62824,2
62825,0
62826,0
62827,0
62828,0
62829,0
62830,3
62831,3
62832,3
62833,3
62834,3
62835,3
62836,3
62837,2
62838,3
62839,3
62840,3
62841,2
62842,0
62843,0
62844,0
62845,0
62846,0
62847,0
62848,0
62849,0
62850,0
62851,3
62852,3
62853,3
62854,3
62855,3
62856,3
62857,3
62858,3
62859,3
62860,3
62861,3
62862,0
62863,3
62864,3
62865,3
62866,3
62867,3
62868,3
62869,0
62870,3
62871,3
62872,3
62873,3
62874,3
62875,3
62876,0
62877,0
62878,3
62879,0
62880,0
62881,0
62882,0
62883,0
62884,0
62885,0
62886,0
62887,3
62888,2
62889,3
62890,3
62891,0
62892,3
62893,3
62894,3
62895,2
62896,3
62897,0
62898,3
62899,3
62900,3
62901,3
62902,3
62903,3
62904,2
62905,2
62906,0
62907,3
62908,3
62909,3
62910,3
62911,0
62912,3
62913,3
62914,0
62915,3
62916,3
62917,3
62918,0
62919,3
62920,3
62921,3
62922,2
62923,3
62924,3
62925,3
62926,2
62927,2
62928,2
62929,3
62930,2
62931,2
62932,2
62933,2
62934,2
62935,2
62936,3
62937,2
62938,3
62939,3
62940,2
62941,2
62942,2
62943,0
62944,0
62945,0
62946,0
62947,3
62948,2
62949,2
62950,3
62951,0
62952,3
62953,3
62954,3
62955,3
62956,3
62957,3
62958,2
62959,3
62960,3
62961,3
62962,3
62963,2
62964,2
62965,2
62966,2
62967,3
62968,3
62969,2
62970,3
62971,3
62972,3
62973,3
62974,3
62975,2
62976,2
62977,2
62978,3
62979,2
62980,3
62981,3
62982,3
62983,3
62984,3
62985,3
62986,3
62987,3
62988,3
62989,3
62990,1
62991,2
62992,3
62993,0
62994,2
62995,2
62996,2
62997,2
62998,2
62999,2
63000,2
63001,2
63002,2
63003,2
63004,2
63005,2
63006,2
63007,2
63008,2
63009,2
63010,3
63011,2
63012,2
63013,2
63014,2
63015,3
63016,3
63017,2
63018,3
63019,3
63020,2
63021,2
63022,2
63023,3
63024,0
63025,3
63026,3
63027,2
63028,2
63029,2
63030,2
63031,2
63032,2
63033,2
63034,2
63035,2
63036,2
63037,2
63038,2
63039,2
63040,2
63041,2
63042,3
63043,2
63044,3
63045,2
63046,2
63047,2
63048,2
63049,3
63050,2
63051,3
63052,2
63053,2
63054,2
63055,2
63056,2
63057,2
63058,2
63059,3
63060,3
63061,3
63062,3
63063,3
63064,3
63065,2
63066,3
63067,2
63068,2
63069,2
63070,2
63071,2
63072,3
63073,2
63074,2
63075,2
63076,2
63077,2
63078,2
63079,2
63080,2
63081,2
63082,2
63083,3
63084,3
63085,2
63086,2
63087,2
63088,2
63089,3
63090,3
63091,2
63092,2
63093,2
63094,2
63095,3
63096,2
63097,2
63098,2
63099,2
63100,3
63101,3
63102,2
63103,3
63104,1
63105,1
63106,2
63107,3
63108,2
63109,3
63110,2
63111,2
63112,2
63113,3
63114,2
63115,2
63116,2
63117,3
63118,2
63119,2
63120,2
63121,2
63122,2
63123,2
63124,2
63125,2
63126,2
63127,2
63128,2
63129,3
63130,2
63131,2
63132,2
63133,2
63134,3
63135,3
63136,0
63137,2
63138,2
63139,2
63140,2
63141,2
63142,2
63143,2
63144,3
63145,3
63146,3
63147,3
63148,3
63149,3
63150,0
63151,0
63152,2
63153,0
63154,2
63155,3
63156,2
63157,2
63158,2
63159,3
63160,2
63161,2
63162,2
63163,2
63164,2
63165,2
63166,2
63167,2
63168,0
63169,2
63170,3
63171,2
63172,2
63173,2
63174,2
63175,2
63176,2
63177,2
63178,2
63179,2
63180,2
63181,2
63182,2
63183,3
63184,2
63185,2
63186,2
63187,2
63188,2
63189,2
63190,3
63191,0
63192,2
63193,2
63194,2
63195,3
63196,3
63197,3
63198,2
63199,3
63200,2
63201,3
63202,2
63203,0
63204,2
63205,2
63206,2
63207,2
63208,2
63209,2
63210,2
63211,2
63212,3
63213,2
63214,2
63215,2
63216,2
63217,2
63218,3
63219,3
63220,3
63221,3
63222,2
63223,2
63224,1
63225,2
63226,3
63227,3
63228,3
63229,2
63230,2
63231,2
63232,2
63233,2
63234,2
63235,2
63236,2
63237,3
63238,2
63239,2
63240,2
63241,2
63242,2
63243,2
63244,2
63245,2
63246,2
63247,2
63248,2
63249,2
63250,2
63251,3
63252,2
63253,2
63254,3
63255,2
63256,2
63257,2
63258,2
63259,2
63260,2
63261,2
63262,2
63263,2
63264,3
63265,2
63266,2
63267,2
63268,2
63269,2
63270,2
63271,2
63272,2
63273,2
63274,3
63275,2
63276,2
63277,2
63278,2
63279,3
63280,2
63281,2
63282,2
63283,2
63284,2
63285,2
63286,2
63287,2
63288,2
63289,2
63290,2
63291,0
63292,2
63293,2
63294,2
63295,2
63296,3
63297,3
63298,2
63299,2
63300,2
63301,2
63302,2
63303,3
63304,2
63305,2
63306,2
63307,2
63308,2
63309,2
63310,2
63311,2
63312,2
63313,2
63314,2
63315,2
63316,2
63317,2
63318,2
63319,2
63320,3
63321,3
63322,2
63323,2
63324,3
63325,2
63326,3
63327,2
63328,3
63329,2
63330,2
63331,2
63332,2
63333,2
63334,2
63335,2
63336,2
63337,2
63338,2
63339,2
63340,2
63341,3
63342,3
63343,2
63344,2
63345,3
63346,2
63347,2
63348,2
63349,0
63350,2
63351,2
63352,2
63353,3
63354,3
63355,2
63356,2
63357,2
63358,2
63359,3
63360,2
63361,2
63362,2
63363,2
63364,3
63365,2
63366,2
63367,2
63368,2
63369,2
63370,2
63371,2
63372,2
63373,2
63374,3
63375,2
63376,2
63377,2
63378,2
63379,2
63380,2
63381,2
63382,2
63383,2
63384,2
63385,2
63386,3
63387,3
63388,3
63389,2
63390,2
63391,2
63392,3
63393,2
63394,3
63395,1
63396,3
63397,1
63398,3
63399,3
63400,3
63401,1
63402,1
63403,1
63404,1
63405,3
63406,3
63407,3
63408,3
63409,3
63410,2
63411,3
63412,1
63413,0
63414,2
63415,2
63416,3
63417,3
63418,2
63419,2
63420,2
63421,2
63422,2
63423,2
63424,2
63425,2
63426,2
63427,2
63428,2
63429,2
63430,2
63431,2
63432,2
63433,2
63434,2
63435,2
63436,2
63437,2
63438,2
63439,3
63440,2
63441,3
63442,2
63443,2
63444,3
63445,3
63446,0
63447,2
63448,2
63449,2
63450,2
63451,2
63452,2
63453,2
63454,2
63455,2
63456,2
63457,2
63458,2
63459,2
63460,2
63461,2
63462,3
63463,3
63464,2
63465,2
63466,2
63467,3
63468,2
63469,2
63470,2
63471,3
63472,2
63473,3
63474,2
63475,2
63476,3
63477,2
63478,2
63479,2
63480,3
63481,3
63482,2
63483,2
63484,2
63485,2
63486,3
63487,3
63488,2
63489,2
63490,2
63491,2
63492,1
63493,3
63494,2
63495,2
63496,2
63497,2
63498,2
63499,2
63500,2
63501,2
63502,2
63503,2
63504,2
63505,2
63506,2
63507,2
63508,2
63509,3
63510,3
63511,3
63512,3
63513,2
63514,0
63515,3
63516,2
63517,2
63518,2
63519,2
63520,2
63521,2
63522,3
63523,2
63524,2
63525,2
63526,2
63527,2
63528,3
63529,3
63530,3
63531,0
63532,2
63533,3
63534,2
63535,2
63536,2
63537,2
63538,2
63539,2
63540,2
63541,2
63542,2
63543,2
63544,2
63545,2
63546,0
63547,2
63548,2
63549,2
63550,2
63551,2
63552,0
63553,2
63554,2
63555,2
63556,2
63557,2
63558,2
63559,2
63560,2
63561,0
63562,0
63563,2
63564,2
63565,2
63566,2
63567,2
63568,2
63569,2
63570,2
63571,2
63572,2
63573,2
63574,2
63575,2
63576,3
63577,2
63578,2
63579,2
63580,3
63581,2
63582,3
63583,2
63584,2
63585,2
63586,2
63587,2
63588,3
63589,2
63590,2
63591,2
63592,2
63593,2
63594,2
63595,2
63596,2
63597,2
63598,2
63599,2
63600,2
63601,2
63602,2
63603,2
63604,2
63605,3
63606,2
63607,2
63608,2
63609,2
63610,2
63611,2
63612,2
63613,2
63614,2
63615,2
63616,2
63617,2
63618,2
63619,3
63620,2
63621,2
63622,2
63623,2
63624,2
63625,2
63626,2
63627,2
63628,2
63629,2
63630,2
63631,3
63632,2
63633,2
63634,2
63635,2
63636,2
63637,2
63638,2
63639,3
63640,3
63641,2
63642,2
63643,2
63644,2
63645,2
63646,2
63647,2
63648,2
63649,2
63650,2
63651,2
63652,2
63653,0
63654,2
63655,2
63656,2
63657,2
63658,2
63659,2
63660,2
63661,2
63662,2
63663,2
63664,2
63665,2
63666,2
63667,2
63668,2
63669,2
63670,2
63671,2
63672,2
63673,2
63674,2
63675,2
63676,0
63677,3
63678,2
63679,2
63680,2
63681,2
63682,2
63683,2
63684,2
63685,2
63686,2
63687,2
63688,2
63689,2
63690,2
63691,2
63692,2
63693,2
63694,2
63695,2
63696,3
63697,2
63698,2
63699,2
63700,2
63701,2
63702,2
63703,2
63704,2
63705,2
63706,2
63707,2
63708,2
63709,2
63710,2
63711,2
63712,2
63713,2
63714,2
63715,2
63716,2
63717,2
63718,2
63719,2
63720,2
63721,2
63722,2
63723,2
63724,2
63725,2
63726,2
63727,2
63728,2
63729,3
63730,2
63731,2
63732,0
63733,2
63734,2
63735,2
63736,2
63737,2
63738,3
63739,2
63740,2
63741,2
63742,2
63743,2
63744,2
63745,2
63746,2
63747,2
63748,2
63749,2
63750,2
63751,2
63752,2
63753,2
63754,2
63755,2
63756,2
63757,2
63758,2
63759,2
63760,2
63761,2
63762,2
63763,2
63764,2
63765,2
63766,2
63767,2
63768,2
63769,0
63770,2
63771,2
63772,1
63773,1
63774,3
63775,3
63776,3
63777,2
63778,3
63779,3
63780,3
63781,3
63782,2
63783,2
63784,3
63785,2
63786,2
63787,2
63788,2
63789,2
63790,2
63791,2
63792,2
63793,2
63794,2
63795,2
63796,2
63797,2
63798,2
63799,2
63800,2
63801,3
63802,3
63803,2
63804,0
63805,2
63806,2
63807,2
63808,2
63809,2
63810,3
63811,3
63812,2
63813,2
63814,2
63815,3
63816,3
63817,3
63818,0
63819,2
63820,2
63821,2
63822,2
63823,2
63824,2
63825,2
63826,3
63827,3
63828,2
63829,2
63830,3
63831,2
63832,2
63833,3
63834,2
63835,2
63836,2
63837,2
63838,2
63839,3
63840,2
63841,2
63842,2
63843,2
63844,2
63845,3
63846,2
63847,2
63848,2
63849,2
63850,2
63851,2
63852,2
63853,2
63854,2
63855,2
63856,2
63857,2
63858,2
63859,2
63860,2
63861,2
63862,2
63863,2
63864,2
63865,3
63866,2
63867,2
63868,2
63869,2
63870,2
63871,2
63872,2
63873,2
63874,3
63875,2
63876,2
63877,2
63878,2
63879,2
63880,2
63881,2
63882,2
63883,2
63884,2
63885,2
63886,0
63887,2
63888,2
63889,3
63890,3
63891,2
63892,2
63893,2
63894,2
63895,2
63896,3
63897,2
63898,2
63899,2
63900,2
63901,2
63902,2
63903,2
63904,2
63905,2
63906,2
63907,2
63908,2
63909,2
63910,2
63911,2
63912,2
63913,2
63914,2
63915,2
63916,2
63917,2
63918,2
63919,2
63920,2
63921,2
63922,2
63923,2
63924,3
63925,3
63926,2
63927,2
63928,2
63929,2
63930,2
63931,2
63932,2
63933,2
63934,2
63935,2
63936,2
63937,2
63938,2
63939,2
63940,2
63941,3
63942,2
63943,2
63944,2
63945,2
63946,2
63947,2
63948,2
63949,3
63950,2
63951,2
63952,2
63953,2
63954,3
63955,2
63956,3
63957,2
63958,2
63959,2
63960,2
63961,2
63962,2
63963,2
63964,2
63965,3
63966,2
63967,2
63968,3
63969,3
63970,3
63971,0
63972,2
63973,2
63974,2
63975,2
63976,2
63977,2
63978,2
63979,2
63980,2
63981,3
63982,2
63983,2
63984,2
63985,2
63986,2
63987,2
63988,2
63989,2
63990,2
63991,2
63992,2
63993,2
63994,2
63995,2
63996,2
63997,2
63998,2
63999,2
64000,2
64001,2
64002,2
64003,0
64004,2
64005,2
64006,2
64007,2
64008,2
64009,2
64010,2
64011,2
64012,2
64013,2
64014,2
64015,2
64016,2
64017,2
64018,2
64019,2
64020,2
64021,2
64022,2
64023,2
64024,2
64025,2
64026,2
64027,2
64028,3
64029,2
64030,2
64031,2
64032,2
64033,2
64034,2
64035,2
64036,2
64037,2
64038,2
64039,2
64040,2
64041,2
64042,2
64043,2
64044,2
64045,2
64046,2
64047,2
64048,2
64049,2
64050,2
64051,2
64052,2
64053,2
64054,2
64055,2
64056,3
64057,2
64058,2
64059,2
64060,2
64061,3
64062,3
64063,0
64064,3
64065,3
64066,3
64067,3
64068,1
64069,3
64070,3
64071,1
64072,3
64073,2
64074,3
64075,2
64076,3
64077,2
64078,3
64079,2
64080,3
64081,3
64082,2
64083,2
64084,3
64085,2
64086,2
64087,2
64088,3
64089,2
64090,2
64091,2
64092,2
64093,2
64094,2
64095,2
64096,2
64097,2
64098,2
64099,2
64100,2
64101,2
64102,2
64103,2
64104,2
64105,2
64106,2
64107,2
64108,2
64109,2
64110,2
64111,2
64112,2
64113,2
64114,0
64115,2
64116,2
64117,2
64118,2
64119,2
64120,2
64121,2
64122,2
64123,2
64124,2
64125,2
64126,2
64127,2
64128,2
64129,2
64130,2
64131,2
64132,2
64133,2
64134,2
64135,2
64136,2
64137,2
64138,2
64139,3
64140,1
64141,2
64142,2
64143,2
64144,3
64145,2
64146,3
64147,3
64148,2
64149,3
64150,3
64151,0
64152,2
64153,2
64154,2
64155,2
64156,2
64157,3
64158,2
64159,2
64160,2
64161,3
64162,2
64163,2
64164,2
64165,2
64166,2
64167,3
64168,2
64169,2
64170,2
64171,2
64172,2
64173,2
64174,2
64175,2
64176,2
64177,2
64178,2
64179,2
64180,2
64181,2
64182,2
64183,2
64184,2
64185,2
64186,2
64187,2
64188,2
64189,2
64190,2
64191,2
64192,2
64193,2
64194,2
64195,2
64196,2
64197,2
64198,2
64199,2
64200,2
64201,2
64202,2
64203,2
64204,2
64205,2
64206,2
64207,2
64208,2
64209,2
64210,2
64211,2
64212,2
64213,2
64214,2
64215,3
64216,2
64217,2
64218,2
64219,2
64220,3
64221,2
64222,3
64223,3
64224,0
64225,2
64226,2
64227,2
64228,2
64229,2
64230,2
64231,2
64232,2
64233,2
64234,2
64235,2
64236,2
64237,2
64238,2
64239,2
64240,2
64241,2
64242,2
64243,2
64244,2
64245,2
64246,2
64247,2
64248,2
64249,2
64250,2
64251,3
64252,2
64253,2
64254,3
64255,3
64256,3
64257,2
64258,2
64259,2
64260,2
64261,2
64262,2
64263,2
64264,2
64265,2
64266,2
64267,2
64268,2
64269,2
64270,2
64271,2
64272,2
64273,2
64274,2
64275,2
64276,2
64277,2
64278,2
64279,2
64280,2
64281,2
64282,2
64283,2
64284,2
64285,2
64286,0
64287,2
64288,0
64289,2
64290,2
64291,2
64292,2
64293,2
64294,3
64295,2
64296,2
64297,2
64298,2
64299,2
64300,2
64301,2
64302,2
64303,2
64304,2
64305,2
64306,2
64307,2
64308,2
64309,2
64310,2
64311,2
64312,2
64313,2
64314,2
64315,2
64316,2
64317,2
64318,2
64319,2
64320,2
64321,2
64322,2
64323,2
64324,2
64325,2
64326,2
64327,2
64328,2
64329,2
64330,2
64331,2
64332,2
64333,2
64334,2
64335,2
64336,2
64337,2
64338,2
64339,0
64340,2
64341,2
64342,2
64343,2
64344,2
64345,2
64346,2
64347,2
64348,2
64349,2
64350,2
64351,2
64352,2
64353,0
64354,3
64355,2
64356,2
64357,2
64358,2
64359,2
64360,2
64361,2
64362,2
64363,2
64364,2
64365,2
64366,3
64367,2
64368,2
64369,2
64370,2
64371,2
64372,2
64373,2
64374,2
64375,2
64376,2
64377,2
64378,0
64379,2
64380,2
64381,2
64382,2
64383,2
64384,2
64385,2
64386,0
64387,2
64388,2
64389,2
64390,2
64391,2
64392,2
64393,2
64394,2
64395,2
64396,2
64397,2
64398,2
64399,2
64400,3
64401,2
64402,3
64403,2
64404,2
64405,2
64406,2
64407,3
64408,3
64409,3
64410,2
64411,2
64412,2
64413,2
64414,2
64415,2
64416,2
64417,2
64418,0
64419,2
64420,2
64421,2
64422,2
64423,2
64424,2
64425,2
64426,2
64427,2
64428,2
64429,2
64430,3
64431,2
64432,2
64433,0
64434,0
64435,0
64436,0
64437,0
64438,2
64439,0
64440,0
64441,2
64442,2
64443,2
64444,2
64445,2
64446,2
64447,2
64448,2
64449,2
64450,2
64451,2
64452,2
64453,2
64454,2
64455,2
64456,2
64457,3
64458,2
64459,2
64460,2
64461,2
64462,2
64463,2
64464,2
64465,2
64466,2
64467,2
64468,2
64469,2
64470,2
64471,2
64472,2
64473,2
64474,2
64475,2
64476,3
64477,2
64478,2
64479,2
64480,2
64481,2
64482,2
64483,2
64484,2
64485,2
64486,2
64487,2
64488,2
64489,3
64490,3
64491,2
64492,3
64493,2
64494,2
64495,2
64496,2
64497,2
64498,2
64499,2
64500,2
64501,2
64502,2
64503,2
64504,2
64505,2
64506,2
64507,2
64508,2
64509,2
64510,2
64511,2
64512,2
64513,2
64514,2
64515,2
64516,2
64517,2
64518,2
64519,2
64520,2
64521,2
64522,2
64523,2
64524,2
64525,2
64526,2
64527,2
64528,3
64529,2
64530,2
64531,2
64532,2
64533,2
64534,2
64535,2
64536,2
64537,2
64538,2
64539,2
64540,2
64541,3
64542,2
64543,2
64544,2
64545,2
64546,2
64547,2
64548,0
64549,3
64550,3
64551,1
64552,2
64553,2
64554,2
64555,2
64556,2
64557,2
64558,2
64559,2
64560,2
64561,2
64562,2
64563,2
64564,2
64565,2
64566,2
64567,2
64568,2
64569,2
64570,2
64571,2
64572,2
64573,2
64574,2
64575,2
64576,2
64577,2
64578,2
64579,2
64580,2
64581,2
64582,2
64583,2
64584,2
64585,2
64586,2
64587,2
64588,2
64589,2
64590,2
64591,2
64592,2
64593,2
64594,2
64595,2
64596,2
64597,2
64598,2
64599,2
64600,2
64601,2
64602,2
64603,2
64604,2
64605,2
64606,2
64607,2
64608,2
64609,2
64610,2
64611,2
64612,2
64613,2
64614,2
64615,2
64616,2
64617,2
64618,2
64619,2
64620,2
64621,2
64622,2
64623,2
64624,2
64625,2
64626,2
64627,2
64628,2
64629,2
64630,2
64631,2
64632,2
64633,2
64634,2
64635,2
64636,2
64637,2
64638,2
64639,2
64640,2
64641,2
64642,2
64643,2
64644,2
64645,2
64646,2
64647,2
64648,2
64649,2
64650,2
64651,2
64652,2
64653,2
64654,2
64655,2
64656,2
64657,2
64658,2
64659,2
64660,2
64661,2
64662,2
64663,2
64664,2
64665,2
64666,2
64667,2
64668,2
64669,2
64670,2
64671,2
64672,2
64673,2
64674,2
64675,2
64676,2
64677,2
64678,2
64679,2
64680,2
64681,2
64682,2
64683,2
64684,2
64685,2
64686,2
64687,2
64688,2
64689,2
64690,2
64691,2
64692,2
64693,2
64694,2
64695,2
64696,2
64697,2
64698,2
64699,2
64700,2
64701,2
64702,2
64703,2
64704,2
64705,2
64706,2
64707,2
64708,2
64709,2
64710,2
64711,2
64712,3
64713,2
64714,3
64715,2
64716,2
64717,3
64718,2
64719,2
64720,3
64721,2
64722,3
64723,3
64724,3
64725,3
64726,3
64727,3
64728,2
64729,2
64730,2
64731,3
64732,2
64733,2
64734,2
64735,2
64736,2
64737,2
64738,2
64739,2
64740,2
64741,2
64742,2
64743,2
64744,2
64745,2
64746,2
64747,2
64748,2
64749,2
64750,2
64751,2
64752,2
64753,2
64754,2
64755,2
64756,3
64757,2
64758,3
64759,3
64760,3
64761,3
64762,3
64763,3
64764,2
64765,3
64766,3
64767,3
64768,3
64769,3
64770,3
64771,3
64772,3
64773,3
64774,3
64775,3
64776,3
64777,3
64778,3
64779,3
64780,3
64781,3
64782,3
64783,3
64784,3
64785,3
64786,3
64787,3
64788,3
64789,3
64790,3
64791,3
64792,3
64793,3
64794,3
64795,3
64796,3
64797,3
64798,3
64799,3
64800,3
64801,3
64802,3
64803,3
64804,3
64805,3
64806,3
64807,3
64808,3
64809,3
64810,3
64811,3
64812,3
64813,3
64814,3
64815,3
64816,3
64817,3
64818,3
64819,2
64820,2
64821,2
64822,2
64823,3
64824,2
64825,2
64826,2
64827,2
64828,2
64829,3
64830,3
64831,2
64832,2
64833,2
64834,2
64835,2
64836,2
64837,3
64838,2
64839,2
64840,2
64841,2
64842,2
64843,3
64844,3
64845,3
64846,3
64847,3
64848,3
64849,3
64850,3
64851,3
64852,3
64853,3
64854,2
64855,3
64856,3
64857,3
64858,3
64859,3
64860,3
64861,3
64862,3
64863,3
64864,3
64865,3
64866,3
64867,3
64868,3
64869,3
64870,2
64871,3
64872,2
64873,3
64874,3
64875,3
64876,3
64877,3
64878,2
64879,2
64880,3
64881,2
64882,2
64883,2
64884,2
64885,2
64886,2
64887,2
64888,2
64889,2
64890,2
64891,2
64892,2
64893,2
64894,2
64895,2
64896,2
64897,2
64898,2
64899,3
64900,3
64901,2
64902,3
64903,3
64904,3
64905,2
64906,2
64907,2
64908,2
64909,2
64910,3
64911,3
64912,2
64913,2
64914,2
64915,2
64916,2
64917,2
64918,2
64919,3
64920,3
64921,3
64922,3
64923,3
64924,3
64925,3
64926,3
64927,3
64928,3
64929,3
64930,3
64931,3
64932,3
64933,3
64934,3
64935,3
64936,3
64937,3
64938,3
64939,3
64940,3
64941,3
64942,3
64943,3
64944,3
64945,3
64946,3
64947,3
64948,3
64949,3
64950,3
64951,3
64952,3
64953,2
64954,2
64955,3
64956,3
64957,3
64958,3
64959,3
64960,3
64961,3
64962,3
64963,3
64964,3
64965,3
64966,1
64967,3
64968,3
64969,3
64970,3
64971,1
64972,3
64973,3
64974,3
64975,3
64976,3
64977,3
64978,3
64979,3
64980,3
64981,0
64982,3
64983,2
64984,3
64985,3
64986,3
64987,3
64988,2
64989,3
64990,3
64991,3
64992,3
64993,3
64994,3
64995,3
64996,3
64997,3
64998,2
64999,3
65000,3
65001,2
65002,3
65003,3
65004,3
65005,3
65006,3
65007,3
65008,3
65009,3
65010,3
65011,3
65012,3
65013,3
65014,3
65015,2
65016,3
65017,3
65018,3
65019,3
65020,1
65021,3
65022,3
65023,3
65024,3
65025,3
65026,3
65027,3
65028,3
65029,3
65030,3
65031,3
65032,3
65033,3
65034,3
65035,3
65036,3
65037,2
65038,3
65039,3
65040,3
65041,3
65042,3
65043,3
65044,3
65045,3
65046,3
65047,3
65048,3
65049,3
65050,3
65051,3
65052,3
65053,3
65054,3
65055,3
65056,3
65057,3
65058,2
65059,3
65060,3
65061,3
65062,2
65063,3
65064,3
65065,3
65066,3
65067,3
65068,3
65069,3
65070,3
65071,3
65072,3
65073,3
65074,3
65075,3
65076,3
65077,3
65078,3
65079,2
65080,2
65081,3
65082,2
65083,2
65084,3
65085,3
65086,3
65087,3
65088,2
65089,3
65090,3
65091,2
65092,3
65093,3
65094,3
65095,3
65096,3
65097,2
65098,3
65099,3
65100,3
65101,2
65102,2
65103,2
65104,3
65105,3
65106,2
65107,3
65108,3
65109,3
65110,3
65111,3
65112,3
65113,2
65114,3
65115,3
65116,3
65117,2
65118,2
65119,3
65120,3
65121,3
65122,3
65123,3
65124,1
65125,3
65126,3
65127,3
65128,3
65129,2
65130,2
65131,3
65132,2
65133,2
65134,2
65135,2
65136,3
65137,3
65138,2
65139,3
65140,3
65141,3
65142,3
65143,3
65144,3
65145,3
65146,2
65147,3
65148,3
65149,3
65150,3
65151,3
65152,3
65153,3
65154,3
65155,3
65156,3
65157,3
65158,2
65159,2
65160,3
65161,2
65162,3
65163,3
65164,3
65165,3
65166,2
65167,3
65168,3
65169,2
65170,3
65171,3
65172,2
65173,3
65174,2
65175,2
65176,3
65177,2
65178,3
65179,2
65180,3
65181,3
65182,3
65183,2
65184,3
65185,3
65186,2
65187,3
65188,2
65189,2
65190,3
65191,2
65192,3
65193,2
65194,2
65195,2
65196,3
65197,3
65198,3
65199,3
65200,3
65201,2
65202,2
65203,2
65204,3
65205,2
65206,2
65207,3
65208,3
65209,2
65210,2
65211,2
65212,2
65213,3
65214,2
65215,3
65216,3
65217,3
65218,3
65219,3
65220,2
65221,3
65222,3
65223,2
65224,2
65225,3
65226,2
65227,2
65228,2
65229,3
65230,3
65231,3
65232,2
65233,3
65234,3
65235,2
65236,3
65237,2
65238,3
65239,3
65240,3
65241,3
65242,3
65243,3
65244,3
65245,3
65246,3
65247,3
65248,2
65249,3
65250,2
65251,2
65252,2
65253,2
65254,2
65255,1
65256,3
65257,2
65258,3
65259,3
65260,2
65261,3
65262,3
65263,3
65264,3
65265,3
65266,2
65267,3
65268,3
65269,3
65270,3
65271,2
65272,2
65273,3
65274,3
65275,3
65276,3
65277,3
65278,3
65279,2
65280,2
65281,3
65282,3
65283,2
65284,3
65285,3
65286,3
65287,3
65288,3
65289,3
65290,3
65291,2
65292,3
65293,3
65294,3
65295,3
65296,3
65297,3
65298,3
65299,2
65300,3
65301,3
65302,3
65303,2
65304,2
65305,2
65306,3
65307,2
65308,0
65309,3
65310,3
65311,3
65312,2
65313,3
65314,3
65315,3
65316,3
65317,3
65318,2
65319,2
65320,3
65321,3
65322,3
65323,3
65324,3
65325,3
65326,3
65327,3
65328,3
65329,3
65330,3
65331,3
65332,3
65333,3
65334,3
65335,3
65336,3
65337,3
65338,2
65339,3
65340,2
65341,3
65342,3
65343,3
65344,3
65345,3
65346,3
65347,3
65348,3
65349,3
65350,3
65351,3
65352,3
65353,3
65354,3
65355,3
65356,3
65357,3
65358,3
65359,3
65360,3
65361,3
65362,3
65363,3
65364,3
65365,3
65366,3
65367,3
65368,3
65369,3
65370,3
65371,3
65372,3
65373,3
65374,0
65375,2
65376,3
65377,3
65378,3
65379,3
65380,3
65381,3
65382,3
65383,1
65384,3
65385,1
65386,1
65387,3
65388,1
65389,1
65390,1
65391,3
65392,2
65393,2
65394,3
65395,3
65396,3
65397,3
65398,3
65399,2
65400,2
65401,3
65402,2
65403,3
65404,2
65405,2
65406,3
65407,3
65408,3
65409,3
65410,2
65411,2
65412,2
65413,3
65414,2
65415,2
65416,2
65417,2
65418,2
65419,2
65420,2
65421,2
65422,3
65423,3
65424,2
65425,2
65426,2
65427,2
65428,2
65429,2
65430,2
65431,2
65432,2
65433,2
65434,2
65435,2
65436,2
65437,2
65438,2
65439,2
65440,2
65441,3
65442,3
65443,2
65444,3
65445,3
65446,3
65447,3
65448,3
65449,3
65450,3
65451,3
65452,3
65453,3
65454,2
65455,2
65456,3
65457,3
65458,3
65459,3
65460,3
65461,3
65462,3
65463,2
65464,3
65465,3
65466,3
65467,3
65468,3
65469,3
65470,3
65471,3
65472,3
65473,3
65474,3
65475,3
65476,2
65477,2
65478,3
65479,2
65480,3
65481,3
65482,2
65483,3
65484,3
65485,3
65486,3
65487,3
65488,3
65489,3
65490,3
65491,3
65492,3
65493,3
65494,3
65495,3
65496,3
65497,3
65498,3
65499,3
65500,3
65501,3
65502,3
65503,3
65504,3
65505,3
65506,3
65507,3
65508,3
65509,3
65510,3
65511,2
65512,3
65513,3
65514,3
65515,2
65516,2
65517,3
65518,2
65519,3
65520,3
65521,3
65522,3
65523,3
65524,3
65525,3
65526,3
65527,3
65528,3
65529,3
65530,2
65531,3
65532,3
65533,2
65534,3
65535,3
65536,3
65537,3
65538,2
65539,2
65540,3
65541,3
65542,2
65543,2
65544,3
65545,3
65546,3
65547,3
65548,3
65549,3
65550,3
65551,2
65552,3
65553,3
65554,3
65555,3
65556,2
65557,3
65558,3
65559,3
65560,2
65561,3
65562,3
65563,3
65564,3
65565,3
65566,3
65567,3
65568,3
65569,3
65570,3
65571,2
65572,3
65573,3
65574,2
65575,3
65576,3
65577,3
65578,2
65579,3
65580,2
65581,3
65582,3
65583,2
65584,3
65585,3
65586,3
65587,3
65588,0
65589,3
65590,3
65591,3
65592,3
65593,3
65594,3
65595,3
65596,3
65597,3
65598,3
65599,3
65600,3
65601,3
65602,1
65603,2
65604,3
65605,2
65606,3
65607,3
65608,0
65609,3
65610,2
65611,3
65612,2
65613,3
65614,3
65615,3
65616,3
65617,3
65618,3
65619,2
65620,3
65621,3
65622,3
65623,3
65624,3
65625,3
65626,2
65627,3
65628,3
65629,3
65630,3
65631,3
65632,3
65633,3
65634,3
65635,3
65636,3
65637,3
65638,0
65639,3
65640,3
65641,0
65642,3
65643,3
65644,3
65645,3
65646,3
65647,3
65648,3
65649,3
65650,3
65651,3
65652,3
65653,3
65654,0
65655,3
65656,3
65657,3
65658,2
65659,3
65660,3
65661,3
65662,3
65663,3
65664,3
65665,3
65666,2
65667,3
65668,3
65669,3
65670,3
65671,2
65672,3
65673,2
65674,2
65675,3
65676,3
65677,3
65678,3
65679,3
65680,3
65681,3
65682,3
65683,3
65684,2
65685,2
65686,3
65687,3
65688,0
65689,3
65690,3
65691,0
65692,0
65693,3
65694,3
65695,2
65696,0
65697,3
65698,3
65699,3
65700,3
65701,3
65702,3
65703,3
65704,3
65705,3
65706,3
65707,3
65708,3
65709,3
65710,3
65711,3
65712,2
65713,3
65714,2
65715,3
65716,3
65717,0
65718,2
65719,0
65720,2
65721,2
65722,3
65723,3
65724,3
65725,3
65726,2
65727,3
65728,3
65729,0
65730,3
65731,3
65732,3
65733,3
65734,3
65735,2
65736,3
65737,3
65738,3
65739,3
65740,3
65741,3
65742,3
65743,3
65744,2
65745,3
65746,3
65747,3
65748,3
65749,3
65750,3
65751,3
65752,3
65753,3
65754,2
65755,3
65756,3
65757,2
65758,3
65759,3
65760,3
65761,3
65762,3
65763,3
65764,3
65765,3
65766,3
65767,2
65768,3
65769,3
65770,3
65771,3
65772,3
65773,3
65774,0
65775,3
65776,3
65777,3
65778,3
65779,2
65780,3
65781,3
65782,3
65783,3
65784,3
65785,3
65786,3
65787,3
65788,3
65789,3
65790,3
65791,3
65792,3
65793,2
65794,3
65795,3
65796,3
65797,3
65798,3
65799,3
65800,2
65801,2
65802,3
65803,3
65804,3
65805,3
65806,2
65807,3
65808,3
65809,3
65810,3
65811,3
65812,3
65813,0
65814,3
65815,3
65816,0
65817,2
65818,3
65819,3
65820,3
65821,3
65822,3
65823,3
65824,3
65825,3
65826,3
65827,3
65828,3
65829,3
65830,3
65831,3
65832,3
65833,0
65834,0
65835,0
65836,3
65837,3
65838,3
65839,3
65840,3
65841,3
65842,3
65843,3
65844,3
65845,3
65846,3
65847,3
65848,3
65849,3
65850,0
65851,3
65852,2
65853,3
65854,3
65855,3
65856,3
65857,3
65858,3
65859,3
65860,3
65861,3
65862,3
65863,3
65864,3
65865,3
65866,3
65867,3
65868,3
65869,3
65870,3
65871,3
65872,3
65873,3
65874,3
65875,2
65876,3
65877,3
65878,3
65879,3
65880,3
65881,3
65882,3
65883,3
65884,3
65885,3
65886,3
65887,3
65888,3
65889,3
65890,3
65891,3
65892,3
65893,3
65894,3
65895,3
65896,3
65897,3
65898,3
65899,3
65900,3
65901,3
65902,3
65903,3
65904,3
65905,3
65906,3
65907,3
65908,3
65909,3
65910,3
65911,3
65912,3
65913,2
65914,3
65915,3
65916,3
65917,3
65918,0
65919,3
65920,3
65921,0
65922,2
65923,3
65924,0
65925,3
65926,3
65927,3
65928,2
65929,2
65930,2
65931,3
65932,2
65933,2
65934,3
65935,3
65936,3
65937,3
65938,3
65939,3
65940,3
65941,3
65942,3
65943,3
65944,3
65945,3
65946,3
65947,3
65948,3
65949,3
65950,3
65951,3
65952,3
65953,3
65954,2
65955,3
65956,3
65957,3
65958,3
65959,3
65960,3
65961,3
65962,3
65963,3
65964,3
65965,3
65966,3
65967,3
65968,3
65969,3
65970,2
65971,3
65972,3
65973,0
65974,3
65975,0
65976,3
65977,3
65978,0
65979,3
65980,3
65981,3
65982,3
65983,4
65984,3
65985,3
65986,3
65987,3
65988,3
65989,3
65990,3
65991,2
65992,2
65993,3
65994,3
65995,3
65996,3
65997,3
65998,3
65999,3
66000,3
66001,3
66002,3
66003,3
66004,3
66005,3
66006,3
66007,3
66008,3
66009,3
66010,2
66011,3
66012,3
66013,3
66014,3
66015,3
66016,3
66017,3
66018,3
66019,3
66020,3
66021,3
66022,3
66023,3
66024,2
66025,3
66026,3
66027,3
66028,0
66029,3
66030,3
66031,3
66032,3
66033,3
66034,2
66035,3
66036,3
66037,3
66038,3
66039,3
66040,3
66041,3
66042,3
66043,3
66044,3
66045,3
66046,3
66047,3
66048,3
66049,3
66050,3
66051,3
66052,3
66053,3
66054,2
66055,3
66056,3
66057,3
66058,3
66059,3
66060,3
66061,3
66062,3
66063,2
66064,3
66065,3
66066,3
66067,3
66068,3
66069,3
66070,3
66071,3
66072,3
66073,2
66074,3
66075,3
66076,3
66077,3
66078,3
66079,3
66080,3
66081,3
66082,2
66083,3
66084,3
66085,3
66086,3
66087,3
66088,3
66089,3
66090,3
66091,3
66092,3
66093,3
66094,3
66095,3
66096,3
66097,3
66098,3
66099,2
66100,3
66101,3
66102,3
66103,3
66104,3
66105,3
66106,3
66107,3
66108,3
66109,3
66110,3
66111,3
66112,3
66113,3
66114,3
66115,3
66116,3
66117,3
66118,3
66119,3
66120,3
66121,2
66122,3
66123,2
66124,2
66125,3
66126,3
66127,3
66128,3
66129,0
66130,3
66131,3
66132,3
66133,3
66134,3
66135,2
66136,3
66137,3
66138,2
66139,3
66140,3
66141,3
66142,3
66143,3
66144,3
66145,3
66146,2
66147,3
66148,3
66149,3
66150,3
66151,3
66152,3
66153,2
66154,3
66155,3
66156,3
66157,2
66158,3
66159,3
66160,3
66161,3
66162,3
66163,3
66164,3
66165,3
66166,3
66167,3
66168,2
66169,2
66170,3
66171,2
66172,2
66173,3
66174,2
66175,3
66176,2
66177,3
66178,2
66179,3
66180,2
66181,2
66182,2
66183,3
66184,2
66185,2
66186,2
66187,2
66188,3
66189,3
66190,2
66191,2
66192,2
66193,2
66194,2
66195,2
66196,2
66197,2
66198,2
66199,2
66200,2
66201,2
66202,3
66203,0
66204,3
66205,2
66206,3
66207,2
66208,2
66209,2
66210,2
66211,2
66212,2
66213,0
66214,0
66215,3
66216,0
66217,0
66218,3
66219,3
66220,3
66221,3
66222,2
66223,3
66224,2
66225,3
66226,2
66227,2
66228,3
66229,3
66230,3
66231,3
66232,0
66233,0
66234,0
66235,0
66236,0
66237,0
66238,0
66239,0
66240,0
66241,0
66242,0
66243,0
66244,0
66245,0
66246,0
66247,0
66248,0
66249,0
66250,0
66251,0
66252,0
66253,0
66254,0
66255,2
66256,0
66257,0
66258,3
66259,0
66260,0
66261,0
66262,0
66263,0
66264,0
66265,0
66266,0
66267,0
66268,0
66269,0
66270,0
66271,0
66272,0
66273,0
66274,0
66275,0
66276,3
66277,2
66278,2
66279,2
66280,3
66281,2
66282,2
66283,2
66284,2
66285,2
66286,2
66287,3
66288,3
66289,3
66290,3
66291,2
66292,3
66293,3
66294,0
66295,0
66296,0
66297,0
66298,0
66299,2
66300,2
66301,0
66302,0
66303,0
66304,0
66305,3
66306,3
66307,3
66308,3
66309,3
66310,3
66311,3
66312,2
66313,2
66314,2
66315,0
66316,0
66317,3
66318,0
66319,0
66320,0
66321,0
66322,3
66323,3
66324,3
66325,3
66326,0
66327,0
66328,0
66329,0
66330,0
66331,0
66332,0
66333,2
66334,0
66335,3
66336,0
66337,0
66338,0
66339,0
66340,0
66341,0
66342,0
66343,0
66344,0
66345,0
66346,0
66347,0
66348,0
66349,3
66350,3
66351,3
66352,0
66353,0
66354,0
66355,0
66356,0
66357,0
66358,3
66359,3
66360,3
66361,2
66362,3
66363,3
66364,2
66365,3
66366,3
66367,3
66368,3
66369,3
66370,3
66371,3
66372,2
66373,3
66374,3
66375,3
66376,3
66377,3
66378,3
66379,3
66380,3
66381,3
66382,3
66383,3
66384,3
66385,3
66386,3
66387,2
66388,3
66389,2
66390,3
66391,3
66392,3
66393,3
66394,3
66395,3
66396,3
66397,3
66398,3
66399,3
66400,3
66401,3
66402,3
66403,2
66404,3
66405,3
66406,3
66407,2
66408,3
66409,3
66410,3
66411,3
66412,3
66413,3
66414,3
66415,3
66416,3
66417,3
66418,3
66419,3
66420,3
66421,3
66422,3
66423,3
66424,3
66425,2
66426,3
66427,2
66428,1
66429,3
66430,3
66431,2
66432,3
66433,3
66434,0
66435,0
66436,2
66437,0
66438,0
66439,3
66440,0
66441,0
66442,3
66443,3
66444,3
66445,2
66446,3
66447,3
66448,3
66449,3
66450,3
66451,3
66452,3
66453,2
66454,2
66455,0
66456,2
66457,2
66458,0
66459,0
66460,3
66461,2
66462,0
66463,0
66464,0
66465,0
66466,3
66467,1
66468,0
66469,0
66470,0
66471,0
66472,3
66473,3
66474,3
66475,3
66476,0
66477,0
66478,0
66479,2
66480,0
66481,0
66482,2
66483,0
66484,3
66485,3
66486,3
66487,3
66488,3
66489,3
66490,3
66491,3
66492,3
66493,3
66494,3
66495,3
66496,3
66497,3
66498,3
66499,3
66500,3
66501,3
66502,3
66503,3
66504,3
66505,1
66506,0
66507,0
66508,0
66509,0
66510,0
66511,0
66512,0
66513,0
66514,3
66515,2
66516,0
66517,0
66518,3
66519,2
66520,2
66521,0
66522,0
66523,0
66524,0
66525,0
66526,0
66527,0
66528,0
66529,0
66530,0
66531,0
66532,0
66533,0
66534,0
66535,0
66536,0
66537,3
66538,3
66539,2
66540,3
66541,0
66542,0
66543,0
66544,0
66545,0
66546,0
66547,0
66548,3
66549,0
66550,3
66551,3
66552,3
66553,3
66554,3
66555,3
66556,3
66557,3
66558,3
66559,3
66560,2
66561,3
66562,3
66563,3
66564,3
66565,3
66566,3
66567,3
66568,3
66569,3
66570,3
66571,3
66572,3
66573,3
66574,3
66575,3
66576,3
66577,3
66578,3
66579,3
66580,3
66581,3
66582,3
66583,2
66584,2
66585,2
66586,3
66587,3
66588,3
66589,2
66590,2
66591,2
66592,3
66593,2
66594,3
66595,3
66596,3
66597,3
66598,3
66599,3
66600,2
66601,0
66602,3
66603,3
66604,3
66605,3
66606,3
66607,3
66608,3
66609,3
66610,0
66611,3
66612,3
66613,3
66614,3
66615,3
66616,2
66617,3
66618,3
66619,3
66620,3
66621,3
66622,3
66623,3
66624,3
66625,3
66626,3
66627,3
66628,3
66629,3
66630,3
66631,3
66632,3
66633,3
66634,0
66635,0
66636,0
66637,0
66638,0
66639,3
66640,3
66641,3
66642,3
66643,2
66644,3
66645,3
66646,3
66647,3
66648,3
66649,3
66650,3
66651,3
66652,3
66653,3
66654,3
66655,3
66656,3
66657,2
66658,3
66659,3
66660,3
66661,3
66662,2
66663,2
66664,2
66665,2
66666,2
66667,3
66668,2
66669,2
66670,2
66671,2
66672,3
66673,2
66674,2
66675,2
66676,2
66677,2
66678,2
66679,2
66680,2
66681,2
66682,2
66683,1
66684,3
66685,3
66686,3
66687,3
66688,3
66689,2
66690,3
66691,3
66692,3
66693,3
66694,3
66695,3
66696,2
66697,4
66698,3
66699,2
66700,2
66701,3
66702,3
66703,3
66704,2
66705,3
66706,3
66707,2
66708,2
66709,2
66710,2
66711,2
66712,2
66713,2
66714,3
66715,2
66716,2
66717,2
66718,3
66719,3
66720,3
66721,3
66722,3
66723,1
66724,1
66725,1
66726,1
66727,1
66728,1
66729,1
66730,1
66731,3
66732,0
66733,3
66734,3
66735,3
66736,3
66737,2
66738,2
66739,2
66740,3
66741,2
66742,2
66743,2
66744,2
66745,3
66746,3
66747,3
66748,3
66749,3
66750,3
66751,3
66752,3
66753,2
66754,3
66755,3
66756,3
66757,1
66758,3
66759,2
66760,2
66761,3
66762,2
66763,2
66764,3
66765,2
66766,3
66767,3
66768,0
66769,3
66770,0
66771,0
66772,0
66773,2
66774,3
66775,3
66776,0
66777,0
66778,3
66779,3
66780,3
66781,3
66782,3
66783,3
66784,2
66785,2
66786,0
66787,3
66788,3
66789,0
66790,3
66791,3
66792,3
66793,3
66794,3
66795,3
66796,3
66797,3
66798,3
66799,2
66800,3
66801,2
66802,2
66803,2
66804,2
66805,2
66806,3
66807,2
66808,1
66809,3
66810,3
66811,3
66812,2
66813,3
66814,0
66815,3
66816,3
66817,0
66818,0
66819,0
66820,3
66821,0
66822,0
66823,3
66824,3
66825,3
66826,0
66827,0
66828,0
66829,0
66830,0
66831,3
66832,2
66833,0
66834,0
66835,0
66836,3
66837,3
66838,3
66839,3
66840,3
66841,2
66842,2
66843,0
66844,3
66845,3
66846,2
66847,3
66848,2
66849,2
66850,3
66851,3
66852,3
66853,1
66854,3
66855,2
66856,0
66857,0
66858,0
66859,0
66860,0
66861,0
66862,0
66863,0
66864,0
66865,0
66866,0
66867,3
66868,0
66869,3
66870,0
66871,0
66872,3
66873,3
66874,0
66875,1
66876,0
66877,0
66878,0
66879,3
66880,0
66881,2
66882,3
66883,1
66884,2
66885,2
66886,2
66887,3
66888,3
66889,3
66890,2
66891,3
66892,3
66893,3
66894,0
66895,0
66896,0
66897,0
66898,0
66899,0
66900,0
66901,0
66902,0
66903,0
66904,2
66905,3
66906,3
66907,3
66908,3
66909,3
66910,2
66911,3
66912,3
66913,2
66914,0
66915,0
66916,0
66917,0
66918,3
66919,3
66920,3
66921,3
66922,2
66923,2
66924,3
66925,2
66926,3
66927,2
66928,3
66929,3
66930,0
66931,0
66932,2
66933,2
66934,3
66935,3
66936,3
66937,3
66938,3
66939,3
66940,3
66941,3
66942,3
66943,3
66944,3
66945,3
66946,3
66947,3
66948,2
66949,1
66950,0
66951,0
66952,3
66953,3
66954,3
66955,3
66956,3
66957,3
66958,2
66959,2
66960,3
66961,3
66962,3
66963,2
66964,3
66965,3
66966,3
66967,2
66968,2
66969,3
66970,2
66971,2
66972,2
66973,2
66974,2
66975,3
66976,3
66977,3
66978,3
66979,0
66980,3
66981,2
66982,3
66983,3
66984,3
66985,3
66986,3
66987,2
66988,0
66989,3
66990,3
66991,3
66992,2
66993,2
66994,2
66995,2
66996,2
66997,2
66998,3
66999,2
67000,2
67001,2
67002,2
67003,2
67004,3
67005,2
67006,3
67007,2
67008,2
67009,2
67010,3
67011,3
67012,2
67013,2
67014,3
67015,2
67016,3
67017,2
67018,2
67019,2
67020,3
67021,2
67022,2
67023,2
67024,3
67025,3
67026,3
67027,3
67028,2
67029,3
67030,3
67031,3
67032,3
67033,3
67034,3
67035,3
67036,3
67037,3
67038,3
67039,3
67040,3
67041,3
67042,3
67043,3
67044,3
67045,3
67046,2
67047,3
67048,3
67049,2
67050,3
67051,3
67052,3
67053,0
67054,2
67055,3
67056,3
67057,2
67058,2
67059,3
67060,3
67061,2
67062,3
67063,3
67064,3
67065,3
67066,3
67067,2
67068,3
67069,3
67070,3
67071,3
67072,3
67073,3
67074,3
67075,3
67076,3
67077,3
67078,0
67079,3
67080,3
67081,3
67082,3
67083,2
67084,3
67085,2
67086,3
67087,3
67088,3
67089,3
67090,2
67091,3
67092,1
67093,3
67094,3
67095,3
67096,3
67097,3
67098,3
67099,3
67100,3
67101,3
67102,3
67103,3
67104,3
67105,3
67106,3
67107,3
67108,0
67109,3
67110,3
67111,3
67112,3
67113,3
67114,0
67115,3
67116,3
67117,3
67118,3
67119,3
67120,3
67121,3
67122,3
67123,3
67124,0
67125,0
67126,0
67127,3
67128,3
67129,3
67130,0
67131,0
67132,2
67133,3
67134,3
67135,1
67136,3
67137,3
67138,3
67139,3
67140,3
67141,3
67142,3
67143,3
67144,3
67145,3
67146,3
67147,2
67148,0
67149,2
67150,3
67151,3
67152,0
67153,0
67154,0
67155,3
67156,0
67157,3
67158,1
67159,1
67160,1
67161,1
67162,1
67163,1
67164,1
67165,3
67166,3
67167,3
67168,3
67169,3
67170,3
67171,3
67172,3
67173,3
67174,2
67175,3
67176,0
67177,0
67178,1
67179,1
67180,3
67181,0
67182,3
67183,3
67184,3
67185,3
67186,3
67187,3
67188,3
67189,3
67190,3
67191,3
67192,3
67193,3
67194,3
67195,3
67196,3
67197,0
67198,0
67199,0
67200,0
67201,3
67202,3
67203,3
67204,3
67205,3
67206,3
67207,3
67208,2
67209,3
67210,3
67211,2
67212,2
67213,3
67214,3
67215,3
67216,3
67217,3
67218,2
67219,3
67220,0
67221,0
67222,0
67223,0
67224,0
67225,0
67226,0
67227,0
67228,0
67229,0
67230,0
67231,0
67232,0
67233,0
67234,0
67235,0
67236,0
67237,0
67238,0
67239,0
67240,0
67241,0
67242,0
67243,3
67244,3
67245,3
67246,3
67247,3
67248,3
67249,3
67250,3
67251,2
67252,3
67253,3
67254,3
67255,3
67256,3
67257,3
67258,3
67259,0
67260,0
67261,3
67262,3
67263,3
67264,2
67265,3
67266,3
67267,3
67268,3
67269,0
67270,0
67271,0
67272,2
67273,3
67274,3
67275,3
67276,3
67277,3
67278,3
67279,3
67280,3
67281,3
67282,3
67283,3
67284,0
67285,3
67286,1
67287,0
67288,0
67289,0
67290,0
67291,3
67292,0
67293,1
67294,1
67295,0
67296,0
67297,0
67298,1
67299,1
67300,1
67301,3
67302,3
67303,3
67304,3
67305,3
67306,1
67307,1
67308,1
67309,1
67310,1
67311,0
67312,0
67313,0
67314,0
67315,3
67316,3
67317,3
67318,3
67319,3
67320,2
67321,2
67322,2
67323,2
67324,2
67325,2
67326,2
67327,3
67328,2
67329,2
67330,2
67331,2
67332,2
67333,2
67334,2
67335,2
67336,2
67337,2
67338,2
67339,2
67340,2
67341,2
67342,2
67343,2
67344,2
67345,2
67346,1
67347,2
67348,1
67349,2
67350,2
67351,2
67352,2
67353,2
67354,2
67355,2
67356,2
67357,2
67358,2
67359,2
67360,2
67361,2
67362,2
67363,2
67364,2
67365,2
67366,2
67367,2
67368,2
67369,2
67370,2
67371,2
67372,2
67373,2
67374,2
67375,2
67376,2
67377,2
67378,2
67379,2
67380,2
67381,2
67382,2
67383,2
67384,2
67385,2
67386,2
67387,2
67388,2
67389,2
67390,2
67391,2
67392,2
67393,2
67394,2
67395,2
67396,2
67397,2
67398,2
67399,2
67400,2
67401,2
67402,2
67403,2
67404,2
67405,2
67406,2
67407,2
67408,2
67409,2
67410,2
67411,2
67412,3
67413,2
67414,2
67415,2
67416,2
67417,2
67418,2
67419,2
67420,2
67421,2
67422,2
67423,2
67424,2
67425,2
67426,2
67427,2
67428,2
67429,2
67430,2
67431,2
67432,2
67433,2
67434,2
67435,2
67436,2
67437,2
67438,2
67439,2
67440,2
67441,2
67442,2
67443,2
67444,2
67445,2
67446,2
67447,2
67448,2
67449,2
67450,3
67451,3
67452,2
67453,3
67454,3
67455,2
67456,3
67457,3
67458,3
67459,3
67460,2
67461,2
67462,3
67463,3
67464,3
67465,0
67466,3
67467,3
67468,3
67469,2
67470,3
67471,2
67472,2
67473,2
67474,2
67475,2
67476,2
67477,2
67478,2
67479,2
67480,2
67481,2
67482,2
67483,2
67484,2
67485,2
67486,2
67487,2
67488,2
67489,2
67490,2
67491,2
67492,2
67493,2
67494,2
67495,2
67496,2
67497,2
67498,2
67499,2
67500,2
67501,2
67502,2
67503,2
67504,2
67505,2
67506,2
67507,2
67508,2
67509,2
67510,2
67511,2
67512,2
67513,2
67514,2
67515,2
67516,2
67517,2
67518,2
67519,2
67520,2
67521,2
67522,2
67523,2
67524,2
67525,2
67526,2
67527,2
67528,2
67529,2
67530,2
67531,2
67532,2
67533,2
67534,2
67535,2
67536,2
67537,2
67538,2
67539,2
67540,2
67541,2
67542,2
67543,2
67544,2
67545,2
67546,2
67547,2
67548,2
67549,1
67550,1
67551,1
67552,1
67553,1
67554,1
67555,2
67556,3
67557,3
67558,3
67559,3
67560,2
67561,3
67562,2
67563,2
67564,2
67565,2
67566,2
67567,2
67568,3
67569,3
67570,3
67571,2
67572,2
67573,2
67574,2
67575,2
67576,2
67577,2
67578,2
67579,2
67580,2
67581,2
67582,2
67583,2
67584,2
67585,2
67586,2
67587,2
67588,2
67589,2
67590,3
67591,2
67592,2
67593,2
67594,2
67595,2
67596,2
67597,2
67598,2
67599,2
67600,2
67601,2
67602,2
67603,2
67604,2
67605,2
67606,2
67607,2
67608,4
67609,2
67610,0
67611,2
67612,2
67613,4
67614,0
67615,3
67616,0
67617,2
67618,2
67619,4
67620,2
67621,2
67622,2
67623,2
67624,0
67625,0
67626,2
67627,2
67628,2
67629,2
67630,2
67631,2
67632,2
67633,2
67634,2
67635,2
67636,2
67637,2
67638,2
67639,2
67640,2
67641,2
67642,2
67643,2
67644,2
67645,2
67646,2
67647,2
67648,2
67649,3
67650,2
67651,2
67652,2
67653,2
67654,2
67655,3
67656,2
67657,2
67658,2
67659,2
67660,2
67661,2
67662,2
67663,2
67664,2
67665,2
67666,3
67667,3
67668,2
67669,2
67670,2
67671,3
67672,2
67673,2
67674,2
67675,2
67676,2
67677,2
67678,3
67679,2
67680,2
67681,2
67682,2
67683,2
67684,2
67685,2
67686,2
67687,2
67688,2
67689,3
67690,2
67691,2
67692,2
67693,2
67694,3
67695,2
67696,2
67697,2
67698,3
67699,2
67700,2
67701,3
67702,3
67703,3
67704,2
67705,2
67706,3
67707,3
67708,2
67709,2
67710,3
67711,3
67712,3
67713,3
67714,3
67715,3
67716,3
67717,3
67718,3
67719,3
67720,3
67721,3
67722,3
67723,2
67724,3
67725,3
67726,3
67727,3
67728,3
67729,3
67730,3
67731,3
67732,3
67733,3
67734,3
67735,2
67736,3
67737,2
67738,3
67739,3
67740,2
67741,2
67742,3
67743,3
67744,3
67745,3
67746,3
67747,0
67748,3
67749,3
67750,3
67751,3
67752,3
67753,3
67754,3
67755,3
67756,3
67757,3
67758,3
67759,3
67760,3
67761,3
67762,3
67763,3
67764,3
67765,3
67766,3
67767,3
67768,3
67769,3
67770,3
67771,3
67772,1
67773,3
67774,3
67775,0
67776,3
67777,3
67778,3
67779,3
67780,3
67781,3
67782,3
67783,3
67784,3
67785,3
67786,3
67787,0
67788,0
67789,3
67790,3
67791,0
67792,3
67793,3
67794,3
67795,3
67796,3
67797,3
67798,3
67799,3
67800,3
67801,3
67802,3
67803,3
67804,3
67805,3
67806,3
67807,3
67808,3
67809,0
67810,0
67811,0
67812,0
67813,0
67814,0
67815,0
67816,0
67817,0
67818,3
67819,3
67820,3
67821,2
67822,3
67823,0
67824,0
67825,0
67826,0
67827,0
67828,0
67829,0
67830,0
67831,0
67832,0
67833,3
67834,3
67835,3
67836,3
67837,2
67838,3
67839,3
67840,3
67841,3
67842,3
67843,3
67844,3
67845,3
67846,3
67847,3
67848,3
67849,3
67850,3
67851,3
67852,2
67853,2
67854,2
67855,3
67856,2
67857,2
67858,2
67859,2
67860,3
67861,2
67862,2
67863,3
67864,2
67865,2
67866,2
67867,2
67868,2
67869,3
67870,3
67871,3
67872,2
67873,3
67874,3
67875,3
67876,3
67877,3
67878,3
67879,3
67880,3
67881,0
67882,3
67883,0
67884,3
67885,3
67886,3
67887,3
67888,3
67889,3
67890,3
67891,3
67892,3
67893,3
67894,3
67895,3
67896,3
67897,3
67898,3
67899,3
67900,3
67901,2
67902,3
67903,2
67904,2
67905,3
67906,3
67907,2
67908,2
67909,2
67910,2
67911,2
67912,2
67913,2
67914,3
67915,2
67916,2
67917,3
67918,2
67919,2
67920,1
67921,3
67922,3
67923,3
67924,3
67925,3
67926,3
67927,2
67928,3
67929,2
67930,3
67931,3
67932,3
67933,3
67934,2
67935,3
67936,3
67937,3
67938,3
67939,3
67940,3
67941,3
67942,3
67943,3
67944,3
67945,3
67946,3
67947,3
67948,3
67949,3
67950,3
67951,3
67952,3
67953,3
67954,2
67955,3
67956,3
67957,3
67958,3
67959,3
67960,3
67961,3
67962,3
67963,3
67964,3
67965,3
67966,3
67967,3
67968,3
67969,3
67970,3
67971,3
67972,0
67973,0
67974,3
67975,3
67976,3
67977,3
67978,3
67979,3
67980,3
67981,3
67982,3
67983,3
67984,3
67985,3
67986,3
67987,3
67988,3
67989,3
67990,3
67991,0
67992,3
67993,3
67994,2
67995,2
67996,3
67997,3
67998,3
67999,3
68000,2
68001,3
68002,3
68003,0
68004,3
68005,3
68006,3
68007,3
68008,3
68009,3
68010,3
68011,3
68012,3
68013,3
68014,3
68015,3
68016,3
68017,3
68018,3
68019,3
68020,3
68021,3
68022,3
68023,3
68024,3
68025,3
68026,3
68027,3
68028,3
68029,3
68030,3
68031,3
68032,3
68033,3
68034,3
68035,3
68036,3
68037,3
68038,3
68039,3
68040,3
68041,3
68042,3
68043,3
68044,3
68045,3
68046,3
68047,3
68048,3
68049,3
68050,3
68051,3
68052,3
68053,3
68054,3
68055,3
68056,3
68057,3
68058,3
68059,2
68060,0
68061,3
68062,1
68063,1
68064,1
68065,1
68066,1
68067,1
68068,1
68069,1
68070,1
68071,1
68072,1
68073,1
68074,1
68075,1
68076,1
68077,1
68078,1
68079,1
68080,1
68081,1
68082,1
68083,1
68084,1
68085,1
68086,1
68087,1
68088,1
68089,1
68090,1
68091,2
68092,1
68093,1
68094,2
68095,2
68096,1
68097,1
68098,1
68099,1
68100,1
68101,1
68102,1
68103,1
68104,1
68105,1
68106,1
68107,3
68108,1
68109,1
68110,1
68111,1
68112,1
68113,1
68114,1
68115,1
68116,1
68117,1
68118,1
68119,1
68120,3
68121,3
68122,1
68123,1
68124,1
68125,1
68126,2
68127,1
68128,1
68129,1
68130,1
68131,1
68132,3
68133,1
68134,1
68135,2
68136,1
68137,1
68138,1
68139,1
68140,3
68141,0
68142,3
68143,3
68144,3
68145,1
68146,1
68147,1
68148,1
68149,1
68150,1
68151,1
68152,1
68153,1
68154,1
68155,1
68156,1
68157,1
68158,3
68159,1
68160,1
68161,1
68162,1
68163,1
68164,1
68165,3
68166,1
68167,1
68168,1
68169,1
68170,1
68171,1
68172,2
68173,1
68174,1
68175,1
68176,1
68177,3
68178,3
68179,3
68180,3
68181,3
68182,3
68183,3
68184,3
68185,3
68186,3
68187,3
68188,3
68189,3
68190,3
68191,3
68192,3
68193,3
68194,3
68195,3
68196,3
68197,3
68198,3
68199,3
68200,3
68201,3
68202,3
68203,3
68204,3
68205,3
68206,3
68207,3
68208,3
68209,3
68210,3
68211,3
68212,3
68213,3
68214,3
68215,3
68216,3
68217,3
68218,3
68219,3
68220,3
68221,3
68222,3
68223,3
68224,0
68225,3
68226,3
68227,0
68228,3
68229,3
68230,3
68231,3
68232,3
68233,3
68234,2
68235,3
68236,2
68237,3
68238,3
68239,3
68240,0
68241,3
68242,3
68243,3
68244,2
68245,3
68246,3
68247,3
68248,3
68249,3
68250,3
68251,3
68252,3
68253,0
68254,3
68255,0
68256,0
68257,0
68258,0
68259,3
68260,3
68261,0
68262,3
68263,0
68264,0
68265,3
68266,3
68267,3
68268,0
68269,0
68270,0
68271,3
68272,3
68273,0
68274,0
68275,3
68276,0
68277,3
68278,3
68279,0
68280,3
68281,3
68282,3
68283,3
68284,3
68285,3
68286,3
68287,3
68288,3
68289,3
68290,3
68291,3
68292,3
68293,3
68294,3
68295,3
68296,3
68297,3
68298,3
68299,3
68300,3
68301,3
68302,3
68303,3
68304,3
68305,3
68306,2
68307,3
68308,0
68309,2
68310,3
68311,3
68312,3
68313,0
68314,0
68315,3
68316,0
68317,2
68318,3
68319,0
68320,3
68321,3
68322,2
68323,0
68324,2
68325,4
68326,3
68327,0
68328,3
68329,3
68330,3
68331,2
68332,3
68333,2
68334,0
68335,3
68336,3
68337,3
68338,3
68339,3
68340,3
68341,3
68342,3
68343,0
68344,0
68345,0
68346,0
68347,3
68348,3
68349,3
68350,3
68351,0
68352,3
68353,3
68354,3
68355,0
68356,0
68357,3
68358,3
68359,3
68360,3
68361,3
68362,3
68363,3
68364,3
68365,3
68366,3
68367,0
68368,0
68369,0
68370,3
68371,3
68372,3
68373,3
68374,3
68375,3
68376,3
68377,3
68378,3
68379,2
68380,3
68381,2
68382,2
68383,2
68384,2
68385,0
68386,2
68387,2
68388,2
68389,0
68390,2
68391,2
68392,3
68393,0
68394,3
68395,3
68396,2
68397,2
68398,0
68399,0
68400,0
68401,0
68402,0
68403,3
68404,3
68405,3
68406,3
68407,3
68408,3
68409,3
68410,3
68411,3
68412,3
68413,3
68414,3
68415,3
68416,3
68417,3
68418,3
68419,3
68420,3
68421,3
68422,3
68423,3
68424,3
68425,3
68426,3
68427,3
68428,3
68429,3
68430,3
68431,3
68432,3
68433,3
68434,3
68435,3
68436,3
68437,3
68438,3
68439,0
68440,0
68441,3
68442,0
68443,3
68444,3
68445,3
68446,3
68447,3
68448,3
68449,3
68450,3
68451,3
68452,3
68453,3
68454,0
68455,3
68456,3
68457,2
68458,0
68459,3
68460,3
68461,0
68462,0
68463,2
68464,2
68465,3
68466,3
68467,3
68468,0
68469,0
68470,3
68471,3
68472,3
68473,3
68474,3
68475,3
68476,2
68477,0
68478,0
68479,3
68480,3
68481,0
68482,0
68483,2
68484,2
68485,3
68486,0
68487,3
68488,3
68489,3
68490,2
68491,3
68492,3
68493,0
68494,3
68495,0
68496,3
68497,3
68498,3
68499,3
68500,3
68501,3
68502,0
68503,0
68504,2
68505,2
68506,0
68507,3
68508,3
68509,0
68510,3
68511,3
68512,3
68513,2
68514,2
68515,2
68516,3
68517,3
68518,3
68519,3
68520,3
68521,3
68522,3
68523,3
68524,3
68525,3
68526,3
68527,3
68528,3
68529,3
68530,3
68531,3
68532,3
68533,3
68534,3
68535,3
68536,3
68537,3
68538,0
68539,3
68540,3
68541,3
68542,3
68543,3
68544,3
68545,2
68546,3
68547,3
68548,3
68549,3
68550,3
68551,3
68552,3
68553,3
68554,3
68555,3
68556,3
68557,3
68558,3
68559,3
68560,3
68561,3
68562,3
68563,3
68564,3
68565,3
68566,3
68567,3
68568,3
68569,3
68570,3
68571,3
68572,3
68573,3
68574,3
68575,3
68576,3
68577,3
68578,0
68579,3
68580,3
68581,3
68582,3
68583,3
68584,3
68585,0
68586,0
68587,2
68588,3
68589,3
68590,3
68591,2
68592,3
68593,3
68594,0
68595,3
68596,3
68597,2
68598,3
68599,3
68600,3
68601,3
68602,0
68603,3
68604,3
68605,0
68606,0
68607,3
68608,3
68609,3
68610,3
68611,1
68612,1
68613,1
68614,1
68615,3
68616,3
68617,3
68618,3
68619,1
68620,1
68621,1
68622,1
68623,1
68624,1
68625,1
68626,1
68627,3
68628,3
68629,1
68630,3
68631,3
68632,2
68633,3
68634,2
68635,2
68636,3
68637,3
68638,3
68639,3
68640,3
68641,3
68642,3
68643,0
68644,0
68645,0
68646,0
68647,0
68648,0
68649,0
68650,0
68651,0
68652,0
68653,0
68654,3
68655,0
68656,3
68657,0
68658,0
68659,0
68660,1
68661,1
68662,3
68663,1
68664,3
68665,1
68666,1
68667,1
68668,0
68669,0
68670,0
68671,0
68672,0
68673,3
68674,3
68675,1
68676,3
68677,3
68678,3
68679,3
68680,2
68681,3
68682,3
68683,3
68684,3
68685,3
68686,3
68687,3
68688,3
68689,3
68690,3
68691,3
68692,3
68693,3
68694,3
68695,3
68696,0
68697,3
68698,0
68699,0
68700,3
68701,2
68702,3
68703,3
68704,3
68705,3
68706,3
68707,3
68708,3
68709,0
68710,3
68711,3
68712,3
68713,3
68714,3
68715,3
68716,3
68717,0
68718,3
68719,3
68720,3
68721,3
68722,3
68723,3
68724,1
68725,3
68726,0
68727,0
68728,0
68729,0
68730,3
68731,3
68732,3
68733,2
68734,3
68735,0
68736,2
68737,3
68738,3
68739,3
68740,0
68741,3
68742,0
68743,3
68744,3
68745,3
68746,3
68747,3
68748,3
68749,3
68750,3
68751,1
68752,0
68753,0
68754,2
68755,0
68756,0
68757,3
68758,3
68759,3
68760,3
68761,3
68762,3
68763,2
68764,2
68765,3
68766,2
68767,2
68768,2
68769,0
68770,0
68771,0
68772,2
68773,3
68774,0
68775,0
68776,0
68777,0
68778,3
68779,0
68780,0
68781,0
68782,0
68783,0
68784,3
68785,0
68786,3
68787,3
68788,3
68789,3
68790,3
68791,3
68792,3
68793,1
68794,3
68795,3
68796,3
68797,3
68798,3
68799,0
68800,3
68801,0
68802,1
68803,3
68804,0
68805,0
68806,0
68807,1
68808,0
68809,0
68810,0
68811,0
68812,3
68813,0
68814,0
68815,3
68816,2
68817,3
68818,0
68819,0
68820,3
68821,0
68822,0
68823,0
68824,1
68825,3
68826,3
68827,3
68828,0
68829,0
68830,0
68831,3
68832,1
68833,1
68834,0
68835,0
68836,0
68837,3
68838,3
68839,3
68840,3
68841,3
68842,0
68843,0
68844,0
68845,0
68846,0
68847,0
68848,0
68849,0
68850,2
68851,4
68852,2
68853,3
68854,0
68855,0
68856,3
68857,3
68858,3
68859,3
68860,0
68861,0
68862,0
68863,0
68864,0
68865,0
68866,0
68867,0
68868,0
68869,0
68870,0
68871,3
68872,3
68873,3
68874,3
68875,3
68876,3
68877,0
68878,0
68879,0
68880,0
68881,0
68882,0
68883,0
68884,3
68885,3
68886,3
68887,1
68888,0
68889,0
68890,0
68891,0
68892,1
68893,0
68894,2
68895,3
68896,3
68897,3
68898,3
68899,0
68900,0
68901,0
68902,0
68903,3
68904,0
68905,0
68906,2
68907,3
68908,0
68909,3
68910,3
68911,3
68912,0
68913,1
68914,3
68915,3
68916,0
68917,0
68918,0
68919,3
68920,3
68921,3
68922,3
68923,3
68924,3
68925,3
68926,3
68927,3
68928,3
68929,3
68930,3
68931,3
68932,2
68933,3
68934,3
68935,3
68936,3
68937,3
68938,2
68939,3
68940,1
68941,0
68942,0
68943,3
68944,1
68945,1
68946,3
68947,3
68948,3
68949,3
68950,2
68951,3
68952,3
68953,3
68954,3
68955,3
68956,3
68957,3
68958,3
68959,3
68960,3
68961,3
68962,3
68963,3
68964,3
68965,3
68966,3
68967,3
68968,3
68969,3
68970,3
68971,3
68972,3
68973,3
68974,3
68975,3
68976,3
68977,3
68978,1
68979,3
68980,3
68981,0
68982,1
68983,3
68984,3
68985,3
68986,3
68987,3
68988,3
68989,3
68990,3
68991,3
68992,3
68993,3
68994,1
68995,3
68996,3
68997,3
68998,3
68999,3
69000,3
69001,3
69002,3
69003,3
69004,2
69005,3
69006,3
69007,3
69008,3
69009,1
69010,1
69011,1
69012,3
69013,1
69014,0
69015,3
69016,3
69017,1
69018,3
69019,3
69020,3
69021,3
69022,3
69023,2
69024,3
69025,3
69026,1
69027,1
69028,1
69029,0
69030,0
69031,0
69032,1
69033,1
69034,0
69035,0
69036,3
69037,2
69038,3
69039,3
69040,3
69041,2
69042,2
69043,3
69044,3
69045,3
69046,3
69047,3
69048,3
69049,3
69050,3
69051,3
69052,1
69053,0
69054,3
69055,3
69056,3
69057,3
69058,1
69059,1
69060,3
69061,3
69062,1
69063,3
69064,3
69065,3
69066,3
69067,3
69068,1
69069,3
69070,3
69071,3
69072,3
69073,3
69074,3
69075,3
69076,2
69077,2
69078,3
69079,3
69080,3
69081,3
69082,3
69083,3
69084,2
69085,3
69086,3
69087,2
69088,3
69089,3
69090,3
69091,3
69092,3
69093,1
69094,3
69095,3
69096,3
69097,3
69098,3
69099,3
69100,3
69101,1
69102,3
69103,3
69104,3
69105,3
69106,3
69107,3
69108,3
69109,3
69110,3
69111,3
69112,3
69113,3
69114,2
69115,3
69116,3
69117,3
69118,3
69119,3
69120,3
69121,3
69122,3
69123,3
69124,3
69125,3
69126,3
69127,3
69128,3
69129,1
69130,3
69131,0
69132,3
69133,3
69134,3
69135,3
69136,3
69137,3
69138,3
69139,3
69140,3
69141,3
69142,3
69143,3
69144,3
69145,3
69146,3
69147,3
69148,3
69149,3
69150,3
69151,3
69152,0
69153,0
69154,0
69155,1
69156,3
69157,3
69158,3
69159,3
69160,3
69161,3
69162,3
69163,3
69164,3
69165,0
69166,3
69167,3
69168,1
69169,3
69170,3
69171,3
69172,3
69173,3
69174,3
69175,3
69176,3
69177,3
69178,3
69179,3
69180,3
69181,3
69182,3
69183,3
69184,3
69185,3
69186,3
69187,3
69188,3
69189,3
69190,3
69191,3
69192,3
69193,3
69194,3
69195,3
69196,3
69197,3
69198,3
69199,3
69200,3
69201,3
69202,3
69203,3
69204,3
69205,3
69206,3
69207,3
69208,3
69209,3
69210,3
69211,3
69212,3
69213,3
69214,3
69215,3
69216,3
69217,3
69218,0
69219,0
69220,0
69221,0
69222,0
69223,0
69224,0
69225,0
69226,0
69227,0
69228,0
69229,0
69230,3
69231,0
69232,3
69233,3
69234,3
69235,3
69236,3
69237,3
69238,3
69239,2
69240,0
69241,0
69242,0
69243,0
69244,0
69245,0
69246,0
69247,0
69248,3
69249,0
69250,0
69251,0
69252,0
69253,0
69254,0
69255,0
69256,0
69257,0
69258,0
69259,3
69260,3
69261,3
69262,3
69263,3
69264,0
69265,0
69266,3
69267,0
69268,0
69269,1
69270,1
69271,1
69272,1
69273,1
69274,1
69275,1
69276,1
69277,1
69278,1
69279,1
69280,1
69281,1
69282,1
69283,1
69284,1
69285,1
69286,2
69287,1
69288,1
69289,1
69290,1
69291,1
69292,1
69293,1
69294,1
69295,1
69296,1
69297,1
69298,1
69299,1
69300,1
69301,1
69302,1
69303,0
69304,2
69305,0
69306,0
69307,1
69308,2
69309,3
69310,3
69311,3
69312,3
69313,1
69314,2
69315,1
69316,3
69317,2
69318,1
69319,2
69320,3
69321,3
69322,2
69323,2
69324,3
69325,3
69326,3
69327,2
69328,3
69329,3
69330,3
69331,3
69332,3
69333,3
69334,1
69335,1
69336,3
69337,3
69338,2
69339,0
69340,0
69341,0
69342,0
69343,0
69344,0
69345,0
69346,0
69347,0
69348,0
69349,0
69350,0
69351,0
69352,0
69353,0
69354,0
69355,0
69356,0
69357,2
69358,1
69359,1
69360,1
69361,1
69362,1
69363,3
69364,1
69365,1
69366,1
69367,2
69368,0
69369,0
69370,0
69371,0
69372,1
69373,1
69374,0
69375,3
69376,3
69377,2
69378,2
69379,3
69380,3
69381,2
69382,3
69383,3
69384,3
69385,3
69386,3
69387,3
69388,3
69389,2
69390,2
69391,2
69392,2
69393,2
69394,2
69395,0
69396,0
69397,0
69398,2
69399,3
69400,2
69401,3
69402,2
69403,2
69404,2
69405,2
69406,0
69407,0
69408,0
69409,2
69410,2
69411,3
69412,0
69413,0
69414,0
69415,0
69416,0
69417,0
69418,0
69419,0
69420,0
69421,0
69422,0
69423,0
69424,0
69425,0
69426,0
69427,0
69428,0
69429,0
69430,0
69431,0
69432,0
69433,0
69434,0
69435,0
69436,0
69437,0
69438,2
69439,0
69440,0
69441,2
69442,0
69443,0
69444,2
69445,3
69446,2
69447,2
69448,2
69449,3
69450,2
69451,3
69452,0
69453,0
69454,0
69455,0
69456,0
69457,0
69458,0
69459,0
69460,0
69461,0
69462,0
69463,3
69464,3
69465,3
69466,2
69467,3
69468,3
69469,3
69470,3
69471,2
69472,0
69473,0
69474,2
69475,0
69476,0
69477,0
69478,0
69479,0
69480,0
69481,1
69482,1
69483,3
69484,3
69485,1
69486,1
69487,3
69488,2
69489,2
69490,2
69491,0
69492,0
69493,0
69494,0
69495,3
69496,3
69497,0
69498,2
69499,0
69500,0
69501,0
69502,0
69503,0
69504,0
69505,0
69506,3
69507,0
69508,0
69509,0
69510,0
69511,0
69512,0
69513,0
69514,0
69515,0
69516,0
69517,0
69518,0
69519,0
69520,0
69521,0
69522,0
69523,0
69524,0
69525,0
69526,0
69527,0
69528,0
69529,0
69530,2
69531,0
69532,0
69533,0
69534,0
69535,2
69536,0
69537,0
69538,2
69539,2
69540,2
69541,3
69542,2
69543,2
69544,2
69545,2
69546,2
69547,3
69548,2
69549,3
69550,0
69551,0
69552,0
69553,0
69554,0
69555,0
69556,0
69557,0
69558,0
69559,0
69560,0
69561,0
69562,0
69563,3
69564,3
69565,3
69566,3
69567,3
69568,3
69569,3
69570,3
69571,0
69572,2
69573,2
69574,0
69575,0
69576,2
69577,2
69578,3
69579,0
69580,2
69581,2
69582,2
69583,3
69584,3
69585,3
69586,2
69587,3
69588,2
69589,3
69590,3
69591,3
69592,3
69593,3
69594,3
69595,3
69596,1
69597,2
69598,3
69599,3
69600,3
69601,0
69602,0
69603,0
69604,2
69605,3
69606,3
69607,3
69608,3
69609,3
69610,3
69611,3
69612,3
69613,3
69614,3
69615,3
69616,3
69617,1
69618,3
69619,3
69620,3
69621,2
69622,2
69623,2
69624,2
69625,3
69626,3
69627,2
69628,2
69629,2
69630,2
69631,2
69632,2
69633,2
69634,2
69635,2
69636,2
69637,1
69638,2
69639,2
69640,2
69641,3
69642,2
69643,3
69644,3
69645,2
69646,2
69647,2
69648,3
69649,3
69650,3
69651,3
69652,3
69653,2
69654,2
69655,3
69656,3
69657,2
69658,3
69659,2
69660,3
69661,3
69662,2
69663,2
69664,3
69665,0
69666,0
69667,0
69668,0
69669,2
69670,2
69671,2
69672,2
69673,2
69674,2
69675,2
69676,0
69677,0
69678,3
69679,3
69680,0
69681,0
69682,0
69683,0
69684,0
69685,0
69686,0
69687,0
69688,0
69689,0
69690,3
69691,3
69692,0
69693,3
69694,0
69695,2
69696,3
69697,3
69698,2
69699,0
69700,2
69701,3
69702,3
69703,2
69704,3
69705,1
69706,3
69707,2
69708,3
69709,1
69710,1
69711,3
69712,1
69713,1
69714,1
69715,1
69716,1
69717,1
69718,1
69719,1
69720,1
69721,1
69722,1
69723,3
69724,3
69725,2
69726,3
69727,1
69728,1
69729,1
69730,3
69731,1
69732,1
69733,3
69734,3
69735,1
69736,3
69737,1
69738,3
69739,3
69740,2
69741,3
69742,3
69743,3
69744,3
69745,3
69746,3
69747,3
69748,2
69749,3
69750,3
69751,3
69752,3
69753,3
69754,1
69755,1
69756,3
69757,2
69758,2
69759,2
69760,2
69761,3
69762,2
69763,2
69764,2
69765,1
69766,2
69767,2
69768,3
69769,2
69770,3
69771,3
69772,0
69773,0
69774,0
69775,0
69776,0
69777,0
69778,0
69779,3
69780,0
69781,0
69782,0
69783,2
69784,0
69785,0
69786,0
69787,0
69788,0
69789,0
69790,0
69791,0
69792,0
69793,3
69794,3
69795,3
69796,3
69797,3
69798,3
69799,3
69800,3
69801,0
69802,0
69803,0
69804,0
69805,0
69806,0
69807,0
69808,0
69809,3
69810,0
69811,0
69812,2
69813,0
69814,0
69815,0
69816,0
69817,0
69818,0
69819,2
69820,3
69821,2
69822,2
69823,0
69824,0
69825,0
69826,3
69827,0
69828,0
69829,0
69830,0
69831,0
69832,0
69833,0
69834,0
69835,0
69836,0
69837,0
69838,3
69839,0
69840,0
69841,0
69842,0
69843,0
69844,0
69845,0
69846,0
69847,0
69848,0
69849,3
69850,0
69851,0
69852,0
69853,0
69854,0
69855,0
69856,0
69857,0
69858,0
69859,0
69860,0
69861,0
69862,0
69863,0
69864,0
69865,3
69866,2
69867,3
69868,2
69869,2
69870,3
69871,3
69872,3
69873,2
69874,2
69875,3
69876,3
69877,3
69878,2
69879,0
69880,0
69881,3
69882,3
69883,3
69884,3
69885,3
69886,3
69887,3
69888,3
69889,3
69890,3
69891,2
69892,3
69893,2
69894,3
69895,3
69896,3
69897,3
69898,3
69899,3
69900,3
69901,3
69902,3
69903,3
69904,3
69905,3
69906,3
69907,3
69908,3
69909,0
69910,0
69911,0
69912,3
69913,2
69914,2
69915,3
69916,0
69917,0
69918,0
69919,3
69920,0
69921,1
69922,3
69923,0
69924,0
69925,3
69926,0
69927,3
69928,3
69929,3
69930,2
69931,2
69932,3
69933,2
69934,2
69935,2
69936,2
69937,2
69938,2
69939,2
69940,2
69941,2
69942,2
69943,2
69944,2
69945,2
69946,2
69947,2
69948,2
69949,2
69950,3
69951,2
69952,2
69953,2
69954,2
69955,2
69956,2
69957,2
69958,2
69959,2
69960,2
69961,2
69962,2
69963,2
69964,3
69965,2
69966,2
69967,2
69968,2
69969,2
69970,2
69971,2
69972,3
69973,3
69974,3
69975,2
69976,3
69977,3
69978,3
69979,3
69980,2
69981,3
69982,2
69983,2
69984,2
69985,2
69986,2
69987,3
69988,3
69989,2
69990,2
69991,0
69992,0
69993,0
69994,0
69995,2
69996,0
69997,0
69998,0
69999,0
70000,0
70001,0
70002,0
70003,0
70004,3
70005,3
70006,3
70007,3
70008,3
70009,3
70010,3
70011,3
70012,3
70013,2
70014,2
70015,0
70016,3
70017,2
70018,2
70019,2
70020,3
70021,3
70022,2
70023,2
70024,2
70025,0
70026,2
70027,2
70028,2
70029,2
70030,2
70031,2
70032,2
70033,2
70034,2
70035,0
70036,2
70037,2
70038,2
70039,2
70040,2
70041,2
70042,2
70043,2
70044,2
70045,2
70046,2
70047,2
70048,3
70049,3
70050,2
70051,3
70052,3
70053,3
70054,3
70055,0
70056,3
70057,3
70058,3
70059,3
70060,3
70061,3
70062,2
70063,3
70064,0
70065,0
70066,0
70067,0
70068,0
70069,0
70070,2
70071,0
70072,0
70073,0
70074,2
70075,0
70076,0
70077,3
70078,0
70079,0
70080,0
70081,0
70082,0
70083,0
70084,0
70085,0
70086,0
70087,0
70088,0
70089,0
70090,0
70091,0
70092,0
70093,0
70094,0
70095,0
70096,3
70097,2
70098,0
70099,0
70100,0
70101,0
70102,0
70103,0
70104,0
70105,3
70106,3
70107,3
70108,0
70109,0
70110,0
70111,3
70112,0
70113,0
70114,0
70115,0
70116,3
70117,0
70118,0
70119,0
70120,0
70121,0
70122,0
70123,0
70124,0
70125,0
70126,0
70127,0
70128,0
70129,3
70130,0
70131,0
70132,0
70133,0
70134,0
70135,0
70136,0
70137,0
70138,2
70139,0
70140,0
70141,0
70142,0
70143,0
70144,0
70145,2
70146,0
70147,0
70148,2
70149,0
70150,0
70151,2
70152,0
70153,3
70154,0
70155,0
70156,0
70157,0
70158,2
70159,1
70160,0
70161,0
70162,0
70163,0
70164,0
70165,0
70166,3
70167,0
70168,0
70169,0
70170,0
70171,0
70172,0
70173,2
70174,2
70175,1
70176,1
70177,1
70178,1
70179,1
70180,1
70181,3
70182,3
70183,3
70184,3
70185,3
70186,3
70187,3
70188,3
70189,3
70190,3
70191,2
70192,3
70193,1
70194,3
70195,1
70196,3
70197,3
70198,3
70199,2
70200,3
70201,3
70202,2
70203,0
70204,0
70205,3
70206,3
70207,3
70208,3
70209,2
70210,2
70211,2
70212,3
70213,3
70214,3
70215,3
70216,2
70217,0
70218,0
70219,0
70220,0
70221,2
70222,0
70223,0
70224,0
70225,0
70226,0
70227,0
70228,0
70229,0
70230,0
70231,0
70232,0
70233,0
70234,0
70235,0
70236,0
70237,0
70238,0
70239,0
70240,0
70241,0
70242,0
70243,0
70244,0
70245,0
70246,0
70247,0
70248,0
70249,0
70250,2
70251,2
70252,0
70253,0
70254,0
70255,0
70256,0
70257,0
70258,3
70259,0
70260,0
70261,0
70262,0
70263,0
70264,0
70265,0
70266,0
70267,0
70268,2
70269,3
70270,0
70271,1
70272,3
70273,1
70274,3
70275,0
70276,0
70277,0
70278,0
70279,3
70280,3
70281,3
70282,3
70283,3
70284,3
70285,3
70286,3
70287,3
70288,3
70289,0
70290,0
70291,0
70292,0
70293,0
70294,3
70295,0
70296,0
70297,0
70298,0
70299,0
70300,0
70301,0
70302,0
70303,0
70304,0
70305,0
70306,0
70307,0
70308,0
70309,0
70310,0
70311,0
70312,0
70313,0
70314,0
70315,0
70316,0
70317,0
70318,0
70319,0
70320,0
70321,0
70322,0
70323,0
70324,0
70325,0
70326,0
70327,0
70328,0
70329,0
70330,0
70331,0
70332,0
70333,0
70334,0
70335,0
70336,0
70337,0
70338,2
70339,2
70340,0
70341,0
70342,0
70343,0
70344,0
70345,0
70346,3
70347,0
70348,0
70349,0
70350,0
70351,0
70352,0
70353,0
70354,0
70355,0
70356,3
70357,3
70358,2
70359,3
70360,3
70361,3
70362,3
70363,3
70364,3
70365,2
70366,2
70367,3
70368,3
70369,1
70370,2
70371,3
70372,3
70373,0
70374,0
70375,0
70376,0
70377,0
70378,0
70379,0
70380,0
70381,0
70382,0
70383,0
70384,0
70385,0
70386,0
70387,0
70388,0
70389,0
70390,0
70391,2
70392,2
70393,2
70394,2
70395,2
70396,2
70397,1
70398,2
70399,3
70400,0
70401,0
70402,0
70403,0
70404,2
70405,2
70406,0
70407,1
70408,1
70409,0
70410,0
70411,0
70412,0
70413,0
70414,0
70415,0
70416,0
70417,0
70418,0
70419,0
70420,0
70421,0
70422,0
70423,0
70424,0
70425,0
70426,0
70427,0
70428,0
70429,2
70430,0
70431,0
70432,0
70433,0
70434,0
70435,0
70436,0
70437,0
70438,2
70439,2
70440,2
70441,0
70442,0
70443,0
70444,2
70445,0
70446,0
70447,0
70448,0
70449,0
70450,0
70451,0
70452,0
70453,0
70454,0
70455,0
70456,0
70457,0
70458,0
70459,0
70460,0
70461,0
70462,0
70463,0
70464,0
70465,0
70466,0
70467,0
70468,0
70469,0
70470,0
70471,0
70472,0
70473,0
70474,2
70475,0
70476,0
70477,0
70478,0
70479,0
70480,0
70481,0
70482,0
70483,0
70484,2
70485,0
70486,0
70487,0
70488,0
70489,0
70490,2
70491,2
70492,0
70493,0
70494,0
70495,0
70496,0
70497,0
70498,0
70499,2
70500,0
70501,0
70502,2
70503,2
70504,0
70505,0
70506,0
70507,0
70508,0
70509,0
70510,0
70511,0
70512,0
70513,0
70514,0
70515,0
70516,2
70517,2
70518,2
70519,3
70520,3
70521,3
70522,2
70523,0
70524,0
70525,0
70526,0
70527,0
70528,0
70529,0
70530,0
70531,0
70532,2
70533,0
70534,0
70535,0
70536,0
70537,2
70538,0
70539,0
70540,0
70541,0
70542,0
70543,0
70544,0
70545,0
70546,0
70547,0
70548,0
70549,0
70550,0
70551,0
70552,0
70553,0
70554,2
70555,0
70556,0
70557,0
70558,0
70559,0
70560,0
70561,0
70562,0
70563,0
70564,2
70565,2
70566,0
70567,0
70568,0
70569,4
70570,2
70571,2
70572,2
70573,2
70574,2
70575,0
70576,2
70577,3
70578,0
70579,0
70580,0
70581,2
70582,2
70583,2
70584,2
70585,0
70586,2
70587,2
70588,2
70589,2
70590,2
70591,3
70592,2
70593,2
70594,2
70595,2
70596,2
70597,2
70598,3
70599,3
70600,0
70601,0
70602,2
70603,2
70604,2
70605,2
70606,0
70607,0
70608,0
70609,0
70610,0
70611,0
70612,2
70613,2
70614,2
70615,3
70616,3
70617,3
70618,2
70619,2
70620,2
70621,3
70622,2
70623,2
70624,3
70625,2
70626,3
70627,0
70628,0
70629,3
70630,3
70631,3
70632,2
70633,2
70634,2
70635,3
70636,3
70637,3
70638,3
70639,3
70640,3
70641,3
70642,3
70643,3
70644,3
70645,3
70646,3
70647,2
70648,2
70649,0
70650,2
70651,2
70652,0
70653,3
70654,0
70655,0
70656,0
70657,0
70658,0
70659,0
70660,0
70661,0
70662,0
70663,1
70664,0
70665,0
70666,2
70667,2
70668,2
70669,2
70670,0
70671,2
70672,0
70673,0
70674,0
70675,0
70676,0
70677,0
70678,0
70679,0
70680,0
70681,0
70682,0
70683,0
70684,0
70685,0
70686,0
70687,2
70688,3
70689,2
70690,2
70691,0
70692,3
70693,2
70694,0
70695,0
70696,0
70697,0
70698,0
70699,0
70700,0
70701,0
70702,0
70703,0
70704,3
70705,0
70706,0
70707,0
70708,0
70709,0
70710,0
70711,0
70712,2
70713,0
70714,3
70715,0
70716,0
70717,0
70718,0
70719,0
70720,0
70721,0
70722,0
70723,0
70724,0
70725,0
70726,0
70727,0
70728,0
70729,0
70730,0
70731,0
70732,2
70733,3
70734,2
70735,2
70736,2
70737,2
70738,3
70739,0
70740,0
70741,2
70742,3
70743,0
70744,0
70745,0
70746,2
70747,2
70748,3
70749,3
70750,3
70751,2
70752,0
70753,2
70754,0
70755,3
70756,0
70757,0
70758,0
70759,0
70760,0
70761,2
70762,0
70763,2
70764,2
70765,2
70766,0
70767,0
70768,0
70769,0
70770,0
70771,0
70772,0
70773,0
70774,0
70775,0
70776,0
70777,0
70778,0
70779,0
70780,0
70781,0
70782,2
70783,2
70784,0
70785,0
70786,0
70787,3
70788,3
70789,2
70790,3
70791,3
70792,3
70793,0
70794,0
70795,3
70796,0
70797,0
70798,2
70799,0
70800,0
70801,0
70802,0
70803,0
70804,0
70805,0
70806,0
70807,0
70808,1
70809,1
70810,1
70811,3
70812,3
70813,2
70814,3
70815,2
70816,3
70817,0
70818,0
70819,0
70820,0
70821,0
70822,0
70823,0
70824,0
70825,0
70826,0
70827,0
70828,0
70829,0
70830,2
70831,0
70832,0
70833,0
70834,0
70835,0
70836,0
70837,3
70838,2
70839,2
70840,2
70841,3
70842,3
70843,2
70844,0
70845,0
70846,2
70847,0
70848,0
70849,0
70850,0
70851,2
70852,0
70853,0
70854,0
70855,0
70856,0
70857,0
70858,0
70859,0
70860,0
70861,0
70862,0
70863,0
70864,0
70865,0
70866,3
70867,3
70868,3
70869,1
70870,1
70871,1
70872,3
70873,3
70874,0
70875,0
70876,0
70877,0
70878,2
70879,2
70880,0
70881,3
70882,3
70883,2
70884,0
70885,0
70886,0
70887,0
70888,0
70889,0
70890,0
70891,0
70892,0
70893,2
70894,0
70895,0
70896,0
70897,3
70898,0
70899,0
70900,0
70901,0
70902,0
70903,0
70904,0
70905,3
70906,2
70907,3
70908,3
70909,3
70910,0
70911,3
70912,2
70913,2
70914,3
70915,3
70916,2
70917,3
70918,3
70919,3
70920,1
70921,3
70922,0
70923,2
70924,2
70925,2
70926,2
70927,0
70928,0
70929,0
70930,2
70931,2
70932,0
70933,0
70934,0
70935,3
70936,0
70937,0
70938,0
70939,0
70940,0
70941,0
70942,0
70943,0
70944,2
70945,0
70946,0
70947,0
70948,0
70949,3
70950,0
70951,0
70952,0
70953,0
70954,0
70955,0
70956,0
70957,0
70958,0
70959,0
70960,0
70961,0
70962,0
70963,0
70964,0
70965,0
70966,0
70967,0
70968,0
70969,0
70970,0
70971,2
70972,0
70973,0
70974,0
70975,0
70976,0
70977,2
70978,3
70979,2
70980,2
70981,2
70982,2
70983,3
70984,2
70985,3
70986,3
70987,3
70988,0
70989,3
70990,2
70991,3
70992,2
70993,0
70994,0
70995,0
70996,0
70997,0
70998,0
70999,0
71000,0
71001,0
71002,0
71003,0
71004,0
71005,0
71006,0
71007,2
71008,2
71009,0
71010,3
71011,0
71012,0
71013,0
71014,0
71015,3
71016,3
71017,3
71018,3
71019,4
71020,3
71021,3
71022,3
71023,3
71024,0
71025,3
71026,3
71027,3
71028,2
71029,0
71030,2
71031,3
71032,0
71033,3
71034,2
71035,0
71036,2
71037,0
71038,0
71039,2
71040,0
71041,0
71042,0
71043,0
71044,0
71045,2
71046,0
71047,3
71048,3
71049,3
71050,0
71051,0
71052,0
71053,0
71054,0
71055,3
71056,3
71057,3
71058,3
71059,0
71060,2
71061,2
71062,2
71063,0
71064,0
71065,0
71066,0
71067,0
71068,0
71069,0
71070,3
71071,2
71072,0
71073,0
71074,0
71075,0
71076,3
71077,3
71078,0
71079,0
71080,3
71081,2
71082,3
71083,2
71084,3
71085,3
71086,3
71087,2
71088,2
71089,0
71090,2
71091,2
71092,2
71093,2
71094,2
71095,0
71096,0
71097,0
71098,0
71099,0
71100,0
71101,2
71102,3
71103,2
71104,2
71105,2
71106,2
71107,3
71108,3
71109,2
71110,2
71111,3
71112,2
71113,2
71114,2
71115,2
71116,2
71117,2
71118,2
71119,2
71120,3
71121,3
71122,2
71123,3
71124,2
71125,2
71126,2
71127,2
71128,2
71129,2
71130,3
71131,3
71132,3
71133,3
71134,3
71135,0
71136,0
71137,0
71138,0
71139,0
71140,0
71141,0
71142,2
71143,2
71144,2
71145,2
71146,3
71147,3
71148,3
71149,3
71150,2
71151,3
71152,3
71153,3
71154,0
71155,0
71156,0
71157,3
71158,0
71159,0
71160,3
71161,1
71162,1
71163,0
71164,0
71165,0
71166,0
71167,0
71168,2
71169,2
71170,2
71171,2
71172,2
71173,2
71174,3
71175,3
71176,0
71177,3
71178,3
71179,3
71180,0
71181,3
71182,2
71183,3
71184,4
71185,2
71186,3
71187,3
71188,0
71189,2
71190,3
71191,2
71192,0
71193,3
71194,3
71195,3
71196,3
71197,3
71198,3
71199,3
71200,2
71201,3
71202,3
71203,3
71204,3
71205,3
71206,3
71207,3
71208,3
71209,3
71210,3
71211,3
71212,3
71213,3
71214,3
71215,2
71216,3
71217,3
71218,3
71219,3
71220,3
71221,0
71222,0
71223,0
71224,0
71225,2
71226,2
71227,3
71228,3
71229,2
71230,3
71231,3
71232,0
71233,0
71234,0
71235,0
71236,0
71237,0
71238,0
71239,0
71240,0
71241,3
71242,0
71243,3
71244,2
71245,0
71246,3
71247,3
71248,3
71249,0
71250,3
71251,3
71252,2
71253,0
71254,3
71255,3
71256,3
71257,3
71258,3
71259,3
71260,0
71261,3
71262,0
71263,2
71264,2
71265,3
71266,2
71267,3
71268,0
71269,3
71270,3
71271,3
71272,3
71273,2
71274,2
71275,2
71276,3
71277,3
71278,2
71279,2
71280,0
71281,3
71282,3
71283,0
71284,0
71285,0
71286,0
71287,3
71288,2
71289,2
71290,3
71291,2
71292,2
71293,2
71294,3
71295,1
71296,2
71297,3
71298,3
71299,3
71300,3
71301,3
71302,3
71303,2
71304,2
71305,3
71306,0
71307,0
71308,0
71309,0
71310,0
71311,3
71312,3
71313,3
71314,3
71315,3
71316,3
71317,3
71318,3
71319,0
71320,3
71321,0
71322,0
71323,0
71324,3
71325,2
71326,2
71327,2
71328,2
71329,3
71330,3
71331,3
71332,3
71333,3
71334,3
71335,3
71336,3
71337,2
71338,2
71339,3
71340,3
71341,3
71342,0
71343,0
71344,0
71345,0
71346,0
71347,0
71348,0
71349,0
71350,0
71351,0
71352,0
71353,0
71354,3
71355,2
71356,3
71357,0
71358,0
71359,0
71360,0
71361,0
71362,3
71363,0
71364,3
71365,3
71366,3
71367,0
71368,0
71369,0
71370,0
71371,0
71372,0
71373,0
71374,3
71375,3
71376,0
71377,0
71378,0
71379,0
71380,0
71381,0
71382,0
71383,0
71384,3
71385,0
71386,0
71387,0
71388,3
71389,0
71390,0
71391,3
71392,0
71393,0
71394,0
71395,0
71396,0
71397,0
71398,0
71399,0
71400,0
71401,3
71402,0
71403,0
71404,0
71405,0
71406,0
71407,3
71408,3
71409,3
71410,0
71411,0
71412,0
71413,3
71414,3
71415,0
71416,0
71417,0
71418,0
71419,0
71420,0
71421,0
71422,0
71423,0
71424,3
71425,0
71426,0
71427,0
71428,0
71429,3
71430,0
71431,0
71432,0
71433,3
71434,3
71435,3
71436,3
71437,3
71438,0
71439,3
71440,3
71441,3
71442,3
71443,3
71444,3
71445,3
71446,3
71447,3
71448,3
71449,1
71450,3
71451,1
71452,1
71453,1
71454,1
71455,0
71456,0
71457,3
71458,0
71459,3
71460,0
71461,3
71462,3
71463,1
71464,1
71465,1
71466,3
71467,3
71468,3
71469,3
71470,3
71471,3
71472,3
71473,3
71474,3
71475,3
71476,3
71477,3
71478,2
71479,2
71480,2
71481,3
71482,3
71483,2
71484,3
71485,2
71486,2
71487,2
71488,2
71489,3
71490,3
71491,3
71492,2
71493,2
71494,2
71495,3
71496,2
71497,3
71498,2
71499,3
71500,2
71501,2
71502,3
71503,3
71504,3
71505,3
71506,3
71507,3
71508,3
71509,3
71510,3
71511,3
71512,3
71513,3
71514,3
71515,2
71516,3
71517,2
71518,0
71519,3
71520,0
71521,3
71522,2
71523,3
71524,3
71525,3
71526,3
71527,3
71528,2
71529,3
71530,3
71531,3
71532,3
71533,0
71534,3
71535,3
71536,3
71537,3
71538,3
71539,3
71540,3
71541,3
71542,3
71543,3
71544,3
71545,3
71546,3
71547,3
71548,3
71549,3
71550,3
71551,3
71552,3
71553,3
71554,3
71555,3
71556,3
71557,3
71558,3
71559,3
71560,3
71561,3
71562,3
71563,0
71564,3
71565,3
71566,1
71567,1
71568,3
71569,3
71570,3
71571,3
71572,3
71573,3
71574,0
71575,0
71576,0
71577,0
71578,0
71579,0
71580,0
71581,3
71582,0
71583,0
71584,0
71585,0
71586,0
71587,0
71588,0
71589,0
71590,0
71591,0
71592,0
71593,0
71594,0
71595,0
71596,0
71597,0
71598,0
71599,0
71600,0
71601,0
71602,0
71603,0
71604,0
71605,0
71606,0
71607,0
71608,3
71609,3
71610,2
71611,2
71612,2
71613,2
71614,3
71615,3
71616,2
71617,3
71618,3
71619,3
71620,3
71621,3
71622,3
71623,0
71624,0
71625,0
71626,2
71627,3
71628,0
71629,0
71630,0
71631,3
71632,3
71633,3
71634,1
71635,3
71636,1
71637,1
71638,1
71639,3
71640,3
71641,1
71642,1
71643,3
71644,3
71645,3
71646,0
71647,3
71648,0
71649,0
71650,0
71651,3
71652,3
71653,0
71654,0
71655,0
71656,0
71657,0
71658,3
71659,3
71660,3
71661,3
71662,3
71663,3
71664,3
71665,3
71666,3
71667,3
71668,3
71669,3
71670,3
71671,3
71672,1
71673,1
71674,1
71675,1
71676,1
71677,1
71678,1
71679,1
71680,1
71681,3
71682,3
71683,3
71684,3
71685,3
71686,3
71687,3
71688,1
71689,1
71690,1
71691,1
71692,1
71693,1
71694,1
71695,1
71696,1
71697,1
71698,3
71699,1
71700,1
71701,1
71702,1
71703,1
71704,1
71705,1
71706,1
71707,1
71708,1
71709,1
71710,1
71711,1
71712,3
71713,3
71714,3
71715,3
71716,3
71717,3
71718,3
71719,1
71720,3
71721,3
71722,0
71723,3
71724,0
71725,0
71726,3
71727,3
71728,3
71729,1
71730,1
71731,1
71732,1
71733,3
71734,1
71735,3
71736,3
71737,0
71738,3
71739,0
71740,0
71741,3
71742,0
71743,0
71744,2
71745,2
71746,3
71747,3
71748,0
71749,3
71750,2
71751,2
71752,2
71753,2
71754,3
71755,3
71756,2
71757,2
71758,3
71759,1
71760,3
71761,1
71762,1
71763,1
71764,2
71765,3
71766,3
71767,2
71768,2
71769,3
71770,2
71771,2
71772,2
71773,2
71774,2
71775,2
71776,2
71777,2
71778,2
71779,2
71780,2
71781,2
71782,2
71783,2
71784,2
71785,2
71786,2
71787,2
71788,2
71789,2
71790,2
71791,2
71792,2
71793,1
71794,2
71795,2
71796,2
71797,2
71798,2
71799,2
71800,2
71801,1
71802,2
71803,2
71804,2
71805,2
71806,2
71807,2
71808,2
71809,2
71810,2
71811,2
71812,2
71813,2
71814,2
71815,2
71816,2
71817,2
71818,0
71819,0
71820,0
71821,2
71822,2
71823,2
71824,2
71825,2
71826,2
71827,2
71828,2
71829,2
71830,2
71831,2
71832,2
71833,2
71834,2
71835,2
71836,2
71837,2
71838,2
71839,2
71840,2
71841,2
71842,2
71843,2
71844,2
71845,2
71846,2
71847,1
71848,2
71849,2
71850,2
71851,0
71852,0
71853,2
71854,2
71855,1
71856,1
71857,3
71858,2
71859,2
71860,2
71861,2
71862,2
71863,2
71864,2
71865,2
71866,2
71867,2
71868,2
71869,2
71870,2
71871,2
71872,2
71873,2
71874,2
71875,2
71876,2
71877,2
71878,2
71879,2
71880,2
71881,2
71882,2
71883,2
71884,2
71885,2
71886,2
71887,2
71888,2
71889,2
71890,2
71891,2
71892,2
71893,2
71894,2
71895,2
71896,2
71897,2
71898,2
71899,2
71900,2
71901,2
71902,2
71903,2
71904,2
71905,2
71906,2
71907,2
71908,2
71909,2
71910,2
71911,2
71912,2
71913,2
71914,2
71915,1
71916,2
71917,2
71918,1
71919,1
71920,1
71921,1
71922,1
71923,1
71924,1
71925,3
71926,1
71927,1
71928,1
71929,1
71930,2
71931,2
71932,2
71933,2
71934,2
71935,2
71936,3
71937,3
71938,3
71939,3
71940,3
71941,3
71942,3
71943,3
71944,3
71945,2
71946,3
71947,0
71948,2
71949,2
71950,2
71951,1
71952,2
71953,2
71954,2
71955,2
71956,1
71957,1
71958,1
71959,3
71960,2
71961,2
71962,2
71963,2
71964,2
71965,2
71966,0
71967,0
71968,0
71969,0
71970,0
71971,0
71972,0
71973,0
71974,0
71975,0
71976,0
71977,0
71978,0
71979,3
71980,3
71981,3
71982,3
71983,3
71984,2
71985,2
71986,1
71987,1
71988,2
71989,2
71990,1
71991,1
71992,1
71993,0
71994,0
71995,0
71996,2
71997,0
71998,0
71999,0
72000,0
72001,0
72002,0
72003,0
72004,0
72005,0
72006,0
72007,0
72008,0
72009,0
72010,0
72011,0
72012,2
72013,1
72014,3
72015,1
72016,1
72017,1
72018,3
72019,1
72020,0
72021,2
72022,0
72023,2
72024,1
72025,3
72026,0
72027,0
72028,0
72029,0
72030,5
72031,0
72032,0
72033,0
72034,0
72035,0
72036,0
72037,1
72038,0
72039,0
72040,0
72041,3
72042,3
72043,2
72044,2
72045,0
72046,2
72047,3
72048,2
72049,3
72050,0
72051,0
72052,0
72053,0
72054,2
72055,3
72056,3
72057,3
72058,2
72059,3
72060,3
72061,2
72062,3
72063,3
72064,2
72065,3
72066,2
72067,2
72068,2
72069,3
72070,2
72071,3
72072,2
72073,2
72074,2
72075,2
72076,2
72077,2
72078,2
72079,3
72080,2
72081,2
72082,2
72083,2
72084,2
72085,2
72086,2
72087,2
72088,2
72089,2
72090,2
72091,1
72092,1
72093,1
72094,2
72095,2
72096,2
72097,0
72098,0
72099,2
72100,0
72101,0
72102,0
72103,2
72104,2
72105,3
72106,3
72107,1
72108,3
72109,3
72110,2
72111,3
72112,0
72113,0
72114,0
72115,2
72116,0
72117,0
72118,0
72119,0
72120,2
72121,0
72122,0
72123,0
72124,0
72125,0
72126,0
72127,2
72128,2
72129,0
72130,3
72131,3
72132,2
72133,2
72134,3
72135,3
72136,0
72137,0
72138,1
72139,1
72140,1
72141,1
72142,0
72143,0
72144,0
72145,0
72146,2
72147,2
72148,2
72149,0
72150,0
72151,0
72152,0
72153,0
72154,0
72155,0
72156,2
72157,1
72158,1
72159,3
72160,2
72161,3
72162,2
72163,2
72164,2
72165,3
72166,2
72167,2
72168,2
72169,3
72170,2
72171,1
72172,1
72173,0
72174,1
72175,2
72176,2
72177,3
72178,2
72179,2
72180,2
72181,2
72182,2
72183,2
72184,2
72185,2
72186,2
72187,2
72188,2
72189,2
72190,2
72191,2
72192,2
72193,3
72194,2
72195,3
72196,2
72197,0
72198,0
72199,0
72200,0
72201,2
72202,2
72203,2
72204,2
72205,2
72206,2
72207,2
72208,2
72209,2
72210,2
72211,2
72212,2
72213,2
72214,2
72215,3
72216,2
72217,2
72218,2
72219,2
72220,2
72221,2
72222,2
72223,2
72224,2
72225,2
72226,2
72227,2
72228,2
72229,2
72230,2
72231,2
72232,2
72233,0
72234,0
72235,0
72236,3
72237,2
72238,1
72239,1
72240,1
72241,1
72242,1
72243,3
72244,3
72245,3
72246,2
72247,2
72248,0
72249,0
72250,1
72251,3
72252,3
72253,3
72254,0
72255,0
72256,0
72257,0
72258,0
72259,0
72260,0
72261,0
72262,2
72263,2
72264,3
72265,2
72266,2
72267,2
72268,2
72269,2
72270,2
72271,2
72272,2
72273,2
72274,2
72275,2
72276,0
72277,0
72278,1
72279,0
72280,0
72281,0
72282,0
72283,0
72284,0
72285,3
72286,0
72287,0
72288,0
72289,0
72290,3
72291,0
72292,0
72293,2
72294,3
72295,3
72296,1
72297,3
72298,2
72299,1
72300,3
72301,1
72302,2
72303,3
72304,0
72305,2
72306,2
72307,2
72308,3
72309,3
72310,2
72311,1
72312,3
72313,2
72314,3
72315,3
72316,2
72317,2
72318,3
72319,1
72320,1
72321,0
72322,3
72323,1
72324,1
72325,1
72326,3
72327,1
72328,3
72329,1
72330,2
72331,2
72332,3
72333,1
72334,0
72335,1
72336,3
72337,1
72338,3
72339,3
72340,3
72341,3
72342,1
72343,3
72344,3
72345,0
72346,3
72347,3
72348,3
72349,3
72350,0
72351,3
72352,3
72353,3
72354,3
72355,3
72356,3
72357,3
72358,2
72359,3
72360,3
72361,3
72362,3
72363,3
72364,1
72365,3
72366,3
72367,2
72368,2
72369,2
72370,2
72371,3
72372,3
72373,1
72374,1
72375,2
72376,2
72377,1
72378,1
72379,3
72380,2
72381,3
72382,3
72383,3
72384,3
72385,3
72386,2
72387,2
72388,2
72389,3
72390,2
72391,1
72392,1
72393,2
72394,0
72395,0
72396,0
72397,2
72398,2
72399,0
72400,3
72401,3
72402,3
72403,3
72404,3
72405,3
72406,3
72407,3
72408,2
72409,3
72410,3
72411,3
72412,3
72413,3
72414,3
72415,2
72416,2
72417,3
72418,3
72419,3
72420,3
72421,2
72422,1
72423,0
72424,0
72425,3
72426,3
72427,3
72428,3
72429,2
72430,3
72431,2
72432,2
72433,3
72434,3
72435,2
72436,2
72437,2
72438,2
72439,2
72440,2
72441,2
72442,2
72443,2
72444,2
72445,2
72446,2
72447,2
72448,2
72449,2
72450,2
72451,2
72452,2
72453,2
72454,1
72455,2
72456,2
72457,2
72458,1
72459,1
72460,1
72461,1
72462,0
72463,0
72464,1
72465,2
72466,2
72467,2
72468,2
72469,2
72470,2
72471,2
72472,0
72473,0
72474,0
72475,0
72476,0
72477,2
72478,2
72479,2
72480,3
72481,2
72482,0
72483,0
72484,0
72485,0
72486,0
72487,0
72488,0
72489,0
72490,0
72491,0
72492,1
72493,2
72494,2
72495,2
72496,2
72497,2
72498,3
72499,3
72500,3
72501,3
72502,3
72503,3
72504,3
72505,2
72506,3
72507,3
72508,3
72509,2
72510,3
72511,2
72512,2
72513,2
72514,2
72515,2
72516,3
72517,1
72518,3
72519,3
72520,3
72521,2
72522,2
72523,2
72524,0
72525,2
72526,0
72527,0
72528,2
72529,2
72530,2
72531,2
72532,3
72533,2
72534,0
72535,2
72536,2
72537,2
72538,2
72539,2
72540,2
72541,2
72542,2
72543,2
72544,2
72545,2
72546,3
72547,2
72548,1
72549,1
72550,2
72551,0
72552,1
72553,3
72554,2
72555,2
72556,1
72557,1
72558,3
72559,1
72560,3
72561,1
72562,1
72563,1
72564,1
72565,3
72566,0
72567,1
72568,0
72569,1
72570,2
72571,2
72572,2
72573,0
72574,2
72575,0
72576,0
72577,2
72578,2
72579,0
72580,2
72581,3
72582,1
72583,1
72584,2
72585,0
72586,0
72587,0
72588,0
72589,0
72590,2
72591,0
72592,0
72593,0
72594,0
72595,0
72596,0
72597,1
72598,3
72599,2
72600,3
72601,0
72602,3
72603,3
72604,3
72605,3
72606,3
72607,3
72608,3
72609,3
72610,2
72611,3
72612,3
72613,3
72614,2
72615,3
72616,3
72617,3
72618,1
72619,0
72620,0
72621,0
72622,1
72623,3
72624,1
72625,0
72626,0
72627,0
72628,0
72629,0
72630,3
72631,0
72632,0
72633,0
72634,0
72635,0
72636,2
72637,0
72638,0
72639,0
72640,2
72641,0
72642,0
72643,2
72644,0
72645,0
72646,0
72647,0
72648,0
72649,2
72650,0
72651,0
72652,0
72653,0
72654,3
72655,4
72656,0
72657,0
72658,0
72659,2
72660,0
72661,0
72662,0
72663,0
72664,0
72665,0
72666,0
72667,0
72668,2
72669,0
72670,0
72671,0
72672,0
72673,0
72674,0
72675,0
72676,3
72677,0
72678,0
72679,0
72680,0
72681,0
72682,0
72683,0
72684,0
72685,0
72686,0
72687,0
72688,0
72689,0
72690,0
72691,0
72692,0
72693,0
72694,2
72695,2
72696,0
72697,0
72698,0
72699,2
72700,0
72701,0
72702,0
72703,3
72704,0
72705,0
72706,3
72707,0
72708,2
72709,3
72710,0
72711,0
72712,0
72713,0
72714,0
72715,0
72716,2
72717,0
72718,3
72719,3
72720,0
72721,0
72722,0
72723,0
72724,0
72725,0
72726,2
72727,2
72728,2
72729,1
72730,2
72731,0
72732,0
72733,0
72734,0
72735,0
72736,0
72737,0
72738,0
72739,0
72740,2
72741,2
72742,3
72743,2
72744,3
72745,2
72746,2
72747,2
72748,2
72749,1
72750,2
72751,3
72752,2
72753,2
72754,2
72755,0
72756,0
72757,1
72758,0
72759,0
72760,0
72761,0
72762,0
72763,0
72764,0
72765,0
72766,0
72767,0
72768,0
72769,0
72770,0
72771,0
72772,0
72773,2
72774,3
72775,3
72776,3
72777,0
72778,0
72779,0
72780,0
72781,0
72782,2
72783,3
72784,3
72785,2
72786,2
72787,2
72788,2
72789,3
72790,0
72791,3
72792,3
72793,3
72794,3
72795,3
72796,3
72797,3
72798,3
72799,3
72800,3
72801,1
72802,3
72803,3
72804,3
72805,3
72806,0
72807,3
72808,3
72809,3
72810,3
72811,3
72812,0
72813,0
72814,0
72815,0
72816,0
72817,0
72818,0
72819,0
72820,0
72821,3
72822,0
72823,0
72824,0
72825,0
72826,0
72827,0
72828,0
72829,3
72830,3
72831,3
72832,3
72833,3
72834,0
72835,0
72836,0
72837,0
72838,0
72839,0
72840,0
72841,0
72842,3
72843,0
72844,3
72845,3
72846,3
72847,0
72848,0
72849,3
72850,3
72851,3
72852,3
72853,3
72854,3
72855,3
72856,2
72857,2
72858,3
72859,3
72860,2
72861,3
72862,3
72863,3
72864,0
72865,0
72866,0
72867,3
72868,3
72869,3
72870,3
72871,3
72872,1
72873,1
72874,1
72875,1
72876,0
72877,3
72878,3
72879,3
72880,3
72881,3
72882,3
72883,3
72884,3
72885,3
72886,3
72887,3
72888,0
72889,3
72890,3
72891,3
72892,3
72893,1
72894,3
72895,3
72896,2
72897,3
72898,3
72899,3
72900,3
72901,3
72902,3
72903,3
72904,3
72905,3
72906,3
72907,3
72908,3
72909,3
72910,3
72911,3
72912,3
72913,3
72914,3
72915,3
72916,2
72917,3
72918,2
72919,3
72920,3
72921,3
72922,3
72923,3
72924,3
72925,3
72926,3
72927,3
72928,3
72929,3
72930,3
72931,2
72932,3
72933,3
72934,3
72935,2
72936,2
72937,3
72938,3
72939,3
72940,3
72941,3
72942,3
72943,3
72944,3
72945,0
72946,3
72947,2
72948,3
72949,3
72950,0
72951,0
72952,3
72953,3
72954,3
72955,3
72956,3
72957,3
72958,3
72959,3
72960,3
72961,3
72962,2
72963,3
72964,3
72965,0
72966,2
72967,3
72968,3
72969,3
72970,2
72971,3
72972,0
72973,3
72974,3
72975,2
72976,2
72977,2
72978,3
72979,2
72980,2
72981,3
72982,2
72983,0
72984,0
72985,3
72986,0
72987,2
72988,0
72989,3
72990,3
72991,3
72992,2
72993,2
72994,2
72995,3
72996,3
72997,3
72998,3
72999,2
73000,2
73001,3
73002,3
73003,3
73004,3
73005,3
73006,3
73007,3
73008,3
73009,2
73010,2
73011,3
73012,3
73013,3
73014,2
73015,2
73016,3
73017,2
73018,2
73019,3
73020,2
73021,2
73022,2
73023,2
73024,3
73025,3
73026,3
73027,3
73028,3
73029,3
73030,3
73031,3
73032,3
73033,0
73034,3
73035,3
73036,3
73037,3
73038,3
73039,3
73040,2
73041,3
73042,3
73043,3
73044,2
73045,2
73046,3
73047,3
73048,3
73049,3
73050,3
73051,3
73052,2
73053,3
73054,3
73055,3
73056,3
73057,2
73058,2
73059,0
73060,2
73061,3
73062,3
73063,3
73064,3
73065,3
73066,3
73067,3
73068,3
73069,3
73070,3
73071,3
73072,2
73073,3
73074,3
73075,3
73076,2
73077,3
73078,3
73079,3
73080,3
73081,3
73082,2
73083,3
73084,3
73085,3
73086,3
73087,3
73088,3
73089,3
73090,3
73091,3
73092,3
73093,3
73094,3
73095,0
73096,0
73097,3
73098,3
73099,2
73100,3
73101,3
73102,3
73103,2
73104,2
73105,2
73106,3
73107,3
73108,3
73109,3
73110,3
73111,2
73112,3
73113,3
73114,3
73115,3
73116,3
73117,3
73118,2
73119,3
73120,3
73121,3
73122,3
73123,3
73124,2
73125,3
73126,3
73127,3
73128,3
73129,3
73130,3
73131,3
73132,2
73133,3
73134,3
73135,3
73136,3
73137,3
73138,3
73139,2
73140,3
73141,3
73142,3
73143,3
73144,3
73145,3
73146,3
73147,3
73148,3
73149,3
73150,2
73151,3
73152,0
73153,0
73154,2
73155,0
73156,3
73157,3
73158,3
73159,2
73160,2
73161,3
73162,3
73163,2
73164,3
73165,3
73166,3
73167,3
73168,3
73169,3
73170,3
73171,3
73172,3
73173,3
73174,3
73175,3
73176,3
73177,3
73178,3
73179,3
73180,3
73181,2
73182,3
73183,3
73184,3
73185,3
73186,3
73187,3
73188,2
73189,2
73190,3
73191,3
73192,3
73193,3
73194,3
73195,1
73196,3
73197,3
73198,3
73199,0
73200,2
73201,2
73202,3
73203,2
73204,2
73205,3
73206,3
73207,3
73208,2
73209,2
73210,3
73211,3
73212,3
73213,3
73214,3
73215,2
73216,3
73217,3
73218,3
73219,3
73220,3
73221,3
73222,3
73223,3
73224,3
73225,3
73226,3
73227,3
73228,3
73229,3
73230,3
73231,3
73232,3
73233,3
73234,3
73235,3
73236,3
73237,3
73238,3
73239,3
73240,3
73241,3
73242,3
73243,3
73244,3
73245,2
73246,3
73247,2
73248,3
73249,2
73250,2
73251,3
73252,3
73253,2
73254,3
73255,3
73256,2
73257,2
73258,3
73259,2
73260,2
73261,3
73262,3
73263,2
73264,3
73265,3
73266,3
73267,3
73268,3
73269,3
73270,3
73271,3
73272,3
73273,3
73274,3
73275,2
73276,2
73277,3
73278,3
73279,3
73280,3
73281,2
73282,3
73283,3
73284,3
73285,0
73286,0
73287,0
73288,3
73289,3
73290,3
73291,3
73292,3
73293,3
73294,3
73295,3
73296,3
73297,3
73298,3
73299,3
73300,2
73301,2
73302,2
73303,2
73304,2
73305,2
73306,3
73307,3
73308,2
73309,2
73310,2
73311,2
73312,2
73313,2
73314,3
73315,2
73316,2
73317,2
73318,2
73319,2
73320,2
73321,2
73322,2
73323,2
73324,3
73325,2
73326,2
73327,2
73328,2
73329,2
73330,2
73331,2
73332,2
73333,2
73334,2
73335,2
73336,2
73337,3
73338,2
73339,2
73340,2
73341,2
73342,2
73343,2
73344,2
73345,2
73346,2
73347,2
73348,2
73349,2
73350,2
73351,2
73352,2
73353,2
73354,2
73355,2
73356,2
73357,2
73358,2
73359,2
73360,2
73361,2
73362,2
73363,2
73364,2
73365,2
73366,2
73367,3
73368,3
73369,2
73370,2
73371,2
73372,0
73373,2
73374,2
73375,2
73376,3
73377,2
73378,2
73379,2
73380,3
73381,2
73382,3
73383,2
73384,2
73385,2
73386,2
73387,2
73388,2
73389,2
73390,2
73391,2
73392,2
73393,2
73394,2
73395,2
73396,2
73397,2
73398,2
73399,2
73400,2
73401,2
73402,3
73403,2
73404,2
73405,2
73406,2
73407,2
73408,2
73409,3
73410,2
73411,3
73412,2
73413,2
73414,2
73415,2
73416,3
73417,2
73418,2
73419,3
73420,2
73421,2
73422,2
73423,3
73424,3
73425,3
73426,3
73427,2
73428,2
73429,2
73430,2
73431,2
73432,2
73433,2
73434,2
73435,2
73436,2
73437,2
73438,2
73439,2
73440,2
73441,2
73442,2
73443,2
73444,2
73445,2
73446,2
73447,2
73448,2
73449,2
73450,2
73451,2
73452,2
73453,2
73454,2
73455,2
73456,2
73457,2
73458,2
73459,2
73460,2
73461,2
73462,2
73463,2
73464,2
73465,2
73466,2
73467,2
73468,2
73469,2
73470,2
73471,2
73472,2
73473,2
73474,2
73475,2
73476,0
73477,2
73478,2
73479,2
73480,2
73481,2
73482,2
73483,2
73484,2
73485,2
73486,3
73487,2
73488,2
73489,2
73490,2
73491,2
73492,2
73493,2
73494,2
73495,2
73496,2
73497,2
73498,2
73499,2
73500,3
73501,2
73502,2
73503,2
73504,2
73505,2
73506,2
73507,2
73508,2
73509,2
73510,2
73511,2
73512,2
73513,2
73514,2
73515,2
73516,2
73517,2
73518,2
73519,2
73520,3
73521,3
73522,3
73523,2
73524,3
73525,2
73526,2
73527,3
73528,2
73529,2
73530,2
73531,2
73532,2
73533,3
73534,3
73535,3
73536,2
73537,3
73538,2
73539,3
73540,2
73541,3
73542,2
73543,2
73544,2
73545,2
73546,3
73547,2
73548,2
73549,2
73550,2
73551,2
73552,2
73553,2
73554,2
73555,3
73556,2
73557,2
73558,2
73559,3
73560,2
73561,3
73562,2
73563,2
73564,2
73565,2
73566,2
73567,2
73568,2
73569,2
73570,2
73571,3
73572,3
73573,3
73574,3
73575,3
73576,3
73577,3
73578,3
73579,2
73580,3
73581,2
73582,2
73583,3
73584,3
73585,2
73586,2
73587,2
73588,2
73589,2
73590,2
73591,2
73592,2
73593,2
73594,3
73595,2
73596,3
73597,2
73598,2
73599,2
73600,2
73601,2
73602,2
73603,2
73604,2
73605,2
73606,3
73607,2
73608,2
73609,2
73610,2
73611,2
73612,2
73613,3
73614,2
73615,2
73616,3
73617,2
73618,2
73619,2
73620,2
73621,2
73622,2
73623,2
73624,2
73625,2
73626,2
73627,3
73628,2
73629,2
73630,2
73631,2
73632,1
73633,2
73634,2
73635,2
73636,2
73637,2
73638,2
73639,2
73640,2
73641,3
73642,2
73643,0
73644,2
73645,2
73646,2
73647,3
73648,2
73649,2
73650,2
73651,2
73652,2
73653,3
73654,2
73655,2
73656,2
73657,2
73658,3
73659,2
73660,2
73661,2
73662,2
73663,2
73664,2
73665,2
73666,3
73667,2
73668,2
73669,2
73670,3
73671,2
73672,2
73673,2
73674,2
73675,2
73676,2
73677,2
73678,2
73679,2
73680,2
73681,2
73682,0
73683,2
73684,3
73685,2
73686,2
73687,2
73688,2
73689,3
73690,2
73691,2
73692,2
73693,2
73694,2
73695,3
73696,3
73697,2
73698,2
73699,2
73700,2
73701,3
73702,2
73703,2
73704,2
73705,2
73706,2
73707,2
73708,2
73709,2
73710,2
73711,2
73712,2
73713,2
73714,3
73715,2
73716,3
73717,3
73718,2
73719,2
73720,2
73721,2
73722,2
73723,3
73724,2
73725,2
73726,2
73727,2
73728,2
73729,2
73730,2
73731,2
73732,2
73733,2
73734,2
73735,3
73736,2
73737,2
73738,2
73739,2
73740,2
73741,2
73742,2
73743,2
73744,2
73745,3
73746,2
73747,2
73748,3
73749,3
73750,2
73751,2
73752,2
73753,3
73754,3
73755,2
73756,2
73757,3
73758,2
73759,2
73760,2
73761,2
73762,2
73763,2
73764,2
73765,2
73766,3
73767,2
73768,2
73769,2
73770,2
73771,2
73772,3
73773,2
73774,3
73775,2
73776,3
73777,2
73778,2
73779,3
73780,3
73781,3
73782,3
73783,3
73784,3
73785,2
73786,3
73787,2
73788,2
73789,2
73790,2
73791,2
73792,2
73793,3
73794,2
73795,2
73796,2
73797,2
73798,2
73799,2
73800,2
73801,2
73802,2
73803,2
73804,2
73805,3
73806,2
73807,2
73808,2
73809,2
73810,2
73811,2
73812,2
73813,3
73814,2
73815,2
73816,2
73817,2
73818,3
73819,2
73820,2
73821,3
73822,2
73823,2
73824,2
73825,2
73826,2
73827,0
73828,2
73829,2
73830,2
73831,2
73832,2
73833,2
73834,2
73835,2
73836,2
73837,2
73838,2
73839,3
73840,2
73841,2
73842,2
73843,3
73844,2
73845,3
73846,2
73847,2
73848,2
73849,3
73850,2
73851,2
73852,2
73853,2
73854,2
73855,2
73856,2
73857,3
73858,2
73859,3
73860,2
73861,2
73862,2
73863,3
73864,3
73865,3
73866,3
73867,2
73868,3
73869,2
73870,3
73871,3
73872,2
73873,2
73874,2
73875,2
73876,2
73877,3
73878,2
73879,2
73880,2
73881,3
73882,2
73883,2
73884,3
73885,2
73886,2
73887,2
73888,2
73889,2
73890,2
73891,2
73892,2
73893,2
73894,2
73895,3
73896,2
73897,3
73898,2
73899,3
73900,3
73901,3
73902,2
73903,2
73904,2
73905,2
73906,2
73907,2
73908,2
73909,2
73910,2
73911,2
73912,2
73913,2
73914,3
73915,3
73916,2
73917,2
73918,2
73919,3
73920,2
73921,2
73922,2
73923,2
73924,2
73925,2
73926,2
73927,2
73928,2
73929,2
73930,3
73931,2
73932,2
73933,2
73934,2
73935,2
73936,2
73937,2
73938,2
73939,2
73940,2
73941,2
73942,2
73943,2
73944,2
73945,2
73946,2
73947,2
73948,2
73949,3
73950,2
73951,3
73952,0
73953,2
73954,2
73955,2
73956,2
73957,2
73958,3
73959,2
73960,2
73961,3
73962,2
73963,2
73964,3
73965,2
73966,2
73967,3
73968,2
73969,3
73970,3
73971,2
73972,2
73973,2
73974,2
73975,2
73976,2
73977,2
73978,2
73979,3
73980,3
73981,2
73982,2
73983,2
73984,2
73985,2
73986,2
73987,2
73988,2
73989,2
73990,2
73991,2
73992,3
73993,2
73994,2
73995,2
73996,2
73997,2
73998,2
73999,2
74000,3
74001,2
74002,2
74003,2
74004,2
74005,2
74006,2
74007,2
74008,2
74009,2
74010,2
74011,0
74012,2
74013,2
74014,2
74015,2
74016,2
74017,2
74018,2
74019,2
74020,2
74021,2
74022,2
74023,3
74024,2
74025,2
74026,2
74027,2
74028,2
74029,3
74030,3
74031,3
74032,2
74033,2
74034,2
74035,3
74036,2
74037,2
74038,3
74039,2
74040,3
74041,3
74042,2
74043,2
74044,2
74045,2
74046,2
74047,2
74048,0
74049,2
74050,2
74051,2
74052,2
74053,2
74054,3
74055,2
74056,2
74057,2
74058,2
74059,2
74060,2
74061,2
74062,2
74063,2
74064,2
74065,2
74066,2
74067,2
74068,2
74069,2
74070,2
74071,2
74072,2
74073,2
74074,2
74075,2
74076,3
74077,3
74078,2
74079,2
74080,2
74081,2
74082,2
74083,2
74084,3
74085,2
74086,2
74087,2
74088,2
74089,2
74090,2
74091,2
74092,2
74093,2
74094,2
74095,2
74096,2
74097,3
74098,2
74099,2
74100,2
74101,2
74102,3
74103,3
74104,2
74105,2
74106,2
74107,2
74108,2
74109,2
74110,2
74111,2
74112,2
74113,2
74114,2
74115,3
74116,0
74117,2
74118,2
74119,2
74120,2
74121,2
74122,2
74123,2
74124,2
74125,2
74126,2
74127,2
74128,2
74129,2
74130,2
74131,2
74132,2
74133,2
74134,2
74135,2
74136,2
74137,2
74138,2
74139,2
74140,2
74141,2
74142,2
74143,2
74144,2
74145,2
74146,2
74147,2
74148,2
74149,2
74150,2
74151,2
74152,3
74153,2
74154,2
74155,2
74156,2
74157,2
74158,2
74159,2
74160,2
74161,2
74162,2
74163,2
74164,2
74165,2
74166,2
74167,2
74168,2
74169,2
74170,2
74171,2
74172,2
74173,2
74174,2
74175,2
74176,2
74177,2
74178,0
74179,2
74180,2
74181,2
74182,2
74183,2
74184,2
74185,2
74186,2
74187,2
74188,2
74189,2
74190,2
74191,2
74192,2
74193,2
74194,2
74195,2
74196,2
74197,2
74198,2
74199,2
74200,2
74201,2
74202,2
74203,2
74204,3
74205,2
74206,2
74207,2
74208,2
74209,2
74210,2
74211,2
74212,2
74213,2
74214,2
74215,2
74216,3
74217,2
74218,2
74219,3
74220,2
74221,2
74222,2
74223,2
74224,2
74225,2
74226,2
74227,2
74228,2
74229,2
74230,3
74231,2
74232,2
74233,2
74234,2
74235,3
74236,2
74237,3
74238,2
74239,2
74240,2
74241,2
74242,2
74243,2
74244,2
74245,2
74246,2
74247,3
74248,2
74249,2
74250,2
74251,2
74252,2
74253,2
74254,2
74255,2
74256,2
74257,3
74258,2
74259,2
74260,3
74261,2
74262,2
74263,2
74264,2
74265,2
74266,2
74267,2
74268,3
74269,2
74270,2
74271,2
74272,2
74273,2
74274,2
74275,2
74276,2
74277,3
74278,2
74279,3
74280,3
74281,2
74282,2
74283,2
74284,2
74285,2
74286,2
74287,2
74288,2
74289,2
74290,2
74291,2
74292,2
74293,2
74294,2
74295,2
74296,3
74297,0
74298,2
74299,2
74300,2
74301,2
74302,2
74303,2
74304,2
74305,2
74306,2
74307,2
74308,2
74309,3
74310,3
74311,2
74312,2
74313,2
74314,3
74315,2
74316,3
74317,2
74318,2
74319,2
74320,2
74321,3
74322,2
74323,2
74324,2
74325,2
74326,2
74327,2
74328,3
74329,2
74330,2
74331,3
74332,2
74333,2
74334,3
74335,2
74336,2
74337,2
74338,2
74339,2
74340,3
74341,3
74342,2
74343,2
74344,2
74345,2
74346,3
74347,2
74348,2
74349,2
74350,3
74351,2
74352,2
74353,3
74354,2
74355,2
74356,2
74357,2
74358,2
74359,2
74360,2
74361,3
74362,2
74363,2
74364,2
74365,3
74366,2
74367,2
74368,3
74369,3
74370,3
74371,2
74372,3
74373,3
74374,3
74375,3
74376,2
74377,2
74378,2
74379,2
74380,2
74381,0
74382,2
74383,2
74384,2
74385,2
74386,2
74387,2
74388,2
74389,2
74390,2
74391,2
74392,2
74393,2
74394,2
74395,2
74396,2
74397,3
74398,2
74399,2
74400,2
74401,2
74402,2
74403,2
74404,2
74405,2
74406,3
74407,2
74408,2
74409,2
74410,3
74411,2
74412,3
74413,2
74414,2
74415,2
74416,2
74417,2
74418,3
74419,2
74420,2
74421,2
74422,2
74423,2
74424,2
74425,2
74426,2
74427,3
74428,3
74429,2
74430,2
74431,3
74432,3
74433,2
74434,2
74435,2
74436,2
74437,2
74438,2
74439,2
74440,2
74441,2
74442,2
74443,2
74444,2
74445,2
74446,3
74447,3
74448,2
74449,2
74450,2
74451,2
74452,2
74453,2
74454,2
74455,2
74456,2
74457,3
74458,2
74459,2
74460,2
74461,2
74462,2
74463,2
74464,2
74465,2
74466,2
74467,2
74468,3
74469,2
74470,3
74471,2
74472,2
74473,2
74474,2
74475,3
74476,2
74477,2
74478,2
74479,2
74480,3
74481,2
74482,2
74483,2
74484,2
74485,2
74486,2
74487,2
74488,2
74489,2
74490,2
74491,2
74492,3
74493,2
74494,2
74495,2
74496,2
74497,2
74498,2
74499,2
74500,2
74501,2
74502,2
74503,2
74504,2
74505,2
74506,2
74507,3
74508,2
74509,2
74510,2
74511,2
74512,2
74513,2
74514,3
74515,3
74516,3
74517,3
74518,3
74519,3
74520,2
74521,3
74522,2
74523,2
74524,3
74525,3
74526,2
74527,2
74528,2
74529,2
74530,3
74531,3
74532,2
74533,2
74534,2
74535,2
74536,2
74537,2
74538,2
74539,2
74540,2
74541,2
74542,2
74543,2
74544,3
74545,3
74546,2
74547,2
74548,2
74549,3
74550,2
74551,2
74552,2
74553,2
74554,2
74555,2
74556,3
74557,2
74558,2
74559,2
74560,2
74561,3
74562,2
74563,2
74564,2
74565,2
74566,2
74567,2
74568,2
74569,3
74570,2
74571,2
74572,2
74573,2
74574,2
74575,2
74576,2
74577,3
74578,2
74579,2
74580,2
74581,2
74582,2
74583,2
74584,2
74585,2
74586,2
74587,2
74588,2
74589,2
74590,2
74591,2
74592,2
74593,2
74594,2
74595,2
74596,2
74597,2
74598,2
74599,2
74600,3
74601,2
74602,2
74603,2
74604,2
74605,2
74606,2
74607,2
74608,2
74609,2
74610,2
74611,2
74612,2
74613,2
74614,2
74615,2
74616,2
74617,2
74618,2
74619,2
74620,2
74621,2
74622,2
74623,2
74624,2
74625,2
74626,2
74627,2
74628,2
74629,2
74630,3
74631,2
74632,2
74633,2
74634,2
74635,2
74636,3
74637,2
74638,2
74639,2
74640,3
74641,2
74642,3
74643,2
74644,2
74645,3
74646,2
74647,3
74648,2
74649,2
74650,2
74651,3
74652,2
74653,2
74654,3
74655,2
74656,2
74657,2
74658,2
74659,2
74660,2
74661,2
74662,2
74663,2
74664,2
74665,2
74666,2
74667,2
74668,2
74669,2
74670,2
74671,2
74672,2
74673,2
74674,2
74675,2
74676,2
74677,2
74678,3
74679,2
74680,2
74681,2
74682,2
74683,2
74684,2
74685,2
74686,2
74687,2
74688,2
74689,2
74690,3
74691,3
74692,2
74693,2
74694,2
74695,2
74696,2
74697,2
74698,2
74699,2
74700,2
74701,2
74702,2
74703,2
74704,3
74705,2
74706,2
74707,3
74708,3
74709,2
74710,2
74711,2
74712,2
74713,2
74714,3
74715,3
74716,2
74717,3
74718,2
74719,3
74720,2
74721,2
74722,2
74723,2
74724,2
74725,2
74726,2
74727,2
74728,2
74729,2
74730,2
74731,2
74732,2
74733,2
74734,2
74735,3
74736,2
74737,3
74738,3
74739,2
74740,3
74741,3
74742,3
74743,2
74744,2
74745,2
74746,2
74747,2
74748,2
74749,2
74750,2
74751,2
74752,3
74753,2
74754,2
74755,3
74756,2
74757,2
74758,2
74759,2
74760,2
74761,2
74762,3
74763,2
74764,2
74765,2
74766,2
74767,2
74768,2
74769,2
74770,2
74771,3
74772,2
74773,2
74774,2
74775,2
74776,2
74777,2
74778,2
74779,2
74780,2
74781,2
74782,2
74783,2
74784,2
74785,2
74786,0
74787,2
74788,2
74789,2
74790,2
74791,2
74792,2
74793,2
74794,2
74795,2
74796,2
74797,2
74798,2
74799,2
74800,2
74801,2
74802,2
74803,3
74804,2
74805,2
74806,2
74807,2
74808,2
74809,2
74810,2
74811,2
74812,0
74813,2
74814,2
74815,3
74816,2
74817,2
74818,2
74819,2
74820,2
74821,2
74822,2
74823,2
74824,2
74825,2
74826,2
74827,2
74828,2
74829,2
74830,2
74831,1
74832,2
74833,2
74834,0
74835,2
74836,2
74837,2
74838,2
74839,2
74840,2
74841,2
74842,0
74843,2
74844,2
74845,2
74846,2
74847,2
74848,2
74849,2
74850,0
74851,2
74852,2
74853,2
74854,2
74855,3
74856,2
74857,2
74858,2
74859,2
74860,2
74861,2
74862,2
74863,2
74864,3
74865,3
74866,3
74867,2
74868,2
74869,2
74870,2
74871,2
74872,2
74873,2
74874,3
74875,2
74876,2
74877,2
74878,2
74879,2
74880,2
74881,2
74882,2
74883,2
74884,2
74885,2
74886,3
74887,2
74888,2
74889,2
74890,2
74891,2
74892,2
74893,2
74894,2
74895,2
74896,2
74897,2
74898,3
74899,2
74900,2
74901,2
74902,2
74903,2
74904,2
74905,3
74906,2
74907,2
74908,2
74909,2
74910,2
74911,2
74912,2
74913,2
74914,2
74915,3
74916,2
74917,2
74918,3
74919,2
74920,2
74921,3
74922,2
74923,2
74924,2
74925,3
74926,3
74927,2
74928,2
74929,2
74930,3
74931,2
74932,2
74933,2
74934,2
74935,2
74936,2
74937,2
74938,2
74939,2
74940,2
74941,2
74942,2
74943,2
74944,2
74945,2
74946,2
74947,2
74948,2
74949,2
74950,2
74951,3
74952,3
74953,2
74954,2
74955,2
74956,2
74957,2
74958,2
74959,0
74960,3
74961,2
74962,2
74963,2
74964,2
74965,2
74966,2
74967,2
74968,2
74969,2
74970,2
74971,2
74972,2
74973,2
74974,2
74975,2
74976,2
74977,2
74978,2
74979,2
74980,2
74981,2
74982,0
74983,2
74984,2
74985,2
74986,2
74987,2
74988,2
74989,2
74990,2
74991,2
74992,2
74993,2
74994,2
74995,2
74996,2
74997,2
74998,2
74999,2
75000,2
75001,2
75002,2
75003,2
75004,2
75005,2
75006,2
75007,2
75008,2
75009,3
75010,2
75011,2
75012,2
75013,2
75014,2
75015,2
75016,2
75017,2
75018,2
75019,2
75020,2
75021,2
75022,2
75023,2
75024,2
75025,3
75026,0
75027,2
75028,2
75029,2
75030,2
75031,2
75032,2
75033,3
75034,2
75035,2
75036,2
75037,2
75038,2
75039,2
75040,0
75041,0
75042,2
75043,2
75044,2
75045,3
75046,2
75047,2
75048,2
75049,2
75050,2
75051,2
75052,2
75053,2
75054,2
75055,2
75056,3
75057,2
75058,2
75059,3
75060,3
75061,2
75062,2
75063,2
75064,2
75065,3
75066,2
75067,2
75068,2
75069,2
75070,2
75071,3
75072,2
75073,2
75074,3
75075,3
75076,2
75077,3
75078,3
75079,3
75080,2
75081,3
75082,2
75083,2
75084,3
75085,3
75086,3
75087,3
75088,2
75089,3
75090,3
75091,3
75092,3
75093,4
75094,3
75095,2
75096,2
75097,2
75098,2
75099,2
75100,2
75101,2
75102,3
75103,2
75104,2
75105,2
75106,2
75107,3
75108,2
75109,2
75110,3
75111,3
75112,3
75113,3
75114,3
75115,3
75116,3
75117,4
75118,3
75119,3
75120,3
75121,3
75122,4
75123,3
75124,3
75125,3
75126,3
75127,3
75128,2
75129,3
75130,3
75131,2
75132,3
75133,3
75134,3
75135,3
75136,4
75137,3
75138,3
75139,3
75140,3
75141,3
75142,3
75143,3
75144,3
75145,3
75146,3
75147,3
75148,3
75149,3
75150,3
75151,3
75152,2
75153,4
75154,2
75155,2
75156,3
75157,3
75158,3
75159,3
75160,3
75161,3
75162,3
75163,0
75164,3
75165,2
75166,2
75167,3
75168,3
75169,3
75170,3
75171,2
75172,2
75173,2
75174,2
75175,2
75176,2
75177,3
75178,2
75179,2
75180,2
75181,3
75182,1
75183,0
75184,2
75185,2
75186,2
75187,2
75188,2
75189,2
75190,2
75191,2
75192,2
75193,2
75194,2
75195,2
75196,2
75197,3
75198,3
75199,3
75200,2
75201,2
75202,2
75203,2
75204,2
75205,2
75206,3
75207,2
75208,3
75209,2
75210,2
75211,2
75212,2
75213,2
75214,2
75215,2
75216,2
75217,2
75218,2
75219,3
75220,2
75221,2
75222,2
75223,2
75224,2
75225,2
75226,2
75227,2
75228,2
75229,2
75230,3
75231,2
75232,2
75233,2
75234,2
75235,2
75236,2
75237,3
75238,3
75239,2
75240,3
75241,2
75242,2
75243,2
75244,2
75245,2
75246,2
75247,2
75248,2
75249,2
75250,2
75251,2
75252,2
75253,2
75254,2
75255,2
75256,2
75257,2
75258,2
75259,3
75260,2
75261,2
75262,2
75263,2
75264,2
75265,2
75266,3
75267,2
75268,2
75269,2
75270,2
75271,2
75272,2
75273,2
75274,2
75275,2
75276,2
75277,2
75278,3
75279,2
75280,2
75281,3
75282,2
75283,2
75284,2
75285,2
75286,2
75287,2
75288,3
75289,2
75290,2
75291,2
75292,2
75293,2
75294,2
75295,2
75296,2
75297,2
75298,2
75299,1
75300,2
75301,2
75302,3
75303,2
75304,2
75305,2
75306,2
75307,2
75308,3
75309,2
75310,2
75311,2
75312,2
75313,2
75314,0
75315,3
75316,2
75317,2
75318,2
75319,2
75320,2
75321,2
75322,2
75323,2
75324,2
75325,2
75326,2
75327,2
75328,2
75329,2
75330,2
75331,2
75332,3
75333,2
75334,2
75335,2
75336,2
75337,2
75338,2
75339,2
75340,2
75341,2
75342,2
75343,2
75344,2
75345,2
75346,2
75347,2
75348,2
75349,2
75350,2
75351,2
75352,2
75353,2
75354,2
75355,2
75356,2
75357,2
75358,2
75359,2
75360,2
75361,2
75362,3
75363,2
75364,2
75365,2
75366,2
75367,2
75368,2
75369,2
75370,2
75371,2
75372,2
75373,2
75374,2
75375,2
75376,2
75377,2
75378,2
75379,2
75380,2
75381,2
75382,2
75383,2
75384,2
75385,2
75386,2
75387,2
75388,2
75389,3
75390,2
75391,2
75392,2
75393,2
75394,2
75395,2
75396,2
75397,2
75398,2
75399,2
75400,2
75401,2
75402,2
75403,2
75404,3
75405,2
75406,2
75407,2
75408,2
75409,2
75410,2
75411,2
75412,2
75413,2
75414,3
75415,2
75416,2
75417,2
75418,2
75419,3
75420,2
75421,2
75422,2
75423,2
75424,2
75425,2
75426,3
75427,2
75428,2
75429,2
75430,2
75431,2
75432,2
75433,2
75434,2
75435,2
75436,2
75437,2
75438,2
75439,2
75440,2
75441,2
75442,2
75443,2
75444,2
75445,2
75446,2
75447,2
75448,2
75449,2
75450,2
75451,2
75452,2
75453,2
75454,2
75455,2
75456,2
75457,2
75458,2
75459,2
75460,2
75461,2
75462,2
75463,2
75464,2
75465,2
75466,2
75467,2
75468,2
75469,2
75470,2
75471,2
75472,2
75473,2
75474,2
75475,2
75476,2
75477,2
75478,2
75479,2
75480,2
75481,2
75482,3
75483,3
75484,2
75485,2
75486,2
75487,2
75488,3
75489,2
75490,2
75491,2
75492,0
75493,2
75494,2
75495,2
75496,2
75497,2
75498,2
75499,3
75500,3
75501,2
75502,3
75503,2
75504,2
75505,2
75506,2
75507,2
75508,2
75509,2
75510,2
75511,2
75512,2
75513,2
75514,2
75515,2
75516,2
75517,2
75518,2
75519,2
75520,2
75521,2
75522,2
75523,2
75524,2
75525,2
75526,2
75527,2
75528,2
75529,2
75530,2
75531,2
75532,2
75533,2
75534,2
75535,2
75536,2
75537,2
75538,2
75539,2
75540,2
75541,2
75542,2
75543,2
75544,2
75545,2
75546,2
75547,2
75548,2
75549,2
75550,2
75551,2
75552,2
75553,3
75554,2
75555,2
75556,3
75557,2
75558,2
75559,2
75560,2
75561,2
75562,3
75563,2
75564,2
75565,2
75566,0
75567,2
75568,2
75569,2
75570,2
75571,2
75572,2
75573,2
75574,2
75575,2
75576,2
75577,2
75578,2
75579,2
75580,3
75581,2
75582,3
75583,2
75584,2
75585,2
75586,2
75587,2
75588,2
75589,2
75590,2
75591,2
75592,2
75593,2
75594,2
75595,2
75596,2
75597,2
75598,2
75599,2
75600,2
75601,2
75602,2
75603,2
75604,2
75605,2
75606,2
75607,3
75608,2
75609,2
75610,2
75611,2
75612,2
75613,2
75614,2
75615,2
75616,2
75617,2
75618,2
75619,2
75620,2
75621,2
75622,2
75623,2
75624,2
75625,3
75626,2
75627,2
75628,2
75629,2
75630,3
75631,2
75632,2
75633,2
75634,2
75635,2
75636,2
75637,2
75638,2
75639,2
75640,2
75641,2
75642,2
75643,2
75644,2
75645,2
75646,2
75647,2
75648,2
75649,2
75650,2
75651,2
75652,2
75653,2
75654,2
75655,2
75656,2
75657,2
75658,2
75659,2
75660,2
75661,2
75662,2
75663,2
75664,2
75665,2
75666,2
75667,2
75668,2
75669,2
75670,2
75671,2
75672,2
75673,2
75674,2
75675,2
75676,2
75677,2
75678,2
75679,2
75680,2
75681,2
75682,2
75683,2
75684,2
75685,2
75686,2
75687,2
75688,2
75689,2
75690,2
75691,2
75692,2
75693,2
75694,2
75695,2
75696,2
75697,2
75698,2
75699,2
75700,2
75701,3
75702,2
75703,2
75704,0
75705,2
75706,2
75707,2
75708,2
75709,3
75710,2
75711,2
75712,2
75713,2
75714,2
75715,2
75716,2
75717,3
75718,2
75719,3
75720,2
75721,3
75722,2
75723,2
75724,3
75725,3
75726,3
75727,2
75728,2
75729,2
75730,2
75731,3
75732,2
75733,2
75734,3
75735,3
75736,2
75737,2
75738,2
75739,2
75740,2
75741,2
75742,2
75743,2
75744,2
75745,3
75746,3
75747,2
75748,2
75749,2
75750,2
75751,3
75752,3
75753,2
75754,2
75755,2
75756,3
75757,2
75758,2
75759,2
75760,2
75761,2
75762,2
75763,2
75764,2
75765,3
75766,2
75767,2
75768,2
75769,2
75770,2
75771,2
75772,2
75773,2
75774,2
75775,2
75776,3
75777,2
75778,2
75779,2
75780,2
75781,2
75782,3
75783,3
75784,2
75785,2
75786,2
75787,2
75788,2
75789,2
75790,2
75791,2
75792,2
75793,2
75794,2
75795,3
75796,2
75797,2
75798,2
75799,2
75800,2
75801,2
75802,2
75803,2
75804,2
75805,2
75806,2
75807,2
75808,2
75809,2
75810,2
75811,2
75812,3
75813,2
75814,2
75815,2
75816,2
75817,2
75818,2
75819,2
75820,2
75821,2
75822,2
75823,2
75824,2
75825,2
75826,2
75827,2
75828,2
75829,2
75830,2
75831,2
75832,2
75833,2
75834,2
75835,2
75836,2
75837,2
75838,2
75839,3
75840,2
75841,2
75842,2
75843,2
75844,2
75845,2
75846,2
75847,3
75848,2
75849,2
75850,2
75851,2
75852,2
75853,2
75854,2
75855,2
75856,3
75857,2
75858,2
75859,2
75860,2
75861,3
75862,2
75863,2
75864,2
75865,2
75866,2
75867,2
75868,2
75869,2
75870,2
75871,2
75872,4
75873,4
75874,0
75875,2
75876,1
75877,3
75878,2
75879,2
75880,4
75881,3
75882,3
75883,4
75884,1
75885,1
75886,1
75887,2
75888,2
75889,4
75890,2
75891,2
75892,2
75893,1
75894,2
75895,2
75896,2
75897,2
75898,2
75899,3
75900,2
75901,2
75902,2
75903,2
75904,2
75905,2
75906,2
75907,2
75908,2
75909,2
75910,2
75911,2
75912,2
75913,2
75914,2
75915,2
75916,2
75917,2
75918,2
75919,2
75920,2
75921,2
75922,2
75923,2
75924,2
75925,2
75926,2
75927,2
75928,2
75929,2
75930,2
75931,2
75932,2
75933,2
75934,2
75935,2
75936,2
75937,2
75938,2
75939,2
75940,2
75941,2
75942,2
75943,3
75944,4
75945,2
75946,2
75947,3
75948,3
75949,2
75950,2
75951,3
75952,3
75953,3
75954,2
75955,2
75956,3
75957,2
75958,2
75959,2
75960,2
75961,2
75962,2
75963,2
75964,4
75965,2
75966,2
75967,2
75968,2
75969,2
75970,2
75971,2
75972,2
75973,4
75974,2
75975,2
75976,2
75977,2
75978,2
75979,3
75980,2
75981,2
75982,2
75983,2
75984,4
75985,2
75986,2
75987,2
75988,2
75989,2
75990,2
75991,2
75992,2
75993,2
75994,3
75995,3
75996,2
75997,4
75998,3
75999,4
76000,4
76001,3
76002,4
76003,2
76004,2
76005,2
76006,2
76007,0
76008,2
76009,2
76010,2
76011,2
76012,2
76013,2
76014,2
76015,2
76016,3
76017,2
76018,3
76019,2
76020,2
76021,3
76022,3
76023,3
76024,3
76025,1
76026,1
76027,3
76028,3
76029,2
76030,3
76031,3
76032,3
76033,3
76034,3
76035,3
76036,3
76037,3
76038,3
76039,3
76040,3
76041,3
76042,3
76043,3
76044,3
76045,3
76046,3
76047,3
76048,3
76049,3
76050,3
76051,3
76052,3
76053,3
76054,2
76055,3
76056,3
76057,3
76058,0
76059,0
76060,0
76061,4
76062,4
76063,3
76064,4
76065,3
76066,3
76067,3
76068,5
76069,3
76070,2
76071,2
76072,1
76073,1
76074,3
76075,3
76076,3
76077,3
76078,3
76079,3
76080,3
76081,3
76082,3
76083,3
76084,3
76085,3
76086,2
76087,2
76088,2
76089,3
76090,3
76091,2
76092,3
76093,3
76094,3
76095,3
76096,3
76097,3
76098,3
76099,3
76100,3
76101,2
76102,3
76103,2
76104,3
76105,3
76106,3
76107,3
76108,4
76109,3
76110,3
76111,1
76112,2
76113,3
76114,3
76115,1
76116,4
76117,0
76118,3
76119,2
76120,0
76121,3
76122,2
76123,0
76124,0
76125,2
76126,3
76127,3
76128,2
76129,3
76130,2
76131,3
76132,3
76133,3
76134,3
76135,2
76136,3
76137,3
76138,3
76139,3
76140,3
76141,3
76142,3
76143,3
76144,3
76145,3
76146,3
76147,3
76148,3
76149,3
76150,3
76151,3
76152,3
76153,3
76154,3
76155,3
76156,3
76157,3
76158,3
76159,2
76160,0
76161,2
76162,2
76163,3
76164,3
76165,3
76166,3
76167,3
76168,3
76169,3
76170,2
76171,3
76172,3
76173,3
76174,3
76175,4
76176,3
76177,3
76178,3
76179,2
76180,2
76181,2
76182,2
76183,2
76184,2
76185,2
76186,2
76187,2
76188,2
76189,2
76190,2
76191,2
76192,2
76193,2
76194,2
76195,2
76196,2
76197,2
76198,2
76199,2
76200,2
76201,3
76202,2
76203,2
76204,4
76205,4
76206,3
76207,3
76208,4
76209,3
76210,3
76211,2
76212,3
76213,2
76214,3
76215,2
76216,2
76217,2
76218,2
76219,3
76220,3
76221,2
76222,2
76223,2
76224,3
76225,3
76226,2
76227,2
76228,2
76229,2
76230,0
76231,2
76232,2
76233,2
76234,2
76235,3
76236,2
76237,2
76238,2
76239,3
76240,2
76241,2
76242,3
76243,2
76244,2
76245,3
76246,2
76247,2
76248,2
76249,3
76250,3
76251,2
76252,2
76253,2
76254,2
76255,2
76256,3
76257,2
76258,2
76259,2
76260,0
76261,3
76262,2
76263,3
76264,2
76265,2
76266,0
76267,3
76268,3
76269,2
76270,2
76271,2
76272,3
76273,2
76274,2
76275,2
76276,2
76277,3
76278,3
76279,2
76280,2
76281,2
76282,2
76283,2
76284,2
76285,2
76286,2
76287,2
76288,2
76289,2
76290,2
76291,2
76292,2
76293,2
76294,2
76295,2
76296,2
76297,2
76298,2
76299,3
76300,2
76301,2
76302,2
76303,3
76304,3
76305,2
76306,0
76307,3
76308,2
76309,2
76310,2
76311,2
76312,2
76313,2
76314,2
76315,2
76316,2
76317,2
76318,2
76319,2
76320,2
76321,2
76322,2
76323,2
76324,2
76325,2
76326,2
76327,2
76328,2
76329,2
76330,2
76331,3
76332,2
76333,2
76334,2
76335,2
76336,2
76337,2
76338,2
76339,2
76340,0
76341,4
76342,3
76343,3
76344,3
76345,3
76346,3
76347,3
76348,3
76349,3
76350,3
76351,3
76352,3
76353,3
76354,3
76355,3
76356,3
76357,3
76358,3
76359,3
76360,3
76361,3
76362,3
76363,4
76364,3
76365,3
76366,3
76367,3
76368,3
76369,3
76370,3
76371,3
76372,3
76373,2
76374,3
76375,3
76376,3
76377,3
76378,0
76379,3
76380,3
76381,4
76382,3
76383,3
76384,3
76385,3
76386,3
76387,3
76388,3
76389,2
76390,2
76391,2
76392,3
76393,3
76394,3
76395,4
76396,3
76397,3
76398,3
76399,3
76400,4
76401,3
76402,3
76403,3
76404,3
76405,2
76406,3
76407,2
76408,2
76409,2
76410,2
76411,2
76412,2
76413,3
76414,2
76415,2
76416,4
76417,3
76418,3
76419,3
76420,3
76421,3
76422,3
76423,3
76424,3
76425,3
76426,3
76427,2
76428,2
76429,2
76430,2
76431,2
76432,2
76433,2
76434,2
76435,2
76436,2
76437,2
76438,2
76439,2
76440,2
76441,2
76442,2
76443,2
76444,2
76445,2
76446,2
76447,2
76448,2
76449,3
76450,2
76451,2
76452,2
76453,0
76454,3
76455,0
76456,0
76457,2
76458,2
76459,2
76460,2
76461,2
76462,2
76463,2
76464,2
76465,2
76466,2
76467,2
76468,2
76469,2
76470,2
76471,2
76472,2
76473,2
76474,2
76475,2
76476,2
76477,2
76478,2
76479,2
76480,2
76481,2
76482,2
76483,2
76484,2
76485,2
76486,2
76487,2
76488,2
76489,2
76490,2
76491,2
76492,2
76493,2
76494,2
76495,2
76496,3
76497,2
76498,2
76499,2
76500,2
76501,2
76502,2
76503,2
76504,2
76505,2
76506,2
76507,2
76508,2
76509,2
76510,3
76511,2
76512,2
76513,2
76514,2
76515,2
76516,2
76517,2
76518,2
76519,2
76520,2
76521,2
76522,2
76523,2
76524,2
76525,2
76526,2
76527,2
76528,2
76529,2
76530,2
76531,2
76532,2
76533,2
76534,2
76535,2
76536,2
76537,2
76538,2
76539,2
76540,2
76541,2
76542,2
76543,2
76544,2
76545,2
76546,0
76547,2
76548,2
76549,2
76550,2
76551,2
76552,2
76553,2
76554,2
76555,2
76556,2
76557,2
76558,2
76559,2
76560,2
76561,2
76562,2
76563,2
76564,2
76565,2
76566,3
76567,2
76568,2
76569,2
76570,2
76571,2
76572,2
76573,2
76574,2
76575,2
76576,2
76577,2
76578,2
76579,2
76580,2
76581,2
76582,2
76583,2
76584,2
76585,2
76586,2
76587,2
76588,2
76589,2
76590,3
76591,2
76592,2
76593,2
76594,2
76595,2
76596,2
76597,2
76598,2
76599,2
76600,2
76601,2
76602,2
76603,2
76604,2
76605,2
76606,2
76607,2
76608,2
76609,2
76610,2
76611,2
76612,2
76613,2
76614,2
76615,2
76616,0
76617,3
76618,2
76619,2
76620,2
76621,2
76622,2
76623,2
76624,2
76625,2
76626,2
76627,2
76628,2
76629,2
76630,2
76631,2
76632,2
76633,2
76634,2
76635,2
76636,2
76637,2
76638,2
76639,2
76640,2
76641,2
76642,2
76643,2
76644,2
76645,2
76646,2
76647,3
76648,2
76649,2
76650,2
76651,2
76652,2
76653,2
76654,2
76655,2
76656,2
76657,2
76658,2
76659,2
76660,2
76661,2
76662,3
76663,2
76664,2
76665,2
76666,2
76667,2
76668,2
76669,3
76670,0
76671,3
76672,2
76673,2
76674,2
76675,2
76676,2
76677,2
76678,2
76679,2
76680,2
76681,3
76682,3
76683,2
76684,2
76685,2
76686,2
76687,2
76688,3
76689,3
76690,3
76691,2
76692,2
76693,2
76694,2
76695,2
76696,2
76697,2
76698,0
76699,2
76700,2
76701,2
76702,2
76703,2
76704,2
76705,3
76706,2
76707,2
76708,2
76709,2
76710,2
76711,2
76712,2
76713,3
76714,2
76715,2
76716,2
76717,2
76718,2
76719,2
76720,2
76721,3
76722,2
76723,2
76724,2
76725,2
76726,2
76727,2
76728,3
76729,2
76730,2
76731,2
76732,2
76733,2
76734,2
76735,2
76736,2
76737,3
76738,2
76739,2
76740,2
76741,3
76742,2
76743,2
76744,2
76745,2
76746,2
76747,2
76748,2
76749,2
76750,2
76751,2
76752,2
76753,2
76754,2
76755,2
76756,2
76757,2
76758,2
76759,2
76760,3
76761,2
76762,2
76763,2
76764,2
76765,2
76766,2
76767,2
76768,2
76769,2
76770,2
76771,2
76772,2
76773,2
76774,3
76775,2
76776,2
76777,2
76778,2
76779,2
76780,2
76781,2
76782,2
76783,2
76784,2
76785,2
76786,2
76787,2
76788,2
76789,2
76790,2
76791,0
76792,2
76793,2
76794,2
76795,2
76796,3
76797,2
76798,2
76799,2
76800,2
76801,2
76802,2
76803,2
76804,2
76805,2
76806,2
76807,2
76808,2
76809,2
76810,2
76811,2
76812,2
76813,2
76814,2
76815,0
76816,2
76817,2
76818,2
76819,2
76820,2
76821,2
76822,2
76823,2
76824,2
76825,2
76826,2
76827,2
76828,2
76829,2
76830,2
76831,2
76832,2
76833,2
76834,2
76835,2
76836,2
76837,2
76838,2
76839,2
76840,2
76841,2
76842,2
76843,2
76844,2
76845,2
76846,2
76847,2
76848,0
76849,3
76850,2
76851,2
76852,3
76853,2
76854,2
76855,2
76856,2
76857,2
76858,2
76859,2
76860,2
76861,2
76862,2
76863,2
76864,2
76865,2
76866,2
76867,2
76868,2
76869,2
76870,2
76871,2
76872,2
76873,2
76874,2
76875,2
76876,2
76877,2
76878,2
76879,3
76880,2
76881,5
76882,2
76883,0
76884,2
76885,2
76886,0
76887,2
76888,2
76889,2
76890,0
76891,2
76892,2
76893,2
76894,2
76895,2
76896,3
76897,2
76898,2
76899,2
76900,2
76901,2
76902,2
76903,2
76904,2
76905,2
76906,2
76907,2
76908,2
76909,2
76910,2
76911,2
76912,2
76913,3
76914,2
76915,3
76916,2
76917,2
76918,2
76919,2
76920,2
76921,2
76922,2
76923,2
76924,2
76925,2
76926,2
76927,2
76928,2
76929,2
76930,2
76931,2
76932,2
76933,2
76934,2
76935,2
76936,2
76937,2
76938,2
76939,2
76940,2
76941,2
76942,2
76943,2
76944,2
76945,2
76946,2
76947,2
76948,2
76949,2
76950,3
76951,2
76952,2
76953,2
76954,2
76955,2
76956,2
76957,2
76958,2
76959,2
76960,2
76961,2
76962,2
76963,2
76964,2
76965,2
76966,2
76967,2
76968,2
76969,2
76970,2
76971,2
76972,2
76973,2
76974,2
76975,2
76976,2
76977,2
76978,2
76979,2
76980,2
76981,2
76982,2
76983,2
76984,2
76985,2
76986,2
76987,2
76988,2
76989,2
76990,2
76991,2
76992,2
76993,2
76994,2
76995,2
76996,2
76997,2
76998,2
76999,2
77000,2
77001,2
77002,2
77003,2
77004,2
77005,2
77006,2
77007,2
77008,2
77009,2
77010,2
77011,2
77012,2
77013,2
77014,2
77015,2
77016,2
77017,2
77018,2
77019,2
77020,2
77021,2
77022,2
77023,2
77024,2
77025,2
77026,2
77027,2
77028,2
77029,2
77030,2
77031,2
77032,2
77033,2
77034,2
77035,2
77036,2
77037,2
77038,2
77039,2
77040,2
77041,2
77042,2
77043,2
77044,2
77045,2
77046,2
77047,2
77048,2
77049,2
77050,2
77051,2
77052,2
77053,2
77054,2
77055,2
77056,2
77057,2
77058,2
77059,2
77060,2
77061,2
77062,2
77063,2
77064,2
77065,2
77066,4
77067,2
77068,2
77069,2
77070,4
77071,2
77072,2
77073,4
77074,3
77075,4
77076,2
77077,4
77078,3
77079,2
77080,2
77081,3
77082,2
77083,3
77084,3
77085,2
77086,2
77087,2
77088,2
77089,2
77090,2
77091,2
77092,4
77093,2
77094,2
77095,2
77096,3
77097,3
77098,3
77099,3
77100,3
77101,3
77102,3
77103,2
77104,3
77105,2
77106,2
77107,2
77108,2
77109,2
77110,2
77111,3
77112,2
77113,2
77114,2
77115,2
77116,2
77117,2
77118,3
77119,2
77120,2
77121,3
77122,3
77123,2
77124,2
77125,2
77126,3
77127,4
77128,2
77129,2
77130,3
77131,2
77132,3
77133,3
77134,3
77135,2
77136,3
77137,3
77138,3
77139,2
77140,2
77141,2
77142,2
77143,3
77144,2
77145,2
77146,2
77147,3
77148,2
77149,2
77150,2
77151,2
77152,2
77153,2
77154,2
77155,2
77156,2
77157,3
77158,3
77159,2
77160,2
77161,3
77162,2
77163,2
77164,2
77165,3
77166,2
77167,2
77168,2
77169,2
77170,2
77171,3
77172,2
77173,2
77174,3
77175,2
77176,2
77177,2
77178,2
77179,2
77180,2
77181,3
77182,2
77183,2
77184,2
77185,2
77186,2
77187,2
77188,2
77189,2
77190,2
77191,2
77192,2
77193,3
77194,3
77195,3
77196,3
77197,2
77198,3
77199,3
77200,3
77201,2
77202,2
77203,2
77204,3
77205,2
77206,2
77207,2
77208,2
77209,3
77210,2
77211,3
77212,2
77213,2
77214,2
77215,2
77216,2
77217,3
77218,2
77219,2
77220,2
77221,2
77222,2
77223,2
77224,2
77225,2
77226,2
77227,2
77228,2
77229,3
77230,2
77231,2
77232,2
77233,2
77234,2
77235,2
77236,2
77237,3
77238,2
77239,2
77240,2
77241,2
77242,2
77243,2
77244,2
77245,2
77246,2
77247,2
77248,3
77249,2
77250,2
77251,2
77252,2
77253,2
77254,2
77255,2
77256,2
77257,2
77258,2
77259,2
77260,2
77261,2
77262,2
77263,2
77264,2
77265,2
77266,2
77267,2
77268,2
77269,2
77270,2
77271,2
77272,2
77273,2
77274,2
77275,2
77276,2
77277,2
77278,3
77279,2
77280,2
77281,2
77282,2
77283,2
77284,2
77285,2
77286,2
77287,2
77288,2
77289,2
77290,3
77291,2
77292,3
77293,2
77294,2
77295,2
77296,2
77297,3
77298,0
77299,2
77300,3
77301,2
77302,2
77303,2
77304,2
77305,2
77306,2
77307,2
77308,2
77309,2
77310,2
77311,2
77312,2
77313,3
77314,2
77315,2
77316,2
77317,2
77318,2
77319,2
77320,2
77321,2
77322,2
77323,2
77324,3
77325,2
77326,2
77327,2
77328,2
77329,2
77330,2
77331,2
77332,2
77333,2
77334,2
77335,2
77336,2
77337,2
77338,2
77339,2
77340,2
77341,2
77342,3
77343,2
77344,2
77345,2
77346,2
77347,2
77348,2
77349,2
77350,2
77351,2
77352,2
77353,2
77354,2
77355,2
77356,2
77357,2
77358,2
77359,2
77360,2
77361,2
77362,3
77363,2
77364,2
77365,2
77366,2
77367,2
77368,2
77369,2
77370,2
77371,2
77372,2
77373,2
77374,2
77375,2
77376,2
77377,2
77378,2
77379,2
77380,2
77381,2
77382,2
77383,2
77384,2
77385,2
77386,2
77387,2
77388,2
77389,2
77390,2
77391,2
77392,2
77393,2
77394,2
77395,2
77396,2
77397,2
77398,2
77399,2
77400,2
77401,2
77402,2
77403,2
77404,2
77405,2
77406,2
77407,2
77408,3
77409,2
77410,2
77411,3
77412,2
77413,3
77414,3
77415,2
77416,2
77417,2
77418,2
77419,2
77420,2
77421,2
77422,2
77423,2
77424,2
77425,2
77426,2
77427,2
77428,2
77429,2
77430,2
77431,2
77432,3
77433,3
77434,2
77435,4
77436,2
77437,2
77438,4
77439,4
77440,2
77441,3
77442,2
77443,2
77444,2
77445,3
77446,3
77447,2
77448,2
77449,2
77450,2
77451,3
77452,3
77453,2
77454,2
77455,2
77456,2
77457,2
77458,2
77459,2
77460,2
77461,2
77462,2
77463,2
77464,2
77465,3
77466,2
77467,2
77468,2
77469,2
77470,2
77471,2
77472,2
77473,2
77474,2
77475,2
77476,2
77477,2
77478,2
77479,2
77480,2
77481,2
77482,2
77483,2
77484,2
77485,2
77486,3
77487,3
77488,2
77489,3
77490,3
77491,3
77492,2
77493,2
77494,2
77495,2
77496,2
77497,2
77498,2
77499,2
77500,2
77501,3
77502,2
77503,2
77504,2
77505,2
77506,2
77507,2
77508,2
77509,2
77510,2
77511,2
77512,2
77513,2
77514,2
77515,2
77516,2
77517,3
77518,2
77519,2
77520,2
77521,2
77522,2
77523,2
77524,2
77525,2
77526,2
77527,2
77528,2
77529,2
77530,2
77531,2
77532,2
77533,2
77534,2
77535,2
77536,2
77537,2
77538,2
77539,2
77540,2
77541,2
77542,2
77543,2
77544,3
77545,3
77546,2
77547,2
77548,2
77549,2
77550,2
77551,2
77552,2
77553,2
77554,2
77555,2
77556,2
77557,2
77558,3
77559,2
77560,2
77561,2
77562,2
77563,2
77564,2
77565,2
77566,2
77567,2
77568,2
77569,2
77570,2
77571,2
77572,3
77573,3
77574,2
77575,2
77576,2
77577,2
77578,3
77579,3
77580,3
77581,2
77582,2
77583,3
77584,2
77585,3
77586,3
77587,3
77588,2
77589,2
77590,2
77591,2
77592,2
77593,4
77594,2
77595,2
77596,2
77597,2
77598,2
77599,2
77600,2
77601,2
77602,2
77603,3
77604,2
77605,2
77606,2
77607,3
77608,2
77609,2
77610,2
77611,3
77612,2
77613,3
77614,3
77615,2
77616,2
77617,2
77618,2
77619,3
77620,2
77621,2
77622,2
77623,2
77624,2
77625,2
77626,2
77627,2
77628,2
77629,2
77630,2
77631,3
77632,2
77633,2
77634,2
77635,2
77636,2
77637,2
77638,2
77639,2
77640,2
77641,2
77642,2
77643,2
77644,2
77645,2
77646,2
77647,2
77648,2
77649,2
77650,2
77651,2
77652,2
77653,3
77654,2
77655,2
77656,2
77657,3
77658,3
77659,2
77660,2
77661,3
77662,3
77663,3
77664,3
77665,3
77666,2
77667,2
77668,2
77669,2
77670,2
77671,2
77672,3
77673,3
77674,3
77675,3
77676,2
77677,2
77678,2
77679,3
77680,2
77681,3
77682,2
77683,2
77684,3
77685,3
77686,2
77687,2
77688,2
77689,3
77690,3
77691,3
77692,3
77693,3
77694,3
77695,3
77696,3
77697,3
77698,2
77699,2
77700,2
77701,3
77702,2
77703,1
77704,3
77705,3
77706,2
77707,3
77708,2
77709,2
77710,2
77711,2
77712,2
77713,2
77714,2
77715,2
77716,3
77717,3
77718,3
77719,1
77720,3
77721,2
77722,3
77723,3
77724,2
77725,2
77726,2
77727,2
77728,3
77729,3
77730,3
77731,3
77732,3
77733,3
77734,3
77735,3
77736,3
77737,3
77738,3
77739,2
77740,3
77741,3
77742,3
77743,3
77744,2
77745,2
77746,2
77747,3
77748,3
77749,3
77750,1
77751,3
77752,3
77753,3
77754,3
77755,3
77756,3
77757,1
77758,3
77759,3
77760,3
77761,3
77762,3
77763,1
77764,2
77765,3
77766,0
77767,3
77768,3
77769,3
77770,3
77771,3
77772,2
77773,2
77774,3
77775,1
77776,2
77777,2
77778,3
77779,3
77780,1
77781,2
77782,3
77783,3
77784,3
77785,3
77786,2
77787,3
77788,1
77789,3
77790,3
77791,3
77792,3
77793,3
77794,3
77795,3
77796,2
77797,3
77798,3
77799,3
77800,3
77801,3
77802,3
77803,3
77804,3
77805,3
77806,1
77807,1
77808,3
77809,1
77810,3
77811,3
77812,1
77813,3
77814,3
77815,3
77816,3
77817,1
77818,1
77819,1
77820,1
77821,3
77822,3
77823,3
77824,3
77825,3
77826,3
77827,2
77828,3
77829,3
77830,3
77831,1
77832,3
77833,3
77834,3
77835,1
77836,3
77837,1
77838,3
77839,1
77840,3
77841,3
77842,3
77843,2
77844,3
77845,3
77846,3
77847,3
77848,3
77849,3
77850,3
77851,1
77852,4
77853,3
77854,3
77855,2
77856,2
77857,2
77858,2
77859,2
77860,2
77861,2
77862,2
77863,2
77864,2
77865,2
77866,2
77867,2
77868,3
77869,3
77870,3
77871,3
77872,3
77873,2
77874,2
77875,2
77876,2
77877,2
77878,2
77879,2
77880,2
77881,2
77882,2
77883,2
77884,2
77885,2
77886,2
77887,3
77888,2
77889,2
77890,3
77891,2
77892,2
77893,2
77894,2
77895,3
77896,3
77897,2
77898,1
77899,3
77900,2
77901,3
77902,3
77903,3
77904,3
77905,3
77906,3
77907,3
77908,3
77909,4
77910,3
77911,3
77912,2
77913,3
77914,3
77915,3
77916,2
77917,2
77918,2
77919,2
77920,2
77921,2
77922,2
77923,2
77924,3
77925,2
77926,3
77927,3
77928,3
77929,2
77930,3
77931,2
77932,2
77933,3
77934,4
77935,4
77936,3
77937,2
77938,2
77939,3
77940,3
77941,3
77942,3
77943,3
77944,3
77945,3
77946,3
77947,3
77948,2
77949,3
77950,3
77951,1
77952,3
77953,3
77954,3
77955,2
77956,3
77957,3
77958,0
77959,3
77960,3
77961,3
77962,1
77963,1
77964,3
77965,3
77966,3
77967,1
77968,2
77969,2
77970,2
77971,2
77972,2
77973,2
77974,2
77975,2
77976,2
77977,2
77978,2
77979,2
77980,2
77981,2
77982,2
77983,2
77984,2
77985,2
77986,2
77987,2
77988,2
77989,2
77990,2
77991,2
77992,3
77993,3
77994,2
77995,2
77996,2
77997,2
77998,2
77999,2
78000,2
78001,2
78002,2
78003,2
78004,2
78005,2
78006,2
78007,2
78008,3
78009,2
78010,2
78011,2
78012,2
78013,2
78014,2
78015,2
78016,2
78017,2
78018,2
78019,2
78020,2
78021,2
78022,2
78023,2
78024,2
78025,2
78026,2
78027,3
78028,2
78029,2
78030,2
78031,2
78032,2
78033,2
78034,2
78035,2
78036,2
78037,2
78038,2
78039,2
78040,2
78041,3
78042,3
78043,3
78044,3
78045,2
78046,3
78047,3
78048,2
78049,3
78050,2
78051,2
78052,2
78053,2
78054,2
78055,2
78056,2
78057,2
78058,3
78059,2
78060,2
78061,2
78062,2
78063,2
78064,2
78065,2
78066,2
78067,3
78068,2
78069,2
78070,1
78071,1
78072,1
78073,3
78074,3
78075,2
78076,4
78077,3
78078,3
78079,2
78080,2
78081,2
78082,2
78083,2
78084,2
78085,2
78086,2
78087,3
78088,2
78089,3
78090,3
78091,2
78092,2
78093,2
78094,2
78095,2
78096,2
78097,2
78098,2
78099,3
78100,2
78101,2
78102,2
78103,2
78104,2
78105,2
78106,2
78107,2
78108,2
78109,2
78110,2
78111,2
78112,2
78113,2
78114,2
78115,2
78116,2
78117,2
78118,2
78119,2
78120,2
78121,2
78122,2
78123,2
78124,2
78125,2
78126,2
78127,2
78128,2
78129,2
78130,2
78131,2
78132,2
78133,2
78134,2
78135,2
78136,2
78137,2
78138,2
78139,2
78140,2
78141,2
78142,2
78143,2
78144,2
78145,2
78146,1
78147,3
78148,3
78149,3
78150,3
78151,3
78152,3
78153,2
78154,2
78155,2
78156,2
78157,2
78158,2
78159,2
78160,2
78161,2
78162,2
78163,2
78164,2
78165,2
78166,3
78167,2
78168,2
78169,2
78170,2
78171,2
78172,2
78173,2
78174,3
78175,3
78176,3
78177,3
78178,3
78179,3
78180,3
78181,2
78182,2
78183,2
78184,2
78185,2
78186,2
78187,2
78188,2
78189,2
78190,3
78191,2
78192,3
78193,3
78194,3
78195,2
78196,3
78197,2
78198,2
78199,2
78200,2
78201,2
78202,3
78203,3
78204,2
78205,2
78206,2
78207,2
78208,3
78209,2
78210,2
78211,2
78212,2
78213,2
78214,2
78215,2
78216,2
78217,2
78218,2
78219,2
78220,2
78221,3
78222,3
78223,2
78224,2
78225,2
78226,2
78227,3
78228,3
78229,2
78230,2
78231,3
78232,3
78233,3
78234,2
78235,2
78236,3
78237,3
78238,3
78239,2
78240,2
78241,2
78242,3
78243,3
78244,2
78245,2
78246,2
78247,2
78248,2
78249,2
78250,2
78251,2
78252,2
78253,2
78254,2
78255,2
78256,2
78257,3
78258,3
78259,1
78260,3
78261,3
78262,2
78263,2
78264,2
78265,2
78266,2
78267,2
78268,2
78269,2
78270,3
78271,2
78272,2
78273,2
78274,3
78275,3
78276,2
78277,2
78278,2
78279,2
78280,2
78281,2
78282,2
78283,2
78284,3
78285,3
78286,2
78287,3
78288,3
78289,2
78290,2
78291,2
78292,2
78293,2
78294,3
78295,3
78296,2
78297,2
78298,2
78299,2
78300,3
78301,2
78302,2
78303,2
78304,2
78305,2
78306,2
78307,3
78308,2
78309,2
78310,2
78311,2
78312,2
78313,2
78314,2
78315,2
78316,2
78317,3
78318,3
78319,3
78320,3
78321,3
78322,2
78323,2
78324,2
78325,2
78326,3
78327,3
78328,3
78329,2
78330,2
78331,2
78332,3
78333,2
78334,2
78335,2
78336,2
78337,3
78338,2
78339,2
78340,2
78341,3
78342,3
78343,2
78344,3
78345,2
78346,3
78347,2
78348,3
78349,2
78350,3
78351,3
78352,3
78353,2
78354,2
78355,2
78356,2
78357,3
78358,3
78359,2
78360,3
78361,3
78362,3
78363,3
78364,3
78365,3
78366,3
78367,3
78368,2
78369,3
78370,2
78371,3
78372,2
78373,2
78374,2
78375,2
78376,2
78377,3
78378,2
78379,2
78380,2
78381,2
78382,2
78383,2
78384,2
78385,2
78386,2
78387,2
78388,2
78389,3
78390,2
78391,2
78392,2
78393,3
78394,2
78395,2
78396,2
78397,2
78398,2
78399,2
78400,2
78401,2
78402,2
78403,2
78404,2
78405,2
78406,2
78407,2
78408,2
78409,2
78410,2
78411,2
78412,2
78413,2
78414,2
78415,2
78416,2
78417,2
78418,2
78419,1
78420,3
78421,3
78422,3
78423,2
78424,2
78425,3
78426,3
78427,1
78428,3
78429,3
78430,3
78431,2
78432,3
78433,2
78434,2
78435,2
78436,2
78437,3
78438,2
78439,2
78440,2
78441,3
78442,3
78443,2
78444,2
78445,2
78446,2
78447,2
78448,2
78449,2
78450,3
78451,2
78452,2
78453,2
78454,2
78455,2
78456,3
78457,2
78458,2
78459,2
78460,2
78461,2
78462,2
78463,2
78464,2
78465,2
78466,2
78467,3
78468,3
78469,2
78470,2
78471,2
78472,2
78473,2
78474,2
78475,2
78476,2
78477,2
78478,2
78479,2
78480,2
78481,2
78482,2
78483,3
78484,2
78485,2
78486,2
78487,3
78488,2
78489,2
78490,3
78491,2
78492,2
78493,2
78494,2
78495,2
78496,2
78497,2
78498,2
78499,2
78500,2
78501,2
78502,2
78503,2
78504,2
78505,3
78506,3
78507,1
78508,2
78509,1
78510,3
78511,1
78512,3
78513,3
78514,3
78515,2
78516,3
78517,3
78518,2
78519,2
78520,3
78521,3
78522,2
78523,2
78524,2
78525,2
78526,2
78527,2
78528,2
78529,3
78530,3
78531,3
78532,3
78533,3
78534,2
78535,2
78536,3
78537,2
78538,3
78539,2
78540,2
78541,1
78542,2
78543,3
78544,2
78545,2
78546,3
78547,3
78548,2
78549,2
78550,2
78551,2
78552,2
78553,2
78554,2
78555,2
78556,3
78557,2
78558,2
78559,2
78560,2
78561,2
78562,2
78563,2
78564,3
78565,2
78566,2
78567,2
78568,3
78569,3
78570,3
78571,3
78572,3
78573,2
78574,2
78575,2
78576,2
78577,2
78578,2
78579,3
78580,2
78581,2
78582,2
78583,2
78584,2
78585,2
78586,3
78587,2
78588,2
78589,2
78590,2
78591,3
78592,2
78593,2
78594,3
78595,2
78596,2
78597,2
78598,3
78599,3
78600,2
78601,2
78602,3
78603,2
78604,2
78605,2
78606,2
78607,2
78608,2
78609,2
78610,3
78611,2
78612,2
78613,2
78614,2
78615,2
78616,2
78617,2
78618,2
78619,2
78620,2
78621,2
78622,2
78623,2
78624,3
78625,2
78626,2
78627,2
78628,3
78629,2
78630,3
78631,3
78632,3
78633,2
78634,2
78635,2
78636,2
78637,2
78638,2
78639,2
78640,2
78641,3
78642,2
78643,2
78644,3
78645,2
78646,2
78647,2
78648,2
78649,2
78650,2
78651,3
78652,3
78653,3
78654,2
78655,3
78656,2
78657,2
78658,3
78659,3
78660,2
78661,3
78662,3
78663,2
78664,2
78665,2
78666,2
78667,3
78668,3
78669,3
78670,2
78671,3
78672,3
78673,3
78674,3
78675,2
78676,2
78677,2
78678,2
78679,1
78680,1
78681,3
78682,1
78683,1
78684,1
78685,1
78686,2
78687,2
78688,2
78689,2
78690,3
78691,2
78692,2
78693,2
78694,2
78695,3
78696,3
78697,2
78698,2
78699,2
78700,3
78701,3
78702,3
78703,3
78704,3
78705,3
78706,2
78707,2
78708,2
78709,2
78710,2
78711,1
78712,2
78713,2
78714,3
78715,2
78716,2
78717,2
78718,3
78719,2
78720,2
78721,3
78722,3
78723,3
78724,2
78725,3
78726,2
78727,2
78728,3
78729,3
78730,2
78731,3
78732,3
78733,3
78734,3
78735,3
78736,2
78737,2
78738,2
78739,1
78740,3
78741,3
78742,1
78743,1
78744,1
78745,1
78746,3
78747,2
78748,1
78749,1
78750,3
78751,1
78752,3
78753,3
78754,1
78755,2
78756,2
78757,2
78758,2
78759,2
78760,3
78761,1
78762,1
78763,3
78764,2
78765,3
78766,2
78767,2
78768,2
78769,2
78770,2
78771,2
78772,4
78773,3
78774,2
78775,2
78776,2
78777,2
78778,3
78779,2
78780,2
78781,2
78782,3
78783,2
78784,2
78785,2
78786,2
78787,2
78788,2
78789,2
78790,2
78791,3
78792,2
78793,2
78794,2
78795,2
78796,2
78797,2
78798,3
78799,4
78800,2
78801,2
78802,2
78803,2
78804,2
78805,2
78806,2
78807,2
78808,2
78809,2
78810,2
78811,2
78812,3
78813,2
78814,2
78815,3
78816,2
78817,3
78818,2
78819,2
78820,2
78821,2
78822,2
78823,2
78824,2
78825,3
78826,2
78827,3
78828,2
78829,2
78830,2
78831,2
78832,2
78833,2
78834,3
78835,3
78836,3
78837,2
78838,3
78839,2
78840,2
78841,3
78842,2
78843,2
78844,2
78845,2
78846,2
78847,2
78848,2
78849,2
78850,2
78851,2
78852,3
78853,2
78854,3
78855,2
78856,2
78857,2
78858,2
78859,3
78860,2
78861,3
78862,2
78863,2
78864,3
78865,3
78866,3
78867,3
78868,2
78869,2
78870,2
78871,3
78872,2
78873,2
78874,2
78875,2
78876,2
78877,3
78878,2
78879,3
78880,2
78881,3
78882,3
78883,3
78884,3
78885,2
78886,3
78887,2
78888,2
78889,2
78890,2
78891,2
78892,3
78893,2
78894,3
78895,3
78896,2
78897,2
78898,2
78899,3
78900,3
78901,3
78902,3
78903,3
78904,3
78905,3
78906,3
78907,3
78908,3
78909,3
78910,3
78911,3
78912,3
78913,3
78914,3
78915,3
78916,3
78917,3
78918,3
78919,3
78920,3
78921,2
78922,3
78923,3
78924,3
78925,2
78926,3
78927,2
78928,2
78929,2
78930,2
78931,2
78932,2
78933,2
78934,3
78935,3
78936,2
78937,3
78938,3
78939,3
78940,2
78941,2
78942,2
78943,2
78944,2
78945,2
78946,2
78947,2
78948,2
78949,3
78950,2
78951,2
78952,2
78953,2
78954,2
78955,2
78956,2
78957,3
78958,3
78959,3
78960,2
78961,3
78962,3
78963,3
78964,2
78965,2
78966,2
78967,2
78968,3
78969,3
78970,3
78971,3
78972,2
78973,2
78974,2
78975,3
78976,3
78977,2
78978,3
78979,3
78980,3
78981,3
78982,3
78983,3
78984,2
78985,2
78986,2
78987,2
78988,2
78989,2
78990,2
78991,2
78992,2
78993,3
78994,2
78995,3
78996,3
78997,2
78998,2
78999,2
79000,3
79001,2
79002,3
79003,3
79004,2
79005,3
79006,3
79007,2
79008,2
79009,2
79010,3
79011,2
79012,3
79013,2
79014,2
79015,3
79016,2
79017,2
79018,2
79019,2
79020,3
79021,3
79022,3
79023,2
79024,2
79025,3
79026,3
79027,3
79028,3
79029,3
79030,2
79031,3
79032,2
79033,2
79034,2
79035,2
79036,3
79037,2
79038,3
79039,3
79040,2
79041,3
79042,2
79043,2
79044,2
79045,3
79046,3
79047,2
79048,3
79049,3
79050,3
79051,1
79052,3
79053,2
79054,2
79055,2
79056,3
79057,3
79058,3
79059,3
79060,3
79061,3
79062,2
79063,1
79064,3
79065,3
79066,1
79067,1
79068,2
79069,3
79070,3
79071,3
79072,1
79073,3
79074,3
79075,1
79076,1
79077,3
79078,3
79079,3
79080,3
79081,3
79082,2
79083,2
79084,2
79085,2
79086,2
79087,3
79088,2
79089,2
79090,2
79091,2
79092,3
79093,2
79094,2
79095,2
79096,2
79097,2
79098,2
79099,3
79100,2
79101,2
79102,2
79103,2
79104,2
79105,2
79106,3
79107,2
79108,2
79109,2
79110,2
79111,2
79112,2
79113,3
79114,3
79115,3
79116,2
79117,3
79118,2
79119,2
79120,2
79121,2
79122,2
79123,2
79124,2
79125,2
79126,2
79127,2
79128,2
79129,3
79130,2
79131,3
79132,2
79133,3
79134,3
79135,3
79136,3
79137,2
79138,2
79139,2
79140,2
79141,2
79142,2
79143,2
79144,2
79145,2
79146,2
79147,2
79148,2
79149,2
79150,2
79151,2
79152,2
79153,2
79154,2
79155,3
79156,3
79157,3
79158,2
79159,3
79160,2
79161,2
79162,2
79163,3
79164,2
79165,2
79166,2
79167,3
79168,2
79169,2
79170,2
79171,2
79172,2
79173,2
79174,3
79175,3
79176,3
79177,2
79178,3
79179,2
79180,3
79181,3
79182,3
79183,2
79184,3
79185,3
79186,3
79187,3
79188,3
79189,2
79190,3
79191,2
79192,3
79193,3
79194,1
79195,2
79196,2
79197,2
79198,2
79199,2
79200,2
79201,3
79202,3
79203,2
79204,2
79205,2
79206,2
79207,2
79208,2
79209,3
79210,2
79211,2
79212,2
79213,2
79214,2
79215,2
79216,3
79217,2
79218,2
79219,2
79220,3
79221,3
79222,2
79223,2
79224,2
79225,2
79226,2
79227,3
79228,2
79229,2
79230,3
79231,2
79232,2
79233,2
79234,2
79235,2
79236,2
79237,2
79238,2
79239,2
79240,2
79241,2
79242,2
79243,2
79244,2
79245,2
79246,2
79247,2
79248,2
79249,2
79250,2
79251,2
79252,3
79253,3
79254,3
79255,2
79256,3
79257,3
79258,3
79259,3
79260,3
79261,1
79262,2
79263,3
79264,1
79265,1
79266,2
79267,3
79268,3
79269,2
79270,2
79271,2
79272,2
79273,2
79274,2
79275,2
79276,3
79277,3
79278,3
79279,3
79280,2
79281,2
79282,2
79283,3
79284,2
79285,3
79286,2
79287,3
79288,3
79289,3
79290,2
79291,2
79292,3
79293,3
79294,2
79295,3
79296,3
79297,2
79298,2
79299,2
79300,3
79301,3
79302,3
79303,2
79304,3
79305,2
79306,3
79307,2
79308,2
79309,2
79310,2
79311,2
79312,2
79313,2
79314,2
79315,2
79316,2
79317,2
79318,3
79319,1
79320,1
79321,3
79322,1
79323,1
79324,1
79325,1
79326,1
79327,1
79328,1
79329,1
79330,1
79331,1
79332,1
79333,1
79334,1
79335,1
79336,1
79337,1
79338,1
79339,1
79340,1
79341,1
79342,1
79343,1
79344,1
79345,1
79346,1
79347,3
79348,1
79349,1
79350,3
79351,3
79352,3
79353,3
79354,0
79355,3
79356,3
79357,3
79358,3
79359,3
79360,3
79361,3
79362,3
79363,3
79364,3
79365,3
79366,1
79367,3
79368,3
79369,3
79370,3
79371,3
79372,3
79373,3
79374,3
79375,3
79376,3
79377,3
79378,3
79379,3
79380,2
79381,3
79382,3
79383,3
79384,2
79385,2
79386,3
79387,2
79388,2
79389,3
79390,3
79391,3
79392,3
79393,3
79394,3
79395,2
79396,3
79397,3
79398,2
79399,3
79400,3
79401,3
79402,2
79403,2
79404,3
79405,3
79406,3
79407,3
79408,3
79409,3
79410,3
79411,3
79412,1
79413,1
79414,3
79415,2
79416,3
79417,2
79418,3
79419,3
79420,3
79421,2
79422,0
79423,0
79424,0
79425,3
79426,3
79427,3
79428,3
79429,3
79430,3
79431,3
79432,2
79433,3
79434,3
79435,3
79436,1
79437,3
79438,3
79439,3
79440,3
79441,3
79442,3
79443,3
79444,3
79445,3
79446,3
79447,3
79448,3
79449,3
79450,3
79451,3
79452,3
79453,3
79454,3
79455,3
79456,2
79457,2
79458,3
79459,3
79460,3
79461,3
79462,1
79463,3
79464,3
79465,1
79466,3
79467,3
79468,3
79469,3
79470,3
79471,3
79472,1
79473,3
79474,1
79475,3
79476,3
79477,3
79478,2
79479,3
79480,3
79481,3
79482,1
79483,3
79484,3
79485,0
79486,0
79487,0
79488,0
79489,3
79490,3
79491,3
79492,3
79493,3
79494,3
79495,3
79496,3
79497,3
79498,3
79499,3
79500,3
79501,3
79502,3
79503,3
79504,3
79505,3
79506,3
79507,0
79508,0
79509,0
79510,0
79511,0
79512,0
79513,0
79514,3
79515,3
79516,3
79517,3
79518,3
79519,3
79520,2
79521,3
79522,3
79523,3
79524,3
79525,3
79526,3
79527,3
79528,3
79529,3
79530,0
79531,3
79532,3
79533,3
79534,3
79535,0
79536,0
79537,0
79538,0
79539,0
79540,3
79541,3
79542,3
79543,3
79544,3
79545,3
79546,3
79547,3
79548,3
79549,3
79550,3
79551,3
79552,3
79553,3
79554,3
79555,2
79556,3
79557,0
79558,0
79559,3
79560,0
79561,0
79562,0
79563,0
79564,0
79565,0
79566,0
79567,3
79568,3
79569,3
79570,2
79571,3
79572,3
79573,3
79574,3
79575,3
79576,3
79577,2
79578,3
79579,3
79580,2
79581,2
79582,0
79583,0
79584,0
79585,2
79586,3
79587,3
79588,3
79589,3
79590,2
79591,2
79592,2
79593,3
79594,3
79595,3
79596,3
79597,0
79598,0
79599,0
79600,0
79601,0
79602,0
79603,0
79604,0
79605,0
79606,0
79607,0
79608,0
79609,0
79610,0
79611,0
79612,0
79613,0
79614,0
79615,2
79616,0
79617,3
79618,3
79619,3
79620,3
79621,3
79622,3
79623,3
79624,3
79625,3
79626,3
79627,3
79628,3
79629,3
79630,3
79631,3
79632,3
79633,3
79634,3
79635,3
79636,3
79637,3
79638,3
79639,2
79640,3
79641,3
79642,3
79643,3
79644,3
79645,3
79646,1
79647,1
79648,1
79649,1
79650,1
79651,1
79652,1
79653,3
79654,2
79655,3
79656,1
79657,1
79658,1
79659,3
79660,1
79661,3
79662,0
79663,2
79664,3
79665,3
79666,3
79667,2
79668,2
79669,2
79670,2
79671,3
79672,0
79673,3
79674,3
79675,3
79676,2
79677,3
79678,1
79679,2
79680,1
79681,2
79682,2
79683,3
79684,3
79685,3
79686,2
79687,3
79688,3
79689,3
79690,2
79691,2
79692,2
79693,2
79694,2
79695,2
79696,3
79697,2
79698,3
79699,2
79700,4
79701,2
79702,2
79703,2
79704,2
79705,2
79706,2
79707,2
79708,3
79709,2
79710,2
79711,2
79712,2
79713,1
79714,1
79715,2
79716,2
79717,1
79718,2
79719,1
79720,1
79721,2
79722,2
79723,3
79724,3
79725,3
79726,4
79727,2
79728,2
79729,2
79730,1
79731,1
79732,3
79733,1
79734,3
79735,1
79736,1
79737,1
79738,1
79739,1
79740,1
79741,1
79742,1
79743,2
79744,2
79745,2
79746,0
79747,2
79748,2
79749,2
79750,2
79751,2
79752,0
79753,2
79754,1
79755,1
79756,2
79757,1
79758,1
79759,3
79760,1
79761,1
79762,1
79763,1
79764,1
79765,1
79766,2
79767,1
79768,1
79769,1
79770,1
79771,1
79772,1
79773,1
79774,2
79775,1
79776,2
79777,2
79778,1
79779,1
79780,1
79781,2
79782,1
79783,3
79784,1
79785,1
79786,2
79787,3
79788,2
79789,3
79790,2
79791,1
79792,2
79793,3
79794,1
79795,1
79796,1
79797,1
79798,1
79799,1
79800,1
79801,2
79802,1
79803,1
79804,1
79805,2
79806,1
79807,1
79808,1
79809,1
79810,1
79811,2
79812,2
79813,2
79814,1
79815,1
79816,2
79817,3
79818,2
79819,1
79820,2
79821,2
79822,1
79823,2
79824,3
79825,3
79826,2
79827,2
79828,3
79829,3
79830,3
79831,1
79832,1
79833,1
79834,1
79835,1
79836,1
79837,2
79838,1
79839,1
79840,1
79841,2
79842,3
79843,1
79844,1
79845,1
79846,2
79847,2
79848,2
79849,2
79850,2
79851,2
79852,3
79853,1
79854,3
79855,2
79856,3
79857,3
79858,3
79859,3
79860,2
79861,1
79862,2
79863,0
79864,0
79865,3
79866,0
79867,0
79868,0
79869,1
79870,1
79871,2
79872,2
79873,2
79874,2
79875,2
79876,2
79877,2
79878,2
79879,2
79880,2
79881,1
79882,3
79883,2
79884,2
79885,2
79886,2
79887,2
79888,2
79889,2
79890,3
79891,3
79892,2
79893,0
79894,2
79895,2
79896,2
79897,3
79898,2
79899,2
79900,2
79901,1
79902,1
79903,2
79904,2
79905,2
79906,1
79907,0
79908,1
79909,3
79910,3
79911,1
79912,1
79913,3
79914,3
79915,2
79916,0
79917,0
79918,2
79919,3
79920,3
79921,2
79922,2
79923,2
79924,2
79925,2
79926,2
79927,2
79928,2
79929,2
79930,0
79931,2
79932,2
79933,2
79934,2
79935,2
79936,2
79937,2
79938,3
79939,2
79940,2
79941,2
79942,2
79943,3
79944,2
79945,2
79946,2
79947,2
79948,2
79949,2
79950,2
79951,2
79952,2
79953,2
79954,2
79955,2
79956,2
79957,2
79958,2
79959,2
79960,2
79961,2
79962,3
79963,2
79964,2
79965,2
79966,2
79967,2
79968,2
79969,2
79970,2
79971,2
79972,2
79973,2
79974,2
79975,2
79976,2
79977,2
79978,2
79979,2
79980,2
79981,3
79982,3
79983,2
79984,2
79985,2
79986,2
79987,2
79988,2
79989,2
79990,2
79991,2
79992,2
79993,2
79994,2
79995,2
79996,2
79997,0
79998,2
79999,2
80000,2
80001,2
80002,2
80003,2
80004,2
80005,3
80006,1
80007,1
80008,1
80009,2
80010,2
80011,2
80012,2
80013,2
80014,2
80015,2
80016,3
80017,1
80018,1
80019,1
80020,2
80021,2
80022,2
80023,2
80024,2
80025,2
80026,2
80027,2
80028,2
80029,3
80030,2
80031,2
80032,2
80033,2
80034,2
80035,2
80036,2
80037,2
80038,2
80039,2
80040,2
80041,2
80042,0
80043,3
80044,2
80045,3
80046,2
80047,2
80048,3
80049,3
80050,3
80051,2
80052,2
80053,2
80054,2
80055,2
80056,2
80057,3
80058,3
80059,2
80060,2
80061,2
80062,3
80063,2
80064,2
80065,2
80066,2
80067,1
80068,1
80069,3
80070,1
80071,1
80072,2
80073,3
80074,3
80075,2
80076,2
80077,2
80078,2
80079,2
80080,2
80081,2
80082,2
80083,2
80084,2
80085,2
80086,2
80087,2
80088,2
80089,2
80090,2
80091,2
80092,2
80093,2
80094,2
80095,2
80096,2
80097,2
80098,2
80099,2
80100,2
80101,3
80102,2
80103,3
80104,2
80105,2
80106,2
80107,3
80108,2
80109,2
80110,3
80111,3
80112,3
80113,2
80114,2
80115,3
80116,3
80117,3
80118,3
80119,2
80120,3
80121,3
80122,3
80123,3
80124,3
80125,2
80126,2
80127,2
80128,2
80129,2
80130,2
80131,2
80132,2
80133,2
80134,2
80135,2
80136,2
80137,2
80138,2
80139,2
80140,3
80141,2
80142,2
80143,2
80144,2
80145,3
80146,3
80147,1
80148,2
80149,2
80150,2
80151,2
80152,2
80153,2
80154,2
80155,2
80156,2
80157,3
80158,2
80159,3
80160,3
80161,2
80162,3
80163,2
80164,2
80165,1
80166,2
80167,2
80168,2
80169,2
80170,2
80171,3
80172,3
80173,2
80174,2
80175,3
80176,3
80177,3
80178,3
80179,3
80180,1
80181,3
80182,1
80183,1
80184,3
80185,2
80186,3
80187,2
80188,2
80189,1
80190,3
80191,3
80192,2
80193,2
80194,3
80195,3
80196,3
80197,2
80198,2
80199,2
80200,3
80201,3
80202,0
80203,0
80204,2
80205,3
80206,1
80207,2
80208,2
80209,2
80210,2
80211,2
80212,3
80213,1
80214,3
80215,2
80216,2
80217,2
80218,3
80219,3
80220,1
80221,3
80222,3
80223,3
80224,3
80225,3
80226,3
80227,3
80228,3
80229,0
80230,0
80231,0
80232,0
80233,0
80234,0
80235,0
80236,0
80237,0
80238,2
80239,2
80240,0
80241,3
80242,0
80243,0
80244,0
80245,0
80246,0
80247,0
80248,0
80249,0
80250,0
80251,0
80252,0
80253,0
80254,0
80255,0
80256,0
80257,0
80258,0
80259,0
80260,1
80261,0
80262,2
80263,0
80264,0
80265,0
80266,0
80267,0
80268,0
80269,0
80270,0
80271,0
80272,0
80273,0
80274,0
80275,0
80276,0
80277,0
80278,0
80279,0
80280,0
80281,0
80282,0
80283,2
80284,0
80285,2
80286,0
80287,2
80288,2
80289,2
80290,3
80291,2
80292,2
80293,2
80294,2
80295,2
80296,2
80297,2
80298,2
80299,3
80300,1
80301,3
80302,3
80303,3
80304,2
80305,0
80306,0
80307,0
80308,0
80309,0
80310,0
80311,0
80312,0
80313,1
80314,3
80315,2
80316,2
80317,0
80318,3
80319,0
80320,0
80321,2
80322,0
80323,0
80324,0
80325,0
80326,2
80327,0
80328,0
80329,0
80330,0
80331,0
80332,0
80333,0
80334,1
80335,1
80336,0
80337,0
80338,0
80339,0
80340,1
80341,1
80342,1
80343,1
80344,1
80345,1
80346,1
80347,3
80348,3
80349,3
80350,1
80351,3
80352,3
80353,3
80354,3
80355,3
80356,1
80357,1
80358,1
80359,1
80360,3
80361,3
80362,3
80363,2
80364,2
80365,2
80366,2
80367,2
80368,1
80369,3
80370,1
80371,2
80372,3
80373,3
80374,2
80375,3
80376,3
80377,2
80378,3
80379,2
80380,3
80381,3
80382,3
80383,3
80384,2
80385,3
80386,3
80387,3
80388,3
80389,3
80390,2
80391,3
80392,3
80393,3
80394,3
80395,3
80396,3
80397,3
80398,3
80399,1
80400,1
80401,1
80402,3
80403,3
80404,3
80405,1
80406,2
80407,2
80408,3
80409,3
80410,3
80411,2
80412,2
80413,3
80414,3
80415,3
80416,2
80417,3
80418,3
80419,2
80420,3
80421,2
80422,1
80423,3
80424,2
80425,1
80426,3
80427,3
80428,3
80429,3
80430,3
80431,2
80432,2
80433,2
80434,0
80435,0
80436,2
80437,2
80438,0
80439,2
80440,2
80441,2
80442,3
80443,3
80444,2
80445,2
80446,2
80447,2
80448,2
80449,2
80450,2
80451,2
80452,2
80453,2
80454,2
80455,2
80456,2
80457,2
80458,2
80459,0
80460,0
80461,0
80462,2
80463,0
80464,0
80465,0
80466,0
80467,0
80468,0
80469,0
80470,0
80471,0
80472,0
80473,0
80474,0
80475,0
80476,2
80477,2
80478,0
80479,0
80480,0
80481,0
80482,0
80483,0
80484,0
80485,0
80486,0
80487,0
80488,0
80489,0
80490,0
80491,0
80492,0
80493,0
80494,0
80495,0
80496,0
80497,0
80498,0
80499,0
80500,0
80501,0
80502,0
80503,0
80504,2
80505,2
80506,3
80507,1
80508,1
80509,1
80510,1
80511,1
80512,0
80513,0
80514,0
80515,0
80516,0
80517,0
80518,0
80519,0
80520,0
80521,0
80522,0
80523,0
80524,2
80525,0
80526,0
80527,2
80528,0
80529,0
80530,0
80531,0
80532,0
80533,2
80534,2
80535,2
80536,0
80537,0
80538,0
80539,0
80540,0
80541,0
80542,0
80543,0
80544,0
80545,0
80546,0
80547,2
80548,0
80549,0
80550,0
80551,2
80552,0
80553,0
80554,0
80555,0
80556,0
80557,0
80558,0
80559,0
80560,0
80561,0
80562,0
80563,0
80564,0
80565,0
80566,0
80567,0
80568,0
80569,0
80570,0
80571,0
80572,0
80573,0
80574,0
80575,0
80576,0
80577,0
80578,0
80579,0
80580,0
80581,0
80582,0
80583,0
80584,0
80585,0
80586,0
80587,0
80588,0
80589,0
80590,0
80591,0
80592,0
80593,0
80594,0
80595,2
80596,0
80597,0
80598,0
80599,0
80600,0
80601,0
80602,0
80603,0
80604,0
80605,0
80606,0
80607,0
80608,0
80609,0
80610,0
80611,2
80612,2
80613,0
80614,0
80615,0
80616,0
80617,0
80618,0
80619,0
80620,0
80621,0
80622,2
80623,0
80624,0
80625,0
80626,0
80627,0
80628,0
80629,0
80630,2
80631,0
80632,0
80633,0
80634,0
80635,0
80636,0
80637,3
80638,0
80639,0
80640,0
80641,0
80642,0
80643,0
80644,0
80645,0
80646,0
80647,0
80648,0
80649,2
80650,0
80651,0
80652,0
80653,0
80654,0
80655,0
80656,0
80657,0
80658,2
80659,0
80660,0
80661,0
80662,3
80663,2
80664,0
80665,0
80666,0
80667,0
80668,0
80669,0
80670,0
80671,0
80672,0
80673,0
80674,0
80675,0
80676,0
80677,0
80678,0
80679,0
80680,0
80681,0
80682,0
80683,0
80684,0
80685,2
80686,0
80687,0
80688,2
80689,0
80690,0
80691,0
80692,0
80693,2
80694,0
80695,0
80696,0
80697,2
80698,2
80699,2
80700,2
80701,0
80702,0
80703,0
80704,0
80705,0
80706,0
80707,0
80708,0
80709,2
80710,0
80711,0
80712,0
80713,0
80714,0
80715,0
80716,2
80717,0
80718,0
80719,0
80720,0
80721,0
80722,0
80723,3
80724,0
80725,0
80726,0
80727,0
80728,0
80729,0
80730,0
80731,0
80732,2
80733,2
80734,2
80735,0
80736,0
80737,0
80738,2
80739,0
80740,0
80741,0
80742,0
80743,0
80744,2
80745,2
80746,0
80747,0
80748,0
80749,0
80750,0
80751,0
80752,0
80753,2
80754,3
80755,3
80756,2
80757,2
80758,2
80759,2
80760,2
80761,0
80762,0
80763,0
80764,0
80765,0
80766,0
80767,0
80768,0
80769,0
80770,2
80771,0
80772,2
80773,0
80774,2
80775,0
80776,0
80777,0
80778,0
80779,0
80780,2
80781,0
80782,0
80783,0
80784,0
80785,0
80786,0
80787,0
80788,0
80789,2
80790,0
80791,0
80792,0
80793,0
80794,0
80795,0
80796,0
80797,0
80798,2
80799,0
80800,0
80801,0
80802,0
80803,0
80804,0
80805,0
80806,0
80807,0
80808,2
80809,0
80810,0
80811,0
80812,2
80813,2
80814,2
80815,2
80816,2
80817,2
80818,2
80819,2
80820,2
80821,3
80822,2
80823,2
80824,2
80825,0
80826,0
80827,0
80828,0
80829,2
80830,2
80831,0
80832,2
80833,2
80834,3
80835,2
80836,3
80837,3
80838,2
80839,3
80840,3
80841,3
80842,3
80843,0
80844,0
80845,2
80846,3
80847,2
80848,2
80849,2
80850,2
80851,2
80852,0
80853,2
80854,2
80855,1
80856,1
80857,3
80858,0
80859,0
80860,0
80861,0
80862,0
80863,0
80864,0
80865,0
80866,0
80867,0
80868,1
80869,1
80870,1
80871,0
80872,0
80873,0
80874,3
80875,3
80876,0
80877,0
80878,3
80879,3
80880,3
80881,3
80882,3
80883,3
80884,3
80885,3
80886,3
80887,2
80888,3
80889,3
80890,3
80891,3
80892,3
80893,3
80894,3
80895,2
80896,2
80897,3
80898,3
80899,0
80900,0
80901,0
80902,0
80903,0
80904,0
80905,0
80906,0
80907,0
80908,0
80909,0
80910,0
80911,1
80912,1
80913,3
80914,0
80915,0
80916,3
80917,0
80918,3
80919,3
80920,0
80921,3
80922,3
80923,3
80924,3
80925,3
80926,3
80927,3
80928,3
80929,3
80930,3
80931,3
80932,3
80933,3
80934,3
80935,3
80936,3
80937,0
80938,3
80939,3
80940,3
80941,3
80942,3
80943,3
80944,3
80945,3
80946,3
80947,3
80948,3
80949,3
80950,3
80951,3
80952,3
80953,3
80954,3
80955,3
80956,3
80957,3
80958,3
80959,3
80960,3
80961,3
80962,3
80963,0
80964,3
80965,3
80966,3
80967,3
80968,3
80969,3
80970,3
80971,3
80972,3
80973,3
80974,3
80975,0
80976,0
80977,0
80978,3
80979,3
80980,3
80981,3
80982,3
80983,3
80984,3
80985,3
80986,2
80987,3
80988,3
80989,3
80990,0
80991,0
80992,3
80993,0
80994,0
80995,0
80996,0
80997,0
80998,0
80999,0
81000,0
81001,0
81002,0
81003,3
81004,3
81005,3
81006,3
81007,3
81008,3
81009,3
81010,3
81011,3
81012,3
81013,3
81014,3
81015,3
81016,3
81017,0
81018,0
81019,0
81020,0
81021,3
81022,3
81023,3
81024,3
81025,3
81026,3
81027,3
81028,3
81029,3
81030,2
81031,2
81032,3
81033,3
81034,3
81035,0
81036,0
81037,3
81038,3
81039,3
81040,3
81041,3
81042,3
81043,3
81044,3
81045,0
81046,3
81047,0
81048,0
81049,0
81050,0
81051,0
81052,3
81053,3
81054,3
81055,3
81056,2
81057,3
81058,3
81059,3
81060,3
81061,3
81062,3
81063,0
81064,0
81065,2
81066,3
81067,0
81068,0
81069,0
81070,0
81071,0
81072,0
81073,0
81074,0
81075,0
81076,3
81077,0
81078,0
81079,0
81080,3
81081,3
81082,0
81083,2
81084,3
81085,3
81086,3
81087,0
81088,0
81089,3
81090,3
81091,2
81092,3
81093,2
81094,3
81095,3
81096,3
81097,3
81098,3
81099,3
81100,3
81101,0
81102,0
81103,1
81104,1
81105,0
81106,2
81107,3
81108,3
81109,2
81110,2
81111,2
81112,2
81113,2
81114,1
81115,1
81116,2
81117,2
81118,0
81119,0
81120,2
81121,3
81122,3
81123,3
81124,3
81125,3
81126,2
81127,2
81128,2
81129,3
81130,2
81131,3
81132,1
81133,1
81134,3
81135,3
81136,1
81137,1
81138,0
81139,0
81140,1
81141,3
81142,3
81143,3
81144,3
81145,3
81146,3
81147,3
81148,3
81149,0
81150,0
81151,3
81152,2
81153,2
81154,0
81155,0
81156,0
81157,0
81158,0
81159,1
81160,3
81161,3
81162,3
81163,0
81164,0
81165,0
81166,0
81167,0
81168,0
81169,3
81170,2
81171,0
81172,2
81173,3
81174,3
81175,3
81176,3
81177,3
81178,3
81179,3
81180,3
81181,3
81182,3
81183,3
81184,0
81185,3
81186,3
81187,3
81188,3
81189,3
81190,3
81191,3
81192,3
81193,3
81194,3
81195,3
81196,0
81197,0
81198,0
81199,0
81200,0
81201,3
81202,3
81203,3
81204,0
81205,3
81206,3
81207,3
81208,2
81209,0
81210,2
81211,0
81212,3
81213,3
81214,3
81215,3
81216,3
81217,3
81218,3
81219,3
81220,3
81221,3
81222,3
81223,3
81224,3
81225,3
81226,3
81227,0
81228,0
81229,0
81230,0
81231,0
81232,3
81233,2
81234,1
81235,3
81236,3
81237,3
81238,3
81239,3
81240,3
81241,3
81242,3
81243,3
81244,1
81245,3
81246,3
81247,3
81248,3
81249,3
81250,3
81251,3
81252,3
81253,3
81254,3
81255,2
81256,3
81257,3
81258,3
81259,1
81260,1
81261,1
81262,1
81263,3
81264,2
81265,3
81266,2
81267,1
81268,1
81269,3
81270,1
81271,1
81272,1
81273,3
81274,3
81275,1
81276,3
81277,1
81278,3
81279,1
81280,3
81281,3
81282,3
81283,3
81284,3
81285,0
81286,0
81287,0
81288,2
81289,0
81290,0
81291,3
81292,2
81293,3
81294,0
81295,0
81296,0
81297,0
81298,0
81299,0
81300,2
81301,0
81302,0
81303,0
81304,0
81305,0
81306,2
81307,0
81308,0
81309,0
81310,0
81311,2
81312,0
81313,3
81314,3
81315,3
81316,2
81317,3
81318,0
81319,2
81320,3
81321,3
81322,3
81323,3
81324,3
81325,3
81326,3
81327,3
81328,3
81329,3
81330,3
81331,3
81332,3
81333,0
81334,0
81335,0
81336,2
81337,0
81338,0
81339,0
81340,0
81341,0
81342,0
81343,0
81344,3
81345,3
81346,3
81347,0
81348,3
81349,0
81350,0
81351,0
81352,3
81353,3
81354,2
81355,0
81356,0
81357,2
81358,3
81359,1
81360,3
81361,1
81362,3
81363,3
81364,0
81365,0
81366,3
81367,3
81368,3
81369,0
81370,3
81371,3
81372,3
81373,3
81374,3
81375,1
81376,3
81377,3
81378,3
81379,2
81380,0
81381,0
81382,0
81383,0
81384,3
81385,2
81386,3
81387,0
81388,3
81389,2
81390,2
81391,0
81392,0
81393,0
81394,0
81395,0
81396,0
81397,0
81398,0
81399,0
81400,0
81401,3
81402,3
81403,3
81404,3
81405,3
81406,3
81407,3
81408,2
81409,2
81410,2
81411,2
81412,2
81413,3
81414,3
81415,3
81416,2
81417,3
81418,3
81419,3
81420,3
81421,3
81422,3
81423,3
81424,0
81425,0
81426,0
81427,0
81428,0
81429,0
81430,0
81431,3
81432,2
81433,0
81434,0
81435,0
81436,0
81437,0
81438,0
81439,2
81440,2
81441,3
81442,0
81443,0
81444,0
81445,0
81446,0
81447,0
81448,0
81449,0
81450,0
81451,0
81452,0
81453,0
81454,0
81455,0
81456,0
81457,0
81458,0
81459,2
81460,0
81461,0
81462,0
81463,0
81464,0
81465,0
81466,0
81467,0
81468,0
81469,0
81470,0
81471,0
81472,0
81473,0
81474,0
81475,0
81476,3
81477,3
81478,0
81479,3
81480,3
81481,3
81482,3
81483,3
81484,3
81485,3
81486,3
81487,3
81488,2
81489,0
81490,3
81491,3
81492,0
81493,0
81494,0
81495,3
81496,0
81497,0
81498,0
81499,0
81500,2
81501,2
81502,2
81503,2
81504,3
81505,3
81506,2
81507,2
81508,3
81509,3
81510,3
81511,3
81512,1
81513,0
81514,2
81515,0
81516,0
81517,0
81518,0
81519,0
81520,0
81521,0
81522,0
81523,3
81524,0
81525,0
81526,3
81527,2
81528,3
81529,3
81530,3
81531,3
81532,3
81533,3
81534,2
81535,0
81536,0
81537,2
81538,3
81539,3
81540,3
81541,3
81542,3
81543,3
81544,3
81545,1
81546,3
81547,3
81548,3
81549,3
81550,3
81551,3
81552,3
81553,3
81554,3
81555,2
81556,3
81557,3
81558,3
81559,3
81560,3
81561,3
81562,3
81563,2
81564,3
81565,3
81566,2
81567,0
81568,2
81569,0
81570,0
81571,1
81572,3
81573,3
81574,3
81575,3
81576,3
81577,0
81578,0
81579,3
81580,3
81581,3
81582,3
81583,3
81584,3
81585,3
81586,2
81587,0
81588,0
81589,3
81590,0
81591,0
81592,3
81593,3
81594,3
81595,0
81596,2
81597,0
81598,3
81599,0
81600,0
81601,0
81602,0
81603,0
81604,0
81605,0
81606,0
81607,3
81608,3
81609,3
81610,3
81611,3
81612,2
81613,3
81614,3
81615,3
81616,3
81617,3
81618,2
81619,1
81620,1
81621,0
81622,3
81623,0
81624,3
81625,3
81626,3
81627,3
81628,2
81629,3
81630,3
81631,3
81632,3
81633,2
81634,3
81635,3
81636,3
81637,3
81638,3
81639,3
81640,3
81641,3
81642,3
81643,3
81644,3
81645,3
81646,3
81647,3
81648,3
81649,2
81650,3
81651,3
81652,3
81653,0
81654,0
81655,0
81656,0
81657,0
81658,0
81659,0
81660,0
81661,0
81662,0
81663,0
81664,0
81665,0
81666,0
81667,0
81668,0
81669,0
81670,3
81671,0
81672,0
81673,2
81674,2
81675,2
81676,2
81677,3
81678,2
81679,3
81680,2
81681,3
81682,3
81683,2
81684,2
81685,0
81686,0
81687,3
81688,3
81689,3
81690,2
81691,3
81692,3
81693,3
81694,2
81695,3
81696,3
81697,0
81698,3
81699,1
81700,1
81701,3
81702,1
81703,0
81704,0
81705,0
81706,3
81707,2
81708,3
81709,2
81710,2
81711,2
81712,2
81713,2
81714,2
81715,3
81716,0
81717,0
81718,0
81719,2
81720,0
81721,0
81722,0
81723,0
81724,0
81725,0
81726,0
81727,0
81728,0
81729,0
81730,0
81731,0
81732,0
81733,2
81734,0
81735,0
81736,0
81737,0
81738,0
81739,2
81740,3
81741,2
81742,3
81743,2
81744,3
81745,3
81746,3
81747,0
81748,0
81749,0
81750,2
81751,3
81752,1
81753,0
81754,1
81755,1
81756,3
81757,3
81758,3
81759,3
81760,0
81761,3
81762,3
81763,3
81764,3
81765,3
81766,3
81767,3
81768,3
81769,3
81770,3
81771,3
81772,3
81773,3
81774,3
81775,0
81776,0
81777,0
81778,0
81779,0
81780,0
81781,0
81782,0
81783,0
81784,2
81785,3
81786,3
81787,2
81788,3
81789,2
81790,3
81791,0
81792,0
81793,2
81794,2
81795,0
81796,0
81797,0
81798,0
81799,0
81800,0
81801,0
81802,0
81803,0
81804,2
81805,3
81806,3
81807,2
81808,3
81809,3
81810,3
81811,3
81812,3
81813,3
81814,0
81815,0
81816,3
81817,1
81818,1
81819,0
81820,0
81821,0
81822,0
81823,0
81824,0
81825,0
81826,3
81827,2
81828,2
81829,2
81830,1
81831,1
81832,0
81833,0
81834,0
81835,0
81836,0
81837,0
81838,0
81839,3
81840,3
81841,3
81842,2
81843,3
81844,0
81845,0
81846,0
81847,0
81848,0
81849,0
81850,0
81851,0
81852,0
81853,3
81854,3
81855,3
81856,3
81857,0
81858,3
81859,3
81860,3
81861,0
81862,0
81863,0
81864,0
81865,3
81866,3
81867,3
81868,1
81869,1
81870,3
81871,3
81872,0
81873,3
81874,3
81875,3
81876,3
81877,3
81878,3
81879,3
81880,3
81881,3
81882,3
81883,3
81884,2
81885,3
81886,3
81887,3
81888,1
81889,1
81890,3
81891,1
81892,1
81893,3
81894,3
81895,3
81896,3
81897,3
81898,3
81899,1
81900,1
81901,1
81902,3
81903,3
81904,1
81905,1
81906,1
81907,1
81908,1
81909,3
81910,1
81911,3
81912,1
81913,3
81914,3
81915,3
81916,3
81917,3
81918,3
81919,3
81920,3
81921,3
81922,3
81923,3
81924,3
81925,3
81926,3
81927,3
81928,1
81929,3
81930,3
81931,3
81932,1
81933,3
81934,3
81935,3
81936,3
81937,3
81938,3
81939,3
81940,3
81941,3
81942,3
81943,3
81944,3
81945,3
81946,3
81947,3
81948,0
81949,3
81950,3
81951,3
81952,0
81953,0
81954,3
81955,3
81956,2
81957,2
81958,3
81959,3
81960,2
81961,2
81962,2
81963,3
81964,3
81965,2
81966,3
81967,3
81968,3
81969,2
81970,2
81971,3
81972,3
81973,3
81974,3
81975,3
81976,3
81977,3
81978,3
81979,2
81980,2
81981,2
81982,3
81983,2
81984,2
81985,2
81986,3
81987,2
81988,2
81989,3
81990,2
81991,2
81992,3
81993,3
81994,3
81995,3
81996,3
81997,2
81998,2
81999,2
82000,2
82001,2
82002,3
82003,2
82004,3
82005,2
82006,3
82007,3
82008,3
82009,3
82010,3
82011,3
82012,2
82013,2
82014,3
82015,2
82016,2
82017,2
82018,3
82019,3
82020,3
82021,3
82022,3
82023,3
82024,3
82025,3
82026,3
82027,2
82028,2
82029,2
82030,3
82031,2
82032,3
82033,3
82034,2
82035,3
82036,3
82037,0
82038,3
82039,2
82040,3
82041,3
82042,2
82043,2
82044,2
82045,3
82046,2
82047,3
82048,2
82049,2
82050,2
82051,2
82052,2
82053,2
82054,3
82055,3
82056,2
82057,2
82058,2
82059,0
82060,0
82061,3
82062,3
82063,3
82064,3
82065,3
82066,2
82067,2
82068,3
82069,2
82070,2
82071,2
82072,3
82073,0
82074,2
82075,2
82076,3
82077,2
82078,2
82079,2
82080,3
82081,2
82082,3
82083,3
82084,3
82085,2
82086,3
82087,3
82088,3
82089,0
82090,0
82091,0
82092,0
82093,0
82094,0
82095,0
82096,0
82097,0
82098,0
82099,2
82100,0
82101,0
82102,0
82103,0
82104,3
82105,3
82106,3
82107,3
82108,3
82109,0
82110,0
82111,0
82112,0
82113,3
82114,0
82115,2
82116,2
82117,2
82118,3
82119,3
82120,0
82121,2
82122,0
82123,2
82124,0
82125,2
82126,0
82127,0
82128,0
82129,0
82130,0
82131,2
82132,0
82133,0
82134,0
82135,0
82136,0
82137,0
82138,0
82139,0
82140,0
82141,0
82142,0
82143,0
82144,0
82145,0
82146,0
82147,2
82148,2
82149,2
82150,3
82151,3
82152,3
82153,3
82154,3
82155,0
82156,2
82157,0
82158,0
82159,0
82160,0
82161,3
82162,3
82163,2
82164,3
82165,3
82166,2
82167,2
82168,3
82169,3
82170,3
82171,3
82172,3
82173,3
82174,3
82175,2
82176,3
82177,3
82178,3
82179,3
82180,3
82181,2
82182,3
82183,3
82184,3
82185,0
82186,0
82187,0
82188,3
82189,0
82190,0
82191,3
82192,0
82193,3
82194,0
82195,3
82196,2
82197,3
82198,2
82199,2
82200,2
82201,2
82202,2
82203,2
82204,0
82205,0
82206,3
82207,0
82208,0
82209,0
82210,0
82211,3
82212,2
82213,3
82214,3
82215,3
82216,2
82217,2
82218,2
82219,2
82220,2
82221,2
82222,2
82223,2
82224,2
82225,2
82226,2
82227,2
82228,3
82229,2
82230,3
82231,2
82232,2
82233,2
82234,2
82235,2
82236,2
82237,2
82238,2
82239,2
82240,2
82241,3
82242,2
82243,2
82244,2
82245,2
82246,2
82247,3
82248,2
82249,1
82250,2
82251,2
82252,2
82253,1
82254,3
82255,3
82256,3
82257,1
82258,1
82259,1
82260,1
82261,1
82262,1
82263,0
82264,3
82265,1
82266,1
82267,1
82268,1
82269,3
82270,3
82271,3
82272,3
82273,3
82274,2
82275,3
82276,3
82277,3
82278,2
82279,2
82280,2
82281,2
82282,3
82283,3
82284,3
82285,0
82286,0
82287,0
82288,0
82289,0
82290,3
82291,3
82292,3
82293,3
82294,0
82295,0
82296,0
82297,0
82298,0
82299,0
82300,0
82301,0
82302,0
82303,0
82304,0
82305,0
82306,0
82307,2
82308,2
82309,2
82310,2
82311,2
82312,2
82313,2
82314,2
82315,2
82316,2
82317,2
82318,2
82319,2
82320,2
82321,2
82322,2
82323,2
82324,2
82325,2
82326,2
82327,2
82328,3
82329,2
82330,2
82331,2
82332,2
82333,2
82334,2
82335,2
82336,2
82337,2
82338,2
82339,2
82340,3
82341,3
82342,3
82343,0
82344,3
82345,0
82346,0
82347,0
82348,0
82349,0
82350,0
82351,2
82352,0
82353,0
82354,0
82355,3
82356,3
82357,3
82358,3
82359,3
82360,3
82361,2
82362,3
82363,3
82364,3
82365,3
82366,3
82367,3
82368,3
82369,3
82370,0
82371,2
82372,3
82373,3
82374,3
82375,3
82376,3
82377,3
82378,1
82379,3
82380,3
82381,3
82382,3
82383,3
82384,1
82385,3
82386,3
82387,2
82388,2
82389,2
82390,2
82391,3
82392,2
82393,3
82394,3
82395,3
82396,3
82397,3
82398,3
82399,3
82400,3
82401,3
82402,1
82403,3
82404,1
82405,1
82406,2
82407,2
82408,2
82409,2
82410,3
82411,2
82412,2
82413,2
82414,2
82415,3
82416,3
82417,3
82418,3
82419,3
82420,3
82421,1
82422,1
82423,1
82424,1
82425,3
82426,3
82427,3
82428,2
82429,2
82430,1
82431,1
82432,3
82433,3
82434,3
82435,3
82436,3
82437,3
82438,3
82439,3
82440,3
82441,3
82442,2
82443,2
82444,3
82445,3
82446,3
82447,3
82448,3
82449,3
82450,3
82451,3
82452,3
82453,3
82454,3
82455,3
82456,3
82457,3
82458,3
82459,3
82460,3
82461,3
82462,3
82463,3
82464,3
82465,3
82466,3
82467,3
82468,3
82469,3
82470,3
82471,3
82472,3
82473,3
82474,3
82475,3
82476,3
82477,3
82478,3
82479,3
82480,3
82481,3
82482,3
82483,3
82484,3
82485,3
82486,3
82487,3
82488,3
82489,3
82490,3
82491,3
82492,3
82493,3
82494,3
82495,2
82496,3
82497,3
82498,3
82499,3
82500,3
82501,3
82502,3
82503,3
82504,3
82505,3
82506,3
82507,2
82508,3
82509,3
82510,3
82511,2
82512,3
82513,3
82514,3
82515,3
82516,3
82517,2
82518,3
82519,3
82520,2
82521,3
82522,3
82523,3
82524,3
82525,3
82526,3
82527,3
82528,3
82529,3
82530,3
82531,3
82532,3
82533,3
82534,3
82535,3
82536,3
82537,2
82538,3
82539,2
82540,2
82541,2
82542,0
82543,3
82544,3
82545,3
82546,3
82547,3
82548,1
82549,1
82550,1
82551,1
82552,1
82553,1
82554,1
82555,1
82556,1
82557,1
82558,1
82559,1
82560,1
82561,1
82562,1
82563,1
82564,1
82565,1
82566,1
82567,3
82568,3
82569,3
82570,3
82571,3
82572,3
82573,3
82574,3
82575,3
82576,2
82577,1
82578,1
82579,1
82580,3
82581,3
82582,3
82583,3
82584,2
82585,0
82586,1
82587,3
82588,3
82589,3
82590,3
82591,3
82592,3
82593,3
82594,3
82595,3
82596,3
82597,3
82598,3
82599,3
82600,3
82601,3
82602,3
82603,3
82604,3
82605,3
82606,3
82607,3
82608,3
82609,3
82610,3
82611,3
82612,3
82613,3
82614,3
82615,3
82616,3
82617,3
82618,3
82619,3
82620,3
82621,3
82622,3
82623,3
82624,3
82625,3
82626,3
82627,3
82628,3
82629,3
82630,3
82631,3
82632,1
82633,1
82634,1
82635,3
82636,3
82637,3
82638,2
82639,3
82640,1
82641,1
82642,1
82643,3
82644,1
82645,1
82646,1
82647,3
82648,3
82649,3
82650,3
82651,1
82652,3
82653,1
82654,3
82655,2
82656,3
82657,3
82658,3
82659,3
82660,3
82661,3
82662,3
82663,3
82664,3
82665,3
82666,3
82667,3
82668,3
82669,3
82670,3
82671,3
82672,3
82673,3
82674,3
82675,2
82676,1
82677,1
82678,1
82679,3
82680,3
82681,1
82682,3
82683,3
82684,3
82685,1
82686,1
82687,1
82688,1
82689,1
82690,1
82691,1
82692,1
82693,3
82694,3
82695,3
82696,3
82697,3
82698,3
82699,3
82700,3
82701,3
82702,2
82703,3
82704,3
82705,2
82706,2
82707,3
82708,3
82709,3
82710,3
82711,2
82712,3
82713,1
82714,1
82715,1
82716,3
82717,3
82718,3
82719,3
82720,2
82721,2
82722,2
82723,2
82724,2
82725,2
82726,2
82727,3
82728,2
82729,2
82730,3
82731,3
82732,3
82733,3
82734,3
82735,3
82736,3
82737,2
82738,3
82739,2
82740,3
82741,3
82742,3
82743,3
82744,3
82745,3
82746,1
82747,1
82748,1
82749,2
82750,3
82751,3
82752,2
82753,3
82754,3
82755,3
82756,3
82757,3
82758,3
82759,3
82760,3
82761,3
82762,3
82763,3
82764,3
82765,3
82766,3
82767,3
82768,3
82769,3
82770,1
82771,1
82772,1
82773,1
82774,1
82775,1
82776,1
82777,1
82778,1
82779,1
82780,1
82781,3
82782,1
82783,1
82784,1
82785,3
82786,1
82787,1
82788,1
82789,1
82790,1
82791,1
82792,1
82793,1
82794,1
82795,1
82796,1
82797,1
82798,1
82799,1
82800,3
82801,3
82802,3
82803,3
82804,3
82805,3
82806,3
82807,1
82808,1
82809,3
82810,3
82811,3
82812,3
82813,3
82814,3
82815,3
82816,3
82817,3
82818,3
82819,3
82820,3
82821,3
82822,3
82823,3
82824,3
82825,3
82826,3
82827,3
82828,3
82829,3
82830,3
82831,3
82832,3
82833,3
82834,3
82835,1
82836,3
82837,3
82838,3
82839,3
82840,2
82841,2
82842,3
82843,3
82844,0
82845,2
82846,3
82847,3
82848,2
82849,2
82850,2
82851,2
82852,2
82853,2
82854,3
82855,3
82856,3
82857,3
82858,3
82859,2
82860,3
82861,3
82862,3
82863,3
82864,2
82865,3
82866,3
82867,3
82868,3
82869,3
82870,3
82871,3
82872,3
82873,3
82874,2
82875,3
82876,3
82877,3
82878,3
82879,3
82880,1
82881,1
82882,3
82883,1
82884,1
82885,1
82886,1
82887,2
82888,2
82889,2
82890,2
82891,2
82892,2
82893,2
82894,2
82895,2
82896,2
82897,2
82898,2
82899,2
82900,2
82901,2
82902,2
82903,2
82904,2
82905,2
82906,2
82907,2
82908,2
82909,3
82910,2
82911,3
82912,2
82913,2
82914,2
82915,2
82916,2
82917,3
82918,2
82919,2
82920,2
82921,2
82922,2
82923,3
82924,3
82925,2
82926,2
82927,2
82928,3
82929,2
82930,2
82931,2
82932,3
82933,2
82934,2
82935,2
82936,2
82937,2
82938,2
82939,2
82940,2
82941,2
82942,2
82943,2
82944,2
82945,2
82946,2
82947,2
82948,2
82949,2
82950,2
82951,2
82952,2
82953,2
82954,2
82955,3
82956,2
82957,3
82958,2
82959,3
82960,2
82961,2
82962,2
82963,2
82964,2
82965,2
82966,2
82967,2
82968,2
82969,2
82970,2
82971,2
82972,3
82973,2
82974,2
82975,2
82976,2
82977,2
82978,2
82979,1
82980,2
82981,2
82982,3
82983,3
82984,2
82985,2
82986,3
82987,2
82988,3
82989,2
82990,3
82991,2
82992,2
82993,3
82994,1
82995,2
82996,3
82997,0
82998,3
82999,2
83000,2
83001,2
83002,3
83003,3
83004,3
83005,3
83006,3
83007,3
83008,3
83009,3
83010,3
83011,1
83012,3
83013,3
83014,3
83015,2
83016,3
83017,3
83018,3
83019,3
83020,3
83021,2
83022,2
83023,3
83024,3
83025,3
83026,3
83027,2
83028,3
83029,2
83030,2
83031,2
83032,3
83033,3
83034,3
83035,3
83036,3
83037,3
83038,3
83039,2
83040,2
83041,2
83042,1
83043,3
83044,3
83045,3
83046,2
83047,2
83048,2
83049,3
83050,3
83051,2
83052,2
83053,2
83054,2
83055,3
83056,0
83057,3
83058,3
83059,3
83060,3
83061,2
83062,3
83063,3
83064,3
83065,3
83066,2
83067,2
83068,2
83069,3
83070,2
83071,3
83072,2
83073,3
83074,3
83075,3
83076,3
83077,3
83078,0
83079,3
83080,2
83081,2
83082,1
83083,1
83084,2
83085,2
83086,3
83087,3
83088,3
83089,3
83090,3
83091,3
83092,3
83093,3
83094,3
83095,3
83096,3
83097,3
83098,3
83099,3
83100,2
83101,3
83102,1
83103,3
83104,3
83105,1
83106,3
83107,3
83108,3
83109,3
83110,1
83111,3
83112,3
83113,1
83114,3
83115,3
83116,1
83117,3
83118,2
83119,2
83120,2
83121,2
83122,2
83123,2
83124,2
83125,2
83126,2
83127,2
83128,2
83129,2
83130,2
83131,2
83132,3
83133,2
83134,2
83135,2
83136,2
83137,3
83138,3
83139,2
83140,3
83141,3
83142,3
83143,2
83144,3
83145,3
83146,3
83147,3
83148,2
83149,2
83150,2
83151,2
83152,3
83153,2
83154,2
83155,2
83156,3
83157,3
83158,3
83159,2
83160,1
83161,1
83162,3
83163,1
83164,3
83165,0
83166,1
83167,1
83168,2
83169,2
83170,3
83171,1
83172,3
83173,2
83174,2
83175,2
83176,3
83177,3
83178,3
83179,3
83180,2
83181,3
83182,1
83183,2
83184,3
83185,3
83186,3
83187,2
83188,3
83189,2
83190,3
83191,2
83192,2
83193,2
83194,3
83195,2
83196,3
83197,2
83198,2
83199,3
83200,3
83201,3
83202,3
83203,3
83204,3
83205,3
83206,3
83207,3
83208,2
83209,2
83210,3
83211,2
83212,3
83213,2
83214,2
83215,3
83216,2
83217,2
83218,2
83219,3
83220,2
83221,3
83222,2
83223,3
83224,2
83225,3
83226,1
83227,1
83228,2
83229,3
83230,1
83231,3
83232,2
83233,2
83234,2
83235,2
83236,2
83237,2
83238,3
83239,2
83240,2
83241,2
83242,2
83243,2
83244,2
83245,1
83246,1
83247,2
83248,2
83249,2
83250,2
83251,2
83252,2
83253,2
83254,2
83255,2
83256,2
83257,2
83258,2
83259,3
83260,2
83261,2
83262,2
83263,2
83264,2
83265,2
83266,2
83267,1
83268,2
83269,2
83270,1
83271,1
83272,1
83273,1
83274,1
83275,1
83276,3
83277,3
83278,1
83279,1
83280,3
83281,3
83282,3
83283,1
83284,1
83285,2
83286,2
83287,2
83288,2
83289,2
83290,3
83291,2
83292,2
83293,2
83294,2
83295,3
83296,2
83297,3
83298,3
83299,3
83300,3
83301,2
83302,3
83303,3
83304,3
83305,2
83306,3
83307,2
83308,3
83309,3
83310,1
83311,3
83312,2
83313,2
83314,3
83315,2
83316,2
83317,2
83318,2
83319,2
83320,3
83321,2
83322,2
83323,3
83324,2
83325,2
83326,3
83327,2
83328,2
83329,2
83330,3
83331,2
83332,2
83333,3
83334,3
83335,3
83336,2
83337,3
83338,2
83339,2
83340,2
83341,2
83342,2
83343,2
83344,2
83345,3
83346,2
83347,2
83348,2
83349,2
83350,2
83351,3
83352,1
83353,2
83354,1
83355,1
83356,1
83357,1
83358,1
83359,1
83360,3
83361,1
83362,3
83363,3
83364,3
83365,1
83366,1
83367,1
83368,1
83369,1
83370,3
83371,3
83372,3
83373,3
83374,3
83375,3
83376,3
83377,2
83378,3
83379,3
83380,3
83381,3
83382,3
83383,3
83384,3
83385,2
83386,3
83387,3
83388,3
83389,2
83390,1
83391,3
83392,3
83393,3
83394,3
83395,3
83396,3
83397,1
83398,3
83399,3
83400,2
83401,2
83402,3
83403,3
83404,1
83405,1
83406,1
83407,3
83408,3
83409,1
83410,1
83411,1
83412,1
83413,1
83414,1
83415,1
83416,3
83417,3
83418,3
83419,3
83420,3
83421,3
83422,3
83423,2
83424,3
83425,3
83426,3
83427,3
83428,3
83429,2
83430,2
83431,2
83432,2
83433,2
83434,2
83435,2
83436,2
83437,2
83438,2
83439,2
83440,2
83441,2
83442,2
83443,2
83444,2
83445,2
83446,2
83447,2
83448,2
83449,2
83450,2
83451,2
83452,2
83453,2
83454,2
83455,2
83456,2
83457,2
83458,2
83459,2
83460,2
83461,2
83462,2
83463,2
83464,2
83465,2
83466,2
83467,2
83468,2
83469,2
83470,2
83471,2
83472,2
83473,2
83474,2
83475,2
83476,2
83477,2
83478,2
83479,2
83480,3
83481,2
83482,3
83483,3
83484,2
83485,0
83486,2
83487,2
83488,3
83489,3
83490,3
83491,3
83492,3
83493,3
83494,3
83495,3
83496,3
83497,3
83498,3
83499,3
83500,3
83501,3
83502,3
83503,3
83504,3
83505,3
83506,3
83507,3
83508,3
83509,3
83510,3
83511,3
83512,3
83513,3
83514,3
83515,3
83516,3
83517,3
83518,3
83519,3
83520,3
83521,3
83522,3
83523,3
83524,3
83525,3
83526,3
83527,3
83528,3
83529,2
83530,3
83531,3
83532,3
83533,3
83534,3
83535,3
83536,3
83537,2
83538,2
83539,2
83540,2
83541,2
83542,3
83543,3
83544,2
83545,2
83546,3
83547,2
83548,0
83549,2
83550,2
83551,2
83552,2
83553,2
83554,2
83555,2
83556,2
83557,2
83558,2
83559,3
83560,3
83561,2
83562,2
83563,2
83564,2
83565,2
83566,2
83567,2
83568,2
83569,2
83570,2
83571,2
83572,2
83573,2
83574,2
83575,2
83576,2
83577,3
83578,3
83579,3
83580,3
83581,3
83582,3
83583,0
83584,3
83585,3
83586,3
83587,3
83588,3
83589,3
83590,3
83591,3
83592,3
83593,3
83594,3
83595,3
83596,3
83597,3
83598,3
83599,3
83600,0
83601,0
83602,0
83603,3
83604,3
83605,3
83606,3
83607,3
83608,3
83609,3
83610,3
83611,3
83612,2
83613,3
83614,3
83615,3
83616,3
83617,3
83618,3
83619,2
83620,3
83621,3
83622,3
83623,3
83624,3
83625,3
83626,3
83627,3
83628,0
83629,0
83630,0
83631,0
83632,0
83633,0
83634,0
83635,0
83636,0
83637,0
83638,3
83639,3
83640,3
83641,3
83642,0
83643,0
83644,0
83645,0
83646,0
83647,3
83648,0
83649,3
83650,0
83651,3
83652,0
83653,0
83654,0
83655,0
83656,0
83657,0
83658,3
83659,0
83660,0
83661,3
83662,0
83663,0
83664,0
83665,0
83666,0
83667,3
83668,3
83669,3
83670,3
83671,3
83672,3
83673,3
83674,3
83675,3
83676,3
83677,3
83678,3
83679,2
83680,0
83681,0
83682,0
83683,0
83684,3
83685,3
83686,2
83687,3
83688,3
83689,3
83690,3
83691,3
83692,3
83693,3
83694,3
83695,3
83696,2
83697,3
83698,2
83699,3
83700,3
83701,3
83702,2
83703,3
83704,3
83705,3
83706,3
83707,3
83708,3
83709,3
83710,2
83711,3
83712,2
83713,3
83714,3
83715,3
83716,2
83717,2
83718,2
83719,3
83720,3
83721,3
83722,3
83723,3
83724,3
83725,3
83726,3
83727,3
83728,3
83729,0
83730,0
83731,0
83732,0
83733,3
83734,0
83735,0
83736,0
83737,3
83738,0
83739,0
83740,2
83741,3
83742,0
83743,3
83744,0
83745,2
83746,2
83747,2
83748,3
83749,2
83750,0
83751,2
83752,3
83753,2
83754,2
83755,2
83756,3
83757,3
83758,3
83759,3
83760,3
83761,3
83762,3
83763,3
83764,3
83765,3
83766,3
83767,0
83768,0
83769,0
83770,0
83771,0
83772,0
83773,0
83774,0
83775,0
83776,0
83777,0
83778,0
83779,0
83780,0
83781,0
83782,0
83783,0
83784,0
83785,0
83786,0
83787,0
83788,0
83789,0
83790,2
83791,2
83792,0
83793,3
83794,0
83795,3
83796,0
83797,0
83798,0
83799,0
83800,0
83801,0
83802,3
83803,0
83804,0
83805,0
83806,0
83807,0
83808,0
83809,0
83810,0
83811,0
83812,0
83813,0
83814,0
83815,0
83816,0
83817,0
83818,0
83819,0
83820,0
83821,0
83822,0
83823,0
83824,0
83825,0
83826,0
83827,0
83828,0
83829,0
83830,0
83831,0
83832,0
83833,0
83834,0
83835,0
83836,3
83837,0
83838,0
83839,0
83840,0
83841,0
83842,0
83843,0
83844,0
83845,0
83846,3
83847,0
83848,0
83849,0
83850,0
83851,0
83852,0
83853,0
83854,0
83855,0
83856,0
83857,0
83858,0
83859,0
83860,0
83861,0
83862,0
83863,0
83864,0
83865,0
83866,0
83867,0
83868,0
83869,0
83870,0
83871,0
83872,0
83873,0
83874,0
83875,0
83876,0
83877,0
83878,0
83879,0
83880,0
83881,0
83882,0
83883,0
83884,0
83885,0
83886,0
83887,0
83888,0
83889,0
83890,0
83891,0
83892,0
83893,0
83894,0
83895,0
83896,0
83897,0
83898,0
83899,0
83900,0
83901,0
83902,0
83903,0
83904,0
83905,0
83906,0
83907,0
83908,1
83909,0
83910,0
83911,0
83912,0
83913,0
83914,0
83915,0
83916,3
83917,3
83918,3
83919,3
83920,3
83921,0
83922,0
83923,0
83924,0
83925,0
83926,0
83927,0
83928,0
83929,0
83930,0
83931,0
83932,0
83933,0
83934,0
83935,0
83936,0
83937,0
83938,0
83939,0
83940,0
83941,0
83942,0
83943,3
83944,0
83945,3
83946,0
83947,0
83948,0
83949,0
83950,0
83951,0
83952,0
83953,0
83954,0
83955,0
83956,0
83957,0
83958,0
83959,0
83960,0
83961,0
83962,0
83963,0
83964,0
83965,0
83966,0
83967,0
83968,0
83969,0
83970,0
83971,0
83972,0
83973,0
83974,0
83975,0
83976,0
83977,2
83978,2
83979,2
83980,3
83981,0
83982,0
83983,2
83984,2
83985,3
83986,2
83987,0
83988,2
83989,3
83990,0
83991,0
83992,3
83993,3
83994,3
83995,3
83996,3
83997,3
83998,3
83999,3
84000,3
84001,3
84002,3
84003,3
84004,3
84005,3
84006,0
84007,0
84008,0
84009,0
84010,0
84011,0
84012,0
84013,0
84014,0
84015,0
84016,0
84017,0
84018,0
84019,0
84020,0
84021,0
84022,0
84023,0
84024,0
84025,0
84026,0
84027,0
84028,0
84029,0
84030,0
84031,0
84032,0
84033,0
84034,0
84035,0
84036,0
84037,0
84038,0
84039,0
84040,0
84041,0
84042,0
84043,0
84044,3
84045,0
84046,0
84047,0
84048,0
84049,0
84050,0
84051,0
84052,0
84053,0
84054,0
84055,0
84056,3
84057,3
84058,3
84059,3
84060,3
84061,3
84062,2
84063,0
84064,0
84065,0
84066,0
84067,0
84068,0
84069,0
84070,0
84071,2
84072,0
84073,0
84074,0
84075,0
84076,0
84077,0
84078,0
84079,0
84080,0
84081,0
84082,0
84083,0
84084,0
84085,0
84086,0
84087,0
84088,0
84089,0
84090,0
84091,0
84092,0
84093,0
84094,0
84095,0
84096,0
84097,0
84098,0
84099,0
84100,0
84101,0
84102,2
84103,1
84104,0
84105,0
84106,0
84107,0
84108,0
84109,0
84110,0
84111,0
84112,0
84113,0
84114,0
84115,0
84116,0
84117,0
84118,0
84119,0
84120,0
84121,0
84122,0
84123,0
84124,0
84125,0
84126,0
84127,2
84128,0
84129,0
84130,0
84131,0
84132,0
84133,0
84134,0
84135,0
84136,0
84137,0
84138,0
84139,0
84140,0
84141,0
84142,0
84143,0
84144,0
84145,0
84146,0
84147,0
84148,0
84149,0
84150,0
84151,0
84152,0
84153,0
84154,0
84155,0
84156,0
84157,3
84158,0
84159,0
84160,0
84161,0
84162,0
84163,0
84164,0
84165,0
84166,0
84167,0
84168,0
84169,0
84170,0
84171,0
84172,0
84173,0
84174,0
84175,0
84176,0
84177,0
84178,0
84179,0
84180,0
84181,0
84182,0
84183,0
84184,0
84185,0
84186,0
84187,0
84188,0
84189,0
84190,0
84191,0
84192,0
84193,0
84194,0
84195,0
84196,0
84197,0
84198,0
84199,3
84200,0
84201,0
84202,0
84203,0
84204,0
84205,0
84206,0
84207,0
84208,0
84209,0
84210,0
84211,0
84212,0
84213,0
84214,0
84215,0
84216,0
84217,0
84218,0
84219,0
84220,0
84221,0
84222,0
84223,0
84224,0
84225,0
84226,0
84227,0
84228,0
84229,0
84230,0
84231,0
84232,0
84233,0
84234,0
84235,0
84236,0
84237,0
84238,0
84239,0
84240,0
84241,0
84242,0
84243,0
84244,0
84245,2
84246,2
84247,3
84248,3
84249,2
84250,2
84251,3
84252,2
84253,3
84254,3
84255,3
84256,3
84257,2
84258,2
84259,2
84260,2
84261,2
84262,2
84263,3
84264,2
84265,2
84266,2
84267,2
84268,2
84269,2
84270,2
84271,2
84272,2
84273,2
84274,2
84275,2
84276,2
84277,2
84278,2
84279,3
84280,3
84281,3
84282,2
84283,2
84284,3
84285,3
84286,2
84287,3
84288,3
84289,3
84290,3
84291,2
84292,3
84293,2
84294,3
84295,2
84296,2
84297,3
84298,3
84299,3
84300,0
84301,0
84302,0
84303,0
84304,3
84305,0
84306,0
84307,0
84308,0
84309,0
84310,0
84311,0
84312,0
84313,0
84314,0
84315,0
84316,0
84317,0
84318,0
84319,0
84320,0
84321,0
84322,0
84323,0
84324,2
84325,0
84326,0
84327,0
84328,0
84329,0
84330,0
84331,0
84332,2
84333,2
84334,2
84335,3
84336,3
84337,3
84338,0
84339,0
84340,3
84341,3
84342,0
84343,0
84344,3
84345,0
84346,0
84347,0
84348,2
84349,0
84350,2
84351,0
84352,0
84353,0
84354,0
84355,0
84356,3
84357,3
84358,2
84359,3
84360,3
84361,3
84362,3
84363,3
84364,3
84365,2
84366,3
84367,3
84368,3
84369,3
84370,3
84371,3
84372,3
84373,3
84374,3
84375,3
84376,2
84377,3
84378,3
84379,3
84380,3
84381,3
84382,3
84383,3
84384,3
84385,3
84386,2
84387,3
84388,3
84389,3
84390,3
84391,2
84392,2
84393,3
84394,3
84395,3
84396,3
84397,3
84398,2
84399,3
84400,3
84401,3
84402,3
84403,3
84404,2
84405,3
84406,3
84407,3
84408,3
84409,3
84410,3
84411,3
84412,3
84413,3
84414,3
84415,3
84416,3
84417,3
84418,0
84419,0
84420,0
84421,0
84422,3
84423,3
84424,0
84425,0
84426,0
84427,0
84428,0
84429,0
84430,0
84431,0
84432,0
84433,0
84434,0
84435,0
84436,0
84437,0
84438,2
84439,0
84440,0
84441,0
84442,0
84443,3
84444,0
84445,0
84446,0
84447,0
84448,0
84449,0
84450,0
84451,0
84452,0
84453,0
84454,0
84455,0
84456,0
84457,0
84458,0
84459,0
84460,3
84461,3
84462,0
84463,3
84464,3
84465,2
84466,3
84467,0
84468,0
84469,0
84470,0
84471,0
84472,0
84473,0
84474,0
84475,3
84476,3
84477,2
84478,0
84479,0
84480,0
84481,0
84482,0
84483,0
84484,0
84485,0
84486,0
84487,0
84488,0
84489,0
84490,0
84491,0
84492,0
84493,0
84494,0
84495,0
84496,0
84497,0
84498,0
84499,0
84500,0
84501,0
84502,0
84503,0
84504,0
84505,3
84506,0
84507,0
84508,0
84509,0
84510,0
84511,0
84512,0
84513,3
84514,3
84515,2
84516,3
84517,3
84518,3
84519,3
84520,0
84521,3
84522,3
84523,3
84524,3
84525,3
84526,3
84527,2
84528,3
84529,3
84530,3
84531,3
84532,3
84533,3
84534,3
84535,3
84536,2
84537,2
84538,2
84539,2
84540,2
84541,2
84542,2
84543,2
84544,2
84545,2
84546,0
84547,3
84548,3
84549,0
84550,0
84551,0
84552,0
84553,0
84554,0
84555,0
84556,0
84557,0
84558,0
84559,0
84560,0
84561,0
84562,0
84563,0
84564,0
84565,0
84566,0
84567,0
84568,0
84569,0
84570,0
84571,0
84572,0
84573,0
84574,0
84575,0
84576,2
84577,3
84578,3
84579,3
84580,3
84581,3
84582,3
84583,3
84584,0
84585,0
84586,0
84587,3
84588,3
84589,0
84590,0
84591,0
84592,0
84593,0
84594,0
84595,0
84596,3
84597,3
84598,3
84599,3
84600,2
84601,0
84602,0
84603,0
84604,0
84605,0
84606,0
84607,0
84608,3
84609,3
84610,0
84611,0
84612,0
84613,0
84614,0
84615,0
84616,0
84617,0
84618,0
84619,0
84620,0
84621,0
84622,0
84623,2
84624,3
84625,2
84626,0
84627,0
84628,2
84629,2
84630,2
84631,3
84632,3
84633,3
84634,3
84635,3
84636,3
84637,1
84638,1
84639,1
84640,1
84641,3
84642,3
84643,3
84644,3
84645,3
84646,4
84647,3
84648,3
84649,1
84650,1
84651,1
84652,1
84653,1
84654,1
84655,1
84656,1
84657,1
84658,1
84659,1
84660,2
84661,3
84662,3
84663,3
84664,2
84665,2
84666,2
84667,3
84668,3
84669,3
84670,3
84671,2
84672,2
84673,2
84674,2
84675,0
84676,2
84677,0
84678,1
84679,1
84680,1
84681,1
84682,1
84683,1
84684,1
84685,1
84686,1
84687,3
84688,3
84689,3
84690,3
84691,3
84692,2
84693,2
84694,3
84695,2
84696,2
84697,2
84698,2
84699,3
84700,3
84701,2
84702,3
84703,3
84704,2
84705,2
84706,2
84707,2
84708,3
84709,2
84710,3
84711,2
84712,2
84713,2
84714,2
84715,2
84716,0
84717,0
84718,2
84719,3
84720,2
84721,2
84722,2
84723,2
84724,2
84725,2
84726,2
84727,2
84728,2
84729,3
84730,3
84731,0
84732,1
84733,1
84734,1
84735,1
84736,1
84737,1
84738,1
84739,1
84740,1
84741,1
84742,3
84743,2
84744,2
84745,0
84746,1
84747,2
84748,2
84749,2
84750,2
84751,2
84752,2
84753,3
84754,2
84755,2
84756,2
84757,2
84758,2
84759,3
84760,2
84761,2
84762,2
84763,1
84764,1
84765,3
84766,3
84767,3
84768,3
84769,1
84770,2
84771,2
84772,0
84773,3
84774,0
84775,0
84776,0
84777,0
84778,0
84779,0
84780,3
84781,3
84782,2
84783,2
84784,2
84785,2
84786,2
84787,2
84788,2
84789,3
84790,2
84791,2
84792,2
84793,2
84794,2
84795,2
84796,2
84797,2
84798,2
84799,2
84800,2
84801,2
84802,2
84803,2
84804,2
84805,3
84806,2
84807,2
84808,2
84809,2
84810,2
84811,2
84812,3
84813,2
84814,2
84815,3
84816,2
84817,2
84818,3
84819,2
84820,2
84821,2
84822,0
84823,3
84824,5
84825,0
84826,0
84827,3
84828,0
84829,2
84830,2
84831,2
84832,2
84833,2
84834,2
84835,2
84836,2
84837,2
84838,2
84839,2
84840,2
84841,2
84842,2
84843,2
84844,2
84845,3
84846,2
84847,2
84848,2
84849,2
84850,2
84851,2
84852,3
84853,3
84854,2
84855,2
84856,3
84857,3
84858,2
84859,2
84860,2
84861,2
84862,2
84863,2
84864,2
84865,2
84866,2
84867,2
84868,2
84869,2
84870,2
84871,2
84872,2
84873,2
84874,2
84875,3
84876,0
84877,0
84878,0
84879,3
84880,2
84881,2
84882,3
84883,3
84884,3
84885,2
84886,2
84887,3
84888,2
84889,3
84890,2
84891,1
84892,3
84893,2
84894,2
84895,2
84896,2
84897,3
84898,2
84899,2
84900,2
84901,3
84902,3
84903,3
84904,3
84905,2
84906,2
84907,2
84908,2
84909,3
84910,1
84911,2
84912,2
84913,2
84914,2
84915,2
84916,1
84917,1
84918,1
84919,1
84920,2
84921,3
84922,2
84923,2
84924,0
84925,2
84926,2
84927,2
84928,2
84929,3
84930,2
84931,2
84932,2
84933,2
84934,2
84935,2
84936,2
84937,2
84938,2
84939,2
84940,2
84941,2
84942,2
84943,0
84944,0
84945,3
84946,0
84947,2
84948,3
84949,2
84950,2
84951,2
84952,2
84953,2
84954,2
84955,2
84956,2
84957,2
84958,2
84959,0
84960,2
84961,2
84962,2
84963,2
84964,3
84965,2
84966,2
84967,2
84968,2
84969,3
84970,2
84971,3
84972,2
84973,2
84974,2
84975,2
84976,2
84977,2
84978,3
84979,3
84980,3
84981,2
84982,2
84983,3
84984,2
84985,2
84986,2
84987,2
84988,2
84989,2
84990,2
84991,2
84992,2
84993,2
84994,2
84995,2
84996,3
84997,1
84998,1
84999,0
85000,0
85001,0
85002,2
85003,2
85004,3
85005,3
85006,3
85007,3
85008,3
85009,3
85010,2
85011,2
85012,3
85013,2
85014,2
85015,2
85016,2
85017,2
85018,2
85019,3
85020,2
85021,2
85022,2
85023,2
85024,2
85025,2
85026,2
85027,3
85028,3
85029,2
85030,3
85031,3
85032,3
85033,1
85034,2
85035,3
85036,2
85037,2
85038,2
85039,2
85040,2
85041,2
85042,2
85043,2
85044,2
85045,2
85046,2
85047,3
85048,2
85049,2
85050,2
85051,2
85052,3
85053,3
85054,2
85055,2
85056,2
85057,2
85058,2
85059,2
85060,2
85061,2
85062,2
85063,2
85064,2
85065,0
85066,0
85067,0
85068,0
85069,2
85070,2
85071,2
85072,2
85073,2
85074,2
85075,2
85076,2
85077,2
85078,2
85079,3
85080,0
85081,0
85082,0
85083,0
85084,0
85085,2
85086,2
85087,2
85088,2
85089,3
85090,2
85091,2
85092,2
85093,2
85094,3
85095,2
85096,2
85097,2
85098,2
85099,2
85100,2
85101,2
85102,3
85103,0
85104,3
85105,3
85106,3
85107,2
85108,3
85109,3
85110,3
85111,3
85112,2
85113,3
85114,0
85115,0
85116,0
85117,0
85118,0
85119,0
85120,0
85121,0
85122,3
85123,0
85124,0
85125,0
85126,1
85127,2
85128,2
85129,1
85130,3
85131,2
85132,2
85133,0
85134,0
85135,3
85136,2
85137,1
85138,1
85139,1
85140,1
85141,3
85142,1
85143,1
85144,1
85145,3
85146,3
85147,0
85148,3
85149,2
85150,2
85151,2
85152,2
85153,2
85154,2
85155,2
85156,2
85157,3
85158,2
85159,2
85160,2
85161,3
85162,2
85163,2
85164,2
85165,3
85166,2
85167,3
85168,2
85169,3
85170,2
85171,2
85172,3
85173,2
85174,2
85175,3
85176,2
85177,1
85178,3
85179,3
85180,3
85181,2
85182,3
85183,2
85184,3
85185,2
85186,2
85187,2
85188,2
85189,2
85190,3
85191,3
85192,3
85193,1
85194,3
85195,3
85196,3
85197,3
85198,1
85199,1
85200,1
85201,1
85202,1
85203,2
85204,3
85205,3
85206,3
85207,3
85208,2
85209,2
85210,2
85211,3
85212,1
85213,5
85214,1
85215,2
85216,2
85217,2
85218,2
85219,2
85220,0
85221,3
85222,3
85223,2
85224,1
85225,1
85226,1
85227,3
85228,2
85229,3
85230,3
85231,2
85232,1
85233,3
85234,1
85235,3
85236,1
85237,1
85238,2
85239,2
85240,2
85241,2
85242,3
85243,1
85244,1
85245,0
85246,0
85247,2
85248,2
85249,2
85250,1
85251,1
85252,2
85253,2
85254,2
85255,3
85256,2
85257,3
85258,2
85259,3
85260,2
85261,2
85262,2
85263,3
85264,3
85265,1
85266,1
85267,1
85268,1
85269,1
85270,2
85271,2
85272,2
85273,3
85274,3
85275,2
85276,2
85277,2
85278,2
85279,2
85280,3
85281,3
85282,3
85283,2
85284,2
85285,2
85286,2
85287,2
85288,2
85289,2
85290,2
85291,2
85292,2
85293,2
85294,2
85295,2
85296,2
85297,2
85298,2
85299,2
85300,2
85301,3
85302,3
85303,3
85304,1
85305,1
85306,1
85307,1
85308,2
85309,3
85310,3
85311,2
85312,2
85313,3
85314,2
85315,2
85316,3
85317,3
85318,3
85319,3
85320,3
85321,2
85322,3
85323,3
85324,2
85325,2
85326,2
85327,2
85328,3
85329,3
85330,2
85331,4
85332,2
85333,3
85334,3
85335,3
85336,2
85337,2
85338,3
85339,3
85340,2
85341,2
85342,2
85343,2
85344,2
85345,3
85346,1
85347,2
85348,3
85349,3
85350,3
85351,3
85352,3
85353,3
85354,3
85355,3
85356,1
85357,3
85358,2
85359,2
85360,3
85361,3
85362,2
85363,2
85364,2
85365,3
85366,2
85367,3
85368,2
85369,3
85370,2
85371,2
85372,3
85373,2
85374,3
85375,3
85376,3
85377,3
85378,2
85379,3
85380,3
85381,3
85382,3
85383,2
85384,2
85385,3
85386,3
85387,3
85388,2
85389,2
85390,3
85391,2
85392,2
85393,2
85394,2
85395,2
85396,2
85397,2
85398,2
85399,3
85400,2
85401,2
85402,2
85403,3
85404,3
85405,3
85406,3
85407,2
85408,2
85409,3
85410,3
85411,3
85412,2
85413,2
85414,2
85415,3
85416,2
85417,2
85418,3
85419,2
85420,2
85421,2
85422,2
85423,2
85424,2
85425,2
85426,2
85427,2
85428,3
85429,2
85430,2
85431,3
85432,3
85433,3
85434,3
85435,3
85436,2
85437,3
85438,3
85439,3
85440,3
85441,3
85442,3
85443,3
85444,3
85445,3
85446,3
85447,2
85448,2
85449,2
85450,2
85451,2
85452,2
85453,2
85454,2
85455,2
85456,0
85457,2
85458,2
85459,2
85460,2
85461,3
85462,3
85463,3
85464,2
85465,2
85466,2
85467,2
85468,2
85469,2
85470,3
85471,2
85472,2
85473,2
85474,3
85475,2
85476,3
85477,2
85478,2
85479,1
85480,2
85481,3
85482,3
85483,2
85484,1
85485,1
85486,3
85487,2
85488,3
85489,2
85490,2
85491,3
85492,2
85493,2
85494,3
85495,2
85496,2
85497,3
85498,3
85499,3
85500,2
85501,3
85502,2
85503,2
85504,2
85505,2
85506,2
85507,2
85508,2
85509,2
85510,2
85511,2
85512,2
85513,2
85514,2
85515,2
85516,2
85517,2
85518,2
85519,2
85520,2
85521,2
85522,2
85523,2
85524,2
85525,2
85526,2
85527,2
85528,2
85529,2
85530,2
85531,3
85532,2
85533,2
85534,2
85535,2
85536,2
85537,2
85538,2
85539,2
85540,2
85541,2
85542,2
85543,2
85544,3
85545,3
85546,2
85547,2
85548,2
85549,2
85550,2
85551,2
85552,2
85553,2
85554,3
85555,2
85556,2
85557,2
85558,2
85559,2
85560,3
85561,2
85562,2
85563,2
85564,2
85565,2
85566,2
85567,2
85568,2
85569,2
85570,0
85571,2
85572,2
85573,2
85574,2
85575,3
85576,2
85577,2
85578,2
85579,2
85580,2
85581,2
85582,2
85583,2
85584,2
85585,2
85586,2
85587,2
85588,2
85589,2
85590,3
85591,2
85592,2
85593,2
85594,2
85595,2
85596,2
85597,2
85598,2
85599,2
85600,2
85601,2
85602,2
85603,2
85604,2
85605,3
85606,3
85607,2
85608,2
85609,2
85610,2
85611,2
85612,0
85613,2
85614,2
85615,2
85616,2
85617,2
85618,2
85619,2
85620,2
85621,2
85622,2
85623,3
85624,2
85625,3
85626,2
85627,2
85628,2
85629,2
85630,3
85631,2
85632,2
85633,3
85634,2
85635,2
85636,2
85637,2
85638,2
85639,3
85640,3
85641,3
85642,3
85643,2
85644,2
85645,3
85646,2
85647,2
85648,2
85649,3
85650,2
85651,2
85652,3
85653,2
85654,2
85655,2
85656,2
85657,2
85658,3
85659,2
85660,2
85661,2
85662,2
85663,2
85664,2
85665,2
85666,3
85667,3
85668,2
85669,3
85670,3
85671,2
85672,2
85673,2
85674,3
85675,2
85676,2
85677,2
85678,3
85679,2
85680,2
85681,2
85682,2
85683,3
85684,3
85685,2
85686,2
85687,3
85688,3
85689,3
85690,2
85691,3
85692,2
85693,3
85694,3
85695,2
85696,3
85697,3
85698,0
85699,2
85700,2
85701,2
85702,2
85703,3
85704,2
85705,3
85706,1
85707,1
85708,3
85709,1
85710,1
85711,1
85712,1
85713,1
85714,1
85715,3
85716,1
85717,1
85718,1
85719,1
85720,1
85721,1
85722,1
85723,1
85724,1
85725,1
85726,1
85727,1
85728,1
85729,1
85730,1
85731,1
85732,1
85733,1
85734,1
85735,1
85736,1
85737,1
85738,1
85739,1
85740,1
85741,1
85742,1
85743,1
85744,1
85745,1
85746,1
85747,1
85748,1
85749,1
85750,1
85751,1
85752,1
85753,1
85754,1
85755,1
85756,1
85757,1
85758,1
85759,1
85760,1
85761,1
85762,1
85763,1
85764,1
85765,3
85766,1
85767,1
85768,3
85769,1
85770,1
85771,3
85772,3
85773,3
85774,1
85775,1
85776,2
85777,2
85778,2
85779,2
85780,2
85781,2
85782,2
85783,2
85784,2
85785,3
85786,2
85787,2
85788,3
85789,3
85790,2
85791,2
85792,2
85793,2
85794,2
85795,2
85796,2
85797,2
85798,2
85799,2
85800,2
85801,2
85802,2
85803,2
85804,3
85805,2
85806,1
85807,1
85808,2
85809,2
85810,2
85811,2
85812,2
85813,2
85814,2
85815,2
85816,2
85817,2
85818,2
85819,2
85820,2
85821,2
85822,2
85823,2
85824,2
85825,3
85826,2
85827,2
85828,3
85829,2
85830,3
85831,1
85832,3
85833,0
85834,2
85835,2
85836,2
85837,2
85838,2
85839,2
85840,2
85841,2
85842,2
85843,2
85844,2
85845,2
85846,2
85847,2
85848,2
85849,2
85850,2
85851,2
85852,2
85853,2
85854,2
85855,2
85856,2
85857,2
85858,2
85859,2
85860,2
85861,2
85862,2
85863,2
85864,2
85865,2
85866,2
85867,2
85868,2
85869,2
85870,2
85871,2
85872,2
85873,2
85874,2
85875,1
85876,2
85877,3
85878,2
85879,2
85880,2
85881,2
85882,2
85883,2
85884,2
85885,2
85886,2
85887,3
85888,2
85889,3
85890,2
85891,2
85892,2
85893,3
85894,3
85895,2
85896,3
85897,3
85898,2
85899,3
85900,0
85901,2
85902,2
85903,1
85904,2
85905,1
85906,1
85907,1
85908,1
85909,2
85910,2
85911,2
85912,3
85913,3
85914,3
85915,3
85916,2
85917,2
85918,2
85919,2
85920,2
85921,2
85922,2
85923,2
85924,3
85925,2
85926,2
85927,2
85928,2
85929,2
85930,2
85931,2
85932,2
85933,2
85934,2
85935,2
85936,2
85937,3
85938,2
85939,2
85940,2
85941,2
85942,2
85943,2
85944,2
85945,2
85946,3
85947,3
85948,2
85949,2
85950,2
85951,3
85952,2
85953,2
85954,2
85955,0
85956,2
85957,2
85958,2
85959,2
85960,2
85961,2
85962,2
85963,2
85964,3
85965,3
85966,2
85967,2
85968,0
85969,0
85970,0
85971,0
85972,0
85973,3
85974,3
85975,3
85976,3
85977,2
85978,3
85979,2
85980,3
85981,2
85982,2
85983,2
85984,2
85985,2
85986,3
85987,3
85988,3
85989,2
85990,3
85991,3
85992,3
85993,2
85994,2
85995,2
85996,3
85997,2
85998,3
85999,3
86000,1
86001,3
86002,3
86003,3
86004,3
86005,3
86006,2
86007,2
86008,2
86009,2
86010,2
86011,2
86012,2
86013,2
86014,2
86015,2
86016,2
86017,3
86018,2
86019,0
86020,2
86021,2
86022,2
86023,2
86024,2
86025,2
86026,2
86027,2
86028,2
86029,2
86030,2
86031,2
86032,2
86033,3
86034,3
86035,3
86036,2
86037,3
86038,3
86039,3
86040,2
86041,2
86042,2
86043,2
86044,2
86045,2
86046,2
86047,2
86048,2
86049,2
86050,2
86051,2
86052,2
86053,2
86054,3
86055,3
86056,2
86057,2
86058,3
86059,2
86060,3
86061,3
86062,3
86063,2
86064,2
86065,2
86066,2
86067,3
86068,2
86069,3
86070,2
86071,2
86072,2
86073,2
86074,2
86075,2
86076,2
86077,2
86078,2
86079,3
86080,2
86081,2
86082,2
86083,3
86084,3
86085,2
86086,2
86087,2
86088,2
86089,3
86090,3
86091,2
86092,2
86093,2
86094,2
86095,2
86096,2
86097,3
86098,3
86099,3
86100,3
86101,3
86102,3
86103,3
86104,3
86105,2
86106,3
86107,3
86108,3
86109,3
86110,3
86111,0
86112,3
86113,3
86114,3
86115,3
86116,2
86117,3
86118,3
86119,2
86120,2
86121,2
86122,2
86123,2
86124,0
86125,2
86126,2
86127,2
86128,2
86129,2
86130,2
86131,2
86132,2
86133,2
86134,2
86135,2
86136,2
86137,2
86138,2
86139,2
86140,2
86141,2
86142,2
86143,3
86144,3
86145,3
86146,3
86147,3
86148,3
86149,2
86150,2
86151,2
86152,2
86153,2
86154,2
86155,3
86156,3
86157,2
86158,2
86159,2
86160,2
86161,3
86162,3
86163,2
86164,3
86165,2
86166,2
86167,2
86168,2
86169,1
86170,3
86171,2
86172,3
86173,3
86174,3
86175,2
86176,3
86177,2
86178,3
86179,2
86180,2
86181,3
86182,2
86183,3
86184,2
86185,2
86186,2
86187,2
86188,2
86189,2
86190,2
86191,2
86192,2
86193,2
86194,3
86195,2
86196,2
86197,2
86198,2
86199,1
86200,2
86201,2
86202,2
86203,2
86204,2
86205,2
86206,2
86207,2
86208,2
86209,2
86210,2
86211,2
86212,2
86213,2
86214,2
86215,2
86216,2
86217,2
86218,2
86219,2
86220,2
86221,2
86222,2
86223,2
86224,2
86225,2
86226,2
86227,2
86228,2
86229,2
86230,2
86231,2
86232,2
86233,2
86234,2
86235,2
86236,2
86237,2
86238,3
86239,3
86240,3
86241,3
86242,2
86243,3
86244,3
86245,2
86246,2
86247,2
86248,2
86249,3
86250,2
86251,3
86252,2
86253,3
86254,3
86255,3
86256,2
86257,2
86258,3
86259,3
86260,0
86261,3
86262,3
86263,3
86264,2
86265,3
86266,2
86267,2
86268,2
86269,2
86270,2
86271,2
86272,2
86273,2
86274,2
86275,3
86276,2
86277,3
86278,3
86279,2
86280,2
86281,2
86282,2
86283,2
86284,2
86285,3
86286,2
86287,2
86288,2
86289,2
86290,3
86291,2
86292,3
86293,3
86294,3
86295,3
86296,2
86297,2
86298,2
86299,2
86300,2
86301,2
86302,2
86303,2
86304,2
86305,2
86306,2
86307,2
86308,2
86309,2
86310,2
86311,2
86312,2
86313,2
86314,3
86315,1
86316,2
86317,3
86318,2
86319,2
86320,2
86321,2
86322,2
86323,2
86324,2
86325,2
86326,3
86327,2
86328,0
86329,2
86330,3
86331,3
86332,3
86333,3
86334,3
86335,2
86336,2
86337,2
86338,2
86339,2
86340,2
86341,2
86342,2
86343,2
86344,2
86345,2
86346,2
86347,2
86348,2
86349,2
86350,2
86351,2
86352,3
86353,2
86354,2
86355,2
86356,2
86357,2
86358,2
86359,2
86360,2
86361,2
86362,2
86363,3
86364,2
86365,3
86366,2
86367,3
86368,2
86369,3
86370,2
86371,2
86372,2
86373,2
86374,2
86375,2
86376,3
86377,3
86378,2
86379,2
86380,2
86381,3
86382,2
86383,2
86384,2
86385,2
86386,2
86387,2
86388,3
86389,2
86390,3
86391,3
86392,1
86393,3
86394,3
86395,2
86396,3
86397,3
86398,3
86399,3
86400,3
86401,2
86402,2
86403,2
86404,2
86405,2
86406,2
86407,2
86408,2
86409,2
86410,2
86411,2
86412,2
86413,2
86414,2
86415,2
86416,2
86417,2
86418,2
86419,2
86420,3
86421,2
86422,2
86423,2
86424,3
86425,1
86426,2
86427,2
86428,2
86429,2
86430,2
86431,2
86432,2
86433,2
86434,2
86435,2
86436,2
86437,2
86438,2
86439,2
86440,2
86441,2
86442,2
86443,2
86444,2
86445,2
86446,2
86447,2
86448,2
86449,2
86450,2
86451,2
86452,2
86453,2
86454,2
86455,2
86456,2
86457,2
86458,2
86459,3
86460,2
86461,2
86462,2
86463,2
86464,2
86465,2
86466,2
86467,2
86468,2
86469,2
86470,2
86471,2
86472,3
86473,2
86474,2
86475,2
86476,2
86477,2
86478,2
86479,2
86480,2
86481,3
86482,0
86483,3
86484,2
86485,2
86486,2
86487,2
86488,2
86489,2
86490,2
86491,0
86492,2
86493,0
86494,3
86495,2
86496,2
86497,2
86498,2
86499,2
86500,2
86501,2
86502,3
86503,2
86504,2
86505,2
86506,2
86507,2
86508,2
86509,2
86510,2
86511,0
86512,2
86513,2
86514,2
86515,2
86516,2
86517,2
86518,2
86519,2
86520,2
86521,2
86522,2
86523,2
86524,2
86525,0
86526,0
86527,0
86528,0
86529,0
86530,0
86531,3
86532,3
86533,2
86534,3
86535,0
86536,2
86537,3
86538,2
86539,2
86540,2
86541,2
86542,2
86543,2
86544,2
86545,2
86546,2
86547,2
86548,2
86549,2
86550,2
86551,3
86552,3
86553,2
86554,2
86555,2
86556,2
86557,2
86558,2
86559,2
86560,2
86561,3
86562,3
86563,0
86564,2
86565,2
86566,3
86567,2
86568,2
86569,2
86570,2
86571,3
86572,3
86573,2
86574,2
86575,3
86576,3
86577,3
86578,2
86579,3
86580,3
86581,3
86582,3
86583,2
86584,3
86585,2
86586,2
86587,3
86588,3
86589,3
86590,2
86591,3
86592,0
86593,2
86594,2
86595,2
86596,2
86597,3
86598,3
86599,2
86600,2
86601,2
86602,2
86603,2
86604,3
86605,2
86606,0
86607,2
86608,2
86609,3
86610,2
86611,2
86612,3
86613,2
86614,2
86615,2
86616,2
86617,2
86618,2
86619,2
86620,2
86621,2
86622,0
86623,2
86624,2
86625,3
86626,2
86627,2
86628,2
86629,2
86630,2
86631,3
86632,2
86633,2
86634,2
86635,2
86636,2
86637,2
86638,2
86639,2
86640,2
86641,2
86642,2
86643,2
86644,2
86645,2
86646,2
86647,2
86648,2
86649,2
86650,2
86651,3
86652,2
86653,2
86654,2
86655,2
86656,2
86657,2
86658,2
86659,2
86660,2
86661,2
86662,2
86663,2
86664,2
86665,2
86666,2
86667,3
86668,2
86669,3
86670,3
86671,2
86672,3
86673,3
86674,2
86675,2
86676,3
86677,2
86678,3
86679,2
86680,2
86681,2
86682,2
86683,2
86684,2
86685,2
86686,2
86687,2
86688,2
86689,2
86690,2
86691,2
86692,2
86693,2
86694,2
86695,2
86696,2
86697,2
86698,2
86699,2
86700,2
86701,3
86702,2
86703,2
86704,2
86705,2
86706,2
86707,2
86708,2
86709,2
86710,2
86711,3
86712,2
86713,2
86714,3
86715,2
86716,2
86717,2
86718,2
86719,2
86720,2
86721,2
86722,2
86723,2
86724,2
86725,3
86726,3
86727,2
86728,2
86729,2
86730,2
86731,3
86732,3
86733,0
86734,2
86735,2
86736,2
86737,3
86738,2
86739,2
86740,3
86741,2
86742,2
86743,2
86744,2
86745,3
86746,3
86747,2
86748,3
86749,2
86750,2
86751,2
86752,2
86753,2
86754,3
86755,2
86756,3
86757,2
86758,2
86759,2
86760,2
86761,3
86762,3
86763,2
86764,2
86765,0
86766,2
86767,2
86768,2
86769,3
86770,2
86771,2
86772,2
86773,2
86774,2
86775,2
86776,2
86777,2
86778,3
86779,2
86780,2
86781,3
86782,2
86783,2
86784,2
86785,2
86786,2
86787,3
86788,3
86789,2
86790,2
86791,2
86792,2
86793,3
86794,1
86795,3
86796,3
86797,2
86798,3
86799,3
86800,3
86801,2
86802,3
86803,2
86804,3
86805,2
86806,2
86807,2
86808,2
86809,3
86810,3
86811,2
86812,2
86813,3
86814,2
86815,2
86816,2
86817,2
86818,3
86819,2
86820,2
86821,2
86822,2
86823,2
86824,2
86825,2
86826,2
86827,2
86828,2
86829,2
86830,2
86831,2
86832,2
86833,2
86834,3
86835,2
86836,2
86837,2
86838,2
86839,2
86840,2
86841,2
86842,2
86843,2
86844,2
86845,2
86846,3
86847,3
86848,2
86849,2
86850,2
86851,2
86852,2
86853,2
86854,2
86855,2
86856,2
86857,3
86858,2
86859,2
86860,2
86861,2
86862,2
86863,2
86864,2
86865,2
86866,2
86867,2
86868,2
86869,2
86870,3
86871,2
86872,3
86873,0
86874,0
86875,2
86876,2
86877,2
86878,2
86879,0
86880,0
86881,2
86882,2
86883,2
86884,2
86885,3
86886,3
86887,2
86888,3
86889,2
86890,2
86891,2
86892,2
86893,2
86894,2
86895,2
86896,2
86897,2
86898,2
86899,2
86900,2
86901,2
86902,2
86903,2
86904,2
86905,2
86906,2
86907,2
86908,2
86909,2
86910,1
86911,3
86912,3
86913,3
86914,1
86915,2
86916,3
86917,2
86918,3
86919,3
86920,2
86921,3
86922,3
86923,2
86924,2
86925,2
86926,2
86927,2
86928,2
86929,2
86930,2
86931,2
86932,2
86933,2
86934,0
86935,0
86936,0
86937,2
86938,2
86939,2
86940,2
86941,2
86942,2
86943,2
86944,2
86945,2
86946,2
86947,2
86948,2
86949,2
86950,2
86951,2
86952,2
86953,2
86954,2
86955,2
86956,2
86957,2
86958,2
86959,2
86960,2
86961,2
86962,2
86963,2
86964,2
86965,2
86966,2
86967,2
86968,2
86969,2
86970,2
86971,2
86972,2
86973,2
86974,2
86975,2
86976,2
86977,0
86978,2
86979,2
86980,2
86981,2
86982,2
86983,2
86984,2
86985,2
86986,2
86987,2
86988,2
86989,3
86990,2
86991,2
86992,2
86993,2
86994,3
86995,3
86996,2
86997,3
86998,2
86999,2
87000,2
87001,2
87002,2
87003,2
87004,2
87005,2
87006,2
87007,2
87008,2
87009,2
87010,2
87011,2
87012,2
87013,2
87014,2
87015,2
87016,2
87017,2
87018,2
87019,2
87020,2
87021,2
87022,2
87023,2
87024,2
87025,2
87026,2
87027,2
87028,2
87029,2
87030,2
87031,2
87032,2
87033,2
87034,3
87035,2
87036,2
87037,2
87038,2
87039,2
87040,2
87041,2
87042,2
87043,2
87044,2
87045,2
87046,2
87047,2
87048,2
87049,2
87050,2
87051,2
87052,2
87053,2
87054,2
87055,2
87056,2
87057,2
87058,2
87059,2
87060,2
87061,2
87062,2
87063,2
87064,2
87065,2
87066,2
87067,2
87068,2
87069,2
87070,2
87071,3
87072,2
87073,2
87074,2
87075,2
87076,2
87077,2
87078,2
87079,2
87080,2
87081,3
87082,0
87083,2
87084,2
87085,2
87086,2
87087,2
87088,3
87089,2
87090,2
87091,2
87092,2
87093,2
87094,2
87095,2
87096,2
87097,2
87098,2
87099,3
87100,3
87101,2
87102,3
87103,2
87104,2
87105,2
87106,2
87107,2
87108,2
87109,0
87110,0
87111,2
87112,3
87113,3
87114,3
87115,3
87116,0
87117,2
87118,0
87119,2
87120,2
87121,2
87122,3
87123,3
87124,3
87125,3
87126,3
87127,3
87128,3
87129,3
87130,2
87131,2
87132,2
87133,2
87134,2
87135,2
87136,2
87137,2
87138,2
87139,2
87140,2
87141,2
87142,2
87143,2
87144,2
87145,2
87146,3
87147,3
87148,2
87149,2
87150,3
87151,2
87152,2
87153,2
87154,3
87155,2
87156,3
87157,3
87158,2
87159,2
87160,2
87161,2
87162,2
87163,2
87164,3
87165,2
87166,2
87167,2
87168,2
87169,2
87170,2
87171,2
87172,2
87173,2
87174,2
87175,2
87176,2
87177,3
87178,2
87179,2
87180,2
87181,2
87182,2
87183,2
87184,2
87185,2
87186,2
87187,2
87188,2
87189,2
87190,2
87191,2
87192,2
87193,2
87194,2
87195,2
87196,2
87197,3
87198,2
87199,2
87200,2
87201,2
87202,3
87203,2
87204,3
87205,2
87206,2
87207,2
87208,3
87209,3
87210,2
87211,2
87212,3
87213,2
87214,3
87215,3
87216,3
87217,3
87218,2
87219,2
87220,2
87221,2
87222,2
87223,2
87224,2
87225,2
87226,2
87227,2
87228,2
87229,2
87230,2
87231,2
87232,2
87233,2
87234,0
87235,2
87236,2
87237,3
87238,2
87239,2
87240,2
87241,1
87242,2
87243,2
87244,2
87245,3
87246,2
87247,2
87248,2
87249,2
87250,2
87251,2
87252,2
87253,2
87254,2
87255,2
87256,3
87257,1
87258,3
87259,2
87260,2
87261,2
87262,2
87263,2
87264,2
87265,2
87266,2
87267,2
87268,2
87269,2
87270,2
87271,2
87272,2
87273,2
87274,2
87275,2
87276,2
87277,2
87278,2
87279,3
87280,2
87281,2
87282,2
87283,2
87284,2
87285,2
87286,2
87287,2
87288,2
87289,2
87290,2
87291,2
87292,2
87293,2
87294,2
87295,2
87296,2
87297,2
87298,2
87299,2
87300,2
87301,3
87302,2
87303,2
87304,2
87305,2
87306,3
87307,2
87308,2
87309,2
87310,2
87311,2
87312,2
87313,2
87314,2
87315,2
87316,2
87317,2
87318,2
87319,3
87320,3
87321,2
87322,3
87323,3
87324,2
87325,2
87326,2
87327,3
87328,2
87329,2
87330,2
87331,2
87332,2
87333,2
87334,3
87335,3
87336,2
87337,3
87338,2
87339,3
87340,2
87341,2
87342,2
87343,2
87344,2
87345,2
87346,2
87347,2
87348,2
87349,2
87350,2
87351,2
87352,2
87353,2
87354,2
87355,2
87356,2
87357,2
87358,2
87359,2
87360,2
87361,2
87362,2
87363,2
87364,2
87365,2
87366,2
87367,2
87368,2
87369,3
87370,3
87371,2
87372,2
87373,2
87374,2
87375,3
87376,3
87377,2
87378,2
87379,3
87380,3
87381,0
87382,2
87383,2
87384,2
87385,3
87386,2
87387,2
87388,2
87389,2
87390,2
87391,2
87392,2
87393,3
87394,2
87395,2
87396,1
87397,2
87398,3
87399,2
87400,2
87401,2
87402,3
87403,3
87404,2
87405,2
87406,2
87407,2
87408,2
87409,2
87410,2
87411,2
87412,2
87413,2
87414,2
87415,2
87416,2
87417,2
87418,3
87419,2
87420,0
87421,2
87422,0
87423,3
87424,2
87425,2
87426,2
87427,2
87428,3
87429,2
87430,0
87431,1
87432,3
87433,2
87434,2
87435,2
87436,2
87437,3
87438,2
87439,2
87440,2
87441,2
87442,2
87443,2
87444,2
87445,2
87446,2
87447,2
87448,2
87449,2
87450,2
87451,2
87452,2
87453,3
87454,2
87455,3
87456,1
87457,2
87458,2
87459,2
87460,2
87461,2
87462,2
87463,2
87464,2
87465,2
87466,2
87467,2
87468,3
87469,3
87470,1
87471,1
87472,1
87473,2
87474,2
87475,3
87476,2
87477,2
87478,3
87479,0
87480,3
87481,1
87482,1
87483,1
87484,1
87485,1
87486,1
87487,1
87488,1
87489,1
87490,3
87491,3
87492,3
87493,3
87494,3
87495,1
87496,1
87497,1
87498,1
87499,1
87500,1
87501,3
87502,2
87503,2
87504,2
87505,2
87506,1
87507,2
87508,2
87509,2
87510,2
87511,2
87512,2
87513,2
87514,1
87515,1
87516,1
87517,0
87518,3
87519,3
87520,3
87521,0
87522,3
87523,3
87524,3
87525,1
87526,1
87527,0
87528,3
87529,3
87530,3
87531,1
87532,2
87533,2
87534,2
87535,3
87536,2
87537,2
87538,2
87539,2
87540,2
87541,2
87542,2
87543,2
87544,2
87545,3
87546,1
87547,1
87548,3
87549,2
87550,2
87551,2
87552,3
87553,2
87554,2
87555,2
87556,2
87557,2
87558,2
87559,2
87560,2
87561,2
87562,2
87563,3
87564,3
87565,2
87566,3
87567,2
87568,3
87569,3
87570,3
87571,2
87572,1
87573,3
87574,2
87575,2
87576,2
87577,3
87578,2
87579,3
87580,2
87581,2
87582,2
87583,2
87584,3
87585,2
87586,2
87587,3
87588,2
87589,2
87590,3
87591,2
87592,2
87593,2
87594,3
87595,2
87596,2
87597,2
87598,2
87599,2
87600,2
87601,2
87602,2
87603,1
87604,3
87605,3
87606,3
87607,1
87608,1
87609,0
87610,0
87611,3
87612,2
87613,3
87614,3
87615,3
87616,3
87617,3
87618,3
87619,1
87620,1
87621,2
87622,2
87623,2
87624,2
87625,2
87626,2
87627,2
87628,2
87629,2
87630,3
87631,2
87632,3
87633,3
87634,3
87635,2
87636,2
87637,2
87638,2
87639,2
87640,2
87641,2
87642,2
87643,2
87644,2
87645,2
87646,2
87647,2
87648,2
87649,3
87650,2
87651,2
87652,2
87653,2
87654,2
87655,3
87656,2
87657,2
87658,3
87659,2
87660,2
87661,2
87662,2
87663,2
87664,2
87665,2
87666,3
87667,3
87668,2
87669,2
87670,2
87671,2
87672,2
87673,3
87674,1
87675,1
87676,1
87677,2
87678,2
87679,2
87680,2
87681,2
87682,2
87683,2
87684,3
87685,1
87686,1
87687,3
87688,0
87689,2
87690,2
87691,2
87692,2
87693,2
87694,2
87695,2
87696,3
87697,3
87698,1
87699,1
87700,2
87701,3
87702,3
87703,1
87704,2
87705,2
87706,2
87707,3
87708,3
87709,3
87710,3
87711,2
87712,3
87713,3
87714,2
87715,1
87716,2
87717,3
87718,3
87719,3
87720,3
87721,3
87722,2
87723,3
87724,3
87725,2
87726,3
87727,1
87728,1
87729,3
87730,3
87731,3
87732,3
87733,1
87734,2
87735,3
87736,3
87737,3
87738,3
87739,3
87740,3
87741,3
87742,2
87743,3
87744,3
87745,2
87746,2
87747,2
87748,2
87749,3
87750,1
87751,2
87752,2
87753,2
87754,3
87755,2
87756,3
87757,1
87758,1
87759,1
87760,2
87761,3
87762,2
87763,2
87764,2
87765,2
87766,2
87767,2
87768,2
87769,2
87770,2
87771,2
87772,2
87773,2
87774,2
87775,2
87776,2
87777,2
87778,2
87779,2
87780,2
87781,2
87782,2
87783,2
87784,2
87785,2
87786,2
87787,2
87788,2
87789,2
87790,2
87791,2
87792,2
87793,2
87794,2
87795,2
87796,2
87797,2
87798,2
87799,2
87800,2
87801,2
87802,2
87803,2
87804,2
87805,2
87806,1
87807,1
87808,1
87809,1
87810,2
87811,2
87812,2
87813,2
87814,2
87815,2
87816,0
87817,0
87818,0
87819,3
87820,0
87821,1
87822,0
87823,0
87824,0
87825,0
87826,2
87827,1
87828,1
87829,1
87830,1
87831,2
87832,2
87833,1
87834,1
87835,2
87836,0
87837,2
87838,2
87839,2
87840,2
87841,2
87842,2
87843,2
87844,2
87845,2
87846,2
87847,2
87848,2
87849,2
87850,2
87851,2
87852,2
87853,2
87854,2
87855,2
87856,2
87857,2
87858,2
87859,2
87860,2
87861,2
87862,2
87863,2
87864,2
87865,2
87866,2
87867,2
87868,2
87869,2
87870,3
87871,1
87872,3
87873,3
87874,2
87875,3
87876,1
87877,1
87878,3
87879,3
87880,2
87881,3
87882,2
87883,2
87884,3
87885,2
87886,2
87887,2
87888,2
87889,2
87890,2
87891,2
87892,2
87893,2
87894,2
87895,2
87896,2
87897,2
87898,2
87899,2
87900,2
87901,2
87902,2
87903,2
87904,2
87905,2
87906,2
87907,3
87908,3
87909,2
87910,2
87911,2
87912,2
87913,2
87914,3
87915,2
87916,2
87917,2
87918,2
87919,2
87920,2
87921,2
87922,2
87923,2
87924,2
87925,2
87926,2
87927,2
87928,2
87929,2
87930,2
87931,2
87932,2
87933,2
87934,1
87935,2
87936,3
87937,2
87938,2
87939,2
87940,2
87941,2
87942,2
87943,2
87944,2
87945,2
87946,2
87947,2
87948,2
87949,2
87950,2
87951,2
87952,2
87953,2
87954,2
87955,2
87956,2
87957,3
87958,3
87959,3
87960,2
87961,2
87962,2
87963,2
87964,2
87965,3
87966,2
87967,2
87968,2
87969,1
87970,1
87971,2
87972,2
87973,2
87974,2
87975,2
87976,2
87977,2
87978,2
87979,2
87980,2
87981,2
87982,2
87983,2
87984,2
87985,2
87986,2
87987,2
87988,2
87989,2
87990,2
87991,2
87992,1
87993,1
87994,1
87995,1
87996,2
87997,3
87998,2
87999,2
88000,2
88001,1
88002,1
88003,2
88004,2
88005,2
88006,2
88007,2
88008,2
88009,2
88010,2
88011,2
88012,3
88013,3
88014,3
88015,3
88016,3
88017,1
88018,2
88019,2
88020,2
88021,2
88022,2
88023,2
88024,2
88025,2
88026,2
88027,2
88028,2
88029,2
88030,2
88031,2
88032,2
88033,3
88034,1
88035,3
88036,3
88037,3
88038,3
88039,3
88040,1
88041,0
88042,0
88043,0
88044,0
88045,0
88046,3
88047,2
88048,2
88049,2
88050,2
88051,2
88052,1
88053,2
88054,3
88055,2
88056,2
88057,2
88058,2
88059,2
88060,2
88061,2
88062,2
88063,1
88064,2
88065,1
88066,1
88067,1
88068,2
88069,2
88070,2
88071,2
88072,2
88073,2
88074,2
88075,2
88076,2
88077,2
88078,2
88079,2
88080,2
88081,2
88082,2
88083,0
88084,0
88085,1
88086,0
88087,3
88088,2
88089,3
88090,2
88091,1
88092,1
88093,1
88094,3
88095,2
88096,2
88097,2
88098,2
88099,2
88100,3
88101,3
88102,3
88103,0
88104,0
88105,0
88106,1
88107,1
88108,0
88109,0
88110,0
88111,0
88112,2
88113,2
88114,2
88115,2
88116,2
88117,2
88118,2
88119,0
88120,2
88121,3
88122,1
88123,2
88124,2
88125,2
88126,2
88127,2
88128,2
88129,3
88130,0
88131,0
88132,2
88133,2
88134,3
88135,1
88136,3
88137,1
88138,1
88139,1
88140,1
88141,1
88142,1
88143,1
88144,0
88145,3
88146,2
88147,2
88148,1
88149,1
88150,2
88151,2
88152,2
88153,2
88154,2
88155,2
88156,1
88157,2
88158,2
88159,0
88160,2
88161,3
88162,3
88163,2
88164,3
88165,2
88166,2
88167,2
88168,2
88169,1
88170,1
88171,1
88172,1
88173,2
88174,2
88175,2
88176,2
88177,2
88178,2
88179,3
88180,3
88181,1
88182,1
88183,3
88184,3
88185,3
88186,3
88187,3
88188,3
88189,3
88190,3
88191,3
88192,3
88193,3
88194,3
88195,3
88196,3
88197,2
88198,2
88199,2
88200,3
88201,3
88202,2
88203,3
88204,3
88205,2
88206,2
88207,2
88208,2
88209,2
88210,2
88211,1
88212,3
88213,2
88214,3
88215,3
88216,3
88217,2
88218,1
88219,2
88220,0
88221,2
88222,2
88223,2
88224,3
88225,0
88226,0
88227,0
88228,0
88229,3
88230,3
88231,2
88232,2
88233,2
88234,1
88235,2
88236,2
88237,2
88238,2
88239,2
88240,2
88241,3
88242,3
88243,3
88244,3
88245,3
88246,3
88247,3
88248,3
88249,2
88250,2
88251,2
88252,2
88253,2
88254,3
88255,2
88256,0
88257,0
88258,3
88259,2
88260,2
88261,0
88262,0
88263,2
88264,2
88265,2
88266,2
88267,0
88268,2
88269,3
88270,2
88271,2
88272,0
88273,3
88274,0
88275,0
88276,0
88277,3
88278,2
88279,3
88280,3
88281,2
88282,3
88283,2
88284,2
88285,2
88286,2
88287,0
88288,0
88289,0
88290,3
88291,3
88292,3
88293,3
88294,2
88295,2
88296,3
88297,3
88298,0
88299,3
88300,0
88301,0
88302,0
88303,0
88304,0
88305,0
88306,0
88307,0
88308,0
88309,0
88310,0
88311,0
88312,0
88313,0
88314,0
88315,0
88316,0
88317,2
88318,3
88319,3
88320,0
88321,3
88322,3
88323,3
88324,3
88325,3
88326,3
88327,3
88328,3
88329,3
88330,3
88331,3
88332,3
88333,3
88334,3
88335,3
88336,3
88337,3
88338,2
88339,3
88340,3
88341,3
88342,3
88343,3
88344,3
88345,3
88346,3
88347,3
88348,3
88349,2
88350,3
88351,2
88352,2
88353,2
88354,3
88355,3
88356,2
88357,3
88358,2
88359,3
88360,3
88361,3
88362,3
88363,3
88364,2
88365,3
88366,3
88367,3
88368,2
88369,2
88370,1
88371,0
88372,0
88373,0
88374,2
88375,2
88376,0
88377,3
88378,0
88379,3
88380,3
88381,3
88382,3
88383,3
88384,3
88385,0
88386,1
88387,1
88388,0
88389,0
88390,3
88391,2
88392,2
88393,3
88394,3
88395,3
88396,3
88397,2
88398,3
88399,3
88400,2
88401,2
88402,3
88403,2
88404,2
88405,0
88406,2
88407,3
88408,3
88409,3
88410,3
88411,0
88412,2
88413,3
88414,2
88415,0
88416,3
88417,3
88418,3
88419,0
88420,0
88421,3
88422,0
88423,0
88424,0
88425,3
88426,0
88427,0
88428,3
88429,3
88430,3
88431,3
88432,3
88433,2
88434,3
88435,3
88436,2
88437,2
88438,2
88439,2
88440,1
88441,2
88442,3
88443,3
88444,0
88445,3
88446,0
88447,0
88448,0
88449,2
88450,2
88451,3
88452,3
88453,3
88454,3
88455,3
88456,3
88457,3
88458,3
88459,2
88460,3
88461,0
88462,0
88463,2
88464,3
88465,3
88466,2
88467,3
88468,0
88469,0
88470,0
88471,0
88472,3
88473,3
88474,0
88475,0
88476,3
88477,2
88478,0
88479,0
88480,0
88481,0
88482,0
88483,3
88484,3
88485,3
88486,2
88487,0
88488,3
88489,3
88490,3
88491,2
88492,2
88493,2
88494,2
88495,0
88496,0
88497,0
88498,0
88499,0
88500,3
88501,3
88502,3
88503,3
88504,3
88505,2
88506,0
88507,0
88508,0
88509,0
88510,0
88511,0
88512,3
88513,3
88514,0
88515,0
88516,0
88517,0
88518,0
88519,3
88520,0
88521,3
88522,2
88523,3
88524,0
88525,3
88526,3
88527,3
88528,3
88529,3
88530,3
88531,3
88532,3
88533,3
88534,3
88535,3
88536,3
88537,2
88538,3
88539,0
88540,0
88541,0
88542,0
88543,0
88544,0
88545,0
88546,0
88547,0
88548,0
88549,3
88550,3
88551,3
88552,0
88553,0
88554,0
88555,0
88556,3
88557,3
88558,2
88559,2
88560,3
88561,3
88562,2
88563,2
88564,2
88565,3
88566,3
88567,3
88568,2
88569,3
88570,2
88571,2
88572,3
88573,3
88574,2
88575,2
88576,2
88577,2
88578,2
88579,2
88580,3
88581,3
88582,3
88583,3
88584,3
88585,3
88586,0
88587,2
88588,3
88589,0
88590,0
88591,0
88592,0
88593,0
88594,0
88595,0
88596,1
88597,3
88598,3
88599,3
88600,3
88601,3
88602,3
88603,3
88604,3
88605,3
88606,2
88607,3
88608,3
88609,3
88610,3
88611,3
88612,3
88613,2
88614,2
88615,3
88616,3
88617,2
88618,2
88619,2
88620,3
88621,2
88622,2
88623,0
88624,3
88625,2
88626,3
88627,3
88628,3
88629,2
88630,1
88631,3
88632,3
88633,3
88634,3
88635,3
88636,3
88637,3
88638,3
88639,3
88640,3
88641,3
88642,3
88643,3
88644,3
88645,3
88646,2
88647,3
88648,0
88649,1
88650,3
88651,0
88652,0
88653,0
88654,0
88655,0
88656,1
88657,0
88658,3
88659,0
88660,0
88661,0
88662,3
88663,3
88664,0
88665,0
88666,2
88667,3
88668,3
88669,2
88670,2
88671,2
88672,0
88673,0
88674,0
88675,0
88676,3
88677,1
88678,1
88679,2
88680,3
88681,3
88682,3
88683,3
88684,2
88685,3
88686,3
88687,3
88688,2
88689,2
88690,2
88691,0
88692,2
88693,0
88694,0
88695,0
88696,0
88697,0
88698,3
88699,0
88700,0
88701,3
88702,3
88703,2
88704,3
88705,3
88706,3
88707,3
88708,3
88709,2
88710,3
88711,3
88712,3
88713,3
88714,3
88715,3
88716,3
88717,2
88718,2
88719,2
88720,0
88721,3
88722,2
88723,2
88724,2
88725,3
88726,2
88727,2
88728,3
88729,3
88730,3
88731,2
88732,2
88733,2
88734,3
88735,2
88736,2
88737,2
88738,2
88739,2
88740,2
88741,3
88742,3
88743,2
88744,2
88745,2
88746,3
88747,3
88748,2
88749,2
88750,0
88751,0
88752,0
88753,3
88754,3
88755,0
88756,0
88757,0
88758,2
88759,2
88760,3
88761,3
88762,3
88763,3
88764,3
88765,3
88766,0
88767,0
88768,3
88769,3
88770,1
88771,1
88772,1
88773,0
88774,3
88775,1
88776,2
88777,1
88778,1
88779,3
88780,0
88781,0
88782,3
88783,3
88784,3
88785,3
88786,2
88787,3
88788,1
88789,3
88790,3
88791,1
88792,2
88793,3
88794,1
88795,2
88796,3
88797,3
88798,3
88799,3
88800,3
88801,2
88802,3
88803,3
88804,1
88805,3
88806,1
88807,1
88808,1
88809,3
88810,2
88811,1
88812,3
88813,3
88814,3
88815,3
88816,3
88817,2
88818,2
88819,3
88820,3
88821,2
88822,3
88823,2
88824,3
88825,2
88826,3
88827,3
88828,2
88829,3
88830,2
88831,2
88832,1
88833,1
88834,3
88835,3
88836,1
88837,3
88838,3
88839,0
88840,0
88841,1
88842,3
88843,1
88844,3
88845,1
88846,3
88847,2
88848,3
88849,3
88850,3
88851,3
88852,3
88853,2
88854,2
88855,1
88856,2
88857,2
88858,2
88859,3
88860,3
88861,0
88862,0
88863,0
88864,3
88865,3
88866,1
88867,0
88868,2
88869,3
88870,2
88871,3
88872,3
88873,3
88874,3
88875,3
88876,3
88877,3
88878,3
88879,3
88880,3
88881,3
88882,3
88883,1
88884,1
88885,3
88886,3
88887,2
88888,1
88889,1
88890,1
88891,3
88892,3
88893,3
88894,0
88895,0
88896,1
88897,1
88898,0
88899,0
88900,0
88901,1
88902,1
88903,0
88904,1
88905,1
88906,1
88907,0
88908,0
88909,0
88910,1
88911,0
88912,3
88913,1
88914,3
88915,3
88916,0
88917,3
88918,3
88919,0
88920,0
88921,0
88922,3
88923,3
88924,3
88925,3
88926,3
88927,3
88928,3
88929,2
88930,2
88931,3
88932,2
88933,2
88934,2
88935,3
88936,2
88937,3
88938,2
88939,2
88940,2
88941,2
88942,2
88943,3
88944,2
88945,2
88946,3
88947,2
88948,2
88949,3
88950,3
88951,0
88952,2
88953,2
88954,3
88955,2
88956,3
88957,2
88958,3
88959,3
88960,2
88961,2
88962,2
88963,2
88964,3
88965,2
88966,2
88967,2
88968,1
88969,2
88970,1
88971,3
88972,2
88973,3
88974,2
88975,2
88976,2
88977,2
88978,0
88979,2
88980,0
88981,2
88982,2
88983,2
88984,2
88985,2
88986,2
88987,2
88988,2
88989,3
88990,0
88991,3
88992,3
88993,0
88994,3
88995,3
88996,2
88997,2
88998,2
88999,2
89000,2
89001,3
89002,2
89003,3
89004,2
89005,2
89006,2
89007,2
89008,3
89009,1
89010,3
89011,1
89012,1
89013,1
89014,1
89015,3
89016,1
89017,1
89018,1
89019,1
89020,1
89021,1
89022,1
89023,3
89024,0
89025,0
89026,0
89027,1
89028,1
89029,3
89030,3
89031,3
89032,1
89033,1
89034,3
89035,3
89036,3
89037,2
89038,1
89039,3
89040,3
89041,1
89042,3
89043,3
89044,3
89045,3
89046,3
89047,3
89048,3
89049,1
89050,3
89051,3
89052,3
89053,3
89054,3
89055,3
89056,3
89057,3
89058,3
89059,3
89060,3
89061,3
89062,2
89063,3
89064,3
89065,3
89066,0
89067,3
89068,3
89069,3
89070,3
89071,0
89072,0
89073,3
89074,3
89075,3
89076,3
89077,3
89078,1
89079,3
89080,3
89081,1
89082,3
89083,3
89084,3
89085,1
89086,2
89087,1
89088,1
89089,0
89090,0
89091,0
89092,0
89093,0
89094,0
89095,0
89096,0
89097,0
89098,0
89099,3
89100,0
89101,3
89102,2
89103,1
89104,1
89105,3
89106,1
89107,0
89108,1
89109,1
89110,1
89111,1
89112,2
89113,3
89114,3
89115,3
89116,3
89117,1
89118,3
89119,3
89120,3
89121,1
89122,1
89123,3
89124,3
89125,3
89126,1
89127,1
89128,1
89129,0
89130,0
89131,0
89132,3
89133,1
89134,0
89135,3
89136,1
89137,1
89138,0
89139,0
89140,0
89141,0
89142,0
89143,0
89144,0
89145,0
89146,1
89147,3
89148,3
89149,2
89150,3
89151,3
89152,3
89153,3
89154,3
89155,0
89156,0
89157,0
89158,0
89159,0
89160,0
89161,3
89162,3
89163,3
89164,3
89165,3
89166,3
89167,3
89168,3
89169,2
89170,2
89171,3
89172,3
89173,3
89174,3
89175,1
89176,1
89177,3
89178,0
89179,3
89180,3
89181,3
89182,3
89183,1
89184,3
89185,3
89186,3
89187,2
89188,2
89189,2
89190,2
89191,2
89192,2
89193,2
89194,2
89195,3
89196,3
89197,3
89198,3
89199,3
89200,3
89201,3
89202,3
89203,3
89204,3
89205,3
89206,2
89207,3
89208,2
89209,2
89210,3
89211,3
89212,3
89213,3
89214,3
89215,3
89216,3
89217,3
89218,3
89219,3
89220,3
89221,3
89222,3
89223,3
89224,3
89225,3
89226,3
89227,3
89228,3
89229,3
89230,3
89231,2
89232,3
89233,1
89234,2
89235,3
89236,2
89237,2
89238,2
89239,2
89240,0
89241,3
89242,0
89243,3
89244,3
89245,3
89246,1
89247,2
89248,3
89249,0
89250,0
89251,2
89252,3
89253,0
89254,2
89255,3
89256,3
89257,0
89258,2
89259,1
89260,2
89261,0
89262,0
89263,0
89264,0
89265,0
89266,0
89267,0
89268,0
89269,0
89270,0
89271,3
89272,2
89273,3
89274,3
89275,0
89276,2
89277,0
89278,0
89279,2
89280,3
89281,3
89282,2
89283,3
89284,3
89285,2
89286,2
89287,2
89288,1
89289,2
89290,3
89291,3
89292,2
89293,4
89294,2
89295,4
89296,3
89297,2
89298,3
89299,3
89300,4
89301,2
89302,2
89303,2
89304,2
89305,2
89306,2
89307,2
89308,2
89309,2
89310,2
89311,2
89312,2
89313,2
89314,2
89315,4
89316,2
89317,2
89318,2
89319,2
89320,3
89321,4
89322,2
89323,2
89324,2
89325,3
89326,2
89327,2
89328,2
89329,3
89330,3
89331,2
89332,2
89333,2
89334,2
89335,2
89336,2
89337,2
89338,2
89339,2
89340,2
89341,2
89342,2
89343,2
89344,2
89345,2
89346,3
89347,2
89348,2
89349,2
89350,2
89351,2
89352,2
89353,2
89354,2
89355,2
89356,2
89357,2
89358,2
89359,2
89360,2
89361,2
89362,2
89363,2
89364,2
89365,2
89366,2
89367,2
89368,2
89369,2
89370,2
89371,2
89372,2
89373,2
89374,2
89375,2
89376,2
89377,2
89378,2
89379,2
89380,2
89381,2
89382,2
89383,2
89384,2
89385,0
89386,2
89387,2
89388,2
89389,2
89390,2
89391,2
89392,2
89393,2
89394,2
89395,2
89396,2
89397,2
89398,2
89399,2
89400,2
89401,2
89402,2
89403,2
89404,2
89405,2
89406,2
89407,2
89408,2
89409,2
89410,4
89411,3
89412,2
89413,2
89414,2
89415,2
89416,2
89417,2
89418,2
89419,2
89420,2
89421,2
89422,2
89423,2
89424,2
89425,2
89426,2
89427,2
89428,2
89429,2
89430,2
89431,2
89432,2
89433,2
89434,2
89435,2
89436,2
89437,2
89438,2
89439,2
89440,2
89441,2
89442,2
89443,2
89444,2
89445,2
89446,2
89447,2
89448,2
89449,2
89450,2
89451,2
89452,2
89453,2
89454,2
89455,2
89456,2
89457,2
89458,2
89459,2
89460,2
89461,2
89462,2
89463,2
89464,2
89465,2
89466,2
89467,2
89468,2
89469,0
89470,2
89471,2
89472,2
89473,2
89474,2
89475,2
89476,2
89477,2
89478,2
89479,2
89480,2
89481,2
89482,2
89483,2
89484,2
89485,2
89486,2
89487,2
89488,2
89489,2
89490,2
89491,2
89492,2
89493,2
89494,2
89495,2
89496,2
89497,2
89498,2
89499,2
89500,2
89501,2
89502,2
89503,2
89504,2
89505,2
89506,2
89507,2
89508,2
89509,2
89510,2
89511,2
89512,2
89513,2
89514,2
89515,2
89516,2
89517,2
89518,2
89519,2
89520,2
89521,2
89522,2
89523,2
89524,2
89525,2
89526,2
89527,2
89528,2
89529,2
89530,2
89531,2
89532,2
89533,2
89534,2
89535,2
89536,2
89537,2
89538,2
89539,2
89540,2
89541,2
89542,2
89543,2
89544,2
89545,2
89546,2
89547,2
89548,2
89549,2
89550,2
89551,2
89552,2
89553,2
89554,2
89555,2
89556,2
89557,2
89558,2
89559,2
89560,2
89561,2
89562,2
89563,2
89564,2
89565,2
89566,2
89567,2
89568,2
89569,2
89570,2
89571,2
89572,2
89573,2
89574,2
89575,2
89576,2
89577,2
89578,2
89579,2
89580,2
89581,2
89582,2
89583,2
89584,2
89585,2
89586,2
89587,2
89588,2
89589,2
89590,2
89591,2
89592,2
89593,2
89594,2
89595,2
89596,2
89597,2
89598,2
89599,2
89600,2
89601,2
89602,2
89603,2
89604,2
89605,2
89606,2
89607,2
89608,2
89609,2
89610,2
89611,2
89612,2
89613,2
89614,2
89615,2
89616,2
89617,2
89618,2
89619,2
89620,2
89621,2
89622,2
89623,2
89624,2
89625,2
89626,2
89627,2
89628,2
89629,2
89630,2
89631,2
89632,2
89633,2
89634,2
89635,2
89636,2
89637,2
89638,2
89639,2
89640,2
89641,2
89642,2
89643,2
89644,2
89645,2
89646,2
89647,2
89648,2
89649,2
89650,2
89651,2
89652,2
89653,2
89654,2
89655,2
89656,2
89657,2
89658,2
89659,2
89660,2
89661,2
89662,2
89663,2
89664,2
89665,2
89666,2
89667,2
89668,2
89669,2
89670,2
89671,2
89672,2
89673,2
89674,2
89675,2
89676,2
89677,2
89678,2
89679,2
89680,2
89681,2
89682,2
89683,2
89684,2
89685,2
89686,2
89687,2
89688,2
89689,2
89690,2
89691,2
89692,0
89693,2
89694,2
89695,2
89696,2
89697,2
89698,2
89699,2
89700,2
89701,2
89702,2
89703,2
89704,2
89705,2
89706,2
89707,2
89708,2
89709,2
89710,3
89711,2
89712,2
89713,2
89714,2
89715,2
89716,2
89717,2
89718,2
89719,2
89720,2
89721,2
89722,2
89723,2
89724,2
89725,2
89726,2
89727,2
89728,2
89729,2
89730,2
89731,2
89732,2
89733,2
89734,2
89735,2
89736,2
89737,2
89738,2
89739,2
89740,2
89741,2
89742,2
89743,2
89744,2
89745,2
89746,2
89747,2
89748,2
89749,2
89750,2
89751,2
89752,2
89753,2
89754,2
89755,2
89756,2
89757,0
89758,2
89759,2
89760,2
89761,2
89762,2
89763,2
89764,2
89765,2
89766,2
89767,2
89768,2
89769,2
89770,2
89771,2
89772,2
89773,2
89774,2
89775,2
89776,2
89777,2
89778,2
89779,2
89780,2
89781,2
89782,2
89783,2
89784,2
89785,2
89786,2
89787,2
89788,2
89789,2
89790,2
89791,2
89792,2
89793,2
89794,2
89795,2
89796,2
89797,2
89798,2
89799,2
89800,2
89801,2
89802,2
89803,2
89804,2
89805,2
89806,2
89807,2
89808,2
89809,2
89810,2
89811,2
89812,2
89813,2
89814,0
89815,2
89816,2
89817,2
89818,2
89819,2
89820,2
89821,2
89822,2
89823,2
89824,2
89825,2
89826,2
89827,2
89828,2
89829,2
89830,2
89831,2
89832,2
89833,2
89834,2
89835,2
89836,2
89837,2
89838,2
89839,2
89840,2
89841,2
89842,2
89843,2
89844,2
89845,2
89846,2
89847,2
89848,2
89849,2
89850,2
89851,2
89852,2
89853,2
89854,2
89855,2
89856,2
89857,2
89858,2
89859,2
89860,2
89861,2
89862,2
89863,2
89864,2
89865,2
89866,2
89867,2
89868,2
89869,2
89870,2
89871,2
89872,2
89873,2
89874,2
89875,2
89876,2
89877,2
89878,2
89879,2
89880,2
89881,2
89882,2
89883,2
89884,2
89885,2
89886,2
89887,2
89888,2
89889,2
89890,2
89891,2
89892,2
89893,2
89894,2
89895,2
89896,2
89897,2
89898,2
89899,2
89900,2
89901,2
89902,2
89903,2
89904,2
89905,2
89906,2
89907,2
89908,2
89909,2
89910,2
89911,2
89912,2
89913,2
89914,2
89915,2
89916,2
89917,2
89918,2
89919,2
89920,2
89921,2
89922,2
89923,2
89924,2
89925,2
89926,2
89927,2
89928,2
89929,2
89930,2
89931,2
89932,2
89933,2
89934,2
89935,2
89936,2
89937,2
89938,2
89939,2
89940,2
89941,2
89942,2
89943,2
89944,2
89945,2
89946,2
89947,2
89948,2
89949,2
89950,2
89951,2
89952,2
89953,2
89954,2
89955,2
89956,2
89957,2
89958,2
89959,2
89960,2
89961,2
89962,3
89963,3
89964,2
89965,3
89966,2
89967,2
89968,2
89969,2
89970,2
89971,4
89972,2
89973,2
89974,3
89975,3
89976,3
89977,2
89978,0
89979,2
89980,2
89981,2
89982,2
89983,2
89984,2
89985,2
89986,2
89987,2
89988,2
89989,2
89990,2
89991,3
89992,4
89993,3
89994,3
89995,2
89996,2
89997,2
89998,2
89999,2
90000,2
90001,2
90002,2
90003,3
90004,3
90005,2
90006,2
90007,2
90008,2
90009,2
90010,2
90011,2
90012,2
90013,2
90014,3
90015,2
90016,2
90017,3
90018,2
90019,2
90020,2
90021,2
90022,2
90023,2
90024,2
90025,2
90026,2
90027,2
90028,2
90029,2
90030,2
90031,2
90032,2
90033,2
90034,2
90035,2
90036,2
90037,2
90038,2
90039,2
90040,2
90041,2
90042,2
90043,2
90044,2
90045,2
90046,2
90047,2
90048,2
90049,2
90050,1
90051,2
90052,2
90053,3
90054,3
90055,3
90056,2
90057,3
90058,2
90059,2
90060,2
90061,2
90062,3
90063,2
90064,2
90065,2
90066,2
90067,2
90068,2
90069,2
90070,2
90071,2
90072,2
90073,2
90074,2
90075,2
90076,2
90077,2
90078,2
90079,2
90080,2
90081,2
90082,2
90083,2
90084,2
90085,2
90086,2
90087,2
90088,2
90089,2
90090,2
90091,2
90092,2
90093,2
90094,2
90095,2
90096,2
90097,2
90098,2
90099,2
90100,2
90101,2
90102,2
90103,2
90104,2
90105,2
90106,2
90107,2
90108,2
90109,2
90110,2
90111,0
90112,2
90113,2
90114,2
90115,2
90116,2
90117,2
90118,2
90119,2
90120,2
90121,2
90122,2
90123,2
90124,2
90125,2
90126,2
90127,2
90128,2
90129,2
90130,2
90131,2
90132,2
90133,2
90134,2
90135,2
90136,2
90137,2
90138,2
90139,2
90140,2
90141,2
90142,2
90143,2
90144,2
90145,2
90146,2
90147,2
90148,2
90149,2
90150,2
90151,2
90152,2
90153,2
90154,2
90155,2
90156,2
90157,0
90158,2
90159,2
90160,2
90161,2
90162,2
90163,2
90164,2
90165,2
90166,2
90167,2
90168,2
90169,2
90170,2
90171,2
90172,2
90173,2
90174,2
90175,2
90176,2
90177,2
90178,2
90179,2
90180,2
90181,2
90182,2
90183,2
90184,2
90185,2
90186,2
90187,2
90188,2
90189,2
90190,2
90191,2
90192,2
90193,2
90194,2
90195,2
90196,2
90197,2
90198,2
90199,3
90200,2
90201,2
90202,2
90203,2
90204,2
90205,2
90206,2
90207,2
90208,2
90209,2
90210,2
90211,2
90212,2
90213,2
90214,2
90215,2
90216,2
90217,2
90218,2
90219,2
90220,2
90221,2
90222,2
90223,2
90224,2
90225,2
90226,2
90227,2
90228,2
90229,2
90230,2
90231,2
90232,2
90233,2
90234,2
90235,2
90236,2
90237,2
90238,2
90239,2
90240,2
90241,2
90242,2
90243,2
90244,2
90245,2
90246,2
90247,2
90248,0
90249,2
90250,2
90251,2
90252,2
90253,2
90254,2
90255,2
90256,2
90257,2
90258,2
90259,2
90260,2
90261,2
90262,2
90263,2
90264,2
90265,2
90266,2
90267,2
90268,2
90269,2
90270,2
90271,2
90272,2
90273,2
90274,2
90275,2
90276,2
90277,2
90278,2
90279,2
90280,2
90281,2
90282,2
90283,2
90284,2
90285,2
90286,2
90287,2
90288,2
90289,2
90290,2
90291,2
90292,2
90293,2
90294,2
90295,2
90296,2
90297,2
90298,2
90299,2
90300,2
90301,2
90302,2
90303,2
90304,2
90305,2
90306,2
90307,2
90308,2
90309,2
90310,2
90311,2
90312,2
90313,2
90314,2
90315,2
90316,2
90317,2
90318,2
90319,2
90320,2
90321,2
90322,2
90323,2
90324,2
90325,2
90326,2
90327,2
90328,2
90329,2
90330,2
90331,2
90332,2
90333,2
90334,2
90335,2
90336,2
90337,2
90338,2
90339,2
90340,2
90341,2
90342,2
90343,2
90344,2
90345,2
90346,2
90347,2
90348,2
90349,2
90350,2
90351,2
90352,2
90353,2
90354,2
90355,2
90356,2
90357,2
90358,2
90359,2
90360,2
90361,2
90362,2
90363,2
90364,2
90365,2
90366,2
90367,2
90368,2
90369,2
90370,2
90371,2
90372,2
90373,2
90374,2
90375,2
90376,2
90377,2
90378,2
90379,2
90380,2
90381,2
90382,2
90383,2
90384,2
90385,2
90386,2
90387,2
90388,2
90389,2
90390,2
90391,2
90392,2
90393,2
90394,2
90395,2
90396,2
90397,2
90398,2
90399,2
90400,2
90401,2
90402,2
90403,2
90404,2
90405,2
90406,2
90407,2
90408,2
90409,2
90410,2
90411,2
90412,2
90413,2
90414,2
90415,2
90416,2
90417,2
90418,2
90419,2
90420,2
90421,2
90422,2
90423,2
90424,0
90425,2
90426,2
90427,2
90428,0
90429,2
90430,2
90431,2
90432,2
90433,2
90434,2
90435,2
90436,2
90437,2
90438,2
90439,2
90440,2
90441,2
90442,2
90443,2
90444,2
90445,2
90446,2
90447,2
90448,2
90449,2
90450,2
90451,2
90452,2
90453,2
90454,2
90455,2
90456,2
90457,2
90458,2
90459,2
90460,2
90461,2
90462,2
90463,2
90464,2
90465,2
90466,2
90467,2
90468,2
90469,2
90470,2
90471,2
90472,2
90473,2
90474,2
90475,2
90476,2
90477,2
90478,2
90479,2
90480,2
90481,2
90482,2
90483,2
90484,2
90485,2
90486,2
90487,2
90488,2
90489,2
90490,2
90491,2
90492,2
90493,2
90494,2
90495,2
90496,2
90497,4
90498,4
90499,2
90500,2
90501,2
90502,2
90503,2
90504,2
90505,2
90506,3
90507,2
90508,2
90509,2
90510,2
90511,2
90512,2
90513,2
90514,2
90515,4
90516,2
90517,2
90518,3
90519,0
90520,3
90521,2
90522,2
90523,2
90524,4
90525,2
90526,2
90527,2
90528,4
90529,2
90530,2
90531,2
90532,2
90533,2
90534,3
90535,2
90536,2
90537,3
90538,2
90539,2
90540,2
90541,2
90542,2
90543,2
90544,2
90545,2
90546,3
90547,0
90548,3
90549,2
90550,2
90551,2
90552,2
90553,2
90554,2
90555,2
90556,2
90557,2
90558,2
90559,2
90560,2
90561,2
90562,4
90563,2
90564,2
90565,2
90566,2
90567,2
90568,2
90569,2
90570,2
90571,2
90572,2
90573,0
90574,2
90575,2
90576,2
90577,3
90578,3
90579,4
90580,3
90581,2
90582,2
90583,2
90584,2
90585,2
90586,2
90587,3
90588,3
90589,2
90590,0
90591,2
90592,2
90593,2
90594,2
90595,2
90596,2
90597,2
90598,2
90599,2
90600,2
90601,2
90602,2
90603,2
90604,2
90605,2
90606,2
90607,2
90608,2
90609,4
90610,2
90611,0
90612,2
90613,2
90614,2
90615,2
90616,2
90617,2
90618,2
90619,2
90620,2
90621,2
90622,2
90623,2
90624,2
90625,2
90626,2
90627,2
90628,0
90629,2
90630,2
90631,2
90632,2
90633,2
90634,2
90635,2
90636,2
90637,2
90638,2
90639,2
90640,2
90641,2
90642,2
90643,2
90644,2
90645,2
90646,2
90647,2
90648,2
90649,2
90650,2
90651,2
90652,2
90653,2
90654,2
90655,2
90656,2
90657,2
90658,2
90659,2
90660,2
90661,2
90662,2
90663,2
90664,2
90665,2
90666,2
90667,2
90668,2
90669,2
90670,2
90671,2
90672,2
90673,2
90674,2
90675,2
90676,2
90677,2
90678,2
90679,2
90680,2
90681,2
90682,2
90683,2
90684,2
90685,2
90686,2
90687,2
90688,2
90689,2
90690,2
90691,2
90692,2
90693,2
90694,2
90695,2
90696,2
90697,2
90698,2
90699,2
90700,2
90701,2
90702,2
90703,2
90704,2
90705,2
90706,2
90707,2
90708,2
90709,2
90710,2
90711,2
90712,2
90713,2
90714,2
90715,2
90716,2
90717,2
90718,2
90719,2
90720,2
90721,2
90722,2
90723,2
90724,2
90725,2
90726,2
90727,2
90728,2
90729,2
90730,2
90731,2
90732,2
90733,2
90734,2
90735,2
90736,2
90737,2
90738,2
90739,2
90740,2
90741,2
90742,2
90743,2
90744,2
90745,2
90746,2
90747,2
90748,2
90749,2
90750,2
90751,2
90752,2
90753,2
90754,2
90755,2
90756,2
90757,2
90758,2
90759,2
90760,2
90761,2
90762,2
90763,2
90764,2
90765,2
90766,2
90767,2
90768,2
90769,2
90770,2
90771,2
90772,2
90773,2
90774,2
90775,2
90776,2
90777,2
90778,2
90779,2
90780,2
90781,2
90782,2
90783,2
90784,2
90785,2
90786,2
90787,2
90788,2
90789,2
90790,2
90791,2
90792,2
90793,2
90794,2
90795,2
90796,2
90797,2
90798,2
90799,2
90800,2
90801,2
90802,2
90803,2
90804,2
90805,2
90806,2
90807,2
90808,2
90809,2
90810,2
90811,2
90812,2
90813,2
90814,2
90815,2
90816,2
90817,2
90818,2
90819,2
90820,2
90821,2
90822,2
90823,2
90824,2
90825,2
90826,2
90827,2
90828,2
90829,2
90830,2
90831,2
90832,2
90833,2
90834,2
90835,2
90836,2
90837,2
90838,2
90839,2
90840,2
90841,2
90842,2
90843,2
90844,2
90845,2
90846,2
90847,2
90848,2
90849,2
90850,2
90851,2
90852,2
90853,2
90854,2
90855,2
90856,2
90857,2
90858,2
90859,2
90860,2
90861,2
90862,2
90863,2
90864,2
90865,2
90866,2
90867,2
90868,2
90869,2
90870,2
90871,2
90872,2
90873,2
90874,2
90875,2
90876,2
90877,2
90878,2
90879,2
90880,2
90881,2
90882,2
90883,2
90884,2
90885,2
90886,2
90887,2
90888,2
90889,2
90890,2
90891,2
90892,2
90893,2
90894,2
90895,2
90896,2
90897,2
90898,2
90899,2
90900,2
90901,2
90902,2
90903,2
90904,2
90905,2
90906,2
90907,2
90908,2
90909,2
90910,2
90911,2
90912,2
90913,2
90914,2
90915,2
90916,2
90917,2
90918,2
90919,2
90920,2
90921,2
90922,2
90923,2
90924,2
90925,2
90926,2
90927,2
90928,2
90929,2
90930,2
90931,2
90932,2
90933,2
90934,2
90935,2
90936,2
90937,2
90938,2
90939,2
90940,2
90941,2
90942,2
90943,2
90944,2
90945,2
90946,2
90947,2
90948,2
90949,2
90950,2
90951,2
90952,2
90953,2
90954,2
90955,2
90956,2
90957,2
90958,2
90959,2
90960,2
90961,2
90962,2
90963,2
90964,2
90965,2
90966,2
90967,2
90968,2
90969,2
90970,2
90971,2
90972,2
90973,2
90974,2
90975,2
90976,2
90977,2
90978,2
90979,2
90980,2
90981,2
90982,2
90983,2
90984,2
90985,2
90986,2
90987,2
90988,2
90989,2
90990,2
90991,2
90992,2
90993,2
90994,2
90995,2
90996,2
90997,2
90998,2
90999,2
91000,2
91001,2
91002,2
91003,2
91004,2
91005,2
91006,2
91007,2
91008,2
91009,2
91010,2
91011,2
91012,2
91013,2
91014,2
91015,2
91016,2
91017,2
91018,2
91019,2
91020,2
91021,2
91022,2
91023,2
91024,2
91025,2
91026,2
91027,2
91028,2
91029,2
91030,2
91031,2
91032,2
91033,2
91034,2
91035,2
91036,2
91037,2
91038,2
91039,2
91040,2
91041,2
91042,2
91043,2
91044,2
91045,2
91046,2
91047,2
91048,2
91049,2
91050,2
91051,2
91052,2
91053,2
91054,2
91055,2
91056,2
91057,2
91058,2
91059,2
91060,2
91061,2
91062,2
91063,2
91064,2
91065,2
91066,2
91067,2
91068,2
91069,2
91070,2
91071,2
91072,2
91073,2
91074,2
91075,2
91076,2
91077,2
91078,2
91079,2
91080,2
91081,2
91082,2
91083,2
91084,2
91085,2
91086,2
91087,2
91088,2
91089,2
91090,2
91091,2
91092,2
91093,2
91094,2
91095,2
91096,2
91097,2
91098,2
91099,2
91100,2
91101,2
91102,2
91103,2
91104,2
91105,2
91106,2
91107,2
91108,2
91109,2
91110,2
91111,2
91112,2
91113,2
91114,2
91115,2
91116,2
91117,2
91118,2
91119,2
91120,2
91121,2
91122,2
91123,2
91124,2
91125,2
91126,2
91127,2
91128,2
91129,2
91130,2
91131,2
91132,2
91133,2
91134,2
91135,2
91136,2
91137,2
91138,2
91139,2
91140,2
91141,2
91142,2
91143,2
91144,2
91145,2
91146,2
91147,2
91148,2
91149,2
91150,2
91151,2
91152,2
91153,2
91154,2
91155,2
91156,2
91157,2
91158,2
91159,2
91160,2
91161,2
91162,2
91163,2
91164,2
91165,2
91166,2
91167,2
91168,2
91169,2
91170,2
91171,2
91172,2
91173,2
91174,2
91175,2
91176,2
91177,2
91178,2
91179,2
91180,2
91181,2
91182,2
91183,2
91184,2
91185,2
91186,2
91187,2
91188,2
91189,2
91190,2
91191,2
91192,2
91193,2
91194,2
91195,2
91196,2
91197,2
91198,2
91199,2
91200,2
91201,2
91202,2
91203,2
91204,2
91205,2
91206,2
91207,2
91208,2
91209,2
91210,2
91211,2
91212,2
91213,2
91214,2
91215,2
91216,2
91217,2
91218,2
91219,2
91220,2
91221,2
91222,2
91223,2
91224,2
91225,2
91226,2
91227,2
91228,2
91229,2
91230,2
91231,0
91232,2
91233,2
91234,2
91235,2
91236,2
91237,2
91238,2
91239,2
91240,2
91241,2
91242,2
91243,2
91244,2
91245,2
91246,2
91247,2
91248,2
91249,2
91250,2
91251,2
91252,2
91253,2
91254,2
91255,2
91256,2
91257,2
91258,2
91259,2
91260,2
91261,2
91262,2
91263,2
91264,2
91265,2
91266,2
91267,2
91268,2
91269,2
91270,2
91271,2
91272,2
91273,2
91274,2
91275,2
91276,2
91277,2
91278,2
91279,2
91280,2
91281,2
91282,2
91283,2
91284,2
91285,2
91286,2
91287,2
91288,2
91289,2
91290,2
91291,2
91292,2
91293,2
91294,2
91295,2
91296,2
91297,2
91298,2
91299,2
91300,2
91301,2
91302,2
91303,2
91304,2
91305,2
91306,2
91307,2
91308,2
91309,2
91310,2
91311,2
91312,2
91313,3
91314,2
91315,3
91316,3
91317,2
91318,2
91319,2
91320,2
91321,3
91322,3
91323,3
91324,3
91325,2
91326,2
91327,2
91328,3
91329,2
91330,2
91331,2
91332,2
91333,2
91334,2
91335,2
91336,2
91337,3
91338,2
91339,2
91340,2
91341,3
91342,2
91343,3
91344,2
91345,2
91346,2
91347,2
91348,2
91349,2
91350,2
91351,2
91352,2
91353,2
91354,2
91355,2
91356,2
91357,2
91358,2
91359,2
91360,2
91361,2
91362,3
91363,2
91364,2
91365,2
91366,2
91367,2
91368,2
91369,2
91370,2
91371,2
91372,2
91373,2
91374,3
91375,2
91376,2
91377,2
91378,2
91379,2
91380,2
91381,4
91382,2
91383,2
91384,3
91385,2
91386,2
91387,2
91388,3
91389,3
91390,3
91391,2
91392,2
91393,2
91394,2
91395,2
91396,2
91397,2
91398,2
91399,2
91400,2
91401,2
91402,4
91403,2
91404,2
91405,2
91406,4
91407,2
91408,2
91409,2
91410,2
91411,3
91412,2
91413,3
91414,2
91415,2
91416,2
91417,2
91418,3
91419,2
91420,2
91421,2
91422,2
91423,2
91424,3
91425,3
91426,4
91427,2
91428,3
91429,2
91430,3
91431,2
91432,3
91433,2
91434,2
91435,3
91436,3
91437,4
91438,3
91439,2
91440,2
91441,2
91442,2
91443,2
91444,3
91445,2
91446,2
91447,3
91448,2
91449,4
91450,2
91451,2
91452,2
91453,2
91454,2
91455,2
91456,2
91457,2
91458,2
91459,3
91460,4
91461,2
91462,2
91463,2
91464,2
91465,2
91466,2
91467,2
91468,2
91469,2
91470,2
91471,2
91472,2
91473,2
91474,2
91475,2
91476,2
91477,3
91478,3
91479,2
91480,2
91481,4
91482,2
91483,2
91484,2
91485,2
91486,2
91487,2
91488,2
91489,2
91490,2
91491,2
91492,2
91493,2
91494,2
91495,2
91496,2
91497,2
91498,2
91499,2
91500,2
91501,2
91502,2
91503,2
91504,2
91505,2
91506,2
91507,2
91508,2
91509,2
91510,2
91511,2
91512,2
91513,2
91514,2
91515,2
91516,2
91517,2
91518,2
91519,2
91520,2
91521,2
91522,2
91523,2
91524,0
91525,2
91526,2
91527,2
91528,2
91529,2
91530,2
91531,2
91532,2
91533,2
91534,2
91535,2
91536,2
91537,2
91538,2
91539,2
91540,2
91541,2
91542,2
91543,2
91544,2
91545,2
91546,2
91547,2
91548,2
91549,2
91550,2
91551,2
91552,2
91553,2
91554,2
91555,2
91556,2
91557,2
91558,2
91559,2
91560,2
91561,2
91562,2
91563,2
91564,2
91565,2
91566,2
91567,2
91568,2
91569,2
91570,2
91571,2
91572,2
91573,2
91574,2
91575,2
91576,2
91577,2
91578,2
91579,2
91580,2
91581,2
91582,2
91583,2
91584,2
91585,2
91586,2
91587,2
91588,2
91589,2
91590,2
91591,2
91592,2
91593,2
91594,2
91595,2
91596,2
91597,2
91598,2
91599,2
91600,2
91601,2
91602,2
91603,2
91604,2
91605,2
91606,2
91607,2
91608,2
91609,2
91610,2
91611,2
91612,2
91613,2
91614,2
91615,2
91616,2
91617,2
91618,2
91619,2
91620,2
91621,2
91622,2
91623,2
91624,2
91625,2
91626,2
91627,2
91628,2
91629,2
91630,2
91631,2
91632,2
91633,2
91634,2
91635,2
91636,2
91637,2
91638,2
91639,2
91640,2
91641,2
91642,2
91643,2
91644,2
91645,2
91646,2
91647,2
91648,2
91649,2
91650,2
91651,2
91652,2
91653,2
91654,2
91655,2
91656,2
91657,2
91658,2
91659,2
91660,2
91661,2
91662,2
91663,2
91664,2
91665,2
91666,2
91667,2
91668,2
91669,2
91670,2
91671,2
91672,2
91673,2
91674,2
91675,2
91676,2
91677,2
91678,2
91679,2
91680,2
91681,2
91682,2
91683,2
91684,2
91685,2
91686,2
91687,2
91688,2
91689,2
91690,2
91691,2
91692,2
91693,2
91694,2
91695,2
91696,2
91697,2
91698,2
91699,2
91700,2
91701,2
91702,2
91703,2
91704,2
91705,2
91706,2
91707,2
91708,2
91709,2
91710,2
91711,2
91712,2
91713,2
91714,2
91715,2
91716,2
91717,2
91718,2
91719,2
91720,2
91721,2
91722,2
91723,2
91724,2
91725,2
91726,2
91727,2
91728,2
91729,2
91730,2
91731,2
91732,2
91733,2
91734,2
91735,2
91736,2
91737,2
91738,2
91739,2
91740,2
91741,2
91742,2
91743,0
91744,2
91745,2
91746,2
91747,2
91748,2
91749,2
91750,2
91751,2
91752,2
91753,2
91754,2
91755,2
91756,2
91757,2
91758,2
91759,2
91760,2
91761,2
91762,2
91763,2
91764,2
91765,2
91766,2
91767,2
91768,2
91769,2
91770,2
91771,2
91772,2
91773,2
91774,2
91775,2
91776,2
91777,2
91778,2
91779,2
91780,2
91781,2
91782,2
91783,2
91784,2
91785,2
91786,2
91787,2
91788,2
91789,2
91790,2
91791,2
91792,2
91793,2
91794,2
91795,2
91796,2
91797,2
91798,2
91799,2
91800,2
91801,2
91802,2
91803,2
91804,2
91805,2
91806,2
91807,2
91808,2
91809,2
91810,2
91811,2
91812,2
91813,2
91814,2
91815,2
91816,2
91817,2
91818,2
91819,2
91820,2
91821,2
91822,2
91823,2
91824,2
91825,2
91826,2
91827,2
91828,2
91829,2
91830,2
91831,2
91832,2
91833,2
91834,2
91835,2
91836,2
91837,2
91838,2
91839,2
91840,2
91841,2
91842,2
91843,2
91844,2
91845,2
91846,2
91847,2
91848,2
91849,2
91850,2
91851,2
91852,2
91853,2
91854,2
91855,2
91856,2
91857,2
91858,2
91859,2
91860,2
91861,2
91862,2
91863,2
91864,2
91865,2
91866,2
91867,0
91868,2
91869,2
91870,2
91871,2
91872,2
91873,2
91874,2
91875,2
91876,2
91877,2
91878,2
91879,2
91880,2
91881,2
91882,2
91883,2
91884,2
91885,2
91886,2
91887,2
91888,2
91889,2
91890,2
91891,2
91892,2
91893,2
91894,2
91895,2
91896,2
91897,2
91898,2
91899,2
91900,2
91901,2
91902,2
91903,2
91904,2
91905,2
91906,2
91907,2
91908,2
91909,2
91910,2
91911,2
91912,2
91913,2
91914,2
91915,2
91916,2
91917,2
91918,2
91919,2
91920,2
91921,2
91922,2
91923,2
91924,2
91925,2
91926,2
91927,2
91928,2
91929,2
91930,2
91931,2
91932,2
91933,2
91934,2
91935,2
91936,2
91937,2
91938,2
91939,2
91940,2
91941,2
91942,2
91943,2
91944,2
91945,2
91946,2
91947,2
91948,2
91949,2
91950,2
91951,2
91952,2
91953,2
91954,2
91955,2
91956,2
91957,2
91958,2
91959,2
91960,2
91961,2
91962,2
91963,2
91964,2
91965,2
91966,2
91967,2
91968,2
91969,2
91970,2
91971,2
91972,2
91973,2
91974,2
91975,2
91976,2
91977,2
91978,2
91979,2
91980,2
91981,2
91982,2
91983,2
91984,2
91985,2
91986,2
91987,2
91988,2
91989,2
91990,2
91991,2
91992,2
91993,2
91994,2
91995,2
91996,2
91997,2
91998,2
91999,2
92000,2
92001,2
92002,2
92003,2
92004,2
92005,2
92006,2
92007,2
92008,2
92009,2
92010,2
92011,2
92012,2
92013,2
92014,2
92015,2
92016,2
92017,2
92018,2
92019,2
92020,2
92021,2
92022,2
92023,2
92024,2
92025,2
92026,2
92027,2
92028,2
92029,2
92030,2
92031,2
92032,2
92033,2
92034,2
92035,2
92036,2
92037,2
92038,2
92039,2
92040,2
92041,2
92042,2
92043,2
92044,2
92045,2
92046,2
92047,2
92048,2
92049,2
92050,2
92051,2
92052,2
92053,2
92054,2
92055,2
92056,2
92057,2
92058,2
92059,2
92060,2
92061,2
92062,2
92063,2
92064,2
92065,2
92066,2
92067,2
92068,2
92069,2
92070,2
92071,2
92072,2
92073,2
92074,2
92075,2
92076,2
92077,2
92078,2
92079,2
92080,2
92081,2
92082,2
92083,2
92084,2
92085,2
92086,2
92087,2
92088,2
92089,2
92090,2
92091,2
92092,2
92093,2
92094,2
92095,2
92096,2
92097,2
92098,2
92099,2
92100,2
92101,2
92102,2
92103,2
92104,2
92105,2
92106,2
92107,2
92108,2
92109,2
92110,2
92111,2
92112,2
92113,2
92114,2
92115,2
92116,2
92117,2
92118,2
92119,2
92120,2
92121,2
92122,2
92123,2
92124,2
92125,2
92126,2
92127,2
92128,2
92129,2
92130,2
92131,2
92132,2
92133,2
92134,2
92135,2
92136,2
92137,2
92138,2
92139,2
92140,2
92141,2
92142,2
92143,2
92144,2
92145,2
92146,2
92147,2
92148,2
92149,2
92150,2
92151,2
92152,2
92153,2
92154,2
92155,2
92156,2
92157,2
92158,2
92159,2
92160,2
92161,2
92162,2
92163,2
92164,2
92165,2
92166,2
92167,2
92168,2
92169,2
92170,2
92171,2
92172,2
92173,2
92174,2
92175,2
92176,2
92177,2
92178,2
92179,2
92180,2
92181,2
92182,2
92183,2
92184,2
92185,2
92186,2
92187,2
92188,2
92189,2
92190,2
92191,2
92192,2
92193,2
92194,2
92195,2
92196,2
92197,2
92198,2
92199,2
92200,2
92201,2
92202,2
92203,2
92204,2
92205,2
92206,2
92207,2
92208,2
92209,2
92210,2
92211,2
92212,2
92213,2
92214,2
92215,2
92216,2
92217,2
92218,2
92219,2
92220,2
92221,2
92222,2
92223,2
92224,2
92225,2
92226,2
92227,2
92228,2
92229,2
92230,2
92231,2
92232,2
92233,2
92234,2
92235,2
92236,2
92237,2
92238,2
92239,2
92240,2
92241,2
92242,2
92243,2
92244,2
92245,2
92246,2
92247,2
92248,2
92249,2
92250,2
92251,2
92252,2
92253,2
92254,2
92255,2
92256,2
92257,2
92258,2
92259,2
92260,2
92261,2
92262,2
92263,2
92264,2
92265,2
92266,2
92267,2
92268,2
92269,2
92270,2
92271,2
92272,2
92273,2
92274,2
92275,2
92276,2
92277,2
92278,2
92279,0
92280,2
92281,2
92282,2
92283,2
92284,2
92285,2
92286,2
92287,2
92288,2
92289,2
92290,2
92291,2
92292,2
92293,2
92294,2
92295,3
92296,3
92297,2
92298,0
92299,0
92300,2
92301,2
92302,2
92303,2
92304,4
92305,2
92306,2
92307,2
92308,4
92309,2
92310,2
92311,2
92312,2
92313,2
92314,2
92315,2
92316,2
92317,2
92318,2
92319,2
92320,2
92321,2
92322,2
92323,2
92324,2
92325,0
92326,2
92327,2
92328,2
92329,2
92330,2
92331,2
92332,2
92333,0
92334,0
92335,0
92336,2
92337,2
92338,2
92339,2
92340,0
92341,2
92342,2
92343,2
92344,2
92345,2
92346,2
92347,2
92348,2
92349,2
92350,0
92351,2
92352,0
92353,2
92354,2
92355,2
92356,2
92357,0
92358,2
92359,2
92360,2
92361,2
92362,2
92363,2
92364,2
92365,2
92366,2
92367,2
92368,2
92369,2
92370,0
92371,2
92372,2
92373,2
92374,0
92375,2
92376,2
92377,2
92378,2
92379,2
92380,2
92381,0
92382,0
92383,2
92384,2
92385,2
92386,2
92387,2
92388,0
92389,0
92390,2
92391,2
92392,2
92393,2
92394,2
92395,2
92396,2
92397,2
92398,2
92399,2
92400,2
92401,2
92402,2
92403,2
92404,2
92405,2
92406,2
92407,2
92408,2
92409,2
92410,2
92411,2
92412,2
92413,2
92414,2
92415,2
92416,2
92417,2
92418,2
92419,2
92420,2
92421,3
92422,2
92423,2
92424,2
92425,2
92426,2
92427,2
92428,2
92429,2
92430,2
92431,2
92432,2
92433,2
92434,2
92435,2
92436,2
92437,2
92438,2
92439,2
92440,2
92441,2
92442,2
92443,2
92444,2
92445,2
92446,2
92447,2
92448,2
92449,2
92450,2
92451,2
92452,2
92453,2
92454,2
92455,2
92456,2
92457,2
92458,2
92459,4
92460,2
92461,2
92462,2
92463,3
92464,4
92465,2
92466,2
92467,2
92468,2
92469,2
92470,2
92471,2
92472,2
92473,2
92474,2
92475,2
92476,2
92477,2
92478,2
92479,2
92480,2
92481,2
92482,2
92483,2
92484,2
92485,2
92486,2
92487,2
92488,2
92489,2
92490,2
92491,2
92492,2
92493,2
92494,2
92495,2
92496,2
92497,2
92498,2
92499,2
92500,2
92501,2
92502,2
92503,2
92504,2
92505,2
92506,3
92507,2
92508,2
92509,2
92510,2
92511,2
92512,2
92513,3
92514,2
92515,2
92516,2
92517,2
92518,3
92519,2
92520,4
92521,3
92522,2
92523,2
92524,2
92525,2
92526,2
92527,2
92528,2
92529,2
92530,4
92531,2
92532,2
92533,2
92534,2
92535,2
92536,2
92537,3
92538,3
92539,3
92540,3
92541,2
92542,2
92543,4
92544,2
92545,2
92546,2
92547,2
92548,0
92549,2
92550,2
92551,2
92552,2
92553,2
92554,2
92555,2
92556,2
92557,2
92558,2
92559,2
92560,0
92561,2
92562,2
92563,2
92564,2
92565,2
92566,2
92567,2
92568,2
92569,2
92570,2
92571,2
92572,2
92573,2
92574,2
92575,2
92576,2
92577,2
92578,2
92579,2
92580,2
92581,2
92582,2
92583,2
92584,2
92585,2
92586,2
92587,4
92588,2
92589,2
92590,2
92591,2
92592,2
92593,2
92594,2
92595,3
92596,2
92597,2
92598,2
92599,2
92600,2
92601,2
92602,2
92603,2
92604,2
92605,2
92606,2
92607,2
92608,2
92609,2
92610,2
92611,2
92612,2
92613,2
92614,2
92615,2
92616,2
92617,2
92618,2
92619,2
92620,2
92621,2
92622,2
92623,2
92624,2
92625,2
92626,2
92627,2
92628,2
92629,2
92630,2
92631,2
92632,2
92633,2
92634,2
92635,2
92636,2
92637,2
92638,2
92639,2
92640,2
92641,2
92642,2
92643,2
92644,2
92645,2
92646,2
92647,2
92648,2
92649,2
92650,2
92651,2
92652,2
92653,2
92654,2
92655,3
92656,3
92657,3
92658,3
92659,2
92660,2
92661,3
92662,2
92663,2
92664,2
92665,2
92666,2
92667,2
92668,3
92669,2
92670,2
92671,2
92672,2
92673,2
92674,2
92675,2
92676,2
92677,2
92678,2
92679,2
92680,2
92681,2
92682,2
92683,2
92684,2
92685,2
92686,2
92687,2
92688,2
92689,2
92690,2
92691,2
92692,2
92693,2
92694,2
92695,2
92696,2
92697,2
92698,2
92699,2
92700,2
92701,2
92702,2
92703,2
92704,2
92705,2
92706,2
92707,2
92708,2
92709,2
92710,2
92711,2
92712,2
92713,2
92714,2
92715,2
92716,2
92717,2
92718,2
92719,2
92720,2
92721,2
92722,2
92723,2
92724,2
92725,2
92726,2
92727,2
92728,2
92729,2
92730,2
92731,2
92732,2
92733,2
92734,2
92735,2
92736,2
92737,2
92738,2
92739,2
92740,2
92741,2
92742,2
92743,2
92744,2
92745,2
92746,2
92747,2
92748,2
92749,2
92750,2
92751,2
92752,2
92753,2
92754,2
92755,2
92756,2
92757,2
92758,3
92759,2
92760,2
92761,2
92762,2
92763,2
92764,2
92765,2
92766,2
92767,2
92768,2
92769,2
92770,2
92771,2
92772,2
92773,2
92774,2
92775,2
92776,2
92777,2
92778,2
92779,2
92780,2
92781,2
92782,2
92783,2
92784,2
92785,2
92786,2
92787,2
92788,2
92789,2
92790,2
92791,2
92792,2
92793,2
92794,2
92795,2
92796,2
92797,2
92798,2
92799,2
92800,2
92801,2
92802,2
92803,2
92804,2
92805,2
92806,2
92807,2
92808,2
92809,2
92810,2
92811,2
92812,2
92813,2
92814,2
92815,2
92816,2
92817,2
92818,2
92819,2
92820,2
92821,2
92822,2
92823,2
92824,2
92825,2
92826,2
92827,2
92828,2
92829,2
92830,2
92831,2
92832,2
92833,2
92834,2
92835,2
92836,2
92837,2
92838,2
92839,2
92840,2
92841,2
92842,2
92843,2
92844,2
92845,2
92846,2
92847,2
92848,2
92849,2
92850,2
92851,2
92852,2
92853,2
92854,2
92855,2
92856,2
92857,2
92858,2
92859,2
92860,2
92861,2
92862,2
92863,2
92864,2
92865,2
92866,2
92867,2
92868,2
92869,2
92870,2
92871,2
92872,2
92873,2
92874,2
92875,2
92876,2
92877,2
92878,2
92879,2
92880,2
92881,0
92882,2
92883,2
92884,2
92885,2
92886,2
92887,2
92888,2
92889,2
92890,2
92891,2
92892,2
92893,2
92894,2
92895,2
92896,2
92897,2
92898,2
92899,2
92900,2
92901,2
92902,2
92903,2
92904,2
92905,2
92906,2
92907,2
92908,2
92909,2
92910,2
92911,2
92912,2
92913,2
92914,2
92915,2
92916,2
92917,2
92918,0
92919,2
92920,2
92921,2
92922,2
92923,2
92924,2
92925,2
92926,2
92927,2
92928,2
92929,2
92930,2
92931,2
92932,2
92933,2
92934,2
92935,2
92936,2
92937,2
92938,2
92939,2
92940,2
92941,2
92942,2
92943,2
92944,2
92945,2
92946,2
92947,2
92948,2
92949,2
92950,2
92951,2
92952,2
92953,2
92954,2
92955,2
92956,2
92957,2
92958,2
92959,2
92960,2
92961,2
92962,2
92963,2
92964,2
92965,2
92966,2
92967,2
92968,2
92969,2
92970,2
92971,2
92972,2
92973,2
92974,2
92975,2
92976,2
92977,2
92978,2
92979,2
92980,2
92981,2
92982,2
92983,2
92984,2
92985,2
92986,2
92987,2
92988,2
92989,2
92990,2
92991,2
92992,2
92993,2
92994,2
92995,2
92996,2
92997,2
92998,2
92999,2
93000,2
93001,2
93002,2
93003,2
93004,2
93005,2
93006,2
93007,2
93008,2
93009,2
93010,2
93011,2
93012,2
93013,2
93014,2
93015,2
93016,2
93017,2
93018,2
93019,2
93020,2
93021,2
93022,2
93023,2
93024,2
93025,2
93026,2
93027,2
93028,2
93029,2
93030,2
93031,2
93032,2
93033,2
93034,2
93035,2
93036,2
93037,2
93038,2
93039,2
93040,2
93041,2
93042,2
93043,2
93044,2
93045,2
93046,2
93047,2
93048,2
93049,2
93050,2
93051,2
93052,2
93053,2
93054,2
93055,2
93056,2
93057,2
93058,2
93059,2
93060,2
93061,2
93062,2
93063,2
93064,2
93065,2
93066,2
93067,2
93068,2
93069,2
93070,2
93071,2
93072,2
93073,2
93074,2
93075,2
93076,2
93077,2
93078,2
93079,2
93080,2
93081,2
93082,2
93083,2
93084,2
93085,2
93086,2
93087,2
93088,2
93089,2
93090,2
93091,2
93092,2
93093,2
93094,2
93095,2
93096,2
93097,2
93098,2
93099,2
93100,2
93101,2
93102,2
93103,2
93104,2
93105,2
93106,2
93107,2
93108,2
93109,2
93110,2
93111,2
93112,2
93113,2
93114,2
93115,2
93116,2
93117,2
93118,2
93119,2
93120,2
93121,2
93122,2
93123,2
93124,2
93125,2
93126,2
93127,2
93128,2
93129,2
93130,2
93131,2
93132,2
93133,2
93134,2
93135,2
93136,2
93137,2
93138,2
93139,2
93140,2
93141,2
93142,2
93143,2
93144,2
93145,2
93146,2
93147,2
93148,2
93149,2
93150,2
93151,2
93152,2
93153,2
93154,2
93155,2
93156,2
93157,2
93158,2
93159,2
93160,2
93161,2
93162,2
93163,2
93164,2
93165,2
93166,2
93167,2
93168,2
93169,2
93170,2
93171,2
93172,2
93173,2
93174,2
93175,2
93176,2
93177,2
93178,2
93179,2
93180,2
93181,2
93182,0
93183,2
93184,2
93185,2
93186,2
93187,2
93188,2
93189,2
93190,2
93191,2
93192,2
93193,2
93194,2
93195,2
93196,2
93197,2
93198,2
93199,2
93200,2
93201,2
93202,2
93203,2
93204,2
93205,2
93206,2
93207,2
93208,2
93209,2
93210,2
93211,2
93212,2
93213,2
93214,2
93215,2
93216,2
93217,2
93218,2
93219,2
93220,2
93221,2
93222,2
93223,2
93224,2
93225,2
93226,2
93227,2
93228,2
93229,2
93230,2
93231,2
93232,2
93233,2
93234,2
93235,2
93236,2
93237,2
93238,2
93239,2
93240,2
93241,2
93242,2
93243,2
93244,2
93245,2
93246,2
93247,2
93248,2
93249,2
93250,2
93251,2
93252,2
93253,2
93254,2
93255,2
93256,2
93257,2
93258,2
93259,2
93260,2
93261,2
93262,2
93263,2
93264,2
93265,2
93266,2
93267,0
93268,2
93269,3
93270,2
93271,2
93272,2
93273,2
93274,4
93275,3
93276,2
93277,2
93278,2
93279,2
93280,2
93281,2
93282,2
93283,3
93284,2
93285,2
93286,3
93287,2
93288,2
93289,2
93290,3
93291,2
93292,2
93293,2
93294,2
93295,2
93296,2
93297,2
93298,2
93299,2
93300,3
93301,2
93302,2
93303,2
93304,2
93305,0
93306,0
93307,2
93308,2
93309,2
93310,2
93311,2
93312,2
93313,2
93314,2
93315,2
93316,0
93317,0
93318,2
93319,2
93320,0
93321,2
93322,2
93323,2
93324,2
93325,2
93326,2
93327,2
93328,0
93329,2
93330,2
93331,2
93332,2
93333,2
93334,2
93335,2
93336,2
93337,2
93338,2
93339,2
93340,2
93341,3
93342,2
93343,2
93344,2
93345,2
93346,2
93347,2
93348,2
93349,2
93350,2
93351,2
93352,2
93353,2
93354,2
93355,3
93356,2
93357,2
93358,2
93359,2
93360,3
93361,0
93362,2
93363,2
93364,2
93365,2
93366,2
93367,2
93368,2
93369,2
93370,2
93371,2
93372,2
93373,2
93374,2
93375,2
93376,2
93377,2
93378,2
93379,2
93380,2
93381,2
93382,2
93383,2
93384,2
93385,2
93386,2
93387,2
93388,2
93389,2
93390,2
93391,2
93392,2
93393,2
93394,2
93395,2
93396,0
93397,2
93398,2
93399,3
93400,2
93401,2
93402,3
93403,2
93404,2
93405,2
93406,2
93407,2
93408,2
93409,2
93410,2
93411,2
93412,2
93413,2
93414,2
93415,2
93416,2
93417,2
93418,2
93419,2
93420,2
93421,2
93422,2
93423,2
93424,2
93425,2
93426,2
93427,2
93428,2
93429,2
93430,2
93431,2
93432,2
93433,2
93434,2
93435,2
93436,2
93437,2
93438,2
93439,2
93440,2
93441,2
93442,2
93443,2
93444,2
93445,2
93446,2
93447,2
93448,2
93449,2
93450,2
93451,2
93452,2
93453,2
93454,2
93455,2
93456,2
93457,2
93458,2
93459,2
93460,2
93461,3
93462,2
93463,2
93464,2
93465,2
93466,2
93467,2
93468,2
93469,3
93470,2
93471,2
93472,3
93473,2
93474,2
93475,2
93476,2
93477,3
93478,2
93479,2
93480,2
93481,2
93482,2
93483,2
93484,2
93485,2
93486,4
93487,2
93488,2
93489,3
93490,2
93491,2
93492,2
93493,2
93494,2
93495,2
93496,2
93497,2
93498,2
93499,2
93500,2
93501,2
93502,2
93503,2
93504,3
93505,3
93506,2
93507,3
93508,3
93509,3
93510,2
93511,2
93512,2
93513,2
93514,2
93515,2
93516,2
93517,3
93518,2
93519,2
93520,2
93521,2
93522,2
93523,2
93524,2
93525,2
93526,2
93527,2
93528,2
93529,2
93530,2
93531,2
93532,2
93533,2
93534,2
93535,4
93536,0
93537,2
93538,2
93539,2
93540,2
93541,2
93542,2
93543,2
93544,2
93545,2
93546,2
93547,2
93548,2
93549,2
93550,2
93551,2
93552,2
93553,3
93554,2
93555,2
93556,2
93557,2
93558,2
93559,2
93560,2
93561,2
93562,2
93563,2
93564,2
93565,2
93566,2
93567,2
93568,2
93569,2
93570,2
93571,2
93572,2
93573,3
93574,2
93575,2
93576,2
93577,2
93578,2
93579,2
93580,2
93581,2
93582,2
93583,2
93584,2
93585,2
93586,2
93587,2
93588,2
93589,2
93590,2
93591,2
93592,3
93593,2
93594,2
93595,2
93596,2
93597,2
93598,2
93599,2
93600,2
93601,2
93602,0
93603,2
93604,2
93605,0
93606,2
93607,2
93608,2
93609,2
93610,3
93611,2
93612,2
93613,2
93614,2
93615,2
93616,2
93617,2
93618,2
93619,2
93620,2
93621,2
93622,2
93623,2
93624,2
93625,2
93626,2
93627,2
93628,2
93629,2
93630,4
93631,2
93632,2
93633,2
93634,2
93635,2
93636,2
93637,2
93638,2
93639,2
93640,2
93641,2
93642,2
93643,2
93644,2
93645,2
93646,2
93647,2
93648,2
93649,2
93650,2
93651,0
93652,2
93653,2
93654,2
93655,2
93656,2
93657,2
93658,2
93659,2
93660,2
93661,2
93662,2
93663,2
93664,2
93665,2
93666,2
93667,2
93668,2
93669,2
93670,2
93671,2
93672,2
93673,2
93674,2
93675,2
93676,2
93677,2
93678,2
93679,2
93680,2
93681,2
93682,2
93683,2
93684,2
93685,2
93686,2
93687,2
93688,2
93689,2
93690,2
93691,2
93692,2
93693,2
93694,2
93695,2
93696,2
93697,2
93698,2
93699,2
93700,2
93701,2
93702,2
93703,2
93704,2
93705,2
93706,2
93707,2
93708,2
93709,2
93710,2
93711,2
93712,2
93713,2
93714,2
93715,0
93716,2
93717,2
93718,2
93719,2
93720,2
93721,2
93722,2
93723,2
93724,2
93725,2
93726,2
93727,2
93728,2
93729,2
93730,2
93731,2
93732,2
93733,2
93734,2
93735,2
93736,0
93737,2
93738,2
93739,2
93740,2
93741,2
93742,2
93743,2
93744,2
93745,2
93746,2
93747,2
93748,2
93749,2
93750,2
93751,2
93752,2
93753,2
93754,2
93755,2
93756,2
93757,2
93758,2
93759,2
93760,2
93761,2
93762,2
93763,2
93764,2
93765,2
93766,2
93767,0
93768,2
93769,2
93770,2
93771,2
93772,2
93773,2
93774,2
93775,2
93776,2
93777,2
93778,2
93779,2
93780,2
93781,2
93782,2
93783,2
93784,2
93785,2
93786,2
93787,2
93788,2
93789,2
93790,2
93791,0
93792,2
93793,2
93794,2
93795,2
93796,2
93797,2
93798,2
93799,2
93800,2
93801,2
93802,2
93803,2
93804,2
93805,2
93806,2
93807,2
93808,2
93809,2
93810,2
93811,2
93812,2
93813,2
93814,2
93815,2
93816,2
93817,2
93818,2
93819,2
93820,2
93821,2
93822,2
93823,2
93824,2
93825,2
93826,2
93827,2
93828,2
93829,2
93830,2
93831,2
93832,2
93833,2
93834,2
93835,2
93836,2
93837,2
93838,2
93839,2
93840,2
93841,2
93842,2
93843,2
93844,2
93845,2
93846,2
93847,2
93848,2
93849,2
93850,2
93851,2
93852,2
93853,2
93854,2
93855,2
93856,2
93857,2
93858,2
93859,2
93860,2
93861,2
93862,2
93863,2
93864,2
93865,2
93866,2
93867,2
93868,2
93869,2
93870,2
93871,2
93872,2
93873,2
93874,2
93875,2
93876,2
93877,2
93878,2
93879,2
93880,2
93881,2
93882,2
93883,2
93884,2
93885,2
93886,2
93887,2
93888,2
93889,0
93890,2
93891,2
93892,2
93893,2
93894,2
93895,2
93896,2
93897,2
93898,2
93899,2
93900,2
93901,2
93902,2
93903,2
93904,2
93905,2
93906,2
93907,2
93908,2
93909,2
93910,2
93911,2
93912,2
93913,2
93914,0
93915,2
93916,2
93917,2
93918,2
93919,2
93920,2
93921,2
93922,2
93923,2
93924,2
93925,2
93926,2
93927,2
93928,2
93929,2
93930,2
93931,2
93932,2
93933,2
93934,2
93935,2
93936,2
93937,2
93938,2
93939,2
93940,2
93941,2
93942,2
93943,2
93944,2
93945,2
93946,2
93947,2
93948,2
93949,2
93950,2
93951,2
93952,2
93953,2
93954,2
93955,2
93956,2
93957,2
93958,2
93959,0
93960,2
93961,2
93962,2
93963,2
93964,2
93965,2
93966,2
93967,2
93968,2
93969,2
93970,2
93971,2
93972,2
93973,2
93974,2
93975,2
93976,2
93977,2
93978,2
93979,2
93980,2
93981,2
93982,2
93983,2
93984,2
93985,2
93986,2
93987,2
93988,2
93989,2
93990,2
93991,2
93992,2
93993,2
93994,2
93995,2
93996,2
93997,2
93998,2
93999,2
94000,2
94001,2
94002,2
94003,2
94004,2
94005,2
94006,2
94007,2
94008,2
94009,2
94010,2
94011,2
94012,2
94013,2
94014,2
94015,2
94016,2
94017,2
94018,2
94019,2
94020,2
94021,2
94022,2
94023,2
94024,2
94025,2
94026,2
94027,2
94028,2
94029,2
94030,2
94031,2
94032,2
94033,2
94034,2
94035,2
94036,2
94037,2
94038,2
94039,2
94040,2
94041,2
94042,2
94043,2
94044,2
94045,2
94046,2
94047,2
94048,2
94049,2
94050,2
94051,2
94052,2
94053,2
94054,2
94055,2
94056,2
94057,2
94058,2
94059,2
94060,2
94061,0
94062,2
94063,2
94064,2
94065,2
94066,2
94067,2
94068,2
94069,2
94070,2
94071,2
94072,2
94073,2
94074,2
94075,2
94076,2
94077,2
94078,2
94079,2
94080,2
94081,2
94082,2
94083,2
94084,2
94085,2
94086,2
94087,2
94088,2
94089,2
94090,2
94091,2
94092,2
94093,2
94094,2
94095,2
94096,2
94097,2
94098,2
94099,2
94100,2
94101,2
94102,2
94103,2
94104,2
94105,2
94106,2
94107,2
94108,2
94109,2
94110,2
94111,2
94112,2
94113,2
94114,2
94115,2
94116,2
94117,2
94118,2
94119,2
94120,2
94121,2
94122,2
94123,2
94124,2
94125,2
94126,2
94127,2
94128,2
94129,2
94130,2
94131,2
94132,2
94133,2
94134,2
94135,2
94136,2
94137,2
94138,2
94139,2
94140,2
94141,2
94142,2
94143,2
94144,2
94145,2
94146,2
94147,2
94148,2
94149,2
94150,2
94151,2
94152,2
94153,2
94154,2
94155,2
94156,2
94157,2
94158,2
94159,2
94160,2
94161,2
94162,2
94163,2
94164,2
94165,2
94166,2
94167,2
94168,2
94169,2
94170,2
94171,2
94172,2
94173,2
94174,2
94175,2
94176,2
94177,2
94178,2
94179,2
94180,2
94181,2
94182,2
94183,2
94184,2
94185,2
94186,2
94187,2
94188,2
94189,2
94190,2
94191,2
94192,2
94193,2
94194,2
94195,2
94196,2
94197,2
94198,2
94199,2
94200,2
94201,2
94202,2
94203,2
94204,2
94205,2
94206,2
94207,2
94208,2
94209,2
94210,2
94211,2
94212,2
94213,2
94214,2
94215,2
94216,2
94217,2
94218,2
94219,2
94220,2
94221,2
94222,2
94223,2
94224,2
94225,2
94226,2
94227,3
94228,2
94229,2
94230,2
94231,2
94232,2
94233,2
94234,2
94235,2
94236,2
94237,2
94238,3
94239,2
94240,2
94241,2
94242,2
94243,2
94244,2
94245,2
94246,2
94247,3
94248,2
94249,2
94250,2
94251,2
94252,2
94253,2
94254,2
94255,2
94256,2
94257,2
94258,2
94259,2
94260,2
94261,2
94262,2
94263,2
94264,2
94265,2
94266,2
94267,2
94268,2
94269,2
94270,2
94271,0
94272,2
94273,2
94274,2
94275,2
94276,2
94277,2
94278,2
94279,2
94280,2
94281,2
94282,2
94283,2
94284,3
94285,2
94286,2
94287,0
94288,2
94289,0
94290,2
94291,2
94292,3
94293,2
94294,2
94295,2
94296,2
94297,2
94298,2
94299,2
94300,2
94301,2
94302,2
94303,2
94304,2
94305,2
94306,2
94307,2
94308,2
94309,2
94310,2
94311,2
94312,2
94313,2
94314,2
94315,2
94316,2
94317,3
94318,2
94319,3
94320,2
94321,2
94322,2
94323,2
94324,2
94325,2
94326,2
94327,2
94328,2
94329,2
94330,2
94331,2
94332,2
94333,0
94334,2
94335,2
94336,2
94337,2
94338,2
94339,2
94340,0
94341,2
94342,2
94343,2
94344,2
94345,2
94346,2
94347,2
94348,2
94349,2
94350,2
94351,2
94352,3
94353,2
94354,2
94355,0
94356,2
94357,2
94358,2
94359,2
94360,2
94361,2
94362,3
94363,1
94364,1
94365,3
94366,3
94367,3
94368,3
94369,3
94370,2
94371,2
94372,2
94373,2
94374,2
94375,2
94376,2
94377,2
94378,2
94379,2
94380,2
94381,2
94382,2
94383,2
94384,2
94385,2
94386,2
94387,2
94388,2
94389,2
94390,2
94391,2
94392,2
94393,2
94394,2
94395,2
94396,2
94397,2
94398,2
94399,2
94400,2
94401,2
94402,2
94403,2
94404,2
94405,2
94406,2
94407,2
94408,2
94409,2
94410,2
94411,2
94412,2
94413,2
94414,2
94415,2
94416,2
94417,2
94418,2
94419,2
94420,2
94421,2
94422,2
94423,2
94424,2
94425,2
94426,2
94427,2
94428,2
94429,2
94430,2
94431,2
94432,2
94433,2
94434,0
94435,2
94436,0
94437,2
94438,2
94439,2
94440,2
94441,2
94442,2
94443,2
94444,2
94445,2
94446,2
94447,2
94448,2
94449,2
94450,0
94451,2
94452,2
94453,2
94454,2
94455,2
94456,2
94457,2
94458,2
94459,2
94460,2
94461,2
94462,2
94463,2
94464,2
94465,2
94466,2
94467,2
94468,2
94469,2
94470,2
94471,2
94472,2
94473,0
94474,2
94475,2
94476,2
94477,2
94478,2
94479,0
94480,2
94481,2
94482,2
94483,2
94484,2
94485,2
94486,2
94487,2
94488,2
94489,2
94490,2
94491,2
94492,2
94493,2
94494,2
94495,2
94496,2
94497,2
94498,2
94499,2
94500,2
94501,2
94502,2
94503,2
94504,2
94505,2
94506,2
94507,2
94508,2
94509,2
94510,2
94511,2
94512,2
94513,2
94514,2
94515,2
94516,2
94517,2
94518,2
94519,2
94520,2
94521,2
94522,2
94523,2
94524,2
94525,2
94526,2
94527,2
94528,2
94529,2
94530,2
94531,2
94532,2
94533,2
94534,2
94535,2
94536,2
94537,2
94538,2
94539,2
94540,2
94541,2
94542,2
94543,2
94544,2
94545,2
94546,2
94547,2
94548,2
94549,2
94550,2
94551,2
94552,2
94553,2
94554,2
94555,2
94556,2
94557,2
94558,2
94559,2
94560,2
94561,2
94562,2
94563,2
94564,2
94565,2
94566,2
94567,2
94568,2
94569,2
94570,2
94571,2
94572,2
94573,2
94574,2
94575,2
94576,2
94577,2
94578,2
94579,2
94580,2
94581,2
94582,2
94583,2
94584,0
94585,2
94586,2
94587,2
94588,2
94589,2
94590,2
94591,2
94592,2
94593,2
94594,2
94595,2
94596,2
94597,2
94598,2
94599,2
94600,2
94601,2
94602,2
94603,2
94604,2
94605,2
94606,2
94607,2
94608,2
94609,2
94610,2
94611,0
94612,2
94613,2
94614,2
94615,2
94616,2
94617,2
94618,2
94619,2
94620,2
94621,2
94622,2
94623,2
94624,2
94625,2
94626,2
94627,2
94628,2
94629,2
94630,2
94631,2
94632,2
94633,2
94634,2
94635,2
94636,2
94637,2
94638,2
94639,2
94640,2
94641,2
94642,2
94643,2
94644,2
94645,2
94646,2
94647,2
94648,2
94649,2
94650,2
94651,2
94652,2
94653,2
94654,2
94655,2
94656,2
94657,2
94658,2
94659,2
94660,2
94661,2
94662,2
94663,2
94664,2
94665,2
94666,2
94667,2
94668,2
94669,2
94670,2
94671,2
94672,2
94673,2
94674,2
94675,2
94676,2
94677,2
94678,2
94679,2
94680,2
94681,2
94682,2
94683,2
94684,2
94685,2
94686,2
94687,2
94688,2
94689,2
94690,2
94691,2
94692,2
94693,2
94694,2
94695,2
94696,4
94697,2
94698,2
94699,2
94700,2
94701,2
94702,2
94703,2
94704,2
94705,2
94706,2
94707,2
94708,2
94709,2
94710,2
94711,2
94712,0
94713,0
94714,2
94715,2
94716,2
94717,2
94718,2
94719,2
94720,2
94721,2
94722,2
94723,2
94724,2
94725,2
94726,2
94727,2
94728,2
94729,2
94730,2
94731,2
94732,2
94733,2
94734,2
94735,2
94736,2
94737,2
94738,2
94739,2
94740,2
94741,2
94742,2
94743,2
94744,2
94745,2
94746,2
94747,2
94748,2
94749,2
94750,2
94751,2
94752,2
94753,2
94754,2
94755,2
94756,2
94757,2
94758,2
94759,2
94760,2
94761,2
94762,2
94763,2
94764,2
94765,2
94766,2
94767,2
94768,2
94769,2
94770,2
94771,2
94772,2
94773,2
94774,2
94775,2
94776,2
94777,2
94778,2
94779,2
94780,2
94781,2
94782,2
94783,2
94784,2
94785,2
94786,2
94787,3
94788,2
94789,4
94790,3
94791,3
94792,2
94793,3
94794,3
94795,2
94796,2
94797,3
94798,3
94799,2
94800,3
94801,3
94802,2
94803,3
94804,2
94805,2
94806,2
94807,3
94808,4
94809,2
94810,2
94811,2
94812,2
94813,3
94814,2
94815,4
94816,2
94817,2
94818,4
94819,2
94820,3
94821,2
94822,2
94823,2
94824,3
94825,2
94826,2
94827,2
94828,2
94829,2
94830,2
94831,2
94832,2
94833,2
94834,2
94835,2
94836,0
94837,2
94838,4
94839,2
94840,2
94841,3
94842,3
94843,0
94844,2
94845,2
94846,2
94847,2
94848,2
94849,2
94850,2
94851,2
94852,0
94853,2
94854,2
94855,2
94856,2
94857,2
94858,2
94859,2
94860,2
94861,2
94862,2
94863,2
94864,2
94865,4
94866,2
94867,3
94868,2
94869,2
94870,2
94871,2
94872,2
94873,2
94874,2
94875,2
94876,2
94877,2
94878,2
94879,2
94880,2
94881,2
94882,2
94883,2
94884,2
94885,2
94886,2
94887,2
94888,2
94889,2
94890,2
94891,2
94892,2
94893,2
94894,2
94895,2
94896,2
94897,2
94898,2
94899,2
94900,2
94901,3
94902,2
94903,2
94904,3
94905,2
94906,2
94907,2
94908,2
94909,2
94910,2
94911,0
94912,2
94913,2
94914,0
94915,3
94916,2
94917,2
94918,2
94919,2
94920,2
94921,2
94922,2
94923,3
94924,3
94925,2
94926,2
94927,2
94928,2
94929,2
94930,2
94931,2
94932,2
94933,2
94934,2
94935,3
94936,3
94937,2
94938,2
94939,2
94940,0
94941,2
94942,2
94943,2
94944,2
94945,2
94946,2
94947,2
94948,2
94949,4
94950,2
94951,2
94952,2
94953,2
94954,3
94955,4
94956,3
94957,2
94958,3
94959,2
94960,3
94961,0
94962,2
94963,2
94964,4
94965,4
94966,2
94967,2
94968,2
94969,3
94970,3
94971,4
94972,3
94973,3
94974,3
94975,4
94976,2
94977,2
94978,2
94979,2
94980,2
94981,2
94982,2
94983,2
94984,2
94985,2
94986,2
94987,2
94988,2
94989,2
94990,2
94991,2
94992,2
94993,2
94994,2
94995,2
94996,2
94997,2
94998,2
94999,2
95000,2
95001,2
95002,2
95003,2
95004,2
95005,2
95006,2
95007,2
95008,2
95009,2
95010,2
95011,2
95012,2
95013,2
95014,2
95015,2
95016,2
95017,2
95018,2
95019,2
95020,2
95021,2
95022,2
95023,2
95024,2
95025,2
95026,2
95027,2
95028,2
95029,2
95030,2
95031,2
95032,2
95033,2
95034,0
95035,2
95036,2
95037,2
95038,2
95039,2
95040,2
95041,2
95042,2
95043,2
95044,2
95045,2
95046,2
95047,2
95048,2
95049,2
95050,2
95051,2
95052,2
95053,2
95054,2
95055,2
95056,2
95057,2
95058,2
95059,2
95060,2
95061,2
95062,2
95063,2
95064,2
95065,2
95066,2
95067,2
95068,2
95069,2
95070,2
95071,2
95072,2
95073,2
95074,2
95075,2
95076,2
95077,2
95078,2
95079,2
95080,2
95081,2
95082,2
95083,2
95084,2
95085,2
95086,2
95087,2
95088,2
95089,2
95090,2
95091,2
95092,2
95093,2
95094,2
95095,0
95096,2
95097,2
95098,2
95099,2
95100,2
95101,0
95102,2
95103,2
95104,2
95105,2
95106,4
95107,2
95108,2
95109,2
95110,2
95111,2
95112,2
95113,2
95114,2
95115,2
95116,2
95117,2
95118,2
95119,2
95120,2
95121,2
95122,2
95123,2
95124,2
95125,2
95126,2
95127,2
95128,2
95129,2
95130,2
95131,2
95132,2
95133,2
95134,2
95135,2
95136,2
95137,2
95138,2
95139,2
95140,2
95141,2
95142,2
95143,2
95144,2
95145,2
95146,2
95147,2
95148,2
95149,2
95150,2
95151,2
95152,2
95153,2
95154,2
95155,2
95156,2
95157,2
95158,2
95159,2
95160,2
95161,2
95162,2
95163,2
95164,2
95165,2
95166,2
95167,2
95168,2
95169,2
95170,2
95171,2
95172,2
95173,2
95174,2
95175,2
95176,2
95177,2
95178,2
95179,2
95180,2
95181,2
95182,2
95183,2
95184,2
95185,2
95186,2
95187,2
95188,2
95189,2
95190,2
95191,2
95192,2
95193,2
95194,2
95195,2
95196,2
95197,2
95198,2
95199,2
95200,2
95201,2
95202,2
95203,2
95204,2
95205,2
95206,2
95207,2
95208,2
95209,2
95210,2
95211,2
95212,2
95213,2
95214,2
95215,2
95216,2
95217,2
95218,2
95219,2
95220,2
95221,2
95222,2
95223,2
95224,2
95225,2
95226,2
95227,2
95228,2
95229,2
95230,2
95231,2
95232,2
95233,2
95234,2
95235,2
95236,0
95237,0
95238,2
95239,2
95240,2
95241,2
95242,0
95243,2
95244,2
95245,2
95246,2
95247,4
95248,2
95249,2
95250,2
95251,2
95252,2
95253,2
95254,2
95255,2
95256,0
95257,2
95258,2
95259,2
95260,2
95261,2
95262,2
95263,2
95264,2
95265,2
95266,2
95267,2
95268,2
95269,2
95270,2
95271,2
95272,2
95273,2
95274,2
95275,2
95276,2
95277,2
95278,2
95279,2
95280,2
95281,2
95282,2
95283,0
95284,2
95285,2
95286,2
95287,2
95288,2
95289,2
95290,2
95291,2
95292,2
95293,2
95294,2
95295,2
95296,2
95297,2
95298,2
95299,2
95300,2
95301,2
95302,2
95303,2
95304,2
95305,2
95306,2
95307,2
95308,2
95309,2
95310,2
95311,2
95312,2
95313,2
95314,2
95315,2
95316,2
95317,2
95318,2
95319,2
95320,2
95321,2
95322,2
95323,2
95324,2
95325,2
95326,2
95327,2
95328,2
95329,2
95330,2
95331,2
95332,2
95333,2
95334,2
95335,2
95336,2
95337,2
95338,2
95339,2
95340,2
95341,2
95342,2
95343,2
95344,2
95345,2
95346,2
95347,2
95348,2
95349,2
95350,2
95351,2
95352,2
95353,2
95354,2
95355,2
95356,2
95357,2
95358,2
95359,2
95360,2
95361,2
95362,2
95363,2
95364,2
95365,2
95366,2
95367,2
95368,2
95369,2
95370,2
95371,2
95372,2
95373,2
95374,2
95375,2
95376,2
95377,2
95378,2
95379,2
95380,2
95381,2
95382,2
95383,2
95384,2
95385,2
95386,2
95387,2
95388,2
95389,2
95390,2
95391,2
95392,2
95393,2
95394,2
95395,2
95396,2
95397,2
95398,2
95399,2
95400,2
95401,2
95402,2
95403,2
95404,2
95405,2
95406,2
95407,2
95408,2
95409,2
95410,2
95411,2
95412,2
95413,2
95414,2
95415,2
95416,2
95417,2
95418,2
95419,2
95420,2
95421,2
95422,2
95423,2
95424,2
95425,2
95426,2
95427,2
95428,2
95429,2
95430,2
95431,2
95432,2
95433,2
95434,2
95435,2
95436,2
95437,2
95438,2
95439,2
95440,2
95441,0
95442,2
95443,2
95444,2
95445,2
95446,2
95447,2
95448,2
95449,2
95450,2
95451,2
95452,2
95453,2
95454,2
95455,2
95456,2
95457,2
95458,2
95459,2
95460,2
95461,2
95462,2
95463,2
95464,2
95465,2
95466,2
95467,2
95468,2
95469,2
95470,2
95471,2
95472,2
95473,2
95474,1
95475,3
95476,2
95477,3
95478,3
95479,3
95480,3
95481,3
95482,3
95483,3
95484,3
95485,3
95486,3
95487,3
95488,3
95489,3
95490,3
95491,3
95492,3
95493,3
95494,3
95495,3
95496,3
95497,3
95498,3
95499,3
95500,2
95501,2
95502,3
95503,2
95504,3
95505,2
95506,2
95507,2
95508,2
95509,3
95510,3
95511,3
95512,3
95513,3
95514,3
95515,3
95516,3
95517,3
95518,3
95519,3
95520,3
95521,3
95522,3
95523,3
95524,3
95525,2
95526,3
95527,3
95528,3
95529,3
95530,3
95531,3
95532,2
95533,2
95534,3
95535,3
95536,3
95537,2
95538,3
95539,3
95540,3
95541,3
95542,2
95543,3
95544,3
95545,2
95546,2
95547,3
95548,3
95549,3
95550,2
95551,3
95552,3
95553,2
95554,3
95555,3
95556,2
95557,2
95558,2
95559,2
95560,2
95561,3
95562,2
95563,3
95564,2
95565,3
95566,3
95567,3
95568,3
95569,2
95570,2
95571,2
95572,3
95573,0
95574,0
95575,0
95576,0
95577,0
95578,0
95579,0
95580,0
95581,2
95582,2
95583,2
95584,2
95585,2
95586,2
95587,2
95588,2
95589,2
95590,2
95591,3
95592,2
95593,0
95594,3
95595,2
95596,3
95597,3
95598,3
95599,2
95600,2
95601,2
95602,2
95603,3
95604,3
95605,3
95606,3
95607,3
95608,3
95609,3
95610,3
95611,3
95612,1
95613,1
95614,2
95615,3
95616,2
95617,3
95618,3
95619,3
95620,2
95621,1
95622,1
95623,3
95624,3
95625,3
95626,1
95627,1
95628,1
95629,1
95630,3
95631,2
95632,2
95633,2
95634,2
95635,3
95636,2
95637,2
95638,3
95639,2
95640,2
95641,2
95642,0
95643,3
95644,2
95645,3
95646,3
95647,3
95648,3
95649,3
95650,3
95651,3
95652,3
95653,3
95654,0
95655,3
95656,3
95657,0
95658,0
95659,0
95660,3
95661,3
95662,3
95663,3
95664,2
95665,3
95666,3
95667,3
95668,3
95669,3
95670,3
95671,3
95672,3
95673,3
95674,3
95675,2
95676,3
95677,3
95678,2
95679,1
95680,3
95681,2
95682,3
95683,3
95684,3
95685,3
95686,2
95687,2
95688,2
95689,2
95690,1
95691,1
95692,1
95693,1
95694,1
95695,1
95696,1
95697,1
95698,3
95699,3
95700,3
95701,3
95702,3
95703,3
95704,3
95705,3
95706,3
95707,3
95708,3
95709,3
95710,3
95711,2
95712,2
95713,3
95714,3
95715,3
95716,0
95717,0
95718,0
95719,3
95720,3
95721,3
95722,3
95723,3
95724,3
95725,3
95726,3
95727,3
95728,3
95729,3
95730,3
95731,3
95732,3
95733,3
95734,3
95735,3
95736,3
95737,3
95738,3
95739,3
95740,3
95741,3
95742,2
95743,3
95744,3
95745,3
95746,0
95747,3
95748,3
95749,3
95750,3
95751,3
95752,3
95753,3
95754,3
95755,3
95756,3
95757,3
95758,3
95759,3
95760,3
95761,3
95762,3
95763,3
95764,3
95765,3
95766,3
95767,3
95768,0
95769,3
95770,3
95771,3
95772,3
95773,3
95774,3
95775,3
95776,3
95777,3
95778,3
95779,3
95780,3
95781,3
95782,3
95783,3
95784,3
95785,3
95786,3
95787,0
95788,3
95789,3
95790,3
95791,3
95792,3
95793,3
95794,3
95795,3
95796,3
95797,3
95798,3
95799,2
95800,3
95801,3
95802,3
95803,3
95804,3
95805,3
95806,3
95807,3
95808,3
95809,3
95810,3
95811,3
95812,3
95813,3
95814,3
95815,3
95816,3
95817,3
95818,0
95819,0
95820,0
95821,0
95822,0
95823,0
95824,0
95825,3
95826,3
95827,3
95828,3
95829,3
95830,2
95831,3
95832,3
95833,3
95834,3
95835,3
95836,0
95837,0
95838,3
95839,0
95840,0
95841,0
95842,0
95843,0
95844,3
95845,3
95846,3
95847,3
95848,3
95849,3
95850,3
95851,3
95852,3
95853,3
95854,3
95855,3
95856,3
95857,3
95858,3
95859,3
95860,3
95861,3
95862,3
95863,3
95864,3
95865,3
95866,3
95867,3
95868,3
95869,3
95870,3
95871,3
95872,1
95873,3
95874,3
95875,3
95876,3
95877,3
95878,3
95879,3
95880,3
95881,3
95882,3
95883,3
95884,3
95885,3
95886,3
95887,3
95888,3
95889,3
95890,3
95891,3
95892,3
95893,3
95894,3
95895,3
95896,3
95897,3
95898,3
95899,3
95900,3
95901,3
95902,3
95903,3
95904,3
95905,0
95906,0
95907,0
95908,3
95909,3
95910,3
95911,3
95912,3
95913,3
95914,0
95915,3
95916,3
95917,3
95918,3
95919,3
95920,2
95921,3
95922,3
95923,3
95924,3
95925,3
95926,3
95927,3
95928,2
95929,2
95930,3
95931,3
95932,2
95933,3
95934,3
95935,3
95936,3
95937,2
95938,3
95939,3
95940,3
95941,2
95942,3
95943,3
95944,3
95945,2
95946,2
95947,3
95948,3
95949,2
95950,3
95951,2
95952,3
95953,2
95954,3
95955,2
95956,3
95957,2
95958,2
95959,2
95960,2
95961,2
95962,3
95963,3
95964,3
95965,2
95966,3
95967,3
95968,2
95969,3
95970,3
95971,3
95972,3
95973,3
95974,3
95975,3
95976,3
95977,3
95978,3
95979,3
95980,3
95981,3
95982,3
95983,3
95984,3
95985,3
95986,3
95987,3
95988,3
95989,2
95990,2
95991,2
95992,2
95993,3
95994,3
95995,3
95996,2
95997,3
95998,3
95999,3
96000,3
96001,3
96002,3
96003,2
96004,3
96005,3
96006,3
96007,3
96008,3
96009,3
96010,3
96011,3
96012,3
96013,3
96014,3
96015,3
96016,3
96017,3
96018,3
96019,3
96020,3
96021,3
96022,2
96023,3
96024,3
96025,3
96026,2
96027,2
96028,3
96029,3
96030,3
96031,3
96032,3
96033,3
96034,3
96035,3
96036,3
96037,3
96038,3
96039,3
96040,2
96041,3
96042,3
96043,3
96044,3
96045,3
96046,3
96047,3
96048,3
96049,3
96050,2
96051,3
96052,3
96053,3
96054,2
96055,3
96056,2
96057,3
96058,2
96059,3
96060,2
96061,2
96062,3
96063,3
96064,3
96065,3
96066,3
96067,3
96068,2
96069,3
96070,3
96071,3
96072,3
96073,3
96074,3
96075,3
96076,3
96077,3
96078,2
96079,2
96080,2
96081,2
96082,3
96083,3
96084,3
96085,2
96086,3
96087,3
96088,3
96089,2
96090,3
96091,3
96092,3
96093,3
96094,3
96095,2
96096,3
96097,3
96098,3
96099,2
96100,3
96101,0
96102,2
96103,3
96104,2
96105,3
96106,3
96107,3
96108,3
96109,3
96110,3
96111,2
96112,2
96113,3
96114,2
96115,3
96116,3
96117,3
96118,3
96119,2
96120,3
96121,2
96122,3
96123,2
96124,3
96125,3
96126,3
96127,3
96128,3
96129,2
96130,3
96131,3
96132,3
96133,2
96134,2
96135,3
96136,3
96137,3
96138,2
96139,3
96140,3
96141,2
96142,2
96143,3
96144,3
96145,2
96146,3
96147,3
96148,2
96149,3
96150,2
96151,2
96152,2
96153,3
96154,3
96155,3
96156,3
96157,3
96158,3
96159,3
96160,3
96161,3
96162,3
96163,3
96164,3
96165,3
96166,2
96167,2
96168,2
96169,3
96170,2
96171,2
96172,2
96173,3
96174,2
96175,2
96176,3
96177,3
96178,3
96179,3
96180,2
96181,3
96182,3
96183,3
96184,2
96185,2
96186,3
96187,3
96188,3
96189,3
96190,3
96191,3
96192,2
96193,3
96194,3
96195,3
96196,3
96197,3
96198,3
96199,2
96200,2
96201,2
96202,2
96203,3
96204,2
96205,3
96206,3
96207,3
96208,3
96209,3
96210,3
96211,3
96212,3
96213,3
96214,2
96215,3
96216,3
96217,3
96218,3
96219,3
96220,3
96221,3
96222,3
96223,3
96224,3
96225,3
96226,3
96227,2
96228,3
96229,3
96230,3
96231,2
96232,2
96233,3
96234,2
96235,3
96236,2
96237,3
96238,2
96239,2
96240,2
96241,3
96242,3
96243,3
96244,3
96245,3
96246,3
96247,3
96248,3
96249,3
96250,3
96251,0
96252,3
96253,3
96254,3
96255,3
96256,3
96257,3
96258,0
96259,3
96260,3
96261,3
96262,2
96263,3
96264,2
96265,2
96266,3
96267,2
96268,3
96269,3
96270,3
96271,3
96272,3
96273,3
96274,3
96275,3
96276,3
96277,0
96278,3
96279,3
96280,3
96281,2
96282,3
96283,3
96284,3
96285,3
96286,2
96287,2
96288,2
96289,3
96290,2
96291,2
96292,3
96293,2
96294,2
96295,3
96296,2
96297,2
96298,2
96299,2
96300,2
96301,3
96302,3
96303,2
96304,3
96305,3
96306,3
96307,3
96308,2
96309,3
96310,3
96311,3
96312,3
96313,3
96314,3
96315,3
96316,3
96317,3
96318,3
96319,3
96320,3
96321,2
96322,3
96323,3
96324,3
96325,3
96326,3
96327,3
96328,3
96329,3
96330,2
96331,3
96332,3
96333,3
96334,3
96335,3
96336,3
96337,3
96338,3
96339,3
96340,3
96341,3
96342,3
96343,3
96344,3
96345,3
96346,3
96347,3
96348,3
96349,3
96350,2
96351,3
96352,3
96353,3
96354,3
96355,2
96356,3
96357,3
96358,3
96359,3
96360,2
96361,2
96362,3
96363,3
96364,3
96365,3
96366,2
96367,3
96368,2
96369,2
96370,2
96371,2
96372,3
96373,2
96374,2
96375,3
96376,3
96377,3
96378,3
96379,3
96380,2
96381,2
96382,3
96383,3
96384,3
96385,3
96386,3
96387,3
96388,3
96389,3
96390,3
96391,3
96392,3
96393,3
96394,3
96395,3
96396,3
96397,3
96398,3
96399,3
96400,3
96401,3
96402,2
96403,2
96404,3
96405,3
96406,3
96407,3
96408,3
96409,3
96410,2
96411,3
96412,2
96413,3
96414,3
96415,3
96416,3
96417,3
96418,3
96419,3
96420,3
96421,3
96422,3
96423,2
96424,2
96425,3
96426,3
96427,3
96428,3
96429,3
96430,3
96431,3
96432,3
96433,3
96434,3
96435,2
96436,3
96437,3
96438,3
96439,3
96440,3
96441,3
96442,3
96443,1
96444,3
96445,3
96446,3
96447,3
96448,3
96449,3
96450,3
96451,2
96452,3
96453,2
96454,2
96455,3
96456,3
96457,2
96458,3
96459,3
96460,3
96461,2
96462,3
96463,3
96464,3
96465,3
96466,3
96467,3
96468,3
96469,2
96470,3
96471,3
96472,3
96473,3
96474,3
96475,2
96476,3
96477,2
96478,3
96479,3
96480,3
96481,3
96482,3
96483,2
96484,3
96485,3
96486,3
96487,3
96488,3
96489,3
96490,3
96491,3
96492,2
96493,3
96494,2
96495,3
96496,3
96497,3
96498,3
96499,2
96500,3
96501,3
96502,3
96503,2
96504,3
96505,3
96506,3
96507,3
96508,3
96509,2
96510,3
96511,3
96512,3
96513,2
96514,3
96515,3
96516,3
96517,3
96518,3
96519,3
96520,3
96521,3
96522,3
96523,2
96524,3
96525,3
96526,3
96527,3
96528,3
96529,3
96530,3
96531,3
96532,3
96533,3
96534,3
96535,2
96536,3
96537,3
96538,3
96539,3
96540,3
96541,3
96542,3
96543,3
96544,3
96545,3
96546,3
96547,3
96548,3
96549,3
96550,3
96551,3
96552,3
96553,3
96554,3
96555,3
96556,3
96557,3
96558,3
96559,3
96560,3
96561,3
96562,3
96563,3
96564,3
96565,3
96566,3
96567,3
96568,2
96569,3
96570,3
96571,2
96572,3
96573,3
96574,3
96575,3
96576,3
96577,3
96578,3
96579,3
96580,3
96581,3
96582,3
96583,3
96584,3
96585,3
96586,3
96587,3
96588,3
96589,3
96590,3
96591,1
96592,2
96593,3
96594,3
96595,3
96596,2
96597,2
96598,3
96599,2
96600,0
96601,3
96602,3
96603,3
96604,3
96605,3
96606,3
96607,3
96608,3
96609,3
96610,3
96611,3
96612,3
96613,1
96614,3
96615,3
96616,3
96617,2
96618,2
96619,3
96620,3
96621,3
96622,3
96623,3
96624,3
96625,3
96626,3
96627,3
96628,2
96629,3
96630,2
96631,3
96632,3
96633,3
96634,3
96635,3
96636,3
96637,3
96638,3
96639,3
96640,3
96641,3
96642,2
96643,3
96644,3
96645,2
96646,2
96647,3
96648,2
96649,3
96650,3
96651,3
96652,2
96653,3
96654,3
96655,3
96656,3
96657,3
96658,3
96659,3
96660,3
96661,3
96662,3
96663,3
96664,3
96665,3
96666,3
96667,3
96668,3
96669,3
96670,3
96671,3
96672,3
96673,0
96674,3
96675,3
96676,3
96677,3
96678,3
96679,3
96680,3
96681,3
96682,3
96683,3
96684,2
96685,3
96686,2
96687,3
96688,3
96689,3
96690,3
96691,3
96692,3
96693,3
96694,3
96695,1
96696,3
96697,3
96698,3
96699,2
96700,3
96701,3
96702,3
96703,3
96704,3
96705,3
96706,1
96707,3
96708,2
96709,3
96710,3
96711,2
96712,3
96713,2
96714,3
96715,3
96716,3
96717,3
96718,3
96719,3
96720,3
96721,3
96722,2
96723,2
96724,3
96725,3
96726,2
96727,3
96728,3
96729,3
96730,3
96731,3
96732,3
96733,2
96734,3
96735,3
96736,0
96737,3
96738,3
96739,3
96740,3
96741,3
96742,3
96743,3
96744,3
96745,3
96746,3
96747,3
96748,3
96749,2
96750,3
96751,2
96752,3
96753,3
96754,3
96755,1
96756,3
96757,2
96758,3
96759,3
96760,3
96761,3
96762,3
96763,3
96764,3
96765,3
96766,3
96767,3
96768,3
96769,3
96770,2
96771,2
96772,3
96773,3
96774,3
96775,3
96776,2
96777,3
96778,3
96779,3
96780,3
96781,2
96782,3
96783,2
96784,2
96785,3
96786,3
96787,3
96788,2
96789,3
96790,3
96791,3
96792,3
96793,2
96794,3
96795,2
96796,2
96797,2
96798,3
96799,3
96800,3
96801,3
96802,3
96803,3
96804,3
96805,3
96806,3
96807,2
96808,2
96809,3
96810,3
96811,3
96812,3
96813,3
96814,2
96815,2
96816,2
96817,3
96818,3
96819,3
96820,2
96821,3
96822,3
96823,2
96824,3
96825,3
96826,3
96827,3
96828,3
96829,3
96830,3
96831,3
96832,3
96833,2
96834,3
96835,3
96836,3
96837,3
96838,3
96839,3
96840,3
96841,3
96842,3
96843,3
96844,3
96845,2
96846,2
96847,2
96848,2
96849,3
96850,3
96851,3
96852,3
96853,3
96854,3
96855,2
96856,3
96857,3
96858,3
96859,3
96860,3
96861,3
96862,3
96863,3
96864,3
96865,3
96866,3
96867,3
96868,3
96869,3
96870,3
96871,2
96872,3
96873,3
96874,3
96875,2
96876,3
96877,3
96878,3
96879,1
96880,3
96881,3
96882,3
96883,3
96884,3
96885,2
96886,2
96887,2
96888,2
96889,3
96890,3
96891,3
96892,3
96893,3
96894,2
96895,2
96896,3
96897,3
96898,3
96899,3
96900,3
96901,2
96902,2
96903,3
96904,3
96905,3
96906,3
96907,3
96908,3
96909,3
96910,3
96911,3
96912,3
96913,3
96914,3
96915,2
96916,2
96917,3
96918,2
96919,3
96920,2
96921,3
96922,3
96923,3
96924,3
96925,3
96926,3
96927,3
96928,3
96929,2
96930,3
96931,3
96932,3
96933,3
96934,3
96935,3
96936,3
96937,3
96938,2
96939,3
96940,3
96941,3
96942,3
96943,3
96944,3
96945,3
96946,3
96947,1
96948,3
96949,3
96950,3
96951,3
96952,3
96953,3
96954,3
96955,3
96956,3
96957,3
96958,2
96959,3
96960,3
96961,3
96962,3
96963,3
96964,3
96965,3
96966,2
96967,3
96968,3
96969,3
96970,2
96971,3
96972,3
96973,3
96974,3
96975,3
96976,3
96977,1
96978,3
96979,3
96980,2
96981,3
96982,3
96983,3
96984,3
96985,3
96986,3
96987,3
96988,3
96989,2
96990,3
96991,3
96992,3
96993,3
96994,3
96995,3
96996,3
96997,3
96998,3
96999,3
97000,3
97001,3
97002,3
97003,3
97004,3
97005,2
97006,3
97007,3
97008,3
97009,3
97010,3
97011,3
97012,3
97013,3
97014,3
97015,3
97016,3
97017,3
97018,3
97019,2
97020,3
97021,3
97022,3
97023,3
97024,3
97025,3
97026,3
97027,3
97028,3
97029,3
97030,3
97031,3
97032,3
97033,3
97034,3
97035,3
97036,3
97037,3
97038,3
97039,3
97040,3
97041,3
97042,3
97043,3
97044,3
97045,3
97046,3
97047,2
97048,2
97049,2
97050,2
97051,2
97052,2
97053,2
97054,3
97055,3
97056,2
97057,2
97058,2
97059,3
97060,1
97061,1
97062,0
97063,1
97064,0
97065,1
97066,3
97067,3
97068,3
97069,2
97070,2
97071,2
97072,3
97073,3
97074,3
97075,2
97076,2
97077,3
97078,2
97079,3
97080,3
97081,3
97082,2
97083,2
97084,2
97085,2
97086,2
97087,2
97088,2
97089,2
97090,2
97091,2
97092,2
97093,2
97094,2
97095,2
97096,2
97097,2
97098,2
97099,1
97100,2
97101,3
97102,3
97103,2
97104,3
97105,3
97106,3
97107,2
97108,2
97109,1
97110,0
97111,3
97112,1
97113,1
97114,3
97115,5
97116,2
97117,3
97118,3
97119,3
97120,1
97121,3
97122,3
97123,2
97124,1
97125,1
97126,2
97127,2
97128,2
97129,2
97130,3
97131,2
97132,1
97133,1
97134,1
97135,1
97136,1
97137,1
97138,1
97139,1
97140,1
97141,1
97142,3
97143,3
97144,2
97145,1
97146,3
97147,3
97148,2
97149,3
97150,3
97151,1
97152,3
97153,3
97154,3
97155,3
97156,0
97157,0
97158,0
97159,0
97160,3
97161,0
97162,0
97163,3
97164,3
97165,0
97166,0
97167,0
97168,0
97169,0
97170,0
97171,0
97172,0
97173,3
97174,3
97175,0
97176,0
97177,0
97178,0
97179,0
97180,0
97181,0
97182,0
97183,0
97184,2
97185,0
97186,2
97187,0
97188,0
97189,0
97190,0
97191,0
97192,0
97193,2
97194,2
97195,1
97196,1
97197,3
97198,1
97199,1
97200,1
97201,2
97202,1
97203,1
97204,1
97205,0
97206,0
97207,0
97208,2
97209,0
97210,3
97211,2
97212,1
97213,1
97214,1
97215,1
97216,3
97217,1
97218,1
97219,1
97220,3
97221,2
97222,0
97223,0
97224,1
97225,1
97226,0
97227,0
97228,1
97229,0
97230,0
97231,0
97232,0
97233,0
97234,0
97235,3
97236,3
97237,3
97238,2
97239,3
97240,3
97241,3
97242,3
97243,2
97244,0
97245,0
97246,0
97247,0
97248,0
97249,0
97250,2
97251,0
97252,2
97253,0
97254,0
97255,0
97256,0
97257,0
97258,0
97259,0
97260,0
97261,2
97262,0
97263,0
97264,0
97265,0
97266,2
97267,0
97268,0
97269,0
97270,0
97271,0
97272,0
97273,2
97274,3
97275,3
97276,2
97277,3
97278,0
97279,0
97280,0
97281,0
97282,0
97283,0
97284,0
97285,0
97286,2
97287,0
97288,0
97289,0
97290,0
97291,0
97292,0
97293,0
97294,0
97295,0
97296,0
97297,0
97298,0
97299,0
97300,0
97301,2
97302,0
97303,0
97304,0
97305,0
97306,0
97307,0
97308,0
97309,3
97310,0
97311,0
97312,0
97313,0
97314,0
97315,0
97316,0
97317,0
97318,0
97319,0
97320,0
97321,2
97322,0
97323,0
97324,0
97325,0
97326,0
97327,0
97328,0
97329,0
97330,0
97331,0
97332,0
97333,0
97334,0
97335,2
97336,2
97337,0
97338,2
97339,3
97340,2
97341,2
97342,2
97343,0
97344,0
97345,0
97346,0
97347,0
97348,3
97349,3
97350,2
97351,0
97352,0
97353,0
97354,3
97355,2
97356,3
97357,2
97358,2
97359,0
97360,1
97361,1
97362,3
97363,3
97364,2
97365,2
97366,3
97367,1
97368,1
97369,0
97370,0
97371,0
97372,0
97373,0
97374,0
97375,0
97376,0
97377,0
97378,3
97379,3
97380,3
97381,3
97382,2
97383,2
97384,3
97385,2
97386,3
97387,2
97388,2
97389,3
97390,3
97391,2
97392,3
97393,3
97394,2
97395,3
97396,3
97397,3
97398,1
97399,2
97400,1
97401,1
97402,1
97403,1
97404,1
97405,1
97406,3
97407,3
97408,1
97409,1
97410,2
97411,0
97412,0
97413,0
97414,1
97415,0
97416,1
97417,0
97418,0
97419,2
97420,0
97421,0
97422,0
97423,0
97424,1
97425,1
97426,1
97427,0
97428,0
97429,0
97430,2
97431,0
97432,2
97433,2
97434,0
97435,0
97436,1
97437,3
97438,3
97439,1
97440,3
97441,3
97442,3
97443,3
97444,3
97445,3
97446,3
97447,3
97448,1
97449,3
97450,3
97451,1
97452,3
97453,1
97454,3
97455,3
97456,3
97457,1
97458,3
97459,3
97460,3
97461,3
97462,3
97463,3
97464,1
97465,3
97466,3
97467,3
97468,3
97469,3
97470,3
97471,3
97472,3
97473,3
97474,3
97475,3
97476,3
97477,1
97478,0
97479,0
97480,3
97481,2
97482,3
97483,2
97484,3
97485,3
97486,3
97487,3
97488,3
97489,3
97490,3
97491,3
97492,3
97493,3
97494,3
97495,3
97496,3
97497,3
97498,3
97499,3
97500,2
97501,2
97502,3
97503,3
97504,2
97505,2
97506,3
97507,0
97508,3
97509,3
97510,1
97511,1
97512,1
97513,1
97514,3
97515,3
97516,1
97517,1
97518,1
97519,3
97520,3
97521,3
97522,0
97523,3
97524,3
97525,3
97526,3
97527,3
97528,0
97529,3
97530,3
97531,3
97532,0
97533,0
97534,0
97535,3
97536,3
97537,3
97538,3
97539,2
97540,0
97541,1
97542,1
97543,0
97544,0
97545,0
97546,0
97547,0
97548,2
97549,1
97550,0
97551,0
97552,1
97553,0
97554,0
97555,0
97556,1
97557,3
97558,3
97559,3
97560,3
97561,1
97562,3
97563,3
97564,3
97565,1
97566,1
97567,3
97568,1
97569,3
97570,4
97571,1
97572,3
97573,3
97574,3
97575,2
97576,3
97577,2
97578,3
97579,0
97580,3
97581,3
97582,3
97583,3
97584,3
97585,3
97586,2
97587,3
97588,3
97589,3
97590,3
97591,3
97592,3
97593,3
97594,3
97595,2
97596,3
97597,2
97598,3
97599,3
97600,2
97601,3
97602,3
97603,3
97604,3
97605,3
97606,3
97607,3
97608,3
97609,3
97610,3
97611,1
97612,3
97613,3
97614,3
97615,3
97616,3
97617,2
97618,3
97619,3
97620,3
97621,3
97622,3
97623,3
97624,3
97625,3
97626,3
97627,3
97628,0
97629,3
97630,3
97631,3
97632,3
97633,2
97634,3
97635,3
97636,3
97637,3
97638,3
97639,3
97640,3
97641,3
97642,0
97643,0
97644,3
97645,3
97646,0
97647,2
97648,3
97649,3
97650,2
97651,3
97652,1
97653,2
97654,3
97655,3
97656,3
97657,3
97658,3
97659,3
97660,3
97661,3
97662,1
97663,3
97664,3
97665,3
97666,2
97667,1
97668,0
97669,3
97670,3
97671,3
97672,3
97673,3
97674,3
97675,3
97676,3
97677,3
97678,3
97679,3
97680,3
97681,2
97682,3
97683,2
97684,3
97685,2
97686,3
97687,3
97688,3
97689,2
97690,2
97691,2
97692,2
97693,2
97694,2
97695,2
97696,2
97697,2
97698,3
97699,2
97700,2
97701,2
97702,2
97703,3
97704,2
97705,2
97706,2
97707,3
97708,2
97709,2
97710,2
97711,3
97712,1
97713,1
97714,1
97715,3
97716,3
97717,3
97718,2
97719,2
97720,2
97721,2
97722,3
97723,2
97724,3
97725,2
97726,2
97727,2
97728,3
97729,3
97730,3
97731,3
97732,3
97733,3
97734,3
97735,3
97736,3
97737,3
97738,3
97739,3
97740,2
97741,1
97742,2
97743,3
97744,3
97745,2
97746,2
97747,2
97748,2
97749,2
97750,2
97751,2
97752,2
97753,2
97754,2
97755,3
97756,2
97757,2
97758,2
97759,3
97760,3
97761,3
97762,3
97763,1
97764,1
97765,0
97766,3
97767,3
97768,3
97769,3
97770,3
97771,3
97772,3
97773,3
97774,3
97775,3
97776,1
97777,3
97778,3
97779,3
97780,3
97781,1
97782,3
97783,0
97784,2
97785,0
97786,1
97787,0
97788,0
97789,0
97790,0
97791,0
97792,0
97793,0
97794,0
97795,0
97796,0
97797,2
97798,0
97799,0
97800,3
97801,3
97802,3
97803,0
97804,0
97805,0
97806,0
97807,3
97808,2
97809,3
97810,3
97811,3
97812,3
97813,0
97814,3
97815,0
97816,3
97817,3
97818,3
97819,3
97820,2
97821,3
97822,2
97823,3
97824,3
97825,3
97826,3
97827,3
97828,3
97829,3
97830,3
97831,3
97832,3
97833,3
97834,3
97835,3
97836,1
97837,1
97838,1
97839,3
97840,3
97841,3
97842,3
97843,3
97844,3
97845,3
97846,3
97847,3
97848,3
97849,3
97850,3
97851,1
97852,3
97853,1
97854,1
97855,3
97856,2
97857,3
97858,3
97859,2
97860,3
97861,3
97862,3
97863,3
97864,3
97865,0
97866,0
97867,0
97868,3
97869,0
97870,3
97871,3
97872,2
97873,2
97874,2
97875,3
97876,3
97877,1
97878,3
97879,3
97880,3
97881,3
97882,1
97883,3
97884,3
97885,3
97886,3
97887,3
97888,0
97889,1
97890,3
97891,3
97892,0
97893,3
97894,0
97895,0
97896,1
97897,3
97898,1
97899,3
97900,1
97901,1
97902,3
97903,3
97904,1
97905,3
97906,1
97907,3
97908,0
97909,1
97910,3
97911,1
97912,1
97913,1
97914,3
97915,1
97916,3
97917,0
97918,3
97919,3
97920,3
97921,3
97922,3
97923,3
97924,3
97925,3
97926,3
97927,3
97928,3
97929,3
97930,3
97931,3
97932,3
97933,3
97934,3
97935,3
97936,3
97937,3
97938,3
97939,3
97940,3
97941,3
97942,3
97943,3
97944,1
97945,3
97946,1
97947,3
97948,3
97949,3
97950,3
97951,2
97952,3
97953,3
97954,3
97955,3
97956,3
97957,3
97958,3
97959,3
97960,3
97961,3
97962,3
97963,2
97964,3
97965,3
97966,3
97967,3
97968,3
97969,3
97970,3
97971,3
97972,3
97973,3
97974,3
97975,3
97976,3
97977,3
97978,3
97979,3
97980,3
97981,2
97982,3
97983,1
97984,1
97985,3
97986,1
97987,3
97988,3
97989,3
97990,3
97991,3
97992,3
97993,3
97994,3
97995,3
97996,3
97997,3
97998,3
97999,3
98000,3
98001,3
98002,3
98003,3
98004,3
98005,3
98006,3
98007,3
98008,3
98009,3
98010,3
98011,2
98012,3
98013,3
98014,1
98015,3
98016,3
98017,3
98018,3
98019,3
98020,3
98021,3
98022,3
98023,3
98024,3
98025,3
98026,3
98027,3
98028,3
98029,3
98030,3
98031,3
98032,0
98033,0
98034,3
98035,3
98036,3
98037,2
98038,3
98039,3
98040,3
98041,3
98042,3
98043,1
98044,3
98045,3
98046,3
98047,0
98048,2
98049,3
98050,2
98051,0
98052,2
98053,3
98054,3
98055,3
98056,3
98057,3
98058,3
98059,3
98060,3
98061,3
98062,2
98063,3
98064,3
98065,2
98066,2
98067,3
98068,2
98069,2
98070,0
98071,3
98072,3
98073,2
98074,0
98075,3
98076,3
98077,0
98078,3
98079,3
98080,3
98081,3
98082,3
98083,3
98084,3
98085,0
98086,0
98087,0
98088,0
98089,0
98090,0
98091,0
98092,3
98093,3
98094,3
98095,0
98096,0
98097,0
98098,0
98099,2
98100,3
98101,3
98102,3
98103,3
98104,3
98105,0
98106,0
98107,0
98108,0
98109,0
98110,0
98111,0
98112,0
98113,0
98114,0
98115,5
98116,3
98117,0
98118,0
98119,0
98120,0
98121,0
98122,0
98123,0
98124,0
98125,0
98126,0
98127,0
98128,0
98129,0
98130,3
98131,0
98132,0
98133,0
98134,0
98135,0
98136,0
98137,0
98138,0
98139,0
98140,0
98141,0
98142,0
98143,0
98144,0
98145,0
98146,0
98147,0
98148,0
98149,0
98150,0
98151,0
98152,0
98153,0
98154,3
98155,0
98156,0
98157,3
98158,3
98159,2
98160,3
98161,2
98162,3
98163,3
98164,3
98165,3
98166,3
98167,3
98168,3
98169,3
98170,3
98171,3
98172,0
98173,3
98174,3
98175,2
98176,3
98177,3
98178,2
98179,3
98180,3
98181,3
98182,3
98183,3
98184,2
98185,3
98186,2
98187,2
98188,2
98189,0
98190,0
98191,0
98192,2
98193,2
98194,2
98195,2
98196,2
98197,3
98198,2
98199,3
98200,2
98201,3
98202,3
98203,3
98204,2
98205,2
98206,2
98207,2
98208,2
98209,2
98210,2
98211,2
98212,2
98213,2
98214,2
98215,2
98216,2
98217,2
98218,2
98219,2
98220,2
98221,2
98222,2
98223,2
98224,2
98225,2
98226,5
98227,3
98228,3
98229,3
98230,2
98231,2
98232,2
98233,2
98234,2
98235,2
98236,2
98237,2
98238,2
98239,2
98240,2
98241,2
98242,2
98243,3
98244,2
98245,2
98246,2
98247,2
98248,3
98249,3
98250,3
98251,3
98252,3
98253,3
98254,3
98255,3
98256,3
98257,3
98258,3
98259,3
98260,3
98261,3
98262,3
98263,3
98264,3
98265,3
98266,3
98267,0
98268,3
98269,0
98270,2
98271,3
98272,2
98273,3
98274,3
98275,3
98276,3
98277,0
98278,0
98279,3
98280,3
98281,2
98282,3
98283,0
98284,2
98285,3
98286,3
98287,0
98288,3
98289,3
98290,3
98291,3
98292,3
98293,3
98294,3
98295,3
98296,3
98297,3
98298,3
98299,3
98300,3
98301,3
98302,0
98303,2
98304,2
98305,0
98306,2
98307,3
98308,0
98309,0
98310,3
98311,3
98312,0
98313,3
98314,3
98315,3
98316,3
98317,3
98318,3
98319,3
98320,5
98321,3
98322,3
98323,3
98324,3
98325,3
98326,3
98327,3
98328,3
98329,3
98330,3
98331,3
98332,3
98333,3
98334,3
98335,3
98336,3
98337,3
98338,3
98339,3
98340,3
98341,3
98342,3
98343,3
98344,3
98345,3
98346,3
98347,3
98348,3
98349,3
98350,0
98351,3
98352,3
98353,3
98354,3
98355,3
98356,2
98357,3
98358,3
98359,3
98360,3
98361,2
98362,2
98363,2
98364,0
98365,0
98366,0
98367,0
98368,3
98369,2
98370,3
98371,3
98372,2
98373,2
98374,2
98375,2
98376,2
98377,3
98378,0
98379,0
98380,0
98381,0
98382,3
98383,3
98384,3
98385,3
98386,3
98387,3
98388,3
98389,3
98390,3
98391,3
98392,3
98393,0
98394,0
98395,0
98396,0
98397,3
98398,0
98399,3
98400,3
98401,3
98402,3
98403,0
98404,2
98405,3
98406,3
98407,3
98408,2
98409,3
98410,2
98411,2
98412,2
98413,3
98414,2
98415,0
98416,2
98417,2
98418,0
98419,3
98420,3
98421,3
98422,3
98423,2
98424,2
98425,3
98426,3
98427,3
98428,3
98429,3
98430,3
98431,3
98432,0
98433,0
98434,0
98435,3
98436,3
98437,3
98438,3
98439,3
98440,3
98441,2
98442,3
98443,0
98444,3
98445,3
98446,1
98447,3
98448,3
98449,0
98450,3
98451,3
98452,3
98453,3
98454,3
98455,3
98456,3
98457,3
98458,3
98459,3
98460,3
98461,3
98462,3
98463,3
98464,3
98465,3
98466,3
98467,3
98468,3
98469,3
98470,3
98471,3
98472,3
98473,3
98474,2
98475,0
98476,3
98477,3
98478,3
98479,3
98480,3
98481,3
98482,3
98483,3
98484,3
98485,3
98486,3
98487,3
98488,3
98489,0
98490,3
98491,3
98492,3
98493,3
98494,1
98495,1
98496,1
98497,3
98498,3
98499,3
98500,3
98501,3
98502,3
98503,1
98504,1
98505,1
98506,1
98507,1
98508,3
98509,3
98510,3
98511,3
98512,3
98513,3
98514,3
98515,3
98516,3
98517,3
98518,3
98519,2
98520,3
98521,2
98522,3
98523,3
98524,3
98525,3
98526,3
98527,3
98528,3
98529,3
98530,3
98531,3
98532,3
98533,3
98534,3
98535,3
98536,3
98537,3
98538,3
98539,3
98540,3
98541,2
98542,3
98543,2
98544,3
98545,3
98546,2
98547,3
98548,2
98549,0
98550,3
98551,3
98552,0
98553,3
98554,2
98555,3
98556,3
98557,2
98558,3
98559,3
98560,2
98561,3
98562,2
98563,2
98564,2
98565,2
98566,3
98567,3
98568,3
98569,2
98570,2
98571,3
98572,0
98573,3
98574,3
98575,3
98576,2
98577,2
98578,3
98579,3
98580,3
98581,3
98582,3
98583,3
98584,3
98585,2
98586,3
98587,3
98588,3
98589,0
98590,3
98591,0
98592,2
98593,3
98594,3
98595,3
98596,1
98597,1
98598,3
98599,3
98600,3
98601,1
98602,2
98603,0
98604,3
98605,2
98606,2
98607,3
98608,3
98609,0
98610,0
98611,0
98612,1
98613,0
98614,3
98615,1
98616,2
98617,3
98618,0
98619,3
98620,1
98621,3
98622,0
98623,2
98624,0
98625,0
98626,2
98627,0
98628,2
98629,0
98630,3
98631,0
98632,0
98633,0
98634,0
98635,0
98636,0
98637,2
98638,0
98639,0
98640,0
98641,0
98642,0
98643,2
98644,0
98645,0
98646,0
98647,0
98648,2
98649,0
98650,0
98651,2
98652,2
98653,0
98654,0
98655,0
98656,0
98657,0
98658,0
98659,2
98660,2
98661,0
98662,3
98663,2
98664,2
98665,2
98666,2
98667,1
98668,1
98669,1
98670,1
98671,2
98672,1
98673,2
98674,2
98675,2
98676,2
98677,2
98678,2
98679,1
98680,1
98681,2
98682,2
98683,2
98684,2
98685,2
98686,2
98687,2
98688,2
98689,2
98690,2
98691,3
98692,3
98693,2
98694,2
98695,2
98696,3
98697,1
98698,2
98699,2
98700,0
98701,1
98702,0
98703,0
98704,2
98705,2
98706,1
98707,3
98708,2
98709,2
98710,2
98711,2
98712,1
98713,1
98714,2
98715,2
98716,2
98717,2
98718,2
98719,1
98720,2
98721,2
98722,2
98723,1
98724,2
98725,2
98726,3
98727,1
98728,1
98729,1
98730,1
98731,1
98732,2
98733,2
98734,2
98735,2
98736,2
98737,3
98738,1
98739,2
98740,2
98741,2
98742,2
98743,3
98744,2
98745,2
98746,2
98747,2
98748,2
98749,3
98750,2
98751,1
98752,3
98753,3
98754,0
98755,3
98756,0
98757,3
98758,3
98759,2
98760,1
98761,1
98762,1
98763,1
98764,1
98765,3
98766,3
98767,3
98768,2
98769,1
98770,1
98771,3
98772,1
98773,3
98774,1
98775,1
98776,3
98777,1
98778,2
98779,3
98780,3
98781,2
98782,3
98783,3
98784,1
98785,2
98786,3
98787,1
98788,3
98789,0
98790,3
98791,0
98792,0
98793,0
98794,0
98795,1
98796,1
98797,1
98798,1
98799,2
98800,1
98801,3
98802,0
98803,3
98804,3
98805,0
98806,0
98807,0
98808,0
98809,3
98810,2
98811,2
98812,2
98813,2
98814,2
98815,2
98816,1
98817,3
98818,2
98819,0
98820,1
98821,3
98822,0
98823,0
98824,2
98825,3
98826,3
98827,3
98828,2
98829,2
98830,2
98831,2
98832,3
98833,2
98834,3
98835,2
98836,2
98837,2
98838,3
98839,2
98840,0
98841,0
98842,0
98843,0
98844,3
98845,3
98846,2
98847,3
98848,3
98849,3
98850,0
98851,3
98852,2
98853,2
98854,3
98855,2
98856,3
98857,0
98858,0
98859,3
98860,0
98861,2
98862,0
98863,2
98864,2
98865,2
98866,2
98867,3
98868,2
98869,3
98870,2
98871,0
98872,3
98873,0
98874,0
98875,2
98876,2
98877,2
98878,0
98879,2
98880,2
98881,1
98882,2
98883,2
98884,1
98885,1
98886,1
98887,2
98888,2
98889,2
98890,3
98891,2
98892,3
98893,2
98894,3
98895,2
98896,2
98897,3
98898,1
98899,3
98900,1
98901,1
98902,1
98903,0
98904,0
98905,0
98906,0
98907,2
98908,2
98909,3
98910,2
98911,3
98912,3
98913,3
98914,3
98915,3
98916,0
98917,2
98918,2
98919,2
98920,3
98921,0
98922,2
98923,2
98924,1
98925,1
98926,2
98927,3
98928,2
98929,2
98930,2
98931,3
98932,3
98933,2
98934,3
98935,3
98936,3
98937,3
98938,0
98939,2
98940,3
98941,2
98942,2
98943,2
98944,2
98945,2
98946,2
98947,2
98948,0
98949,2
98950,2
98951,3
98952,2
98953,0
98954,3
98955,3
98956,3
98957,2
98958,2
98959,0
98960,2
98961,0
98962,0
98963,0
98964,0
98965,2
98966,0
98967,3
98968,3
98969,3
98970,3
98971,3
98972,0
98973,0
98974,0
98975,3
98976,3
98977,3
98978,3
98979,3
98980,3
98981,2
98982,2
98983,2
98984,3
98985,1
98986,2
98987,2
98988,2
98989,2
98990,2
98991,3
98992,3
98993,0
98994,3
98995,3
98996,3
98997,0
98998,0
98999,1
99000,1
99001,0
99002,0
99003,0
99004,3
99005,2
99006,2
99007,3
99008,1
99009,3
99010,3
99011,2
99012,3
99013,3
99014,3
99015,3
99016,1
99017,1
99018,1
99019,2
99020,2
99021,1
99022,1
99023,2
99024,2
99025,2
99026,2
99027,2
99028,2
99029,3
99030,1
99031,1
99032,1
99033,2
99034,2
99035,1
99036,1
99037,2
99038,2
99039,2
99040,2
99041,2
99042,2
99043,3
99044,2
99045,0
99046,2
99047,2
99048,1
99049,1
99050,1
99051,1
99052,3
99053,3
99054,3
99055,1
99056,3
99057,3
99058,3
99059,2
99060,3
99061,3
99062,3
99063,2
99064,0
99065,0
99066,0
99067,0
99068,0
99069,2
99070,2
99071,3
99072,1
99073,2
99074,3
99075,2
99076,2
99077,2
99078,1
99079,2
99080,3
99081,1
99082,0
99083,0
99084,0
99085,2
99086,0
99087,2
99088,3
99089,2
99090,3
99091,0
99092,2
99093,0
99094,2
99095,2
99096,3
99097,3
99098,3
99099,2
99100,2
99101,1
99102,1
99103,1
99104,0
99105,1
99106,1
99107,1
99108,0
99109,0
99110,1
99111,1
99112,2
99113,2
99114,2
99115,2
99116,0
99117,0
99118,2
99119,2
99120,2
99121,1
99122,1
99123,1
99124,3
99125,2
99126,2
99127,2
99128,2
99129,2
99130,0
99131,1
99132,2
99133,1
99134,2
99135,1
99136,2
99137,2
99138,3
99139,1
99140,1
99141,3
99142,3
99143,2
99144,3
99145,1
99146,1
99147,2
99148,2
99149,2
99150,2
99151,2
99152,2
99153,3
99154,2
99155,1
99156,2
99157,3
99158,1
99159,2
99160,1
99161,1
99162,1
99163,3
99164,3
99165,2
99166,2
99167,2
99168,2
99169,1
99170,2
99171,2
99172,1
99173,2
99174,2
99175,2
99176,2
99177,1
99178,1
99179,3
99180,2
99181,0
99182,0
99183,0
99184,0
99185,3
99186,0
99187,0
99188,0
99189,0
99190,0
99191,0
99192,0
99193,2
99194,2
99195,2
99196,2
99197,0
99198,3
99199,0
99200,0
99201,0
99202,0
99203,0
99204,0
99205,2
99206,0
99207,2
99208,2
99209,2
99210,1
99211,2
99212,2
99213,2
99214,0
99215,0
99216,0
99217,0
99218,0
99219,3
99220,2
99221,1
99222,1
99223,1
99224,0
99225,0
99226,0
99227,1
99228,3
99229,1
99230,0
99231,0
99232,0
99233,3
99234,2
99235,3
99236,3
99237,2
99238,2
99239,3
99240,2
99241,3
99242,3
99243,3
99244,2
99245,3
99246,3
99247,3
99248,3
99249,3
99250,3
99251,3
99252,3
99253,3
99254,3
99255,3
99256,2
99257,3
99258,3
99259,0
99260,0
99261,3
99262,3
99263,2
99264,2
99265,0
99266,3
99267,3
99268,3
99269,3
99270,0
99271,2
99272,2
99273,0
99274,0
99275,2
99276,2
99277,0
99278,0
99279,0
99280,0
99281,0
99282,0
99283,0
99284,0
99285,0
99286,3
99287,2
99288,3
99289,3
99290,3
99291,3
99292,0
99293,0
99294,2
99295,2
99296,2
99297,0
99298,0
99299,0
99300,0
99301,0
99302,0
99303,0
99304,0
99305,0
99306,0
99307,0
99308,0
99309,0
99310,0
99311,0
99312,0
99313,0
99314,0
99315,0
99316,0
99317,0
99318,0
99319,0
99320,3
99321,3
99322,1
99323,0
99324,2
99325,3
99326,2
99327,0
99328,0
99329,3
99330,0
99331,3
99332,3
99333,3
99334,3
99335,3
99336,3
99337,3
99338,3
99339,3
99340,2
99341,0
99342,0
99343,3
99344,3
99345,0
99346,0
99347,0
99348,0
99349,0
99350,0
99351,2
99352,0
99353,2
99354,0
99355,0
99356,3
99357,0
99358,0
99359,0
99360,2
99361,2
99362,2
99363,2
99364,2
99365,2
99366,2
99367,2
99368,2
99369,3
99370,1
99371,3
99372,3
99373,3
99374,3
99375,3
99376,0
99377,2
99378,2
99379,0
99380,2
99381,3
99382,0
99383,0
99384,0
99385,1
99386,0
99387,1
99388,0
99389,0
99390,0
99391,0
99392,0
99393,3
99394,0
99395,3
99396,3
99397,3
99398,2
99399,3
99400,3
99401,2
99402,3
99403,2
99404,3
99405,3
99406,3
99407,2
99408,3
99409,3
99410,3
99411,3
99412,3
99413,3
99414,2
99415,2
99416,3
99417,3
99418,0
99419,0
99420,3
99421,0
99422,3
99423,0
99424,3
99425,0
99426,1
99427,3
99428,2
99429,3
99430,1
99431,1
99432,3
99433,2
99434,1
99435,3
99436,2
99437,3
99438,1
99439,1
99440,2
99441,3
99442,2
99443,1
99444,2
99445,3
99446,3
99447,3
99448,3
99449,3
99450,2
99451,1
99452,1
99453,3
99454,3
99455,2
99456,2
99457,2
99458,3
99459,2
99460,3
99461,3
99462,3
99463,3
99464,3
99465,2
99466,2
99467,3
99468,0
99469,3
99470,3
99471,3
99472,3
99473,3
99474,2
99475,3
99476,3
99477,2
99478,2
99479,3
99480,3
99481,3
99482,3
99483,3
99484,3
99485,3
99486,2
99487,3
99488,1
99489,3
99490,1
99491,3
99492,2
99493,0
99494,1
99495,0
99496,0
99497,0
99498,3
99499,0
99500,3
99501,0
99502,0
99503,1
99504,2
99505,0
99506,2
99507,0
99508,1
99509,3
99510,0
99511,0
99512,0
99513,3
99514,3
99515,0
99516,0
99517,1
99518,2
99519,3
99520,3
99521,1
99522,3
99523,0
99524,0
99525,1
99526,2
99527,2
99528,3
99529,0
99530,2
99531,0
99532,1
99533,1
99534,3
99535,2
99536,2
99537,2
99538,3
99539,3
99540,0
99541,3
99542,0
99543,0
99544,3
99545,3
99546,3
99547,3
99548,3
99549,3
99550,3
99551,3
99552,3
99553,2
99554,2
99555,3
99556,3
99557,3
99558,3
99559,2
99560,3
99561,3
99562,2
99563,3
99564,3
99565,3
99566,3
99567,3
99568,2
99569,0
99570,0
99571,0
99572,0
99573,0
99574,0
99575,0
99576,0
99577,2
99578,3
99579,3
99580,2
99581,3
99582,0
99583,0
99584,0
99585,2
99586,0
99587,2
99588,0
99589,0
99590,0
99591,0
99592,0
99593,0
99594,0
99595,0
99596,0
99597,0
99598,0
99599,2
99600,0
99601,0
99602,0
99603,2
99604,2
99605,2
99606,2
99607,0
99608,2
99609,2
99610,2
99611,2
99612,0
99613,0
99614,2
99615,2
99616,2
99617,3
99618,0
99619,3
99620,2
99621,3
99622,3
99623,2
99624,0
99625,3
99626,0
99627,3
99628,2
99629,2
99630,2
99631,0
99632,0
99633,0
99634,2
99635,3
99636,2
99637,2
99638,2
99639,0
99640,3
99641,1
99642,2
99643,0
99644,0
99645,0
99646,0
99647,0
99648,0
99649,1
99650,3
99651,0
99652,0
99653,0
99654,3
99655,2
99656,3
99657,2
99658,2
99659,0
99660,0
99661,3
99662,0
99663,0
99664,0
99665,0
99666,0
99667,2
99668,2
99669,3
99670,2
99671,2
99672,2
99673,2
99674,2
99675,2
99676,2
99677,3
99678,3
99679,3
99680,3
99681,3
99682,0
99683,2
99684,0
99685,0
99686,0
99687,0
99688,0
99689,0
99690,0
99691,0
99692,0
99693,2
99694,3
99695,0
99696,0
99697,0
99698,0
99699,3
99700,0
99701,0
99702,3
99703,4
99704,3
99705,2
99706,2
99707,2
99708,0
99709,0
99710,0
99711,0
99712,0
99713,0
99714,2
99715,3
99716,0
99717,0
99718,0
99719,0
99720,0
99721,0
99722,0
99723,0
99724,0
99725,2
99726,0
99727,0
99728,2
99729,2
99730,2
99731,2
99732,2
99733,3
99734,3
99735,2
99736,2
99737,2
99738,3
99739,2
99740,3
99741,2
99742,2
99743,3
99744,3
99745,0
99746,0
99747,0
99748,2
99749,0
99750,0
99751,2
99752,2
99753,2
99754,0
99755,0
99756,3
99757,3
99758,2
99759,3
99760,3
99761,3
99762,3
99763,2
99764,3
99765,3
99766,3
99767,3
99768,1
99769,3
99770,3
99771,2
99772,3
99773,3
99774,0
99775,3
99776,0
99777,0
99778,0
99779,0
99780,0
99781,3
99782,0
99783,0
99784,0
99785,0
99786,0
99787,0
99788,0
99789,0
99790,0
99791,2
99792,3
99793,3
99794,3
99795,0
99796,0
99797,0
99798,0
99799,3
99800,0
99801,0
99802,0
99803,0
99804,0
99805,0
99806,0
99807,0
99808,0
99809,0
99810,0
99811,0
99812,0
99813,0
99814,0
99815,0
99816,0
99817,0
99818,0
99819,0
99820,0
99821,0
99822,0
99823,0
99824,0
99825,0
99826,0
99827,0
99828,0
99829,0
99830,0
99831,0
99832,0
99833,0
99834,0
99835,0
99836,0
99837,0
99838,0
99839,0
99840,0
99841,0
99842,0
99843,0
99844,0
99845,0
99846,0
99847,0
99848,0
99849,0
99850,0
99851,0
99852,0
99853,0
99854,0
99855,0
99856,0
99857,0
99858,0
99859,0
99860,0
99861,0
99862,0
99863,0
99864,0
99865,0
99866,0
99867,0
99868,0
99869,0
99870,0
99871,0
99872,0
99873,0
99874,0
99875,0
99876,0
99877,0
99878,0
99879,0
99880,0
99881,0
99882,0
99883,0
99884,0
99885,3
99886,0
99887,0
99888,0
99889,0
99890,0
99891,0
99892,0
99893,0
99894,0
99895,0
99896,0
99897,0
99898,0
99899,0
99900,0
99901,0
99902,0
99903,0
99904,0
99905,0
99906,0
99907,0
99908,0
99909,0
99910,0
99911,0
99912,0
99913,0
99914,0
99915,0
99916,0
99917,0
99918,0
99919,0
99920,2
99921,3
99922,3
99923,3
99924,0
99925,3
99926,0
99927,2
99928,0
99929,0
99930,3
99931,3
99932,1
99933,3
99934,0
99935,3
99936,3
99937,0
99938,3
99939,0
99940,0
99941,0
99942,0
99943,0
99944,3
99945,0
99946,0
99947,0
99948,0
99949,0
99950,0
99951,0
99952,0
99953,0
99954,0
99955,0
99956,0
99957,0
99958,3
99959,3
99960,3
99961,3
99962,0
99963,2
99964,0
99965,0
99966,3
99967,0
99968,0
99969,0
99970,0
99971,0
99972,0
99973,3
99974,0
99975,0
99976,0
99977,0
99978,0
99979,0
99980,0
99981,0
99982,0
99983,0
99984,0
99985,0
99986,3
99987,3
99988,0
99989,0
99990,0
99991,0
99992,0
99993,0
99994,0
99995,0
99996,0
99997,0
99998,0
99999,0
100000,3
100001,0
100002,0
100003,0
100004,0
100005,0
100006,0
100007,0
100008,0
100009,3
100010,0
100011,0
100012,0
100013,0
100014,1
100015,0
100016,0
100017,0
100018,0
100019,0
100020,0
100021,0
100022,0
100023,0
100024,0
100025,0
100026,0
100027,0
100028,0
100029,3
100030,0
100031,3
100032,0
100033,0
100034,0
100035,0
100036,0
100037,3
100038,0
100039,0
100040,0
100041,0
100042,0
100043,0
100044,0
100045,4
100046,4
100047,0
100048,0
100049,3
100050,2
100051,0
100052,0
100053,0
100054,0
100055,0
100056,0
100057,0
100058,0
100059,0
100060,0
100061,0
100062,0
100063,0
100064,0
100065,0
100066,0
100067,0
100068,3
100069,0
100070,0
100071,2
100072,0
100073,0
100074,0
100075,3
100076,3
100077,0
100078,0
100079,0
100080,0
100081,0
100082,0
100083,0
100084,0
100085,0
100086,0
100087,0
100088,0
100089,0
100090,0
100091,0
100092,0
100093,0
100094,0
100095,0
100096,0
100097,0
100098,0
100099,0
100100,0
100101,0
100102,0
100103,2
100104,2
100105,0
100106,0
100107,0
100108,0
100109,0
100110,0
100111,0
100112,0
100113,0
100114,0
100115,0
100116,0
100117,0
100118,0
100119,0
100120,0
100121,0
100122,0
100123,0
100124,0
100125,0
100126,0
100127,0
100128,0
100129,0
100130,0
100131,0
100132,0
100133,0
100134,0
100135,0
100136,0
100137,0
100138,2
100139,0
100140,0
100141,0
100142,0
100143,0
100144,0
100145,0
100146,0
100147,0
100148,0
100149,0
100150,0
100151,0
100152,0
100153,0
100154,0
100155,0
100156,0
100157,0
100158,0
100159,0
100160,0
100161,3
100162,2
100163,3
100164,0
100165,2
100166,0
100167,0
100168,0
100169,0
100170,2
100171,2
100172,2
100173,2
100174,0
100175,0
100176,0
100177,0
100178,3
100179,2
100180,0
100181,2
100182,3
100183,2
100184,2
100185,2
100186,2
100187,0
100188,0
100189,1
100190,0
100191,0
100192,0
100193,2
100194,0
100195,0
100196,0
100197,0
100198,0
100199,0
100200,0
100201,0
100202,0
100203,0
100204,0
100205,0
100206,0
100207,0
100208,0
100209,0
100210,3
100211,0
100212,1
100213,0
100214,0
100215,0
100216,0
100217,0
100218,0
100219,3
100220,0
100221,0
100222,0
100223,0
100224,0
100225,0
100226,0
100227,0
100228,0
100229,0
100230,2
100231,0
100232,0
100233,0
100234,0
100235,0
100236,0
100237,0
100238,0
100239,0
100240,0
100241,0
100242,0
100243,0
100244,0
100245,1
100246,0
100247,3
100248,0
100249,0
100250,0
100251,3
100252,0
100253,0
100254,0
100255,0
100256,0
100257,0
100258,2
100259,0
100260,0
100261,1
100262,1
100263,1
100264,1
100265,1
100266,0
100267,0
100268,0
100269,1
100270,0
100271,0
100272,0
100273,0
100274,0
100275,0
100276,0
100277,0
100278,0
100279,0
100280,0
100281,0
100282,0
100283,0
100284,3
100285,0
100286,0
100287,0
100288,0
100289,0
100290,0
100291,0
100292,0
100293,0
100294,0
100295,3
100296,0
100297,2
100298,0
100299,2
100300,2
100301,0
100302,0
100303,0
100304,0
100305,0
100306,0
100307,0
100308,0
100309,0
100310,0
100311,0
100312,0
100313,0
100314,3
100315,0
100316,0
100317,0
100318,0
100319,0
100320,0
100321,1
100322,2
100323,0
100324,0
100325,0
100326,0
100327,2
100328,3
100329,3
100330,1
100331,1
100332,1
100333,2
100334,3
100335,0
100336,0
100337,0
100338,0
100339,0
100340,0
100341,1
100342,1
100343,0
100344,3
100345,1
100346,1
100347,0
100348,1
100349,0
100350,0
100351,0
100352,2
100353,1
100354,0
100355,0
100356,3
100357,3
100358,3
100359,0
100360,3
100361,3
100362,3
100363,3
100364,3
100365,3
100366,3
100367,0
100368,0
100369,0
100370,0
100371,0
100372,0
100373,0
100374,0
100375,0
100376,0
100377,0
100378,0
100379,0
100380,0
100381,0
100382,0
100383,0
100384,1
100385,0
100386,0
100387,0
100388,0
100389,3
100390,0
100391,0
100392,0
100393,0
100394,3
100395,0
100396,2
100397,2
100398,0
100399,0
100400,0
100401,0
100402,3
100403,0
100404,2
100405,3
100406,3
100407,3
100408,1
100409,3
100410,0
100411,0
100412,1
100413,1
100414,0
100415,0
100416,1
100417,1
100418,0
100419,0
100420,0
100421,0
100422,0
100423,0
100424,0
100425,0
100426,0
100427,0
100428,0
100429,0
100430,0
100431,0
100432,0
100433,0
100434,0
100435,0
100436,0
100437,0
100438,0
100439,3
100440,3
100441,0
100442,0
100443,2
100444,0
100445,0
100446,0
100447,0
100448,0
100449,0
100450,0
100451,3
100452,1
100453,3
100454,0
100455,3
100456,3
100457,3
100458,3
100459,3
100460,3
100461,3
100462,3
100463,3
100464,3
100465,2
100466,2
100467,3
100468,3
100469,3
100470,0
100471,3
100472,1
100473,1
100474,0
100475,0
100476,0
100477,0
100478,0
100479,3
100480,3
100481,0
100482,0
100483,0
100484,3
100485,3
100486,3
100487,3
100488,3
100489,2
100490,0
100491,0
100492,2
100493,1
100494,1
100495,1
100496,1
100497,3
100498,3
100499,3
100500,0
100501,0
100502,1
100503,0
100504,0
100505,3
100506,1
100507,3
100508,3
100509,3
100510,0
100511,0
100512,3
100513,3
100514,1
100515,1
100516,0
100517,3
100518,3
100519,0
100520,2
100521,0
100522,0
100523,0
100524,0
100525,0
100526,0
100527,0
100528,0
100529,0
100530,1
100531,0
100532,0
100533,0
100534,0
100535,0
100536,2
100537,0
100538,2
100539,0
100540,3
100541,3
100542,3
100543,0
100544,0
100545,0
100546,0
100547,0
100548,0
100549,0
100550,0
100551,0
100552,0
100553,0
100554,0
100555,0
100556,0
100557,0
100558,0
100559,0
100560,0
100561,0
100562,0
100563,2
100564,0
100565,0
100566,0
100567,0
100568,0
100569,0
100570,0
100571,0
100572,3
100573,0
100574,3
100575,0
100576,3
100577,3
100578,0
100579,3
100580,0
100581,0
100582,0
100583,0
100584,0
100585,3
100586,0
100587,0
100588,0
100589,0
100590,0
100591,0
100592,0
100593,0
100594,0
100595,0
100596,2
100597,0
100598,0
100599,0
100600,0
100601,0
100602,0
100603,2
100604,0
100605,0
100606,0
100607,0
100608,0
100609,0
100610,0
100611,0
100612,0
100613,0
100614,0
100615,0
100616,0
100617,0
100618,0
100619,0
100620,0
100621,0
100622,0
100623,0
100624,1
100625,1
100626,0
100627,0
100628,0
100629,0
100630,0
100631,0
100632,2
100633,0
100634,0
100635,0
100636,0
100637,0
100638,2
100639,0
100640,0
100641,0
100642,0
100643,0
100644,0
100645,0
100646,0
100647,0
100648,0
100649,0
100650,0
100651,0
100652,1
100653,0
100654,1
100655,0
100656,2
100657,0
100658,0
100659,0
100660,0
100661,0
100662,0
100663,0
100664,0
100665,0
100666,0
100667,0
100668,0
100669,0
100670,0
100671,2
100672,3
100673,2
100674,3
100675,2
100676,2
100677,3
100678,3
100679,0
100680,0
100681,0
100682,0
100683,0
100684,0
100685,2
100686,0
100687,3
100688,3
100689,3
100690,3
100691,3
100692,0
100693,0
100694,0
100695,0
100696,0
100697,2
100698,0
100699,0
100700,0
100701,2
100702,0
100703,0
100704,2
100705,0
100706,0
100707,0
100708,0
100709,0
100710,0
100711,2
100712,0
100713,1
100714,0
100715,0
100716,0
100717,0
100718,0
100719,0
100720,0
100721,0
100722,0
100723,0
100724,0
100725,0
100726,0
100727,0
100728,0
100729,0
100730,0
100731,0
100732,0
100733,0
100734,0
100735,0
100736,0
100737,0
100738,0
100739,0
100740,0
100741,0
100742,0
100743,0
100744,0
100745,0
100746,0
100747,0
100748,0
100749,0
100750,0
100751,3
100752,3
100753,3
100754,2
100755,2
100756,2
100757,2
100758,2
100759,2
100760,2
100761,2
100762,2
100763,2
100764,2
100765,2
100766,2
100767,2
100768,0
100769,2
100770,2
100771,2
100772,3
100773,2
100774,2
100775,2
100776,2
100777,2
100778,1
100779,1
100780,1
100781,3
100782,1
100783,3
100784,1
100785,1
100786,1
100787,0
100788,0
100789,0
100790,0
100791,0
100792,0
100793,0
100794,1
100795,0
100796,0
100797,1
100798,3
100799,1
100800,3
100801,3
100802,3
100803,0
100804,3
100805,0
100806,3
100807,0
100808,3
100809,2
100810,1
100811,1
100812,1
100813,1
100814,1
100815,3
100816,3
100817,1
100818,2
100819,3
100820,1
100821,1
100822,1
100823,1
100824,0
100825,0
100826,0
100827,0
100828,0
100829,0
100830,2
100831,0
100832,0
100833,0
100834,0
100835,0
100836,0
100837,3
100838,0
100839,0
100840,0
100841,0
100842,0
100843,0
100844,1
100845,0
100846,1
100847,0
100848,0
100849,0
100850,0
100851,0
100852,0
100853,2
100854,0
100855,0
100856,0
100857,0
100858,0
100859,0
100860,0
100861,0
100862,0
100863,0
100864,0
100865,0
100866,0
100867,0
100868,0
100869,0
100870,0
100871,0
100872,0
100873,0
100874,0
100875,0
100876,0
100877,2
100878,0
100879,0
100880,0
100881,0
100882,0
100883,0
100884,0
100885,0
100886,0
100887,0
100888,0
100889,0
100890,0
100891,0
100892,0
100893,0
100894,0
100895,0
100896,0
100897,0
100898,0
100899,0
100900,0
100901,0
100902,0
100903,0
100904,0
100905,0
100906,0
100907,1
100908,1
100909,1
100910,1
100911,0
100912,0
100913,0
100914,0
100915,0
100916,0
100917,0
100918,0
100919,0
100920,0
100921,0
100922,0
100923,0
100924,0
100925,2
100926,0
100927,0
100928,0
100929,0
100930,0
100931,0
100932,0
100933,0
100934,0
100935,0
100936,0
100937,0
100938,0
100939,0
100940,0
100941,0
100942,0
100943,0
100944,0
100945,0
100946,0
100947,0
100948,0
100949,0
100950,0
100951,0
100952,0
100953,0
100954,0
100955,0
100956,0
100957,0
100958,0
100959,0
100960,0
100961,0
100962,0
100963,0
100964,2
100965,0
100966,3
100967,0
100968,3
100969,0
100970,0
100971,0
100972,0
100973,0
100974,1
100975,1
100976,3
100977,3
100978,3
100979,3
100980,1
100981,3
100982,3
100983,1
100984,1
100985,1
100986,3
100987,1
100988,2
100989,2
100990,2
100991,2
100992,2
100993,2
100994,2
100995,2
100996,3
100997,3
100998,2
100999,2
101000,2
101001,3
101002,3
101003,2
101004,3
101005,2
101006,2
101007,2
101008,2
101009,2
101010,2
101011,2
101012,2
101013,2
101014,2
101015,2
101016,1
101017,2
101018,2
101019,3
101020,2
101021,2
101022,2
101023,2
101024,2
101025,2
101026,2
101027,2
101028,2
101029,3
101030,3
101031,2
101032,2
101033,2
101034,2
101035,3
101036,3
101037,1
101038,2
101039,0
101040,2
101041,3
101042,3
101043,3
101044,2
101045,3
101046,1
101047,2
101048,3
101049,2
101050,3
101051,0
101052,1
101053,3
101054,3
101055,3
101056,3
101057,0
101058,3
101059,3
101060,3
101061,3
101062,3
101063,3
101064,3
101065,4
101066,3
101067,3
101068,3
101069,3
101070,0
101071,0
101072,0
101073,0
101074,2
101075,0
101076,0
101077,0
101078,0
101079,0
101080,0
101081,2
101082,0
101083,3
101084,2
101085,0
101086,0
101087,0
101088,0
101089,0
101090,0
101091,3
101092,0
101093,0
101094,0
101095,3
101096,2
101097,2
101098,1
101099,3
101100,1
101101,3
101102,3
101103,3
101104,3
101105,3
101106,1
101107,1
101108,3
101109,3
101110,3
101111,3
101112,3
101113,3
101114,3
101115,2
101116,3
101117,3
101118,3
101119,3
101120,3
101121,3
101122,3
101123,3
101124,3
101125,3
101126,3
101127,3
101128,3
101129,3
101130,0
101131,3
101132,3
101133,3
101134,3
101135,3
101136,2
101137,2
101138,3
101139,3
101140,3
101141,2
101142,2
101143,2
101144,3
101145,2
101146,3
101147,2
101148,3
101149,3
101150,3
101151,3
101152,3
101153,2
101154,3
101155,3
101156,2
101157,3
101158,3
101159,3
101160,3
101161,3
101162,3
101163,3
101164,3
101165,1
101166,1
101167,1
101168,3
101169,2
101170,3
101171,2
101172,3
101173,3
101174,2
101175,2
101176,3
101177,2
101178,2
101179,2
101180,2
101181,2
101182,3
101183,1
101184,0
101185,3
101186,1
101187,1
101188,3
101189,2
101190,2
101191,2
101192,2
101193,2
101194,2
101195,2
101196,2
101197,2
101198,2
101199,2
101200,2
101201,2
101202,3
101203,2
101204,3
101205,2
101206,2
101207,1
101208,1
101209,2
101210,3
101211,2
101212,2
101213,2
101214,2
101215,2
101216,2
101217,2
101218,2
101219,2
101220,2
101221,2
101222,3
101223,3
101224,3
101225,3
101226,3
101227,3
101228,3
101229,3
101230,2
101231,3
101232,3
101233,2
101234,2
101235,2
101236,2
101237,2
101238,2
101239,2
101240,2
101241,2
101242,2
101243,2
101244,2
101245,2
101246,3
101247,2
101248,3
101249,2
101250,2
101251,2
101252,3
101253,3
101254,2
101255,3
101256,3
101257,2
101258,3
101259,3
101260,3
101261,2
101262,3
101263,2
101264,3
101265,2
101266,2
101267,3
101268,2
101269,2
101270,2
101271,2
101272,2
101273,2
101274,2
101275,3
101276,3
101277,3
101278,2
101279,3
101280,2
101281,3
101282,2
101283,2
101284,2
101285,3
101286,3
101287,2
101288,0
101289,2
101290,3
101291,2
101292,3
101293,2
101294,3
101295,3
101296,2
101297,3
101298,1
101299,1
101300,0
101301,0
101302,2
101303,0
101304,2
101305,2
101306,2
101307,2
101308,2
101309,3
101310,2
101311,3
101312,2
101313,2
101314,2
101315,2
101316,2
101317,2
101318,2
101319,2
101320,2
101321,3
101322,2
101323,3
101324,2
101325,3
101326,2
101327,3
101328,2
101329,2
101330,2
101331,2
101332,2
101333,1
101334,2
101335,3
101336,1
101337,0
101338,0
101339,2
101340,2
101341,2
101342,2
101343,2
101344,2
101345,3
101346,2
101347,2
101348,2
101349,3
101350,2
101351,2
101352,3
101353,2
101354,1
101355,3
101356,3
101357,2
101358,3
101359,3
101360,3
101361,3
101362,3
101363,3
101364,3
101365,3
101366,3
101367,3
101368,3
101369,3
101370,3
101371,3
101372,3
101373,2
101374,3
101375,3
101376,3
101377,3
101378,3
101379,3
101380,3
101381,1
101382,2
101383,2
101384,2
101385,2
101386,2
101387,3
101388,2
101389,2
101390,2
101391,2
101392,2
101393,3
101394,2
101395,3
101396,3
101397,2
101398,2
101399,2
101400,2
101401,2
101402,2
101403,2
101404,2
101405,2
101406,3
101407,2
101408,2
101409,2
101410,3
101411,3
101412,2
101413,3
101414,3
101415,3
101416,1
101417,1
101418,1
101419,1
101420,3
101421,3
101422,3
101423,3
101424,3
101425,3
101426,3
101427,3
101428,3
101429,3
101430,3
101431,3
101432,3
101433,3
101434,3
101435,3
101436,3
101437,3
101438,3
101439,3
101440,3
101441,2
101442,2
101443,3
101444,2
101445,1
101446,3
101447,2
101448,2
101449,3
101450,1
101451,1
101452,3
101453,2
101454,2
101455,3
101456,3
101457,3
101458,2
101459,2
101460,2
101461,3
101462,2
101463,2
101464,2
101465,3
101466,3
101467,1
101468,3
101469,3
101470,2
101471,1
101472,3
101473,0
101474,1
101475,1
101476,3
101477,3
101478,3
101479,3
101480,1
101481,1
101482,3
101483,3
101484,2
101485,2
101486,3
101487,2
101488,2
101489,2
101490,3
101491,3
101492,2
101493,2
101494,2
101495,3
101496,2
101497,2
101498,2
101499,2
101500,2
101501,2
101502,3
101503,2
101504,2
101505,2
101506,3
101507,2
101508,3
101509,2
101510,3
101511,3
101512,3
101513,3
101514,1
101515,3
101516,2
101517,3
101518,2
101519,3
101520,3
101521,2
101522,3
101523,2
101524,2
101525,2
101526,2
101527,2
101528,3
101529,3
101530,3
101531,2
101532,3
101533,2
101534,2
101535,3
101536,2
101537,2
101538,3
101539,3
101540,3
101541,3
101542,3
101543,3
101544,0
101545,3
101546,3
101547,3
101548,3
101549,3
101550,3
101551,3
101552,3
101553,3
101554,2
101555,3
101556,2
101557,2
101558,2
101559,3
101560,3
101561,3
101562,3
101563,3
101564,3
101565,3
101566,3
101567,2
101568,1
101569,3
101570,3
101571,3
101572,0
101573,3
101574,3
101575,2
101576,2
101577,2
101578,3
101579,3
101580,3
101581,3
101582,2
101583,2
101584,3
101585,3
101586,2
101587,2
101588,2
101589,3
101590,3
101591,3
101592,3
101593,3
101594,2
101595,3
101596,3
101597,2
101598,3
101599,2
101600,2
101601,2
101602,2
101603,3
101604,2
101605,3
101606,3
101607,2
101608,3
101609,3
101610,2
101611,3
101612,2
101613,3
101614,3
101615,2
101616,2
101617,3
101618,3
101619,3
101620,3
101621,3
101622,2
101623,3
101624,3
101625,3
101626,3
101627,2
101628,2
101629,3
101630,2
101631,2
101632,3
101633,2
101634,3
101635,2
101636,3
101637,3
101638,3
101639,3
101640,2
101641,3
101642,3
101643,3
101644,2
101645,2
101646,2
101647,3
101648,2
101649,2
101650,3
101651,3
101652,3
101653,3
101654,2
101655,2
101656,2
101657,3
101658,3
101659,3
101660,3
101661,3
101662,2
101663,2
101664,3
101665,2
101666,3
101667,2
101668,3
101669,3
101670,3
101671,3
101672,3
101673,3
101674,3
101675,2
101676,2
101677,2
101678,3
101679,2
101680,2
101681,2
101682,2
101683,2
101684,3
101685,2
101686,2
101687,2
101688,2
101689,3
101690,2
101691,2
101692,2
101693,2
101694,2
101695,2
101696,2
101697,2
101698,2
101699,2
101700,2
101701,2
101702,2
101703,2
101704,2
101705,2
101706,2
101707,2
101708,3
101709,2
101710,2
101711,2
101712,3
101713,2
101714,2
101715,2
101716,3
101717,3
101718,2
101719,2
101720,2
101721,2
101722,3
101723,2
101724,0
101725,0
101726,2
101727,2
101728,2
101729,2
101730,2
101731,2
101732,3
101733,2
101734,0
101735,2
101736,3
101737,2
101738,2
101739,2
101740,3
101741,3
101742,3
101743,2
101744,2
101745,2
101746,2
101747,2
101748,3
101749,3
101750,2
101751,2
101752,2
101753,2
101754,2
101755,2
101756,2
101757,2
101758,3
101759,2
101760,2
101761,2
101762,3
101763,2
101764,2
101765,2
101766,3
101767,2
101768,3
101769,2
101770,2
101771,3
101772,2
101773,2
101774,2
101775,2
101776,2
101777,2
101778,2
101779,2
101780,2
101781,3
101782,1
101783,3
101784,1
101785,2
101786,1
101787,3
101788,3
101789,3
101790,3
101791,3
101792,3
101793,3
101794,3
101795,2
101796,3
101797,3
101798,3
101799,3
101800,2
101801,2
101802,2
101803,3
101804,3
101805,3
101806,3
101807,2
101808,3
101809,3
101810,1
101811,3
101812,3
101813,3
101814,3
101815,2
101816,3
101817,3
101818,3
101819,3
101820,2
101821,3
101822,3
101823,3
101824,3
101825,3
101826,0
101827,3
101828,3
101829,3
101830,3
101831,3
101832,3
101833,3
101834,3
101835,3
101836,1
101837,1
101838,1
101839,2
101840,3
101841,3
101842,3
101843,2
101844,2
101845,3
101846,2
101847,3
101848,3
101849,2
101850,1
101851,1
101852,3
101853,0
101854,3
101855,1
101856,2
101857,2
101858,3
101859,3
101860,3
101861,3
101862,2
101863,3
101864,2
101865,3
101866,3
101867,2
101868,1
101869,2
101870,2
101871,2
101872,1
101873,2
101874,2
101875,2
101876,3
101877,1
101878,2
101879,2
101880,1
101881,2
101882,1
101883,1
101884,3
101885,3
101886,1
101887,2
101888,3
101889,3
101890,2
101891,3
101892,2
101893,3
101894,2
101895,3
101896,3
101897,3
101898,2
101899,1
101900,3
101901,2
101902,3
101903,2
101904,2
101905,2
101906,3
101907,2
101908,2
101909,2
101910,2
101911,3
101912,3
101913,3
101914,1
101915,1
101916,3
101917,3
101918,1
101919,3
101920,3
101921,2
101922,1
101923,2
101924,1
101925,1
101926,3
101927,1
101928,3
101929,2
101930,3
101931,3
101932,1
101933,1
101934,1
101935,3
101936,3
101937,3
101938,3
101939,3
101940,2
101941,1
101942,2
101943,2
101944,2
101945,2
101946,2
101947,3
101948,2
101949,2
101950,3
101951,2
101952,2
101953,2
101954,3
101955,2
101956,2
101957,2
101958,3
101959,2
101960,3
101961,2
101962,3
101963,3
101964,3
101965,3
101966,2
101967,2
101968,2
101969,2
101970,2
101971,2
101972,2
101973,2
101974,0
101975,2
101976,3
101977,3
101978,3
101979,3
101980,3
101981,3
101982,0
101983,3
101984,3
101985,2
101986,2
101987,2
101988,2
101989,2
101990,3
101991,2
101992,2
101993,3
101994,2
101995,2
101996,3
101997,3
101998,2
101999,2
102000,2
102001,3
102002,2
102003,3
102004,2
102005,3
102006,3
102007,2
102008,3
102009,0
102010,0
102011,3
102012,2
102013,2
102014,2
102015,3
102016,3
102017,3
102018,3
102019,3
102020,0
102021,0
102022,0
102023,3
102024,3
102025,3
102026,3
102027,1
102028,3
102029,3
102030,3
102031,2
102032,2
102033,2
102034,3
102035,3
102036,2
102037,2
102038,2
102039,2
102040,3
102041,2
102042,2
102043,2
102044,2
102045,2
102046,2
102047,2
102048,2
102049,2
102050,2
102051,2
102052,2
102053,0
102054,2
102055,2
102056,2
102057,2
102058,3
102059,2
102060,2
102061,2
102062,2
102063,2
102064,3
102065,2
102066,2
102067,2
102068,0
102069,2
102070,2
102071,0
102072,2
102073,3
102074,2
102075,2
102076,2
102077,2
102078,0
102079,2
102080,3
102081,3
102082,2
102083,2
102084,2
102085,3
102086,2
102087,2
102088,2
102089,2
102090,3
102091,3
102092,3
102093,2
102094,2
102095,0
102096,3
102097,2
102098,2
102099,3
102100,2
102101,2
102102,2
102103,2
102104,3
102105,2
102106,2
102107,2
102108,2
102109,3
102110,3
102111,2
102112,3
102113,3
102114,3
102115,2
102116,2
102117,3
102118,2
102119,0
102120,2
102121,3
102122,2
102123,0
102124,2
102125,0
102126,2
102127,2
102128,3
102129,2
102130,2
102131,2
102132,3
102133,3
102134,1
102135,3
102136,3
102137,3
102138,3
102139,3
102140,3
102141,3
102142,3
102143,2
102144,3
102145,3
102146,3
102147,2
102148,3
102149,3
102150,2
102151,3
102152,3
102153,2
102154,3
102155,3
102156,2
102157,2
102158,3
102159,2
102160,2
102161,3
102162,3
102163,3
102164,2
102165,2
102166,2
102167,2
102168,3
102169,3
102170,3
102171,3
102172,3
102173,3
102174,3
102175,3
102176,2
102177,3
102178,1
102179,3
102180,2
102181,2
102182,2
102183,2
102184,3
102185,2
102186,2
102187,2
102188,2
102189,2
102190,0
102191,3
102192,2
102193,2
102194,2
102195,2
102196,2
102197,0
102198,2
102199,2
102200,3
102201,3
102202,3
102203,3
102204,3
102205,3
102206,3
102207,3
102208,3
102209,3
102210,3
102211,3
102212,3
102213,3
102214,3
102215,2
102216,1
102217,3
102218,1
102219,1
102220,1
102221,1
102222,0
102223,3
102224,0
102225,0
102226,0
102227,3
102228,1
102229,0
102230,0
102231,3
102232,1
102233,1
102234,1
102235,1
102236,3
102237,3
102238,1
102239,1
102240,1
102241,3
102242,1
102243,3
102244,3
102245,2
102246,2
102247,2
102248,2
102249,2
102250,2
102251,3
102252,3
102253,1
102254,3
102255,3
102256,3
102257,3
102258,3
102259,3
102260,2
102261,3
102262,1
102263,3
102264,3
102265,3
102266,3
102267,3
102268,1
102269,1
102270,3
102271,3
102272,3
102273,3
102274,2
102275,2
102276,2
102277,2
102278,2
102279,3
102280,3
102281,1
102282,1
102283,1
102284,0
102285,3
102286,3
102287,0
102288,0
102289,0
102290,0
102291,3
102292,1
102293,1
102294,0
102295,3
102296,3
102297,3
102298,3
102299,2
102300,3
102301,2
102302,2
102303,0
102304,3
102305,3
102306,3
102307,3
102308,3
102309,3
102310,3
102311,3
102312,3
102313,3
102314,3
102315,3
102316,3
102317,2
102318,3
102319,2
102320,2
102321,3
102322,3
102323,3
102324,2
102325,3
102326,2
102327,3
102328,0
102329,2
102330,3
102331,2
102332,3
102333,2
102334,3
102335,3
102336,2
102337,2
102338,2
102339,3
102340,2
102341,3
102342,3
102343,2
102344,2
102345,2
102346,0
102347,2
102348,2
102349,0
102350,3
102351,2
102352,2
102353,0
102354,2
102355,3
102356,2
102357,3
102358,2
102359,2
102360,0
102361,2
102362,3
102363,2
102364,3
102365,3
102366,3
102367,2
102368,3
102369,2
102370,2
102371,2
102372,3
102373,2
102374,2
102375,2
102376,2
102377,0
102378,3
102379,3
102380,3
102381,3
102382,3
102383,3
102384,2
102385,3
102386,2
102387,2
102388,3
102389,3
102390,0
102391,3
102392,3
102393,3
102394,2
102395,0
102396,3
102397,2
102398,3
102399,2
102400,3
102401,0
102402,3
102403,3
102404,3
102405,3
102406,3
102407,3
102408,3
102409,3
102410,3
102411,3
102412,3
102413,3
102414,2
102415,3
102416,3
102417,3
102418,3
102419,3
102420,3
102421,3
102422,2
102423,3
102424,1
102425,3
102426,3
102427,3
102428,3
102429,3
102430,3
102431,3
102432,2
102433,3
102434,0
102435,3
102436,3
102437,3
102438,1
102439,2
102440,2
102441,2
102442,1
102443,1
102444,3
102445,2
102446,3
102447,2
102448,2
102449,2
102450,3
102451,2
102452,3
102453,3
102454,3
102455,2
102456,2
102457,2
102458,2
102459,0
102460,3
102461,3
102462,2
102463,2
102464,2
102465,2
102466,0
102467,3
102468,2
102469,2
102470,3
102471,3
102472,2
102473,3
102474,3
102475,2
102476,2
102477,3
102478,2
102479,2
102480,3
102481,3
102482,2
102483,3
102484,2
102485,2
102486,2
102487,3
102488,1
102489,0
102490,3
102491,1
102492,1
102493,1
102494,1
102495,1
102496,1
102497,1
102498,1
102499,1
102500,3
102501,1
102502,3
102503,2
102504,3
102505,2
102506,2
102507,1
102508,1
102509,0
102510,3
102511,2
102512,1
102513,2
102514,3
102515,3
102516,3
102517,2
102518,2
102519,3
102520,2
102521,3
102522,3
102523,3
102524,3
102525,3
102526,3
102527,2
102528,3
102529,3
102530,2
102531,2
102532,2
102533,3
102534,2
102535,2
102536,1
102537,1
102538,1
102539,1
102540,3
102541,1
102542,3
102543,2
102544,2
102545,3
102546,3
102547,2
102548,3
102549,1
102550,3
102551,3
102552,3
102553,1
102554,2
102555,3
102556,1
102557,2
102558,2
102559,2
102560,2
102561,1
102562,3
102563,2
102564,2
102565,3
102566,2
102567,2
102568,3
102569,2
102570,2
102571,3
102572,1
102573,1
102574,1
102575,3
102576,3
102577,3
102578,2
102579,2
102580,2
102581,1
102582,2
102583,2
102584,2
102585,2
102586,3
102587,2
102588,2
102589,2
102590,2
102591,2
102592,2
102593,2
102594,3
102595,1
102596,1
102597,3
102598,1
102599,3
102600,2
102601,2
102602,3
102603,2
102604,2
102605,2
102606,3
102607,2
102608,3
102609,2
102610,3
102611,2
102612,2
102613,3
102614,3
102615,3
102616,2
102617,2
102618,2
102619,2
102620,2
102621,3
102622,3
102623,3
102624,3
102625,2
102626,3
102627,2
102628,2
102629,2
102630,2
102631,2
102632,3
102633,3
102634,3
102635,3
102636,2
102637,1
102638,3
102639,1
102640,3
102641,2
102642,1
102643,3
102644,1
102645,1
102646,1
102647,3
102648,3
102649,3
102650,3
102651,3
102652,3
102653,3
102654,3
102655,1
102656,3
102657,3
102658,2
102659,3
102660,3
102661,2
102662,2
102663,1
102664,3
102665,3
102666,3
102667,3
102668,3
102669,3
102670,3
102671,1
102672,3
102673,2
102674,3
102675,3
102676,2
102677,3
102678,3
102679,3
102680,3
102681,2
102682,2
102683,3
102684,1
102685,1
102686,3
102687,1
102688,1
102689,3
102690,1
102691,1
102692,3
102693,1
102694,3
102695,3
102696,3
102697,1
102698,3
102699,3
102700,3
102701,3
102702,3
102703,2
102704,3
102705,2
102706,2
102707,2
102708,3
102709,0
102710,2
102711,3
102712,3
102713,3
102714,3
102715,3
102716,2
102717,3
102718,3
102719,3
102720,1
102721,3
102722,2
102723,3
102724,1
102725,1
102726,3
102727,3
102728,1
102729,3
102730,3
102731,1
102732,3
102733,2
102734,3
102735,3
102736,3
102737,3
102738,3
102739,3
102740,3
102741,3
102742,3
102743,3
102744,1
102745,1
102746,3
102747,1
102748,0
102749,1
102750,1
102751,3
102752,1
102753,1
102754,3
102755,2
102756,3
102757,1
102758,1
102759,1
102760,1
102761,1
102762,3
102763,3
102764,1
102765,3
102766,3
102767,1
102768,3
102769,1
102770,3
102771,3
102772,3
102773,3
102774,3
102775,3
102776,3
102777,3
102778,3
102779,3
102780,1
102781,3
102782,3
102783,3
102784,3
102785,3
102786,3
102787,3
102788,3
102789,3
102790,3
102791,3
102792,3
102793,3
102794,3
102795,3
102796,2
102797,3
102798,2
102799,3
102800,2
102801,3
102802,3
102803,2
102804,3
102805,3
102806,3
102807,3
102808,3
102809,2
102810,2
102811,2
102812,3
102813,3
102814,2
102815,3
102816,3
102817,3
102818,3
102819,2
102820,2
102821,3
102822,3
102823,3
102824,3
102825,3
102826,3
102827,3
102828,3
102829,3
102830,3
102831,3
102832,3
102833,3
102834,3
102835,3
102836,2
102837,3
102838,2
102839,3
102840,2
102841,2
102842,3
102843,3
102844,3
102845,3
102846,3
102847,3
102848,2
102849,3
102850,3
102851,2
102852,2
102853,3
102854,3
102855,2
102856,3
102857,3
102858,3
102859,2
102860,3
102861,3
102862,3
102863,3
102864,3
102865,2
102866,3
102867,2
102868,3
102869,3
102870,2
102871,2
102872,3
102873,3
102874,3
102875,3
102876,3
102877,3
102878,3
102879,3
102880,2
102881,3
102882,3
102883,3
102884,2
102885,3
102886,2
102887,3
102888,3
102889,3
102890,3
102891,3
102892,3
102893,3
102894,3
102895,3
102896,2
102897,1
102898,2
102899,3
102900,1
102901,3
102902,2
102903,3
102904,3
102905,2
102906,0
102907,2
102908,2
102909,0
102910,2
102911,2
102912,2
102913,2
102914,2
102915,2
102916,3
102917,2
102918,3
102919,2
102920,3
102921,3
102922,3
102923,3
102924,3
102925,2
102926,2
102927,3
102928,3
102929,3
102930,2
102931,2
102932,3
102933,2
102934,3
102935,3
102936,2
102937,2
102938,2
102939,3
102940,3
102941,3
102942,3
102943,2
102944,3
102945,2
102946,3
102947,3
102948,3
102949,2
102950,2
102951,0
102952,2
102953,2
102954,2
102955,2
102956,2
102957,2
102958,2
102959,2
102960,2
102961,2
102962,2
102963,2
102964,2
102965,2
102966,2
102967,2
102968,2
102969,3
102970,2
102971,2
102972,2
102973,2
102974,3
102975,3
102976,2
102977,2
102978,2
102979,2
102980,2
102981,3
102982,2
102983,2
102984,2
102985,2
102986,2
102987,2
102988,2
102989,2
102990,2
102991,2
102992,2
102993,2
102994,3
102995,3
102996,2
102997,2
102998,3
102999,2
103000,2
103001,3
103002,3
103003,2
103004,2
103005,2
103006,2
103007,2
103008,3
103009,2
103010,2
103011,2
103012,2
103013,3
103014,2
103015,2
103016,3
103017,3
103018,3
103019,2
103020,2
103021,2
103022,3
103023,3
103024,2
103025,3
103026,2
103027,3
103028,2
103029,2
103030,2
103031,2
103032,2
103033,3
103034,2
103035,2
103036,3
103037,3
103038,2
103039,2
103040,3
103041,3
103042,3
103043,3
103044,3
103045,3
103046,3
103047,2
103048,2
103049,3
103050,3
103051,3
103052,3
103053,2
103054,3
103055,2
103056,3
103057,3
103058,2
103059,3
103060,2
103061,3
103062,2
103063,2
103064,3
103065,2
103066,2
103067,2
103068,3
103069,2
103070,2
103071,2
103072,2
103073,3
103074,2
103075,2
103076,2
103077,2
103078,0
103079,3
103080,2
103081,3
103082,3
103083,2
103084,3
103085,2
103086,2
103087,3
103088,2
103089,2
103090,2
103091,3
103092,2
103093,3
103094,3
103095,3
103096,2
103097,2
103098,2
103099,2
103100,2
103101,2
103102,3
103103,2
103104,2
103105,2
103106,2
103107,2
103108,3
103109,2
103110,2
103111,2
103112,3
103113,2
103114,2
103115,3
103116,2
103117,2
103118,2
103119,2
103120,3
103121,2
103122,2
103123,2
103124,3
103125,2
103126,3
103127,2
103128,2
103129,3
103130,2
103131,3
103132,2
103133,2
103134,2
103135,3
103136,3
103137,3
103138,3
103139,3
103140,3
103141,3
103142,3
103143,3
103144,2
103145,2
103146,3
103147,2
103148,2
103149,2
103150,3
103151,2
103152,2
103153,2
103154,3
103155,2
103156,2
103157,2
103158,2
103159,2
103160,2
103161,3
103162,3
103163,3
103164,2
103165,2
103166,2
103167,2
103168,2
103169,3
103170,2
103171,2
103172,3
103173,2
103174,3
103175,2
103176,2
103177,2
103178,2
103179,2
103180,2
103181,3
103182,2
103183,3
103184,2
103185,2
103186,3
103187,2
103188,2
103189,3
103190,3
103191,2
103192,2
103193,2
103194,2
103195,2
103196,2
103197,3
103198,2
103199,3
103200,2
103201,2
103202,2
103203,3
103204,3
103205,3
103206,3
103207,2
103208,2
103209,2
103210,0
103211,2
103212,3
103213,3
103214,3
103215,3
103216,3
103217,3
103218,2
103219,3
103220,0
103221,2
103222,3
103223,1
103224,3
103225,2
103226,3
103227,2
103228,2
103229,3
103230,3
103231,2
103232,3
103233,3
103234,2
103235,2
103236,3
103237,2
103238,2
103239,2
103240,2
103241,3
103242,2
103243,3
103244,3
103245,2
103246,3
103247,2
103248,2
103249,2
103250,2
103251,3
103252,2
103253,3
103254,2
103255,3
103256,2
103257,3
103258,3
103259,2
103260,3
103261,2
103262,2
103263,3
103264,3
103265,3
103266,3
103267,2
103268,2
103269,3
103270,3
103271,3
103272,2
103273,3
103274,2
103275,3
103276,2
103277,2
103278,2
103279,3
103280,2
103281,2
103282,2
103283,0
103284,2
103285,3
103286,3
103287,2
103288,2
103289,2
103290,3
103291,2
103292,3
103293,2
103294,3
103295,2
103296,3
103297,2
103298,3
103299,2
103300,3
103301,2
103302,3
103303,2
103304,2
103305,3
103306,0
103307,2
103308,2
103309,2
103310,3
103311,3
103312,3
103313,2
103314,2
103315,2
103316,2
103317,2
103318,3
103319,3
103320,3
103321,2
103322,3
103323,3
103324,3
103325,2
103326,3
103327,2
103328,2
103329,3
103330,2
103331,2
103332,3
103333,2
103334,2
103335,2
103336,3
103337,3
103338,2
103339,2
103340,2
103341,2
103342,2
103343,3
103344,2
103345,2
103346,2
103347,2
103348,2
103349,2
103350,2
103351,3
103352,2
103353,2
103354,2
103355,2
103356,2
103357,3
103358,2
103359,2
103360,3
103361,2
103362,3
103363,2
103364,2
103365,3
103366,3
103367,2
103368,3
103369,3
103370,2
103371,3
103372,3
103373,3
103374,3
103375,3
103376,2
103377,2
103378,3
103379,3
103380,0
103381,3
103382,3
103383,3
103384,3
103385,2
103386,2
103387,3
103388,3
103389,2
103390,2
103391,3
103392,3
103393,2
103394,3
103395,2
103396,2
103397,3
103398,3
103399,3
103400,2
103401,3
103402,3
103403,2
103404,3
103405,2
103406,2
103407,2
103408,2
103409,2
103410,3
103411,3
103412,2
103413,2
103414,2
103415,2
103416,2
103417,3
103418,2
103419,2
103420,2
103421,2
103422,2
103423,2
103424,3
103425,3
103426,3
103427,2
103428,3
103429,3
103430,2
103431,2
103432,3
103433,2
103434,3
103435,2
103436,3
103437,3
103438,2
103439,3
103440,2
103441,2
103442,2
103443,2
103444,3
103445,3
103446,2
103447,3
103448,2
103449,2
103450,2
103451,2
103452,2
103453,3
103454,3
103455,3
103456,2
103457,2
103458,2
103459,3
103460,2
103461,3
103462,2
103463,2
103464,3
103465,2
103466,2
103467,2
103468,3
103469,2
103470,2
103471,2
103472,3
103473,2
103474,2
103475,2
103476,2
103477,2
103478,2
103479,2
103480,3
103481,3
103482,2
103483,2
103484,3
103485,2
103486,2
103487,2
103488,2
103489,3
103490,2
103491,2
103492,2
103493,3
103494,3
103495,3
103496,3
103497,2
103498,3
103499,2
103500,2
103501,3
103502,2
103503,3
103504,3
103505,3
103506,3
103507,2
103508,3
103509,3
103510,2
103511,2
103512,2
103513,3
103514,2
103515,2
103516,2
103517,2
103518,2
103519,3
103520,2
103521,3
103522,3
103523,3
103524,2
103525,2
103526,2
103527,3
103528,2
103529,3
103530,3
103531,2
103532,2
103533,2
103534,2
103535,3
103536,2
103537,0
103538,2
103539,3
103540,3
103541,1
103542,1
103543,2
103544,2
103545,2
103546,2
103547,2
103548,2
103549,3
103550,2
103551,2
103552,2
103553,2
103554,2
103555,2
103556,2
103557,3
103558,2
103559,3
103560,2
103561,3
103562,2
103563,3
103564,3
103565,3
103566,3
103567,3
103568,3
103569,3
103570,3
103571,3
103572,3
103573,2
103574,2
103575,2
103576,2
103577,2
103578,2
103579,2
103580,0
103581,0
103582,3
103583,3
103584,3
103585,3
103586,3
103587,2
103588,2
103589,2
103590,2
103591,3
103592,3
103593,2
103594,2
103595,3
103596,3
103597,2
103598,3
103599,2
103600,3
103601,3
103602,2
103603,3
103604,3
103605,2
103606,2
103607,3
103608,3
103609,3
103610,3
103611,0
103612,0
103613,0
103614,2
103615,3
103616,2
103617,3
103618,3
103619,2
103620,2
103621,0
103622,2
103623,2
103624,3
103625,2
103626,2
103627,0
103628,2
103629,3
103630,3
103631,3
103632,3
103633,3
103634,2
103635,3
103636,2
103637,3
103638,3
103639,3
103640,2
103641,2
103642,2
103643,3
103644,1
103645,2
103646,1
103647,1
103648,0
103649,0
103650,3
103651,0
103652,2
103653,2
103654,3
103655,0
103656,3
103657,3
103658,3
103659,3
103660,3
103661,3
103662,3
103663,3
103664,3
103665,0
103666,1
103667,0
103668,0
103669,0
103670,2
103671,3
103672,2
103673,0
103674,3
103675,2
103676,0
103677,2
103678,2
103679,2
103680,2
103681,2
103682,2
103683,0
103684,0
103685,3
103686,2
103687,2
103688,2
103689,2
103690,2
103691,2
103692,3
103693,3
103694,3
103695,2
103696,3
103697,2
103698,2
103699,2
103700,2
103701,2
103702,2
103703,2
103704,2
103705,2
103706,0
103707,3
103708,0
103709,2
103710,0
103711,3
103712,2
103713,3
103714,2
103715,3
103716,3
103717,3
103718,3
103719,3
103720,2
103721,3
103722,2
103723,2
103724,0
103725,0
103726,0
103727,2
103728,3
103729,2
103730,2
103731,2
103732,0
103733,0
103734,0
103735,0
103736,0
103737,0
103738,0
103739,2
103740,0
103741,0
103742,0
103743,0
103744,0
103745,0
103746,0
103747,0
103748,3
103749,2
103750,3
103751,3
103752,3
103753,0
103754,0
103755,0
103756,0
103757,0
103758,0
103759,2
103760,2
103761,2
103762,2
103763,0
103764,2
103765,2
103766,2
103767,0
103768,2
103769,2
103770,0
103771,0
103772,0
103773,0
103774,0
103775,0
103776,0
103777,0
103778,0
103779,0
103780,0
103781,2
103782,0
103783,0
103784,0
103785,0
103786,0
103787,0
103788,0
103789,2
103790,3
103791,0
103792,0
103793,0
103794,0
103795,0
103796,0
103797,0
103798,0
103799,0
103800,0
103801,0
103802,0
103803,2
103804,2
103805,2
103806,2
103807,2
103808,0
103809,0
103810,0
103811,0
103812,0
103813,0
103814,0
103815,2
103816,2
103817,2
103818,2
103819,2
103820,0
103821,0
103822,0
103823,0
103824,0
103825,0
103826,3
103827,2
103828,0
103829,0
103830,2
103831,2
103832,0
103833,0
103834,0
103835,2
103836,0
103837,3
103838,3
103839,3
103840,3
103841,3
103842,3
103843,3
103844,3
103845,3
103846,2
103847,0
103848,0
103849,0
103850,0
103851,2
103852,2
103853,2
103854,2
103855,3
103856,0
103857,0
103858,2
103859,3
103860,3
103861,3
103862,3
103863,2
103864,0
103865,3
103866,0
103867,1
103868,0
103869,2
103870,2
103871,2
103872,2
103873,0
103874,2
103875,2
103876,0
103877,0
103878,0
103879,0
103880,0
103881,2
103882,0
103883,0
103884,2
103885,2
103886,0
103887,0
103888,0
103889,0
103890,0
103891,0
103892,0
103893,0
103894,0
103895,0
103896,0
103897,0
103898,0
103899,0
103900,0
103901,0
103902,0
103903,0
103904,0
103905,0
103906,0
103907,0
103908,0
103909,0
103910,0
103911,0
103912,0
103913,0
103914,0
103915,0
103916,0
103917,0
103918,0
103919,0
103920,0
103921,0
103922,0
103923,0
103924,0
103925,0
103926,0
103927,0
103928,0
103929,0
103930,0
103931,0
103932,2
103933,3
103934,3
103935,2
103936,3
103937,2
103938,2
103939,2
103940,2
103941,2
103942,3
103943,3
103944,3
103945,3
103946,1
103947,3
103948,0
103949,0
103950,0
103951,0
103952,0
103953,0
103954,2
103955,0
103956,0
103957,0
103958,3
103959,0
103960,0
103961,0
103962,0
103963,0
103964,0
103965,0
103966,0
103967,0
103968,3
103969,2
103970,2
103971,0
103972,2
103973,2
103974,3
103975,3
103976,3
103977,3
103978,2
103979,2
103980,2
103981,2
103982,1
103983,1
103984,2
103985,3
103986,3
103987,3
103988,0
103989,0
103990,0
103991,0
103992,0
103993,3
103994,2
103995,2
103996,3
103997,0
103998,0
103999,0
104000,0
104001,0
104002,0
104003,0
104004,0
104005,0
104006,1
104007,0
104008,2
104009,3
104010,0
104011,2
104012,3
104013,2
104014,0
104015,0
104016,3
104017,2
104018,3
104019,3
104020,2
104021,2
104022,2
104023,2
104024,3
104025,2
104026,2
104027,3
104028,2
104029,3
104030,2
104031,2
104032,3
104033,2
104034,2
104035,2
104036,3
104037,2
104038,2
104039,2
104040,2
104041,2
104042,3
104043,0
104044,2
104045,2
104046,2
104047,0
104048,2
104049,2
104050,2
104051,2
104052,2
104053,2
104054,0
104055,0
104056,2
104057,2
104058,0
104059,0
104060,0
104061,0
104062,0
104063,0
104064,0
104065,0
104066,0
104067,0
104068,0
104069,2
104070,0
104071,2
104072,0
104073,0
104074,0
104075,0
104076,2
104077,3
104078,3
104079,2
104080,2
104081,2
104082,3
104083,3
104084,3
104085,3
104086,3
104087,3
104088,3
104089,2
104090,2
104091,3
104092,3
104093,2
104094,2
104095,2
104096,2
104097,3
104098,3
104099,2
104100,3
104101,2
104102,3
104103,3
104104,3
104105,3
104106,2
104107,3
104108,2
104109,3
104110,2
104111,2
104112,2
104113,2
104114,0
104115,2
104116,2
104117,2
104118,3
104119,2
104120,3
104121,3
104122,0
104123,0
104124,0
104125,0
104126,0
104127,0
104128,0
104129,3
104130,0
104131,3
104132,3
104133,3
104134,2
104135,3
104136,2
104137,0
104138,2
104139,0
104140,0
104141,0
104142,0
104143,0
104144,0
104145,0
104146,0
104147,0
104148,3
104149,2
104150,2
104151,0
104152,2
104153,3
104154,0
104155,3
104156,2
104157,2
104158,0
104159,2
104160,2
104161,0
104162,0
104163,3
104164,2
104165,2
104166,2
104167,3
104168,0
104169,0
104170,0
104171,2
104172,3
104173,3
104174,3
104175,2
104176,2
104177,0
104178,0
104179,0
104180,3
104181,2
104182,3
104183,2
104184,3
104185,2
104186,0
104187,0
104188,2
104189,3
104190,2
104191,0
104192,2
104193,1
104194,1
104195,1
104196,1
104197,1
104198,1
104199,1
104200,3
104201,0
104202,1
104203,1
104204,1
104205,1
104206,3
104207,3
104208,3
104209,3
104210,3
104211,1
104212,1
104213,3
104214,1
104215,3
104216,1
104217,3
104218,1
104219,1
104220,3
104221,1
104222,1
104223,1
104224,0
104225,2
104226,1
104227,0
104228,1
104229,1
104230,3
104231,3
104232,3
104233,3
104234,1
104235,1
104236,1
104237,3
104238,1
104239,1
104240,3
104241,0
104242,2
104243,2
104244,0
104245,2
104246,1
104247,3
104248,3
104249,3
104250,3
104251,3
104252,3
104253,3
104254,3
104255,3
104256,3
104257,3
104258,3
104259,1
104260,3
104261,3
104262,2
104263,1
104264,3
104265,3
104266,3
104267,3
104268,3
104269,3
104270,0
104271,0
104272,0
104273,0
104274,3
104275,3
104276,3
104277,3
104278,3
104279,3
104280,3
104281,3
104282,3
104283,3
104284,3
104285,3
104286,3
104287,3
104288,3
104289,3
104290,1
104291,3
104292,3
104293,3
104294,1
104295,1
104296,3
104297,3
104298,3
104299,3
104300,3
104301,3
104302,3
104303,3
104304,3
104305,3
104306,3
104307,3
104308,3
104309,0
104310,3
104311,3
104312,3
104313,3
104314,3
104315,3
104316,3
104317,3
104318,3
104319,3
104320,3
104321,3
104322,3
104323,3
104324,3
104325,3
104326,3
104327,3
104328,3
104329,3
104330,2
104331,3
104332,3
104333,0
104334,0
104335,0
104336,0
104337,0
104338,0
104339,0
104340,0
104341,0
104342,0
104343,0
104344,0
104345,0
104346,0
104347,3
104348,0
104349,0
104350,3
104351,0
104352,0
104353,3
104354,1
104355,0
104356,0
104357,0
104358,1
104359,3
104360,3
104361,2
104362,3
104363,2
104364,3
104365,3
104366,3
104367,3
104368,3
104369,0
104370,0
104371,0
104372,0
104373,0
104374,0
104375,0
104376,0
104377,0
104378,3
104379,3
104380,3
104381,3
104382,3
104383,2
104384,3
104385,3
104386,3
104387,0
104388,3
104389,1
104390,3
104391,0
104392,3
104393,0
104394,3
104395,0
104396,0
104397,0
104398,1
104399,3
104400,0
104401,0
104402,0
104403,3
104404,0
104405,0
104406,0
104407,3
104408,3
104409,2
104410,3
104411,0
104412,3
104413,3
104414,3
104415,1
104416,2
104417,3
104418,3
104419,3
104420,3
104421,3
104422,3
104423,3
104424,3
104425,3
104426,3
104427,3
104428,3
104429,2
104430,3
104431,3
104432,3
104433,3
104434,3
104435,3
104436,2
104437,2
104438,2
104439,2
104440,2
104441,3
104442,2
104443,2
104444,3
104445,2
104446,2
104447,2
104448,2
104449,2
104450,2
104451,2
104452,2
104453,2
104454,3
104455,2
104456,2
104457,2
104458,2
104459,2
104460,2
104461,2
104462,2
104463,2
104464,2
104465,3
104466,2
104467,2
104468,2
104469,2
104470,3
104471,3
104472,3
104473,3
104474,3
104475,2
104476,3
104477,3
104478,3
104479,3
104480,3
104481,2
104482,3
104483,3
104484,3
104485,3
104486,3
104487,3
104488,3
104489,2
104490,2
104491,2
104492,2
104493,2
104494,2
104495,3
104496,2
104497,2
104498,3
104499,2
104500,2
104501,2
104502,2
104503,2
104504,2
104505,2
104506,2
104507,2
104508,2
104509,2
104510,2
104511,2
104512,2
104513,2
104514,2
104515,2
104516,2
104517,2
104518,2
104519,2
104520,2
104521,2
104522,2
104523,2
104524,2
104525,2
104526,2
104527,2
104528,2
104529,2
104530,3
104531,2
104532,2
104533,3
104534,3
104535,3
104536,3
104537,3
104538,3
104539,2
104540,2
104541,2
104542,2
104543,2
104544,2
104545,2
104546,2
104547,2
104548,2
104549,2
104550,2
104551,2
104552,2
104553,2
104554,2
104555,2
104556,2
104557,2
104558,2
104559,2
104560,2
104561,2
104562,2
104563,2
104564,2
104565,2
104566,2
104567,2
104568,2
104569,2
104570,2
104571,2
104572,2
104573,2
104574,2
104575,2
104576,2
104577,2
104578,2
104579,2
104580,2
104581,2
104582,2
104583,3
104584,2
104585,2
104586,2
104587,2
104588,2
104589,2
104590,2
104591,2
104592,2
104593,2
104594,2
104595,2
104596,2
104597,2
104598,2
104599,2
104600,2
104601,2
104602,2
104603,2
104604,2
104605,2
104606,2
104607,2
104608,2
104609,2
104610,2
104611,2
104612,2
104613,2
104614,2
104615,2
104616,3
104617,3
104618,3
104619,2
104620,3
104621,3
104622,3
104623,2
104624,3
104625,2
104626,2
104627,2
104628,2
104629,2
104630,2
104631,2
104632,2
104633,2
104634,2
104635,2
104636,2
104637,2
104638,2
104639,1
104640,2
104641,3
104642,3
104643,2
104644,2
104645,2
104646,2
104647,2
104648,2
104649,2
104650,2
104651,2
104652,2
104653,2
104654,2
104655,2
104656,2
104657,2
104658,2
104659,2
104660,2
104661,2
104662,2
104663,2
104664,2
104665,2
104666,2
104667,2
104668,2
104669,2
104670,2
104671,2
104672,0
104673,3
104674,3
104675,0
104676,0
104677,2
104678,2
104679,2
104680,3
104681,3
104682,4
104683,4
104684,3
104685,3
104686,1
104687,0
104688,3
104689,2
104690,3
104691,2
104692,2
104693,2
104694,2
104695,0
104696,3
104697,0
104698,2
104699,2
104700,2
104701,2
104702,2
104703,2
104704,2
104705,2
104706,2
104707,2
104708,2
104709,2
104710,2
104711,3
104712,3
104713,2
104714,3
104715,3
104716,3
104717,3
104718,3
104719,3
104720,3
104721,3
104722,3
104723,3
104724,3
104725,3
104726,3
104727,3
104728,3
104729,3
104730,3
104731,3
104732,3
104733,3
104734,3
104735,3
104736,2
104737,2
104738,3
104739,2
104740,3
104741,3
104742,3
104743,3
104744,2
104745,2
104746,2
104747,2
104748,2
104749,2
104750,2
104751,2
104752,2
104753,2
104754,2
104755,3
104756,2
104757,2
104758,3
104759,3
104760,2
104761,2
104762,2
104763,2
104764,2
104765,2
104766,2
104767,2
104768,2
104769,2
104770,2
104771,2
104772,2
104773,2
104774,3
104775,3
104776,3
104777,3
104778,3
104779,3
104780,2
104781,2
104782,2
104783,3
104784,2
104785,2
104786,2
104787,2
104788,2
104789,2
104790,2
104791,3
104792,2
104793,2
104794,2
104795,2
104796,3
104797,2
104798,2
104799,2
104800,2
104801,3
104802,2
104803,3
104804,3
104805,2
104806,3
104807,3
104808,3
104809,2
104810,2
104811,2
104812,3
104813,3
104814,3
104815,3
104816,3
104817,2
104818,3
104819,2
104820,3
104821,2
104822,2
104823,3
104824,3
104825,2
104826,3
104827,2
104828,3
104829,2
104830,2
104831,2
104832,3
104833,2
104834,3
104835,3
104836,3
104837,3
104838,3
104839,3
104840,2
104841,2
104842,3
104843,3
104844,2
104845,3
104846,3
104847,2
104848,2
104849,3
104850,0
104851,0
104852,0
104853,3
104854,3
104855,3
104856,2
104857,1
104858,0
104859,0
104860,2
104861,2
104862,2
104863,2
104864,3
104865,3
104866,3
104867,2
104868,3
104869,3
104870,2
104871,2
104872,1
104873,0
104874,1
104875,1
104876,1
104877,2
104878,3
104879,3
104880,3
104881,3
104882,0
104883,0
104884,0
104885,0
104886,1
104887,1
104888,1
104889,1
104890,3
104891,3
104892,3
104893,3
104894,2
104895,3
104896,3
104897,3
104898,3
104899,3
104900,2
104901,0
104902,0
104903,3
104904,3
104905,3
104906,3
104907,0
104908,0
104909,3
104910,2
104911,2
104912,2
104913,3
104914,0
104915,0
104916,2
104917,3
104918,2
104919,3
104920,2
104921,2
104922,2
104923,2
104924,2
104925,2
104926,2
104927,3
104928,2
104929,2
104930,2
104931,2
104932,2
104933,2
104934,3
104935,3
104936,2
104937,2
104938,2
104939,3
104940,3
104941,3
104942,3
104943,3
104944,2
104945,2
104946,2
104947,3
104948,2
104949,2
104950,2
104951,2
104952,2
104953,3
104954,3
104955,2
104956,2
104957,2
104958,3
104959,2
104960,2
104961,3
104962,2
104963,3
104964,3
104965,2
104966,2
104967,2
104968,2
104969,3
104970,2
104971,3
104972,2
104973,2
104974,2
104975,2
104976,2
104977,2
104978,2
104979,2
104980,2
104981,2
104982,2
104983,2
104984,3
104985,2
104986,2
104987,3
104988,2
104989,3
104990,2
104991,3
104992,2
104993,2
104994,2
104995,2
104996,3
104997,3
104998,0
104999,0
105000,3
105001,3
105002,3
105003,2
105004,2
105005,2
105006,3
105007,3
105008,3
105009,2
105010,2
105011,3
105012,3
105013,3
105014,3
105015,0
105016,0
105017,0
105018,0
105019,0
105020,3
105021,3
105022,3
105023,3
105024,3
105025,2
105026,2
105027,2
105028,3
105029,3
105030,3
105031,0
105032,0
105033,3
105034,1
105035,1
105036,1
105037,3
105038,0
105039,0
105040,3
105041,3
105042,3
105043,3
105044,3
105045,2
105046,3
105047,3
105048,3
105049,3
105050,3
105051,2
105052,3
105053,3
105054,3
105055,3
105056,3
105057,3
105058,3
105059,3
105060,3
105061,3
105062,3
105063,3
105064,3
105065,3
105066,3
105067,3
105068,3
105069,3
105070,4
105071,2
105072,2
105073,2
105074,2
105075,2
105076,2
105077,2
105078,2
105079,2
105080,2
105081,2
105082,2
105083,2
105084,2
105085,3
105086,2
105087,3
105088,3
105089,3
105090,3
105091,3
105092,3
105093,3
105094,3
105095,3
105096,2
105097,3
105098,3
105099,3
105100,3
105101,2
105102,2
105103,2
105104,3
105105,3
105106,2
105107,3
105108,3
105109,2
105110,3
105111,2
105112,3
105113,3
105114,3
105115,3
105116,3
105117,3
105118,3
105119,2
105120,2
105121,2
105122,3
105123,0
105124,3
105125,3
105126,2
105127,2
105128,3
105129,3
105130,2
105131,2
105132,2
105133,2
105134,2
105135,2
105136,2
105137,2
105138,3
105139,3
105140,2
105141,2
105142,2
105143,3
105144,3
105145,3
105146,2
105147,2
105148,2
105149,2
105150,2
105151,3
105152,3
105153,2
105154,3
105155,2
105156,3
105157,3
105158,4
105159,3
105160,3
105161,3
105162,3
105163,3
105164,4
105165,3
105166,3
105167,3
105168,2
105169,2
105170,3
105171,2
105172,3
105173,3
105174,2
105175,3
105176,3
105177,3
105178,3
105179,3
105180,2
105181,3
105182,2
105183,2
105184,3
105185,3
105186,3
105187,3
105188,3
105189,3
105190,3
105191,3
105192,3
105193,3
105194,3
105195,0
105196,3
105197,3
105198,3
105199,3
105200,3
105201,3
105202,3
105203,3
105204,2
105205,3
105206,3
105207,3
105208,3
105209,3
105210,3
105211,3
105212,2
105213,3
105214,2
105215,3
105216,3
105217,2
105218,3
105219,2
105220,3
105221,0
105222,0
105223,0
105224,0
105225,0
105226,0
105227,1
105228,1
105229,1
105230,1
105231,1
105232,1
105233,1
105234,1
105235,1
105236,1
105237,1
105238,1
105239,1
105240,1
105241,1
105242,1
105243,1
105244,1
105245,1
105246,1
105247,1
105248,1
105249,1
105250,1
105251,1
105252,1
105253,1
105254,1
105255,1
105256,1
105257,1
105258,1
105259,1
105260,1
105261,1
105262,1
105263,1
105264,1
105265,1
105266,1
105267,1
105268,1
105269,1
105270,1
105271,1
105272,1
105273,1
105274,1
105275,1
105276,1
105277,1
105278,1
105279,1
105280,1
105281,1
105282,1
105283,1
105284,1
105285,1
105286,1
105287,1
105288,1
105289,1
105290,1
105291,1
105292,1
105293,0
105294,3
105295,1
105296,1
105297,1
105298,1
105299,1
105300,1
105301,1
105302,1
105303,1
105304,1
105305,1
105306,1
105307,1
105308,1
105309,1
105310,1
105311,1
105312,1
105313,1
105314,1
105315,3
105316,3
105317,1
105318,1
105319,2
105320,1
105321,1
105322,1
105323,1
105324,1
105325,1
105326,1
105327,1
105328,1
105329,1
105330,1
105331,1
105332,1
105333,1
105334,1
105335,1
105336,1
105337,1
105338,1
105339,1
105340,1
105341,1
105342,1
105343,1
105344,1
105345,1
105346,1
105347,1
105348,1
105349,3
105350,1
105351,1
105352,1
105353,1
105354,1
105355,1
105356,1
105357,1
105358,1
105359,1
105360,1
105361,1
105362,1
105363,1
105364,1
105365,1
105366,1
105367,1
105368,1
105369,1
105370,1
105371,1
105372,1
105373,1
105374,1
105375,1
105376,1
105377,1
105378,1
105379,1
105380,1
105381,1
105382,1
105383,1
105384,1
105385,1
105386,1
105387,1
105388,1
105389,1
105390,1
105391,1
105392,1
105393,1
105394,1
105395,1
105396,1
105397,1
105398,1
105399,1
105400,1
105401,1
105402,1
105403,1
105404,1
105405,1
105406,1
105407,1
105408,1
105409,0
105410,3
105411,3
105412,3
105413,3
105414,3
105415,3
105416,3
105417,3
105418,3
105419,3
105420,3
105421,3
105422,3
105423,3
105424,4
105425,3
105426,3
105427,3
105428,2
105429,2
105430,2
105431,2
105432,2
105433,2
105434,2
105435,2
105436,2
105437,2
105438,2
105439,2
105440,2
105441,3
105442,2
105443,2
105444,2
105445,2
105446,2
105447,2
105448,2
105449,2
105450,2
105451,2
105452,2
105453,2
105454,2
105455,2
105456,3
105457,3
105458,3
105459,2
105460,3
105461,3
105462,2
105463,2
105464,2
105465,3
105466,3
105467,2
105468,3
105469,3
105470,3
105471,3
105472,2
105473,3
105474,3
105475,3
105476,3
105477,3
105478,3
105479,3
105480,3
105481,3
105482,2
105483,2
105484,2
105485,3
105486,3
105487,3
105488,3
105489,3
105490,3
105491,3
105492,3
105493,3
105494,3
105495,3
105496,3
105497,2
105498,2
105499,3
105500,3
105501,3
105502,3
105503,2
105504,2
105505,2
105506,2
105507,3
105508,3
105509,3
105510,3
105511,3
105512,3
105513,3
105514,2
105515,2
105516,3
105517,4
105518,3
105519,3
105520,3
105521,2
105522,2
105523,3
105524,2
105525,0
105526,0
105527,0
105528,0
105529,0
105530,0
105531,0
105532,0
105533,0
105534,0
105535,0
105536,0
105537,0
105538,0
105539,0
105540,0
105541,0
105542,0
105543,0
105544,0
105545,0
105546,0
105547,0
105548,0
105549,0
105550,0
105551,0
105552,0
105553,2
105554,2
105555,0
105556,3
105557,3
105558,2
105559,3
105560,2
105561,3
105562,2
105563,3
105564,3
105565,2
105566,3
105567,3
105568,2
105569,2
105570,2
105571,3
105572,1
105573,1
105574,3
105575,3
105576,2
105577,2
105578,4
105579,2
105580,3
105581,3
105582,3
105583,2
105584,2
105585,3
105586,3
105587,3
105588,2
105589,2
105590,3
105591,2
105592,2
105593,2
105594,3
105595,2
105596,2
105597,2
105598,2
105599,2
105600,3
105601,2
105602,2
105603,3
105604,2
105605,2
105606,3
105607,3
105608,3
105609,3
105610,3
105611,3
105612,2
105613,2
105614,2
105615,2
105616,3
105617,3
105618,3
105619,3
105620,3
105621,3
105622,3
105623,3
105624,2
105625,3
105626,2
105627,2
105628,2
105629,2
105630,2
105631,3
105632,2
105633,3
105634,3
105635,3
105636,2
105637,3
105638,2
105639,3
105640,3
105641,2
105642,2
105643,2
105644,3
105645,3
105646,2
105647,2
105648,2
105649,2
105650,3
105651,0
105652,0
105653,0
105654,0
105655,3
105656,3
105657,4
105658,3
105659,2
105660,2
105661,2
105662,2
105663,2
105664,3
105665,2
105666,3
105667,3
105668,3
105669,3
105670,2
105671,3
105672,2
105673,3
105674,2
105675,3
105676,3
105677,2
105678,2
105679,3
105680,3
105681,3
105682,3
105683,3
105684,3
105685,3
105686,3
105687,3
105688,3
105689,3
105690,3
105691,3
105692,3
105693,3
105694,3
105695,3
105696,3
105697,3
105698,3
105699,3
105700,3
105701,3
105702,1
105703,3
105704,3
105705,1
105706,1
105707,1
105708,1
105709,3
105710,3
105711,3
105712,3
105713,3
105714,1
105715,1
105716,3
105717,1
105718,1
105719,4
105720,3
105721,3
105722,3
105723,3
105724,3
105725,3
105726,3
105727,2
105728,3
105729,3
105730,3
105731,3
105732,2
105733,2
105734,2
105735,3
105736,2
105737,2
105738,3
105739,3
105740,3
105741,2
105742,3
105743,2
105744,2
105745,2
105746,3
105747,3
105748,2
105749,3
105750,1
105751,1
105752,1
105753,1
105754,1
105755,1
105756,1
105757,3
105758,0
105759,0
105760,3
105761,3
105762,3
105763,3
105764,3
105765,3
105766,2
105767,3
105768,2
105769,2
105770,2
105771,2
105772,3
105773,3
105774,2
105775,3
105776,2
105777,4
105778,3
105779,1
105780,1
105781,3
105782,3
105783,3
105784,3
105785,3
105786,3
105787,3
105788,3
105789,3
105790,2
105791,2
105792,2
105793,3
105794,4
105795,3
105796,3
105797,3
105798,3
105799,3
105800,3
105801,3
105802,3
105803,2
105804,3
105805,2
105806,3
105807,2
105808,2
105809,3
105810,2
105811,2
105812,2
105813,2
105814,2
105815,3
105816,3
105817,2
105818,2
105819,2
105820,2
105821,2
105822,2
105823,2
105824,2
105825,2
105826,2
105827,2
105828,2
105829,2
105830,2
105831,2
105832,2
105833,2
105834,2
105835,2
105836,2
105837,2
105838,2
105839,0
105840,2
105841,0
105842,2
105843,2
105844,3
105845,3
105846,1
105847,3
105848,2
105849,3
105850,2
105851,1
105852,1
105853,1
105854,1
105855,2
105856,2
105857,3
105858,2
105859,3
105860,3
105861,2
105862,3
105863,3
105864,2
105865,2
105866,3
105867,2
105868,2
105869,2
105870,2
105871,2
105872,2
105873,2
105874,3
105875,2
105876,2
105877,2
105878,2
105879,2
105880,2
105881,2
105882,3
105883,3
105884,3
105885,3
105886,3
105887,3
105888,3
105889,0
105890,0
105891,0
105892,0
105893,3
105894,3
105895,0
105896,3
105897,2
105898,2
105899,2
105900,2
105901,2
105902,1
105903,0
105904,3
105905,0
105906,0
105907,0
105908,0
105909,0
105910,0
105911,0
105912,0
105913,0
105914,3
105915,2
105916,2
105917,2
105918,2
105919,0
105920,0
105921,3
105922,3
105923,3
105924,2
105925,3
105926,3
105927,1
105928,1
105929,3
105930,1
105931,1
105932,2
105933,3
105934,1
105935,3
105936,3
105937,3
105938,0
105939,0
105940,0
105941,0
105942,1
105943,3
105944,1
105945,1
105946,3
105947,3
105948,0
105949,1
105950,1
105951,3
105952,1
105953,1
105954,3
105955,3
105956,1
105957,3
105958,3
105959,1
105960,1
105961,3
105962,1
105963,3
105964,1
105965,1
105966,3
105967,3
105968,3
105969,1
105970,1
105971,1
105972,3
105973,3
105974,3
105975,2
105976,3
105977,0
105978,1
105979,3
105980,3
105981,2
105982,3
105983,2
105984,1
105985,3
105986,1
105987,1
105988,3
105989,3
105990,1
105991,3
105992,3
105993,1
105994,3
105995,3
105996,3
105997,3
105998,3
105999,3
106000,1
106001,3
106002,2
106003,2
106004,3
106005,3
106006,0
106007,0
106008,0
106009,2
106010,2
106011,0
106012,0
106013,0
106014,0
106015,0
106016,0
106017,3
106018,3
106019,3
106020,3
106021,3
106022,3
106023,3
106024,2
106025,2
106026,1
106027,1
106028,1
106029,3
106030,3
106031,3
106032,3
106033,3
106034,0
106035,3
106036,2
106037,0
106038,0
106039,0
106040,0
106041,0
106042,0
106043,2
106044,0
106045,0
106046,0
106047,3
106048,3
106049,3
106050,0
106051,0
106052,0
106053,0
106054,0
106055,0
106056,0
106057,0
106058,3
106059,3
106060,3
106061,3
106062,2
106063,2
106064,3
106065,0
106066,3
106067,0
106068,2
106069,3
106070,3
106071,3
106072,3
106073,3
106074,3
106075,3
106076,3
106077,3
106078,0
106079,0
106080,3
106081,2
106082,3
106083,3
106084,3
106085,3
106086,2
106087,3
106088,3
106089,0
106090,3
106091,3
106092,3
106093,2
106094,0
106095,3
106096,3
106097,3
106098,3
106099,3
106100,3
106101,3
106102,3
106103,0
106104,0
106105,3
106106,0
106107,0
106108,0
106109,3
106110,0
106111,3
106112,3
106113,3
106114,3
106115,0
106116,3
106117,3
106118,3
106119,3
106120,3
106121,3
106122,3
106123,3
106124,3
106125,3
106126,0
106127,0
106128,0
106129,0
106130,0
106131,3
106132,3
106133,1
106134,3
106135,0
106136,0
106137,0
106138,3
106139,3
106140,3
106141,2
106142,3
106143,3
106144,0
106145,3
106146,3
106147,0
106148,3
106149,3
106150,0
106151,3
106152,0
106153,0
106154,0
106155,0
106156,3
106157,3
106158,3
106159,3
106160,1
106161,2
106162,2
106163,3
106164,3
106165,2
106166,0
106167,3
106168,3
106169,3
106170,3
106171,3
106172,2
106173,1
106174,3
106175,3
106176,3
106177,2
106178,3
106179,3
106180,3
106181,3
106182,3
106183,1
106184,3
106185,2
106186,3
106187,2
106188,3
106189,3
106190,3
106191,3
106192,0
106193,3
106194,3
106195,3
106196,1
106197,0
106198,0
106199,0
106200,1
106201,3
106202,3
106203,2
106204,3
106205,3
106206,3
106207,2
106208,2
106209,0
106210,0
106211,3
106212,0
106213,3
106214,3
106215,3
106216,3
106217,3
106218,3
106219,0
106220,0
106221,3
106222,3
106223,3
106224,3
106225,3
106226,3
106227,3
106228,2
106229,2
106230,3
106231,3
106232,3
106233,3
106234,3
106235,3
106236,3
106237,3
106238,3
106239,3
106240,0
106241,3
106242,3
106243,3
106244,3
106245,0
106246,3
106247,3
106248,3
106249,0
106250,0
106251,3
106252,3
106253,2
106254,3
106255,3
106256,3
106257,2
106258,2
106259,2
106260,2
106261,2
106262,0
106263,2
106264,2
106265,2
106266,3
106267,3
106268,3
106269,2
106270,3
106271,2
106272,2
106273,3
106274,2
106275,2
106276,2
106277,2
106278,2
106279,2
106280,2
106281,2
106282,3
106283,0
106284,3
106285,3
106286,3
106287,2
106288,3
106289,2
106290,0
106291,0
106292,0
106293,0
106294,2
106295,0
106296,2
106297,2
106298,2
106299,0
106300,2
106301,0
106302,0
106303,0
106304,2
106305,2
106306,2
106307,2
106308,3
106309,2
106310,2
106311,3
106312,2
106313,3
106314,3
106315,2
106316,2
106317,2
106318,3
106319,3
106320,3
106321,2
106322,3
106323,1
106324,3
106325,2
106326,3
106327,3
106328,2
106329,2
106330,2
106331,0
106332,2
106333,3
106334,2
106335,1
106336,2
106337,2
106338,2
106339,3
106340,3
106341,2
106342,2
106343,2
106344,2
106345,2
106346,2
106347,2
106348,2
106349,2
106350,0
106351,2
106352,3
106353,0
106354,2
106355,3
106356,0
106357,0
106358,1
106359,3
106360,3
106361,3
106362,3
106363,3
106364,3
106365,3
106366,3
106367,3
106368,3
106369,3
106370,3
106371,3
106372,3
106373,3
106374,2
106375,2
106376,2
106377,2
106378,2
106379,3
106380,2
106381,2
106382,2
106383,2
106384,2
106385,2
106386,0
106387,0
106388,0
106389,0
106390,0
106391,3
106392,3
106393,2
106394,2
106395,2
106396,2
106397,2
106398,2
106399,2
106400,2
106401,2
106402,3
106403,2
106404,2
106405,2
106406,2
106407,2
106408,2
106409,2
106410,3
106411,3
106412,3
106413,2
106414,2
106415,2
106416,2
106417,2
106418,2
106419,2
106420,2
106421,3
106422,3
106423,2
106424,3
106425,2
106426,2
106427,2
106428,3
106429,2
106430,2
106431,2
106432,2
106433,2
106434,3
106435,3
106436,2
106437,3
106438,3
106439,0
106440,0
106441,0
106442,0
106443,0
106444,2
106445,2
106446,2
106447,1
106448,1
106449,2
106450,3
106451,1
106452,0
106453,2
106454,3
106455,2
106456,3
106457,3
106458,3
106459,3
106460,3
106461,2
106462,3
106463,2
106464,3
106465,3
106466,2
106467,3
106468,3
106469,3
106470,3
106471,2
106472,3
106473,1
106474,2
106475,1
106476,1
106477,1
106478,1
106479,3
106480,2
106481,0
106482,0
106483,3
106484,3
106485,0
106486,2
106487,2
106488,2
106489,3
106490,2
106491,3
106492,3
106493,0
106494,3
106495,3
106496,0
106497,0
106498,0
106499,3
106500,2
106501,2
106502,1
106503,2
106504,2
106505,2
106506,2
106507,2
106508,3
106509,1
106510,1
106511,2
106512,2
106513,3
106514,3
106515,3
106516,2
106517,2
106518,3
106519,3
106520,2
106521,3
106522,3
106523,3
106524,2
106525,3
106526,3
106527,2
106528,2
106529,3
106530,2
106531,3
106532,2
106533,2
106534,3
106535,1
106536,2
106537,1
106538,3
106539,3
106540,3
106541,2
106542,3
106543,3
106544,1
106545,2
106546,3
106547,1
106548,2
106549,2
106550,2
106551,2
106552,1
106553,3
106554,0
106555,0
106556,2
106557,0
106558,3
106559,0
106560,2
106561,2
106562,3
106563,2
106564,2
106565,2
106566,3
106567,2
106568,1
106569,1
106570,3
106571,2
106572,2
106573,1
106574,1
106575,2
106576,1
106577,2
106578,3
106579,2
106580,2
106581,2
106582,3
106583,2
106584,2
106585,0
106586,0
106587,2
106588,2
106589,3
106590,3
106591,3
106592,2
106593,3
106594,1
106595,3
106596,3
106597,2
106598,3
106599,2
106600,2
106601,2
106602,2
106603,2
106604,2
106605,2
106606,2
106607,2
106608,2
106609,1
106610,3
106611,3
106612,3
106613,2
106614,3
106615,3
106616,3
106617,2
106618,2
106619,1
106620,1
106621,3
106622,2
106623,3
106624,3
106625,2
106626,2
106627,2
106628,3
106629,1
106630,3
106631,1
106632,1
106633,3
106634,3
106635,3
106636,2
106637,1
106638,2
106639,2
106640,2
106641,2
106642,2
106643,1
106644,2
106645,2
106646,2
106647,2
106648,1
106649,3
106650,1
106651,3
106652,3
106653,3
106654,3
106655,3
106656,2
106657,2
106658,2
106659,2
106660,3
106661,2
106662,2
106663,2
106664,2
106665,2
106666,2
106667,2
106668,2
106669,3
106670,2
106671,2
106672,2
106673,2
106674,2
106675,3
106676,3
106677,3
106678,1
106679,3
106680,3
106681,3
106682,3
106683,3
106684,3
106685,2
106686,1
106687,1
106688,1
106689,1
106690,3
106691,1
106692,3
106693,2
106694,3
106695,2
106696,2
106697,2
106698,2
106699,3
106700,3
106701,3
106702,3
106703,2
106704,2
106705,2
106706,3
106707,3
106708,3
106709,3
106710,3
106711,2
106712,2
106713,3
106714,2
106715,2
106716,2
106717,2
106718,3
106719,2
106720,3
106721,3
106722,3
106723,3
106724,3
106725,2
106726,3
106727,2
106728,2
106729,3
106730,1
106731,2
106732,1
106733,1
106734,2
106735,2
106736,1
106737,1
106738,3
106739,1
106740,1
106741,1
106742,2
106743,2
106744,3
106745,2
106746,2
106747,3
106748,0
106749,1
106750,1
106751,3
106752,3
106753,2
106754,2
106755,3
106756,2
106757,3
106758,0
106759,3
106760,1
106761,1
106762,3
106763,2
106764,3
106765,2
106766,2
106767,2
106768,2
106769,3
106770,2
106771,2
106772,0
106773,2
106774,2
106775,2
106776,2
106777,2
106778,2
106779,2
106780,3
106781,2
106782,2
106783,2
106784,0
106785,2
106786,3
106787,2
106788,3
106789,1
106790,1
106791,2
106792,2
106793,2
106794,2
106795,2
106796,3
106797,3
106798,2
106799,2
106800,0
106801,0
106802,3
106803,2
106804,2
106805,2
106806,3
106807,0
106808,2
106809,3
106810,3
106811,3
106812,3
106813,3
106814,3
106815,1
106816,3
106817,2
106818,2
106819,2
106820,2
106821,2
106822,2
106823,2
106824,2
106825,2
106826,3
106827,2
106828,2
106829,3
106830,2
106831,3
106832,3
106833,3
106834,3
106835,3
106836,1
106837,1
106838,1
106839,3
106840,3
106841,3
106842,3
106843,3
106844,3
106845,2
106846,2
106847,2
106848,2
106849,2
106850,2
106851,2
106852,2
106853,2
106854,0
106855,2
106856,2
106857,3
106858,2
106859,1
106860,1
106861,2
106862,2
106863,2
106864,3
106865,0
106866,3
106867,3
106868,2
106869,1
106870,3
106871,2
106872,3
106873,2
106874,2
106875,3
106876,3
106877,3
106878,3
106879,3
106880,3
106881,0
106882,2
106883,2
106884,2
106885,2
106886,2
106887,2
106888,2
106889,2
106890,2
106891,3
106892,2
106893,2
106894,2
106895,2
106896,2
106897,2
106898,2
106899,3
106900,3
106901,3
106902,1
106903,1
106904,3
106905,2
106906,2
106907,2
106908,2
106909,2
106910,2
106911,2
106912,2
106913,4
106914,2
106915,2
106916,2
106917,2
106918,2
106919,3
106920,0
106921,3
106922,2
106923,2
106924,2
106925,2
106926,2
106927,2
106928,2
106929,3
106930,3
106931,4
106932,3
106933,2
106934,2
106935,2
106936,2
106937,2
106938,2
106939,2
106940,2
106941,3
106942,2
106943,2
106944,2
106945,3
106946,3
106947,2
106948,0
106949,3
106950,2
106951,2
106952,2
106953,3
106954,2
106955,2
106956,3
106957,2
106958,1
106959,1
106960,2
106961,2
106962,1
106963,3
106964,2
106965,2
106966,3
106967,2
106968,3
106969,2
106970,2
106971,3
106972,3
106973,2
106974,3
106975,3
106976,2
106977,2
106978,1
106979,1
106980,2
106981,2
106982,2
106983,3
106984,2
106985,1
106986,1
106987,2
106988,2
106989,2
106990,2
106991,2
106992,2
106993,2
106994,2
106995,2
106996,2
106997,2
106998,0
106999,2
107000,2
107001,2
107002,2
107003,1
107004,1
107005,3
107006,2
107007,0
107008,2
107009,1
107010,1
107011,2
107012,2
107013,2
107014,2
107015,3
107016,2
107017,3
107018,2
107019,3
107020,2
107021,2
107022,3
107023,1
107024,1
107025,1
107026,2
107027,2
107028,2
107029,2
107030,2
107031,2
107032,2
107033,2
107034,2
107035,2
107036,2
107037,2
107038,2
107039,2
107040,2
107041,3
107042,2
107043,2
107044,2
107045,2
107046,2
107047,3
107048,2
107049,1
107050,1
107051,2
107052,2
107053,2
107054,1
107055,3
107056,3
107057,3
107058,2
107059,2
107060,2
107061,2
107062,2
107063,3
107064,1
107065,1
107066,3
107067,1
107068,1
107069,2
107070,2
107071,2
107072,3
107073,3
107074,0
107075,1
107076,1
107077,0
107078,2
107079,2
107080,3
107081,1
107082,1
107083,2
107084,3
107085,3
107086,3
107087,2
107088,2
107089,2
107090,3
107091,1
107092,1
107093,3
107094,1
107095,1
107096,2
107097,3
107098,3
107099,3
107100,2
107101,3
107102,2
107103,2
107104,2
107105,2
107106,2
107107,2
107108,2
107109,2
107110,2
107111,2
107112,3
107113,3
107114,3
107115,3
107116,2
107117,2
107118,2
107119,2
107120,2
107121,2
107122,3
107123,2
107124,2
107125,2
107126,3
107127,2
107128,2
107129,2
107130,2
107131,2
107132,3
107133,3
107134,2
107135,2
107136,2
107137,2
107138,2
107139,2
107140,2
107141,2
107142,2
107143,2
107144,2
107145,2
107146,2
107147,2
107148,3
107149,2
107150,2
107151,2
107152,2
107153,2
107154,2
107155,3
107156,2
107157,2
107158,2
107159,2
107160,2
107161,2
107162,3
107163,2
107164,3
107165,2
107166,2
107167,2
107168,2
107169,2
107170,2
107171,2
107172,3
107173,2
107174,2
107175,2
107176,3
107177,2
107178,3
107179,2
107180,2
107181,2
107182,2
107183,2
107184,2
107185,2
107186,2
107187,2
107188,2
107189,3
107190,3
107191,3
107192,2
107193,2
107194,3
107195,2
107196,2
107197,2
107198,2
107199,3
107200,2
107201,3
107202,3
107203,2
107204,3
107205,3
107206,2
107207,3
107208,2
107209,2
107210,2
107211,2
107212,2
107213,2
107214,2
107215,2
107216,2
107217,2
107218,2
107219,3
107220,2
107221,2
107222,2
107223,3
107224,2
107225,3
107226,3
107227,2
107228,2
107229,2
107230,3
107231,2
107232,3
107233,2
107234,3
107235,3
107236,2
107237,2
107238,2
107239,2
107240,2
107241,2
107242,2
107243,2
107244,2
107245,2
107246,2
107247,2
107248,2
107249,2
107250,2
107251,2
107252,2
107253,2
107254,2
107255,2
107256,2
107257,2
107258,2
107259,2
107260,3
107261,3
107262,2
107263,2
107264,2
107265,2
107266,3
107267,2
107268,3
107269,3
107270,2
107271,3
107272,3
107273,3
107274,3
107275,2
107276,2
107277,3
107278,2
107279,2
107280,2
107281,2
107282,2
107283,2
107284,2
107285,3
107286,2
107287,2
107288,2
107289,2
107290,2
107291,2
107292,3
107293,2
107294,2
107295,2
107296,2
107297,2
107298,3
107299,3
107300,3
107301,3
107302,3
107303,3
107304,3
107305,3
107306,2
107307,3
107308,2
107309,2
107310,2
107311,2
107312,2
107313,3
107314,3
107315,2
107316,2
107317,2
107318,2
107319,2
107320,2
107321,2
107322,2
107323,2
107324,2
107325,2
107326,2
107327,2
107328,3
107329,3
107330,2
107331,3
107332,2
107333,2
107334,2
107335,2
107336,2
107337,2
107338,2
107339,2
107340,3
107341,2
107342,2
107343,2
107344,2
107345,2
107346,2
107347,2
107348,2
107349,2
107350,2
107351,3
107352,2
107353,2
107354,2
107355,2
107356,2
107357,2
107358,2
107359,2
107360,2
107361,2
107362,2
107363,2
107364,2
107365,2
107366,2
107367,2
107368,2
107369,2
107370,2
107371,2
107372,2
107373,2
107374,2
107375,2
107376,2
107377,2
107378,2
107379,3
107380,2
107381,3
107382,3
107383,3
107384,2
107385,2
107386,2
107387,2
107388,3
107389,2
107390,2
107391,2
107392,3
107393,2
107394,2
107395,2
107396,2
107397,2
107398,3
107399,2
107400,3
107401,2
107402,2
107403,2
107404,2
107405,3
107406,3
107407,2
107408,2
107409,2
107410,2
107411,2
107412,3
107413,2
107414,2
107415,2
107416,2
107417,2
107418,2
107419,2
107420,2
107421,2
107422,2
107423,2
107424,2
107425,2
107426,2
107427,2
107428,2
107429,2
107430,2
107431,2
107432,2
107433,2
107434,2
107435,2
107436,2
107437,2
107438,2
107439,2
107440,2
107441,3
107442,2
107443,2
107444,3
107445,2
107446,2
107447,2
107448,2
107449,2
107450,2
107451,2
107452,2
107453,2
107454,3
107455,2
107456,3
107457,2
107458,3
107459,3
107460,2
107461,2
107462,3
107463,2
107464,3
107465,2
107466,3
107467,2
107468,2
107469,3
107470,2
107471,2
107472,2
107473,2
107474,3
107475,2
107476,3
107477,3
107478,3
107479,2
107480,2
107481,3
107482,2
107483,2
107484,3
107485,2
107486,2
107487,3
107488,3
107489,3
107490,2
107491,3
107492,3
107493,3
107494,2
107495,2
107496,2
107497,3
107498,2
107499,2
107500,3
107501,3
107502,2
107503,2
107504,3
107505,2
107506,2
107507,2
107508,2
107509,3
107510,2
107511,3
107512,2
107513,2
107514,3
107515,2
107516,2
107517,2
107518,3
107519,2
107520,3
107521,2
107522,3
107523,2
107524,2
107525,2
107526,2
107527,2
107528,2
107529,2
107530,3
107531,2
107532,2
107533,2
107534,2
107535,3
107536,2
107537,3
107538,2
107539,2
107540,2
107541,2
107542,2
107543,2
107544,2
107545,2
107546,2
107547,2
107548,3
107549,3
107550,3
107551,2
107552,2
107553,2
107554,3
107555,3
107556,2
107557,2
107558,3
107559,2
107560,3
107561,2
107562,3
107563,3
107564,2
107565,2
107566,2
107567,2
107568,3
107569,2
107570,2
107571,2
107572,2
107573,2
107574,2
107575,2
107576,2
107577,2
107578,2
107579,3
107580,2
107581,2
107582,3
107583,3
107584,2
107585,3
107586,2
107587,2
107588,3
107589,2
107590,3
107591,3
107592,3
107593,3
107594,2
107595,2
107596,2
107597,2
107598,2
107599,2
107600,3
107601,2
107602,2
107603,2
107604,2
107605,2
107606,2
107607,2
107608,2
107609,3
107610,2
107611,2
107612,2
107613,2
107614,2
107615,2
107616,2
107617,2
107618,2
107619,2
107620,3
107621,2
107622,2
107623,2
107624,2
107625,2
107626,2
107627,2
107628,2
107629,2
107630,2
107631,2
107632,2
107633,2
107634,2
107635,3
107636,3
107637,3
107638,2
107639,3
107640,2
107641,3
107642,2
107643,2
107644,2
107645,3
107646,3
107647,3
107648,3
107649,3
107650,3
107651,3
107652,2
107653,2
107654,2
107655,3
107656,3
107657,3
107658,3
107659,2
107660,2
107661,3
107662,3
107663,3
107664,3
107665,3
107666,3
107667,3
107668,3
107669,3
107670,1
107671,3
107672,2
107673,2
107674,3
107675,2
107676,1
107677,3
107678,2
107679,3
107680,3
107681,3
107682,2
107683,2
107684,3
107685,3
107686,3
107687,2
107688,3
107689,2
107690,3
107691,2
107692,2
107693,2
107694,2
107695,3
107696,3
107697,2
107698,2
107699,2
107700,2
107701,2
107702,2
107703,2
107704,2
107705,2
107706,2
107707,2
107708,2
107709,2
107710,2
107711,2
107712,2
107713,2
107714,2
107715,2
107716,2
107717,2
107718,2
107719,2
107720,2
107721,0
107722,2
107723,2
107724,2
107725,2
107726,2
107727,2
107728,2
107729,2
107730,2
107731,2
107732,2
107733,2
107734,2
107735,2
107736,2
107737,2
107738,2
107739,2
107740,2
107741,2
107742,2
107743,2
107744,2
107745,2
107746,2
107747,2
107748,2
107749,2
107750,2
107751,2
107752,2
107753,2
107754,2
107755,3
107756,2
107757,2
107758,2
107759,2
107760,2
107761,2
107762,2
107763,2
107764,2
107765,2
107766,2
107767,3
107768,2
107769,2
107770,2
107771,2
107772,2
107773,2
107774,2
107775,2
107776,2
107777,2
107778,2
107779,2
107780,2
107781,2
107782,0
107783,3
107784,3
107785,2
107786,2
107787,0
107788,2
107789,2
107790,2
107791,2
107792,2
107793,2
107794,2
107795,2
107796,2
107797,2
107798,2
107799,2
107800,2
107801,3
107802,2
107803,2
107804,2
107805,2
107806,2
107807,3
107808,3
107809,2
107810,2
107811,2
107812,2
107813,2
107814,2
107815,2
107816,2
107817,2
107818,2
107819,2
107820,2
107821,2
107822,2
107823,2
107824,2
107825,2
107826,2
107827,2
107828,2
107829,0
107830,0
107831,3
107832,2
107833,2
107834,2
107835,3
107836,2
107837,2
107838,2
107839,2
107840,2
107841,2
107842,2
107843,2
107844,2
107845,2
107846,2
107847,2
107848,2
107849,2
107850,2
107851,2
107852,2
107853,2
107854,2
107855,2
107856,2
107857,2
107858,2
107859,2
107860,2
107861,2
107862,2
107863,2
107864,2
107865,2
107866,2
107867,2
107868,2
107869,2
107870,2
107871,2
107872,2
107873,2
107874,2
107875,2
107876,2
107877,2
107878,2
107879,2
107880,2
107881,2
107882,2
107883,2
107884,3
107885,2
107886,2
107887,3
107888,2
107889,3
107890,3
107891,3
107892,2
107893,3
107894,3
107895,4
107896,3
107897,3
107898,3
107899,2
107900,3
107901,4
107902,3
107903,3
107904,3
107905,3
107906,3
107907,3
107908,3
107909,3
107910,3
107911,3
107912,3
107913,3
107914,3
107915,3
107916,3
107917,3
107918,2
107919,3
107920,3
107921,2
107922,2
107923,2
107924,2
107925,2
107926,2
107927,2
107928,2
107929,2
107930,2
107931,2
107932,2
107933,2
107934,2
107935,2
107936,2
107937,2
107938,2
107939,2
107940,3
107941,2
107942,2
107943,2
107944,2
107945,2
107946,2
107947,0
107948,2
107949,2
107950,2
107951,2
107952,2
107953,2
107954,3
107955,2
107956,2
107957,2
107958,2
107959,2
107960,2
107961,2
107962,2
107963,2
107964,2
107965,2
107966,2
107967,2
107968,2
107969,2
107970,2
107971,2
107972,2
107973,2
107974,2
107975,2
107976,2
107977,2
107978,2
107979,2
107980,3
107981,2
107982,3
107983,2
107984,3
107985,3
107986,2
107987,3
107988,3
107989,4
107990,3
107991,2
107992,3
107993,1
107994,3
107995,3
107996,2
107997,0
107998,2
107999,2
108000,2
108001,2
108002,2
108003,2
108004,3
108005,2
108006,2
108007,2
108008,2
108009,2
108010,2
108011,2
108012,2
108013,3
108014,2
108015,2
108016,2
108017,2
108018,0
108019,2
108020,2
108021,2
108022,2
108023,2
108024,2
108025,2
108026,2
108027,2
108028,2
108029,2
108030,2
108031,2
108032,3
108033,3
108034,2
108035,2
108036,2
108037,3
108038,2
108039,3
108040,2
108041,3
108042,2
108043,2
108044,2
108045,2
108046,2
108047,2
108048,2
108049,2
108050,2
108051,2
108052,2
108053,2
108054,2
108055,2
108056,2
108057,2
108058,2
108059,2
108060,2
108061,2
108062,2
108063,2
108064,2
108065,2
108066,3
108067,2
108068,3
108069,2
108070,3
108071,2
108072,2
108073,2
108074,2
108075,2
108076,2
108077,3
108078,2
108079,3
108080,2
108081,3
108082,0
108083,2
108084,3
108085,0
108086,0
108087,1
108088,2
108089,2
108090,2
108091,1
108092,2
108093,3
108094,2
108095,2
108096,0
108097,2
108098,2
108099,2
108100,2
108101,2
108102,2
108103,2
108104,3
108105,3
108106,2
108107,2
108108,2
108109,0
108110,3
108111,3
108112,3
108113,3
108114,2
108115,2
108116,2
108117,3
108118,2
108119,3
108120,3
108121,2
108122,3
108123,2
108124,3
108125,3
108126,2
108127,3
108128,2
108129,3
108130,2
108131,2
108132,2
108133,3
108134,3
108135,3
108136,2
108137,2
108138,2
108139,2
108140,2
108141,2
108142,2
108143,2
108144,3
108145,2
108146,2
108147,2
108148,2
108149,2
108150,2
108151,2
108152,2
108153,2
108154,2
108155,2
108156,2
108157,2
108158,2
108159,2
108160,3
108161,2
108162,2
108163,2
108164,3
108165,3
108166,3
108167,3
108168,2
108169,2
108170,3
108171,2
108172,2
108173,2
108174,2
108175,2
108176,2
108177,2
108178,2
108179,2
108180,2
108181,2
108182,2
108183,2
108184,2
108185,2
108186,2
108187,3
108188,2
108189,2
108190,2
108191,2
108192,2
108193,2
108194,2
108195,2
108196,2
108197,2
108198,2
108199,2
108200,2
108201,2
108202,2
108203,2
108204,2
108205,2
108206,2
108207,2
108208,2
108209,2
108210,2
108211,2
108212,2
108213,2
108214,2
108215,2
108216,2
108217,2
108218,2
108219,2
108220,2
108221,2
108222,2
108223,2
108224,2
108225,2
108226,2
108227,2
108228,2
108229,2
108230,2
108231,2
108232,2
108233,2
108234,3
108235,2
108236,2
108237,2
108238,2
108239,2
108240,2
108241,2
108242,2
108243,2
108244,2
108245,2
108246,2
108247,2
108248,2
108249,2
108250,2
108251,2
108252,2
108253,2
108254,2
108255,2
108256,2
108257,2
108258,2
108259,2
108260,2
108261,2
108262,2
108263,2
108264,2
108265,2
108266,2
108267,2
108268,2
108269,2
108270,2
108271,2
108272,2
108273,3
108274,3
108275,2
108276,2
108277,2
108278,2
108279,2
108280,0
108281,2
108282,2
108283,2
108284,2
108285,2
108286,2
108287,0
108288,2
108289,2
108290,2
108291,3
108292,2
108293,2
108294,2
108295,2
108296,2
108297,2
108298,2
108299,2
108300,2
108301,2
108302,2
108303,2
108304,2
108305,2
108306,2
108307,2
108308,2
108309,2
108310,2
108311,2
108312,2
108313,2
108314,2
108315,2
108316,2
108317,2
108318,2
108319,2
108320,2
108321,2
108322,2
108323,2
108324,2
108325,2
108326,2
108327,2
108328,2
108329,2
108330,2
108331,2
108332,2
108333,2
108334,2
108335,2
108336,2
108337,2
108338,3
108339,2
108340,2
108341,2
108342,2
108343,2
108344,2
108345,2
108346,2
108347,2
108348,2
108349,2
108350,2
108351,2
108352,2
108353,2
108354,2
108355,2
108356,2
108357,2
108358,2
108359,2
108360,2
108361,2
108362,2
108363,2
108364,2
108365,2
108366,2
108367,2
108368,2
108369,2
108370,2
108371,2
108372,2
108373,2
108374,2
108375,2
108376,2
108377,2
108378,2
108379,2
108380,2
108381,2
108382,2
108383,2
108384,2
108385,2
108386,2
108387,2
108388,2
108389,2
108390,2
108391,2
108392,2
108393,2
108394,2
108395,2
108396,2
108397,2
108398,2
108399,3
108400,2
108401,2
108402,2
108403,3
108404,3
108405,2
108406,2
108407,2
108408,3
108409,3
108410,2
108411,2
108412,2
108413,2
108414,2
108415,2
108416,2
108417,2
108418,2
108419,2
108420,2
108421,2
108422,2
108423,3
108424,2
108425,2
108426,2
108427,2
108428,2
108429,2
108430,2
108431,2
108432,2
108433,2
108434,2
108435,2
108436,2
108437,2
108438,2
108439,2
108440,2
108441,2
108442,2
108443,2
108444,2
108445,2
108446,2
108447,2
108448,2
108449,2
108450,2
108451,2
108452,2
108453,2
108454,2
108455,2
108456,2
108457,2
108458,2
108459,0
108460,2
108461,2
108462,2
108463,2
108464,2
108465,0
108466,2
108467,2
108468,2
108469,2
108470,2
108471,2
108472,2
108473,2
108474,2
108475,2
108476,2
108477,2
108478,2
108479,2
108480,2
108481,2
108482,2
108483,2
108484,2
108485,2
108486,2
108487,2
108488,2
108489,2
108490,2
108491,2
108492,2
108493,2
108494,2
108495,2
108496,2
108497,2
108498,2
108499,2
108500,2
108501,2
108502,2
108503,2
108504,2
108505,2
108506,2
108507,2
108508,2
108509,2
108510,2
108511,2
108512,2
108513,2
108514,2
108515,2
108516,2
108517,2
108518,2
108519,2
108520,2
108521,2
108522,2
108523,2
108524,2
108525,2
108526,2
108527,2
108528,2
108529,2
108530,2
108531,2
108532,2
108533,2
108534,2
108535,2
108536,2
108537,2
108538,2
108539,2
108540,2
108541,2
108542,2
108543,2
108544,2
108545,2
108546,2
108547,2
108548,2
108549,2
108550,2
108551,2
108552,2
108553,2
108554,2
108555,2
108556,2
108557,2
108558,2
108559,2
108560,2
108561,2
108562,2
108563,2
108564,2
108565,2
108566,2
108567,2
108568,2
108569,2
108570,2
108571,2
108572,2
108573,2
108574,2
108575,2
108576,2
108577,2
108578,2
108579,2
108580,2
108581,2
108582,2
108583,2
108584,2
108585,2
108586,2
108587,2
108588,2
108589,2
108590,2
108591,2
108592,2
108593,2
108594,2
108595,2
108596,2
108597,2
108598,2
108599,2
108600,2
108601,2
108602,2
108603,2
108604,2
108605,2
108606,2
108607,2
108608,2
108609,2
108610,2
108611,2
108612,2
108613,2
108614,2
108615,2
108616,2
108617,2
108618,2
108619,3
108620,2
108621,2
108622,2
108623,2
108624,2
108625,2
108626,2
108627,2
108628,2
108629,2
108630,2
108631,3
108632,1
108633,2
108634,2
108635,2
108636,2
108637,2
108638,2
108639,2
108640,2
108641,2
108642,2
108643,2
108644,2
108645,2
108646,2
108647,2
108648,2
108649,2
108650,2
108651,2
108652,2
108653,2
108654,2
108655,2
108656,2
108657,2
108658,2
108659,2
108660,2
108661,2
108662,2
108663,2
108664,2
108665,2
108666,2
108667,2
108668,2
108669,2
108670,2
108671,2
108672,1
108673,2
108674,2
108675,2
108676,3
108677,2
108678,2
108679,2
108680,2
108681,2
108682,2
108683,2
108684,2
108685,2
108686,2
108687,2
108688,2
108689,2
108690,2
108691,2
108692,2
108693,2
108694,3
108695,3
108696,3
108697,3
108698,3
108699,3
108700,3
108701,3
108702,3
108703,3
108704,3
108705,3
108706,3
108707,3
108708,3
108709,3
108710,3
108711,3
108712,3
108713,3
108714,3
108715,3
108716,3
108717,3
108718,3
108719,3
108720,3
108721,3
108722,3
108723,3
108724,3
108725,3
108726,3
108727,3
108728,3
108729,3
108730,3
108731,3
108732,3
108733,3
108734,3
108735,3
108736,3
108737,3
108738,3
108739,3
108740,3
108741,3
108742,3
108743,3
108744,3
108745,3
108746,3
108747,3
108748,3
108749,3
108750,3
108751,3
108752,3
108753,3
108754,3
108755,3
108756,3
108757,3
108758,3
108759,3
108760,3
108761,3
108762,3
108763,3
108764,3
108765,3
108766,3
108767,3
108768,3
108769,3
108770,3
108771,3
108772,3
108773,3
108774,3
108775,3
108776,3
108777,3
108778,3
108779,3
108780,3
108781,3
108782,3
108783,3
108784,3
108785,3
108786,3
108787,3
108788,3
108789,3
108790,3
108791,3
108792,3
108793,3
108794,3
108795,3
108796,3
108797,3
108798,3
108799,3
108800,3
108801,3
108802,3
108803,3
108804,2
108805,3
108806,3
108807,3
108808,3
108809,3
108810,3
108811,3
108812,3
108813,3
108814,3
108815,2
108816,3
108817,0
108818,0
108819,3
108820,3
108821,0
108822,0
108823,0
108824,0
108825,0
108826,0
108827,0
108828,0
108829,0
108830,0
108831,0
108832,0
108833,0
108834,0
108835,0
108836,0
108837,0
108838,0
108839,0
108840,0
108841,0
108842,0
108843,0
108844,0
108845,0
108846,3
108847,0
108848,0
108849,3
108850,0
108851,0
108852,0
108853,0
108854,0
108855,3
108856,0
108857,0
108858,0
108859,3
108860,3
108861,3
108862,3
108863,3
108864,0
108865,0
108866,0
108867,3
108868,0
108869,0
108870,0
108871,3
108872,0
108873,0
108874,0
108875,3
108876,3
108877,3
108878,3
108879,3
108880,3
108881,3
108882,3
108883,3
108884,3
108885,3
108886,3
108887,3
108888,3
108889,3
108890,3
108891,3
108892,3
108893,3
108894,3
108895,3
108896,3
108897,3
108898,3
108899,3
108900,3
108901,2
108902,3
108903,3
108904,3
108905,2
108906,3
108907,3
108908,3
108909,3
108910,3
108911,3
108912,3
108913,3
108914,3
108915,3
108916,3
108917,3
108918,3
108919,3
108920,3
108921,3
108922,3
108923,3
108924,3
108925,3
108926,3
108927,3
108928,3
108929,3
108930,3
108931,3
108932,3
108933,3
108934,3
108935,3
108936,3
108937,3
108938,2
108939,2
108940,3
108941,3
108942,3
108943,3
108944,3
108945,3
108946,3
108947,3
108948,3
108949,3
108950,3
108951,3
108952,3
108953,0
108954,0
108955,0
108956,0
108957,0
108958,0
108959,0
108960,0
108961,0
108962,3
108963,0
108964,0
108965,0
108966,0
108967,0
108968,0
108969,3
108970,0
108971,0
108972,0
108973,0
108974,0
108975,0
108976,0
108977,0
108978,0
108979,0
108980,1
108981,3
108982,0
108983,0
108984,0
108985,3
108986,3
108987,3
108988,3
108989,3
108990,1
108991,2
108992,2
108993,2
108994,3
108995,3
108996,3
108997,3
108998,2
108999,2
109000,1
109001,1
109002,3
109003,3
109004,3
109005,3
109006,0
109007,0
109008,1
109009,1
109010,1
109011,1
109012,1
109013,1
109014,1
109015,1
109016,3
109017,3
109018,0
109019,0
109020,0
109021,3
109022,0
109023,0
109024,2
109025,0
109026,0
109027,0
109028,0
109029,0
109030,3
109031,0
109032,0
109033,0
109034,1
109035,0
109036,0
109037,0
109038,0
109039,0
109040,0
109041,3
109042,3
109043,3
109044,3
109045,3
109046,3
109047,1
109048,1
109049,1
109050,1
109051,1
109052,1
109053,1
109054,1
109055,1
109056,1
109057,1
109058,1
109059,1
109060,1
109061,1
109062,1
109063,1
109064,1
109065,1
109066,1
109067,1
109068,1
109069,1
109070,3
109071,3
109072,0
109073,3
109074,3
109075,3
109076,3
109077,3
109078,3
109079,1
109080,1
109081,3
109082,3
109083,3
109084,3
109085,3
109086,0
109087,0
109088,3
109089,3
109090,3
109091,3
109092,3
109093,3
109094,3
109095,0
109096,3
109097,0
109098,3
109099,3
109100,3
109101,3
109102,3
109103,3
109104,3
109105,3
109106,3
109107,3
109108,3
109109,3
109110,3
109111,3
109112,3
109113,3
109114,3
109115,3
109116,3
109117,3
109118,3
109119,3
109120,3
109121,3
109122,3
109123,3
109124,3
109125,3
109126,3
109127,3
109128,3
109129,3
109130,3
109131,3
109132,3
109133,3
109134,3
109135,3
109136,3
109137,3
109138,3
109139,3
109140,3
109141,0
109142,0
109143,0
109144,0
109145,3
109146,3
109147,3
109148,0
109149,0
109150,0
109151,0
109152,0
109153,3
109154,3
109155,0
109156,3
109157,3
109158,3
109159,3
109160,3
109161,3
109162,3
109163,3
109164,1
109165,3
109166,3
109167,0
109168,0
109169,0
109170,0
109171,0
109172,0
109173,0
109174,0
109175,0
109176,0
109177,0
109178,0
109179,0
109180,0
109181,0
109182,0
109183,0
109184,0
109185,0
109186,0
109187,3
109188,0
109189,0
109190,3
109191,0
109192,0
109193,1
109194,1
109195,1
109196,1
109197,1
109198,1
109199,1
109200,1
109201,1
109202,1
109203,3
109204,0
109205,3
109206,3
109207,2
109208,2
109209,3
109210,3
109211,2
109212,3
109213,3
109214,3
109215,3
109216,3
109217,3
109218,3
109219,3
109220,3
109221,3
109222,3
109223,3
109224,3
109225,3
109226,3
109227,0
109228,0
109229,3
109230,0
109231,3
109232,3
109233,3
109234,2
109235,3
109236,3
109237,3
109238,3
109239,3
109240,3
109241,3
109242,3
109243,3
109244,3
109245,3
109246,3
109247,3
109248,3
109249,3
109250,3
109251,3
109252,3
109253,3
109254,3
109255,3
109256,3
109257,3
109258,3
109259,3
109260,3
109261,3
109262,3
109263,3
109264,3
109265,0
109266,0
109267,3
109268,3
109269,3
109270,3
109271,3
109272,3
109273,3
109274,3
109275,3
109276,3
109277,3
109278,3
109279,3
109280,2
109281,3
109282,3
109283,3
109284,3
109285,2
109286,3
109287,3
109288,3
109289,3
109290,3
109291,0
109292,3
109293,3
109294,3
109295,3
109296,3
109297,3
109298,2
109299,3
109300,0
109301,0
109302,3
109303,3
109304,0
109305,3
109306,0
109307,3
109308,0
109309,3
109310,0
109311,2
109312,3
109313,2
109314,3
109315,3
109316,3
109317,3
109318,3
109319,3
109320,2
109321,3
109322,3
109323,3
109324,3
109325,3
109326,3
109327,3
109328,3
109329,3
109330,3
109331,3
109332,3
109333,3
109334,3
109335,3
109336,3
109337,3
109338,3
109339,3
109340,3
109341,1
109342,3
109343,3
109344,3
109345,3
109346,3
109347,3
109348,3
109349,3
109350,3
109351,3
109352,3
109353,3
109354,3
109355,3
109356,3
109357,3
109358,3
109359,3
109360,3
109361,3
109362,3
109363,0
109364,3
109365,3
109366,3
109367,3
109368,3
109369,3
109370,3
109371,3
109372,3
109373,3
109374,3
109375,3
109376,3
109377,3
109378,3
109379,3
109380,3
109381,0
109382,0
109383,0
109384,3
109385,0
109386,3
109387,0
109388,0
109389,3
109390,3
109391,0
109392,3
109393,3
109394,3
109395,3
109396,3
109397,3
109398,3
109399,3
109400,3
109401,3
109402,3
109403,3
109404,3
109405,3
109406,3
109407,3
109408,3
109409,3
109410,3
109411,3
109412,3
109413,3
109414,3
109415,3
109416,3
109417,3
109418,3
109419,3
109420,3
109421,3
109422,3
109423,3
109424,3
109425,3
109426,3
109427,3
109428,3
109429,3
109430,3
109431,1
109432,3
109433,3
109434,3
109435,3
109436,3
109437,3
109438,3
109439,3
109440,3
109441,3
109442,3
109443,3
109444,3
109445,3
109446,3
109447,3
109448,3
109449,2
109450,3
109451,3
109452,3
109453,3
109454,3
109455,3
109456,3
109457,3
109458,3
109459,3
109460,3
109461,3
109462,3
109463,3
109464,3
109465,3
109466,3
109467,3
109468,3
109469,3
109470,3
109471,3
109472,3
109473,3
109474,3
109475,3
109476,3
109477,3
109478,3
109479,3
109480,3
109481,3
109482,3
109483,3
109484,3
109485,2
109486,3
109487,3
109488,3
109489,3
109490,3
109491,3
109492,3
109493,3
109494,3
109495,3
109496,3
109497,3
109498,3
109499,3
109500,3
109501,3
109502,3
109503,3
109504,3
109505,3
109506,2
109507,3
109508,3
109509,3
109510,3
109511,3
109512,3
109513,3
109514,3
109515,3
109516,3
109517,3
109518,3
109519,3
109520,3
109521,3
109522,3
109523,3
109524,3
109525,3
109526,3
109527,3
109528,3
109529,3
109530,2
109531,3
109532,3
109533,3
109534,2
109535,3
109536,3
109537,3
109538,2
109539,1
109540,3
109541,1
109542,1
109543,1
109544,1
109545,1
109546,1
109547,1
109548,1
109549,1
109550,1
109551,3
109552,1
109553,1
109554,1
109555,1
109556,1
109557,1
109558,1
109559,1
109560,1
109561,1
109562,1
109563,1
109564,1
109565,1
109566,1
109567,0
109568,2
109569,0
109570,0
109571,1
109572,1
109573,0
109574,0
109575,0
109576,0
109577,0
109578,0
109579,0
109580,0
109581,2
109582,0
109583,0
109584,0
109585,3
109586,0
109587,3
109588,0
109589,0
109590,0
109591,0
109592,0
109593,3
109594,3
109595,0
109596,3
109597,0
109598,0
109599,0
109600,0
109601,3
109602,3
109603,3
109604,3
109605,3
109606,3
109607,3
109608,2
109609,2
109610,0
109611,3
109612,3
109613,3
109614,3
109615,3
109616,3
109617,0
109618,0
109619,3
109620,2
109621,2
109622,2
109623,2
109624,2
109625,2
109626,2
109627,2
109628,3
109629,2
109630,2
109631,2
109632,2
109633,3
109634,3
109635,2
109636,3
109637,3
109638,3
109639,3
109640,3
109641,3
109642,3
109643,3
109644,3
109645,2
109646,2
109647,2
109648,2
109649,2
109650,2
109651,3
109652,2
109653,3
109654,2
109655,2
109656,2
109657,2
109658,2
109659,3
109660,3
109661,2
109662,2
109663,3
109664,3
109665,2
109666,3
109667,3
109668,3
109669,2
109670,3
109671,2
109672,2
109673,2
109674,2
109675,2
109676,3
109677,2
109678,2
109679,3
109680,3
109681,2
109682,3
109683,2
109684,2
109685,3
109686,3
109687,2
109688,2
109689,2
109690,2
109691,2
109692,2
109693,3
109694,3
109695,3
109696,2
109697,3
109698,2
109699,2
109700,2
109701,2
109702,2
109703,2
109704,2
109705,3
109706,3
109707,2
109708,2
109709,2
109710,2
109711,2
109712,2
109713,2
109714,2
109715,2
109716,2
109717,2
109718,2
109719,2
109720,2
109721,2
109722,2
109723,2
109724,2
109725,3
109726,3
109727,2
109728,2
109729,2
109730,2
109731,3
109732,2
109733,3
109734,2
109735,2
109736,2
109737,0
109738,0
109739,0
109740,2
109741,2
109742,2
109743,3
109744,3
109745,3
109746,2
109747,2
109748,2
109749,2
109750,2
109751,2
109752,2
109753,2
109754,2
109755,3
109756,2
109757,2
109758,2
109759,2
109760,2
109761,2
109762,2
109763,2
109764,2
109765,2
109766,2
109767,2
109768,2
109769,2
109770,2
109771,2
109772,2
109773,2
109774,2
109775,2
109776,0
109777,0
109778,0
109779,0
109780,0
109781,3
109782,2
109783,2
109784,3
109785,2
109786,0
109787,0
109788,2
109789,2
109790,2
109791,2
109792,2
109793,2
109794,2
109795,2
109796,2
109797,2
109798,2
109799,2
109800,2
109801,2
109802,2
109803,2
109804,2
109805,2
109806,2
109807,2
109808,2
109809,2
109810,3
109811,2
109812,2
109813,2
109814,2
109815,3
109816,2
109817,2
109818,3
109819,2
109820,2
109821,2
109822,2
109823,2
109824,2
109825,2
109826,2
109827,2
109828,2
109829,2
109830,2
109831,3
109832,2
109833,2
109834,2
109835,2
109836,3
109837,2
109838,2
109839,2
109840,2
109841,2
109842,2
109843,2
109844,2
109845,0
109846,2
109847,2
109848,2
109849,2
109850,2
109851,2
109852,2
109853,2
109854,3
109855,3
109856,2
109857,2
109858,2
109859,2
109860,2
109861,2
109862,3
109863,3
109864,2
109865,3
109866,3
109867,3
109868,3
109869,2
109870,2
109871,2
109872,2
109873,2
109874,2
109875,2
109876,2
109877,2
109878,2
109879,2
109880,2
109881,2
109882,2
109883,3
109884,2
109885,2
109886,2
109887,2
109888,2
109889,2
109890,2
109891,2
109892,2
109893,2
109894,2
109895,2
109896,2
109897,2
109898,2
109899,2
109900,2
109901,2
109902,2
109903,2
109904,2
109905,2
109906,2
109907,2
109908,0
109909,2
109910,2
109911,2
109912,2
109913,2
109914,2
109915,2
109916,2
109917,2
109918,2
109919,2
109920,2
109921,2
109922,2
109923,2
109924,2
109925,2
109926,2
109927,3
109928,5
109929,2
109930,2
109931,3
109932,3
109933,2
109934,1
109935,2
109936,2
109937,2
109938,2
109939,2
109940,2
109941,3
109942,3
109943,3
109944,1
109945,2
109946,3
109947,2
109948,2
109949,3
109950,3
109951,3
109952,3
109953,3
109954,3
109955,3
109956,3
109957,3
109958,3
109959,3
109960,3
109961,3
109962,3
109963,3
109964,3
109965,3
109966,3
109967,3
109968,3
109969,3
109970,3
109971,3
109972,2
109973,3
109974,3
109975,3
109976,3
109977,3
109978,3
109979,3
109980,3
109981,3
109982,3
109983,3
109984,3
109985,3
109986,3
109987,3
109988,3
109989,3
109990,2
109991,3
109992,3
109993,2
109994,0
109995,0
109996,3
109997,3
109998,2
109999,3
110000,3
110001,3
110002,3
110003,3
110004,3
110005,3
110006,3
110007,3
110008,3
110009,3
110010,2
110011,2
110012,3
110013,3
110014,3
110015,3
110016,2
110017,3
110018,3
110019,3
110020,3
110021,3
110022,3
110023,3
110024,3
110025,3
110026,3
110027,3
110028,2
110029,3
110030,3
110031,3
110032,2
110033,3
110034,2
110035,2
110036,3
110037,3
110038,3
110039,3
110040,3
110041,2
110042,3
110043,3
110044,3
110045,3
110046,2
110047,3
110048,3
110049,2
110050,3
110051,2
110052,2
110053,3
110054,2
110055,2
110056,3
110057,2
110058,2
110059,2
110060,2
110061,2
110062,2
110063,2
110064,2
110065,3
110066,3
110067,3
110068,3
110069,2
110070,3
110071,3
110072,3
110073,3
110074,2
110075,3
110076,3
110077,3
110078,3
110079,3
110080,3
110081,3
110082,3
110083,3
110084,3
110085,3
110086,2
110087,2
110088,2
110089,2
110090,2
110091,2
110092,2
110093,2
110094,2
110095,2
110096,2
110097,2
110098,2
110099,2
110100,2
110101,2
110102,2
110103,2
110104,2
110105,2
110106,2
110107,2
110108,2
110109,2
110110,2
110111,2
110112,2
110113,2
110114,3
110115,2
110116,2
110117,2
110118,2
110119,2
110120,2
110121,2
110122,2
110123,2
110124,2
110125,2
110126,2
110127,2
110128,2
110129,2
110130,2
110131,2
110132,2
110133,2
110134,2
110135,2
110136,2
110137,2
110138,2
110139,2
110140,2
110141,2
110142,2
110143,2
110144,2
110145,3
110146,2
110147,3
110148,3
110149,3
110150,3
110151,3
110152,2
110153,2
110154,2
110155,2
110156,3
110157,2
110158,3
110159,3
110160,2
110161,2
110162,2
110163,2
110164,2
110165,3
110166,2
110167,2
110168,3
110169,3
110170,3
110171,2
110172,2
110173,3
110174,3
110175,2
110176,2
110177,0
110178,0
110179,0
110180,2
110181,0
110182,0
110183,0
110184,0
110185,0
110186,0
110187,0
110188,0
110189,2
110190,0
110191,0
110192,0
110193,0
110194,0
110195,0
110196,0
110197,0
110198,0
110199,0
110200,2
110201,0
110202,0
110203,0
110204,0
110205,0
110206,0
110207,0
110208,0
110209,0
110210,2
110211,2
110212,0
110213,2
110214,2
110215,2
110216,2
110217,3
110218,3
110219,2
110220,3
110221,2
110222,2
110223,0
110224,2
110225,2
110226,3
110227,3
110228,2
110229,1
110230,1
110231,1
110232,1
110233,1
110234,3
110235,1
110236,3
110237,1
110238,1
110239,1
110240,3
110241,2
110242,3
110243,1
110244,1
110245,1
110246,1
110247,1
110248,1
110249,1
110250,1
110251,1
110252,1
110253,1
110254,1
110255,3
110256,1
110257,1
110258,1
110259,1
110260,1
110261,1
110262,1
110263,1
110264,1
110265,1
110266,1
110267,1
110268,0
110269,1
110270,1
110271,1
110272,1
110273,1
110274,1
110275,1
110276,1
110277,1
110278,1
110279,1
110280,1
110281,1
110282,1
110283,3
110284,1
110285,1
110286,1
110287,1
110288,1
110289,1
110290,1
110291,1
110292,1
110293,1
110294,3
110295,3
110296,1
110297,1
110298,1
110299,3
110300,1
110301,1
110302,1
110303,1
110304,1
110305,1
110306,1
110307,1
110308,1
110309,1
110310,1
110311,1
110312,1
110313,1
110314,1
110315,1
110316,1
110317,3
110318,1
110319,1
110320,1
110321,1
110322,3
110323,0
110324,2
110325,2
110326,2
110327,0
110328,0
110329,0
110330,3
110331,3
110332,3
110333,3
110334,2
110335,3
110336,3
110337,2
110338,2
110339,3
110340,3
110341,3
110342,3
110343,2
110344,3
110345,3
110346,2
110347,2
110348,2
110349,2
110350,3
110351,3
110352,3
110353,3
110354,2
110355,3
110356,3
110357,3
110358,3
110359,3
110360,3
110361,3
110362,3
110363,3
110364,2
110365,2
110366,2
110367,3
110368,3
110369,3
110370,3
110371,3
110372,3
110373,2
110374,3
110375,3
110376,3
110377,3
110378,3
110379,2
110380,2
110381,3
110382,3
110383,3
110384,3
110385,3
110386,3
110387,3
110388,3
110389,3
110390,3
110391,2
110392,3
110393,2
110394,3
110395,3
110396,3
110397,3
110398,3
110399,2
110400,3
110401,3
110402,3
110403,1
110404,3
110405,3
110406,1
110407,3
110408,1
110409,3
110410,3
110411,3
110412,3
110413,3
110414,3
110415,3
110416,2
110417,1
110418,3
110419,3
110420,3
110421,3
110422,3
110423,3
110424,3
110425,3
110426,3
110427,3
110428,1
110429,1
110430,2
110431,3
110432,1
110433,1
110434,3
110435,2
110436,2
110437,3
110438,0
110439,0
110440,0
110441,2
110442,0
110443,2
110444,2
110445,2
110446,2
110447,2
110448,2
110449,2
110450,2
110451,2
110452,2
110453,2
110454,2
110455,2
110456,2
110457,2
110458,2
110459,2
110460,2
110461,2
110462,2
110463,2
110464,2
110465,2
110466,2
110467,2
110468,2
110469,2
110470,2
110471,2
110472,2
110473,2
110474,2
110475,2
110476,2
110477,2
110478,2
110479,2
110480,2
110481,2
110482,2
110483,2
110484,2
110485,2
110486,2
110487,2
110488,2
110489,2
110490,2
110491,2
110492,2
110493,2
110494,2
110495,2
110496,2
110497,2
110498,0
110499,2
110500,2
110501,2
110502,2
110503,2
110504,2
110505,2
110506,2
110507,2
110508,2
110509,2
110510,2
110511,2
110512,2
110513,2
110514,2
110515,2
110516,2
110517,2
110518,2
110519,2
110520,2
110521,2
110522,2
110523,2
110524,2
110525,2
110526,2
110527,2
110528,2
110529,2
110530,2
110531,2
110532,2
110533,2
110534,2
110535,2
110536,2
110537,3
110538,3
110539,2
110540,2
110541,2
110542,2
110543,2
110544,2
110545,2
110546,2
110547,2
110548,2
110549,2
110550,2
110551,2
110552,2
110553,2
110554,2
110555,2
110556,2
110557,2
110558,2
110559,2
110560,2
110561,2
110562,2
110563,2
110564,2
110565,2
110566,2
110567,2
110568,2
110569,2
110570,2
110571,2
110572,2
110573,2
110574,2
110575,2
110576,2
110577,2
110578,3
110579,2
110580,2
110581,2
110582,2
110583,2
110584,2
110585,2
110586,2
110587,2
110588,2
110589,2
110590,2
110591,3
110592,2
110593,2
110594,3
110595,1
110596,2
110597,3
110598,2
110599,2
110600,2
110601,2
110602,2
110603,2
110604,3
110605,2
110606,2
110607,3
110608,3
110609,2
110610,2
110611,2
110612,2
110613,2
110614,2
110615,2
110616,2
110617,2
110618,2
110619,2
110620,2
110621,2
110622,2
110623,2
110624,2
110625,2
110626,3
110627,3
110628,3
110629,3
110630,2
110631,3
110632,2
110633,2
110634,2
110635,2
110636,2
110637,2
110638,3
110639,2
110640,2
110641,3
110642,2
110643,2
110644,2
110645,2
110646,2
110647,2
110648,2
110649,2
110650,2
110651,3
110652,2
110653,2
110654,2
110655,2
110656,2
110657,3
110658,3
110659,2
110660,3
110661,3
110662,2
110663,3
110664,3
110665,3
110666,3
110667,2
110668,3
110669,3
110670,3
110671,3
110672,3
110673,3
110674,3
110675,3
110676,3
110677,0
110678,0
110679,0
110680,0
110681,0
110682,0
110683,0
110684,0
110685,0
110686,0
110687,0
110688,0
110689,0
110690,0
110691,2
110692,2
110693,2
110694,2
110695,2
110696,0
110697,0
110698,2
110699,2
110700,2
110701,2
110702,2
110703,2
110704,2
110705,2
110706,3
110707,2
110708,2
110709,2
110710,2
110711,3
110712,2
110713,2
110714,2
110715,2
110716,2
110717,2
110718,2
110719,2
110720,2
110721,2
110722,2
110723,2
110724,2
110725,3
110726,2
110727,3
110728,3
110729,3
110730,3
110731,3
110732,3
110733,3
110734,3
110735,3
110736,3
110737,3
110738,2
110739,3
110740,3
110741,3
110742,3
110743,3
110744,3
110745,3
110746,3
110747,3
110748,3
110749,3
110750,2
110751,2
110752,3
110753,2
110754,3
110755,0
110756,0
110757,0
110758,0
110759,0
110760,0
110761,0
110762,0
110763,0
110764,0
110765,0
110766,0
110767,0
110768,0
110769,0
110770,0
110771,2
110772,3
110773,0
110774,3
110775,2
110776,0
110777,0
110778,0
110779,0
110780,0
110781,0
110782,3
110783,0
110784,0
110785,0
110786,0
110787,0
110788,0
110789,0
110790,0
110791,0
110792,0
110793,0
110794,0
110795,0
110796,0
110797,0
110798,0
110799,3
110800,3
110801,2
110802,3
110803,3
110804,0
110805,3
110806,3
110807,2
110808,3
110809,3
110810,3
110811,3
110812,3
110813,3
110814,3
110815,3
110816,3
110817,3
110818,3
110819,3
110820,3
110821,3
110822,3
110823,3
110824,3
110825,3
110826,3
110827,3
110828,3
110829,3
110830,3
110831,3
110832,3
110833,3
110834,3
110835,3
110836,3
110837,3
110838,3
110839,3
110840,3
110841,3
110842,3
110843,2
110844,2
110845,2
110846,2
110847,2
110848,2
110849,2
110850,2
110851,2
110852,3
110853,3
110854,3
110855,2
110856,2
110857,2
110858,2
110859,3
110860,3
110861,3
110862,2
110863,3
110864,2
110865,2
110866,2
110867,2
110868,3
110869,2
110870,2
110871,2
110872,2
110873,3
110874,2
110875,2
110876,2
110877,2
110878,2
110879,2
110880,2
110881,2
110882,2
110883,2
110884,2
110885,2
110886,2
110887,2
110888,2
110889,2
110890,2
110891,2
110892,2
110893,2
110894,2
110895,2
110896,2
110897,2
110898,2
110899,2
110900,3
110901,3
110902,0
110903,2
110904,2
110905,2
110906,2
110907,2
110908,2
110909,2
110910,2
110911,2
110912,2
110913,2
110914,2
110915,2
110916,2
110917,2
110918,2
110919,3
110920,3
110921,2
110922,2
110923,3
110924,3
110925,3
110926,3
110927,2
110928,2
110929,2
110930,2
110931,2
110932,2
110933,0
110934,2
110935,0
110936,2
110937,2
110938,2
110939,2
110940,2
110941,2
110942,2
110943,2
110944,2
110945,2
110946,2
110947,2
110948,2
110949,2
110950,2
110951,2
110952,2
110953,2
110954,3
110955,2
110956,2
110957,2
110958,2
110959,2
110960,2
110961,2
110962,2
110963,2
110964,2
110965,3
110966,3
110967,2
110968,2
110969,3
110970,3
110971,3
110972,3
110973,3
110974,3
110975,3
110976,3
110977,3
110978,3
110979,3
110980,3
110981,3
110982,3
110983,3
110984,3
110985,3
110986,3
110987,3
110988,3
110989,3
110990,3
110991,3
110992,2
110993,3
110994,2
110995,3
110996,2
110997,2
110998,3
110999,2
111000,2
111001,2
111002,3
111003,2
111004,2
111005,2
111006,2
111007,2
111008,2
111009,2
111010,2
111011,2
111012,2
111013,2
111014,2
111015,0
111016,2
111017,2
111018,2
111019,0
111020,0
111021,0
111022,0
111023,0
111024,0
111025,0
111026,0
111027,0
111028,0
111029,0
111030,0
111031,0
111032,0
111033,0
111034,0
111035,0
111036,3
111037,3
111038,0
111039,0
111040,2
111041,3
111042,3
111043,3
111044,0
111045,3
111046,3
111047,3
111048,3
111049,0
111050,0
111051,0
111052,0
111053,0
111054,0
111055,0
111056,3
111057,3
111058,3
111059,2
111060,3
111061,2
111062,3
111063,3
111064,3
111065,3
111066,3
111067,3
111068,3
111069,3
111070,3
111071,3
111072,0
111073,3
111074,0
111075,3
111076,3
111077,3
111078,3
111079,3
111080,3
111081,3
111082,3
111083,3
111084,3
111085,3
111086,3
111087,3
111088,3
111089,3
111090,3
111091,3
111092,3
111093,3
111094,3
111095,3
111096,3
111097,3
111098,2
111099,2
111100,3
111101,2
111102,2
111103,3
111104,3
111105,3
111106,3
111107,3
111108,3
111109,3
111110,3
111111,3
111112,3
111113,3
111114,3
111115,3
111116,3
111117,3
111118,3
111119,3
111120,3
111121,3
111122,3
111123,0
111124,0
111125,0
111126,3
111127,2
111128,0
111129,3
111130,3
111131,2
111132,0
111133,0
111134,0
111135,0
111136,0
111137,0
111138,0
111139,0
111140,0
111141,0
111142,3
111143,0
111144,0
111145,0
111146,0
111147,0
111148,0
111149,0
111150,0
111151,0
111152,0
111153,0
111154,2
111155,0
111156,0
111157,0
111158,0
111159,0
111160,0
111161,0
111162,0
111163,0
111164,0
111165,0
111166,2
111167,3
111168,3
111169,2
111170,2
111171,3
111172,3
111173,3
111174,3
111175,3
111176,2
111177,2
111178,3
111179,3
111180,3
111181,3
111182,0
111183,3
111184,3
111185,0
111186,0
111187,0
111188,0
111189,0
111190,0
111191,0
111192,0
111193,3
111194,3
111195,3
111196,2
111197,3
111198,3
111199,3
111200,3
111201,3
111202,2
111203,3
111204,3
111205,3
111206,0
111207,0
111208,0
111209,0
111210,0
111211,0
111212,0
111213,0
111214,2
111215,0
111216,0
111217,3
111218,2
111219,3
111220,1
111221,3
111222,2
111223,2
111224,3
111225,2
111226,3
111227,3
111228,1
111229,3
111230,3
111231,2
111232,3
111233,3
111234,3
111235,3
111236,3
111237,1
111238,1
111239,1
111240,3
111241,1
111242,0
111243,3
111244,0
111245,0
111246,0
111247,3
111248,3
111249,3
111250,3
111251,3
111252,3
111253,3
111254,3
111255,3
111256,3
111257,0
111258,0
111259,0
111260,2
111261,0
111262,3
111263,0
111264,0
111265,0
111266,0
111267,0
111268,0
111269,1
111270,1
111271,1
111272,1
111273,1
111274,3
111275,2
111276,2
111277,2
111278,2
111279,2
111280,3
111281,2
111282,2
111283,2
111284,2
111285,2
111286,2
111287,2
111288,2
111289,2
111290,3
111291,3
111292,2
111293,3
111294,3
111295,3
111296,3
111297,2
111298,3
111299,3
111300,2
111301,2
111302,2
111303,2
111304,2
111305,2
111306,3
111307,3
111308,3
111309,3
111310,3
111311,2
111312,1
111313,1
111314,1
111315,3
111316,3
111317,3
111318,3
111319,3
111320,3
111321,3
111322,3
111323,0
111324,0
111325,0
111326,0
111327,0
111328,0
111329,0
111330,0
111331,0
111332,0
111333,0
111334,0
111335,0
111336,0
111337,0
111338,0
111339,0
111340,0
111341,3
111342,3
111343,3
111344,3
111345,3
111346,3
111347,3
111348,2
111349,1
111350,1
111351,0
111352,0
111353,0
111354,1
111355,3
111356,3
111357,3
111358,3
111359,3
111360,3
111361,3
111362,0
111363,0
111364,0
111365,0
111366,0
111367,2
111368,1
111369,1
111370,1
111371,0
111372,3
111373,3
111374,3
111375,3
111376,3
111377,3
111378,3
111379,2
111380,3
111381,3
111382,3
111383,0
111384,0
111385,0
111386,0
111387,1
111388,0
111389,0
111390,0
111391,0
111392,0
111393,2
111394,1
111395,0
111396,3
111397,3
111398,3
111399,3
111400,3
111401,0
111402,3
111403,3
111404,1
111405,0
111406,0
111407,1
111408,1
111409,1
111410,3
111411,3
111412,1
111413,1
111414,1
111415,1
111416,1
111417,1
111418,3
111419,3
111420,0
111421,0
111422,3
111423,3
111424,0
111425,1
111426,1
111427,1
111428,3
111429,3
111430,3
111431,3
111432,3
111433,3
111434,3
111435,3
111436,3
111437,3
111438,3
111439,3
111440,3
111441,3
111442,2
111443,3
111444,3
111445,2
111446,3
111447,3
111448,2
111449,2
111450,2
111451,2
111452,2
111453,2
111454,3
111455,3
111456,2
111457,2
111458,2
111459,2
111460,2
111461,2
111462,2
111463,2
111464,2
111465,2
111466,2
111467,2
111468,2
111469,2
111470,2
111471,2
111472,2
111473,2
111474,2
111475,2
111476,2
111477,2
111478,2
111479,2
111480,2
111481,2
111482,2
111483,2
111484,2
111485,2
111486,2
111487,2
111488,2
111489,2
111490,2
111491,2
111492,2
111493,2
111494,2
111495,2
111496,2
111497,2
111498,0
111499,2
111500,2
111501,2
111502,2
111503,2
111504,2
111505,2
111506,2
111507,2
111508,2
111509,2
111510,2
111511,2
111512,2
111513,2
111514,2
111515,2
111516,2
111517,2
111518,2
111519,2
111520,2
111521,2
111522,2
111523,2
111524,2
111525,2
111526,2
111527,2
111528,2
111529,2
111530,2
111531,2
111532,2
111533,2
111534,2
111535,2
111536,2
111537,2
111538,2
111539,0
111540,2
111541,2
111542,2
111543,2
111544,2
111545,2
111546,2
111547,2
111548,2
111549,2
111550,2
111551,2
111552,2
111553,2
111554,2
111555,2
111556,2
111557,2
111558,2
111559,2
111560,2
111561,2
111562,2
111563,2
111564,2
111565,2
111566,2
111567,0
111568,2
111569,2
111570,2
111571,2
111572,2
111573,2
111574,2
111575,2
111576,2
111577,2
111578,2
111579,2
111580,2
111581,2
111582,2
111583,2
111584,2
111585,2
111586,2
111587,2
111588,2
111589,2
111590,2
111591,2
111592,2
111593,2
111594,2
111595,2
111596,2
111597,2
111598,2
111599,2
111600,2
111601,2
111602,3
111603,3
111604,2
111605,2
111606,2
111607,2
111608,2
111609,2
111610,2
111611,2
111612,3
111613,0
111614,0
111615,2
111616,0
111617,0
111618,2
111619,0
111620,2
111621,2
111622,2
111623,2
111624,2
111625,2
111626,3
111627,2
111628,2
111629,2
111630,2
111631,2
111632,2
111633,2
111634,2
111635,2
111636,2
111637,2
111638,2
111639,2
111640,2
111641,2
111642,2
111643,2
111644,2
111645,3
111646,2
111647,2
111648,2
111649,3
111650,3
111651,0
111652,2
111653,0
111654,0
111655,2
111656,0
111657,2
111658,0
111659,2
111660,0
111661,3
111662,2
111663,2
111664,0
111665,2
111666,2
111667,2
111668,2
111669,2
111670,4
111671,2
111672,3
111673,2
111674,2
111675,2
111676,2
111677,2
111678,2
111679,2
111680,2
111681,2
111682,2
111683,2
111684,2
111685,3
111686,2
111687,2
111688,2
111689,2
111690,2
111691,0
111692,2
111693,2
111694,2
111695,2
111696,2
111697,2
111698,2
111699,2
111700,2
111701,2
111702,3
111703,2
111704,3
111705,3
111706,2
111707,2
111708,2
111709,2
111710,2
111711,2
111712,2
111713,2
111714,2
111715,3
111716,2
111717,2
111718,2
111719,2
111720,3
111721,2
111722,0
111723,2
111724,2
111725,2
111726,2
111727,2
111728,2
111729,2
111730,2
111731,2
111732,2
111733,2
111734,2
111735,3
111736,2
111737,2
111738,2
111739,2
111740,1
111741,3
111742,2
111743,2
111744,2
111745,2
111746,2
111747,2
111748,2
111749,2
111750,2
111751,2
111752,2
111753,2
111754,2
111755,2
111756,2
111757,2
111758,2
111759,2
111760,2
111761,2
111762,2
111763,2
111764,1
111765,1
111766,1
111767,1
111768,2
111769,2
111770,2
111771,2
111772,2
111773,2
111774,2
111775,0
111776,2
111777,2
111778,2
111779,2
111780,2
111781,2
111782,2
111783,2
111784,2
111785,1
111786,1
111787,2
111788,2
111789,2
111790,1
111791,1
111792,1
111793,2
111794,2
111795,2
111796,2
111797,2
111798,2
111799,2
111800,2
111801,2
111802,2
111803,2
111804,2
111805,2
111806,2
111807,2
111808,3
111809,3
111810,2
111811,2
111812,2
111813,3
111814,3
111815,2
111816,2
111817,2
111818,3
111819,2
111820,3
111821,2
111822,2
111823,2
111824,2
111825,2
111826,2
111827,2
111828,2
111829,2
111830,0
111831,2
111832,2
111833,2
111834,2
111835,3
111836,2
111837,2
111838,2
111839,2
111840,2
111841,2
111842,2
111843,2
111844,2
111845,2
111846,2
111847,2
111848,2
111849,2
111850,2
111851,2
111852,2
111853,2
111854,2
111855,2
111856,2
111857,2
111858,2
111859,2
111860,2
111861,2
111862,2
111863,2
111864,2
111865,2
111866,2
111867,2
111868,2
111869,2
111870,2
111871,2
111872,2
111873,2
111874,2
111875,2
111876,2
111877,2
111878,2
111879,2
111880,2
111881,2
111882,2
111883,2
111884,2
111885,2
111886,2
111887,2
111888,2
111889,2
111890,2
111891,2
111892,2
111893,2
111894,2
111895,2
111896,2
111897,2
111898,2
111899,2
111900,2
111901,2
111902,2
111903,2
111904,2
111905,2
111906,2
111907,2
111908,2
111909,2
111910,2
111911,2
111912,2
111913,2
111914,2
111915,2
111916,2
111917,2
111918,2
111919,2
111920,2
111921,2
111922,2
111923,2
111924,2
111925,2
111926,2
111927,2
111928,2
111929,2
111930,2
111931,2
111932,2
111933,2
111934,2
111935,2
111936,2
111937,2
111938,2
111939,2
111940,2
111941,2
111942,2
111943,2
111944,2
111945,2
111946,2
111947,2
111948,2
111949,2
111950,0
111951,2
111952,0
111953,2
111954,2
111955,2
111956,2
111957,2
111958,2
111959,2
111960,3
111961,2
111962,2
111963,3
111964,2
111965,2
111966,2
111967,2
111968,2
111969,0
111970,3
111971,0
111972,2
111973,2
111974,2
111975,2
111976,2
111977,2
111978,2
111979,0
111980,2
111981,2
111982,0
111983,2
111984,2
111985,2
111986,2
111987,2
111988,2
111989,2
111990,2
111991,2
111992,2
111993,2
111994,2
111995,2
111996,2
111997,2
111998,2
111999,2
112000,2
112001,2
112002,1
112003,2
112004,2
112005,2
112006,2
112007,2
112008,2
112009,2
112010,2
112011,2
112012,2
112013,2
112014,2
112015,2
112016,2
112017,2
112018,2
112019,2
112020,2
112021,2
112022,2
112023,2
112024,2
112025,2
112026,2
112027,2
112028,2
112029,2
112030,2
112031,2
112032,2
112033,2
112034,2
112035,2
112036,2
112037,2
112038,2
112039,2
112040,2
112041,2
112042,2
112043,2
112044,2
112045,2
112046,2
112047,2
112048,2
112049,2
112050,2
112051,2
112052,2
112053,2
112054,2
112055,2
112056,2
112057,2
112058,2
112059,2
112060,2
112061,2
112062,2
112063,2
112064,2
112065,2
112066,2
112067,2
112068,2
112069,2
112070,2
112071,2
112072,2
112073,2
112074,2
112075,2
112076,2
112077,2
112078,2
112079,2
112080,2
112081,2
112082,2
112083,2
112084,2
112085,3
112086,2
112087,2
112088,2
112089,2
112090,2
112091,2
112092,2
112093,2
112094,0
112095,2
112096,2
112097,2
112098,2
112099,2
112100,2
112101,2
112102,2
112103,2
112104,2
112105,2
112106,2
112107,2
112108,2
112109,2
112110,0
112111,0
112112,0
112113,2
112114,0
112115,2
112116,0
112117,2
112118,2
112119,2
112120,0
112121,2
112122,2
112123,2
112124,2
112125,2
112126,2
112127,2
112128,2
112129,2
112130,2
112131,3
112132,2
112133,2
112134,2
112135,2
112136,2
112137,2
112138,2
112139,2
112140,2
112141,2
112142,2
112143,2
112144,2
112145,2
112146,2
112147,2
112148,2
112149,2
112150,2
112151,2
112152,2
112153,2
112154,2
112155,2
112156,2
112157,2
112158,2
112159,2
112160,2
112161,2
112162,2
112163,2
112164,2
112165,0
112166,2
112167,2
112168,2
112169,2
112170,2
112171,2
112172,2
112173,2
112174,2
112175,2
112176,3
112177,2
112178,2
112179,2
112180,2
112181,2
112182,0
112183,2
112184,2
112185,2
112186,2
112187,2
112188,2
112189,0
112190,2
112191,0
112192,0
112193,2
112194,2
112195,2
112196,2
112197,2
112198,2
112199,2
112200,2
112201,2
112202,2
112203,2
112204,2
112205,2
112206,2
112207,2
112208,2
112209,2
112210,2
112211,2
112212,2
112213,2
112214,2
112215,2
112216,2
112217,2
112218,2
112219,2
112220,2
112221,0
112222,0
112223,2
112224,2
112225,2
112226,2
112227,2
112228,0
112229,0
112230,2
112231,2
112232,2
112233,2
112234,2
112235,2
112236,2
112237,2
112238,2
112239,2
112240,2
112241,2
112242,2
112243,2
112244,2
112245,2
112246,2
112247,2
112248,2
112249,2
112250,2
112251,2
112252,2
112253,2
112254,2
112255,2
112256,2
112257,2
112258,2
112259,2
112260,2
112261,0
112262,2
112263,2
112264,2
112265,2
112266,2
112267,2
112268,2
112269,2
112270,2
112271,2
112272,2
112273,2
112274,2
112275,2
112276,2
112277,2
112278,2
112279,2
112280,2
112281,2
112282,0
112283,2
112284,2
112285,2
112286,2
112287,2
112288,2
112289,2
112290,2
112291,2
112292,0
112293,1
112294,2
112295,2
112296,0
112297,3
112298,2
112299,2
112300,1
112301,0
112302,2
112303,0
112304,1
112305,2
112306,0
112307,2
112308,2
112309,3
112310,2
112311,3
112312,2
112313,2
112314,3
112315,2
112316,2
112317,2
112318,2
112319,2
112320,2
112321,2
112322,2
112323,2
112324,2
112325,2
112326,2
112327,2
112328,2
112329,2
112330,2
112331,2
112332,2
112333,2
112334,2
112335,2
112336,2
112337,2
112338,2
112339,2
112340,2
112341,2
112342,2
112343,2
112344,2
112345,2
112346,2
112347,2
112348,2
112349,2
112350,2
112351,2
112352,2
112353,2
112354,1
112355,1
112356,1
112357,2
112358,2
112359,2
112360,2
112361,2
112362,2
112363,2
112364,2
112365,2
112366,2
112367,2
112368,2
112369,2
112370,2
112371,1
112372,1
112373,2
112374,2
112375,2
112376,2
112377,2
112378,2
112379,3
112380,2
112381,2
112382,2
112383,2
112384,2
112385,2
112386,2
112387,2
112388,2
112389,2
112390,2
112391,2
112392,2
112393,2
112394,2
112395,2
112396,2
112397,2
112398,2
112399,2
112400,2
112401,2
112402,2
112403,2
112404,2
112405,2
112406,2
112407,2
112408,3
112409,2
112410,2
112411,2
112412,3
112413,3
112414,2
112415,2
112416,2
112417,2
112418,2
112419,3
112420,2
112421,2
112422,2
112423,2
112424,2
112425,2
112426,2
112427,3
112428,2
112429,5
112430,2
112431,2
112432,2
112433,2
112434,3
112435,2
112436,3
112437,3
112438,2
112439,1
112440,2
112441,3
112442,2
112443,2
112444,2
112445,2
112446,2
112447,2
112448,3
112449,3
112450,2
112451,2
112452,2
112453,2
112454,3
112455,2
112456,2
112457,2
112458,2
112459,2
112460,2
112461,2
112462,2
112463,2
112464,2
112465,2
112466,2
112467,3
112468,2
112469,3
112470,2
112471,2
112472,2
112473,2
112474,2
112475,1
112476,2
112477,2
112478,2
112479,2
112480,2
112481,2
112482,2
112483,2
112484,2
112485,2
112486,2
112487,2
112488,2
112489,2
112490,2
112491,2
112492,2
112493,2
112494,2
112495,2
112496,2
112497,2
112498,2
112499,2
112500,2
112501,2
112502,2
112503,2
112504,2
112505,2
112506,2
112507,2
112508,2
112509,2
112510,2
112511,2
112512,2
112513,2
112514,2
112515,2
112516,2
112517,2
112518,2
112519,2
112520,2
112521,3
112522,2
112523,3
112524,2
112525,2
112526,3
112527,2
112528,2
112529,2
112530,2
112531,2
112532,2
112533,2
112534,2
112535,2
112536,2
112537,2
112538,2
112539,2
112540,2
112541,2
112542,2
112543,2
112544,2
112545,2
112546,2
112547,2
112548,2
112549,2
112550,2
112551,2
112552,2
112553,2
112554,2
112555,2
112556,2
112557,3
112558,3
112559,2
112560,2
112561,2
112562,2
112563,2
112564,2
112565,2
112566,2
112567,2
112568,2
112569,2
112570,2
112571,2
112572,2
112573,2
112574,2
112575,2
112576,2
112577,2
112578,2
112579,2
112580,2
112581,2
112582,2
112583,2
112584,1
112585,1
112586,2
112587,2
112588,2
112589,2
112590,2
112591,2
112592,2
112593,2
112594,2
112595,3
112596,2
112597,2
112598,2
112599,2
112600,2
112601,2
112602,2
112603,2
112604,2
112605,2
112606,2
112607,2
112608,2
112609,2
112610,2
112611,2
112612,1
112613,2
112614,2
112615,2
112616,2
112617,2
112618,2
112619,2
112620,2
112621,2
112622,2
112623,2
112624,2
112625,2
112626,2
112627,2
112628,2
112629,2
112630,0
112631,2
112632,2
112633,2
112634,2
112635,2
112636,2
112637,2
112638,2
112639,2
112640,2
112641,2
112642,2
112643,2
112644,3
112645,2
112646,2
112647,2
112648,2
112649,2
112650,2
112651,2
112652,2
112653,2
112654,2
112655,2
112656,2
112657,2
112658,2
112659,2
112660,2
112661,2
112662,2
112663,2
112664,2
112665,2
112666,2
112667,2
112668,2
112669,2
112670,2
112671,2
112672,2
112673,2
112674,2
112675,2
112676,0
112677,2
112678,2
112679,2
112680,2
112681,2
112682,2
112683,2
112684,3
112685,2
112686,3
112687,2
112688,2
112689,2
112690,2
112691,2
112692,2
112693,2
112694,2
112695,3
112696,2
112697,2
112698,2
112699,2
112700,2
112701,2
112702,2
112703,2
112704,2
112705,2
112706,2
112707,3
112708,2
112709,3
112710,3
112711,2
112712,2
112713,2
112714,2
112715,2
112716,2
112717,2
112718,2
112719,3
112720,3
112721,2
112722,2
112723,0
112724,3
112725,2
112726,3
112727,0
112728,3
112729,3
112730,3
112731,2
112732,2
112733,2
112734,2
112735,2
112736,2
112737,2
112738,3
112739,2
112740,3
112741,3
112742,3
112743,3
112744,2
112745,0
112746,2
112747,2
112748,2
112749,2
112750,2
112751,2
112752,2
112753,2
112754,2
112755,2
112756,2
112757,2
112758,2
112759,3
112760,0
112761,2
112762,2
112763,2
112764,2
112765,2
112766,2
112767,1
112768,2
112769,2
112770,2
112771,2
112772,2
112773,2
112774,2
112775,2
112776,0
112777,0
112778,2
112779,2
112780,2
112781,2
112782,2
112783,2
112784,2
112785,2
112786,2
112787,2
112788,2
112789,2
112790,2
112791,2
112792,2
112793,2
112794,2
112795,2
112796,2
112797,2
112798,3
112799,2
112800,2
112801,0
112802,2
112803,2
112804,0
112805,2
112806,2
112807,2
112808,2
112809,2
112810,2
112811,2
112812,3
112813,2
112814,3
112815,3
112816,3
112817,2
112818,2
112819,3
112820,2
112821,2
112822,2
112823,2
112824,2
112825,2
112826,2
112827,2
112828,2
112829,2
112830,2
112831,2
112832,2
112833,2
112834,2
112835,2
112836,2
112837,2
112838,2
112839,2
112840,3
112841,3
112842,2
112843,2
112844,2
112845,2
112846,2
112847,2
112848,2
112849,2
112850,2
112851,2
112852,2
112853,2
112854,2
112855,3
112856,2
112857,2
112858,2
112859,2
112860,2
112861,2
112862,2
112863,2
112864,3
112865,2
112866,2
112867,2
112868,2
112869,2
112870,0
112871,2
112872,2
112873,2
112874,2
112875,2
112876,2
112877,3
112878,3
112879,2
112880,2
112881,2
112882,2
112883,2
112884,3
112885,2
112886,3
112887,2
112888,0
112889,2
112890,1
112891,2
112892,2
112893,2
112894,2
112895,2
112896,2
112897,2
112898,2
112899,0
112900,2
112901,2
112902,2
112903,2
112904,3
112905,3
112906,2
112907,2
112908,2
112909,3
112910,3
112911,3
112912,3
112913,3
112914,2
112915,3
112916,2
112917,2
112918,2
112919,0
112920,2
112921,2
112922,2
112923,2
112924,2
112925,2
112926,2
112927,2
112928,2
112929,2
112930,2
112931,2
112932,2
112933,2
112934,2
112935,2
112936,2
112937,2
112938,2
112939,2
112940,2
112941,0
112942,2
112943,2
112944,2
112945,2
112946,2
112947,2
112948,2
112949,2
112950,2
112951,2
112952,0
112953,0
112954,2
112955,0
112956,2
112957,0
112958,0
112959,0
112960,0
112961,0
112962,2
112963,2
112964,2
112965,2
112966,0
112967,2
112968,0
112969,0
112970,0
112971,0
112972,0
112973,0
112974,3
112975,2
112976,0
112977,2
112978,2
112979,2
112980,2
112981,3
112982,2
112983,3
112984,2
112985,2
112986,2
112987,2
112988,2
112989,0
112990,2
112991,2
112992,2
112993,2
112994,3
112995,3
112996,2
112997,3
112998,2
112999,2
113000,2
113001,2
113002,2
113003,2
113004,2
113005,2
113006,2
113007,2
113008,2
113009,2
113010,2
113011,2
113012,2
113013,3
113014,2
113015,3
113016,2
113017,2
113018,2
113019,2
113020,2
113021,2
113022,2
113023,3
113024,2
113025,2
113026,2
113027,2
113028,2
113029,2
113030,2
113031,2
113032,3
113033,2
113034,2
113035,2
113036,2
113037,2
113038,2
113039,2
113040,2
113041,2
113042,2
113043,3
113044,2
113045,2
113046,3
113047,2
113048,2
113049,2
113050,2
113051,2
113052,2
113053,2
113054,2
113055,2
113056,2
113057,2
113058,2
113059,2
113060,2
113061,2
113062,2
113063,2
113064,2
113065,2
113066,2
113067,2
113068,2
113069,2
113070,2
113071,2
113072,2
113073,2
113074,2
113075,2
113076,2
113077,2
113078,2
113079,2
113080,2
113081,2
113082,2
113083,2
113084,2
113085,2
113086,2
113087,2
113088,2
113089,2
113090,2
113091,2
113092,2
113093,3
113094,2
113095,2
113096,2
113097,2
113098,2
113099,2
113100,2
113101,2
113102,2
113103,2
113104,2
113105,2
113106,2
113107,2
113108,2
113109,2
113110,2
113111,2
113112,2
113113,2
113114,2
113115,2
113116,2
113117,2
113118,2
113119,2
113120,2
113121,2
113122,2
113123,2
113124,2
113125,2
113126,2
113127,2
113128,2
113129,2
113130,2
113131,0
113132,2
113133,2
113134,2
113135,2
113136,2
113137,2
113138,0
113139,2
113140,2
113141,2
113142,2
113143,2
113144,2
113145,2
113146,2
113147,3
113148,2
113149,2
113150,2
113151,2
113152,2
113153,2
113154,2
113155,3
113156,2
113157,2
113158,2
113159,2
113160,2
113161,3
113162,2
113163,2
113164,2
113165,2
113166,2
113167,2
113168,2
113169,2
113170,2
113171,2
113172,2
113173,2
113174,3
113175,2
113176,2
113177,3
113178,2
113179,2
113180,2
113181,2
113182,2
113183,2
113184,2
113185,2
113186,2
113187,3
113188,2
113189,2
113190,2
113191,2
113192,3
113193,2
113194,2
113195,2
113196,2
113197,2
113198,2
113199,2
113200,2
113201,2
113202,2
113203,2
113204,2
113205,2
113206,2
113207,2
113208,2
113209,2
113210,2
113211,2
113212,2
113213,2
113214,2
113215,2
113216,2
113217,2
113218,2
113219,2
113220,2
113221,2
113222,2
113223,2
113224,2
113225,2
113226,2
113227,2
113228,2
113229,2
113230,2
113231,2
113232,2
113233,2
113234,2
113235,2
113236,2
113237,3
113238,2
113239,2
113240,2
113241,2
113242,2
113243,2
113244,2
113245,0
113246,0
113247,2
113248,2
113249,2
113250,2
113251,0
113252,0
113253,0
113254,2
113255,2
113256,2
113257,2
113258,2
113259,2
113260,2
113261,2
113262,2
113263,2
113264,2
113265,2
113266,2
113267,2
113268,2
113269,2
113270,2
113271,2
113272,2
113273,2
113274,2
113275,2
113276,2
113277,2
113278,2
113279,2
113280,2
113281,2
113282,2
113283,2
113284,2
113285,5
113286,5
113287,5
113288,3
113289,2
113290,3
113291,3
113292,1
113293,3
113294,3
113295,1
113296,2
113297,1
113298,3
113299,3
113300,0
113301,0
113302,3
113303,2
113304,3
113305,3
113306,3
113307,3
113308,0
113309,3
113310,0
113311,3
113312,3
113313,3
113314,3
113315,3
113316,3
113317,3
113318,3
113319,3
113320,3
113321,3
113322,1
113323,3
113324,3
113325,3
113326,0
113327,3
113328,3
113329,1
113330,3
113331,3
113332,3
113333,3
113334,3
113335,3
113336,3
113337,1
113338,3
113339,3
113340,3
113341,3
113342,1
113343,3
113344,3
113345,3
113346,3
113347,3
113348,3
113349,3
113350,3
113351,1
113352,2
113353,3
113354,3
113355,2
113356,3
113357,3
113358,3
113359,1
113360,3
113361,3
113362,1
113363,1
113364,3
113365,3
113366,3
113367,3
113368,3
113369,3
113370,3
113371,3
113372,3
113373,3
113374,2
113375,3
113376,3
113377,3
113378,3
113379,3
113380,3
113381,3
113382,1
113383,1
113384,3
113385,3
113386,3
113387,3
113388,3
113389,3
113390,3
113391,3
113392,3
113393,3
113394,3
113395,3
113396,3
113397,3
113398,3
113399,3
113400,3
113401,1
113402,3
113403,3
113404,3
113405,3
113406,0
113407,1
113408,3
113409,3
113410,3
113411,3
113412,1
113413,1
113414,1
113415,3
113416,3
113417,1
113418,3
113419,3
113420,3
113421,3
113422,3
113423,3
113424,3
113425,3
113426,3
113427,1
113428,3
113429,3
113430,1
113431,3
113432,3
113433,1
113434,3
113435,3
113436,3
113437,3
113438,3
113439,3
113440,3
113441,3
113442,3
113443,3
113444,1
113445,2
113446,3
113447,3
113448,2
113449,3
113450,3
113451,3
113452,2
113453,3
113454,3
113455,3
113456,3
113457,3
113458,2
113459,3
113460,3
113461,3
113462,3
113463,3
113464,3
113465,3
113466,3
113467,3
113468,3
113469,3
113470,3
113471,1
113472,1
113473,1
113474,3
113475,3
113476,3
113477,3
113478,3
113479,3
113480,3
113481,2
113482,2
113483,3
113484,3
113485,3
113486,3
113487,3
113488,3
113489,2
113490,3
113491,2
113492,3
113493,3
113494,0
113495,0
113496,0
113497,2
113498,0
113499,3
113500,3
113501,0
113502,3
113503,3
113504,3
113505,1
113506,1
113507,0
113508,0
113509,0
113510,2
113511,0
113512,3
113513,3
113514,3
113515,0
113516,0
113517,0
113518,0
113519,0
113520,0
113521,0
113522,0
113523,0
113524,0
113525,0
113526,0
113527,2
113528,0
113529,0
113530,0
113531,0
113532,0
113533,0
113534,0
113535,3
113536,3
113537,3
113538,3
113539,3
113540,2
113541,1
113542,1
113543,0
113544,1
113545,1
113546,1
113547,1
113548,3
113549,3
113550,3
113551,3
113552,3
113553,0
113554,0
113555,0
113556,0
113557,0
113558,0
113559,2
113560,0
113561,0
113562,0
113563,0
113564,3
113565,3
113566,0
113567,0
113568,3
113569,3
113570,3
113571,3
113572,1
113573,2
113574,2
113575,3
113576,2
113577,2
113578,2
113579,2
113580,2
113581,2
113582,1
113583,2
113584,2
113585,3
113586,3
113587,3
113588,2
113589,2
113590,1
113591,1
113592,2
113593,2
113594,2
113595,0
113596,0
113597,3
113598,0
113599,0
113600,0
113601,3
113602,3
113603,2
113604,3
113605,0
113606,3
113607,3
113608,2
113609,3
113610,3
113611,3
113612,2
113613,3
113614,2
113615,2
113616,3
113617,0
113618,3
113619,3
113620,1
113621,1
113622,1
113623,1
113624,1
113625,0
113626,0
113627,0
113628,2
113629,3
113630,0
113631,1
113632,1
113633,0
113634,0
113635,0
113636,0
113637,0
113638,0
113639,0
113640,0
113641,0
113642,0
113643,0
113644,0
113645,0
113646,0
113647,0
113648,0
113649,0
113650,0
113651,0
113652,0
113653,0
113654,0
113655,0
113656,0
113657,0
113658,0
113659,0
113660,0
113661,0
113662,0
113663,0
113664,0
113665,0
113666,0
113667,3
113668,2
113669,3
113670,3
113671,3
113672,1
113673,1
113674,3
113675,3
113676,3
113677,3
113678,3
113679,3
113680,3
113681,0
113682,3
113683,3
113684,3
113685,3
113686,3
113687,3
113688,3
113689,3
113690,3
113691,3
113692,1
113693,1
113694,1
113695,1
113696,1
113697,1
113698,1
113699,1
113700,1
113701,1
113702,1
113703,1
113704,1
113705,3
113706,1
113707,0
113708,1
113709,3
113710,3
113711,3
113712,3
113713,1
113714,1
113715,1
113716,1
113717,1
113718,1
113719,1
113720,3
113721,1
113722,1
113723,0
113724,1
113725,1
113726,1
113727,1
113728,0
113729,0
113730,0
113731,1
113732,3
113733,3
113734,3
113735,3
113736,0
113737,0
113738,1
113739,1
113740,1
113741,3
113742,3
113743,3
113744,3
113745,3
113746,3
113747,3
113748,3
113749,3
113750,3
113751,3
113752,3
113753,3
113754,3
113755,3
113756,3
113757,3
113758,3
113759,3
113760,3
113761,3
113762,3
113763,3
113764,3
113765,3
113766,3
113767,2
113768,3
113769,3
113770,3
113771,3
113772,3
113773,3
113774,3
113775,3
113776,3
113777,3
113778,3
113779,1
113780,1
113781,3
113782,3
113783,3
113784,3
113785,0
113786,1
113787,1
113788,1
113789,0
113790,3
113791,1
113792,3
113793,0
113794,3
113795,3
113796,3
113797,0
113798,0
113799,0
113800,3
113801,3
113802,0
113803,0
113804,0
113805,0
113806,0
113807,0
113808,0
113809,0
113810,1
113811,0
113812,1
113813,0
113814,0
113815,0
113816,2
113817,3
113818,0
113819,3
113820,2
113821,2
113822,2
113823,2
113824,2
113825,2
113826,3
113827,1
113828,2
113829,0
113830,1
113831,0
113832,0
113833,1
113834,2
113835,2
113836,1
113837,0
113838,1
113839,0
113840,1
113841,2
113842,3
113843,3
113844,3
113845,3
113846,3
113847,3
113848,3
113849,3
113850,3
113851,3
113852,3
113853,0
113854,3
113855,3
113856,3
113857,3
113858,3
113859,2
113860,3
113861,2
113862,2
113863,1
113864,1
113865,1
113866,1
113867,0
113868,1
113869,0
113870,0
113871,0
113872,0
113873,0
113874,1
113875,1
113876,1
113877,1
113878,3
113879,3
113880,3
113881,3
113882,3
113883,3
113884,3
113885,3
113886,1
113887,1
113888,1
113889,3
113890,1
113891,3
113892,1
113893,1
113894,0
113895,0
113896,0
113897,0
113898,2
113899,1
113900,3
113901,3
113902,3
113903,1
113904,1
113905,3
113906,0
113907,0
113908,0
113909,0
113910,0
113911,2
113912,0
113913,0
113914,3
113915,0
113916,0
113917,2
113918,0
113919,0
113920,0
113921,1
113922,3
113923,3
113924,2
113925,1
113926,0
113927,0
113928,0
113929,0
113930,0
113931,0
113932,0
113933,0
113934,0
113935,0
113936,0
113937,0
113938,2
113939,2
113940,2
113941,2
113942,2
113943,2
113944,2
113945,2
113946,2
113947,3
113948,3
113949,2
113950,1
113951,2
113952,2
113953,3
113954,2
113955,1
113956,2
113957,1
113958,3
113959,3
113960,3
113961,3
113962,3
113963,3
113964,3
113965,3
113966,3
113967,3
113968,3
113969,3
113970,3
113971,3
113972,3
113973,3
113974,3
113975,3
113976,3
113977,3
113978,3
113979,1
113980,1
113981,3
113982,3
113983,3
113984,3
113985,3
113986,3
113987,3
113988,2
113989,3
113990,2
113991,2
113992,3
113993,3
113994,2
113995,3
113996,2
113997,0
113998,2
113999,2
114000,2
114001,2
114002,2
114003,2
114004,2
114005,2
114006,2
114007,2
114008,2
114009,2
114010,2
114011,2
114012,2
114013,2
114014,2
114015,2
114016,2
114017,2
114018,2
114019,2
114020,2
114021,2
114022,2
114023,2
114024,2
114025,2
114026,2
114027,2
114028,2
114029,2
114030,2
114031,2
114032,2
114033,2
114034,2
114035,2
114036,2
114037,2
114038,2
114039,2
114040,2
114041,3
114042,2
114043,2
114044,2
114045,2
114046,2
114047,2
114048,2
114049,2
114050,2
114051,2
114052,2
114053,2
114054,2
114055,2
114056,2
114057,2
114058,2
114059,2
114060,2
114061,3
114062,2
114063,2
114064,2
114065,2
114066,2
114067,2
114068,2
114069,2
114070,2
114071,2
114072,2
114073,2
114074,2
114075,2
114076,2
114077,2
114078,2
114079,2
114080,2
114081,2
114082,2
114083,2
114084,2
114085,2
114086,2
114087,2
114088,2
114089,2
114090,2
114091,2
114092,3
114093,3
114094,2
114095,3
114096,2
114097,2
114098,2
114099,2
114100,2
114101,2
114102,2
114103,2
114104,2
114105,2
114106,2
114107,3
114108,3
114109,1
114110,3
114111,3
114112,2
114113,3
114114,2
114115,2
114116,3
114117,3
114118,2
114119,2
114120,3
114121,3
114122,3
114123,3
114124,3
114125,3
114126,2
114127,3
114128,2
114129,3
114130,2
114131,2
114132,2
114133,2
114134,0
114135,2
114136,2
114137,3
114138,3
114139,3
114140,3
114141,2
114142,3
114143,0
114144,3
114145,2
114146,3
114147,3
114148,2
114149,2
114150,3
114151,3
114152,3
114153,3
114154,3
114155,3
114156,3
114157,3
114158,3
114159,2
114160,3
114161,3
114162,3
114163,3
114164,3
114165,2
114166,3
114167,2
114168,3
114169,0
114170,2
114171,2
114172,2
114173,2
114174,2
114175,2
114176,2
114177,2
114178,2
114179,2
114180,3
114181,2
114182,2
114183,3
114184,2
114185,2
114186,3
114187,3
114188,2
114189,2
114190,2
114191,3
114192,3
114193,2
114194,3
114195,2
114196,2
114197,2
114198,1
114199,2
114200,3
114201,3
114202,2
114203,2
114204,2
114205,3
114206,1
114207,3
114208,2
114209,1
114210,1
114211,2
114212,1
114213,1
114214,0
114215,0
114216,0
114217,3
114218,0
114219,0
114220,3
114221,0
114222,0
114223,0
114224,2
114225,3
114226,0
114227,0
114228,0
114229,0
114230,2
114231,2
114232,2
114233,3
114234,2
114235,3
114236,3
114237,0
114238,2
114239,0
114240,3
114241,2
114242,3
114243,3
114244,2
114245,2
114246,2
114247,2
114248,2
114249,3
114250,3
114251,3
114252,2
114253,2
114254,2
114255,2
114256,3
114257,2
114258,2
114259,2
114260,2
114261,2
114262,2
114263,2
114264,3
114265,2
114266,3
114267,2
114268,2
114269,2
114270,2
114271,2
114272,2
114273,3
114274,2
114275,3
114276,3
114277,2
114278,2
114279,2
114280,2
114281,2
114282,3
114283,2
114284,2
114285,2
114286,2
114287,2
114288,2
114289,2
114290,2
114291,2
114292,2
114293,2
114294,2
114295,2
114296,2
114297,2
114298,2
114299,2
114300,0
114301,2
114302,2
114303,3
114304,3
114305,0
114306,0
114307,2
114308,2
114309,2
114310,2
114311,2
114312,2
114313,3
114314,2
114315,2
114316,2
114317,2
114318,2
114319,2
114320,2
114321,3
114322,2
114323,2
114324,2
114325,3
114326,3
114327,2
114328,2
114329,2
114330,2
114331,2
114332,2
114333,2
114334,2
114335,2
114336,2
114337,2
114338,2
114339,3
114340,2
114341,2
114342,2
114343,2
114344,2
114345,2
114346,2
114347,2
114348,2
114349,2
114350,2
114351,3
114352,2
114353,2
114354,2
114355,2
114356,3
114357,3
114358,2
114359,2
114360,3
114361,2
114362,2
114363,3
114364,3
114365,2
114366,2
114367,3
114368,2
114369,2
114370,2
114371,2
114372,2
114373,3
114374,3
114375,2
114376,2
114377,0
114378,3
114379,3
114380,2
114381,2
114382,2
114383,2
114384,2
114385,0
114386,2
114387,2
114388,2
114389,3
114390,0
114391,2
114392,2
114393,2
114394,2
114395,1
114396,3
114397,3
114398,3
114399,3
114400,2
114401,2
114402,2
114403,2
114404,2
114405,2
114406,3
114407,3
114408,1
114409,2
114410,2
114411,2
114412,2
114413,2
114414,2
114415,2
114416,2
114417,2
114418,2
114419,3
114420,2
114421,3
114422,2
114423,2
114424,2
114425,2
114426,2
114427,2
114428,2
114429,2
114430,2
114431,2
114432,2
114433,2
114434,2
114435,2
114436,2
114437,2
114438,2
114439,2
114440,2
114441,2
114442,2
114443,2
114444,2
114445,3
114446,3
114447,2
114448,2
114449,3
114450,3
114451,0
114452,3
114453,3
114454,2
114455,2
114456,3
114457,2
114458,2
114459,0
114460,2
114461,2
114462,3
114463,0
114464,2
114465,3
114466,2
114467,2
114468,2
114469,2
114470,3
114471,2
114472,2
114473,2
114474,2
114475,2
114476,3
114477,2
114478,3
114479,3
114480,2
114481,2
114482,2
114483,3
114484,2
114485,2
114486,2
114487,2
114488,3
114489,3
114490,3
114491,2
114492,3
114493,3
114494,2
114495,3
114496,3
114497,3
114498,0
114499,4
114500,2
114501,4
114502,3
114503,3
114504,3
114505,3
114506,3
114507,3
114508,3
114509,3
114510,3
114511,2
114512,2
114513,3
114514,3
114515,3
114516,1
114517,1
114518,1
114519,1
114520,3
114521,1
114522,1
114523,1
114524,1
114525,1
114526,1
114527,1
114528,3
114529,3
114530,1
114531,1
114532,2
114533,1
114534,3
114535,1
114536,5
114537,3
114538,1
114539,1
114540,1
114541,3
114542,3
114543,1
114544,3
114545,3
114546,3
114547,3
114548,3
114549,3
114550,3
114551,3
114552,3
114553,3
114554,3
114555,1
114556,1
114557,3
114558,1
114559,3
114560,3
114561,1
114562,1
114563,3
114564,3
114565,1
114566,1
114567,1
114568,1
114569,3
114570,3
114571,3
114572,1
114573,2
114574,1
114575,1
114576,1
114577,3
114578,1
114579,1
114580,1
114581,1
114582,1
114583,1
114584,1
114585,2
114586,2
114587,3
114588,2
114589,3
114590,1
114591,1
114592,3
114593,1
114594,1
114595,3
114596,3
114597,2
114598,3
114599,1
114600,1
114601,2
114602,3
114603,3
114604,3
114605,3
114606,3
114607,1
114608,2
114609,3
114610,3
114611,3
114612,3
114613,3
114614,3
114615,2
114616,3
114617,3
114618,2
114619,2
114620,2
114621,0
114622,2
114623,2
114624,2
114625,3
114626,2
114627,2
114628,3
114629,2
114630,2
114631,2
114632,2
114633,0
114634,2
114635,3
114636,2
114637,2
114638,2
114639,2
114640,2
114641,2
114642,2
114643,2
114644,2
114645,2
114646,2
114647,2
114648,3
114649,2
114650,2
114651,2
114652,2
114653,2
114654,2
114655,2
114656,2
114657,2
114658,3
114659,3
114660,4
114661,2
114662,2
114663,2
114664,2
114665,2
114666,2
114667,2
114668,2
114669,3
114670,3
114671,3
114672,2
114673,2
114674,2
114675,4
114676,3
114677,1
114678,3
114679,2
114680,2
114681,2
114682,2
114683,2
114684,2
114685,2
114686,2
114687,2
114688,3
114689,2
114690,2
114691,2
114692,2
114693,2
114694,2
114695,2
114696,2
114697,1
114698,2
114699,0
114700,3
114701,4
114702,3
114703,1
114704,2
114705,2
114706,2
114707,3
114708,2
114709,2
114710,2
114711,2
114712,2
114713,2
114714,2
114715,2
114716,3
114717,2
114718,3
114719,2
114720,2
114721,2
114722,2
114723,2
114724,2
114725,2
114726,2
114727,2
114728,2
114729,2
114730,2
114731,2
114732,2
114733,2
114734,2
114735,2
114736,3
114737,2
114738,2
114739,4
114740,3
114741,4
114742,2
114743,3
114744,2
114745,3
114746,3
114747,2
114748,2
114749,3
114750,2
114751,2
114752,3
114753,2
114754,1
114755,2
114756,2
114757,2
114758,3
114759,2
114760,2
114761,3
114762,2
114763,1
114764,4
114765,1
114766,2
114767,2
114768,2
114769,2
114770,2
114771,2
114772,2
114773,2
114774,2
114775,2
114776,2
114777,2
114778,2
114779,2
114780,2
114781,2
114782,2
114783,2
114784,2
114785,2
114786,2
114787,2
114788,2
114789,2
114790,2
114791,2
114792,2
114793,2
114794,2
114795,3
114796,2
114797,3
114798,4
114799,3
114800,2
114801,3
114802,3
114803,2
114804,2
114805,2
114806,2
114807,2
114808,1
114809,4
114810,2
114811,2
114812,2
114813,2
114814,2
114815,3
114816,2
114817,3
114818,3
114819,2
114820,2
114821,3
114822,3
114823,3
114824,2
114825,2
114826,2
114827,2
114828,2
114829,2
114830,2
114831,2
114832,2
114833,2
114834,0
114835,2
114836,2
114837,2
114838,2
114839,2
114840,2
114841,3
114842,2
114843,3
114844,3
114845,3
114846,3
114847,3
114848,3
114849,2
114850,3
114851,3
114852,2
114853,3
114854,1
114855,2
114856,3
114857,2
114858,2
114859,2
114860,2
114861,2
114862,2
114863,2
114864,2
114865,3
114866,3
114867,3
114868,3
114869,3
114870,4
114871,3
114872,2
114873,3
114874,3
114875,3
114876,3
114877,3
114878,3
114879,2
114880,2
114881,3
114882,1
114883,2
114884,2
114885,3
114886,3
114887,3
114888,3
114889,3
114890,3
114891,3
114892,3
114893,2
114894,2
114895,2
114896,3
114897,3
114898,0
114899,3
114900,3
114901,3
114902,3
114903,3
114904,3
114905,3
114906,3
114907,3
114908,2
114909,3
114910,3
114911,0
114912,3
114913,3
114914,3
114915,3
114916,3
114917,2
114918,3
114919,3
114920,2
114921,3
114922,3
114923,3
114924,2
114925,2
114926,2
114927,2
114928,2
114929,2
114930,2
114931,2
114932,2
114933,2
114934,2
114935,2
114936,2
114937,2
114938,2
114939,2
114940,3
114941,2
114942,2
114943,2
114944,2
114945,2
114946,2
114947,2
114948,2
114949,2
114950,2
114951,2
114952,2
114953,0
114954,2
114955,2
114956,2
114957,2
114958,2
114959,3
114960,2
114961,2
114962,2
114963,0
114964,0
114965,2
114966,2
114967,2
114968,2
114969,2
114970,2
114971,2
114972,2
114973,2
114974,2
114975,2
114976,2
114977,2
114978,2
114979,2
114980,2
114981,2
114982,2
114983,2
114984,2
114985,2
114986,2
114987,2
114988,2
114989,2
114990,2
114991,2
114992,2
114993,2
114994,2
114995,2
114996,2
114997,2
114998,0
114999,0
115000,3
115001,2
115002,2
115003,2
115004,3
115005,0
115006,2
115007,0
115008,0
115009,2
115010,2
115011,2
115012,2
115013,2
115014,2
115015,2
115016,2
115017,2
115018,2
115019,2
115020,2
115021,2
115022,2
115023,2
115024,2
115025,2
115026,2
115027,2
115028,2
115029,0
115030,2
115031,2
115032,2
115033,3
115034,2
115035,2
115036,2
115037,2
115038,2
115039,2
115040,2
115041,2
115042,2
115043,2
115044,0
115045,2
115046,2
115047,3
115048,2
115049,3
115050,2
115051,3
115052,3
115053,3
115054,3
115055,2
115056,3
115057,2
115058,0
115059,2
115060,2
115061,2
115062,2
115063,2
115064,3
115065,0
115066,0
115067,0
115068,0
115069,2
115070,3
115071,3
115072,3
115073,3
115074,3
115075,2
115076,3
115077,2
115078,1
115079,3
115080,2
115081,2
115082,2
115083,3
115084,3
115085,3
115086,2
115087,2
115088,2
115089,3
115090,3
115091,3
115092,2
115093,2
115094,2
115095,2
115096,2
115097,2
115098,0
115099,2
115100,2
115101,2
115102,2
115103,3
115104,3
115105,2
115106,2
115107,2
115108,3
115109,3
115110,0
115111,2
115112,2
115113,3
115114,3
115115,3
115116,3
115117,2
115118,2
115119,3
115120,3
115121,2
115122,3
115123,3
115124,2
115125,2
115126,3
115127,2
115128,3
115129,2
115130,2
115131,3
115132,3
115133,3
115134,2
115135,2
115136,3
115137,3
115138,2
115139,3
115140,1
115141,1
115142,1
115143,3
115144,2
115145,3
115146,3
115147,2
115148,3
115149,2
115150,0
115151,3
115152,0
115153,3
115154,3
115155,3
115156,2
115157,3
115158,2
115159,3
115160,2
115161,3
115162,2
115163,3
115164,2
115165,2
115166,2
115167,2
115168,2
115169,2
115170,2
115171,2
115172,2
115173,0
115174,2
115175,2
115176,2
115177,3
115178,2
115179,2
115180,2
115181,2
115182,3
115183,2
115184,2
115185,2
115186,2
115187,2
115188,2
115189,2
115190,2
115191,2
115192,2
115193,2
115194,2
115195,2
115196,2
115197,2
115198,2
115199,2
115200,2
115201,2
115202,2
115203,2
115204,2
115205,2
115206,2
115207,2
115208,2
115209,2
115210,2
115211,2
115212,2
115213,2
115214,2
115215,2
115216,2
115217,3
115218,2
115219,2
115220,2
115221,2
115222,2
115223,2
115224,2
115225,2
115226,2
115227,3
115228,2
115229,2
115230,2
115231,2
115232,2
115233,2
115234,2
115235,2
115236,2
115237,2
115238,2
115239,2
115240,2
115241,2
115242,2
115243,2
115244,2
115245,3
115246,3
115247,3
115248,2
115249,2
115250,2
115251,0
115252,3
115253,3
115254,3
115255,2
115256,0
115257,0
115258,0
115259,2
115260,2
115261,2
115262,2
115263,2
115264,2
115265,2
115266,2
115267,2
115268,2
115269,3
115270,2
115271,2
115272,2
115273,2
115274,2
115275,3
115276,3
115277,2
115278,0
115279,2
115280,3
115281,3
115282,2
115283,3
115284,3
115285,2
115286,2
115287,3
115288,3
115289,3
115290,2
115291,2
115292,3
115293,2
115294,3
115295,3
115296,3
115297,2
115298,3
115299,3
115300,3
115301,3
115302,3
115303,3
115304,3
115305,0
115306,3
115307,3
115308,3
115309,3
115310,3
115311,3
115312,3
115313,2
115314,2
115315,3
115316,3
115317,3
115318,3
115319,3
115320,3
115321,3
115322,3
115323,3
115324,3
115325,3
115326,3
115327,3
115328,2
115329,3
115330,2
115331,0
115332,3
115333,3
115334,3
115335,3
115336,3
115337,3
115338,3
115339,3
115340,2
115341,3
115342,1
115343,2
115344,3
115345,0
115346,3
115347,3
115348,2
115349,0
115350,0
115351,3
115352,2
115353,2
115354,0
115355,3
115356,2
115357,2
115358,2
115359,3
115360,2
115361,3
115362,3
115363,2
115364,3
115365,2
115366,2
115367,2
115368,0
115369,3
115370,0
115371,3
115372,3
115373,2
115374,2
115375,3
115376,0
115377,3
115378,0
115379,0
115380,3
115381,3
115382,3
115383,3
115384,3
115385,3
115386,3
115387,3
115388,2
115389,3
115390,2
115391,2
115392,2
115393,2
115394,2
115395,2
115396,2
115397,2
115398,3
115399,2
115400,2
115401,2
115402,3
115403,2
115404,3
115405,1
115406,3
115407,2
115408,3
115409,2
115410,3
115411,2
115412,2
115413,2
115414,2
115415,2
115416,2
115417,2
115418,3
115419,2
115420,2
115421,2
115422,2
115423,2
115424,2
115425,2
115426,2
115427,2
115428,2
115429,3
115430,3
115431,2
115432,2
115433,2
115434,2
115435,3
115436,2
115437,2
115438,2
115439,2
115440,2
115441,2
115442,2
115443,2
115444,2
115445,2
115446,2
115447,2
115448,2
115449,2
115450,2
115451,3
115452,3
115453,2
115454,3
115455,3
115456,2
115457,3
115458,2
115459,2
115460,2
115461,2
115462,2
115463,2
115464,3
115465,2
115466,2
115467,3
115468,3
115469,2
115470,2
115471,3
115472,2
115473,2
115474,3
115475,2
115476,2
115477,2
115478,2
115479,2
115480,3
115481,3
115482,3
115483,3
115484,3
115485,3
115486,0
115487,2
115488,2
115489,3
115490,3
115491,2
115492,3
115493,3
115494,3
115495,2
115496,2
115497,2
115498,2
115499,2
115500,0
115501,2
115502,2
115503,2
115504,1
115505,2
115506,2
115507,3
115508,3
115509,3
115510,3
115511,3
115512,3
115513,3
115514,2
115515,2
115516,3
115517,0
115518,2
115519,2
115520,2
115521,3
115522,3
115523,3
115524,3
115525,3
115526,3
115527,3
115528,3
115529,3
115530,3
115531,3
115532,3
115533,3
115534,2
115535,3
115536,0
115537,3
115538,2
115539,2
115540,3
115541,3
115542,3
115543,3
115544,3
115545,3
115546,3
115547,3
115548,3
115549,3
115550,3
115551,3
115552,3
115553,3
115554,3
115555,2
115556,3
115557,2
115558,3
115559,2
115560,2
115561,3
115562,1
115563,3
115564,3
115565,3
115566,2
115567,2
115568,2
115569,2
115570,2
115571,2
115572,2
115573,2
115574,2
115575,2
115576,2
115577,2
115578,2
115579,2
115580,2
115581,3
115582,2
115583,2
115584,2
115585,2
115586,3
115587,2
115588,2
115589,2
115590,2
115591,3
115592,2
115593,2
115594,3
115595,3
115596,2
115597,3
115598,3
115599,3
115600,3
115601,3
115602,1
115603,3
115604,3
115605,3
115606,3
115607,3
115608,2
115609,3
115610,3
115611,2
115612,3
115613,3
115614,3
115615,0
115616,0
115617,3
115618,2
115619,2
115620,3
115621,3
115622,3
115623,3
115624,1
115625,0
115626,3
115627,2
115628,3
115629,3
115630,3
115631,2
115632,3
115633,3
115634,3
115635,3
115636,0
115637,2
115638,3
115639,3
115640,0
115641,3
115642,0
115643,2
115644,3
115645,1
115646,3
115647,2
115648,2
115649,2
115650,3
115651,2
115652,2
115653,2
115654,2
115655,2
115656,3
115657,3
115658,3
115659,2
115660,1
115661,0
115662,1
115663,1
115664,1
115665,2
115666,2
115667,0
115668,1
115669,2
115670,3
115671,2
115672,3
115673,2
115674,0
115675,0
115676,0
115677,2
115678,2
115679,2
115680,2
115681,2
115682,3
115683,2
115684,2
115685,3
115686,2
115687,2
115688,2
115689,3
115690,2
115691,2
115692,0
115693,2
115694,2
115695,2
115696,2
115697,2
115698,2
115699,2
115700,2
115701,2
115702,2
115703,2
115704,2
115705,2
115706,2
115707,2
115708,2
115709,3
115710,2
115711,2
115712,3
115713,2
115714,2
115715,2
115716,2
115717,2
115718,2
115719,2
115720,2
115721,2
115722,2
115723,2
115724,0
115725,0
115726,2
115727,2
115728,2
115729,2
115730,2
115731,2
115732,2
115733,2
115734,3
115735,2
115736,3
115737,2
115738,2
115739,2
115740,3
115741,3
115742,0
115743,2
115744,2
115745,2
115746,2
115747,2
115748,2
115749,2
115750,2
115751,2
115752,2
115753,3
115754,2
115755,2
115756,2
115757,2
115758,2
115759,2
115760,2
115761,2
115762,2
115763,2
115764,2
115765,2
115766,2
115767,2
115768,2
115769,2
115770,2
115771,2
115772,2
115773,2
115774,2
115775,2
115776,2
115777,2
115778,2
115779,2
115780,2
115781,2
115782,2
115783,2
115784,2
115785,2
115786,2
115787,2
115788,2
115789,2
115790,2
115791,2
115792,2
115793,2
115794,2
115795,2
115796,2
115797,2
115798,2
115799,2
115800,2
115801,2
115802,2
115803,2
115804,2
115805,2
115806,2
115807,2
115808,2
115809,2
115810,2
115811,2
115812,2
115813,2
115814,2
115815,2
115816,2
115817,2
115818,2
115819,2
115820,2
115821,2
115822,2
115823,2
115824,2
115825,2
115826,2
115827,2
115828,2
115829,3
115830,3
115831,2
115832,3
115833,2
115834,2
115835,2
115836,3
115837,2
115838,3
115839,3
115840,2
115841,3
115842,2
115843,2
115844,2
115845,2
115846,3
115847,3
115848,2
115849,2
115850,2
115851,3
115852,3
115853,3
115854,3
115855,3
115856,2
115857,3
115858,3
115859,2
115860,2
115861,3
115862,2
115863,3
115864,3
115865,1
115866,3
115867,2
115868,2
115869,2
115870,2
115871,2
115872,0
115873,3
115874,3
115875,3
115876,1
115877,2
115878,0
115879,0
115880,0
115881,3
115882,0
115883,0
115884,0
115885,3
115886,3
115887,2
115888,3
115889,0
115890,2
115891,2
115892,2
115893,2
115894,2
115895,2
115896,2
115897,2
115898,2
115899,2
115900,2
115901,2
115902,2
115903,2
115904,0
115905,2
115906,2
115907,2
115908,2
115909,2
115910,2
115911,2
115912,2
115913,2
115914,2
115915,2
115916,2
115917,3
115918,2
115919,2
115920,2
115921,2
115922,2
115923,3
115924,2
115925,2
115926,2
115927,2
115928,2
115929,2
115930,2
115931,2
115932,2
115933,2
115934,2
115935,2
115936,2
115937,2
115938,2
115939,2
115940,2
115941,2
115942,2
115943,2
115944,2
115945,2
115946,2
115947,2
115948,2
115949,2
115950,2
115951,2
115952,2
115953,2
115954,2
115955,2
115956,2
115957,2
115958,2
115959,2
115960,2
115961,2
115962,2
115963,2
115964,0
115965,2
115966,2
115967,2
115968,2
115969,2
115970,2
115971,2
115972,2
115973,2
115974,3
115975,2
115976,2
115977,2
115978,3
115979,2
115980,2
115981,2
115982,2
115983,2
115984,2
115985,2
115986,3
115987,2
115988,2
115989,2
115990,2
115991,3
115992,2
115993,3
115994,2
115995,2
115996,2
115997,2
115998,2
115999,2
116000,2
116001,2
116002,2
116003,2
116004,2
116005,2
116006,2
116007,2
116008,2
116009,2
116010,2
116011,2
116012,2
116013,2
116014,2
116015,2
116016,2
116017,2
116018,2
116019,2
116020,2
116021,2
116022,3
116023,2
116024,2
116025,2
116026,3
116027,3
116028,3
116029,2
116030,2
116031,2
116032,3
116033,3
116034,3
116035,3
116036,3
116037,2
116038,2
116039,2
116040,2
116041,2
116042,3
116043,2
116044,2
116045,2
116046,2
116047,3
116048,2
116049,2
116050,2
116051,2
116052,2
116053,2
116054,2
116055,2
116056,2
116057,3
116058,2
116059,2
116060,2
116061,2
116062,2
116063,2
116064,2
116065,2
116066,2
116067,2
116068,0
116069,2
116070,3
116071,2
116072,3
116073,2
116074,2
116075,2
116076,2
116077,2
116078,2
116079,0
116080,2
116081,0
116082,2
116083,2
116084,2
116085,3
116086,2
116087,2
116088,2
116089,2
116090,3
116091,2
116092,3
116093,2
116094,2
116095,2
116096,2
116097,2
116098,2
116099,2
116100,2
116101,3
116102,2
116103,2
116104,2
116105,2
116106,2
116107,2
116108,2
116109,2
116110,2
116111,2
116112,2
116113,2
116114,2
116115,2
116116,2
116117,2
116118,3
116119,2
116120,0
116121,2
116122,2
116123,2
116124,2
116125,2
116126,2
116127,2
116128,2
116129,2
116130,2
116131,2
116132,2
116133,2
116134,2
116135,2
116136,2
116137,2
116138,2
116139,2
116140,2
116141,2
116142,2
116143,2
116144,2
116145,2
116146,2
116147,2
116148,2
116149,2
116150,2
116151,2
116152,2
116153,2
116154,2
116155,2
116156,2
116157,2
116158,2
116159,2
116160,2
116161,2
116162,2
116163,2
116164,2
116165,2
116166,2
116167,2
116168,2
116169,2
116170,2
116171,2
116172,2
116173,0
116174,3
116175,2
116176,2
116177,2
116178,2
116179,2
116180,2
116181,2
116182,2
116183,2
116184,3
116185,2
116186,2
116187,2
116188,3
116189,0
116190,3
116191,3
116192,3
116193,2
116194,2
116195,2
116196,2
116197,2
116198,2
116199,2
116200,2
116201,2
116202,2
116203,2
116204,2
116205,2
116206,2
116207,2
116208,2
116209,2
116210,2
116211,2
116212,2
116213,2
116214,3
116215,2
116216,0
116217,0
116218,2
116219,2
116220,2
116221,2
116222,2
116223,2
116224,2
116225,2
116226,2
116227,2
116228,2
116229,2
116230,2
116231,2
116232,2
116233,2
116234,3
116235,2
116236,2
116237,2
116238,2
116239,2
116240,2
116241,2
116242,2
116243,2
116244,2
116245,2
116246,2
116247,2
116248,2
116249,2
116250,2
116251,2
116252,2
116253,2
116254,2
116255,2
116256,2
116257,2
116258,2
116259,2
116260,2
116261,2
116262,2
116263,2
116264,2
116265,2
116266,2
116267,2
116268,2
116269,2
116270,2
116271,2
116272,2
116273,2
116274,2
116275,2
116276,3
116277,2
116278,2
116279,2
116280,2
116281,2
116282,2
116283,2
116284,2
116285,2
116286,3
116287,2
116288,2
116289,2
116290,2
116291,2
116292,2
116293,2
116294,2
116295,2
116296,2
116297,2
116298,2
116299,2
116300,2
116301,2
116302,2
116303,2
116304,2
116305,2
116306,2
116307,2
116308,2
116309,2
116310,2
116311,2
116312,2
116313,2
116314,2
116315,2
116316,3
116317,2
116318,2
116319,2
116320,2
116321,2
116322,2
116323,2
116324,2
116325,2
116326,2
116327,2
116328,2
116329,2
116330,2
116331,2
116332,2
116333,2
116334,2
116335,2
116336,2
116337,2
116338,2
116339,2
116340,2
116341,2
116342,0
116343,2
116344,3
116345,2
116346,2
116347,2
116348,2
116349,3
116350,2
116351,2
116352,2
116353,2
116354,2
116355,2
116356,2
116357,3
116358,2
116359,2
116360,2
116361,2
116362,2
116363,2
116364,2
116365,2
116366,0
116367,2
116368,2
116369,2
116370,2
116371,2
116372,2
116373,2
116374,2
116375,2
116376,2
116377,2
116378,2
116379,2
116380,2
116381,2
116382,2
116383,2
116384,2
116385,2
116386,2
116387,2
116388,2
116389,2
116390,2
116391,2
116392,2
116393,2
116394,2
116395,2
116396,3
116397,2
116398,2
116399,2
116400,2
116401,2
116402,2
116403,2
116404,2
116405,2
116406,2
116407,2
116408,2
116409,2
116410,2
116411,2
116412,2
116413,2
116414,2
116415,2
116416,2
116417,2
116418,2
116419,2
116420,3
116421,2
116422,3
116423,3
116424,3
116425,2
116426,2
116427,2
116428,2
116429,2
116430,2
116431,3
116432,2
116433,2
116434,2
116435,2
116436,2
116437,2
116438,0
116439,2
116440,2
116441,2
116442,2
116443,2
116444,2
116445,2
116446,0
116447,2
116448,2
116449,2
116450,2
116451,2
116452,2
116453,2
116454,2
116455,2
116456,2
116457,0
116458,2
116459,2
116460,2
116461,2
116462,2
116463,2
116464,2
116465,0
116466,2
116467,2
116468,2
116469,2
116470,3
116471,1
116472,2
116473,2
116474,2
116475,2
116476,2
116477,2
116478,2
116479,2
116480,2
116481,2
116482,2
116483,2
116484,2
116485,2
116486,2
116487,2
116488,2
116489,2
116490,2
116491,2
116492,2
116493,2
116494,2
116495,2
116496,2
116497,2
116498,2
116499,2
116500,2
116501,2
116502,2
116503,2
116504,2
116505,2
116506,2
116507,2
116508,2
116509,2
116510,2
116511,2
116512,2
116513,2
116514,2
116515,2
116516,2
116517,2
116518,2
116519,2
116520,2
116521,2
116522,2
116523,2
116524,2
116525,2
116526,2
116527,2
116528,2
116529,2
116530,2
116531,2
116532,2
116533,3
116534,2
116535,2
116536,2
116537,2
116538,2
116539,2
116540,2
116541,2
116542,2
116543,2
116544,2
116545,2
116546,2
116547,2
116548,2
116549,3
116550,2
116551,2
116552,2
116553,2
116554,2
116555,2
116556,2
116557,2
116558,2
116559,2
116560,2
116561,2
116562,2
116563,2
116564,2
116565,2
116566,2
116567,2
116568,3
116569,2
116570,2
116571,2
116572,0
116573,2
116574,3
116575,2
116576,2
116577,2
116578,2
116579,2
116580,2
116581,3
116582,2
116583,0
116584,3
116585,2
116586,2
116587,2
116588,2
116589,2
116590,2
116591,2
116592,2
116593,2
116594,2
116595,2
116596,2
116597,2
116598,2
116599,0
116600,2
116601,2
116602,2
116603,2
116604,2
116605,2
116606,2
116607,2
116608,2
116609,2
116610,2
116611,2
116612,3
116613,3
116614,3
116615,0
116616,0
116617,3
116618,0
116619,0
116620,2
116621,3
116622,3
116623,3
116624,3
116625,3
116626,3
116627,3
116628,3
116629,3
116630,3
116631,3
116632,3
116633,0
116634,3
116635,3
116636,3
116637,3
116638,3
116639,0
116640,0
116641,0
116642,0
116643,0
116644,0
116645,3
116646,3
116647,3
116648,3
116649,0
116650,0
116651,0
116652,3
116653,0
116654,3
116655,3
116656,3
116657,3
116658,3
116659,2
116660,3
116661,3
116662,3
116663,3
116664,3
116665,3
116666,3
116667,3
116668,3
116669,3
116670,3
116671,3
116672,3
116673,3
116674,3
116675,3
116676,3
116677,3
116678,3
116679,3
116680,3
116681,3
116682,3
116683,3
116684,3
116685,3
116686,3
116687,3
116688,3
116689,3
116690,3
116691,3
116692,3
116693,3
116694,3
116695,3
116696,3
116697,3
116698,3
116699,3
116700,3
116701,3
116702,3
116703,3
116704,3
116705,3
116706,3
116707,3
116708,3
116709,3
116710,3
116711,3
116712,3
116713,3
116714,3
116715,3
116716,3
116717,3
116718,3
116719,3
116720,3
116721,3
116722,3
116723,3
116724,3
116725,3
116726,3
116727,3
116728,3
116729,3
116730,3
116731,3
116732,3
116733,3
116734,3
116735,3
116736,3
116737,3
116738,3
116739,3
116740,3
116741,3
116742,3
116743,3
116744,3
116745,3
116746,3
116747,3
116748,3
116749,3
116750,3
116751,3
116752,3
116753,3
116754,3
116755,3
116756,3
116757,3
116758,3
116759,3
116760,3
116761,3
116762,3
116763,3
116764,3
116765,3
116766,3
116767,2
116768,3
116769,3
116770,3
116771,3
116772,3
116773,3
116774,3
116775,3
116776,3
116777,3
116778,3
116779,3
116780,3
116781,3
116782,3
116783,3
116784,3
116785,3
116786,3
116787,3
116788,3
116789,3
116790,3
116791,3
116792,3
116793,3
116794,3
116795,3
116796,3
116797,3
116798,3
116799,3
116800,3
116801,3
116802,3
116803,3
116804,3
116805,3
116806,3
116807,3
116808,3
116809,3
116810,3
116811,3
116812,3
116813,3
116814,3
116815,3
116816,3
116817,3
116818,3
116819,3
116820,3
116821,3
116822,3
116823,3
116824,3
116825,3
116826,3
116827,3
116828,3
116829,3
116830,3
116831,3
116832,3
116833,3
116834,3
116835,3
116836,3
116837,3
116838,3
116839,3
116840,3
116841,3
116842,2
116843,3
116844,3
116845,3
116846,0
116847,2
116848,3
116849,3
116850,3
116851,2
116852,3
116853,2
116854,3
116855,3
116856,0
116857,3
116858,3
116859,3
116860,3
116861,3
116862,3
116863,3
116864,3
116865,3
116866,3
116867,3
116868,3
116869,3
116870,3
116871,3
116872,3
116873,3
116874,3
116875,3
116876,3
116877,0
116878,3
116879,3
116880,3
116881,3
116882,3
116883,3
116884,3
116885,3
116886,3
116887,3
116888,3
116889,3
116890,3
116891,3
116892,3
116893,3
116894,3
116895,3
116896,3
116897,3
116898,3
116899,3
116900,3
116901,2
116902,0
116903,2
116904,0
116905,2
116906,3
116907,3
116908,3
116909,3
116910,3
116911,3
116912,3
116913,3
116914,3
116915,3
116916,3
116917,3
116918,3
116919,3
116920,3
116921,3
116922,3
116923,3
116924,3
116925,3
116926,3
116927,3
116928,3
116929,2
116930,3
116931,3
116932,3
116933,3
116934,3
116935,3
116936,3
116937,3
116938,3
116939,3
116940,3
116941,3
116942,3
116943,3
116944,3
116945,3
116946,3
116947,3
116948,3
116949,3
116950,2
116951,2
116952,3
116953,3
116954,3
116955,3
116956,3
116957,3
116958,0
116959,3
116960,3
116961,3
116962,3
116963,3
116964,3
116965,3
116966,3
116967,3
116968,3
116969,3
116970,3
116971,3
116972,3
116973,3
116974,3
116975,3
116976,3
116977,2
116978,3
116979,3
116980,3
116981,3
116982,3
116983,3
116984,3
116985,3
116986,2
116987,3
116988,2
116989,2
116990,2
116991,2
116992,2
116993,3
116994,3
116995,4
116996,3
116997,3
116998,4
116999,3
117000,3
117001,3
117002,3
117003,3
117004,3
117005,3
117006,4
117007,3
117008,3
117009,3
117010,3
117011,3
117012,3
117013,3
117014,3
117015,3
117016,3
117017,3
117018,3
117019,3
117020,3
117021,2
117022,2
117023,3
117024,3
117025,3
117026,3
117027,3
117028,3
117029,3
117030,3
117031,3
117032,3
117033,3
117034,3
117035,3
117036,3
117037,3
117038,3
117039,2
117040,2
117041,2
117042,2
117043,2
117044,2
117045,2
117046,2
117047,2
117048,2
117049,2
117050,2
117051,2
117052,2
117053,2
117054,2
117055,0
117056,0
117057,0
117058,0
117059,0
117060,2
117061,0
117062,0
117063,1
117064,1
117065,3
117066,2
117067,3
117068,3
117069,3
117070,3
117071,3
117072,3
117073,3
117074,3
117075,3
117076,3
117077,3
117078,3
117079,0
117080,3
117081,0
117082,3
117083,3
117084,0
117085,2
117086,2
117087,3
117088,3
117089,3
117090,3
117091,2
117092,1
117093,2
117094,3
117095,3
117096,3
117097,3
117098,3
117099,3
117100,3
117101,1
117102,1
117103,1
117104,1
117105,3
117106,0
117107,0
117108,0
117109,1
117110,3
117111,2
117112,3
117113,3
117114,3
117115,2
117116,1
117117,3
117118,3
117119,3
117120,3
117121,3
117122,1
117123,3
117124,3
117125,0
117126,2
117127,3
117128,3
117129,3
117130,1
117131,1
117132,3
117133,1
117134,3
117135,3
117136,2
117137,2
117138,2
117139,3
117140,3
117141,2
117142,1
117143,3
117144,2
117145,2
117146,3
117147,3
117148,1
117149,1
117150,1
117151,1
117152,1
117153,1
117154,1
117155,1
117156,1
117157,1
117158,1
117159,1
117160,1
117161,1
117162,1
117163,1
117164,1
117165,3
117166,3
117167,3
117168,1
117169,3
117170,3
117171,1
117172,3
117173,3
117174,3
117175,3
117176,3
117177,3
117178,3
117179,3
117180,1
117181,1
117182,1
117183,1
117184,1
117185,1
117186,3
117187,1
117188,1
117189,1
117190,2
117191,3
117192,3
117193,0
117194,3
117195,0
117196,0
117197,0
117198,0
117199,0
117200,0
117201,0
117202,0
117203,0
117204,0
117205,0
117206,1
117207,0
117208,1
117209,0
117210,0
117211,0
117212,0
117213,0
117214,0
117215,0
117216,0
117217,0
117218,0
117219,0
117220,0
117221,0
117222,0
117223,1
117224,0
117225,0
117226,0
117227,0
117228,0
117229,0
117230,1
117231,1
117232,1
117233,1
117234,1
117235,1
117236,1
117237,3
117238,0
117239,0
117240,0
117241,1
117242,0
117243,0
117244,0
117245,0
117246,1
117247,1
117248,1
117249,0
117250,1
117251,3
117252,2
117253,0
117254,0
117255,0
117256,1
117257,0
117258,3
117259,3
117260,0
117261,0
117262,2
117263,0
117264,3
117265,0
117266,0
117267,3
117268,3
117269,3
117270,3
117271,3
117272,3
117273,1
117274,1
117275,1
117276,1
117277,1
117278,1
117279,3
117280,3
117281,3
117282,0
117283,3
117284,3
117285,3
117286,3
117287,3
117288,3
117289,3
117290,3
117291,3
117292,3
117293,0
117294,0
117295,0
117296,0
117297,0
117298,0
117299,0
117300,0
117301,0
117302,0
117303,0
117304,0
117305,0
117306,0
117307,0
117308,0
117309,0
117310,3
117311,2
117312,3
117313,0
117314,0
117315,3
117316,2
117317,2
117318,2
117319,2
117320,2
117321,2
117322,2
117323,2
117324,2
117325,2
117326,2
117327,2
117328,2
117329,3
117330,3
117331,3
117332,2
117333,2
117334,2
117335,3
117336,2
117337,2
117338,2
117339,2
117340,3
117341,3
117342,2
117343,3
117344,3
117345,0
117346,0
117347,0
117348,0
117349,0
117350,3
117351,3
117352,3
117353,3
117354,3
117355,3
117356,3
117357,3
117358,3
117359,3
117360,3
117361,3
117362,3
117363,3
117364,3
117365,3
117366,3
117367,3
117368,1
117369,1
117370,1
117371,1
117372,1
117373,1
117374,2
117375,1
117376,3
117377,1
117378,2
117379,3
117380,3
117381,1
117382,2
117383,3
117384,3
117385,3
117386,3
117387,3
117388,2
117389,2
117390,0
117391,0
117392,0
117393,0
117394,3
117395,0
117396,0
117397,0
117398,3
117399,0
117400,0
117401,0
117402,0
117403,0
117404,0
117405,0
117406,0
117407,0
117408,0
117409,0
117410,0
117411,0
117412,0
117413,0
117414,0
117415,2
117416,1
117417,3
117418,3
117419,3
117420,2
117421,3
117422,3
117423,2
117424,3
117425,3
117426,3
117427,3
117428,2
117429,3
117430,3
117431,3
117432,3
117433,3
117434,3
117435,3
117436,3
117437,2
117438,3
117439,3
117440,3
117441,3
117442,3
117443,3
117444,3
117445,3
117446,2
117447,3
117448,3
117449,2
117450,3
117451,3
117452,2
117453,3
117454,2
117455,3
117456,3
117457,3
117458,3
117459,3
117460,3
117461,3
117462,3
117463,3
117464,3
117465,3
117466,3
117467,4
117468,3
117469,3
117470,3
117471,3
117472,3
117473,3
117474,3
117475,3
117476,3
117477,3
117478,1
117479,2
117480,3
117481,3
117482,2
117483,2
117484,0
117485,3
117486,3
117487,3
117488,1
117489,2
117490,1
117491,1
117492,3
117493,3
117494,2
117495,2
117496,2
117497,2
117498,3
117499,2
117500,3
117501,3
117502,3
117503,3
117504,3
117505,3
117506,3
117507,1
117508,1
117509,3
117510,1
117511,1
117512,3
117513,2
117514,1
117515,2
117516,1
117517,2
117518,3
117519,1
117520,1
117521,3
117522,3
117523,3
117524,3
117525,3
117526,2
117527,0
117528,0
117529,3
117530,3
117531,3
117532,3
117533,3
117534,3
117535,3
117536,1
117537,1
117538,3
117539,3
117540,2
117541,2
117542,3
117543,2
117544,3
117545,3
117546,3
117547,3
117548,3
117549,2
117550,3
117551,3
117552,3
117553,3
117554,3
117555,3
117556,3
117557,3
117558,3
117559,3
117560,2
117561,3
117562,3
117563,3
117564,3
117565,2
117566,2
117567,2
117568,2
117569,2
117570,2
117571,2
117572,2
117573,2
117574,2
117575,2
117576,2
117577,2
117578,2
117579,2
117580,2
117581,2
117582,2
117583,2
117584,2
117585,2
117586,2
117587,2
117588,2
117589,2
117590,2
117591,3
117592,2
117593,2
117594,0
117595,3
117596,3
117597,3
117598,3
117599,3
117600,3
117601,3
117602,0
117603,2
117604,3
117605,3
117606,3
117607,3
117608,2
117609,3
117610,3
117611,1
117612,2
117613,1
117614,1
117615,1
117616,3
117617,3
117618,3
117619,3
117620,3
117621,3
117622,3
117623,3
117624,3
117625,3
117626,3
117627,2
117628,3
117629,3
117630,3
117631,3
117632,3
117633,1
117634,0
117635,0
117636,0
117637,3
117638,3
117639,2
117640,3
117641,3
117642,3
117643,3
117644,3
117645,3
117646,3
117647,3
117648,3
117649,3
117650,3
117651,3
117652,3
117653,3
117654,3
117655,3
117656,3
117657,3
117658,2
117659,3
117660,3
117661,0
117662,0
117663,0
117664,0
117665,0
117666,2
117667,2
117668,2
117669,3
117670,3
117671,1
117672,0
117673,2
117674,2
117675,2
117676,2
117677,2
117678,2
117679,2
117680,2
117681,2
117682,2
117683,2
117684,2
117685,2
117686,2
117687,2
117688,2
117689,2
117690,2
117691,2
117692,2
117693,2
117694,2
117695,2
117696,2
117697,2
117698,2
117699,2
117700,2
117701,3
117702,2
117703,2
117704,3
117705,3
117706,2
117707,3
117708,3
117709,3
117710,3
117711,3
117712,3
117713,3
117714,3
117715,3
117716,3
117717,2
117718,2
117719,3
117720,2
117721,0
117722,3
117723,0
117724,0
117725,3
117726,0
117727,2
117728,0
117729,2
117730,0
117731,3
117732,3
117733,3
117734,3
117735,3
117736,3
117737,3
117738,3
117739,4
117740,3
117741,3
117742,3
117743,3
117744,3
117745,0
117746,0
117747,0
117748,0
117749,0
117750,1
117751,3
117752,1
117753,1
117754,1
117755,1
117756,1
117757,3
117758,3
117759,3
117760,3
117761,3
117762,3
117763,3
117764,3
117765,3
117766,3
117767,1
117768,1
117769,1
117770,3
117771,2
117772,2
117773,2
117774,2
117775,2
117776,2
117777,2
117778,3
117779,2
117780,3
117781,2
117782,2
117783,3
117784,0
117785,0
117786,3
117787,3
117788,3
117789,3
117790,3
117791,1
117792,2
117793,2
117794,2
117795,2
117796,2
117797,2
117798,2
117799,2
117800,2
117801,2
117802,2
117803,2
117804,2
117805,2
117806,2
117807,2
117808,2
117809,2
117810,2
117811,2
117812,2
117813,2
117814,3
117815,3
117816,3
117817,3
117818,3
117819,3
117820,3
117821,3
117822,3
117823,3
117824,3
117825,3
117826,3
117827,3
117828,2
117829,1
117830,1
117831,2
117832,2
117833,2
117834,2
117835,2
117836,2
117837,2
117838,2
117839,2
117840,2
117841,2
117842,2
117843,2
117844,2
117845,2
117846,2
117847,2
117848,2
117849,2
117850,2
117851,2
117852,2
117853,2
117854,2
117855,3
117856,3
117857,2
117858,2
117859,2
117860,2
117861,2
117862,2
117863,2
117864,3
117865,3
117866,2
117867,3
117868,3
117869,2
117870,2
117871,2
117872,2
117873,2
117874,2
117875,2
117876,2
117877,2
117878,2
117879,2
117880,2
117881,2
117882,2
117883,2
117884,2
117885,2
117886,2
117887,2
117888,2
117889,2
117890,2
117891,2
117892,2
117893,2
117894,2
117895,2
117896,2
117897,3
117898,2
117899,3
117900,3
117901,2
117902,3
117903,2
117904,2
117905,2
117906,3
117907,2
117908,2
117909,2
117910,2
117911,2
117912,2
117913,2
117914,2
117915,2
117916,2
117917,2
117918,3
117919,2
117920,2
117921,2
117922,2
117923,3
117924,3
117925,3
117926,2
117927,2
117928,2
117929,3
117930,3
117931,2
117932,2
117933,2
117934,2
117935,1
117936,1
117937,1
117938,1
117939,1
117940,1
117941,1
117942,1
117943,3
117944,3
117945,3
117946,3
117947,3
117948,2
117949,2
117950,2
117951,2
117952,2
117953,2
117954,2
117955,2
117956,2
117957,2
117958,2
117959,2
117960,2
117961,2
117962,2
117963,2
117964,2
117965,2
117966,2
117967,2
117968,2
117969,2
117970,2
117971,2
117972,2
117973,2
117974,3
117975,3
117976,3
117977,3
117978,2
117979,2
117980,2
117981,2
117982,3
117983,2
117984,2
117985,2
117986,2
117987,2
117988,2
117989,2
117990,2
117991,2
117992,2
117993,2
117994,2
117995,2
117996,2
117997,2
117998,2
117999,3
118000,3
118001,3
118002,3
118003,2
118004,2
118005,2
118006,2
118007,3
118008,3
118009,3
118010,2
118011,2
118012,3
118013,2
118014,2
118015,2
118016,2
118017,2
118018,2
118019,3
118020,2
118021,2
118022,2
118023,2
118024,2
118025,3
118026,3
118027,3
118028,2
118029,2
118030,3
118031,2
118032,3
118033,3
118034,3
118035,3
118036,3
118037,3
118038,3
118039,2
118040,3
118041,3
118042,2
118043,3
118044,3
118045,3
118046,3
118047,3
118048,3
118049,2
118050,0
118051,0
118052,3
118053,0
118054,0
118055,0
118056,2
118057,3
118058,2
118059,2
118060,2
118061,2
118062,2
118063,2
118064,2
118065,2
118066,2
118067,2
118068,2
118069,2
118070,2
118071,2
118072,3
118073,2
118074,2
118075,2
118076,2
118077,2
118078,2
118079,2
118080,2
118081,1
118082,3
118083,3
118084,3
118085,3
118086,3
118087,3
118088,3
118089,3
118090,0
118091,0
118092,0
118093,0
118094,0
118095,0
118096,0
118097,0
118098,0
118099,0
118100,0
118101,0
118102,0
118103,0
118104,0
118105,0
118106,0
118107,0
118108,0
118109,0
118110,0
118111,0
118112,0
118113,0
118114,0
118115,0
118116,2
118117,2
118118,2
118119,3
118120,3
118121,2
118122,3
118123,2
118124,3
118125,2
118126,3
118127,2
118128,3
118129,2
118130,3
118131,3
118132,2
118133,0
118134,0
118135,2
118136,2
118137,2
118138,2
118139,2
118140,2
118141,2
118142,2
118143,2
118144,2
118145,2
118146,2
118147,2
118148,2
118149,2
118150,2
118151,2
118152,2
118153,2
118154,2
118155,2
118156,2
118157,2
118158,2
118159,2
118160,2
118161,3
118162,2
118163,2
118164,3
118165,3
118166,3
118167,3
118168,2
118169,2
118170,2
118171,2
118172,2
118173,3
118174,2
118175,2
118176,2
118177,2
118178,2
118179,2
118180,2
118181,2
118182,2
118183,2
118184,2
118185,2
118186,2
118187,2
118188,3
118189,3
118190,3
118191,2
118192,2
118193,2
118194,2
118195,2
118196,3
118197,3
118198,3
118199,3
118200,3
118201,3
118202,3
118203,3
118204,0
118205,0
118206,0
118207,3
118208,0
118209,0
118210,0
118211,3
118212,0
118213,0
118214,0
118215,0
118216,0
118217,0
118218,3
118219,0
118220,0
118221,0
118222,0
118223,3
118224,0
118225,0
118226,0
118227,0
118228,0
118229,3
118230,3
118231,3
118232,3
118233,3
118234,3
118235,3
118236,3
118237,3
118238,3
118239,3
118240,3
118241,3
118242,3
118243,3
118244,0
118245,0
118246,3
118247,0
118248,3
118249,0
118250,3
118251,0
118252,0
118253,0
118254,0
118255,0
118256,3
118257,2
118258,0
118259,0
118260,2
118261,2
118262,0
118263,0
118264,0
118265,0
118266,2
118267,2
118268,2
118269,2
118270,2
118271,2
118272,2
118273,2
118274,2
118275,2
118276,2
118277,2
118278,2
118279,2
118280,2
118281,2
118282,2
118283,2
118284,2
118285,2
118286,2
118287,2
118288,2
118289,2
118290,2
118291,2
118292,2
118293,2
118294,2
118295,2
118296,2
118297,2
118298,2
118299,2
118300,2
118301,2
118302,2
118303,2
118304,2
118305,2
118306,3
118307,2
118308,2
118309,2
118310,3
118311,3
118312,3
118313,2
118314,2
118315,3
118316,3
118317,3
118318,3
118319,3
118320,3
118321,1
118322,3
118323,3
118324,3
118325,3
118326,2
118327,3
118328,3
118329,3
118330,3
118331,3
118332,3
118333,3
118334,3
118335,2
118336,2
118337,3
118338,2
118339,2
118340,2
118341,2
118342,2
118343,2
118344,2
118345,2
118346,2
118347,2
118348,2
118349,2
118350,2
118351,2
118352,2
118353,2
118354,2
118355,2
118356,3
118357,2
118358,2
118359,3
118360,3
118361,2
118362,2
118363,2
118364,2
118365,2
118366,2
118367,2
118368,2
118369,3
118370,3
118371,3
118372,3
118373,3
118374,3
118375,3
118376,2
118377,3
118378,3
118379,3
118380,3
118381,3
118382,3
118383,3
118384,3
118385,3
118386,3
118387,3
118388,3
118389,4
118390,3
118391,3
118392,3
118393,3
118394,3
118395,3
118396,2
118397,3
118398,3
118399,3
118400,3
118401,3
118402,2
118403,3
118404,2
118405,3
118406,3
118407,3
118408,3
118409,2
118410,3
118411,3
118412,3
118413,3
118414,3
118415,3
118416,2
118417,2
118418,2
118419,3
118420,3
118421,2
118422,3
118423,3
118424,3
118425,3
118426,3
118427,3
118428,3
118429,3
118430,0
118431,0
118432,0
118433,0
118434,0
118435,0
118436,0
118437,3
118438,0
118439,0
118440,0
118441,0
118442,0
118443,0
118444,0
118445,4
118446,0
118447,0
118448,3
118449,3
118450,3
118451,2
118452,0
118453,3
118454,3
118455,3
118456,0
118457,3
118458,0
118459,4
118460,3
118461,0
118462,0
118463,0
118464,0
118465,3
118466,0
118467,0
118468,0
118469,0
118470,3
118471,3
118472,1
118473,1
118474,1
118475,1
118476,1
118477,1
118478,1
118479,1
118480,1
118481,1
118482,1
118483,1
118484,1
118485,1
118486,1
118487,1
118488,1
118489,1
118490,1
118491,1
118492,1
118493,1
118494,1
118495,1
118496,1
118497,1
118498,1
118499,1
118500,1
118501,1
118502,1
118503,1
118504,1
118505,1
118506,1
118507,1
118508,1
118509,1
118510,3
118511,1
118512,1
118513,1
118514,1
118515,3
118516,3
118517,3
118518,3
118519,3
118520,2
118521,3
118522,2
118523,2
118524,3
118525,2
118526,3
118527,2
118528,3
118529,3
118530,3
118531,3
118532,3
118533,3
118534,3
118535,3
118536,1
118537,1
118538,1
118539,1
118540,1
118541,1
118542,1
118543,1
118544,1
118545,1
118546,2
118547,1
118548,1
118549,0
118550,0
118551,0
118552,3
118553,3
118554,3
118555,0
118556,0
118557,0
118558,0
118559,0
118560,0
118561,0
118562,0
118563,0
118564,0
118565,0
118566,3
118567,2
118568,2
118569,0
118570,0
118571,0
118572,0
118573,3
118574,0
118575,0
118576,0
118577,0
118578,2
118579,3
118580,3
118581,3
118582,0
118583,0
118584,0
118585,0
118586,0
118587,0
118588,0
118589,0
118590,0
118591,0
118592,0
118593,2
118594,0
118595,0
118596,2
118597,0
118598,0
118599,0
118600,0
118601,0
118602,0
118603,0
118604,0
118605,2
118606,0
118607,0
118608,3
118609,0
118610,2
118611,0
118612,0
118613,3
118614,3
118615,3
118616,0
118617,0
118618,3
118619,3
118620,3
118621,3
118622,2
118623,3
118624,3
118625,3
118626,3
118627,3
118628,3
118629,3
118630,3
118631,3
118632,3
118633,3
118634,1
118635,3
118636,3
118637,0
118638,3
118639,0
118640,0
118641,0
118642,0
118643,1
118644,3
118645,1
118646,1
118647,1
118648,1
118649,1
118650,1
118651,1
118652,1
118653,1
118654,1
118655,1
118656,3
118657,3
118658,3
118659,3
118660,3
118661,1
118662,1
118663,1
118664,1
118665,3
118666,3
118667,3
118668,1
118669,3
118670,3
118671,3
118672,1
118673,3
118674,3
118675,3
118676,1
118677,1
118678,0
118679,0
118680,1
118681,1
118682,1
118683,1
118684,1
118685,1
118686,1
118687,1
118688,1
118689,3
118690,0
118691,3
118692,0
118693,0
118694,0
118695,1
118696,3
118697,3
118698,2
118699,3
118700,3
118701,3
118702,3
118703,3
118704,2
118705,2
118706,3
118707,3
118708,3
118709,3
118710,3
118711,3
118712,3
118713,3
118714,2
118715,3
118716,3
118717,3
118718,3
118719,2
118720,3
118721,3
118722,3
118723,2
118724,3
118725,2
118726,3
118727,3
118728,3
118729,2
118730,3
118731,2
118732,2
118733,3
118734,3
118735,3
118736,3
118737,3
118738,3
118739,3
118740,2
118741,3
118742,3
118743,2
118744,3
118745,2
118746,3
118747,2
118748,2
118749,2
118750,2
118751,3
118752,2
118753,3
118754,3
118755,3
118756,2
118757,2
118758,2
118759,2
118760,3
118761,0
118762,0
118763,0
118764,2
118765,0
118766,0
118767,0
118768,2
118769,3
118770,0
118771,0
118772,0
118773,0
118774,0
118775,0
118776,2
118777,3
118778,3
118779,3
118780,2
118781,3
118782,3
118783,3
118784,3
118785,3
118786,3
118787,2
118788,3
118789,3
118790,3
118791,3
118792,3
118793,3
118794,3
118795,3
118796,3
118797,3
118798,3
118799,3
118800,3
118801,3
118802,2
118803,3
118804,3
118805,3
118806,3
118807,3
118808,3
118809,2
118810,3
118811,2
118812,3
118813,2
118814,2
118815,3
118816,2
118817,3
118818,3
118819,3
118820,3
118821,1
118822,3
118823,3
118824,3
118825,3
118826,3
118827,3
118828,3
118829,3
118830,3
118831,3
118832,3
118833,3
118834,3
118835,3
118836,3
118837,3
118838,3
118839,3
118840,3
118841,3
118842,1
118843,1
118844,3
118845,3
118846,3
118847,3
118848,0
118849,0
118850,3
118851,3
118852,0
118853,0
118854,3
118855,0
118856,0
118857,1
118858,3
118859,3
118860,3
118861,3
118862,3
118863,3
118864,1
118865,3
118866,1
118867,1
118868,3
118869,3
118870,3
118871,3
118872,1
118873,3
118874,3
118875,3
118876,3
118877,3
118878,3
118879,1
118880,1
118881,3
118882,2
118883,3
118884,3
118885,3
118886,3
118887,3
118888,3
118889,2
118890,3
118891,3
118892,3
118893,3
118894,3
118895,3
118896,3
118897,3
118898,3
118899,3
118900,3
118901,3
118902,3
118903,2
118904,3
118905,3
118906,3
118907,3
118908,1
118909,3
118910,3
118911,3
118912,1
118913,3
118914,3
118915,3
118916,3
118917,3
118918,1
118919,1
118920,3
118921,1
118922,3
118923,0
118924,0
118925,3
118926,1
118927,3
118928,3
118929,3
118930,3
118931,1
118932,3
118933,3
118934,3
118935,3
118936,3
118937,1
118938,3
118939,3
118940,3
118941,3
118942,3
118943,3
118944,3
118945,3
118946,3
118947,3
118948,3
118949,3
118950,3
118951,3
118952,3
118953,3
118954,3
118955,3
118956,3
118957,3
118958,3
118959,3
118960,3
118961,3
118962,0
118963,0
118964,0
118965,2
118966,3
118967,3
118968,3
118969,3
118970,0
118971,1
118972,3
118973,0
118974,0
118975,3
118976,3
118977,2
118978,3
118979,0
118980,0
118981,0
118982,1
118983,0
118984,0
118985,0
118986,0
118987,1
118988,3
118989,3
118990,2
118991,3
118992,3
118993,3
118994,3
118995,3
118996,2
118997,3
118998,3
118999,3
119000,3
119001,3
119002,1
119003,1
119004,3
119005,3
119006,3
119007,3
119008,3
119009,0
119010,0
119011,1
119012,3
119013,0
119014,0
119015,2
119016,3
119017,3
119018,3
119019,0
119020,0
119021,0
119022,0
119023,0
119024,0
119025,0
119026,0
119027,0
119028,3
119029,0
119030,0
119031,0
119032,0
119033,0
119034,0
119035,2
119036,0
119037,0
119038,0
119039,0
119040,0
119041,0
119042,0
119043,0
119044,0
119045,0
119046,0
119047,0
119048,0
119049,0
119050,0
119051,0
119052,0
119053,0
119054,0
119055,0
119056,0
119057,0
119058,0
119059,2
119060,1
119061,1
119062,0
119063,2
119064,0
119065,0
119066,0
119067,0
119068,0
119069,0
119070,0
119071,0
119072,3
119073,3
119074,3
119075,3
119076,3
119077,3
119078,3
119079,3
119080,3
119081,3
119082,3
119083,3
119084,3
119085,3
119086,3
119087,0
119088,1
119089,2
119090,3
119091,3
119092,3
119093,3
119094,3
119095,3
119096,3
119097,3
119098,3
119099,2
119100,1
119101,2
119102,2
119103,3
119104,3
119105,3
119106,3
119107,3
119108,1
119109,3
119110,3
119111,2
119112,3
119113,3
119114,3
119115,3
119116,2
119117,3
119118,3
119119,3
119120,2
119121,3
119122,3
119123,3
119124,3
119125,3
119126,3
119127,2
119128,1
119129,1
119130,3
119131,3
119132,3
119133,0
119134,0
119135,2
119136,3
119137,0
119138,0
119139,0
119140,3
119141,2
119142,0
119143,0
119144,0
119145,0
119146,2
119147,3
119148,3
119149,3
119150,0
119151,3
119152,2
119153,3
119154,2
119155,0
119156,0
119157,3
119158,3
119159,0
119160,0
119161,0
119162,3
119163,3
119164,3
119165,3
119166,3
119167,1
119168,3
119169,1
119170,3
119171,0
119172,0
119173,1
119174,2
119175,2
119176,3
119177,3
119178,3
119179,3
119180,2
119181,2
119182,3
119183,3
119184,3
119185,3
119186,3
119187,3
119188,3
119189,3
119190,2
119191,3
119192,3
119193,3
119194,3
119195,3
119196,2
119197,2
119198,3
119199,3
119200,3
119201,3
119202,2
119203,2
119204,1
119205,3
119206,3
119207,1
119208,3
119209,3
119210,2
119211,3
119212,2
119213,3
119214,2
119215,2
119216,2
119217,2
119218,2
119219,3
119220,2
119221,2
119222,2
119223,2
119224,3
119225,1
119226,3
119227,0
119228,2
119229,2
119230,2
119231,2
119232,2
119233,2
119234,2
119235,2
119236,3
119237,3
119238,2
119239,2
119240,1
119241,3
119242,2
119243,3
119244,3
119245,1
119246,3
119247,2
119248,3
119249,3
119250,3
119251,3
119252,0
119253,3
119254,3
119255,3
119256,3
119257,3
119258,1
119259,0
119260,1
119261,3
119262,2
119263,3
119264,1
119265,3
119266,1
119267,1
119268,3
119269,3
119270,3
119271,3
119272,3
119273,3
119274,3
119275,3
119276,2
119277,3
119278,1
119279,2
119280,2
119281,2
119282,2
119283,0
119284,3
119285,1
119286,3
119287,2
119288,3
119289,3
119290,3
119291,2
119292,3
119293,3
119294,2
119295,2
119296,2
119297,2
119298,2
119299,2
119300,3
119301,2
119302,3
119303,1
119304,0
119305,0
119306,0
119307,0
119308,0
119309,3
119310,1
119311,3
119312,3
119313,3
119314,3
119315,3
119316,2
119317,1
119318,3
119319,3
119320,3
119321,3
119322,3
119323,2
119324,1
119325,3
119326,0
119327,3
119328,3
119329,3
119330,3
119331,3
119332,3
119333,3
119334,3
119335,3
119336,3
119337,3
119338,2
119339,2
119340,2
119341,3
119342,2
119343,2
119344,3
119345,3
119346,2
119347,2
119348,2
119349,2
119350,2
119351,3
119352,2
119353,2
119354,3
119355,3
119356,2
119357,3
119358,2
119359,3
119360,3
119361,3
119362,2
119363,0
119364,3
119365,3
119366,3
119367,3
119368,2
119369,3
119370,3
119371,1
119372,3
119373,2
119374,1
119375,3
119376,2
119377,2
119378,2
119379,2
119380,2
119381,2
119382,3
119383,2
119384,3
119385,2
119386,3
119387,2
119388,2
119389,2
119390,2
119391,2
119392,3
119393,2
119394,2
119395,2
119396,2
119397,2
119398,2
119399,3
119400,3
119401,2
119402,2
119403,2
119404,2
119405,3
119406,3
119407,2
119408,3
119409,2
119410,3
119411,2
119412,3
119413,2
119414,3
119415,3
119416,2
119417,3
119418,0
119419,3
119420,3
119421,3
119422,3
119423,1
119424,3
119425,1
119426,1
119427,1
119428,1
119429,3
119430,3
119431,3
119432,3
119433,2
119434,2
119435,2
119436,2
119437,2
119438,3
119439,3
119440,3
119441,3
119442,3
119443,3
119444,3
119445,3
119446,3
119447,3
119448,3
119449,3
119450,3
119451,3
119452,3
119453,3
119454,0
119455,3
119456,0
119457,3
119458,3
119459,3
119460,3
119461,3
119462,3
119463,3
119464,3
119465,0
119466,3
119467,3
119468,3
119469,3
119470,3
119471,3
119472,3
119473,3
119474,3
119475,1
119476,3
119477,3
119478,3
119479,3
119480,3
119481,3
119482,3
119483,3
119484,3
119485,3
119486,3
119487,3
119488,3
119489,3
119490,3
119491,3
119492,3
119493,3
119494,3
119495,3
119496,3
119497,3
119498,3
119499,3
119500,3
119501,3
119502,3
119503,3
119504,3
119505,3
119506,3
119507,3
119508,3
119509,3
119510,3
119511,3
119512,3
119513,3
119514,3
119515,3
119516,3
119517,3
119518,3
119519,3
119520,3
119521,3
119522,3
119523,3
119524,3
119525,3
119526,3
119527,3
119528,3
119529,3
119530,3
119531,3
119532,3
119533,3
119534,3
119535,3
119536,3
119537,3
119538,1
119539,3
119540,3
119541,3
119542,3
119543,3
119544,3
119545,3
119546,3
119547,3
119548,3
119549,3
119550,3
119551,3
119552,3
119553,3
119554,3
119555,3
119556,3
119557,3
119558,3
119559,3
119560,3
119561,3
119562,3
119563,3
119564,3
119565,3
119566,3
119567,3
119568,3
119569,3
119570,3
119571,3
119572,3
119573,3
119574,3
119575,3
119576,3
119577,3
119578,3
119579,3
119580,3
119581,3
119582,3
119583,3
119584,3
119585,3
119586,3
119587,3
119588,3
119589,3
119590,3
119591,3
119592,0
119593,3
119594,3
119595,3
119596,3
119597,3
119598,3
119599,3
119600,3
119601,3
119602,3
119603,3
119604,3
119605,3
119606,3
119607,3
119608,3
119609,3
119610,3
119611,3
119612,3
119613,3
119614,3
119615,3
119616,3
119617,3
119618,3
119619,3
119620,3
119621,3
119622,3
119623,3
119624,3
119625,3
119626,3
119627,3
119628,3
119629,3
119630,3
119631,3
119632,3
119633,3
119634,3
119635,3
119636,3
119637,3
119638,3
119639,3
119640,3
119641,3
119642,3
119643,3
119644,0
119645,3
119646,0
119647,3
119648,0
119649,3
119650,0
119651,3
119652,0
119653,3
119654,3
119655,3
119656,3
119657,3
119658,3
119659,3
119660,3
119661,3
119662,3
119663,3
119664,3
119665,3
119666,3
119667,3
119668,3
119669,3
119670,3
119671,3
119672,3
119673,3
119674,3
119675,3
119676,3
119677,3
119678,3
119679,3
119680,3
119681,3
119682,3
119683,3
119684,3
119685,3
119686,3
119687,3
119688,3
119689,3
119690,3
119691,3
119692,3
119693,3
119694,3
119695,3
119696,3
119697,3
119698,3
119699,0
119700,3
119701,3
119702,3
119703,3
119704,3
119705,3
119706,1
119707,3
119708,2
119709,3
119710,3
119711,2
119712,3
119713,2
119714,3
119715,3
119716,3
119717,3
119718,3
119719,2
119720,0
119721,0
119722,0
119723,0
119724,0
119725,0
119726,0
119727,0
119728,0
119729,0
119730,0
119731,0
119732,0
119733,0
119734,0
119735,0
119736,0
119737,0
119738,2
119739,0
119740,0
119741,0
119742,0
119743,0
119744,2
119745,2
119746,2
119747,2
119748,2
119749,0
119750,0
119751,0
119752,0
119753,0
119754,0
119755,0
119756,0
119757,0
119758,0
119759,0
119760,3
119761,3
119762,0
119763,3
119764,3
119765,3
119766,1
119767,3
119768,3
119769,3
119770,3
119771,3
119772,3
119773,3
119774,3
119775,3
119776,3
119777,3
119778,3
119779,3
119780,3
119781,1
119782,3
119783,3
119784,3
119785,3
119786,3
119787,0
119788,0
119789,2
119790,3
119791,3
119792,3
119793,3
119794,3
119795,3
119796,3
119797,3
119798,3
119799,3
119800,3
119801,3
119802,3
119803,3
119804,3
119805,3
119806,3
119807,3
119808,3
119809,3
119810,3
119811,3
119812,3
119813,3
119814,3
119815,3
119816,3
119817,3
119818,3
119819,3
119820,3
119821,3
119822,3
119823,3
119824,1
119825,3
119826,3
119827,3
119828,3
119829,3
119830,3
119831,3
119832,3
119833,3
119834,3
119835,3
119836,3
119837,3
119838,3
119839,3
119840,3
119841,3
119842,3
119843,3
119844,3
119845,3
119846,3
119847,3
119848,3
119849,3
119850,3
119851,3
119852,3
119853,3
119854,3
119855,3
119856,3
119857,3
119858,3
119859,3
119860,3
119861,3
119862,3
119863,3
119864,3
119865,3
119866,3
119867,3
119868,3
119869,3
119870,3
119871,3
119872,3
119873,3
119874,3
119875,3
119876,3
119877,3
119878,3
119879,3
119880,3
119881,3
119882,3
119883,3
119884,3
119885,3
119886,3
119887,3
119888,3
119889,3
119890,3
119891,3
119892,3
119893,3
119894,3
119895,3
119896,3
119897,3
119898,3
119899,3
119900,3
119901,3
119902,3
119903,3
119904,3
119905,3
119906,1
119907,3
119908,3
119909,3
119910,3
119911,0
119912,3
119913,3
119914,3
119915,3
119916,3
119917,3
119918,3
119919,3
119920,3
119921,3
119922,3
119923,3
119924,3
119925,3
119926,3
119927,3
119928,3
119929,3
119930,3
119931,3
119932,3
119933,3
119934,3
119935,3
119936,3
119937,3
119938,3
119939,3
119940,3
119941,3
119942,3
119943,3
119944,3
119945,3
119946,3
119947,3
119948,3
119949,3
119950,3
119951,3
119952,3
119953,3
119954,3
119955,3
119956,3
119957,3
119958,3
119959,3
119960,3
119961,3
119962,3
119963,3
119964,3
119965,3
119966,3
119967,3
119968,3
119969,3
119970,0
119971,3
119972,0
119973,0
119974,3
119975,0
119976,0
119977,0
119978,0
119979,0
119980,0
119981,3
119982,0
119983,0
119984,0
119985,0
119986,0
119987,0
119988,0
119989,0
119990,0
119991,0
119992,3
119993,3
119994,3
119995,3
119996,3
119997,3
119998,3
119999,3
120000,3
120001,3
120002,2
120003,2
120004,0
120005,3
120006,3
120007,3
120008,3
120009,3
120010,3
120011,3
120012,3
120013,3
120014,3
120015,3
120016,3
120017,3
120018,3
120019,3
120020,3
120021,3
120022,3
120023,3
120024,3
120025,3
120026,3
120027,3
120028,3
120029,3
120030,3
120031,3
120032,3
120033,3
120034,3
120035,3
120036,3
120037,3
120038,3
120039,3
120040,3
120041,3
120042,3
120043,3
120044,3
120045,3
120046,3
120047,1
120048,3
120049,3
120050,3
120051,3
120052,3
120053,3
120054,3
120055,3
120056,3
120057,3
120058,3
120059,3
120060,3
120061,3
120062,3
120063,3
120064,3
120065,3
120066,3
120067,3
120068,3
120069,3
120070,3
120071,3
120072,3
120073,3
120074,3
120075,3
120076,3
120077,3
120078,3
120079,3
120080,3
120081,3
120082,3
120083,3
120084,3
120085,3
120086,3
120087,3
120088,3
120089,3
120090,3
120091,3
120092,3
120093,3
120094,3
120095,3
120096,3
120097,3
120098,3
120099,3
120100,3
120101,3
120102,0
120103,0
120104,0
120105,0
120106,0
120107,0
120108,0
120109,0
120110,0
120111,0
120112,0
120113,0
120114,0
120115,0
120116,0
120117,0
120118,0
120119,0
120120,0
120121,0
120122,0
120123,3
120124,0
120125,0
120126,0
120127,0
120128,0
120129,0
120130,0
120131,0
120132,0
120133,0
120134,0
120135,0
120136,0
120137,0
120138,0
120139,3
120140,0
120141,0
120142,3
120143,2
120144,2
120145,0
120146,0
120147,0
120148,0
120149,0
120150,0
120151,0
120152,0
120153,0
120154,0
120155,0
120156,0
120157,0
120158,0
120159,0
120160,0
120161,0
120162,0
120163,0
120164,0
120165,0
120166,0
120167,0
120168,0
120169,0
120170,0
120171,0
120172,0
120173,0
120174,0
120175,0
120176,0
120177,0
120178,0
120179,0
120180,0
120181,0
120182,0
120183,0
120184,0
120185,0
120186,0
120187,0
120188,0
120189,0
120190,0
120191,0
120192,0
120193,0
120194,0
120195,0
120196,0
120197,0
120198,0
120199,0
120200,2
120201,0
120202,0
120203,0
120204,0
120205,3
120206,0
120207,2
120208,0
120209,0
120210,0
120211,0
120212,0
120213,2
120214,0
120215,0
120216,0
120217,0
120218,3
120219,2
120220,0
120221,0
120222,0
120223,0
120224,0
120225,0
120226,0
120227,3
120228,0
120229,0
120230,0
120231,0
120232,0
120233,0
120234,0
120235,3
120236,3
120237,0
120238,0
120239,0
120240,0
120241,0
120242,0
120243,0
120244,0
120245,0
120246,3
120247,0
120248,0
120249,0
120250,0
120251,0
120252,0
120253,0
120254,0
120255,2
120256,0
120257,3
120258,0
120259,2
120260,0
120261,0
120262,0
120263,3
120264,0
120265,0
120266,3
120267,0
120268,0
120269,0
120270,0
120271,0
120272,0
120273,0
120274,3
120275,0
120276,3
120277,0
120278,0
120279,0
120280,0
120281,0
120282,3
120283,0
120284,2
120285,0
120286,0
120287,0
120288,0
120289,0
120290,0
120291,0
120292,0
120293,0
120294,3
120295,0
120296,0
120297,0
120298,0
120299,0
120300,0
120301,0
120302,0
120303,0
120304,0
120305,0
120306,0
120307,0
120308,0
120309,0
120310,0
120311,0
120312,0
120313,0
120314,3
120315,0
120316,3
120317,0
120318,0
120319,0
120320,0
120321,0
120322,0
120323,0
120324,0
120325,0
120326,0
120327,2
120328,0
120329,0
120330,0
120331,0
120332,0
120333,0
120334,0
120335,0
120336,0
120337,0
120338,0
120339,0
120340,0
120341,3
120342,3
120343,0
120344,0
120345,0
120346,0
120347,0
120348,0
120349,0
120350,2
120351,0
120352,0
120353,0
120354,0
120355,0
120356,0
120357,2
120358,0
120359,3
120360,3
120361,0
120362,0
120363,0
120364,0
120365,0
120366,2
120367,0
120368,0
120369,0
120370,0
120371,0
120372,0
120373,0
120374,0
120375,3
120376,0
120377,0
120378,0
120379,0
120380,0
120381,0
120382,0
120383,0
120384,0
120385,0
120386,0
120387,0
120388,0
120389,0
120390,0
120391,0
120392,0
120393,0
120394,0
120395,0
120396,0
120397,0
120398,0
120399,0
120400,0
120401,0
120402,0
120403,0
120404,0
120405,2
120406,0
120407,0
120408,0
120409,0
120410,0
120411,0
120412,0
120413,3
120414,0
120415,0
120416,0
120417,0
120418,0
120419,2
120420,3
120421,0
120422,3
120423,0
120424,0
120425,0
120426,0
120427,0
120428,0
120429,0
120430,0
120431,2
120432,0
120433,0
120434,0
120435,0
120436,0
120437,0
120438,0
120439,0
120440,0
120441,0
120442,0
120443,0
120444,0
120445,0
120446,0
120447,0
120448,0
120449,3
120450,3
120451,3
120452,3
120453,0
120454,3
120455,3
120456,3
120457,3
120458,0
120459,0
120460,0
120461,0
120462,3
120463,0
120464,0
120465,3
120466,0
120467,0
120468,0
120469,3
120470,0
120471,0
120472,0
120473,0
120474,0
120475,0
120476,0
120477,3
120478,0
120479,0
120480,0
120481,0
120482,3
120483,0
120484,3
120485,3
120486,0
120487,0
120488,3
120489,0
120490,0
120491,0
120492,3
120493,0
120494,3
120495,3
120496,3
120497,3
120498,3
120499,0
120500,0
120501,3
120502,3
120503,3
120504,3
120505,3
120506,3
120507,0
120508,3
120509,0
120510,3
120511,3
120512,3
120513,0
120514,0
120515,0
120516,0
120517,0
120518,0
120519,0
120520,0
120521,1
120522,1
120523,3
120524,3
120525,3
120526,3
