Id,change_type
0,3
1,2
2,2
3,3
4,0
5,2
6,2
7,3
8,2
9,2
10,2
11,3
12,2
13,2
14,3
15,3
16,3
17,2
18,3
19,2
20,2
21,3
22,3
23,3
24,2
25,3
26,3
27,2
28,3
29,3
30,3
31,2
32,3
33,2
34,2
35,3
36,1
37,3
38,1
39,3
40,3
41,3
42,2
43,3
44,3
45,3
46,3
47,3
48,3
49,3
50,3
51,3
52,3
53,3
54,3
55,2
56,3
57,3
58,3
59,3
60,3
61,3
62,3
63,3
64,3
65,3
66,3
67,3
68,1
69,3
70,3
71,3
72,3
73,3
74,2
75,2
76,3
77,3
78,3
79,1
80,1
81,3
82,3
83,3
84,3
85,2
86,3
87,3
88,3
89,3
90,3
91,3
92,3
93,3
94,3
95,3
96,3
97,3
98,3
99,3
100,3
101,3
102,3
103,3
104,3
105,2
106,3
107,2
108,3
109,3
110,3
111,3
112,3
113,3
114,0
115,3
116,0
117,3
118,3
119,3
120,3
121,3
122,3
123,0
124,3
125,0
126,0
127,3
128,3
129,0
130,0
131,3
132,3
133,0
134,0
135,0
136,0
137,0
138,0
139,0
140,0
141,0
142,0
143,0
144,0
145,3
146,0
147,0
148,2
149,0
150,0
151,0
152,0
153,2
154,0
155,0
156,0
157,0
158,0
159,0
160,0
161,0
162,3
163,0
164,2
165,0
166,3
167,3
168,0
169,0
170,0
171,0
172,0
173,0
174,0
175,0
176,0
177,0
178,0
179,0
180,0
181,0
182,0
183,0
184,0
185,3
186,3
187,3
188,3
189,2
190,3
191,2
192,2
193,3
194,3
195,3
196,0
197,3
198,1
199,1
200,0
201,3
202,3
203,3
204,3
205,3
206,3
207,3
208,3
209,3
210,3
211,3
212,3
213,3
214,3
215,3
216,2
217,3
218,3
219,2
220,3
221,2
222,2
223,2
224,3
225,0
226,0
227,0
228,3
229,3
230,3
231,3
232,3
233,3
234,3
235,3
236,0
237,3
238,3
239,3
240,3
241,3
242,2
243,3
244,3
245,3
246,3
247,3
248,3
249,3
250,3
251,3
252,2
253,0
254,3
255,3
256,3
257,3
258,3
259,3
260,3
261,3
262,3
263,3
264,3
265,3
266,3
267,3
268,3
269,3
270,3
271,3
272,2
273,3
274,3
275,3
276,0
277,0
278,0
279,0
280,0
281,0
282,0
283,0
284,0
285,0
286,0
287,0
288,0
289,0
290,0
291,0
292,0
293,0
294,0
295,3
296,0
297,0
298,2
299,3
300,3
301,3
302,3
303,3
304,3
305,3
306,3
307,3
308,3
309,3
310,3
311,3
312,3
313,3
314,3
315,3
316,3
317,2
318,3
319,2
320,0
321,0
322,3
323,3
324,3
325,3
326,3
327,3
328,3
329,3
330,3
331,2
332,3
333,2
334,2
335,3
336,2
337,2
338,2
339,2
340,2
341,2
342,2
343,2
344,2
345,2
346,2
347,2
348,2
349,2
350,2
351,3
352,3
353,3
354,2
355,2
356,0
357,0
358,0
359,0
360,0
361,0
362,0
363,0
364,3
365,0
366,0
367,0
368,0
369,0
370,0
371,0
372,0
373,0
374,0
375,0
376,0
377,0
378,0
379,2
380,0
381,0
382,0
383,0
384,0
385,0
386,0
387,0
388,0
389,0
390,0
391,0
392,0
393,0
394,0
395,0
396,0
397,0
398,0
399,0
400,0
401,0
402,0
403,0
404,2
405,0
406,2
407,0
408,0
409,0
410,0
411,0
412,0
413,0
414,0
415,0
416,0
417,1
418,3
419,3
420,3
421,3
422,3
423,3
424,3
425,3
426,3
427,2
428,3
429,3
430,3
431,3
432,3
433,3
434,3
435,3
436,3
437,3
438,3
439,3
440,0
441,3
442,3
443,0
444,3
445,0
446,3
447,3
448,3
449,0
450,3
451,3
452,0
453,3
454,0
455,0
456,0
457,0
458,3
459,3
460,3
461,3
462,0
463,0
464,0
465,0
466,0
467,0
468,0
469,0
470,0
471,0
472,0
473,2
474,0
475,0
476,0
477,0
478,0
479,0
480,0
481,0
482,0
483,0
484,0
485,0
486,0
487,0
488,0
489,0
490,0
491,0
492,0
493,0
494,0
495,3
496,3
497,3
498,3
499,3
500,3
501,3
502,3
503,3
504,3
505,3
506,3
507,3
508,2
509,2
510,2
511,2
512,2
513,2
514,2
515,3
516,3
517,2
518,2
519,2
520,2
521,2
522,2
523,3
524,3
525,2
526,3
527,2
528,2
529,3
530,3
531,3
532,3
533,3
534,2
535,3
536,3
537,3
538,2
539,3
540,3
541,3
542,2
543,2
544,2
545,2
546,2
547,2
548,3
549,3
550,3
551,3
552,3
553,3
554,3
555,3
556,3
557,3
558,2
559,3
560,3
561,2
562,3
563,3
564,3
565,3
566,3
567,3
568,3
569,3
570,3
571,3
572,3
573,3
574,3
575,3
576,2
577,3
578,3
579,3
580,0
581,3
582,3
583,3
584,2
585,3
586,3
587,3
588,3
589,3
590,3
591,3
592,3
593,3
594,3
595,3
596,2
597,3
598,3
599,3
600,0
601,0
602,3
603,3
604,3
605,3
606,2
607,3
608,2
609,3
610,3
611,3
612,3
613,3
614,3
615,3
616,3
617,3
618,3
619,1
620,1
621,3
622,0
623,1
624,3
625,3
626,3
627,3
628,3
629,3
630,3
631,2
632,3
633,3
634,3
635,3
636,3
637,3
638,3
639,3
640,3
641,3
642,3
643,3
644,3
645,3
646,3
647,3
648,3
649,3
650,3
651,3
652,3
653,3
654,3
655,3
656,0
657,3
658,3
659,3
660,3
661,3
662,3
663,3
664,0
665,3
666,3
667,3
668,3
669,1
670,3
671,3
672,3
673,3
674,3
675,3
676,3
677,3
678,3
679,3
680,3
681,3
682,3
683,2
684,3
685,3
686,3
687,3
688,3
689,3
690,3
691,3
692,3
693,3
694,3
695,3
696,3
697,3
698,3
699,3
700,3
701,3
702,3
703,3
704,3
705,2
706,2
707,2
708,3
709,1
710,1
711,3
712,3
713,3
714,3
715,3
716,3
717,2
718,0
719,3
720,3
721,0
722,0
723,1
724,0
725,0
726,0
727,3
728,2
729,2
730,2
731,2
732,2
733,2
734,2
735,2
736,2
737,3
738,3
739,2
740,3
741,3
742,3
743,3
744,3
745,3
746,3
747,3
748,3
749,2
750,2
751,3
752,2
753,2
754,2
755,2
756,2
757,2
758,2
759,2
760,2
761,2
762,2
763,2
764,2
765,3
766,0
767,3
768,3
769,3
770,3
771,3
772,3
773,3
774,3
775,3
776,3
777,3
778,3
779,4
780,2
781,3
782,3
783,3
784,3
785,2
786,2
787,2
788,2
789,3
790,2
791,3
792,3
793,3
794,3
795,3
796,3
797,3
798,3
799,3
800,1
801,1
802,0
803,0
804,3
805,3
806,3
807,2
808,3
809,1
810,1
811,1
812,1
813,1
814,3
815,3
816,1
817,2
818,1
819,1
820,1
821,1
822,1
823,1
824,1
825,1
826,1
827,1
828,3
829,3
830,3
831,3
832,3
833,1
834,3
835,2
836,3
837,2
838,2
839,3
840,3
841,2
842,2
843,3
844,2
845,3
846,3
847,3
848,2
849,4
850,2
851,3
852,2
853,2
854,3
855,3
856,3
857,2
858,2
859,3
860,3
861,3
862,1
863,1
864,1
865,1
866,1
867,1
868,3
869,3
870,3
871,2
872,3
873,2
874,3
875,1
876,1
877,2
878,3
879,3
880,1
881,1
882,2
883,3
884,3
885,3
886,1
887,1
888,3
889,1
890,1
891,1
892,3
893,2
894,3
895,3
896,3
897,3
898,3
899,3
900,3
901,3
902,3
903,3
904,3
905,3
906,3
907,3
908,3
909,2
910,2
911,3
912,3
913,3
914,2
915,2
916,3
917,1
918,3
919,3
920,1
921,1
922,3
923,3
924,3
925,3
926,2
927,3
928,1
929,1
930,3
931,3
932,4
933,3
934,2
935,2
936,3
937,3
938,3
939,3
940,3
941,1
942,1
943,1
944,1
945,3
946,3
947,3
948,2
949,3
950,2
951,2
952,3
953,1
954,3
955,3
956,3
957,3
958,1
959,3
960,3
961,3
962,3
963,1
964,3
965,1
966,1
967,3
968,3
969,2
970,0
971,3
972,3
973,3
974,2
975,1
976,3
977,3
978,3
979,3
980,3
981,3
982,3
983,3
984,3
985,3
986,3
987,2
988,3
989,0
990,3
991,3
992,3
993,2
994,3
995,3
996,2
997,3
998,3
999,3
1000,3
1001,2
1002,2
1003,0
1004,3
1005,3
1006,3
1007,3
1008,3
1009,2
1010,3
1011,3
1012,3
1013,1
1014,1
1015,1
1016,2
1017,3
1018,3
1019,3
1020,1
1021,1
1022,3
1023,2
1024,3
1025,2
1026,3
1027,3
1028,3
1029,2
1030,3
1031,3
1032,3
1033,3
1034,2
1035,3
1036,3
1037,3
1038,3
1039,3
1040,3
1041,3
1042,3
1043,3
1044,3
1045,3
1046,2
1047,3
1048,3
1049,3
1050,3
1051,3
1052,3
1053,3
1054,3
1055,3
1056,3
1057,2
1058,1
1059,2
1060,3
1061,3
1062,1
1063,3
1064,3
1065,3
1066,1
1067,1
1068,3
1069,3
1070,2
1071,3
1072,3
1073,3
1074,0
1075,3
1076,3
1077,3
1078,3
1079,2
1080,3
1081,3
1082,3
1083,3
1084,3
1085,3
1086,2
1087,3
1088,3
1089,3
1090,3
1091,1
1092,1
1093,3
1094,1
1095,1
1096,3
1097,3
1098,3
1099,3
1100,3
1101,3
1102,3
1103,3
1104,3
1105,1
1106,1
1107,1
1108,1
1109,1
1110,3
1111,1
1112,1
1113,3
1114,2
1115,3
1116,2
1117,3
1118,1
1119,1
1120,1
1121,1
1122,1
1123,3
1124,2
1125,3
1126,2
1127,3
1128,2
1129,1
1130,1
1131,1
1132,1
1133,1
1134,2
1135,2
1136,3
1137,3
1138,3
1139,1
1140,2
1141,1
1142,3
1143,1
1144,1
1145,1
1146,1
1147,3
1148,2
1149,3
1150,3
1151,3
1152,3
1153,3
1154,2
1155,3
1156,3
1157,3
1158,2
1159,1
1160,3
1161,3
1162,3
1163,2
1164,2
1165,3
1166,3
1167,3
1168,3
1169,2
1170,2
1171,3
1172,3
1173,3
1174,3
1175,3
1176,3
1177,2
1178,1
1179,1
1180,1
1181,1
1182,1
1183,1
1184,3
1185,3
1186,3
1187,2
1188,3
1189,2
1190,3
1191,3
1192,3
1193,3
1194,3
1195,1
1196,2
1197,1
1198,3
1199,2
1200,3
1201,3
1202,3
1203,1
1204,1
1205,1
1206,2
1207,1
1208,1
1209,1
1210,3
1211,1
1212,2
1213,3
1214,3
1215,1
1216,3
1217,3
1218,1
1219,3
1220,3
1221,1
1222,1
1223,3
1224,3
1225,2
1226,3
1227,3
1228,3
1229,3
1230,3
1231,3
1232,3
1233,3
1234,3
1235,3
1236,3
1237,1
1238,3
1239,1
1240,1
1241,2
1242,3
1243,3
1244,3
1245,3
1246,3
1247,3
1248,3
1249,3
1250,3
1251,3
1252,3
1253,3
1254,3
1255,3
1256,3
1257,3
1258,3
1259,3
1260,3
1261,3
1262,3
1263,3
1264,3
1265,3
1266,3
1267,1
1268,2
1269,2
1270,1
1271,3
1272,3
1273,2
1274,1
1275,1
1276,3
1277,3
1278,3
1279,3
1280,2
1281,3
1282,1
1283,1
1284,3
1285,3
1286,3
1287,3
1288,3
1289,3
1290,1
1291,3
1292,3
1293,1
1294,3
1295,1
1296,3
1297,3
1298,3
1299,3
1300,3
1301,3
1302,3
1303,1
1304,3
1305,3
1306,3
1307,3
1308,3
1309,3
1310,3
1311,2
1312,3
1313,3
1314,1
1315,1
1316,1
1317,2
1318,1
1319,1
1320,3
1321,2
1322,1
1323,1
1324,2
1325,3
1326,3
1327,3
1328,3
1329,2
1330,3
1331,2
1332,3
1333,3
1334,2
1335,3
1336,2
1337,3
1338,3
1339,3
1340,3
1341,2
1342,3
1343,3
1344,3
1345,3
1346,1
1347,2
1348,3
1349,3
1350,3
1351,3
1352,3
1353,3
1354,3
1355,3
1356,3
1357,3
1358,3
1359,3
1360,1
1361,1
1362,3
1363,1
1364,1
1365,3
1366,3
1367,1
1368,1
1369,3
1370,2
1371,3
1372,3
1373,3
1374,3
1375,2
1376,3
1377,3
1378,2
1379,2
1380,3
1381,3
1382,1
1383,1
1384,2
1385,3
1386,3
1387,3
1388,3
1389,3
1390,3
1391,3
1392,2
1393,3
1394,3
1395,3
1396,3
1397,3
1398,3
1399,1
1400,1
1401,3
1402,0
1403,3
1404,3
1405,2
1406,2
1407,3
1408,2
1409,3
1410,3
1411,2
1412,2
1413,3
1414,2
1415,2
1416,1
1417,1
1418,3
1419,1
1420,1
1421,3
1422,2
1423,3
1424,3
1425,3
1426,3
1427,3
1428,2
1429,3
1430,3
1431,3
1432,3
1433,3
1434,3
1435,2
1436,1
1437,1
1438,2
1439,3
1440,1
1441,1
1442,1
1443,2
1444,1
1445,1
1446,3
1447,3
1448,3
1449,3
1450,3
1451,3
1452,3
1453,2
1454,3
1455,3
1456,3
1457,3
1458,2
1459,3
1460,3
1461,3
1462,3
1463,3
1464,2
1465,2
1466,1
1467,1
1468,3
1469,1
1470,2
1471,3
1472,3
1473,3
1474,3
1475,2
1476,3
1477,2
1478,3
1479,1
1480,1
1481,1
1482,1
1483,3
1484,3
1485,3
1486,3
1487,1
1488,1
1489,1
1490,1
1491,3
1492,2
1493,1
1494,1
1495,1
1496,1
1497,2
1498,1
1499,1
1500,1
1501,2
1502,3
1503,2
1504,3
1505,3
1506,3
1507,3
1508,2
1509,2
1510,3
1511,3
1512,1
1513,3
1514,3
1515,2
1516,3
1517,3
1518,2
1519,3
1520,2
1521,3
1522,3
1523,3
1524,3
1525,3
1526,3
1527,2
1528,3
1529,3
1530,3
1531,2
1532,3
1533,3
1534,1
1535,1
1536,1
1537,3
1538,3
1539,0
1540,1
1541,0
1542,3
1543,3
1544,3
1545,3
1546,2
1547,1
1548,2
1549,2
1550,3
1551,2
1552,1
1553,3
1554,1
1555,3
1556,2
1557,2
1558,3
1559,3
1560,3
1561,3
1562,3
1563,3
1564,2
1565,3
1566,3
1567,3
1568,3
1569,3
1570,2
1571,3
1572,2
1573,3
1574,3
1575,3
1576,3
1577,3
1578,0
1579,3
1580,3
1581,3
1582,3
1583,3
1584,3
1585,2
1586,3
1587,3
1588,1
1589,3
1590,3
1591,3
1592,3
1593,3
1594,3
1595,3
1596,3
1597,3
1598,3
1599,3
1600,2
1601,2
1602,3
1603,3
1604,3
1605,3
1606,1
1607,1
1608,1
1609,1
1610,1
1611,1
1612,3
1613,1
1614,1
1615,3
1616,3
1617,3
1618,3
1619,3
1620,3
1621,3
1622,3
1623,2
1624,3
1625,3
1626,3
1627,3
1628,3
1629,3
1630,3
1631,3
1632,2
1633,3
1634,3
1635,3
1636,3
1637,3
1638,2
1639,3
1640,3
1641,2
1642,3
1643,3
1644,3
1645,3
1646,2
1647,3
1648,3
1649,3
1650,3
1651,3
1652,3
1653,3
1654,3
1655,3
1656,3
1657,3
1658,3
1659,3
1660,3
1661,3
1662,3
1663,3
1664,3
1665,3
1666,3
1667,3
1668,0
1669,0
1670,3
1671,3
1672,3
1673,3
1674,0
1675,0
1676,3
1677,3
1678,3
1679,3
1680,3
1681,3
1682,3
1683,3
1684,3
1685,3
1686,3
1687,3
1688,3
1689,3
1690,0
1691,0
1692,3
1693,3
1694,3
1695,2
1696,3
1697,3
1698,3
1699,3
1700,3
1701,3
1702,3
1703,3
1704,3
1705,3
1706,3
1707,3
1708,3
1709,3
1710,3
1711,3
1712,3
1713,3
1714,3
1715,3
1716,3
1717,3
1718,3
1719,3
1720,3
1721,3
1722,3
1723,3
1724,3
1725,3
1726,3
1727,3
1728,3
1729,3
1730,3
1731,3
1732,3
1733,3
1734,3
1735,3
1736,3
1737,3
1738,3
1739,3
1740,3
1741,3
1742,3
1743,3
1744,3
1745,3
1746,1
1747,3
1748,3
1749,3
1750,3
1751,3
1752,0
1753,3
1754,3
1755,3
1756,3
1757,3
1758,3
1759,3
1760,3
1761,3
1762,3
1763,3
1764,3
1765,0
1766,3
1767,3
1768,3
1769,3
1770,3
1771,3
1772,3
1773,3
1774,3
1775,3
1776,3
1777,3
1778,3
1779,3
1780,3
1781,3
1782,0
1783,0
1784,0
1785,0
1786,0
1787,0
1788,0
1789,3
1790,0
1791,0
1792,0
1793,0
1794,0
1795,3
1796,0
1797,0
1798,0
1799,0
1800,0
1801,0
1802,0
1803,3
1804,3
1805,3
1806,3
1807,3
1808,3
1809,3
1810,3
1811,3
1812,3
1813,3
1814,3
1815,3
1816,3
1817,3
1818,3
1819,3
1820,3
1821,3
1822,3
1823,3
1824,2
1825,3
1826,3
1827,3
1828,3
1829,3
1830,3
1831,2
1832,3
1833,3
1834,3
1835,3
1836,3
1837,3
1838,3
1839,3
1840,3
1841,3
1842,3
1843,3
1844,3
1845,0
1846,0
1847,3
1848,3
1849,0
1850,3
1851,3
1852,3
1853,3
1854,3
1855,0
1856,3
1857,3
1858,3
1859,3
1860,3
1861,3
1862,3
1863,3
1864,3
1865,3
1866,3
1867,3
1868,3
1869,3
1870,3
1871,3
1872,3
1873,3
1874,3
1875,3
1876,2
1877,3
1878,3
1879,3
1880,3
1881,0
1882,3
1883,3
1884,3
1885,0
1886,3
1887,3
1888,3
1889,3
1890,3
1891,0
1892,0
1893,0
1894,3
1895,3
1896,3
1897,3
1898,3
1899,3
1900,3
1901,3
1902,3
1903,3
1904,3
1905,3
1906,3
1907,3
1908,3
1909,0
1910,3
1911,3
1912,3
1913,3
1914,3
1915,3
1916,3
1917,3
1918,3
1919,3
1920,3
1921,3
1922,3
1923,3
1924,3
1925,3
1926,2
1927,3
1928,3
1929,3
1930,3
1931,3
1932,3
1933,3
1934,3
1935,0
1936,3
1937,0
1938,0
1939,3
1940,3
1941,3
1942,3
1943,3
1944,3
1945,3
1946,3
1947,3
1948,3
1949,3
1950,3
1951,3
1952,3
1953,3
1954,3
1955,3
1956,3
1957,3
1958,3
1959,3
1960,3
1961,2
1962,0
1963,3
1964,0
1965,0
1966,0
1967,3
1968,3
1969,0
1970,3
1971,3
1972,3
1973,3
1974,3
1975,3
1976,3
1977,3
1978,3
1979,3
1980,3
1981,3
1982,3
1983,3
1984,3
1985,2
1986,0
1987,0
1988,0
1989,1
1990,1
1991,3
1992,3
1993,3
1994,0
1995,3
1996,3
1997,3
1998,3
1999,3
2000,3
2001,3
2002,3
2003,3
2004,3
2005,3
2006,3
2007,3
2008,3
2009,3
2010,3
2011,3
2012,3
2013,3
2014,0
2015,3
2016,3
2017,0
2018,0
2019,0
2020,3
2021,0
2022,3
2023,3
2024,3
2025,3
2026,3
2027,3
2028,3
2029,3
2030,3
2031,3
2032,0
2033,0
2034,3
2035,3
2036,3
2037,3
2038,3
2039,3
2040,3
2041,3
2042,3
2043,3
2044,3
2045,3
2046,3
2047,3
2048,3
2049,3
2050,3
2051,3
2052,0
2053,3
2054,3
2055,3
2056,3
2057,3
2058,0
2059,1
2060,3
2061,1
2062,3
2063,1
2064,0
2065,0
2066,3
2067,3
2068,3
2069,3
2070,3
2071,3
2072,2
2073,1
2074,0
2075,0
2076,0
2077,0
2078,0
2079,0
2080,0
2081,0
2082,0
2083,0
2084,3
2085,3
2086,3
2087,3
2088,0
2089,3
2090,3
2091,3
2092,0
2093,3
2094,0
2095,3
2096,3
2097,3
2098,3
2099,3
2100,3
2101,3
2102,3
2103,3
2104,0
2105,0
2106,0
2107,0
2108,1
2109,0
2110,3
2111,3
2112,3
2113,3
2114,3
2115,3
2116,3
2117,3
2118,3
2119,3
2120,1
2121,3
2122,3
2123,3
2124,3
2125,2
2126,3
2127,3
2128,3
2129,3
2130,3
2131,3
2132,3
2133,3
2134,3
2135,0
2136,0
2137,0
2138,3
2139,3
2140,3
2141,3
2142,3
2143,3
2144,3
2145,3
2146,0
2147,2
2148,3
2149,3
2150,0
2151,0
2152,0
2153,0
2154,3
2155,0
2156,3
2157,3
2158,3
2159,3
2160,0
2161,0
2162,0
2163,0
2164,3
2165,3
2166,3
2167,3
2168,3
2169,3
2170,3
2171,3
2172,3
2173,3
2174,3
2175,3
2176,3
2177,3
2178,3
2179,3
2180,3
2181,3
2182,3
2183,1
2184,3
2185,3
2186,1
2187,0
2188,0
2189,3
2190,0
2191,0
2192,1
2193,0
2194,3
2195,3
2196,3
2197,3
2198,3
2199,3
2200,3
2201,3
2202,3
2203,3
2204,3
2205,3
2206,3
2207,3
2208,3
2209,0
2210,3
2211,3
2212,3
2213,3
2214,3
2215,3
2216,3
2217,3
2218,3
2219,3
2220,3
2221,3
2222,3
2223,3
2224,3
2225,3
2226,3
2227,0
2228,0
2229,0
2230,3
2231,0
2232,3
2233,0
2234,0
2235,0
2236,0
2237,3
2238,0
2239,3
2240,3
2241,3
2242,3
2243,3
2244,3
2245,3
2246,0
2247,3
2248,3
2249,0
2250,0
2251,0
2252,3
2253,3
2254,3
2255,0
2256,3
2257,3
2258,3
2259,3
2260,0
2261,0
2262,3
2263,0
2264,0
2265,0
2266,0
2267,0
2268,0
2269,0
2270,0
2271,0
2272,0
2273,0
2274,0
2275,0
2276,3
2277,3
2278,3
2279,3
2280,3
2281,0
2282,0
2283,3
2284,3
2285,3
2286,3
2287,3
2288,3
2289,3
2290,3
2291,3
2292,0
2293,3
2294,3
2295,3
2296,1
2297,3
2298,3
2299,3
2300,3
2301,3
2302,0
2303,1
2304,3
2305,3
2306,1
2307,0
2308,0
2309,0
2310,0
2311,0
2312,0
2313,0
2314,0
2315,0
2316,0
2317,0
2318,0
2319,0
2320,0
2321,0
2322,0
2323,0
2324,0
2325,3
2326,0
2327,3
2328,0
2329,0
2330,0
2331,0
2332,0
2333,0
2334,3
2335,1
2336,3
2337,3
2338,3
2339,3
2340,3
2341,1
2342,3
2343,3
2344,3
2345,0
2346,3
2347,3
2348,3
2349,3
2350,3
2351,3
2352,3
2353,3
2354,3
2355,0
2356,3
2357,3
2358,3
2359,1
2360,3
2361,0
2362,0
2363,0
2364,0
2365,0
2366,3
2367,2
2368,3
2369,3
2370,3
2371,2
2372,3
2373,3
2374,3
2375,3
2376,3
2377,3
2378,3
2379,3
2380,3
2381,3
2382,3
2383,3
2384,3
2385,3
2386,3
2387,3
2388,3
2389,3
2390,3
2391,3
2392,3
2393,3
2394,3
2395,3
2396,3
2397,3
2398,3
2399,3
2400,3
2401,3
2402,3
2403,0
2404,0
2405,0
2406,2
2407,3
2408,3
2409,3
2410,3
2411,3
2412,3
2413,3
2414,3
2415,3
2416,3
2417,3
2418,3
2419,0
2420,3
2421,3
2422,3
2423,3
2424,3
2425,0
2426,0
2427,0
2428,0
2429,0
2430,0
2431,0
2432,0
2433,0
2434,0
2435,0
2436,0
2437,0
2438,3
2439,0
2440,0
2441,0
2442,0
2443,0
2444,0
2445,0
2446,0
2447,0
2448,3
2449,0
2450,0
2451,3
2452,3
2453,3
2454,3
2455,3
2456,3
2457,3
2458,3
2459,3
2460,3
2461,3
2462,3
2463,3
2464,3
2465,3
2466,3
2467,3
2468,3
2469,3
2470,0
2471,3
2472,3
2473,3
2474,3
2475,3
2476,3
2477,3
2478,3
2479,3
2480,3
2481,3
2482,3
2483,3
2484,3
2485,3
2486,3
2487,3
2488,2
2489,3
2490,3
2491,3
2492,3
2493,3
2494,3
2495,3
2496,3
2497,0
2498,1
2499,3
2500,0
2501,3
2502,2
2503,3
2504,3
2505,3
2506,3
2507,3
2508,3
2509,3
2510,3
2511,3
2512,3
2513,3
2514,3
2515,3
2516,3
2517,3
2518,3
2519,3
2520,3
2521,3
2522,2
2523,3
2524,3
2525,3
2526,0
2527,3
2528,3
2529,3
2530,3
2531,0
2532,3
2533,0
2534,3
2535,3
2536,3
2537,3
2538,3
2539,3
2540,3
2541,3
2542,3
2543,3
2544,3
2545,3
2546,3
2547,3
2548,3
2549,3
2550,3
2551,3
2552,3
2553,3
2554,3
2555,0
2556,3
2557,3
2558,3
2559,3
2560,3
2561,3
2562,3
2563,3
2564,3
2565,3
2566,3
2567,3
2568,3
2569,3
2570,3
2571,3
2572,3
2573,0
2574,0
2575,0
2576,3
2577,2
2578,3
2579,3
2580,3
2581,3
2582,3
2583,3
2584,3
2585,0
2586,0
2587,1
2588,3
2589,3
2590,3
2591,2
2592,3
2593,3
2594,3
2595,3
2596,0
2597,3
2598,0
2599,0
2600,0
2601,0
2602,2
2603,2
2604,3
2605,2
2606,2
2607,3
2608,3
2609,3
2610,3
2611,3
2612,3
2613,3
2614,3
2615,3
2616,3
2617,3
2618,3
2619,3
2620,3
2621,3
2622,3
2623,3
2624,3
2625,3
2626,3
2627,3
2628,3
2629,3
2630,0
2631,3
2632,3
2633,3
2634,3
2635,3
2636,3
2637,3
2638,3
2639,3
2640,3
2641,3
2642,3
2643,3
2644,3
2645,3
2646,3
2647,3
2648,3
2649,3
2650,3
2651,3
2652,3
2653,3
2654,3
2655,2
2656,3
2657,3
2658,0
2659,0
2660,2
2661,3
2662,3
2663,3
2664,0
2665,3
2666,3
2667,3
2668,3
2669,3
2670,3
2671,3
2672,3
2673,3
2674,3
2675,2
2676,3
2677,3
2678,3
2679,3
2680,3
2681,3
2682,3
2683,3
2684,3
2685,3
2686,3
2687,3
2688,3
2689,3
2690,3
2691,3
2692,2
2693,3
2694,3
2695,3
2696,3
2697,3
2698,3
2699,3
2700,3
2701,3
2702,3
2703,3
2704,3
2705,3
2706,3
2707,3
2708,0
2709,3
2710,3
2711,3
2712,3
2713,3
2714,3
2715,3
2716,3
2717,3
2718,3
2719,3
2720,2
2721,3
2722,3
2723,3
2724,2
2725,3
2726,3
2727,3
2728,3
2729,3
2730,0
2731,3
2732,0
2733,3
2734,3
2735,3
2736,3
2737,0
2738,3
2739,0
2740,3
2741,3
2742,3
2743,3
2744,3
2745,3
2746,3
2747,0
2748,3
2749,0
2750,3
2751,3
2752,0
2753,3
2754,3
2755,0
2756,3
2757,3
2758,3
2759,3
2760,0
2761,3
2762,3
2763,3
2764,3
2765,3
2766,3
2767,3
2768,0
2769,0
2770,0
2771,0
2772,3
2773,3
2774,3
2775,3
2776,3
2777,0
2778,0
2779,3
2780,0
2781,3
2782,0
2783,0
2784,3
2785,3
2786,3
2787,3
2788,3
2789,3
2790,3
2791,3
2792,2
2793,2
2794,3
2795,3
2796,3
2797,3
2798,3
2799,2
2800,3
2801,3
2802,2
2803,3
2804,3
2805,3
2806,3
2807,3
2808,3
2809,3
2810,3
2811,3
2812,2
2813,3
2814,3
2815,3
2816,3
2817,3
2818,3
2819,2
2820,3
2821,3
2822,2
2823,3
2824,3
2825,3
2826,0
2827,0
2828,2
2829,3
2830,2
2831,3
2832,3
2833,3
2834,3
2835,3
2836,3
2837,2
2838,3
2839,3
2840,3
2841,3
2842,3
2843,3
2844,3
2845,3
2846,3
2847,3
2848,3
2849,2
2850,3
2851,2
2852,2
2853,3
2854,3
2855,3
2856,3
2857,3
2858,3
2859,3
2860,3
2861,3
2862,3
2863,2
2864,3
2865,3
2866,3
2867,3
2868,3
2869,3
2870,3
2871,3
2872,3
2873,3
2874,2
2875,3
2876,2
2877,3
2878,3
2879,3
2880,3
2881,3
2882,3
2883,3
2884,3
2885,3
2886,3
2887,3
2888,3
2889,0
2890,3
2891,3
2892,3
2893,1
2894,3
2895,3
2896,3
2897,3
2898,3
2899,3
2900,3
2901,3
2902,3
2903,3
2904,3
2905,0
2906,3
2907,3
2908,3
2909,3
2910,3
2911,3
2912,3
2913,3
2914,3
2915,3
2916,3
2917,3
2918,3
2919,3
2920,3
2921,3
2922,3
2923,3
2924,3
2925,3
2926,3
2927,3
2928,3
2929,3
2930,3
2931,3
2932,3
2933,3
2934,3
2935,3
2936,3
2937,3
2938,3
2939,3
2940,3
2941,3
2942,3
2943,2
2944,2
2945,2
2946,3
2947,3
2948,3
2949,3
2950,3
2951,3
2952,3
2953,3
2954,3
2955,3
2956,3
2957,3
2958,3
2959,3
2960,3
2961,3
2962,3
2963,3
2964,3
2965,3
2966,0
2967,3
2968,0
2969,3
2970,3
2971,3
2972,3
2973,3
2974,3
2975,3
2976,3
2977,3
2978,3
2979,3
2980,3
2981,3
2982,3
2983,3
2984,3
2985,2
2986,3
2987,3
2988,3
2989,2
2990,3
2991,2
2992,3
2993,0
2994,3
2995,3
2996,3
2997,3
2998,3
2999,3
3000,3
3001,3
3002,3
3003,3
3004,3
3005,3
3006,3
3007,3
3008,3
3009,2
3010,3
3011,3
3012,2
3013,3
3014,3
3015,3
3016,2
3017,3
3018,3
3019,3
3020,3
3021,3
3022,3
3023,2
3024,3
3025,3
3026,3
3027,3
3028,2
3029,3
3030,3
3031,3
3032,3
3033,3
3034,3
3035,3
3036,3
3037,3
3038,3
3039,3
3040,3
3041,3
3042,3
3043,3
3044,3
3045,3
3046,2
3047,3
3048,3
3049,3
3050,3
3051,3
3052,3
3053,3
3054,3
3055,3
3056,3
3057,3
3058,3
3059,3
3060,3
3061,3
3062,2
3063,3
3064,3
3065,3
3066,3
3067,3
3068,3
3069,3
3070,3
3071,3
3072,3
3073,3
3074,3
3075,3
3076,3
3077,3
3078,3
3079,3
3080,3
3081,3
3082,3
3083,3
3084,3
3085,3
3086,3
3087,3
3088,3
3089,3
3090,3
3091,3
3092,3
3093,3
3094,3
3095,3
3096,3
3097,3
3098,3
3099,3
3100,3
3101,3
3102,3
3103,3
3104,3
3105,3
3106,3
3107,3
3108,3
3109,3
3110,3
3111,3
3112,3
3113,3
3114,3
3115,3
3116,3
3117,3
3118,3
3119,3
3120,3
3121,3
3122,3
3123,3
3124,3
3125,3
3126,3
3127,3
3128,3
3129,3
3130,3
3131,3
3132,3
3133,3
3134,3
3135,3
3136,3
3137,3
3138,3
3139,3
3140,3
3141,3
3142,3
3143,3
3144,3
3145,3
3146,3
3147,3
3148,3
3149,3
3150,3
3151,3
3152,3
3153,3
3154,3
3155,3
3156,3
3157,3
3158,3
3159,3
3160,3
3161,3
3162,3
3163,3
3164,3
3165,0
3166,3
3167,3
3168,3
3169,3
3170,3
3171,3
3172,3
3173,3
3174,3
3175,0
3176,3
3177,3
3178,3
3179,3
3180,3
3181,3
3182,3
3183,3
3184,3
3185,3
3186,3
3187,3
3188,3
3189,3
3190,2
3191,3
3192,3
3193,2
3194,3
3195,2
3196,3
3197,3
3198,3
3199,3
3200,3
3201,3
3202,3
3203,3
3204,3
3205,0
3206,3
3207,3
3208,2
3209,2
3210,3
3211,3
3212,3
3213,3
3214,3
3215,3
3216,3
3217,3
3218,2
3219,1
3220,3
3221,3
3222,2
3223,0
3224,0
3225,1
3226,0
3227,0
3228,0
3229,1
3230,0
3231,0
3232,0
3233,0
3234,0
3235,3
3236,3
3237,2
3238,3
3239,3
3240,0
3241,0
3242,0
3243,3
3244,1
3245,0
3246,1
3247,1
3248,3
3249,0
3250,0
3251,3
3252,3
3253,3
3254,1
3255,3
3256,3
3257,1
3258,0
3259,3
3260,3
3261,3
3262,3
3263,0
3264,3
3265,3
3266,3
3267,3
3268,3
3269,3
3270,1
3271,3
3272,3
3273,3
3274,3
3275,2
3276,3
3277,3
3278,3
3279,1
3280,3
3281,3
3282,3
3283,3
3284,0
3285,3
3286,3
3287,3
3288,3
3289,3
3290,3
3291,3
3292,1
3293,3
3294,1
3295,3
3296,0
3297,3
3298,3
3299,3
3300,1
3301,0
3302,0
3303,3
3304,3
3305,3
3306,3
3307,0
3308,1
3309,3
3310,3
3311,3
3312,3
3313,3
3314,1
3315,3
3316,3
3317,3
3318,3
3319,2
3320,2
3321,3
3322,3
3323,3
3324,3
3325,2
3326,3
3327,3
3328,3
3329,2
3330,3
3331,3
3332,3
3333,2
3334,3
3335,3
3336,3
3337,3
3338,3
3339,3
3340,2
3341,3
3342,3
3343,3
3344,2
3345,3
3346,3
3347,3
3348,3
3349,2
3350,3
3351,3
3352,2
3353,3
3354,2
3355,3
3356,3
3357,3
3358,3
3359,3
3360,3
3361,3
3362,3
3363,3
3364,3
3365,3
3366,3
3367,2
3368,3
3369,3
3370,3
3371,3
3372,2
3373,3
3374,3
3375,3
3376,3
3377,2
3378,3
3379,3
3380,3
3381,3
3382,3
3383,3
3384,3
3385,3
3386,3
3387,3
3388,2
3389,3
3390,3
3391,3
3392,3
3393,3
3394,3
3395,3
3396,3
3397,3
3398,3
3399,3
3400,3
3401,3
3402,3
3403,3
3404,3
3405,3
3406,3
3407,3
3408,3
3409,3
3410,2
3411,2
3412,3
3413,3
3414,3
3415,3
3416,3
3417,3
3418,3
3419,3
3420,3
3421,2
3422,3
3423,3
3424,3
3425,3
3426,3
3427,3
3428,2
3429,3
3430,3
3431,3
3432,3
3433,3
3434,3
3435,3
3436,2
3437,3
3438,2
3439,3
3440,3
3441,3
3442,3
3443,3
3444,3
3445,3
3446,3
3447,3
3448,3
3449,2
3450,3
3451,3
3452,3
3453,0
3454,3
3455,3
3456,3
3457,3
3458,3
3459,3
3460,3
3461,3
3462,3
3463,3
3464,3
3465,3
3466,3
3467,2
3468,3
3469,3
3470,3
3471,3
3472,3
3473,3
3474,0
3475,0
3476,3
3477,3
3478,3
3479,3
3480,3
3481,3
3482,3
3483,3
3484,3
3485,3
3486,3
3487,3
3488,3
3489,3
3490,3
3491,3
3492,3
3493,2
3494,3
3495,3
3496,3
3497,3
3498,3
3499,3
3500,3
3501,3
3502,3
3503,3
3504,3
3505,3
3506,3
3507,3
3508,3
3509,3
3510,2
3511,3
3512,3
3513,3
3514,2
3515,3
3516,3
3517,3
3518,3
3519,3
3520,3
3521,3
3522,2
3523,3
3524,3
3525,3
3526,3
3527,3
3528,3
3529,3
3530,3
3531,3
3532,3
3533,3
3534,3
3535,3
3536,3
3537,3
3538,3
3539,3
3540,3
3541,3
3542,3
3543,3
3544,3
3545,3
3546,3
3547,3
3548,3
3549,3
3550,3
3551,0
3552,3
3553,2
3554,3
3555,3
3556,3
3557,3
3558,3
3559,3
3560,3
3561,2
3562,3
3563,3
3564,3
3565,3
3566,3
3567,3
3568,3
3569,3
3570,3
3571,3
3572,3
3573,3
3574,2
3575,3
3576,3
3577,3
3578,3
3579,3
3580,0
3581,0
3582,0
3583,0
3584,0
3585,0
3586,3
3587,3
3588,3
3589,3
3590,2
3591,2
3592,3
3593,3
3594,3
3595,3
3596,3
3597,3
3598,0
3599,3
3600,3
3601,3
3602,3
3603,3
3604,3
3605,3
3606,3
3607,3
3608,3
3609,3
3610,3
3611,3
3612,3
3613,2
3614,3
3615,3
3616,3
3617,3
3618,3
3619,3
3620,3
3621,3
3622,3
3623,3
3624,3
3625,3
3626,3
3627,3
3628,3
3629,3
3630,3
3631,3
3632,3
3633,3
3634,3
3635,3
3636,3
3637,3
3638,0
3639,3
3640,3
3641,3
3642,3
3643,3
3644,3
3645,3
3646,2
3647,3
3648,3
3649,2
3650,3
3651,2
3652,3
3653,3
3654,3
3655,3
3656,3
3657,2
3658,3
3659,0
3660,3
3661,3
3662,3
3663,3
3664,5
3665,3
3666,3
3667,3
3668,3
3669,3
3670,3
3671,3
3672,4
3673,3
3674,3
3675,3
3676,4
3677,3
3678,3
3679,3
3680,3
3681,0
3682,3
3683,3
3684,3
3685,3
3686,3
3687,3
3688,3
3689,3
3690,3
3691,3
3692,4
3693,2
3694,3
3695,3
3696,3
3697,3
3698,3
3699,3
3700,1
3701,3
3702,0
3703,3
3704,4
3705,3
3706,3
3707,0
3708,2
3709,3
3710,3
3711,3
3712,3
3713,3
3714,0
3715,3
3716,3
3717,3
3718,3
3719,4
3720,3
3721,0
3722,3
3723,2
3724,2
3725,2
3726,3
3727,3
3728,0
3729,3
3730,3
3731,3
3732,3
3733,3
3734,3
3735,3
3736,2
3737,3
3738,2
3739,3
3740,3
3741,3
3742,3
3743,3
3744,3
3745,3
3746,3
3747,4
3748,4
3749,3
3750,3
3751,4
3752,3
3753,3
3754,3
3755,0
3756,3
3757,3
3758,3
3759,3
3760,3
3761,0
3762,3
3763,3
3764,0
3765,3
3766,2
3767,0
3768,0
3769,0
3770,3
3771,3
3772,3
3773,3
3774,0
3775,1
3776,3
3777,3
3778,3
3779,3
3780,3
3781,3
3782,3
3783,3
3784,3
3785,3
3786,3
3787,3
3788,3
3789,3
3790,3
3791,3
3792,3
3793,2
3794,1
3795,2
3796,3
3797,0
3798,0
3799,3
3800,3
3801,3
3802,3
3803,3
3804,3
3805,3
3806,3
3807,3
3808,0
3809,3
3810,3
3811,3
3812,4
3813,3
3814,3
3815,0
3816,3
3817,4
3818,3
3819,3
3820,3
3821,3
3822,3
3823,3
3824,3
3825,3
3826,3
3827,2
3828,3
3829,3
3830,3
3831,3
3832,3
3833,3
3834,3
3835,3
3836,3
3837,3
3838,3
3839,3
3840,3
3841,3
3842,4
3843,4
3844,3
3845,3
3846,3
3847,3
3848,3
3849,3
3850,3
3851,3
3852,3
3853,3
3854,3
3855,3
3856,3
3857,3
3858,3
3859,3
3860,3
3861,3
3862,3
3863,3
3864,3
3865,3
3866,3
3867,3
3868,3
3869,3
3870,3
3871,3
3872,3
3873,3
3874,3
3875,4
3876,3
3877,3
3878,3
3879,3
3880,3
3881,3
3882,3
3883,3
3884,3
3885,3
3886,3
3887,3
3888,3
3889,3
3890,3
3891,3
3892,3
3893,3
3894,3
3895,0
3896,3
3897,3
3898,3
3899,3
3900,3
3901,3
3902,3
3903,3
3904,3
3905,4
3906,3
3907,3
3908,3
3909,3
3910,3
3911,3
3912,3
3913,3
3914,3
3915,0
3916,3
3917,3
3918,3
3919,3
3920,3
3921,3
3922,3
3923,4
3924,3
3925,4
3926,3
3927,3
3928,0
3929,3
3930,2
3931,3
3932,3
3933,4
3934,0
3935,3
3936,0
3937,3
3938,3
3939,2
3940,3
3941,3
3942,3
3943,3
3944,3
3945,0
3946,3
3947,3
3948,3
3949,3
3950,3
3951,2
3952,0
3953,3
3954,0
3955,0
3956,0
3957,3
3958,3
3959,2
3960,3
3961,3
3962,3
3963,4
3964,3
3965,3
3966,3
3967,3
3968,3
3969,3
3970,3
3971,3
3972,3
3973,3
3974,3
3975,3
3976,3
3977,4
3978,3
3979,3
3980,3
3981,3
3982,3
3983,3
3984,3
3985,3
3986,3
3987,3
3988,3
3989,3
3990,3
3991,3
3992,3
3993,4
3994,3
3995,4
3996,3
3997,3
3998,3
3999,2
4000,3
4001,3
4002,3
4003,0
4004,3
4005,4
4006,0
4007,0
4008,3
4009,3
4010,0
4011,3
4012,3
4013,3
4014,3
4015,3
4016,3
4017,3
4018,4
4019,3
4020,0
4021,3
4022,0
4023,3
4024,3
4025,3
4026,0
4027,3
4028,3
4029,3
4030,3
4031,3
4032,4
4033,4
4034,3
4035,0
4036,0
4037,3
4038,3
4039,0
4040,0
4041,3
4042,3
4043,3
4044,3
4045,3
4046,3
4047,3
4048,3
4049,3
4050,3
4051,0
4052,3
4053,3
4054,3
4055,3
4056,3
4057,0
4058,3
4059,3
4060,3
4061,3
4062,0
4063,3
4064,3
4065,3
4066,3
4067,3
4068,3
4069,4
4070,3
4071,3
4072,2
4073,3
4074,3
4075,3
4076,3
4077,3
4078,3
4079,4
4080,3
4081,3
4082,3
4083,3
4084,3
4085,3
4086,4
4087,3
4088,3
4089,3
4090,3
4091,3
4092,3
4093,3
4094,3
4095,3
4096,3
4097,4
4098,3
4099,4
4100,3
4101,3
4102,3
4103,3
4104,4
4105,0
4106,3
4107,3
4108,2
4109,3
4110,3
4111,4
4112,3
4113,3
4114,3
4115,4
4116,3
4117,4
4118,3
4119,3
4120,3
4121,4
4122,3
4123,3
4124,3
4125,3
4126,3
4127,3
4128,3
4129,3
4130,3
4131,3
4132,3
4133,3
4134,4
4135,2
4136,3
4137,3
4138,0
4139,3
4140,3
4141,0
4142,3
4143,3
4144,3
4145,0
4146,3
4147,0
4148,3
4149,3
4150,4
4151,0
4152,3
4153,3
4154,4
4155,3
4156,3
4157,2
4158,2
4159,3
4160,3
4161,3
4162,3
4163,2
4164,3
4165,2
4166,3
4167,3
4168,2
4169,4
4170,3
4171,3
4172,3
4173,0
4174,3
4175,3
4176,3
4177,3
4178,3
4179,3
4180,3
4181,4
4182,3
4183,3
4184,0
4185,4
4186,0
4187,3
4188,3
4189,3
4190,3
4191,3
4192,3
4193,3
4194,3
4195,3
4196,3
4197,3
4198,4
4199,3
4200,3
4201,0
4202,3
4203,3
4204,3
4205,3
4206,0
4207,3
4208,3
4209,2
4210,2
4211,3
4212,3
4213,3
4214,3
4215,3
4216,3
4217,3
4218,3
4219,3
4220,3
4221,2
4222,3
4223,3
4224,3
4225,3
4226,3
4227,3
4228,3
4229,3
4230,3
4231,3
4232,2
4233,3
4234,3
4235,3
4236,3
4237,3
4238,2
4239,3
4240,3
4241,3
4242,3
4243,3
4244,3
4245,3
4246,3
4247,3
4248,3
4249,3
4250,3
4251,3
4252,3
4253,3
4254,3
4255,2
4256,3
4257,3
4258,3
4259,3
4260,3
4261,3
4262,3
4263,3
4264,3
4265,3
4266,3
4267,3
4268,4
4269,3
4270,3
4271,3
4272,3
4273,2
4274,3
4275,4
4276,3
4277,3
4278,3
4279,3
4280,3
4281,3
4282,3
4283,3
4284,3
4285,3
4286,3
4287,3
4288,3
4289,3
4290,3
4291,3
4292,3
4293,4
4294,3
4295,3
4296,2
4297,3
4298,2
4299,3
4300,4
4301,3
4302,4
4303,0
4304,3
4305,3
4306,3
4307,3
4308,3
4309,3
4310,3
4311,3
4312,3
4313,3
4314,2
4315,3
4316,3
4317,3
4318,3
4319,3
4320,3
4321,3
4322,3
4323,3
4324,3
4325,3
4326,3
4327,3
4328,0
4329,3
4330,3
4331,3
4332,3
4333,3
4334,3
4335,3
4336,3
4337,3
4338,3
4339,3
4340,3
4341,3
4342,3
4343,3
4344,3
4345,3
4346,3
4347,3
4348,3
4349,3
4350,3
4351,3
4352,3
4353,2
4354,4
4355,3
4356,4
4357,3
4358,3
4359,3
4360,3
4361,3
4362,3
4363,3
4364,3
4365,3
4366,3
4367,4
4368,0
4369,3
4370,3
4371,3
4372,3
4373,0
4374,3
4375,3
4376,3
4377,3
4378,3
4379,3
4380,3
4381,3
4382,3
4383,3
4384,2
4385,3
4386,3
4387,3
4388,3
4389,3
4390,2
4391,3
4392,3
4393,3
4394,3
4395,3
4396,3
4397,3
4398,3
4399,3
4400,3
4401,3
4402,3
4403,4
4404,2
4405,4
4406,4
4407,3
4408,3
4409,0
4410,0
4411,3
4412,3
4413,4
4414,4
4415,3
4416,3
4417,3
4418,3
4419,3
4420,3
4421,0
4422,3
4423,2
4424,0
4425,3
4426,3
4427,3
4428,3
4429,3
4430,3
4431,3
4432,3
4433,4
4434,3
4435,3
4436,3
4437,4
4438,3
4439,3
4440,3
4441,3
4442,2
4443,3
4444,3
4445,3
4446,3
4447,3
4448,2
4449,3
4450,3
4451,3
4452,3
4453,3
4454,3
4455,3
4456,3
4457,3
4458,3
4459,3
4460,3
4461,3
4462,3
4463,3
4464,3
4465,3
4466,3
4467,3
4468,3
4469,3
4470,3
4471,4
4472,3
4473,3
4474,3
4475,3
4476,2
4477,3
4478,3
4479,3
4480,3
4481,3
4482,3
4483,4
4484,3
4485,3
4486,3
4487,3
4488,3
4489,3
4490,3
4491,3
4492,3
4493,4
4494,3
4495,3
4496,4
4497,3
4498,3
4499,3
4500,3
4501,3
4502,3
4503,3
4504,3
4505,3
4506,3
4507,4
4508,3
4509,3
4510,3
4511,3
4512,3
4513,4
4514,3
4515,3
4516,3
4517,3
4518,3
4519,3
4520,3
4521,3
4522,4
4523,3
4524,3
4525,3
4526,3
4527,3
4528,3
4529,3
4530,3
4531,3
4532,3
4533,3
4534,3
4535,3
4536,4
4537,3
4538,3
4539,3
4540,3
4541,3
4542,3
4543,3
4544,3
4545,3
4546,3
4547,3
4548,3
4549,3
4550,3
4551,3
4552,2
4553,3
4554,2
4555,4
4556,3
4557,3
4558,3
4559,3
4560,3
4561,3
4562,3
4563,3
4564,3
4565,4
4566,3
4567,3
4568,0
4569,4
4570,3
4571,3
4572,3
4573,3
4574,3
4575,3
4576,3
4577,3
4578,3
4579,3
4580,3
4581,4
4582,3
4583,3
4584,3
4585,3
4586,3
4587,3
4588,3
4589,3
4590,2
4591,3
4592,3
4593,3
4594,3
4595,3
4596,4
4597,3
4598,3
4599,3
4600,3
4601,3
4602,2
4603,3
4604,3
4605,3
4606,3
4607,3
4608,2
4609,3
4610,3
4611,3
4612,3
4613,3
4614,3
4615,3
4616,3
4617,3
4618,3
4619,3
4620,3
4621,3
4622,4
4623,3
4624,3
4625,3
4626,3
4627,3
4628,3
4629,3
4630,3
4631,3
4632,3
4633,3
4634,3
4635,3
4636,3
4637,3
4638,3
4639,3
4640,3
4641,3
4642,3
4643,3
4644,3
4645,3
4646,3
4647,3
4648,3
4649,3
4650,3
4651,3
4652,3
4653,3
4654,3
4655,3
4656,4
4657,3
4658,3
4659,3
4660,3
4661,3
4662,3
4663,3
4664,3
4665,3
4666,3
4667,3
4668,3
4669,4
4670,3
4671,4
4672,3
4673,3
4674,3
4675,2
4676,3
4677,3
4678,3
4679,3
4680,3
4681,2
4682,3
4683,3
4684,0
4685,3
4686,3
4687,3
4688,3
4689,3
4690,3
4691,3
4692,3
4693,3
4694,3
4695,3
4696,3
4697,3
4698,3
4699,4
4700,3
4701,3
4702,3
4703,3
4704,4
4705,3
4706,4
4707,3
4708,3
4709,3
4710,3
4711,3
4712,3
4713,3
4714,4
4715,3
4716,3
4717,3
4718,4
4719,3
4720,3
4721,3
4722,3
4723,3
4724,3
4725,3
4726,3
4727,3
4728,3
4729,4
4730,3
4731,3
4732,3
4733,2
4734,3
4735,3
4736,3
4737,3
4738,4
4739,3
4740,3
4741,4
4742,3
4743,3
4744,3
4745,3
4746,3
4747,3
4748,3
4749,4
4750,3
4751,3
4752,3
4753,3
4754,4
4755,3
4756,3
4757,3
4758,3
4759,0
4760,3
4761,3
4762,3
4763,3
4764,3
4765,3
4766,4
4767,3
4768,3
4769,3
4770,3
4771,3
4772,4
4773,3
4774,4
4775,3
4776,3
4777,3
4778,3
4779,3
4780,3
4781,3
4782,3
4783,3
4784,3
4785,3
4786,3
4787,3
4788,3
4789,3
4790,3
4791,4
4792,3
4793,3
4794,4
4795,2
4796,3
4797,3
4798,3
4799,4
4800,3
4801,3
4802,3
4803,3
4804,3
4805,3
4806,3
4807,3
4808,3
4809,3
4810,3
4811,3
4812,3
4813,0
4814,3
4815,3
4816,3
4817,0
4818,3
4819,3
4820,3
4821,2
4822,4
4823,4
4824,4
4825,4
4826,4
4827,2
4828,3
4829,4
4830,3
4831,3
4832,4
4833,3
4834,0
4835,4
4836,3
4837,3
4838,3
4839,3
4840,3
4841,2
4842,3
4843,3
4844,3
4845,3
4846,3
4847,3
4848,2
4849,0
4850,3
4851,3
4852,3
4853,3
4854,3
4855,3
4856,3
4857,3
4858,3
4859,3
4860,3
4861,3
4862,0
4863,4
4864,3
4865,3
4866,3
4867,3
4868,4
4869,3
4870,3
4871,3
4872,3
4873,3
4874,3
4875,3
4876,3
4877,3
4878,3
4879,2
4880,2
4881,3
4882,3
4883,3
4884,3
4885,3
4886,3
4887,3
4888,3
4889,3
4890,3
4891,3
4892,3
4893,3
4894,3
4895,3
4896,3
4897,3
4898,3
4899,4
4900,3
4901,3
4902,3
4903,3
4904,3
4905,3
4906,3
4907,2
4908,3
4909,3
4910,3
4911,3
4912,3
4913,3
4914,4
4915,3
4916,3
4917,3
4918,3
4919,3
4920,3
4921,2
4922,3
4923,3
4924,3
4925,2
4926,3
4927,3
4928,4
4929,3
4930,3
4931,3
4932,3
4933,3
4934,3
4935,3
4936,3
4937,3
4938,3
4939,3
4940,4
4941,3
4942,3
4943,3
4944,0
4945,3
4946,3
4947,3
4948,3
4949,3
4950,3
4951,3
4952,3
4953,4
4954,3
4955,3
4956,3
4957,3
4958,3
4959,4
4960,3
4961,3
4962,3
4963,3
4964,3
4965,3
4966,3
4967,3
4968,3
4969,3
4970,3
4971,3
4972,3
4973,3
4974,3
4975,3
4976,3
4977,3
4978,3
4979,3
4980,3
4981,2
4982,3
4983,3
4984,3
4985,3
4986,3
4987,3
4988,3
4989,3
4990,3
4991,3
4992,3
4993,3
4994,3
4995,3
4996,3
4997,3
4998,3
4999,3
5000,3
5001,3
5002,3
5003,3
5004,3
5005,3
5006,3
5007,3
5008,3
5009,3
5010,3
5011,3
5012,3
5013,3
5014,3
5015,3
5016,3
5017,3
5018,3
5019,3
5020,3
5021,3
5022,3
5023,3
5024,3
5025,3
5026,2
5027,3
5028,3
5029,3
5030,3
5031,3
5032,2
5033,3
5034,3
5035,3
5036,3
5037,3
5038,3
5039,3
5040,2
5041,3
5042,3
5043,4
5044,3
5045,3
5046,3
5047,3
5048,3
5049,3
5050,3
5051,3
5052,3
5053,3
5054,4
5055,3
5056,3
5057,3
5058,3
5059,3
5060,2
5061,3
5062,3
5063,4
5064,3
5065,3
5066,3
5067,3
5068,3
5069,3
5070,3
5071,3
5072,3
5073,3
5074,3
5075,3
5076,3
5077,3
5078,4
5079,3
5080,3
5081,3
5082,3
5083,4
5084,3
5085,3
5086,2
5087,3
5088,3
5089,3
5090,3
5091,3
5092,3
5093,2
5094,3
5095,3
5096,3
5097,3
5098,3
5099,3
5100,3
5101,4
5102,3
5103,3
5104,3
5105,3
5106,3
5107,3
5108,3
5109,3
5110,3
5111,3
5112,3
5113,3
5114,3
5115,3
5116,3
5117,3
5118,3
5119,3
5120,3
5121,3
5122,3
5123,3
5124,3
5125,3
5126,3
5127,3
5128,3
5129,3
5130,3
5131,3
5132,3
5133,3
5134,3
5135,3
5136,3
5137,2
5138,2
5139,3
5140,3
5141,0
5142,3
5143,3
5144,3
5145,3
5146,3
5147,3
5148,2
5149,3
5150,3
5151,3
5152,3
5153,3
5154,3
5155,3
5156,3
5157,4
5158,3
5159,3
5160,3
5161,3
5162,3
5163,3
5164,3
5165,3
5166,4
5167,3
5168,3
5169,4
5170,3
5171,3
5172,3
5173,4
5174,3
5175,3
5176,3
5177,3
5178,3
5179,3
5180,3
5181,3
5182,3
5183,3
5184,3
5185,3
5186,4
5187,3
5188,3
5189,4
5190,3
5191,3
5192,3
5193,3
5194,3
5195,3
5196,3
5197,3
5198,3
5199,3
5200,3
5201,3
5202,3
5203,3
5204,3
5205,3
5206,3
5207,3
5208,3
5209,3
5210,3
5211,3
5212,3
5213,3
5214,3
5215,3
5216,3
5217,3
5218,3
5219,3
5220,3
5221,3
5222,3
5223,2
5224,3
5225,3
5226,2
5227,3
5228,3
5229,2
5230,3
5231,3
5232,3
5233,3
5234,3
5235,3
5236,4
5237,3
5238,3
5239,3
5240,3
5241,3
5242,3
5243,3
5244,3
5245,3
5246,2
5247,4
5248,3
5249,3
5250,3
5251,3
5252,3
5253,0
5254,3
5255,3
5256,3
5257,3
5258,3
5259,3
5260,3
5261,3
5262,3
5263,3
5264,3
5265,3
5266,3
5267,3
5268,3
5269,3
5270,3
5271,3
5272,3
5273,4
5274,3
5275,3
5276,3
5277,3
5278,3
5279,4
5280,2
5281,3
5282,2
5283,4
5284,0
5285,3
5286,3
5287,3
5288,4
5289,3
5290,3
5291,4
5292,3
5293,3
5294,3
5295,3
5296,3
5297,3
5298,3
5299,4
5300,3
5301,3
5302,2
5303,0
5304,2
5305,3
5306,3
5307,3
5308,3
5309,3
5310,4
5311,2
5312,3
5313,3
5314,4
5315,3
5316,3
5317,3
5318,3
5319,3
5320,3
5321,3
5322,4
5323,4
5324,3
5325,3
5326,3
5327,3
5328,3
5329,3
5330,3
5331,3
5332,3
5333,4
5334,3
5335,3
5336,2
5337,3
5338,3
5339,3
5340,3
5341,3
5342,3
5343,4
5344,3
5345,3
5346,3
5347,0
5348,3
5349,0
5350,3
5351,3
5352,3
5353,3
5354,3
5355,3
5356,3
5357,2
5358,2
5359,3
5360,3
5361,3
5362,3
5363,4
5364,3
5365,3
5366,2
5367,3
5368,3
5369,3
5370,3
5371,3
5372,3
5373,3
5374,3
5375,3
5376,3
5377,3
5378,3
5379,3
5380,3
5381,3
5382,3
5383,3
5384,4
5385,3
5386,3
5387,3
5388,3
5389,3
5390,3
5391,3
5392,3
5393,3
5394,3
5395,3
5396,3
5397,3
5398,3
5399,3
5400,3
5401,0
5402,3
5403,4
5404,3
5405,3
5406,3
5407,3
5408,3
5409,3
5410,3
5411,3
5412,3
5413,3
5414,3
5415,3
5416,3
5417,3
5418,3
5419,3
5420,3
5421,3
5422,3
5423,3
5424,3
5425,3
5426,3
5427,3
5428,0
5429,3
5430,3
5431,3
5432,3
5433,2
5434,0
5435,3
5436,3
5437,3
5438,3
5439,3
5440,3
5441,3
5442,3
5443,3
5444,3
5445,4
5446,3
5447,3
5448,3
5449,2
5450,3
5451,3
5452,4
5453,3
5454,3
5455,3
5456,3
5457,3
5458,3
5459,3
5460,3
5461,3
5462,3
5463,3
5464,0
5465,3
5466,3
5467,3
5468,3
5469,0
5470,3
5471,2
5472,4
5473,3
5474,0
5475,3
5476,3
5477,3
5478,3
5479,3
5480,3
5481,3
5482,3
5483,3
5484,4
5485,4
5486,3
5487,3
5488,3
5489,3
5490,3
5491,3
5492,3
5493,3
5494,3
5495,2
5496,3
5497,4
5498,3
5499,4
5500,3
5501,3
5502,4
5503,3
5504,3
5505,3
5506,3
5507,3
5508,3
5509,3
5510,3
5511,3
5512,2
5513,3
5514,3
5515,3
5516,3
5517,3
5518,3
5519,3
5520,3
5521,3
5522,3
5523,3
5524,3
5525,3
5526,4
5527,0
5528,3
5529,4
5530,3
5531,3
5532,3
5533,3
5534,0
5535,3
5536,3
5537,3
5538,3
5539,3
5540,3
5541,3
5542,3
5543,2
5544,3
5545,3
5546,3
5547,3
5548,3
5549,3
5550,3
5551,3
5552,3
5553,3
5554,3
5555,3
5556,4
5557,3
5558,3
5559,3
5560,3
5561,3
5562,3
5563,3
5564,4
5565,3
5566,3
5567,3
5568,3
5569,3
5570,4
5571,3
5572,3
5573,3
5574,3
5575,4
5576,3
5577,4
5578,3
5579,3
5580,3
5581,3
5582,3
5583,3
5584,3
5585,3
5586,3
5587,3
5588,3
5589,3
5590,3
5591,4
5592,3
5593,3
5594,3
5595,3
5596,3
5597,3
5598,3
5599,3
5600,3
5601,3
5602,3
5603,3
5604,2
5605,3
5606,4
5607,4
5608,3
5609,3
5610,2
5611,3
5612,3
5613,2
5614,3
5615,3
5616,2
5617,2
5618,3
5619,3
5620,2
5621,3
5622,2
5623,2
5624,2
5625,4
5626,3
5627,0
5628,3
5629,3
5630,3
5631,2
5632,2
5633,2
5634,2
5635,0
5636,3
5637,3
5638,2
5639,2
5640,2
5641,2
5642,3
5643,2
5644,3
5645,3
5646,3
5647,3
5648,3
5649,3
5650,3
5651,3
5652,0
5653,3
5654,0
5655,0
5656,0
5657,4
5658,3
5659,3
5660,3
5661,4
5662,3
5663,3
5664,3
5665,3
5666,4
5667,3
5668,3
5669,3
5670,3
5671,3
5672,2
5673,3
5674,3
5675,2
5676,3
5677,0
5678,3
5679,2
5680,0
5681,3
5682,3
5683,3
5684,3
5685,3
5686,3
5687,3
5688,3
5689,3
5690,4
5691,3
5692,3
5693,3
5694,3
5695,2
5696,3
5697,3
5698,2
5699,3
5700,4
5701,3
5702,3
5703,3
5704,4
5705,3
5706,3
5707,3
5708,3
5709,3
5710,4
5711,3
5712,3
5713,4
5714,3
5715,3
5716,3
5717,3
5718,3
5719,3
5720,3
5721,3
5722,3
5723,3
5724,3
5725,3
5726,3
5727,3
5728,3
5729,3
5730,3
5731,3
5732,3
5733,3
5734,3
5735,4
5736,2
5737,3
5738,3
5739,3
5740,3
5741,4
5742,3
5743,3
5744,3
5745,3
5746,3
5747,3
5748,4
5749,3
5750,3
5751,3
5752,3
5753,3
5754,3
5755,3
5756,3
5757,3
5758,3
5759,3
5760,3
5761,3
5762,0
5763,4
5764,0
5765,3
5766,3
5767,3
5768,3
5769,3
5770,3
5771,3
5772,3
5773,4
5774,3
5775,3
5776,3
5777,3
5778,3
5779,3
5780,3
5781,3
5782,3
5783,3
5784,3
5785,3
5786,3
5787,3
5788,3
5789,3
5790,3
5791,0
5792,3
5793,2
5794,3
5795,3
5796,3
5797,3
5798,3
5799,3
5800,3
5801,3
5802,3
5803,3
5804,3
5805,3
5806,3
5807,0
5808,3
5809,3
5810,3
5811,3
5812,3
5813,4
5814,4
5815,3
5816,4
5817,3
5818,3
5819,3
5820,3
5821,3
5822,3
5823,3
5824,3
5825,3
5826,3
5827,3
5828,4
5829,3
5830,4
5831,3
5832,3
5833,3
5834,3
5835,3
5836,3
5837,3
5838,0
5839,0
5840,0
5841,3
5842,0
5843,3
5844,3
5845,3
5846,3
5847,3
5848,3
5849,3
5850,3
5851,3
5852,3
5853,3
5854,3
5855,3
5856,3
5857,3
5858,3
5859,0
5860,3
5861,3
5862,3
5863,3
5864,0
5865,3
5866,3
5867,3
5868,3
5869,3
5870,0
5871,0
5872,3
5873,0
5874,3
5875,3
5876,3
5877,3
5878,3
5879,3
5880,3
5881,3
5882,0
5883,3
5884,3
5885,3
5886,3
5887,3
5888,3
5889,3
5890,3
5891,3
5892,3
5893,3
5894,3
5895,3
5896,3
5897,3
5898,3
5899,3
5900,3
5901,3
5902,3
5903,3
5904,3
5905,3
5906,3
5907,4
5908,3
5909,4
5910,3
5911,3
5912,4
5913,3
5914,3
5915,2
5916,3
5917,3
5918,3
5919,2
5920,3
5921,3
5922,4
5923,3
5924,3
5925,3
5926,3
5927,3
5928,3
5929,3
5930,3
5931,0
5932,4
5933,3
5934,3
5935,3
5936,3
5937,3
5938,3
5939,0
5940,3
5941,3
5942,4
5943,4
5944,3
5945,3
5946,3
5947,3
5948,3
5949,3
5950,3
5951,3
5952,3
5953,4
5954,4
5955,3
5956,3
5957,3
5958,3
5959,3
5960,3
5961,4
5962,3
5963,4
5964,3
5965,3
5966,3
5967,4
5968,3
5969,3
5970,2
5971,3
5972,3
5973,3
5974,3
5975,3
5976,3
5977,3
5978,3
5979,3
5980,3
5981,3
5982,3
5983,3
5984,3
5985,3
5986,3
5987,3
5988,3
5989,3
5990,3
5991,3
5992,3
5993,0
5994,3
5995,3
5996,3
5997,3
5998,3
5999,3
6000,3
6001,3
6002,3
6003,3
6004,2
6005,3
6006,3
6007,3
6008,3
6009,3
6010,3
6011,3
6012,3
6013,2
6014,3
6015,2
6016,2
6017,3
6018,3
6019,3
6020,2
6021,2
6022,3
6023,3
6024,3
6025,3
6026,3
6027,3
6028,3
6029,3
6030,3
6031,3
6032,3
6033,3
6034,3
6035,3
6036,3
6037,3
6038,3
6039,3
6040,3
6041,3
6042,3
6043,3
6044,3
6045,3
6046,4
6047,3
6048,3
6049,3
6050,3
6051,3
6052,2
6053,3
6054,3
6055,3
6056,4
6057,3
6058,3
6059,3
6060,2
6061,3
6062,3
6063,3
6064,3
6065,3
6066,3
6067,3
6068,4
6069,3
6070,3
6071,3
6072,3
6073,3
6074,3
6075,3
6076,2
6077,4
6078,3
6079,4
6080,3
6081,3
6082,3
6083,3
6084,3
6085,3
6086,3
6087,2
6088,3
6089,3
6090,3
6091,3
6092,3
6093,2
6094,3
6095,3
6096,3
6097,3
6098,4
6099,4
6100,2
6101,3
6102,3
6103,3
6104,3
6105,3
6106,3
6107,3
6108,3
6109,3
6110,3
6111,3
6112,3
6113,3
6114,3
6115,3
6116,3
6117,3
6118,3
6119,3
6120,3
6121,2
6122,3
6123,4
6124,3
6125,3
6126,3
6127,3
6128,3
6129,3
6130,3
6131,3
6132,3
6133,3
6134,3
6135,4
6136,3
6137,3
6138,3
6139,2
6140,3
6141,3
6142,3
6143,3
6144,3
6145,3
6146,3
6147,3
6148,3
6149,3
6150,4
6151,3
6152,3
6153,3
6154,3
6155,3
6156,3
6157,3
6158,4
6159,3
6160,3
6161,3
6162,4
6163,3
6164,3
6165,3
6166,3
6167,3
6168,2
6169,3
6170,4
6171,3
6172,4
6173,3
6174,3
6175,3
6176,2
6177,3
6178,3
6179,3
6180,3
6181,3
6182,3
6183,3
6184,3
6185,2
6186,3
6187,2
6188,2
6189,3
6190,3
6191,3
6192,3
6193,3
6194,3
6195,3
6196,3
6197,3
6198,2
6199,3
6200,2
6201,3
6202,4
6203,3
6204,2
6205,4
6206,3
6207,3
6208,4
6209,3
6210,3
6211,3
6212,3
6213,3
6214,3
6215,2
6216,3
6217,3
6218,3
6219,4
6220,3
6221,3
6222,4
6223,3
6224,3
6225,3
6226,3
6227,3
6228,3
6229,3
6230,3
6231,4
6232,4
6233,3
6234,4
6235,2
6236,3
6237,3
6238,0
6239,3
6240,3
6241,3
6242,3
6243,3
6244,4
6245,3
6246,3
6247,3
6248,3
6249,3
6250,2
6251,3
6252,4
6253,3
6254,3
6255,3
6256,3
6257,3
6258,3
6259,3
6260,3
6261,0
6262,3
6263,3
6264,3
6265,3
6266,3
6267,3
6268,4
6269,4
6270,2
6271,3
6272,3
6273,3
6274,3
6275,3
6276,3
6277,3
6278,3
6279,3
6280,2
6281,4
6282,3
6283,3
6284,3
6285,3
6286,3
6287,3
6288,3
6289,3
6290,3
6291,0
6292,0
6293,3
6294,3
6295,3
6296,3
6297,3
6298,3
6299,3
6300,4
6301,3
6302,3
6303,2
6304,3
6305,3
6306,3
6307,4
6308,3
6309,0
6310,2
6311,3
6312,3
6313,3
6314,3
6315,2
6316,3
6317,3
6318,3
6319,3
6320,3
6321,3
6322,3
6323,3
6324,3
6325,3
6326,4
6327,3
6328,3
6329,4
6330,3
6331,3
6332,3
6333,4
6334,3
6335,3
6336,3
6337,3
6338,3
6339,3
6340,3
6341,3
6342,0
6343,3
6344,3
6345,3
6346,3
6347,3
6348,3
6349,3
6350,3
6351,3
6352,2
6353,3
6354,0
6355,4
6356,3
6357,3
6358,3
6359,3
6360,3
6361,3
6362,3
6363,2
6364,3
6365,3
6366,3
6367,3
6368,3
6369,3
6370,3
6371,3
6372,3
6373,0
6374,3
6375,3
6376,3
6377,2
6378,3
6379,3
6380,3
6381,3
6382,3
6383,3
6384,3
6385,3
6386,4
6387,4
6388,3
6389,2
6390,3
6391,2
6392,3
6393,3
6394,3
6395,3
6396,3
6397,3
6398,3
6399,3
6400,3
6401,3
6402,2
6403,3
6404,3
6405,3
6406,3
6407,3
6408,3
6409,3
6410,3
6411,3
6412,3
6413,3
6414,3
6415,3
6416,3
6417,3
6418,3
6419,3
6420,2
6421,3
6422,3
6423,3
6424,3
6425,3
6426,3
6427,3
6428,0
6429,2
6430,3
6431,3
6432,3
6433,3
6434,3
6435,3
6436,3
6437,3
6438,3
6439,3
6440,3
6441,3
6442,3
6443,3
6444,3
6445,4
6446,3
6447,3
6448,3
6449,3
6450,3
6451,3
6452,3
6453,3
6454,3
6455,3
6456,3
6457,4
6458,3
6459,3
6460,3
6461,3
6462,3
6463,3
6464,3
6465,3
6466,3
6467,3
6468,3
6469,2
6470,3
6471,3
6472,3
6473,4
6474,3
6475,3
6476,3
6477,3
6478,3
6479,3
6480,3
6481,3
6482,3
6483,3
6484,3
6485,3
6486,3
6487,3
6488,3
6489,3
6490,3
6491,3
6492,3
6493,4
6494,3
6495,4
6496,3
6497,3
6498,4
6499,2
6500,3
6501,3
6502,2
6503,3
6504,3
6505,0
6506,3
6507,3
6508,2
6509,0
6510,3
6511,3
6512,0
6513,0
6514,0
6515,3
6516,3
6517,3
6518,3
6519,3
6520,4
6521,3
6522,3
6523,3
6524,3
6525,3
6526,3
6527,3
6528,3
6529,3
6530,3
6531,3
6532,3
6533,3
6534,3
6535,3
6536,3
6537,4
6538,3
6539,3
6540,3
6541,3
6542,3
6543,3
6544,4
6545,3
6546,3
6547,2
6548,3
6549,3
6550,3
6551,4
6552,4
6553,3
6554,3
6555,3
6556,3
6557,2
6558,3
6559,3
6560,3
6561,3
6562,3
6563,3
6564,4
6565,3
6566,3
6567,3
6568,3
6569,3
6570,3
6571,3
6572,3
6573,3
6574,3
6575,3
6576,3
6577,3
6578,3
6579,3
6580,3
6581,3
6582,3
6583,3
6584,3
6585,3
6586,3
6587,3
6588,4
6589,3
6590,3
6591,3
6592,0
6593,4
6594,3
6595,3
6596,3
6597,3
6598,3
6599,3
6600,4
6601,3
6602,3
6603,3
6604,3
6605,3
6606,3
6607,3
6608,3
6609,3
6610,3
6611,3
6612,3
6613,3
6614,3
6615,3
6616,3
6617,3
6618,3
6619,3
6620,3
6621,3
6622,4
6623,3
6624,3
6625,3
6626,3
6627,2
6628,3
6629,3
6630,3
6631,3
6632,3
6633,3
6634,3
6635,3
6636,3
6637,3
6638,3
6639,3
6640,3
6641,3
6642,3
6643,3
6644,3
6645,3
6646,0
6647,3
6648,3
6649,3
6650,3
6651,3
6652,3
6653,3
6654,3
6655,3
6656,3
6657,3
6658,4
6659,3
6660,3
6661,3
6662,4
6663,4
6664,3
6665,3
6666,3
6667,2
6668,3
6669,3
6670,3
6671,3
6672,3
6673,3
6674,3
6675,3
6676,3
6677,3
6678,3
6679,3
6680,3
6681,3
6682,3
6683,3
6684,3
6685,3
6686,3
6687,3
6688,3
6689,3
6690,3
6691,3
6692,3
6693,3
6694,3
6695,3
6696,3
6697,3
6698,4
6699,0
6700,3
6701,4
6702,3
6703,3
6704,3
6705,3
6706,3
6707,3
6708,3
6709,3
6710,3
6711,3
6712,3
6713,3
6714,3
6715,2
6716,3
6717,3
6718,3
6719,3
6720,4
6721,3
6722,3
6723,3
6724,3
6725,3
6726,3
6727,3
6728,4
6729,3
6730,3
6731,3
6732,4
6733,3
6734,3
6735,3
6736,3
6737,3
6738,4
6739,3
6740,3
6741,3
6742,3
6743,3
6744,3
6745,3
6746,3
6747,3
6748,3
6749,3
6750,4
6751,3
6752,3
6753,2
6754,3
6755,4
6756,3
6757,3
6758,4
6759,3
6760,3
6761,3
6762,3
6763,3
6764,3
6765,3
6766,3
6767,4
6768,3
6769,3
6770,3
6771,3
6772,3
6773,3
6774,3
6775,3
6776,3
6777,3
6778,3
6779,4
6780,3
6781,4
6782,3
6783,3
6784,3
6785,3
6786,3
6787,4
6788,3
6789,3
6790,3
6791,3
6792,4
6793,3
6794,3
6795,3
6796,3
6797,3
6798,3
6799,3
6800,3
6801,3
6802,3
6803,3
6804,3
6805,3
6806,3
6807,3
6808,3
6809,2
6810,3
6811,3
6812,2
6813,3
6814,3
6815,4
6816,4
6817,2
6818,3
6819,3
6820,3
6821,3
6822,4
6823,3
6824,3
6825,3
6826,3
6827,3
6828,3
6829,3
6830,3
6831,3
6832,3
6833,3
6834,3
6835,3
6836,3
6837,3
6838,3
6839,3
6840,3
6841,3
6842,3
6843,3
6844,3
6845,3
6846,3
6847,3
6848,3
6849,3
6850,3
6851,3
6852,3
6853,3
6854,3
6855,3
6856,0
6857,3
6858,3
6859,3
6860,3
6861,3
6862,2
6863,3
6864,3
6865,3
6866,3
6867,3
6868,3
6869,3
6870,3
6871,2
6872,3
6873,3
6874,3
6875,3
6876,3
6877,3
6878,3
6879,3
6880,3
6881,3
6882,3
6883,3
6884,3
6885,3
6886,3
6887,3
6888,3
6889,3
6890,0
6891,3
6892,3
6893,3
6894,3
6895,3
6896,4
6897,0
6898,3
6899,3
6900,4
6901,3
6902,3
6903,3
6904,3
6905,3
6906,3
6907,3
6908,3
6909,3
6910,3
6911,3
6912,3
6913,4
6914,3
6915,3
6916,3
6917,3
6918,3
6919,3
6920,3
6921,3
6922,2
6923,3
6924,3
6925,3
6926,3
6927,3
6928,3
6929,3
6930,3
6931,3
6932,3
6933,3
6934,3
6935,3
6936,4
6937,3
6938,3
6939,3
6940,4
6941,3
6942,3
6943,3
6944,3
6945,3
6946,3
6947,3
6948,3
6949,3
6950,2
6951,3
6952,3
6953,3
6954,2
6955,3
6956,3
6957,3
6958,3
6959,3
6960,3
6961,3
6962,3
6963,3
6964,3
6965,3
6966,3
6967,3
6968,4
6969,3
6970,4
6971,3
6972,3
6973,3
6974,3
6975,3
6976,3
6977,3
6978,3
6979,4
6980,3
6981,3
6982,3
6983,4
6984,3
6985,3
6986,3
6987,3
6988,3
6989,3
6990,3
6991,4
6992,3
6993,0
6994,3
6995,3
6996,3
6997,3
6998,3
6999,3
7000,2
7001,4
7002,4
7003,3
7004,3
7005,3
7006,3
7007,4
7008,3
7009,3
7010,3
7011,3
7012,3
7013,3
7014,3
7015,2
7016,3
7017,3
7018,3
7019,3
7020,3
7021,3
7022,3
7023,3
7024,3
7025,3
7026,3
7027,3
7028,3
7029,3
7030,3
7031,3
7032,3
7033,4
7034,3
7035,3
7036,3
7037,4
7038,4
7039,3
7040,0
7041,3
7042,3
7043,4
7044,4
7045,3
7046,3
7047,0
7048,3
7049,3
7050,3
7051,3
7052,3
7053,3
7054,3
7055,3
7056,3
7057,3
7058,3
7059,2
7060,3
7061,3
7062,3
7063,3
7064,3
7065,4
7066,0
7067,0
7068,3
7069,3
7070,2
7071,3
7072,3
7073,3
7074,3
7075,2
7076,3
7077,3
7078,3
7079,3
7080,3
7081,3
7082,3
7083,4
7084,3
7085,3
7086,3
7087,3
7088,3
7089,0
7090,3
7091,4
7092,3
7093,3
7094,3
7095,3
7096,0
7097,4
7098,3
7099,3
7100,0
7101,3
7102,3
7103,0
7104,0
7105,3
7106,3
7107,0
7108,4
7109,3
7110,3
7111,3
7112,3
7113,3
7114,4
7115,3
7116,3
7117,3
7118,3
7119,3
7120,3
7121,3
7122,0
7123,3
7124,3
7125,3
7126,3
7127,3
7128,3
7129,3
7130,0
7131,3
7132,3
7133,3
7134,0
7135,3
7136,3
7137,3
7138,0
7139,3
7140,3
7141,4
7142,3
7143,3
7144,3
7145,3
7146,3
7147,3
7148,3
7149,3
7150,3
7151,3
7152,0
7153,3
7154,3
7155,0
7156,3
7157,3
7158,3
7159,3
7160,3
7161,3
7162,3
7163,4
7164,3
7165,3
7166,3
7167,3
7168,2
7169,3
7170,3
7171,3
7172,3
7173,3
7174,0
7175,3
7176,2
7177,4
7178,3
7179,3
7180,3
7181,3
7182,3
7183,3
7184,3
7185,3
7186,3
7187,3
7188,3
7189,0
7190,3
7191,3
7192,4
7193,4
7194,3
7195,3
7196,4
7197,3
7198,3
7199,3
7200,3
7201,3
7202,3
7203,3
7204,3
7205,3
7206,3
7207,3
7208,3
7209,3
7210,3
7211,3
7212,3
7213,3
7214,3
7215,3
7216,3
7217,4
7218,4
7219,3
7220,3
7221,3
7222,3
7223,3
7224,3
7225,3
7226,3
7227,3
7228,3
7229,3
7230,3
7231,3
7232,3
7233,3
7234,3
7235,3
7236,3
7237,3
7238,3
7239,3
7240,3
7241,3
7242,4
7243,3
7244,3
7245,3
7246,3
7247,3
7248,3
7249,3
7250,4
7251,3
7252,3
7253,4
7254,3
7255,3
7256,0
7257,0
7258,4
7259,3
7260,3
7261,3
7262,3
7263,3
7264,3
7265,3
7266,3
7267,2
7268,3
7269,3
7270,3
7271,3
7272,3
7273,3
7274,3
7275,3
7276,3
7277,3
7278,3
7279,3
7280,3
7281,3
7282,3
7283,3
7284,3
7285,2
7286,3
7287,3
7288,3
7289,3
7290,0
7291,3
7292,3
7293,3
7294,3
7295,3
7296,3
7297,0
7298,3
7299,3
7300,2
7301,3
7302,3
7303,0
7304,0
7305,0
7306,0
7307,3
7308,3
7309,3
7310,3
7311,3
7312,3
7313,3
7314,3
7315,3
7316,3
7317,3
7318,3
7319,1
7320,2
7321,2
7322,1
7323,3
7324,2
7325,0
7326,3
7327,3
7328,2
7329,2
7330,3
7331,3
7332,3
7333,3
7334,3
7335,1
7336,1
7337,1
7338,1
7339,0
7340,1
7341,0
7342,1
7343,1
7344,1
7345,1
7346,0
7347,0
7348,1
7349,1
7350,1
7351,1
7352,3
7353,3
7354,3
7355,1
7356,3
7357,3
7358,3
7359,2
7360,3
7361,3
7362,3
7363,1
7364,1
7365,3
7366,3
7367,2
7368,2
7369,3
7370,3
7371,2
7372,0
7373,1
7374,0
7375,1
7376,0
7377,2
7378,0
7379,3
7380,2
7381,2
7382,3
7383,0
7384,1
7385,1
7386,1
7387,1
7388,1
7389,2
7390,2
7391,1
7392,1
7393,3
7394,2
7395,3
7396,3
7397,3
7398,2
7399,3
7400,2
7401,2
7402,2
7403,2
7404,2
7405,2
7406,2
7407,2
7408,3
7409,3
7410,3
7411,3
7412,3
7413,3
7414,3
7415,3
7416,2
7417,2
7418,3
7419,2
7420,2
7421,1
7422,1
7423,2
7424,2
7425,2
7426,2
7427,2
7428,2
7429,2
7430,3
7431,2
7432,3
7433,2
7434,2
7435,2
7436,2
7437,1
7438,1
7439,1
7440,2
7441,2
7442,3
7443,2
7444,1
7445,1
7446,1
7447,1
7448,1
7449,1
7450,1
7451,1
7452,2
7453,2
7454,2
7455,2
7456,2
7457,2
7458,2
7459,2
7460,2
7461,2
7462,1
7463,2
7464,2
7465,2
7466,2
7467,1
7468,3
7469,2
7470,2
7471,2
7472,3
7473,0
7474,1
7475,1
7476,1
7477,1
7478,1
7479,1
7480,1
7481,1
7482,3
7483,1
7484,2
7485,3
7486,2
7487,2
7488,3
7489,3
7490,1
7491,1
7492,2
7493,2
7494,3
7495,2
7496,2
7497,2
7498,2
7499,3
7500,2
7501,2
7502,2
7503,2
7504,2
7505,3
7506,1
7507,1
7508,1
7509,1
7510,1
7511,1
7512,1
7513,1
7514,2
7515,1
7516,1
7517,1
7518,1
7519,1
7520,1
7521,1
7522,2
7523,3
7524,2
7525,3
7526,1
7527,1
7528,1
7529,2
7530,3
7531,1
7532,0
7533,3
7534,3
7535,1
7536,3
7537,3
7538,2
7539,1
7540,1
7541,2
7542,3
7543,3
7544,1
7545,1
7546,3
7547,2
7548,2
7549,3
7550,2
7551,3
7552,3
7553,2
7554,2
7555,2
7556,3
7557,3
7558,3
7559,2
7560,2
7561,3
7562,3
7563,3
7564,2
7565,2
7566,2
7567,2
7568,1
7569,2
7570,2
7571,2
7572,2
7573,2
7574,3
7575,2
7576,2
7577,3
7578,2
7579,2
7580,2
7581,3
7582,2
7583,2
7584,2
7585,2
7586,2
7587,2
7588,3
7589,2
7590,2
7591,2
7592,2
7593,2
7594,2
7595,2
7596,2
7597,2
7598,2
7599,2
7600,2
7601,1
7602,1
7603,1
7604,1
7605,1
7606,1
7607,1
7608,1
7609,1
7610,1
7611,1
7612,1
7613,0
7614,0
7615,2
7616,3
7617,2
7618,3
7619,2
7620,3
7621,3
7622,3
7623,2
7624,3
7625,2
7626,3
7627,2
7628,3
7629,3
7630,3
7631,3
7632,3
7633,3
7634,3
7635,2
7636,3
7637,2
7638,2
7639,2
7640,3
7641,3
7642,2
7643,2
7644,2
7645,2
7646,3
7647,3
7648,1
7649,1
7650,1
7651,1
7652,0
7653,1
7654,1
7655,1
7656,1
7657,1
7658,1
7659,1
7660,0
7661,1
7662,1
7663,1
7664,1
7665,1
7666,1
7667,3
7668,2
7669,1
7670,2
7671,2
7672,2
7673,2
7674,2
7675,3
7676,2
7677,2
7678,2
7679,3
7680,3
7681,3
7682,3
7683,3
7684,3
7685,2
7686,2
7687,0
7688,2
7689,2
7690,2
7691,0
7692,2
7693,2
7694,2
7695,2
7696,3
7697,3
7698,2
7699,2
7700,2
7701,2
7702,3
7703,3
7704,2
7705,2
7706,2
7707,2
7708,3
7709,2
7710,2
7711,2
7712,2
7713,2
7714,2
7715,2
7716,3
7717,2
7718,2
7719,2
7720,2
7721,2
7722,2
7723,2
7724,2
7725,2
7726,2
7727,3
7728,2
7729,2
7730,2
7731,2
7732,2
7733,2
7734,2
7735,2
7736,3
7737,2
7738,2
7739,2
7740,2
7741,2
7742,2
7743,2
7744,2
7745,3
7746,2
7747,3
7748,2
7749,2
7750,2
7751,0
7752,2
7753,2
7754,2
7755,3
7756,3
7757,3
7758,3
7759,2
7760,2
7761,3
7762,2
7763,2
7764,3
7765,3
7766,3
7767,3
7768,3
7769,2
7770,3
7771,2
7772,2
7773,3
7774,3
7775,3
7776,3
7777,2
7778,2
7779,2
7780,2
7781,2
7782,2
7783,2
7784,2
7785,2
7786,2
7787,3
7788,2
7789,2
7790,2
7791,2
7792,3
7793,2
7794,2
7795,2
7796,3
7797,2
7798,2
7799,2
7800,2
7801,2
7802,2
7803,2
7804,2
7805,2
7806,2
7807,2
7808,2
7809,2
7810,2
7811,2
7812,2
7813,3
7814,3
7815,2
7816,1
7817,1
7818,1
7819,1
7820,3
7821,2
7822,1
7823,1
7824,1
7825,1
7826,3
7827,2
7828,3
7829,3
7830,2
7831,3
7832,3
7833,1
7834,3
7835,2
7836,3
7837,2
7838,3
7839,2
7840,2
7841,2
7842,3
7843,3
7844,2
7845,3
7846,3
7847,1
7848,1
7849,1
7850,2
7851,3
7852,3
7853,2
7854,3
7855,2
7856,2
7857,2
7858,2
7859,2
7860,0
7861,2
7862,2
7863,2
7864,2
7865,2
7866,2
7867,2
7868,3
7869,3
7870,2
7871,3
7872,2
7873,2
7874,2
7875,2
7876,2
7877,2
7878,2
7879,2
7880,2
7881,3
7882,2
7883,2
7884,0
7885,2
7886,2
7887,2
7888,3
7889,2
7890,2
7891,2
7892,2
7893,2
7894,2
7895,2
7896,3
7897,2
7898,2
7899,2
7900,2
7901,2
7902,2
7903,2
7904,2
7905,3
7906,2
7907,3
7908,2
7909,2
7910,2
7911,3
7912,2
7913,2
7914,2
7915,2
7916,3
7917,3
7918,3
7919,3
7920,3
7921,2
7922,2
7923,2
7924,2
7925,2
7926,3
7927,3
7928,2
7929,2
7930,3
7931,3
7932,2
7933,2
7934,2
7935,2
7936,2
7937,3
7938,2
7939,2
7940,2
7941,2
7942,2
7943,3
7944,2
7945,2
7946,2
7947,2
7948,2
7949,3
7950,2
7951,3
7952,2
7953,2
7954,2
7955,2
7956,3
7957,2
7958,2
7959,2
7960,3
7961,3
7962,2
7963,3
7964,2
7965,3
7966,3
7967,2
7968,2
7969,2
7970,1
7971,1
7972,1
7973,1
7974,3
7975,3
7976,2
7977,2
7978,2
7979,2
7980,2
7981,3
7982,2
7983,3
7984,3
7985,3
7986,2
7987,3
7988,3
7989,2
7990,3
7991,2
7992,2
7993,0
7994,3
7995,3
7996,3
7997,0
7998,3
7999,3
8000,3
8001,3
8002,3
8003,3
8004,2
8005,2
8006,3
8007,3
8008,2
8009,3
8010,3
8011,3
8012,2
8013,2
8014,3
8015,3
8016,3
8017,3
8018,3
8019,2
8020,2
8021,2
8022,2
8023,2
8024,3
8025,0
8026,3
8027,3
8028,3
8029,2
8030,3
8031,3
8032,3
8033,3
8034,3
8035,3
8036,3
8037,3
8038,3
8039,2
8040,2
8041,3
8042,2
8043,1
8044,1
8045,1
8046,1
8047,3
8048,3
8049,2
8050,1
8051,2
8052,3
8053,3
8054,3
8055,3
8056,0
8057,3
8058,2
8059,3
8060,2
8061,2
8062,2
8063,2
8064,2
8065,2
8066,3
8067,3
8068,3
8069,3
8070,3
8071,2
8072,3
8073,3
8074,2
8075,1
8076,2
8077,3
8078,3
8079,3
8080,3
8081,2
8082,3
8083,3
8084,3
8085,3
8086,3
8087,3
8088,2
8089,2
8090,2
8091,1
8092,1
8093,1
8094,1
8095,3
8096,1
8097,1
8098,2
8099,3
8100,2
8101,2
8102,2
8103,1
8104,2
8105,2
8106,3
8107,2
8108,2
8109,3
8110,2
8111,3
8112,2
8113,2
8114,2
8115,3
8116,3
8117,2
8118,3
8119,2
8120,2
8121,2
8122,2
8123,3
8124,3
8125,3
8126,2
8127,1
8128,1
8129,1
8130,1
8131,2
8132,2
8133,3
8134,2
8135,2
8136,2
8137,2
8138,2
8139,3
8140,2
8141,2
8142,2
8143,2
8144,2
8145,2
8146,2
8147,2
8148,2
8149,2
8150,2
8151,2
8152,3
8153,2
8154,2
8155,2
8156,2
8157,2
8158,2
8159,2
8160,2
8161,3
8162,0
8163,2
8164,2
8165,3
8166,2
8167,2
8168,3
8169,3
8170,3
8171,2
8172,2
8173,2
8174,1
8175,1
8176,1
8177,1
8178,1
8179,2
8180,3
8181,2
8182,2
8183,2
8184,2
8185,2
8186,2
8187,3
8188,2
8189,1
8190,1
8191,1
8192,2
8193,3
8194,2
8195,3
8196,2
8197,2
8198,3
8199,2
8200,2
8201,2
8202,1
8203,3
8204,2
8205,3
8206,2
8207,2
8208,2
8209,2
8210,2
8211,2
8212,2
8213,3
8214,3
8215,2
8216,2
8217,2
8218,2
8219,2
8220,2
8221,2
8222,3
8223,2
8224,2
8225,1
8226,1
8227,1
8228,1
8229,2
8230,2
8231,2
8232,2
8233,1
8234,3
8235,1
8236,1
8237,1
8238,1
8239,1
8240,1
8241,4
8242,3
8243,3
8244,3
8245,4
8246,3
8247,2
8248,3
8249,2
8250,1
8251,1
8252,1
8253,1
8254,1
8255,1
8256,3
8257,2
8258,2
8259,3
8260,2
8261,3
8262,3
8263,2
8264,3
8265,3
8266,2
8267,3
8268,2
8269,3
8270,2
8271,3
8272,2
8273,3
8274,3
8275,1
8276,2
8277,2
8278,3
8279,3
8280,2
8281,3
8282,3
8283,0
8284,3
8285,1
8286,3
8287,2
8288,3
8289,2
8290,1
8291,2
8292,3
8293,2
8294,3
8295,2
8296,2
8297,2
8298,2
8299,2
8300,2
8301,2
8302,2
8303,2
8304,3
8305,2
8306,2
8307,3
8308,2
8309,3
8310,2
8311,3
8312,2
8313,2
8314,2
8315,2
8316,4
8317,3
8318,3
8319,2
8320,3
8321,3
8322,2
8323,3
8324,3
8325,3
8326,2
8327,3
8328,2
8329,2
8330,3
8331,3
8332,3
8333,3
8334,3
8335,3
8336,3
8337,3
8338,3
8339,2
8340,3
8341,3
8342,3
8343,2
8344,3
8345,3
8346,3
8347,3
8348,2
8349,3
8350,1
8351,3
8352,1
8353,1
8354,3
8355,1
8356,2
8357,3
8358,2
8359,2
8360,2
8361,3
8362,0
8363,0
8364,3
8365,2
8366,0
8367,0
8368,2
8369,2
8370,0
8371,2
8372,3
8373,3
8374,2
8375,2
8376,2
8377,2
8378,2
8379,2
8380,2
8381,2
8382,2
8383,3
8384,3
8385,2
8386,2
8387,2
8388,2
8389,2
8390,2
8391,2
8392,2
8393,2
8394,3
8395,3
8396,2
8397,2
8398,1
8399,1
8400,1
8401,0
8402,2
8403,2
8404,2
8405,3
8406,3
8407,1
8408,2
8409,2
8410,0
8411,2
8412,3
8413,3
8414,2
8415,2
8416,2
8417,1
8418,2
8419,3
8420,2
8421,3
8422,3
8423,4
8424,3
8425,2
8426,3
8427,2
8428,2
8429,2
8430,3
8431,2
8432,2
8433,2
8434,2
8435,2
8436,2
8437,2
8438,2
8439,2
8440,2
8441,2
8442,2
8443,2
8444,2
8445,1
8446,1
8447,1
8448,1
8449,2
8450,2
8451,2
8452,1
8453,1
8454,1
8455,1
8456,2
8457,3
8458,1
8459,1
8460,3
8461,1
8462,2
8463,3
8464,2
8465,1
8466,0
8467,3
8468,1
8469,0
8470,3
8471,3
8472,2
8473,2
8474,2
8475,3
8476,2
8477,0
8478,3
8479,2
8480,3
8481,3
8482,3
8483,2
8484,2
8485,3
8486,2
8487,3
8488,1
8489,2
8490,2
8491,2
8492,2
8493,2
8494,3
8495,2
8496,2
8497,2
8498,3
8499,2
8500,3
8501,2
8502,2
8503,3
8504,3
8505,3
8506,3
8507,3
8508,3
8509,3
8510,2
8511,2
8512,2
8513,2
8514,2
8515,3
8516,3
8517,2
8518,1
8519,1
8520,1
8521,1
8522,1
8523,3
8524,2
8525,2
8526,0
8527,2
8528,3
8529,2
8530,2
8531,3
8532,2
8533,3
8534,2
8535,3
8536,2
8537,3
8538,3
8539,2
8540,3
8541,3
8542,3
8543,2
8544,2
8545,3
8546,3
8547,2
8548,0
8549,2
8550,2
8551,2
8552,2
8553,2
8554,2
8555,2
8556,2
8557,3
8558,3
8559,2
8560,2
8561,2
8562,2
8563,2
8564,3
8565,3
8566,3
8567,2
8568,2
8569,2
8570,2
8571,2
8572,2
8573,2
8574,2
8575,2
8576,0
8577,2
8578,3
8579,2
8580,3
8581,2
8582,2
8583,2
8584,3
8585,2
8586,2
8587,2
8588,3
8589,2
8590,2
8591,3
8592,3
8593,2
8594,2
8595,3
8596,2
8597,3
8598,2
8599,2
8600,2
8601,2
8602,1
8603,1
8604,1
8605,1
8606,1
8607,1
8608,1
8609,1
8610,1
8611,1
8612,1
8613,1
8614,1
8615,1
8616,1
8617,2
8618,2
8619,2
8620,3
8621,1
8622,2
8623,1
8624,3
8625,0
8626,3
8627,2
8628,2
8629,3
8630,3
8631,3
8632,3
8633,3
8634,3
8635,3
8636,3
8637,3
8638,3
8639,3
8640,3
8641,3
8642,3
8643,0
8644,3
8645,3
8646,2
8647,2
8648,3
8649,3
8650,3
8651,3
8652,3
8653,3
8654,2
8655,3
8656,2
8657,2
8658,2
8659,2
8660,2
8661,2
8662,3
8663,2
8664,3
8665,2
8666,2
8667,3
8668,0
8669,2
8670,2
8671,3
8672,3
8673,3
8674,2
8675,3
8676,0
8677,3
8678,3
8679,3
8680,3
8681,2
8682,3
8683,3
8684,3
8685,3
8686,3
8687,4
8688,4
8689,3
8690,2
8691,3
8692,3
8693,3
8694,3
8695,2
8696,3
8697,3
8698,3
8699,0
8700,3
8701,3
8702,3
8703,3
8704,3
8705,3
8706,0
8707,3
8708,3
8709,2
8710,2
8711,4
8712,3
8713,2
8714,3
8715,2
8716,1
8717,1
8718,0
8719,3
8720,3
8721,3
8722,3
8723,2
8724,3
8725,2
8726,3
8727,3
8728,3
8729,3
8730,2
8731,3
8732,3
8733,3
8734,3
8735,3
8736,3
8737,3
8738,0
8739,2
8740,3
8741,2
8742,2
8743,2
8744,2
8745,1
8746,1
8747,1
8748,2
8749,3
8750,2
8751,2
8752,3
8753,3
8754,2
8755,2
8756,3
8757,2
8758,3
8759,1
8760,1
8761,3
8762,3
8763,3
8764,2
8765,3
8766,3
8767,3
8768,2
8769,1
8770,3
8771,1
8772,1
8773,1
8774,2
8775,3
8776,2
8777,2
8778,2
8779,2
8780,3
8781,2
8782,2
8783,3
8784,1
8785,1
8786,1
8787,3
8788,3
8789,3
8790,2
8791,2
8792,2
8793,3
8794,2
8795,4
8796,2
8797,2
8798,2
8799,2
8800,2
8801,3
8802,3
8803,3
8804,0
8805,3
8806,2
8807,1
8808,3
8809,3
8810,2
8811,2
8812,2
8813,2
8814,2
8815,2
8816,2
8817,3
8818,2
8819,2
8820,2
8821,2
8822,2
8823,2
8824,2
8825,3
8826,2
8827,2
8828,2
8829,2
8830,3
8831,2
8832,2
8833,2
8834,3
8835,3
8836,3
8837,2
8838,2
8839,2
8840,2
8841,0
8842,3
8843,2
8844,2
8845,2
8846,3
8847,2
8848,2
8849,3
8850,3
8851,2
8852,3
8853,2
8854,2
8855,3
8856,2
8857,2
8858,2
8859,2
8860,2
8861,3
8862,2
8863,2
8864,3
8865,2
8866,2
8867,2
8868,2
8869,2
8870,3
8871,2
8872,2
8873,3
8874,2
8875,3
8876,2
8877,0
8878,2
8879,2
8880,2
8881,2
8882,2
8883,0
8884,3
8885,2
8886,2
8887,2
8888,2
8889,2
8890,1
8891,1
8892,1
8893,2
8894,2
8895,2
8896,2
8897,2
8898,0
8899,3
8900,0
8901,3
8902,2
8903,2
8904,2
8905,3
8906,1
8907,2
8908,3
8909,3
8910,1
8911,1
8912,1
8913,1
8914,1
8915,1
8916,1
8917,3
8918,1
8919,1
8920,2
8921,1
8922,1
8923,1
8924,1
8925,1
8926,3
8927,1
8928,1
8929,1
8930,2
8931,1
8932,2
8933,2
8934,1
8935,2
8936,3
8937,2
8938,2
8939,1
8940,3
8941,1
8942,0
8943,2
8944,3
8945,2
8946,2
8947,2
8948,2
8949,2
8950,2
8951,2
8952,2
8953,3
8954,2
8955,2
8956,2
8957,2
8958,2
8959,3
8960,2
8961,2
8962,2
8963,3
8964,3
8965,2
8966,2
8967,3
8968,3
8969,2
8970,3
8971,3
8972,1
8973,3
8974,2
8975,2
8976,3
8977,0
8978,2
8979,2
8980,2
8981,3
8982,2
8983,2
8984,2
8985,3
8986,0
8987,3
8988,0
8989,2
8990,3
8991,2
8992,0
8993,3
8994,3
8995,2
8996,2
8997,2
8998,3
8999,2
9000,2
9001,2
9002,2
9003,0
9004,2
9005,2
9006,2
9007,3
9008,2
9009,2
9010,2
9011,2
9012,3
9013,2
9014,2
9015,2
9016,3
9017,3
9018,3
9019,2
9020,2
9021,3
9022,2
9023,2
9024,2
9025,2
9026,0
9027,3
9028,2
9029,2
9030,2
9031,2
9032,2
9033,2
9034,2
9035,0
9036,2
9037,1
9038,2
9039,1
9040,1
9041,1
9042,3
9043,3
9044,3
9045,3
9046,3
9047,3
9048,3
9049,1
9050,1
9051,1
9052,2
9053,1
9054,1
9055,2
9056,1
9057,1
9058,4
9059,3
9060,1
9061,1
9062,1
9063,3
9064,1
9065,1
9066,1
9067,1
9068,3
9069,2
9070,3
9071,1
9072,1
9073,1
9074,3
9075,2
9076,2
9077,2
9078,3
9079,2
9080,2
9081,2
9082,2
9083,2
9084,2
9085,3
9086,2
9087,2
9088,2
9089,2
9090,2
9091,2
9092,3
9093,2
9094,2
9095,0
9096,3
9097,2
9098,0
9099,2
9100,2
9101,3
9102,2
9103,2
9104,2
9105,0
9106,2
9107,2
9108,3
9109,3
9110,0
9111,0
9112,2
9113,2
9114,2
9115,1
9116,1
9117,2
9118,3
9119,1
9120,1
9121,1
9122,1
9123,1
9124,1
9125,3
9126,1
9127,1
9128,1
9129,2
9130,3
9131,1
9132,1
9133,1
9134,1
9135,3
9136,3
9137,3
9138,2
9139,2
9140,2
9141,2
9142,2
9143,3
9144,1
9145,1
9146,3
9147,1
9148,3
9149,3
9150,2
9151,2
9152,2
9153,2
9154,2
9155,3
9156,2
9157,2
9158,2
9159,2
9160,3
9161,2
9162,3
9163,2
9164,2
9165,3
9166,2
9167,2
9168,2
9169,2
9170,0
9171,2
9172,2
9173,2
9174,2
9175,3
9176,0
9177,2
9178,3
9179,2
9180,2
9181,3
9182,3
9183,2
9184,2
9185,2
9186,0
9187,2
9188,2
9189,0
9190,2
9191,2
9192,2
9193,2
9194,3
9195,2
9196,2
9197,2
9198,2
9199,2
9200,1
9201,3
9202,2
9203,2
9204,2
9205,3
9206,2
9207,2
9208,3
9209,1
9210,2
9211,2
9212,2
9213,2
9214,3
9215,2
9216,2
9217,2
9218,3
9219,2
9220,2
9221,2
9222,2
9223,3
9224,2
9225,2
9226,2
9227,0
9228,3
9229,3
9230,2
9231,3
9232,3
9233,3
9234,3
9235,2
9236,3
9237,2
9238,2
9239,2
9240,3
9241,3
9242,4
9243,3
9244,3
9245,3
9246,2
9247,2
9248,2
9249,2
9250,3
9251,3
9252,3
9253,2
9254,2
9255,2
9256,2
9257,2
9258,0
9259,3
9260,2
9261,1
9262,0
9263,0
9264,1
9265,2
9266,2
9267,2
9268,2
9269,2
9270,3
9271,3
9272,2
9273,1
9274,3
9275,1
9276,1
9277,3
9278,3
9279,3
9280,2
9281,3
9282,3
9283,3
9284,1
9285,1
9286,4
9287,4
9288,3
9289,4
9290,3
9291,4
9292,3
9293,3
9294,4
9295,3
9296,3
9297,3
9298,3
9299,3
9300,4
9301,3
9302,3
9303,3
9304,1
9305,1
9306,3
9307,3
9308,4
9309,4
9310,3
9311,3
9312,3
9313,2
9314,2
9315,1
9316,3
9317,2
9318,4
9319,3
9320,3
9321,3
9322,3
9323,3
9324,1
9325,3
9326,3
9327,3
9328,3
9329,2
9330,1
9331,3
9332,1
9333,3
9334,2
9335,0
9336,2
9337,4
9338,3
9339,2
9340,2
9341,1
9342,1
9343,3
9344,1
9345,1
9346,3
9347,1
9348,1
9349,2
9350,3
9351,1
9352,1
9353,2
9354,3
9355,3
9356,4
9357,2
9358,2
9359,1
9360,3
9361,3
9362,3
9363,3
9364,3
9365,3
9366,3
9367,3
9368,3
9369,1
9370,3
9371,2
9372,2
9373,3
9374,2
9375,2
9376,2
9377,2
9378,3
9379,3
9380,1
9381,3
9382,3
9383,3
9384,1
9385,1
9386,3
9387,1
9388,1
9389,2
9390,2
9391,2
9392,3
9393,2
9394,2
9395,2
9396,2
9397,2
9398,3
9399,2
9400,2
9401,2
9402,2
9403,2
9404,2
9405,2
9406,2
9407,2
9408,2
9409,2
9410,2
9411,2
9412,2
9413,2
9414,2
9415,2
9416,1
9417,1
9418,1
9419,1
9420,1
9421,1
9422,2
9423,2
9424,2
9425,3
9426,2
9427,2
9428,3
9429,2
9430,2
9431,3
9432,2
9433,2
9434,2
9435,0
9436,2
9437,2
9438,2
9439,2
9440,2
9441,2
9442,2
9443,2
9444,2
9445,2
9446,3
9447,2
9448,2
9449,2
9450,2
9451,2
9452,2
9453,2
9454,2
9455,3
9456,2
9457,2
9458,2
9459,2
9460,0
9461,3
9462,2
9463,2
9464,3
9465,2
9466,1
9467,2
9468,2
9469,2
9470,2
9471,2
9472,3
9473,2
9474,2
9475,2
9476,2
9477,3
9478,3
9479,2
9480,2
9481,2
9482,2
9483,2
9484,2
9485,2
9486,2
9487,2
9488,2
9489,2
9490,2
9491,2
9492,2
9493,2
9494,2
9495,2
9496,2
9497,2
9498,2
9499,2
9500,2
9501,2
9502,2
9503,2
9504,3
9505,2
9506,2
9507,2
9508,2
9509,2
9510,2
9511,2
9512,2
9513,2
9514,2
9515,2
9516,2
9517,2
9518,2
9519,2
9520,2
9521,2
9522,2
9523,2
9524,2
9525,2
9526,2
9527,2
9528,2
9529,3
9530,2
9531,3
9532,2
9533,2
9534,2
9535,3
9536,2
9537,2
9538,2
9539,2
9540,2
9541,2
9542,2
9543,2
9544,2
9545,2
9546,2
9547,2
9548,2
9549,2
9550,2
9551,2
9552,2
9553,2
9554,2
9555,2
9556,2
9557,2
9558,2
9559,2
9560,3
9561,2
9562,2
9563,2
9564,2
9565,2
9566,2
9567,2
9568,2
9569,2
9570,2
9571,3
9572,2
9573,2
9574,2
9575,2
9576,2
9577,2
9578,2
9579,2
9580,2
9581,2
9582,2
9583,2
9584,2
9585,2
9586,2
9587,2
9588,2
9589,2
9590,0
9591,2
9592,2
9593,2
9594,2
9595,2
9596,2
9597,2
9598,2
9599,2
9600,2
9601,2
9602,1
9603,1
9604,1
9605,1
9606,1
9607,1
9608,3
9609,2
9610,2
9611,2
9612,2
9613,2
9614,2
9615,2
9616,2
9617,3
9618,3
9619,3
9620,2
9621,2
9622,3
9623,2
9624,2
9625,2
9626,2
9627,2
9628,2
9629,2
9630,3
9631,2
9632,2
9633,2
9634,2
9635,2
9636,2
9637,3
9638,2
9639,2
9640,2
9641,2
9642,2
9643,2
9644,2
9645,2
9646,2
9647,2
9648,3
9649,2
9650,2
9651,3
9652,2
9653,2
9654,2
9655,2
9656,3
9657,2
9658,2
9659,2
9660,2
9661,2
9662,2
9663,2
9664,2
9665,3
9666,3
9667,3
9668,0
9669,3
9670,2
9671,2
9672,2
9673,2
9674,2
9675,2
9676,2
9677,2
9678,2
9679,2
9680,2
9681,2
9682,2
9683,2
9684,2
9685,2
9686,2
9687,2
9688,2
9689,2
9690,2
9691,2
9692,2
9693,2
9694,2
9695,2
9696,2
9697,3
9698,2
9699,2
9700,1
9701,3
9702,2
9703,3
9704,2
9705,2
9706,3
9707,3
9708,3
9709,2
9710,0
9711,1
9712,2
9713,1
9714,1
9715,1
9716,1
9717,3
9718,2
9719,2
9720,2
9721,2
9722,3
9723,3
9724,2
9725,3
9726,3
9727,2
9728,2
9729,3
9730,2
9731,3
9732,3
9733,2
9734,3
9735,3
9736,3
9737,1
9738,1
9739,3
9740,2
9741,3
9742,2
9743,2
9744,3
9745,2
9746,1
9747,3
9748,2
9749,2
9750,2
9751,2
9752,2
9753,2
9754,2
9755,0
9756,2
9757,2
9758,2
9759,2
9760,2
9761,2
9762,2
9763,2
9764,2
9765,2
9766,2
9767,1
9768,3
9769,2
9770,3
9771,2
9772,2
9773,3
9774,2
9775,3
9776,3
9777,3
9778,2
9779,3
9780,2
9781,2
9782,4
9783,3
9784,3
9785,3
9786,3
9787,2
9788,3
9789,3
9790,4
9791,3
9792,3
9793,4
9794,3
9795,2
9796,3
9797,2
9798,3
9799,3
9800,3
9801,3
9802,2
9803,3
9804,2
9805,3
9806,2
9807,2
9808,3
9809,3
9810,4
9811,3
9812,3
9813,3
9814,2
9815,0
9816,3
9817,3
9818,3
9819,3
9820,3
9821,3
9822,3
9823,2
9824,2
9825,2
9826,1
9827,2
9828,3
9829,3
9830,3
9831,3
9832,2
9833,2
9834,3
9835,3
9836,1
9837,3
9838,3
9839,3
9840,3
9841,3
9842,3
9843,1
9844,1
9845,1
9846,1
9847,3
9848,3
9849,2
9850,2
9851,2
9852,3
9853,2
9854,2
9855,2
9856,2
9857,2
9858,2
9859,2
9860,2
9861,2
9862,2
9863,1
9864,2
9865,2
9866,1
9867,1
9868,2
9869,3
9870,2
9871,3
9872,3
9873,2
9874,3
9875,3
9876,2
9877,2
9878,2
9879,2
9880,2
9881,2
9882,2
9883,2
9884,2
9885,2
9886,2
9887,2
9888,3
9889,2
9890,3
9891,2
9892,2
9893,3
9894,2
9895,3
9896,2
9897,2
9898,2
9899,2
9900,2
9901,2
9902,2
9903,2
9904,3
9905,2
9906,2
9907,2
9908,2
9909,2
9910,2
9911,2
9912,3
9913,2
9914,3
9915,3
9916,3
9917,3
9918,2
9919,3
9920,1
9921,3
9922,2
9923,3
9924,2
9925,3
9926,2
9927,2
9928,2
9929,3
9930,2
9931,3
9932,3
9933,3
9934,1
9935,2
9936,2
9937,2
9938,2
9939,2
9940,2
9941,2
9942,3
9943,2
9944,2
9945,2
9946,2
9947,2
9948,2
9949,2
9950,2
9951,2
9952,2
9953,2
9954,2
9955,2
9956,2
9957,2
9958,2
9959,2
9960,3
9961,3
9962,2
9963,2
9964,2
9965,2
9966,2
9967,2
9968,2
9969,2
9970,3
9971,2
9972,2
9973,2
9974,2
9975,3
9976,2
9977,2
9978,2
9979,2
9980,2
9981,2
9982,2
9983,2
9984,2
9985,2
9986,2
9987,2
9988,2
9989,2
9990,2
9991,0
9992,2
9993,3
9994,2
9995,2
9996,3
9997,2
9998,2
9999,3
10000,2
10001,2
10002,2
10003,2
10004,2
10005,2
10006,2
10007,2
10008,2
10009,2
10010,2
10011,3
10012,2
10013,2
10014,2
10015,2
10016,3
10017,2
10018,2
10019,3
10020,2
10021,2
10022,2
10023,2
10024,3
10025,2
10026,2
10027,2
10028,2
10029,2
10030,3
10031,2
10032,2
10033,2
10034,2
10035,2
10036,2
10037,2
10038,2
10039,2
10040,2
10041,3
10042,2
10043,2
10044,2
10045,2
10046,2
10047,2
10048,2
10049,3
10050,3
10051,2
10052,2
10053,2
10054,2
10055,2
10056,2
10057,3
10058,2
10059,2
10060,3
10061,2
10062,2
10063,2
10064,3
10065,2
10066,2
10067,2
10068,2
10069,3
10070,2
10071,2
10072,2
10073,3
10074,2
10075,2
10076,2
10077,3
10078,2
10079,2
10080,2
10081,2
10082,3
10083,3
10084,3
10085,2
10086,3
10087,3
10088,3
10089,3
10090,3
10091,3
10092,3
10093,3
10094,3
10095,3
10096,3
10097,3
10098,0
10099,4
10100,3
10101,2
10102,3
10103,3
10104,3
10105,3
10106,3
10107,2
10108,3
10109,3
10110,3
10111,3
10112,3
10113,4
10114,2
10115,2
10116,3
10117,2
10118,4
10119,3
10120,3
10121,2
10122,3
10123,2
10124,3
10125,3
10126,3
10127,3
10128,3
10129,3
10130,3
10131,2
10132,3
10133,3
10134,3
10135,4
10136,2
10137,3
10138,3
10139,3
10140,2
10141,2
10142,3
10143,4
10144,3
10145,2
10146,3
10147,3
10148,3
10149,4
10150,3
10151,3
10152,3
10153,3
10154,3
10155,2
10156,2
10157,2
10158,2
10159,2
10160,2
10161,2
10162,2
10163,3
10164,2
10165,2
10166,3
10167,2
10168,3
10169,2
10170,2
10171,2
10172,2
10173,2
10174,2
10175,2
10176,2
10177,2
10178,2
10179,2
10180,2
10181,2
10182,2
10183,2
10184,3
10185,2
10186,2
10187,3
10188,2
10189,2
10190,2
10191,2
10192,2
10193,2
10194,2
10195,2
10196,2
10197,0
10198,2
10199,2
10200,2
10201,2
10202,2
10203,2
10204,2
10205,2
10206,2
10207,2
10208,3
10209,2
10210,2
10211,2
10212,2
10213,2
10214,2
10215,2
10216,2
10217,2
10218,2
10219,2
10220,2
10221,3
10222,3
10223,2
10224,3
10225,3
10226,3
10227,3
10228,3
10229,0
10230,2
10231,2
10232,2
10233,2
10234,2
10235,2
10236,2
10237,2
10238,2
10239,3
10240,2
10241,2
10242,2
10243,3
10244,2
10245,2
10246,2
10247,2
10248,2
10249,2
10250,2
10251,2
10252,2
10253,2
10254,3
10255,2
10256,2
10257,2
10258,2
10259,2
10260,2
10261,2
10262,2
10263,2
10264,2
10265,2
10266,2
10267,2
10268,2
10269,2
10270,2
10271,2
10272,2
10273,2
10274,2
10275,2
10276,3
10277,2
10278,2
10279,2
10280,2
10281,2
10282,2
10283,2
10284,2
10285,2
10286,2
10287,2
10288,2
10289,2
10290,2
10291,2
10292,2
10293,3
10294,2
10295,2
10296,3
10297,2
10298,2
10299,2
10300,1
10301,1
10302,2
10303,2
10304,2
10305,2
10306,2
10307,2
10308,2
10309,2
10310,2
10311,2
10312,2
10313,2
10314,2
10315,2
10316,2
10317,2
10318,2
10319,2
10320,3
10321,2
10322,2
10323,2
10324,2
10325,2
10326,2
10327,2
10328,2
10329,3
10330,4
10331,1
10332,3
10333,1
10334,1
10335,3
10336,2
10337,3
10338,2
10339,2
10340,3
10341,3
10342,3
10343,3
10344,2
10345,2
10346,2
10347,3
10348,3
10349,2
10350,1
10351,1
10352,2
10353,2
10354,2
10355,2
10356,2
10357,3
10358,2
10359,2
10360,2
10361,2
10362,2
10363,2
10364,2
10365,2
10366,2
10367,3
10368,2
10369,2
10370,2
10371,2
10372,2
10373,2
10374,2
10375,2
10376,2
10377,2
10378,2
10379,2
10380,2
10381,2
10382,2
10383,2
10384,2
10385,2
10386,2
10387,3
10388,3
10389,2
10390,2
10391,2
10392,2
10393,2
10394,3
10395,3
10396,2
10397,2
10398,3
10399,2
10400,2
10401,2
10402,2
10403,3
10404,3
10405,2
10406,2
10407,2
10408,2
10409,2
10410,2
10411,2
10412,2
10413,2
10414,2
10415,2
10416,2
10417,3
10418,2
10419,2
10420,2
10421,2
10422,2
10423,2
10424,3
10425,2
10426,2
10427,2
10428,2
10429,2
10430,2
10431,2
10432,2
10433,2
10434,2
10435,2
10436,3
10437,3
10438,2
10439,2
10440,2
10441,2
10442,2
10443,2
10444,2
10445,2
10446,2
10447,2
10448,2
10449,2
10450,2
10451,2
10452,2
10453,2
10454,2
10455,2
10456,2
10457,2
10458,2
10459,2
10460,2
10461,2
10462,2
10463,2
10464,2
10465,2
10466,2
10467,2
10468,2
10469,2
10470,3
10471,2
10472,2
10473,2
10474,3
10475,2
10476,2
10477,2
10478,2
10479,2
10480,2
10481,2
10482,2
10483,2
10484,3
10485,2
10486,2
10487,2
10488,2
10489,3
10490,1
10491,2
10492,2
10493,2
10494,2
10495,2
10496,2
10497,2
10498,2
10499,2
10500,2
10501,2
10502,3
10503,2
10504,2
10505,2
10506,2
10507,2
10508,2
10509,3
10510,1
10511,1
10512,2
10513,2
10514,2
10515,2
10516,2
10517,2
10518,2
10519,2
10520,2
10521,2
10522,2
10523,2
10524,2
10525,2
10526,2
10527,2
10528,2
10529,2
10530,2
10531,2
10532,2
10533,3
10534,2
10535,2
10536,2
10537,2
10538,2
10539,2
10540,2
10541,2
10542,2
10543,3
10544,2
10545,2
10546,3
10547,2
10548,3
10549,2
10550,3
10551,3
10552,2
10553,2
10554,2
10555,2
10556,4
10557,2
10558,3
10559,2
10560,3
10561,3
10562,2
10563,3
10564,3
10565,3
10566,2
10567,2
10568,0
10569,3
10570,3
10571,3
10572,3
10573,3
10574,3
10575,3
10576,3
10577,2
10578,3
10579,3
10580,4
10581,4
10582,3
10583,3
10584,3
10585,4
10586,3
10587,2
10588,2
10589,3
10590,2
10591,3
10592,3
10593,3
10594,3
10595,3
10596,3
10597,3
10598,2
10599,3
10600,3
10601,2
10602,2
10603,2
10604,2
10605,2
10606,2
10607,2
10608,2
10609,2
10610,3
10611,2
10612,2
10613,2
10614,2
10615,2
10616,2
10617,2
10618,2
10619,2
10620,2
10621,2
10622,2
10623,2
10624,2
10625,2
10626,2
10627,0
10628,2
10629,2
10630,2
10631,2
10632,2
10633,2
10634,2
10635,2
10636,2
10637,2
10638,2
10639,3
10640,3
10641,2
10642,3
10643,2
10644,2
10645,2
10646,2
10647,3
10648,2
10649,3
10650,1
10651,2
10652,2
10653,2
10654,2
10655,2
10656,2
10657,2
10658,2
10659,2
10660,2
10661,2
10662,2
10663,2
10664,2
10665,1
10666,1
10667,3
10668,1
10669,2
10670,2
10671,2
10672,2
10673,2
10674,2
10675,2
10676,2
10677,2
10678,2
10679,2
10680,2
10681,2
10682,2
10683,2
10684,2
10685,2
10686,3
10687,2
10688,2
10689,2
10690,2
10691,2
10692,2
10693,2
10694,2
10695,2
10696,2
10697,2
10698,3
10699,2
10700,2
10701,2
10702,2
10703,3
10704,2
10705,2
10706,2
10707,2
10708,2
10709,2
10710,2
10711,2
10712,2
10713,2
10714,2
10715,2
10716,2
10717,2
10718,3
10719,2
10720,2
10721,3
10722,2
10723,2
10724,2
10725,2
10726,2
10727,2
10728,2
10729,2
10730,2
10731,2
10732,2
10733,0
10734,0
10735,2
10736,2
10737,2
10738,2
10739,2
10740,2
10741,2
10742,2
10743,2
10744,2
10745,3
10746,2
10747,3
10748,2
10749,2
10750,2
10751,3
10752,1
10753,2
10754,2
10755,2
10756,2
10757,2
10758,2
10759,2
10760,2
10761,2
10762,2
10763,2
10764,2
10765,2
10766,2
10767,2
10768,2
10769,2
10770,2
10771,2
10772,2
10773,2
10774,2
10775,2
10776,2
10777,2
10778,2
10779,2
10780,2
10781,3
10782,2
10783,2
10784,2
10785,3
10786,3
10787,2
10788,2
10789,2
10790,2
10791,2
10792,2
10793,3
10794,3
10795,2
10796,2
10797,3
10798,3
10799,2
10800,2
10801,2
10802,3
10803,2
10804,3
10805,2
10806,2
10807,2
10808,2
10809,2
10810,2
10811,1
10812,2
10813,3
10814,3
10815,0
10816,2
10817,3
10818,3
10819,3
10820,3
10821,2
10822,2
10823,2
10824,3
10825,3
10826,2
10827,2
10828,2
10829,3
10830,2
10831,2
10832,2
10833,2
10834,2
10835,2
10836,2
10837,2
10838,2
10839,2
10840,2
10841,2
10842,2
10843,2
10844,2
10845,2
10846,2
10847,2
10848,2
10849,2
10850,2
10851,2
10852,3
10853,2
10854,2
10855,2
10856,2
10857,2
10858,2
10859,2
10860,2
10861,2
10862,2
10863,2
10864,2
10865,2
10866,3
10867,2
10868,3
10869,2
10870,3
10871,2
10872,2
10873,2
10874,3
10875,2
10876,2
10877,2
10878,3
10879,2
10880,2
10881,2
10882,2
10883,2
10884,2
10885,2
10886,2
10887,2
10888,2
10889,2
10890,2
10891,2
10892,2
10893,2
10894,2
10895,2
10896,0
10897,2
10898,2
10899,1
10900,2
10901,2
10902,2
10903,2
10904,2
10905,2
10906,2
10907,3
10908,2
10909,1
10910,2
10911,2
10912,3
10913,2
10914,2
10915,2
10916,2
10917,2
10918,2
10919,2
10920,2
10921,2
10922,2
10923,2
10924,2
10925,3
10926,2
10927,2
10928,2
10929,3
10930,2
10931,2
10932,2
10933,2
10934,2
10935,2
10936,2
10937,2
10938,2
10939,2
10940,2
10941,2
10942,2
10943,2
10944,2
10945,2
10946,2
10947,2
10948,3
10949,2
10950,2
10951,2
10952,2
10953,2
10954,2
10955,3
10956,2
10957,2
10958,2
10959,2
10960,2
10961,2
10962,1
10963,3
10964,2
10965,2
10966,2
10967,2
10968,2
10969,2
10970,3
10971,2
10972,2
10973,2
10974,2
10975,3
10976,2
10977,2
10978,2
10979,2
10980,3
10981,2
10982,2
10983,2
10984,2
10985,2
10986,2
10987,2
10988,2
10989,3
10990,2
10991,2
10992,2
10993,2
10994,2
10995,2
10996,2
10997,2
10998,2
10999,2
11000,2
11001,2
11002,2
11003,2
11004,2
11005,2
11006,2
11007,2
11008,2
11009,2
11010,2
11011,2
11012,2
11013,2
11014,2
11015,2
11016,2
11017,2
11018,2
11019,2
11020,2
11021,2
11022,2
11023,3
11024,2
11025,2
11026,2
11027,2
11028,3
11029,2
11030,2
11031,2
11032,3
11033,2
11034,2
11035,2
11036,2
11037,3
11038,2
11039,2
11040,2
11041,2
11042,2
11043,2
11044,2
11045,2
11046,2
11047,2
11048,2
11049,2
11050,2
11051,2
11052,2
11053,2
11054,2
11055,2
11056,3
11057,2
11058,3
11059,3
11060,2
11061,2
11062,2
11063,3
11064,2
11065,0
11066,2
11067,2
11068,2
11069,3
11070,3
11071,2
11072,4
11073,3
11074,0
11075,3
11076,3
11077,0
11078,2
11079,3
11080,2
11081,2
11082,2
11083,3
11084,2
11085,3
11086,3
11087,2
11088,3
11089,3
11090,3
11091,2
11092,3
11093,3
11094,2
11095,3
11096,3
11097,2
11098,3
11099,2
11100,2
11101,3
11102,3
11103,2
11104,2
11105,3
11106,3
11107,2
11108,4
11109,2
11110,3
11111,3
11112,3
11113,4
11114,0
11115,3
11116,3
11117,3
11118,3
11119,3
11120,2
11121,2
11122,3
11123,2
11124,0
11125,3
11126,0
11127,3
11128,2
11129,3
11130,2
11131,2
11132,3
11133,3
11134,4
11135,3
11136,3
11137,2
11138,3
11139,3
11140,0
11141,0
11142,3
11143,3
11144,3
11145,4
11146,0
11147,4
11148,3
11149,4
11150,4
11151,4
11152,3
11153,4
11154,3
11155,3
11156,3
11157,3
11158,2
11159,3
11160,3
11161,3
11162,2
11163,2
11164,2
11165,2
11166,2
11167,2
11168,2
11169,2
11170,2
11171,3
11172,2
11173,3
11174,3
11175,2
11176,2
11177,2
11178,2
11179,2
11180,2
11181,2
11182,2
11183,2
11184,2
11185,2
11186,2
11187,2
11188,2
11189,2
11190,2
11191,2
11192,3
11193,2
11194,2
11195,2
11196,2
11197,2
11198,2
11199,3
11200,2
11201,2
11202,2
11203,3
11204,2
11205,2
11206,3
11207,2
11208,2
11209,2
11210,2
11211,2
11212,2
11213,2
11214,2
11215,2
11216,2
11217,3
11218,0
11219,2
11220,3
11221,2
11222,2
11223,3
11224,0
11225,2
11226,2
11227,2
11228,2
11229,2
11230,2
11231,2
11232,2
11233,2
11234,2
11235,2
11236,2
11237,2
11238,2
11239,3
11240,3
11241,0
11242,2
11243,2
11244,0
11245,3
11246,3
11247,3
11248,3
11249,3
11250,2
11251,2
11252,3
11253,2
11254,2
11255,2
11256,2
11257,3
11258,2
11259,2
11260,2
11261,2
11262,3
11263,1
11264,3
11265,3
11266,3
11267,2
11268,3
11269,3
11270,4
11271,4
11272,3
11273,3
11274,3
11275,3
11276,3
11277,3
11278,4
11279,1
11280,3
11281,3
11282,3
11283,3
11284,3
11285,3
11286,3
11287,4
11288,4
11289,4
11290,3
11291,3
11292,4
11293,3
11294,3
11295,3
11296,3
11297,3
11298,3
11299,3
11300,1
11301,3
11302,2
11303,2
11304,1
11305,1
11306,2
11307,2
11308,2
11309,0
11310,2
11311,2
11312,2
11313,2
11314,2
11315,3
11316,2
11317,2
11318,3
11319,2
11320,3
11321,2
11322,2
11323,2
11324,2
11325,2
11326,2
11327,2
11328,1
11329,2
11330,2
11331,3
11332,2
11333,3
11334,2
11335,2
11336,2
11337,2
11338,2
11339,3
11340,2
11341,2
11342,3
11343,2
11344,2
11345,2
11346,2
11347,2
11348,2
11349,3
11350,3
11351,2
11352,1
11353,1
11354,2
11355,2
11356,3
11357,2
11358,1
11359,2
11360,0
11361,2
11362,2
11363,0
11364,2
11365,2
11366,2
11367,2
11368,0
11369,3
11370,2
11371,0
11372,2
11373,3
11374,2
11375,2
11376,3
11377,2
11378,2
11379,2
11380,3
11381,2
11382,2
11383,3
11384,3
11385,2
11386,2
11387,3
11388,2
11389,2
11390,2
11391,2
11392,2
11393,3
11394,3
11395,3
11396,1
11397,3
11398,2
11399,1
11400,2
11401,3
11402,3
11403,0
11404,1
11405,1
11406,2
11407,3
11408,1
11409,1
11410,0
11411,2
11412,3
11413,2
11414,2
11415,2
11416,2
11417,2
11418,2
11419,2
11420,2
11421,3
11422,2
11423,2
11424,3
11425,0
11426,0
11427,0
11428,0
11429,0
11430,0
11431,3
11432,3
11433,0
11434,0
11435,3
11436,3
11437,3
11438,3
11439,2
11440,2
11441,2
11442,2
11443,3
11444,3
11445,0
11446,4
11447,3
11448,3
11449,3
11450,3
11451,2
11452,2
11453,2
11454,2
11455,2
11456,2
11457,2
11458,2
11459,2
11460,2
11461,2
11462,2
11463,2
11464,3
11465,3
11466,2
11467,2
11468,2
11469,2
11470,2
11471,2
11472,2
11473,3
11474,2
11475,2
11476,3
11477,2
11478,2
11479,2
11480,3
11481,2
11482,3
11483,2
11484,3
11485,2
11486,0
11487,3
11488,2
11489,2
11490,2
11491,3
11492,2
11493,2
11494,2
11495,0
11496,0
11497,2
11498,1
11499,2
11500,2
11501,3
11502,3
11503,0
11504,3
11505,2
11506,3
11507,2
11508,2
11509,3
11510,3
11511,2
11512,2
11513,3
11514,3
11515,3
11516,2
11517,0
11518,3
11519,3
11520,3
11521,3
11522,2
11523,2
11524,2
11525,2
11526,3
11527,2
11528,2
11529,2
11530,1
11531,1
11532,2
11533,2
11534,2
11535,2
11536,2
11537,1
11538,2
11539,1
11540,3
11541,1
11542,2
11543,2
11544,3
11545,2
11546,2
11547,2
11548,2
11549,2
11550,2
11551,2
11552,2
11553,2
11554,2
11555,3
11556,2
11557,2
11558,3
11559,2
11560,2
11561,3
11562,2
11563,2
11564,2
11565,2
11566,2
11567,3
11568,2
11569,2
11570,2
11571,2
11572,2
11573,2
11574,2
11575,2
11576,2
11577,2
11578,2
11579,2
11580,2
11581,2
11582,2
11583,2
11584,2
11585,2
11586,2
11587,2
11588,2
11589,2
11590,2
11591,2
11592,2
11593,2
11594,2
11595,2
11596,2
11597,3
11598,2
11599,2
11600,2
11601,2
11602,2
11603,3
11604,2
11605,2
11606,2
11607,2
11608,2
11609,2
11610,3
11611,2
11612,3
11613,1
11614,0
11615,2
11616,3
11617,2
11618,3
11619,2
11620,2
11621,2
11622,3
11623,3
11624,2
11625,2
11626,3
11627,2
11628,2
11629,2
11630,2
11631,2
11632,3
11633,3
11634,3
11635,0
11636,2
11637,2
11638,2
11639,2
11640,3
11641,2
11642,0
11643,0
11644,0
11645,0
11646,0
11647,0
11648,3
11649,3
11650,1
11651,2
11652,2
11653,2
11654,0
11655,2
11656,2
11657,2
11658,3
11659,2
11660,2
11661,2
11662,2
11663,2
11664,2
11665,2
11666,1
11667,2
11668,2
11669,2
11670,2
11671,2
11672,2
11673,2
11674,2
11675,2
11676,2
11677,2
11678,2
11679,2
11680,2
11681,2
11682,2
11683,2
11684,2
11685,2
11686,2
11687,2
11688,2
11689,2
11690,2
11691,0
11692,0
11693,0
11694,1
11695,2
11696,3
11697,2
11698,2
11699,2
11700,2
11701,2
11702,2
11703,2
11704,2
11705,2
11706,3
11707,2
11708,2
11709,2
11710,2
11711,2
11712,2
11713,2
11714,2
11715,2
11716,2
11717,2
11718,2
11719,2
11720,2
11721,2
11722,2
11723,2
11724,2
11725,2
11726,2
11727,2
11728,2
11729,3
11730,2
11731,3
11732,2
11733,3
11734,2
11735,3
11736,3
11737,1
11738,3
11739,2
11740,2
11741,3
11742,0
11743,0
11744,4
11745,0
11746,2
11747,2
11748,3
11749,0
11750,3
11751,3
11752,3
11753,2
11754,2
11755,3
11756,0
11757,1
11758,2
11759,2
11760,2
11761,3
11762,1
11763,3
11764,3
11765,3
11766,2
11767,3
11768,0
11769,1
11770,2
11771,3
11772,2
11773,3
11774,2
11775,2
11776,2
11777,3
11778,2
11779,2
11780,2
11781,2
11782,2
11783,1
11784,2
11785,1
11786,3
11787,0
11788,2
11789,3
11790,1
11791,1
11792,2
11793,2
11794,2
11795,3
11796,2
11797,2
11798,2
11799,2
11800,2
11801,2
11802,2
11803,3
11804,2
11805,2
11806,1
11807,2
11808,3
11809,2
11810,2
11811,2
11812,0
11813,0
11814,0
11815,0
11816,2
11817,2
11818,2
11819,2
11820,0
11821,0
11822,0
11823,0
11824,3
11825,3
11826,2
11827,3
11828,0
11829,2
11830,0
11831,3
11832,0
11833,3
11834,3
11835,3
11836,3
11837,0
11838,3
11839,3
11840,2
11841,2
11842,3
11843,2
11844,0
11845,2
11846,2
11847,3
11848,3
11849,2
11850,1
11851,0
11852,3
11853,3
11854,3
11855,3
11856,3
11857,2
11858,3
11859,3
11860,2
11861,2
11862,2
11863,3
11864,3
11865,1
11866,1
11867,1
11868,3
11869,2
11870,2
11871,2
11872,2
11873,2
11874,2
11875,2
11876,2
11877,2
11878,2
11879,3
11880,3
11881,3
11882,3
11883,3
11884,2
11885,2
11886,3
11887,2
11888,2
11889,3
11890,3
11891,2
11892,2
11893,2
11894,2
11895,2
11896,2
11897,3
11898,3
11899,2
11900,2
11901,2
11902,3
11903,3
11904,3
11905,3
11906,3
11907,3
11908,0
11909,0
11910,0
11911,3
11912,0
11913,0
11914,3
11915,2
11916,0
11917,0
11918,0
11919,0
11920,0
11921,0
11922,3
11923,0
11924,1
11925,3
11926,1
11927,1
11928,3
11929,3
11930,1
11931,1
11932,1
11933,1
11934,2
11935,2
11936,1
11937,3
11938,1
11939,3
11940,3
11941,3
11942,3
11943,2
11944,3
11945,2
11946,2
11947,3
11948,3
11949,2
11950,3
11951,1
11952,1
11953,1
11954,2
11955,0
11956,2
11957,2
11958,3
11959,2
11960,2
11961,2
11962,2
11963,2
11964,3
11965,2
11966,2
11967,2
11968,2
11969,2
11970,2
11971,2
11972,2
11973,2
11974,2
11975,2
11976,2
11977,2
11978,2
11979,2
11980,3
11981,2
11982,3
11983,3
11984,3
11985,2
11986,2
11987,2
11988,2
11989,2
11990,2
11991,2
11992,2
11993,3
11994,2
11995,2
11996,2
11997,2
11998,2
11999,2
12000,2
12001,2
12002,2
12003,1
12004,2
12005,3
12006,3
12007,3
12008,2
12009,3
12010,3
12011,3
12012,0
12013,0
12014,2
12015,0
12016,2
12017,3
12018,1
12019,2
12020,3
12021,2
12022,3
12023,1
12024,3
12025,3
12026,0
12027,0
12028,2
12029,1
12030,1
12031,1
12032,1
12033,1
12034,1
12035,3
12036,1
12037,1
12038,3
12039,3
12040,3
12041,2
12042,2
12043,2
12044,2
12045,0
12046,1
12047,1
12048,2
12049,3
12050,3
12051,2
12052,3
12053,3
12054,3
12055,3
12056,3
12057,1
12058,1
12059,1
12060,0
12061,3
12062,3
12063,3
12064,0
12065,1
12066,2
12067,2
12068,3
12069,2
12070,3
12071,2
12072,2
12073,3
12074,0
12075,3
12076,3
12077,2
12078,2
12079,2
12080,0
12081,3
12082,3
12083,2
12084,3
12085,2
12086,2
12087,3
12088,0
12089,0
12090,2
12091,0
12092,0
12093,0
12094,0
12095,1
12096,1
12097,0
12098,2
12099,2
12100,3
12101,3
12102,0
12103,0
12104,0
12105,0
12106,0
12107,0
12108,2
12109,2
12110,2
12111,2
12112,4
12113,2
12114,3
12115,1
12116,1
12117,1
12118,3
12119,2
12120,3
12121,3
12122,2
12123,2
12124,2
12125,0
12126,2
12127,2
12128,3
12129,3
12130,2
12131,2
12132,2
12133,2
12134,2
12135,2
12136,2
12137,2
12138,2
12139,2
12140,2
12141,2
12142,2
12143,2
12144,1
12145,1
12146,2
12147,2
12148,2
12149,2
12150,2
12151,2
12152,2
12153,3
12154,2
12155,3
12156,1
12157,1
12158,3
12159,2
12160,3
12161,3
12162,3
12163,3
12164,3
12165,3
12166,3
12167,2
12168,3
12169,1
12170,3
12171,3
12172,2
12173,3
12174,2
12175,2
12176,2
12177,2
12178,2
12179,3
12180,2
12181,3
12182,2
12183,2
12184,2
12185,2
12186,2
12187,2
12188,3
12189,2
12190,2
12191,3
12192,1
12193,1
12194,2
12195,2
12196,3
12197,2
12198,2
12199,2
12200,3
12201,2
12202,3
12203,3
12204,2
12205,2
12206,3
12207,2
12208,3
12209,2
12210,2
12211,3
12212,2
12213,2
12214,3
12215,2
12216,3
12217,3
12218,3
12219,3
12220,3
12221,3
12222,3
12223,2
12224,3
12225,3
12226,2
12227,2
12228,2
12229,3
12230,3
12231,2
12232,3
12233,2
12234,3
12235,1
12236,1
12237,1
12238,1
12239,0
12240,0
12241,0
12242,0
12243,3
12244,3
12245,3
12246,3
12247,3
12248,3
12249,3
12250,3
12251,3
12252,2
12253,3
12254,3
12255,2
12256,2
12257,2
12258,2
12259,2
12260,2
12261,2
12262,0
12263,2
12264,0
12265,2
12266,3
12267,3
12268,2
12269,3
12270,2
12271,0
12272,2
12273,2
12274,2
12275,2
12276,2
12277,2
12278,3
12279,2
12280,2
12281,3
12282,2
12283,3
12284,3
12285,2
12286,3
12287,2
12288,3
12289,0
12290,2
12291,2
12292,2
12293,3
12294,2
12295,0
12296,2
12297,0
12298,1
12299,3
12300,1
12301,1
12302,2
12303,3
12304,3
12305,0
12306,0
12307,3
12308,3
12309,1
12310,0
12311,2
12312,2
12313,2
12314,2
12315,2
12316,2
12317,2
12318,2
12319,3
12320,2
12321,2
12322,2
12323,0
12324,0
12325,2
12326,2
12327,0
12328,2
12329,2
12330,1
12331,1
12332,3
12333,1
12334,3
12335,3
12336,3
12337,3
12338,1
12339,3
12340,3
12341,1
12342,3
12343,3
12344,3
12345,1
12346,3
12347,2
12348,0
12349,3
12350,2
12351,2
12352,3
12353,2
12354,3
12355,2
12356,2
12357,0
12358,3
12359,3
12360,2
12361,3
12362,1
12363,1
12364,1
12365,3
12366,3
12367,1
12368,0
12369,0
12370,0
12371,1
12372,1
12373,0
12374,3
12375,0
12376,3
12377,3
12378,3
12379,0
12380,2
12381,3
12382,3
12383,3
12384,3
12385,0
12386,3
12387,3
12388,2
12389,5
12390,3
12391,3
12392,3
12393,2
12394,0
12395,3
12396,0
12397,2
12398,0
12399,0
12400,2
12401,0
12402,3
12403,2
12404,3
12405,3
12406,3
12407,3
12408,2
12409,3
12410,2
12411,3
12412,2
12413,3
12414,1
12415,0
12416,1
12417,0
12418,3
12419,3
12420,0
12421,2
12422,0
12423,0
12424,0
12425,2
12426,3
12427,2
12428,2
12429,0
12430,0
12431,0
12432,0
12433,0
12434,0
12435,0
12436,0
12437,2
12438,0
12439,3
12440,0
12441,3
12442,2
12443,0
12444,0
12445,0
12446,0
12447,0
12448,0
12449,0
12450,0
12451,0
12452,0
12453,0
12454,0
12455,0
12456,3
12457,3
12458,3
12459,3
12460,3
12461,0
12462,3
12463,3
12464,3
12465,2
12466,2
12467,0
12468,2
12469,0
12470,0
12471,0
12472,0
12473,0
12474,2
12475,0
12476,0
12477,2
12478,3
12479,1
12480,0
12481,0
12482,0
12483,2
12484,0
12485,0
12486,2
12487,2
12488,2
12489,3
12490,0
12491,2
12492,3
12493,0
12494,3
12495,3
12496,3
12497,3
12498,2
12499,3
12500,0
12501,3
12502,3
12503,3
12504,2
12505,0
12506,2
12507,3
12508,0
12509,3
12510,3
12511,2
12512,1
12513,1
12514,2
12515,3
12516,3
12517,2
12518,3
12519,3
12520,2
12521,3
12522,2
12523,3
12524,3
12525,2
12526,3
12527,2
12528,3
12529,2
12530,2
12531,2
12532,2
12533,3
12534,3
12535,3
12536,3
12537,3
12538,3
12539,3
12540,3
12541,3
12542,3
12543,3
12544,2
12545,2
12546,2
12547,2
12548,2
12549,2
12550,3
12551,2
12552,2
12553,2
12554,2
12555,3
12556,3
12557,2
12558,3
12559,3
12560,2
12561,2
12562,2
12563,3
12564,2
12565,3
12566,2
12567,3
12568,2
12569,3
12570,2
12571,2
12572,2
12573,2
12574,2
12575,2
12576,2
12577,2
12578,2
12579,3
12580,2
12581,3
12582,2
12583,2
12584,3
12585,3
12586,2
12587,3
12588,1
12589,1
12590,2
12591,2
12592,2
12593,2
12594,2
12595,2
12596,2
12597,2
12598,2
12599,3
12600,2
12601,2
12602,2
12603,3
12604,3
12605,1
12606,2
12607,3
12608,2
12609,2
12610,3
12611,2
12612,2
12613,2
12614,2
12615,2
12616,2
12617,2
12618,2
12619,3
12620,2
12621,3
12622,2
12623,2
12624,2
12625,2
12626,2
12627,2
12628,2
12629,2
12630,2
12631,2
12632,2
12633,3
12634,3
12635,2
12636,3
12637,3
12638,2
12639,2
12640,2
12641,2
12642,3
12643,3
12644,2
12645,2
12646,2
12647,2
12648,2
12649,2
12650,2
12651,2
12652,2
12653,2
12654,2
12655,2
12656,2
12657,2
12658,3
12659,2
12660,2
12661,2
12662,2
12663,2
12664,2
12665,2
12666,2
12667,2
12668,2
12669,2
12670,2
12671,2
12672,2
12673,2
12674,2
12675,3
12676,2
12677,2
12678,2
12679,3
12680,2
12681,2
12682,3
12683,2
12684,2
12685,2
12686,2
12687,3
12688,2
12689,2
12690,1
12691,3
12692,2
12693,2
12694,2
12695,2
12696,2
12697,3
12698,3
12699,2
12700,2
12701,2
12702,2
12703,2
12704,2
12705,2
12706,2
12707,3
12708,2
12709,3
12710,2
12711,2
12712,2
12713,2
12714,2
12715,2
12716,2
12717,2
12718,3
12719,2
12720,2
12721,2
12722,2
12723,2
12724,2
12725,2
12726,2
12727,2
12728,2
12729,2
12730,2
12731,2
12732,2
12733,2
12734,3
12735,2
12736,2
12737,2
12738,2
12739,2
12740,2
12741,2
12742,2
12743,2
12744,2
12745,2
12746,2
12747,2
12748,2
12749,2
12750,2
12751,3
12752,2
12753,2
12754,3
12755,2
12756,2
12757,2
12758,2
12759,2
12760,2
12761,2
12762,2
12763,1
12764,3
12765,1
12766,3
12767,2
12768,2
12769,2
12770,2
12771,2
12772,2
12773,2
12774,2
12775,2
12776,2
12777,2
12778,3
12779,2
12780,2
12781,2
12782,2
12783,2
12784,3
12785,2
12786,2
12787,2
12788,2
12789,2
12790,2
12791,2
12792,3
12793,3
12794,2
12795,0
12796,2
12797,2
12798,2
12799,3
12800,0
12801,2
12802,3
12803,2
12804,2
12805,2
12806,2
12807,3
12808,3
12809,2
12810,3
12811,0
12812,2
12813,2
12814,3
12815,3
12816,0
12817,2
12818,3
12819,2
12820,2
12821,2
12822,3
12823,3
12824,2
12825,2
12826,2
12827,2
12828,2
12829,2
12830,2
12831,2
12832,2
12833,2
12834,2
12835,2
12836,2
12837,2
12838,2
12839,2
12840,2
12841,3
12842,3
12843,2
12844,2
12845,2
12846,0
12847,2
12848,2
12849,2
12850,0
12851,2
12852,3
12853,2
12854,2
12855,2
12856,2
12857,2
12858,2
12859,2
12860,2
12861,2
12862,2
12863,2
12864,3
12865,2
12866,3
12867,2
12868,2
12869,2
12870,2
12871,2
12872,2
12873,2
12874,2
12875,2
12876,3
12877,2
12878,2
12879,2
12880,0
12881,2
12882,2
12883,2
12884,2
12885,2
12886,2
12887,3
12888,2
12889,2
12890,3
12891,3
12892,2
12893,3
12894,3
12895,2
12896,3
12897,2
12898,2
12899,2
12900,2
12901,2
12902,3
12903,2
12904,2
12905,3
12906,2
12907,2
12908,2
12909,3
12910,2
12911,2
12912,2
12913,2
12914,2
12915,3
12916,2
12917,3
12918,3
12919,2
12920,3
12921,2
12922,2
12923,2
12924,2
12925,0
12926,2
12927,2
12928,2
12929,3
12930,2
12931,2
12932,2
12933,2
12934,2
12935,2
12936,2
12937,2
12938,2
12939,2
12940,2
12941,2
12942,2
12943,2
12944,2
12945,2
12946,2
12947,2
12948,2
12949,2
12950,2
12951,2
12952,2
12953,3
12954,2
12955,2
12956,2
12957,2
12958,0
12959,2
12960,2
12961,2
12962,2
12963,2
12964,2
12965,2
12966,2
12967,2
12968,2
12969,2
12970,2
12971,2
12972,2
12973,2
12974,2
12975,2
12976,2
12977,3
12978,2
12979,2
12980,2
12981,2
12982,2
12983,2
12984,2
12985,2
12986,2
12987,2
12988,2
12989,2
12990,2
12991,0
12992,2
12993,2
12994,2
12995,2
12996,2
12997,2
12998,2
12999,2
13000,2
13001,2
13002,2
13003,2
13004,2
13005,2
13006,2
13007,1
13008,2
13009,2
13010,3
13011,2
13012,2
13013,2
13014,0
13015,2
13016,2
13017,2
13018,3
13019,0
13020,2
13021,2
13022,3
13023,2
13024,2
13025,2
13026,2
13027,2
13028,2
13029,2
13030,2
13031,2
13032,2
13033,2
13034,2
13035,2
13036,2
13037,2
13038,2
13039,2
13040,2
13041,2
13042,2
13043,2
13044,3
13045,2
13046,2
13047,2
13048,2
13049,2
13050,2
13051,2
13052,2
13053,2
13054,2
13055,2
13056,2
13057,2
13058,3
13059,2
13060,2
13061,2
13062,2
13063,2
13064,2
13065,2
13066,3
13067,2
13068,0
13069,3
13070,2
13071,2
13072,3
13073,3
13074,3
13075,0
13076,0
13077,2
13078,3
13079,0
13080,2
13081,2
13082,2
13083,2
13084,2
13085,2
13086,2
13087,2
13088,2
13089,2
13090,2
13091,2
13092,2
13093,2
13094,2
13095,2
13096,2
13097,2
13098,2
13099,2
13100,2
13101,2
13102,2
13103,2
13104,2
13105,2
13106,2
13107,2
13108,2
13109,2
13110,2
13111,2
13112,2
13113,2
13114,2
13115,2
13116,2
13117,2
13118,3
13119,3
13120,2
13121,3
13122,2
13123,2
13124,2
13125,2
13126,2
13127,2
13128,2
13129,2
13130,2
13131,2
13132,2
13133,2
13134,2
13135,2
13136,2
13137,2
13138,2
13139,2
13140,2
13141,2
13142,2
13143,2
13144,2
13145,2
13146,2
13147,2
13148,2
13149,2
13150,2
13151,2
13152,2
13153,2
13154,2
13155,2
13156,2
13157,2
13158,2
13159,2
13160,2
13161,2
13162,2
13163,2
13164,2
13165,2
13166,2
13167,2
13168,2
13169,2
13170,2
13171,2
13172,3
13173,2
13174,3
13175,3
13176,3
13177,3
13178,2
13179,2
13180,2
13181,2
13182,2
13183,2
13184,3
13185,2
13186,2
13187,2
13188,2
13189,2
13190,2
13191,2
13192,2
13193,2
13194,3
13195,2
13196,3
13197,2
13198,3
13199,3
13200,2
13201,2
13202,2
13203,2
13204,2
13205,0
13206,2
13207,2
13208,2
13209,3
13210,0
13211,3
13212,0
13213,3
13214,2
13215,2
13216,2
13217,2
13218,2
13219,2
13220,2
13221,2
13222,2
13223,2
13224,2
13225,3
13226,3
13227,3
13228,2
13229,2
13230,2
13231,2
13232,2
13233,3
13234,2
13235,2
13236,3
13237,2
13238,2
13239,2
13240,2
13241,2
13242,3
13243,2
13244,2
13245,2
13246,2
13247,2
13248,2
13249,2
13250,3
13251,2
13252,2
13253,2
13254,2
13255,3
13256,1
13257,0
13258,2
13259,2
13260,2
13261,2
13262,2
13263,2
13264,2
13265,2
13266,3
13267,3
13268,2
13269,2
13270,3
13271,3
13272,3
13273,3
13274,2
13275,2
13276,2
13277,2
13278,2
13279,2
13280,2
13281,2
13282,2
13283,2
13284,1
13285,3
13286,2
13287,3
13288,1
13289,2
13290,3
13291,1
13292,3
13293,3
13294,1
13295,3
13296,2
13297,1
13298,3
13299,3
13300,3
13301,3
13302,3
13303,2
13304,2
13305,2
13306,2
13307,2
13308,2
13309,2
13310,2
13311,2
13312,2
13313,2
13314,2
13315,2
13316,2
13317,2
13318,2
13319,2
13320,2
13321,2
13322,2
13323,2
13324,2
13325,2
13326,2
13327,2
13328,2
13329,2
13330,2
13331,2
13332,2
13333,2
13334,2
13335,2
13336,2
13337,2
13338,2
13339,2
13340,2
13341,2
13342,2
13343,2
13344,2
13345,2
13346,2
13347,2
13348,2
13349,3
13350,3
13351,2
13352,3
13353,2
13354,2
13355,2
13356,2
13357,2
13358,2
13359,2
13360,2
13361,2
13362,3
13363,2
13364,2
13365,2
13366,2
13367,2
13368,2
13369,2
13370,3
13371,2
13372,2
13373,3
13374,3
13375,3
13376,0
13377,2
13378,3
13379,3
13380,3
13381,1
13382,3
13383,3
13384,0
13385,3
13386,3
13387,3
13388,2
13389,3
13390,0
13391,2
13392,2
13393,2
13394,2
13395,2
13396,2
13397,2
13398,2
13399,2
13400,2
13401,2
13402,2
13403,2
13404,3
13405,2
13406,2
13407,2
13408,2
13409,2
13410,2
13411,2
13412,2
13413,2
13414,2
13415,2
13416,2
13417,2
13418,2
13419,2
13420,3
13421,2
13422,2
13423,2
13424,2
13425,2
13426,2
13427,2
13428,2
13429,0
13430,2
13431,2
13432,2
13433,2
13434,2
13435,2
13436,2
13437,2
13438,2
13439,2
13440,2
13441,2
13442,2
13443,2
13444,2
13445,2
13446,2
13447,2
13448,2
13449,2
13450,3
13451,2
13452,2
13453,2
13454,2
13455,2
13456,2
13457,2
13458,2
13459,2
13460,2
13461,2
13462,2
13463,3
13464,2
13465,3
13466,3
13467,2
13468,2
13469,2
13470,3
13471,3
13472,3
13473,3
13474,2
13475,0
13476,0
13477,3
13478,2
13479,3
13480,2
13481,2
13482,3
13483,2
13484,2
13485,2
13486,2
13487,2
13488,2
13489,2
13490,2
13491,2
13492,3
13493,2
13494,2
13495,2
13496,2
13497,2
13498,2
13499,2
13500,0
13501,0
13502,2
13503,2
13504,2
13505,2
13506,2
13507,3
13508,2
13509,2
13510,2
13511,2
13512,2
13513,2
13514,2
13515,2
13516,2
13517,2
13518,2
13519,2
13520,2
13521,2
13522,2
13523,2
13524,2
13525,2
13526,2
13527,2
13528,2
13529,2
13530,2
13531,0
13532,2
13533,2
13534,2
13535,2
13536,2
13537,2
13538,2
13539,2
13540,2
13541,2
13542,2
13543,2
13544,2
13545,2
13546,2
13547,2
13548,2
13549,0
13550,2
13551,2
13552,0
13553,2
13554,3
13555,2
13556,2
13557,0
13558,2
13559,0
13560,0
13561,0
13562,0
13563,0
13564,0
13565,0
13566,0
13567,2
13568,2
13569,2
13570,2
13571,2
13572,2
13573,2
13574,2
13575,2
13576,3
13577,2
13578,2
13579,2
13580,2
13581,2
13582,2
13583,2
13584,2
13585,2
13586,2
13587,2
13588,2
13589,2
13590,2
13591,2
13592,2
13593,2
13594,2
13595,2
13596,2
13597,2
13598,2
13599,2
13600,2
13601,2
13602,2
13603,2
13604,2
13605,2
13606,3
13607,3
13608,3
13609,3
13610,3
13611,3
13612,2
13613,3
13614,3
13615,2
13616,3
13617,3
13618,3
13619,3
13620,4
13621,2
13622,3
13623,3
13624,2
13625,3
13626,0
13627,0
13628,0
13629,0
13630,0
13631,2
13632,0
13633,2
13634,0
13635,0
13636,0
13637,0
13638,0
13639,0
13640,2
13641,2
13642,2
13643,0
13644,0
13645,2
13646,2
13647,0
13648,0
13649,2
13650,0
13651,2
13652,0
13653,2
13654,2
13655,2
13656,2
13657,2
13658,3
13659,3
13660,3
13661,3
13662,3
13663,0
13664,2
13665,3
13666,3
13667,3
13668,3
13669,2
13670,3
13671,3
13672,3
13673,3
13674,3
13675,3
13676,3
13677,2
13678,2
13679,3
13680,3
13681,3
13682,3
13683,3
13684,3
13685,3
13686,3
13687,3
13688,2
13689,2
13690,2
13691,3
13692,3
13693,3
13694,3
13695,2
13696,3
13697,3
13698,3
13699,3
13700,3
13701,3
13702,3
13703,3
13704,3
13705,3
13706,3
13707,3
13708,3
13709,3
13710,3
13711,3
13712,3
13713,3
13714,4
13715,2
13716,3
13717,3
13718,3
13719,3
13720,3
13721,2
13722,2
13723,3
13724,3
13725,3
13726,3
13727,2
13728,0
13729,3
13730,0
13731,0
13732,2
13733,0
13734,0
13735,2
13736,3
13737,2
13738,3
13739,2
13740,0
13741,2
13742,2
13743,4
13744,3
13745,0
13746,3
13747,0
13748,2
13749,3
13750,0
13751,3
13752,0
13753,3
13754,0
13755,3
13756,0
13757,2
13758,2
13759,2
13760,3
13761,2
13762,3
13763,3
13764,3
13765,3
13766,4
13767,2
13768,2
13769,3
13770,3
13771,3
13772,2
13773,2
13774,3
13775,3
13776,2
13777,2
13778,0
13779,3
13780,3
13781,3
13782,3
13783,3
13784,3
13785,2
13786,3
13787,3
13788,3
13789,3
13790,3
13791,3
13792,3
13793,2
13794,3
13795,3
13796,2
13797,2
13798,3
13799,3
13800,0
13801,3
13802,2
13803,2
13804,0
13805,3
13806,3
13807,3
13808,2
13809,3
13810,3
13811,3
13812,3
13813,0
13814,3
13815,3
13816,3
13817,2
13818,0
13819,3
13820,2
13821,3
13822,3
13823,3
13824,2
13825,3
13826,3
13827,3
13828,3
13829,2
13830,2
13831,3
13832,3
13833,3
13834,2
13835,0
13836,2
13837,0
13838,2
13839,3
13840,3
13841,3
13842,3
13843,2
13844,3
13845,3
13846,3
13847,3
13848,2
13849,3
13850,3
13851,3
13852,3
13853,3
13854,3
13855,3
13856,2
13857,3
13858,3
13859,3
13860,2
13861,3
13862,0
13863,2
13864,2
13865,2
13866,3
13867,2
13868,2
13869,2
13870,0
13871,0
13872,3
13873,2
13874,2
13875,2
13876,2
13877,2
13878,2
13879,2
13880,2
13881,2
13882,0
13883,2
13884,2
13885,2
13886,2
13887,2
13888,2
13889,2
13890,2
13891,2
13892,2
13893,2
13894,3
13895,2
13896,3
13897,3
13898,2
13899,2
13900,3
13901,2
13902,3
13903,3
13904,2
13905,2
13906,2
13907,3
13908,2
13909,2
13910,2
13911,2
13912,2
13913,0
13914,2
13915,2
13916,2
13917,2
13918,2
13919,2
13920,2
13921,3
13922,2
13923,0
13924,3
13925,2
13926,3
13927,3
13928,3
13929,3
13930,2
13931,2
13932,2
13933,2
13934,2
13935,2
13936,2
13937,2
13938,2
13939,3
13940,3
13941,2
13942,2
13943,3
13944,2
13945,2
13946,0
13947,0
13948,0
13949,2
13950,0
13951,0
13952,0
13953,2
13954,2
13955,2
13956,2
13957,2
13958,2
13959,2
13960,3
13961,2
13962,2
13963,2
13964,2
13965,2
13966,2
13967,2
13968,2
13969,2
13970,2
13971,2
13972,2
13973,2
13974,2
13975,2
13976,2
13977,3
13978,2
13979,3
13980,2
13981,2
13982,2
13983,2
13984,2
13985,2
13986,2
13987,2
13988,2
13989,2
13990,2
13991,2
13992,3
13993,2
13994,2
13995,2
13996,2
13997,2
13998,2
13999,2
14000,2
14001,3
14002,2
14003,0
14004,2
14005,2
14006,2
14007,2
14008,0
14009,3
14010,2
14011,2
14012,0
14013,0
14014,0
14015,0
14016,2
14017,0
14018,0
14019,0
14020,0
14021,2
14022,2
14023,0
14024,2
14025,2
14026,2
14027,3
14028,2
14029,3
14030,2
14031,3
14032,2
14033,2
14034,2
14035,2
14036,2
14037,3
14038,2
14039,0
14040,2
14041,2
14042,2
14043,2
14044,2
14045,0
14046,2
14047,2
14048,3
14049,3
14050,2
14051,2
14052,2
14053,0
14054,2
14055,2
14056,2
14057,2
14058,2
14059,2
14060,2
14061,3
14062,3
14063,2
14064,2
14065,2
14066,2
14067,3
14068,2
14069,3
14070,2
14071,3
14072,2
14073,2
14074,3
14075,3
14076,3
14077,3
14078,3
14079,2
14080,2
14081,3
14082,3
14083,3
14084,0
14085,2
14086,2
14087,2
14088,2
14089,3
14090,2
14091,3
14092,1
14093,3
14094,3
14095,2
14096,3
14097,3
14098,2
14099,2
14100,0
14101,0
14102,0
14103,2
14104,0
14105,0
14106,2
14107,0
14108,2
14109,3
14110,3
14111,3
14112,3
14113,3
14114,2
14115,3
14116,3
14117,3
14118,0
14119,2
14120,3
14121,2
14122,0
14123,2
14124,0
14125,2
14126,2
14127,3
14128,2
14129,3
14130,2
14131,3
14132,3
14133,0
14134,3
14135,3
14136,3
14137,2
14138,2
14139,3
14140,3
14141,2
14142,3
14143,2
14144,2
14145,3
14146,3
14147,3
14148,3
14149,3
14150,3
14151,4
14152,3
14153,3
14154,4
14155,4
14156,3
14157,2
14158,3
14159,2
14160,2
14161,2
14162,0
14163,3
14164,2
14165,2
14166,2
14167,2
14168,2
14169,2
14170,4
14171,3
14172,3
14173,0
14174,2
14175,2
14176,2
14177,2
14178,2
14179,2
14180,2
14181,2
14182,2
14183,2
14184,2
14185,2
14186,2
14187,2
14188,2
14189,2
14190,2
14191,2
14192,2
14193,2
14194,2
14195,2
14196,2
14197,3
14198,2
14199,2
14200,2
14201,2
14202,2
14203,2
14204,2
14205,2
14206,2
14207,2
14208,2
14209,0
14210,2
14211,2
14212,2
14213,0
14214,2
14215,2
14216,0
14217,3
14218,2
14219,2
14220,2
14221,2
14222,2
14223,2
14224,2
14225,2
14226,2
14227,2
14228,2
14229,2
14230,3
14231,3
14232,2
14233,2
14234,2
14235,2
14236,2
14237,3
14238,3
14239,0
14240,3
14241,0
14242,2
14243,2
14244,0
14245,2
14246,2
14247,2
14248,2
14249,2
14250,2
14251,2
14252,2
14253,2
14254,3
14255,2
14256,2
14257,2
14258,2
14259,2
14260,2
14261,2
14262,2
14263,2
14264,2
14265,2
14266,2
14267,2
14268,2
14269,2
14270,2
14271,2
14272,2
14273,2
14274,2
14275,2
14276,2
14277,2
14278,2
14279,2
14280,2
14281,2
14282,2
14283,2
14284,2
14285,2
14286,2
14287,2
14288,2
14289,2
14290,2
14291,2
14292,3
14293,3
14294,1
14295,2
14296,2
14297,2
14298,2
14299,2
14300,2
14301,2
14302,0
14303,2
14304,3
14305,3
14306,0
14307,0
14308,0
14309,2
14310,2
14311,2
14312,2
14313,2
14314,2
14315,2
14316,2
14317,2
14318,2
14319,2
14320,2
14321,2
14322,2
14323,2
14324,2
14325,2
14326,2
14327,2
14328,2
14329,2
14330,2
14331,2
14332,2
14333,2
14334,2
14335,2
14336,2
14337,2
14338,2
14339,2
14340,2
14341,2
14342,2
14343,2
14344,2
14345,2
14346,2
14347,2
14348,2
14349,2
14350,2
14351,2
14352,3
14353,3
14354,0
14355,0
14356,0
14357,0
14358,0
14359,0
14360,2
14361,2
14362,3
14363,3
14364,3
14365,3
14366,3
14367,1
14368,3
14369,2
14370,3
14371,2
14372,3
14373,2
14374,2
14375,2
14376,2
14377,2
14378,2
14379,2
14380,2
14381,2
14382,2
14383,2
14384,2
14385,2
14386,2
14387,2
14388,2
14389,2
14390,2
14391,2
14392,2
14393,2
14394,2
14395,2
14396,2
14397,2
14398,2
14399,2
14400,2
14401,2
14402,2
14403,2
14404,2
14405,2
14406,2
14407,2
14408,2
14409,2
14410,3
14411,2
14412,2
14413,2
14414,0
14415,2
14416,2
14417,2
14418,2
14419,3
14420,2
14421,2
14422,3
14423,2
14424,2
14425,3
14426,3
14427,2
14428,2
14429,2
14430,2
14431,2
14432,2
14433,2
14434,2
14435,2
14436,2
14437,2
14438,2
14439,2
14440,3
14441,2
14442,2
14443,2
14444,2
14445,2
14446,2
14447,2
14448,2
14449,3
14450,3
14451,3
14452,2
14453,2
14454,2
14455,3
14456,0
14457,2
14458,2
14459,2
14460,2
14461,2
14462,2
14463,2
14464,2
14465,2
14466,2
14467,2
14468,2
14469,2
14470,2
14471,2
14472,2
14473,2
14474,2
14475,2
14476,2
14477,2
14478,2
14479,2
14480,2
14481,2
14482,2
14483,2
14484,2
14485,2
14486,2
14487,2
14488,2
14489,2
14490,2
14491,2
14492,2
14493,2
14494,2
14495,2
14496,2
14497,2
14498,2
14499,2
14500,2
14501,2
14502,2
14503,2
14504,2
14505,2
14506,2
14507,3
14508,2
14509,2
14510,2
14511,3
14512,2
14513,2
14514,2
14515,2
14516,2
14517,2
14518,2
14519,2
14520,2
14521,2
14522,3
14523,3
14524,2
14525,2
14526,2
14527,2
14528,1
14529,0
14530,0
14531,0
14532,0
14533,1
14534,2
14535,3
14536,2
14537,2
14538,2
14539,2
14540,2
14541,2
14542,2
14543,3
14544,2
14545,2
14546,2
14547,2
14548,2
14549,2
14550,3
14551,2
14552,2
14553,2
14554,3
14555,2
14556,2
14557,2
14558,2
14559,3
14560,3
14561,0
14562,3
14563,3
14564,0
14565,3
14566,3
14567,2
14568,1
14569,3
14570,3
14571,2
14572,2
14573,3
14574,2
14575,3
14576,3
14577,3
14578,3
14579,2
14580,2
14581,2
14582,2
14583,2
14584,2
14585,2
14586,2
14587,2
14588,2
14589,2
14590,2
14591,2
14592,2
14593,2
14594,2
14595,2
14596,2
14597,2
14598,2
14599,2
14600,3
14601,2
14602,2
14603,2
14604,2
14605,2
14606,2
14607,2
14608,2
14609,2
14610,3
14611,2
14612,2
14613,2
14614,2
14615,2
14616,2
14617,2
14618,2
14619,2
14620,2
14621,2
14622,3
14623,2
14624,2
14625,2
14626,2
14627,2
14628,2
14629,2
14630,2
14631,2
14632,2
14633,2
14634,2
14635,3
14636,3
14637,3
14638,3
14639,3
14640,3
14641,2
14642,3
14643,3
14644,3
14645,3
14646,3
14647,2
14648,2
14649,3
14650,3
14651,3
14652,3
14653,3
14654,3
14655,3
14656,2
14657,3
14658,2
14659,2
14660,3
14661,2
14662,3
14663,3
14664,3
14665,2
14666,3
14667,2
14668,3
14669,3
14670,2
14671,2
14672,3
14673,3
14674,2
14675,0
14676,3
14677,2
14678,3
14679,1
14680,2
14681,3
14682,0
14683,0
14684,0
14685,2
14686,2
14687,2
14688,2
14689,2
14690,3
14691,3
14692,2
14693,3
14694,3
14695,3
14696,3
14697,3
14698,2
14699,2
14700,2
14701,3
14702,2
14703,3
14704,2
14705,2
14706,2
14707,2
14708,2
14709,3
14710,2
14711,2
14712,2
14713,2
14714,2
14715,2
14716,2
14717,0
14718,2
14719,2
14720,2
14721,2
14722,2
14723,2
14724,2
14725,2
14726,2
14727,2
14728,2
14729,2
14730,2
14731,2
14732,2
14733,2
14734,2
14735,2
14736,0
14737,2
14738,2
14739,2
14740,2
14741,3
14742,2
14743,3
14744,3
14745,2
14746,2
14747,2
14748,0
14749,0
14750,2
14751,2
14752,2
14753,0
14754,0
14755,0
14756,0
14757,0
14758,2
14759,2
14760,3
14761,2
14762,2
14763,0
14764,0
14765,3
14766,2
14767,2
14768,2
14769,2
14770,2
14771,3
14772,2
14773,2
14774,2
14775,2
14776,2
14777,2
14778,2
14779,2
14780,3
14781,2
14782,2
14783,2
14784,2
14785,2
14786,2
14787,3
14788,3
14789,0
14790,3
14791,3
14792,3
14793,2
14794,3
14795,3
14796,3
14797,3
14798,3
14799,3
14800,3
14801,3
14802,3
14803,2
14804,3
14805,3
14806,3
14807,3
14808,3
14809,3
14810,2
14811,2
14812,3
14813,3
14814,3
14815,0
14816,0
14817,0
14818,0
14819,0
14820,3
14821,1
14822,2
14823,3
14824,3
14825,1
14826,3
14827,3
14828,2
14829,2
14830,2
14831,2
14832,2
14833,2
14834,2
14835,2
14836,2
14837,2
14838,2
14839,2
14840,2
14841,2
14842,2
14843,2
14844,2
14845,2
14846,2
14847,2
14848,2
14849,2
14850,2
14851,2
14852,2
14853,2
14854,2
14855,2
14856,2
14857,2
14858,2
14859,2
14860,2
14861,2
14862,2
14863,3
14864,2
14865,2
14866,2
14867,3
14868,2
14869,2
14870,2
14871,2
14872,2
14873,2
14874,2
14875,3
14876,2
14877,2
14878,2
14879,2
14880,2
14881,2
14882,2
14883,2
14884,2
14885,2
14886,2
14887,2
14888,0
14889,2
14890,0
14891,2
14892,2
14893,2
14894,2
14895,2
14896,2
14897,2
14898,2
14899,2
14900,3
14901,2
14902,2
14903,2
14904,2
14905,2
14906,2
14907,2
14908,2
14909,2
14910,2
14911,2
14912,2
14913,3
14914,0
14915,0
14916,3
14917,2
14918,2
14919,2
14920,2
14921,2
14922,2
14923,2
14924,3
14925,2
14926,3
14927,2
14928,2
14929,3
14930,2
14931,2
14932,2
14933,2
14934,2
14935,2
14936,0
14937,2
14938,3
14939,2
14940,2
14941,2
14942,2
14943,2
14944,2
14945,2
14946,3
14947,2
14948,3
14949,2
14950,2
14951,2
14952,2
14953,2
14954,2
14955,2
14956,2
14957,2
14958,2
14959,2
14960,2
14961,2
14962,2
14963,2
14964,2
14965,2
14966,2
14967,2
14968,2
14969,2
14970,2
14971,2
14972,2
14973,2
14974,2
14975,2
14976,2
14977,2
14978,2
14979,0
14980,2
14981,2
14982,2
14983,2
14984,2
14985,2
14986,2
14987,2
14988,2
14989,2
14990,2
14991,2
14992,2
14993,2
14994,2
14995,2
14996,2
14997,2
14998,2
14999,2
15000,2
15001,2
15002,2
15003,2
15004,2
15005,2
15006,2
15007,2
15008,2
15009,2
15010,2
15011,2
15012,2
15013,2
15014,2
15015,3
15016,2
15017,2
15018,2
15019,2
15020,2
15021,2
15022,2
15023,2
15024,2
15025,2
15026,2
15027,2
15028,2
15029,2
15030,2
15031,2
15032,2
15033,2
15034,2
15035,2
15036,2
15037,2
15038,3
15039,2
15040,0
15041,0
15042,2
15043,3
15044,0
15045,3
15046,3
15047,0
15048,0
15049,2
15050,3
15051,2
15052,2
15053,2
15054,2
15055,3
15056,2
15057,2
15058,2
15059,2
15060,2
15061,2
15062,2
15063,2
15064,2
15065,2
15066,2
15067,2
15068,2
15069,2
15070,2
15071,2
15072,3
15073,3
15074,2
15075,2
15076,2
15077,3
15078,2
15079,2
15080,2
15081,3
15082,2
15083,3
15084,2
15085,3
15086,3
15087,3
15088,3
15089,2
15090,3
15091,2
15092,0
15093,3
15094,3
15095,3
15096,3
15097,2
15098,2
15099,2
15100,2
15101,2
15102,2
15103,2
15104,2
15105,3
15106,3
15107,2
15108,2
15109,2
15110,2
15111,2
15112,2
15113,2
15114,2
15115,2
15116,2
15117,2
15118,3
15119,2
15120,3
15121,2
15122,3
15123,2
15124,2
15125,2
15126,0
15127,2
15128,3
15129,3
15130,3
15131,2
15132,0
15133,2
15134,2
15135,2
15136,2
15137,2
15138,2
15139,2
15140,2
15141,2
15142,2
15143,2
15144,2
15145,2
15146,2
15147,2
15148,2
15149,3
15150,2
15151,2
15152,2
15153,2
15154,2
15155,2
15156,2
15157,2
15158,2
15159,2
15160,2
15161,2
15162,2
15163,2
15164,2
15165,2
15166,2
15167,2
15168,2
15169,2
15170,2
15171,2
15172,2
15173,2
15174,2
15175,2
15176,2
15177,2
15178,2
15179,2
15180,2
15181,3
15182,2
15183,2
15184,2
15185,2
15186,2
15187,2
15188,3
15189,2
15190,2
15191,2
15192,2
15193,2
15194,2
15195,2
15196,2
15197,2
15198,2
15199,2
15200,2
15201,2
15202,2
15203,3
15204,2
15205,2
15206,2
15207,2
15208,2
15209,2
15210,2
15211,2
15212,2
15213,2
15214,2
15215,3
15216,2
15217,2
15218,3
15219,2
15220,2
15221,2
15222,3
15223,3
15224,2
15225,2
15226,2
15227,2
15228,2
15229,2
15230,2
15231,2
15232,2
15233,2
15234,2
15235,2
15236,2
15237,2
15238,2
15239,2
15240,2
15241,2
15242,2
15243,2
15244,2
15245,2
15246,2
15247,3
15248,2
15249,2
15250,2
15251,2
15252,2
15253,2
15254,2
15255,2
15256,2
15257,2
15258,2
15259,2
15260,2
15261,2
15262,2
15263,2
15264,2
15265,2
15266,2
15267,2
15268,2
15269,2
15270,2
15271,2
15272,2
15273,2
15274,2
15275,2
15276,2
15277,2
15278,2
15279,2
15280,2
15281,2
15282,2
15283,2
15284,2
15285,2
15286,2
15287,2
15288,2
15289,3
15290,2
15291,3
15292,2
15293,2
15294,2
15295,2
15296,0
15297,0
15298,0
15299,0
15300,3
15301,3
15302,0
15303,0
15304,0
15305,0
15306,0
15307,0
15308,0
15309,0
15310,2
15311,2
15312,2
15313,2
15314,2
15315,2
15316,3
15317,0
15318,0
15319,3
15320,3
15321,3
15322,1
15323,1
15324,3
15325,3
15326,1
15327,3
15328,2
15329,2
15330,2
15331,3
15332,3
15333,1
15334,2
15335,2
15336,3
15337,1
15338,3
15339,3
15340,3
15341,2
15342,2
15343,2
15344,3
15345,0
15346,3
15347,3
15348,2
15349,3
15350,3
15351,3
15352,2
15353,2
15354,2
15355,2
15356,3
15357,3
15358,2
15359,2
15360,2
15361,2
15362,2
15363,2
15364,2
15365,2
15366,2
15367,2
15368,2
15369,2
15370,2
15371,2
15372,2
15373,2
15374,2
15375,2
15376,2
15377,2
15378,2
15379,2
15380,2
15381,2
15382,2
15383,2
15384,2
15385,2
15386,2
15387,2
15388,2
15389,2
15390,2
15391,3
15392,3
15393,2
15394,3
15395,2
15396,2
15397,2
15398,2
15399,0
15400,2
15401,2
15402,2
15403,3
15404,2
15405,2
15406,3
15407,3
15408,2
15409,0
15410,1
15411,1
15412,2
15413,2
15414,2
15415,2
15416,2
15417,2
15418,0
15419,3
15420,3
15421,3
15422,2
15423,2
15424,2
15425,2
15426,2
15427,2
15428,2
15429,2
15430,3
15431,3
15432,2
15433,0
15434,1
15435,3
15436,3
15437,2
15438,3
15439,2
15440,2
15441,2
15442,2
15443,2
15444,3
15445,3
15446,3
15447,2
15448,3
15449,2
15450,3
15451,3
15452,2
15453,3
15454,2
15455,0
15456,3
15457,3
15458,2
15459,2
15460,2
15461,2
15462,2
15463,3
15464,2
15465,2
15466,2
15467,2
15468,2
15469,3
15470,2
15471,2
15472,3
15473,2
15474,3
15475,3
15476,2
15477,2
15478,2
15479,2
15480,2
15481,3
15482,3
15483,2
15484,2
15485,2
15486,2
15487,2
15488,2
15489,2
15490,2
15491,2
15492,2
15493,2
15494,3
15495,2
15496,2
15497,2
15498,2
15499,2
15500,2
15501,2
15502,3
15503,2
15504,0
15505,3
15506,3
15507,2
15508,2
15509,0
15510,0
15511,0
15512,0
15513,0
15514,0
15515,0
15516,2
15517,3
15518,2
15519,3
15520,3
15521,2
15522,2
15523,2
15524,2
15525,2
15526,0
15527,3
15528,3
15529,3
15530,3
15531,3
15532,3
15533,3
15534,1
15535,2
15536,3
15537,3
15538,2
15539,3
15540,2
15541,3
15542,3
15543,3
15544,3
15545,3
15546,3
15547,3
15548,3
15549,3
15550,3
15551,3
15552,3
15553,3
15554,2
15555,3
15556,3
15557,3
15558,3
15559,3
15560,3
15561,2
15562,2
15563,3
15564,3
15565,2
15566,3
15567,2
15568,3
15569,2
15570,2
15571,2
15572,2
15573,2
15574,2
15575,2
15576,2
15577,3
15578,3
15579,3
15580,2
15581,2
15582,3
15583,0
15584,0
15585,3
15586,3
15587,3
15588,0
15589,3
15590,0
15591,0
15592,0
15593,0
15594,0
15595,3
15596,3
15597,4
15598,2
15599,3
15600,3
15601,0
15602,3
15603,2
15604,3
15605,3
15606,0
15607,3
15608,3
15609,2
15610,3
15611,2
15612,2
15613,3
15614,4
15615,2
15616,2
15617,2
15618,3
15619,3
15620,3
15621,2
15622,2
15623,3
15624,3
15625,3
15626,3
15627,2
15628,3
15629,2
15630,2
15631,0
15632,0
15633,0
15634,0
15635,0
15636,0
15637,0
15638,0
15639,0
15640,3
15641,2
15642,2
15643,3
15644,2
15645,3
15646,2
15647,2
15648,2
15649,3
15650,3
15651,3
15652,3
15653,0
15654,0
15655,1
15656,3
15657,3
15658,3
15659,2
15660,3
15661,1
15662,0
15663,3
15664,2
15665,0
15666,1
15667,0
15668,0
15669,0
15670,3
15671,2
15672,1
15673,3
15674,2
15675,1
15676,3
15677,3
15678,1
15679,3
15680,0
15681,3
15682,0
15683,0
15684,0
15685,0
15686,2
15687,0
15688,0
15689,1
15690,0
15691,0
15692,0
15693,0
15694,0
15695,2
15696,2
15697,0
15698,0
15699,0
15700,0
15701,3
15702,0
15703,0
15704,3
15705,1
15706,3
15707,3
15708,2
15709,3
15710,3
15711,3
15712,1
15713,3
15714,3
15715,2
15716,2
15717,3
15718,3
15719,3
15720,3
15721,3
15722,3
15723,3
15724,3
15725,3
15726,3
15727,3
15728,2
15729,3
15730,3
15731,2
15732,3
15733,3
15734,3
15735,3
15736,0
15737,3
15738,3
15739,0
15740,2
15741,0
15742,0
15743,3
15744,1
15745,3
15746,3
15747,1
15748,3
15749,3
15750,0
15751,0
15752,0
15753,2
15754,0
15755,2
15756,3
15757,2
15758,0
15759,2
15760,3
15761,3
15762,3
15763,3
15764,2
15765,2
15766,2
15767,3
15768,2
15769,2
15770,3
15771,2
15772,2
15773,2
15774,3
15775,0
15776,3
15777,1
15778,2
15779,3
15780,2
15781,2
15782,2
15783,2
15784,2
15785,2
15786,2
15787,3
15788,2
15789,2
15790,2
15791,2
15792,2
15793,2
15794,2
15795,2
15796,2
15797,2
15798,2
15799,2
15800,2
15801,2
15802,2
15803,2
15804,2
15805,2
15806,2
15807,2
15808,2
15809,3
15810,2
15811,2
15812,2
15813,2
15814,2
15815,2
15816,2
15817,2
15818,3
15819,2
15820,2
15821,2
15822,3
15823,2
15824,2
15825,2
15826,2
15827,2
15828,2
15829,2
15830,2
15831,2
15832,2
15833,2
15834,2
15835,2
15836,2
15837,2
15838,2
15839,2
15840,2
15841,2
15842,2
15843,2
15844,3
15845,2
15846,2
15847,2
15848,2
15849,2
15850,0
15851,3
15852,2
15853,3
15854,2
15855,2
15856,3
15857,2
15858,2
15859,3
15860,2
15861,3
15862,2
15863,3
15864,2
15865,2
15866,3
15867,2
15868,2
15869,3
15870,2
15871,2
15872,2
15873,2
15874,0
15875,0
15876,0
15877,0
15878,0
15879,3
15880,0
15881,0
15882,0
15883,0
15884,0
15885,0
15886,2
15887,2
15888,0
15889,0
15890,0
15891,0
15892,0
15893,0
15894,0
15895,0
15896,0
15897,2
15898,2
15899,2
15900,2
15901,3
15902,2
15903,3
15904,2
15905,2
15906,3
15907,2
15908,2
15909,2
15910,2
15911,3
15912,3
15913,1
15914,2
15915,2
15916,2
15917,2
15918,2
15919,2
15920,3
15921,2
15922,2
15923,2
15924,2
15925,2
15926,2
15927,0
15928,3
15929,2
15930,0
15931,2
15932,2
15933,2
15934,3
15935,3
15936,2
15937,2
15938,0
15939,0
15940,2
15941,2
15942,2
15943,2
15944,2
15945,2
15946,2
15947,2
15948,2
15949,2
15950,2
15951,2
15952,2
15953,2
15954,2
15955,2
15956,2
15957,2
15958,2
15959,2
15960,2
15961,2
15962,2
15963,2
15964,2
15965,0
15966,2
15967,3
15968,2
15969,0
15970,2
15971,5
15972,3
15973,2
15974,2
15975,2
15976,2
15977,2
15978,2
15979,2
15980,2
15981,2
15982,2
15983,2
15984,2
15985,2
15986,3
15987,2
15988,3
15989,0
15990,2
15991,2
15992,2
15993,2
15994,2
15995,3
15996,2
15997,2
15998,2
15999,2
16000,0
16001,1
16002,2
16003,2
16004,2
16005,2
16006,2
16007,2
16008,2
16009,2
16010,2
16011,0
16012,2
16013,2
16014,0
16015,2
16016,2
16017,2
16018,2
16019,2
16020,2
16021,2
16022,2
16023,2
16024,1
16025,2
16026,2
16027,2
16028,2
16029,2
16030,2
16031,2
16032,2
16033,2
16034,2
16035,2
16036,2
16037,2
16038,2
16039,2
16040,2
16041,2
16042,2
16043,2
16044,2
16045,2
16046,2
16047,2
16048,2
16049,2
16050,2
16051,2
16052,2
16053,2
16054,2
16055,2
16056,2
16057,2
16058,2
16059,2
16060,2
16061,2
16062,2
16063,2
16064,2
16065,2
16066,2
16067,2
16068,2
16069,2
16070,2
16071,2
16072,2
16073,2
16074,2
16075,2
16076,2
16077,2
16078,2
16079,2
16080,2
16081,2
16082,2
16083,2
16084,2
16085,2
16086,2
16087,2
16088,2
16089,2
16090,2
16091,2
16092,2
16093,2
16094,2
16095,2
16096,2
16097,2
16098,2
16099,2
16100,2
16101,2
16102,2
16103,2
16104,2
16105,2
16106,2
16107,2
16108,2
16109,2
16110,2
16111,2
16112,2
16113,2
16114,2
16115,2
16116,2
16117,2
16118,2
16119,2
16120,2
16121,2
16122,2
16123,2
16124,2
16125,2
16126,2
16127,2
16128,2
16129,2
16130,2
16131,2
16132,2
16133,2
16134,2
16135,2
16136,2
16137,2
16138,2
16139,2
16140,2
16141,2
16142,2
16143,2
16144,2
16145,2
16146,2
16147,2
16148,2
16149,2
16150,2
16151,2
16152,2
16153,2
16154,2
16155,2
16156,2
16157,2
16158,2
16159,2
16160,2
16161,2
16162,2
16163,2
16164,2
16165,2
16166,2
16167,2
16168,2
16169,2
16170,2
16171,2
16172,2
16173,2
16174,2
16175,2
16176,2
16177,2
16178,2
16179,2
16180,2
16181,2
16182,2
16183,2
16184,2
16185,2
16186,2
16187,2
16188,2
16189,2
16190,2
16191,2
16192,2
16193,2
16194,2
16195,2
16196,2
16197,2
16198,2
16199,2
16200,2
16201,2
16202,2
16203,2
16204,2
16205,2
16206,2
16207,2
16208,2
16209,2
16210,2
16211,2
16212,2
16213,2
16214,2
16215,0
16216,2
16217,2
16218,2
16219,2
16220,2
16221,2
16222,2
16223,2
16224,2
16225,2
16226,2
16227,2
16228,2
16229,2
16230,2
16231,2
16232,2
16233,2
16234,2
16235,2
16236,2
16237,2
16238,2
16239,2
16240,2
16241,2
16242,2
16243,3
16244,2
16245,2
16246,2
16247,0
16248,2
16249,2
16250,2
16251,2
16252,2
16253,2
16254,2
16255,2
16256,2
16257,2
16258,2
16259,2
16260,2
16261,2
16262,0
16263,2
16264,2
16265,0
16266,2
16267,2
16268,2
16269,2
16270,2
16271,2
16272,2
16273,0
16274,0
16275,2
16276,2
16277,2
16278,2
16279,2
16280,2
16281,2
16282,2
16283,2
16284,2
16285,2
16286,3
16287,2
16288,2
16289,2
16290,2
16291,2
16292,2
16293,2
16294,2
16295,2
16296,2
16297,2
16298,3
16299,2
16300,2
16301,2
16302,2
16303,2
16304,2
16305,2
16306,2
16307,2
16308,2
16309,2
16310,2
16311,2
16312,2
16313,2
16314,2
16315,2
16316,2
16317,2
16318,2
16319,2
16320,2
16321,2
16322,2
16323,2
16324,2
16325,2
16326,2
16327,2
16328,2
16329,2
16330,0
16331,2
16332,2
16333,2
16334,2
16335,2
16336,2
16337,2
16338,2
16339,2
16340,2
16341,2
16342,2
16343,2
16344,2
16345,2
16346,2
16347,2
16348,2
16349,2
16350,2
16351,2
16352,2
16353,0
16354,2
16355,2
16356,3
16357,2
16358,0
16359,2
16360,2
16361,2
16362,2
16363,2
16364,3
16365,3
16366,3
16367,2
16368,1
16369,3
16370,3
16371,2
16372,3
16373,3
16374,0
16375,3
16376,3
16377,2
16378,2
16379,2
16380,2
16381,2
16382,2
16383,2
16384,2
16385,2
16386,2
16387,0
16388,3
16389,0
16390,3
16391,2
16392,2
16393,2
16394,2
16395,3
16396,2
16397,2
16398,0
16399,0
16400,3
16401,2
16402,2
16403,2
16404,2
16405,2
16406,3
16407,2
16408,2
16409,2
16410,0
16411,2
16412,3
16413,2
16414,1
16415,3
16416,1
16417,3
16418,2
16419,2
16420,2
16421,2
16422,3
16423,2
16424,2
16425,2
16426,2
16427,2
16428,2
16429,2
16430,2
16431,2
16432,2
16433,2
16434,3
16435,2
16436,3
16437,2
16438,2
16439,2
16440,2
16441,2
16442,2
16443,2
16444,2
16445,2
16446,2
16447,2
16448,2
16449,2
16450,2
16451,2
16452,2
16453,2
16454,2
16455,3
16456,2
16457,2
16458,2
16459,2
16460,3
16461,2
16462,2
16463,2
16464,2
16465,2
16466,2
16467,2
16468,2
16469,0
16470,3
16471,2
16472,3
16473,2
16474,0
16475,3
16476,3
16477,0
16478,2
16479,3
16480,3
16481,3
16482,2
16483,2
16484,3
16485,2
16486,3
16487,3
16488,2
16489,2
16490,2
16491,2
16492,2
16493,2
16494,2
16495,2
16496,2
16497,2
16498,2
16499,2
16500,2
16501,2
16502,2
16503,2
16504,2
16505,2
16506,2
16507,2
16508,2
16509,2
16510,2
16511,3
16512,2
16513,3
16514,2
16515,2
16516,2
16517,2
16518,2
16519,2
16520,2
16521,2
16522,2
16523,2
16524,2
16525,2
16526,2
16527,2
16528,2
16529,2
16530,2
16531,2
16532,2
16533,2
16534,2
16535,2
16536,2
16537,2
16538,2
16539,2
16540,2
16541,2
16542,2
16543,2
16544,2
16545,2
16546,2
16547,2
16548,2
16549,2
16550,2
16551,2
16552,2
16553,2
16554,2
16555,2
16556,2
16557,2
16558,2
16559,2
16560,2
16561,2
16562,2
16563,2
16564,2
16565,2
16566,2
16567,2
16568,2
16569,2
16570,2
16571,2
16572,2
16573,2
16574,2
16575,2
16576,2
16577,2
16578,2
16579,2
16580,2
16581,2
16582,2
16583,2
16584,2
16585,2
16586,2
16587,2
16588,2
16589,2
16590,2
16591,2
16592,2
16593,2
16594,0
16595,0
16596,1
16597,2
16598,2
16599,2
16600,2
16601,2
16602,0
16603,0
16604,2
16605,2
16606,2
16607,2
16608,2
16609,2
16610,2
16611,2
16612,2
16613,2
16614,2
16615,2
16616,2
16617,2
16618,2
16619,2
16620,2
16621,2
16622,2
16623,2
16624,2
16625,2
16626,2
16627,2
16628,2
16629,2
16630,2
16631,2
16632,2
16633,2
16634,2
16635,2
16636,2
16637,2
16638,2
16639,2
16640,2
16641,2
16642,2
16643,2
16644,2
16645,2
16646,2
16647,2
16648,2
16649,2
16650,2
16651,2
16652,2
16653,2
16654,2
16655,2
16656,2
16657,2
16658,2
16659,2
16660,2
16661,2
16662,2
16663,2
16664,2
16665,2
16666,2
16667,2
16668,2
16669,2
16670,2
16671,2
16672,2
16673,2
16674,2
16675,2
16676,2
16677,2
16678,2
16679,2
16680,2
16681,2
16682,2
16683,2
16684,2
16685,2
16686,2
16687,2
16688,2
16689,2
16690,2
16691,2
16692,2
16693,2
16694,2
16695,2
16696,2
16697,2
16698,2
16699,2
16700,2
16701,2
16702,3
16703,2
16704,2
16705,2
16706,2
16707,2
16708,2
16709,2
16710,2
16711,2
16712,2
16713,2
16714,2
16715,2
16716,2
16717,2
16718,2
16719,2
16720,2
16721,2
16722,2
16723,2
16724,2
16725,2
16726,2
16727,2
16728,2
16729,2
16730,2
16731,3
16732,3
16733,0
16734,2
16735,2
16736,2
16737,2
16738,2
16739,2
16740,2
16741,3
16742,2
16743,2
16744,2
16745,2
16746,2
16747,2
16748,2
16749,2
16750,3
16751,3
16752,2
16753,2
16754,2
16755,2
16756,2
16757,2
16758,2
16759,3
16760,2
16761,2
16762,2
16763,3
16764,2
16765,3
16766,2
16767,2
16768,2
16769,2
16770,2
16771,2
16772,2
16773,2
16774,2
16775,2
16776,2
16777,2
16778,2
16779,2
16780,3
16781,3
16782,2
16783,2
16784,2
16785,2
16786,2
16787,3
16788,2
16789,2
16790,2
16791,2
16792,2
16793,2
16794,2
16795,2
16796,2
16797,2
16798,2
16799,2
16800,2
16801,3
16802,2
16803,2
16804,2
16805,2
16806,2
16807,2
16808,2
16809,3
16810,2
16811,2
16812,2
16813,2
16814,2
16815,2
16816,3
16817,2
16818,2
16819,2
16820,2
16821,2
16822,2
16823,2
16824,2
16825,3
16826,2
16827,2
16828,2
16829,2
16830,2
16831,2
16832,2
16833,2
16834,2
16835,2
16836,2
16837,2
16838,2
16839,3
16840,2
16841,2
16842,2
16843,2
16844,2
16845,2
16846,2
16847,2
16848,2
16849,2
16850,2
16851,2
16852,2
16853,2
16854,2
16855,3
16856,3
16857,3
16858,0
16859,3
16860,2
16861,2
16862,2
16863,2
16864,2
16865,2
16866,3
16867,2
16868,2
16869,2
16870,2
16871,2
16872,2
16873,2
16874,2
16875,3
16876,2
16877,2
16878,2
16879,2
16880,2
16881,2
16882,3
16883,2
16884,2
16885,2
16886,2
16887,2
16888,2
16889,2
16890,0
16891,2
16892,2
16893,3
16894,2
16895,3
16896,2
16897,2
16898,2
16899,3
16900,2
16901,2
16902,2
16903,0
16904,3
16905,3
16906,2
16907,2
16908,3
16909,2
16910,2
16911,3
16912,3
16913,2
16914,0
16915,2
16916,2
16917,2
16918,2
16919,2
16920,2
16921,2
16922,2
16923,2
16924,2
16925,2
16926,2
16927,2
16928,2
16929,2
16930,2
16931,2
16932,3
16933,0
16934,3
16935,2
16936,2
16937,3
16938,3
16939,2
16940,2
16941,2
16942,2
16943,2
16944,2
16945,2
16946,2
16947,2
16948,2
16949,3
16950,3
16951,2
16952,2
16953,2
16954,3
16955,2
16956,2
16957,2
16958,2
16959,3
16960,3
16961,3
16962,2
16963,3
16964,3
16965,2
16966,3
16967,0
16968,2
16969,3
16970,2
16971,3
16972,2
16973,3
16974,3
16975,2
16976,2
16977,2
16978,2
16979,3
16980,2
16981,3
16982,3
16983,2
16984,2
16985,2
16986,0
16987,3
16988,3
16989,2
16990,3
16991,3
16992,3
16993,3
16994,0
16995,3
16996,2
16997,2
16998,2
16999,2
17000,2
17001,3
17002,2
17003,3
17004,2
17005,3
17006,2
17007,3
17008,2
17009,2
17010,0
17011,2
17012,2
17013,2
17014,2
17015,2
17016,2
17017,2
17018,2
17019,2
17020,2
17021,2
17022,2
17023,2
17024,2
17025,3
17026,2
17027,0
17028,2
17029,0
17030,2
17031,2
17032,2
17033,3
17034,2
17035,2
17036,2
17037,3
17038,2
17039,2
17040,2
17041,2
17042,2
17043,2
17044,2
17045,2
17046,2
17047,2
17048,2
17049,2
17050,2
17051,2
17052,2
17053,2
17054,2
17055,2
17056,2
17057,2
17058,2
17059,2
17060,2
17061,2
17062,2
17063,2
17064,2
17065,2
17066,2
17067,2
17068,2
17069,3
17070,3
17071,3
17072,2
17073,3
17074,2
17075,1
17076,3
17077,2
17078,0
17079,2
17080,2
17081,0
17082,0
17083,0
17084,0
17085,3
17086,2
17087,3
17088,0
17089,3
17090,1
17091,3
17092,3
17093,3
17094,3
17095,3
17096,3
17097,1
17098,1
17099,2
17100,3
17101,2
17102,3
17103,3
17104,3
17105,0
17106,2
17107,3
17108,2
17109,3
17110,3
17111,3
17112,3
17113,2
17114,2
17115,2
17116,3
17117,3
17118,3
17119,0
17120,2
17121,3
17122,3
17123,3
17124,3
17125,2
17126,2
17127,1
17128,3
17129,2
17130,3
17131,3
17132,2
17133,3
17134,3
17135,3
17136,2
17137,3
17138,2
17139,2
17140,2
17141,2
17142,3
17143,3
17144,3
17145,2
17146,3
17147,2
17148,3
17149,3
17150,2
17151,2
17152,1
17153,2
17154,3
17155,3
17156,3
17157,2
17158,3
17159,0
17160,0
17161,3
17162,3
17163,2
17164,2
17165,2
17166,2
17167,2
17168,2
17169,2
17170,3
17171,2
17172,2
17173,2
17174,2
17175,2
17176,2
17177,2
17178,2
17179,2
17180,2
17181,2
17182,2
17183,2
17184,2
17185,2
17186,2
17187,2
17188,2
17189,2
17190,3
17191,3
17192,2
17193,2
17194,2
17195,2
17196,2
17197,2
17198,2
17199,2
17200,2
17201,2
17202,2
17203,2
17204,2
17205,2
17206,0
17207,3
17208,3
17209,2
17210,3
17211,3
17212,2
17213,2
17214,2
17215,2
17216,2
17217,2
17218,2
17219,0
17220,2
17221,2
17222,2
17223,3
17224,2
17225,2
17226,2
17227,3
17228,2
17229,3
17230,3
17231,2
17232,2
17233,2
17234,2
17235,2
17236,2
17237,2
17238,2
17239,2
17240,2
17241,2
17242,2
17243,2
17244,2
17245,2
17246,2
17247,2
17248,2
17249,2
17250,2
17251,2
17252,2
17253,2
17254,2
17255,2
17256,2
17257,2
17258,3
17259,2
17260,2
17261,2
17262,2
17263,2
17264,2
17265,2
17266,2
17267,2
17268,2
17269,2
17270,2
17271,2
17272,2
17273,2
17274,2
17275,2
17276,2
17277,2
17278,2
17279,3
17280,2
17281,2
17282,2
17283,2
17284,2
17285,2
17286,2
17287,2
17288,2
17289,2
17290,2
17291,2
17292,2
17293,2
17294,0
17295,2
17296,2
17297,2
17298,2
17299,2
17300,2
17301,2
17302,2
17303,2
17304,2
17305,2
17306,2
17307,2
17308,2
17309,2
17310,2
17311,2
17312,2
17313,2
17314,2
17315,2
17316,2
17317,2
17318,2
17319,2
17320,2
17321,2
17322,2
17323,3
17324,2
17325,2
17326,3
17327,2
17328,2
17329,3
17330,0
17331,0
17332,3
17333,0
17334,2
17335,2
17336,3
17337,2
17338,0
17339,3
17340,2
17341,2
17342,2
17343,3
17344,3
17345,3
17346,0
17347,2
17348,2
17349,3
17350,3
17351,2
17352,2
17353,0
17354,2
17355,2
17356,2
17357,3
17358,2
17359,2
17360,3
17361,3
17362,3
17363,3
17364,2
17365,2
17366,3
17367,2
17368,2
17369,3
17370,2
17371,2
17372,2
17373,2
17374,2
17375,2
17376,3
17377,3
17378,3
17379,2
17380,2
17381,2
17382,2
17383,2
17384,2
17385,3
17386,2
17387,2
17388,2
17389,2
17390,2
17391,2
17392,2
17393,2
17394,3
17395,2
17396,2
17397,3
17398,2
17399,3
17400,3
17401,2
17402,2
17403,2
17404,2
17405,2
17406,2
17407,2
17408,3
17409,2
17410,2
17411,2
17412,2
17413,3
17414,3
17415,2
17416,2
17417,2
17418,2
17419,2
17420,2
17421,2
17422,2
17423,2
17424,0
17425,2
17426,0
17427,3
17428,0
17429,0
17430,2
17431,3
17432,3
17433,3
17434,3
17435,3
17436,2
17437,3
17438,2
17439,3
17440,3
17441,0
17442,3
17443,2
17444,3
17445,2
17446,2
17447,2
17448,2
17449,2
17450,2
17451,2
17452,2
17453,2
17454,2
17455,2
17456,2
17457,2
17458,2
17459,2
17460,2
17461,2
17462,2
17463,2
17464,2
17465,2
17466,2
17467,2
17468,2
17469,2
17470,2
17471,2
17472,3
17473,2
17474,2
17475,2
17476,2
17477,2
17478,2
17479,2
17480,2
17481,2
17482,2
17483,2
17484,3
17485,2
17486,0
17487,3
17488,3
17489,3
17490,2
17491,2
17492,3
17493,3
17494,2
17495,2
17496,2
17497,2
17498,2
17499,2
17500,3
17501,2
17502,2
17503,2
17504,2
17505,2
17506,2
17507,2
17508,2
17509,2
17510,2
17511,2
17512,2
17513,2
17514,2
17515,2
17516,2
17517,2
17518,3
17519,3
17520,3
17521,3
17522,3
17523,2
17524,0
17525,3
17526,3
17527,3
17528,3
17529,2
17530,3
17531,2
17532,3
17533,2
17534,3
17535,2
17536,0
17537,0
17538,0
17539,0
17540,0
17541,2
17542,3
17543,2
17544,2
17545,2
17546,2
17547,2
17548,2
17549,2
17550,2
17551,2
17552,2
17553,3
17554,3
17555,3
17556,3
17557,3
17558,0
17559,3
17560,3
17561,3
17562,3
17563,4
17564,0
17565,2
17566,3
17567,2
17568,3
17569,0
17570,0
17571,0
17572,0
17573,3
17574,0
17575,0
17576,0
17577,0
17578,0
17579,3
17580,0
17581,2
17582,0
17583,3
17584,2
17585,3
17586,2
17587,2
17588,3
17589,3
17590,3
17591,3
17592,3
17593,3
17594,3
17595,3
17596,2
17597,3
17598,3
17599,3
17600,3
17601,3
17602,3
17603,2
17604,3
17605,3
17606,3
17607,3
17608,3
17609,2
17610,3
17611,3
17612,3
17613,3
17614,3
17615,3
17616,2
17617,3
17618,3
17619,3
17620,3
17621,3
17622,2
17623,3
17624,3
17625,3
17626,2
17627,3
17628,3
17629,3
17630,2
17631,2
17632,3
17633,3
17634,3
17635,3
17636,2
17637,3
17638,3
17639,2
17640,3
17641,3
17642,3
17643,3
17644,3
17645,3
17646,3
17647,3
17648,3
17649,0
17650,2
17651,3
17652,2
17653,3
17654,2
17655,4
17656,3
17657,3
17658,3
17659,2
17660,3
17661,3
17662,2
17663,3
17664,3
17665,3
17666,3
17667,3
17668,3
17669,3
17670,3
17671,3
17672,3
17673,3
17674,3
17675,3
17676,3
17677,2
17678,3
17679,3
17680,3
17681,3
17682,4
17683,3
17684,2
17685,3
17686,2
17687,3
17688,3
17689,3
17690,3
17691,0
17692,3
17693,3
17694,2
17695,3
17696,2
17697,2
17698,3
17699,3
17700,3
17701,3
17702,3
17703,3
17704,3
17705,4
17706,2
17707,3
17708,3
17709,3
17710,3
17711,3
17712,3
17713,3
17714,3
17715,3
17716,3
17717,2
17718,2
17719,3
17720,3
17721,3
17722,3
17723,3
17724,2
17725,3
17726,3
17727,3
17728,3
17729,3
17730,3
17731,3
17732,3
17733,2
17734,3
17735,0
17736,3
17737,2
17738,3
17739,3
17740,3
17741,3
17742,2
17743,2
17744,2
17745,3
17746,3
17747,3
17748,2
17749,3
17750,3
17751,2
17752,3
17753,3
17754,3
17755,3
17756,3
17757,2
17758,3
17759,3
17760,3
17761,3
17762,3
17763,3
17764,2
17765,3
17766,3
17767,3
17768,3
17769,3
17770,3
17771,3
17772,3
17773,3
17774,3
17775,3
17776,3
17777,3
17778,2
17779,2
17780,2
17781,2
17782,3
17783,3
17784,3
17785,3
17786,3
17787,2
17788,3
17789,3
17790,2
17791,2
17792,2
17793,3
17794,3
17795,4
17796,3
17797,3
17798,3
17799,2
17800,3
17801,0
17802,2
17803,0
17804,3
17805,2
17806,0
17807,3
17808,3
17809,3
17810,3
17811,3
17812,3
17813,3
17814,3
17815,2
17816,3
17817,3
17818,3
17819,2
17820,0
17821,2
17822,2
17823,0
17824,0
17825,2
17826,2
17827,3
17828,2
17829,3
17830,0
17831,0
17832,2
17833,3
17834,0
17835,0
17836,2
17837,3
17838,3
17839,3
17840,3
17841,3
17842,3
17843,3
17844,3
17845,3
17846,2
17847,3
17848,3
17849,3
17850,3
17851,3
17852,3
17853,2
17854,2
17855,3
17856,3
17857,2
17858,2
17859,0
17860,3
17861,3
17862,2
17863,2
17864,0
17865,3
17866,3
17867,3
17868,2
17869,2
17870,2
17871,2
17872,2
17873,3
17874,2
17875,2
17876,2
17877,2
17878,2
17879,2
17880,1
17881,2
17882,2
17883,2
17884,2
17885,2
17886,2
17887,2
17888,2
17889,2
17890,3
17891,2
17892,2
17893,2
17894,2
17895,2
17896,2
17897,2
17898,2
17899,2
17900,2
17901,2
17902,2
17903,2
17904,2
17905,2
17906,2
17907,2
17908,2
17909,2
17910,2
17911,2
17912,2
17913,2
17914,2
17915,2
17916,2
17917,0
17918,2
17919,2
17920,2
17921,2
17922,2
17923,2
17924,2
17925,3
17926,2
17927,2
17928,2
17929,2
17930,2
17931,2
17932,2
17933,2
17934,2
17935,2
17936,2
17937,2
17938,3
17939,3
17940,2
17941,2
17942,2
17943,2
17944,2
17945,2
17946,2
17947,2
17948,2
17949,2
17950,2
17951,2
17952,2
17953,2
17954,2
17955,2
17956,2
17957,2
17958,2
17959,2
17960,2
17961,2
17962,2
17963,2
17964,2
17965,2
17966,2
17967,2
17968,2
17969,2
17970,2
17971,2
17972,2
17973,3
17974,2
17975,2
17976,2
17977,2
17978,2
17979,2
17980,2
17981,2
17982,2
17983,2
17984,2
17985,2
17986,2
17987,2
17988,2
17989,2
17990,2
17991,2
17992,2
17993,2
17994,3
17995,2
17996,2
17997,2
17998,2
17999,2
18000,2
18001,2
18002,2
18003,2
18004,2
18005,2
18006,2
18007,2
18008,2
18009,2
18010,2
18011,2
18012,2
18013,2
18014,2
18015,2
18016,2
18017,2
18018,2
18019,2
18020,2
18021,2
18022,2
18023,2
18024,2
18025,3
18026,2
18027,2
18028,2
18029,2
18030,2
18031,2
18032,2
18033,2
18034,2
18035,2
18036,2
18037,2
18038,2
18039,2
18040,2
18041,0
18042,2
18043,2
18044,2
18045,2
18046,2
18047,2
18048,2
18049,2
18050,2
18051,2
18052,2
18053,2
18054,2
18055,2
18056,2
18057,2
18058,0
18059,2
18060,2
18061,2
18062,2
18063,2
18064,2
18065,2
18066,2
18067,2
18068,2
18069,3
18070,2
18071,2
18072,2
18073,3
18074,2
18075,3
18076,3
18077,2
18078,2
18079,2
18080,0
18081,3
18082,3
18083,3
18084,3
18085,2
18086,3
18087,3
18088,3
18089,0
18090,3
18091,2
18092,2
18093,0
18094,2
18095,2
18096,2
18097,3
18098,3
18099,2
18100,3
18101,3
18102,3
18103,2
18104,2
18105,2
18106,0
18107,2
18108,2
18109,0
18110,2
18111,2
18112,2
18113,2
18114,2
18115,2
18116,2
18117,2
18118,2
18119,2
18120,3
18121,3
18122,0
18123,3
18124,2
18125,3
18126,2
18127,2
18128,2
18129,2
18130,2
18131,2
18132,3
18133,2
18134,3
18135,2
18136,2
18137,2
18138,2
18139,2
18140,2
18141,2
18142,2
18143,3
18144,2
18145,2
18146,2
18147,2
18148,2
18149,2
18150,2
18151,2
18152,2
18153,3
18154,2
18155,2
18156,3
18157,3
18158,2
18159,3
18160,3
18161,3
18162,3
18163,3
18164,3
18165,3
18166,2
18167,2
18168,3
18169,3
18170,3
18171,3
18172,3
18173,2
18174,2
18175,3
18176,2
18177,3
18178,2
18179,3
18180,2
18181,3
18182,2
18183,2
18184,3
18185,2
18186,2
18187,3
18188,2
18189,2
18190,2
18191,2
18192,2
18193,2
18194,2
18195,2
18196,2
18197,2
18198,2
18199,2
18200,2
18201,2
18202,2
18203,2
18204,2
18205,2
18206,3
18207,3
18208,2
18209,2
18210,2
18211,2
18212,2
18213,2
18214,2
18215,2
18216,2
18217,2
18218,2
18219,2
18220,2
18221,2
18222,2
18223,3
18224,2
18225,2
18226,3
18227,2
18228,2
18229,2
18230,2
18231,2
18232,2
18233,2
18234,2
18235,2
18236,2
18237,2
18238,2
18239,2
18240,2
18241,2
18242,2
18243,2
18244,2
18245,2
18246,2
18247,2
18248,2
18249,2
18250,3
18251,0
18252,2
18253,2
18254,2
18255,2
18256,2
18257,2
18258,2
18259,2
18260,2
18261,2
18262,2
18263,2
18264,2
18265,2
18266,2
18267,2
18268,2
18269,2
18270,2
18271,2
18272,2
18273,2
18274,2
18275,2
18276,2
18277,2
18278,2
18279,2
18280,2
18281,2
18282,2
18283,2
18284,2
18285,2
18286,2
18287,2
18288,2
18289,3
18290,2
18291,2
18292,2
18293,2
18294,2
18295,2
18296,2
18297,2
18298,3
18299,2
18300,2
18301,2
18302,2
18303,2
18304,2
18305,2
18306,2
18307,2
18308,2
18309,2
18310,2
18311,2
18312,2
18313,2
18314,2
18315,2
18316,2
18317,2
18318,2
18319,2
18320,2
18321,2
18322,4
18323,2
18324,2
18325,2
18326,2
18327,2
18328,2
18329,2
18330,2
18331,2
18332,2
18333,2
18334,2
18335,2
18336,2
18337,2
18338,2
18339,2
18340,2
18341,2
18342,2
18343,2
18344,2
18345,2
18346,2
18347,2
18348,2
18349,2
18350,2
18351,2
18352,2
18353,2
18354,2
18355,2
18356,2
18357,2
18358,2
18359,3
18360,2
18361,2
18362,2
18363,3
18364,2
18365,2
18366,2
18367,2
18368,2
18369,2
18370,2
18371,2
18372,2
18373,2
18374,2
18375,2
18376,2
18377,2
18378,2
18379,2
18380,2
18381,2
18382,2
18383,2
18384,2
18385,2
18386,2
18387,2
18388,2
18389,2
18390,2
18391,2
18392,2
18393,2
18394,2
18395,2
18396,2
18397,2
18398,2
18399,2
18400,2
18401,2
18402,2
18403,2
18404,2
18405,2
18406,2
18407,3
18408,2
18409,2
18410,2
18411,2
18412,2
18413,2
18414,2
18415,2
18416,2
18417,2
18418,2
18419,2
18420,4
18421,2
18422,2
18423,2
18424,2
18425,2
18426,2
18427,2
18428,2
18429,2
18430,2
18431,2
18432,2
18433,2
18434,2
18435,2
18436,2
18437,2
18438,2
18439,2
18440,2
18441,2
18442,3
18443,2
18444,2
18445,2
18446,2
18447,2
18448,2
18449,2
18450,2
18451,2
18452,2
18453,2
18454,2
18455,2
18456,2
18457,2
18458,2
18459,2
18460,2
18461,2
18462,2
18463,2
18464,2
18465,2
18466,2
18467,2
18468,2
18469,2
18470,2
18471,2
18472,2
18473,2
18474,2
18475,2
18476,2
18477,2
18478,2
18479,2
18480,2
18481,2
18482,2
18483,2
18484,2
18485,2
18486,2
18487,2
18488,2
18489,2
18490,2
18491,2
18492,2
18493,2
18494,2
18495,2
18496,2
18497,2
18498,2
18499,2
18500,2
18501,2
18502,2
18503,2
18504,2
18505,2
18506,2
18507,2
18508,3
18509,2
18510,2
18511,3
18512,2
18513,2
18514,2
18515,2
18516,2
18517,2
18518,2
18519,2
18520,2
18521,2
18522,2
18523,2
18524,2
18525,3
18526,2
18527,2
18528,2
18529,2
18530,2
18531,2
18532,2
18533,2
18534,2
18535,2
18536,2
18537,2
18538,2
18539,2
18540,3
18541,2
18542,2
18543,2
18544,2
18545,2
18546,2
18547,2
18548,2
18549,2
18550,2
18551,2
18552,2
18553,2
18554,2
18555,2
18556,2
18557,2
18558,2
18559,2
18560,2
18561,2
18562,2
18563,2
18564,2
18565,2
18566,2
18567,2
18568,2
18569,2
18570,2
18571,2
18572,2
18573,2
18574,2
18575,2
18576,2
18577,3
18578,2
18579,2
18580,2
18581,2
18582,2
18583,2
18584,2
18585,2
18586,2
18587,2
18588,2
18589,2
18590,2
18591,2
18592,2
18593,2
18594,2
18595,2
18596,2
18597,2
18598,2
18599,2
18600,2
18601,2
18602,2
18603,2
18604,2
18605,2
18606,2
18607,2
18608,2
18609,2
18610,2
18611,2
18612,2
18613,2
18614,2
18615,2
18616,2
18617,2
18618,2
18619,2
18620,3
18621,2
18622,2
18623,2
18624,2
18625,2
18626,2
18627,2
18628,2
18629,2
18630,2
18631,2
18632,2
18633,2
18634,2
18635,2
18636,2
18637,2
18638,2
18639,2
18640,2
18641,2
18642,2
18643,3
18644,2
18645,2
18646,2
18647,2
18648,0
18649,3
18650,2
18651,2
18652,2
18653,2
18654,2
18655,3
18656,2
18657,2
18658,2
18659,2
18660,2
18661,2
18662,2
18663,2
18664,2
18665,2
18666,2
18667,2
18668,2
18669,2
18670,3
18671,2
18672,2
18673,2
18674,3
18675,2
18676,2
18677,2
18678,2
18679,2
18680,2
18681,2
18682,2
18683,2
18684,2
18685,2
18686,2
18687,2
18688,2
18689,2
18690,2
18691,2
18692,2
18693,2
18694,2
18695,2
18696,2
18697,2
18698,2
18699,2
18700,2
18701,2
18702,0
18703,2
18704,2
18705,2
18706,2
18707,2
18708,3
18709,3
18710,2
18711,2
18712,2
18713,3
18714,2
18715,2
18716,2
18717,2
18718,2
18719,3
18720,2
18721,2
18722,2
18723,2
18724,3
18725,3
18726,3
18727,3
18728,2
18729,3
18730,2
18731,3
18732,3
18733,2
18734,3
18735,3
18736,3
18737,2
18738,3
18739,3
18740,3
18741,3
18742,3
18743,2
18744,3
18745,3
18746,3
18747,3
18748,2
18749,3
18750,2
18751,2
18752,2
18753,2
18754,2
18755,2
18756,2
18757,3
18758,2
18759,2
18760,3
18761,2
18762,3
18763,3
18764,3
18765,2
18766,2
18767,2
18768,3
18769,0
18770,2
18771,2
18772,2
18773,2
18774,2
18775,2
18776,2
18777,2
18778,2
18779,2
18780,2
18781,2
18782,2
18783,2
18784,2
18785,2
18786,2
18787,2
18788,2
18789,2
18790,2
18791,2
18792,2
18793,2
18794,2
18795,2
18796,2
18797,2
18798,2
18799,0
18800,2
18801,2
18802,2
18803,2
18804,2
18805,2
18806,2
18807,2
18808,2
18809,2
18810,2
18811,2
18812,2
18813,2
18814,2
18815,2
18816,2
18817,2
18818,2
18819,2
18820,3
18821,2
18822,2
18823,2
18824,2
18825,2
18826,2
18827,2
18828,2
18829,2
18830,2
18831,2
18832,2
18833,2
18834,2
18835,2
18836,2
18837,2
18838,2
18839,2
18840,2
18841,2
18842,2
18843,2
18844,2
18845,2
18846,2
18847,2
18848,2
18849,2
18850,2
18851,2
18852,2
18853,2
18854,3
18855,2
18856,2
18857,2
18858,2
18859,2
18860,2
18861,2
18862,2
18863,2
18864,2
18865,2
18866,2
18867,2
18868,2
18869,2
18870,2
18871,2
18872,2
18873,2
18874,2
18875,2
18876,2
18877,2
18878,2
18879,2
18880,2
18881,2
18882,2
18883,2
18884,2
18885,2
18886,2
18887,2
18888,2
18889,2
18890,2
18891,3
18892,2
18893,2
18894,2
18895,2
18896,2
18897,2
18898,2
18899,2
18900,2
18901,2
18902,2
18903,2
18904,2
18905,2
18906,3
18907,2
18908,2
18909,2
18910,2
18911,2
18912,2
18913,2
18914,2
18915,2
18916,2
18917,2
18918,2
18919,2
18920,2
18921,2
18922,2
18923,2
18924,2
18925,3
18926,3
18927,3
18928,2
18929,2
18930,2
18931,2
18932,2
18933,2
18934,2
18935,2
18936,2
18937,2
18938,2
18939,2
18940,2
18941,2
18942,2
18943,2
18944,2
18945,3
18946,2
18947,0
18948,2
18949,2
18950,2
18951,2
18952,2
18953,2
18954,2
18955,2
18956,2
18957,2
18958,2
18959,2
18960,2
18961,2
18962,2
18963,2
18964,3
18965,2
18966,2
18967,2
18968,2
18969,2
18970,2
18971,2
18972,2
18973,2
18974,2
18975,2
18976,2
18977,2
18978,2
18979,2
18980,2
18981,2
18982,2
18983,3
18984,2
18985,2
18986,2
18987,2
18988,2
18989,2
18990,2
18991,2
18992,2
18993,2
18994,2
18995,2
18996,2
18997,2
18998,2
18999,2
19000,2
19001,2
19002,2
19003,2
19004,2
19005,2
19006,2
19007,2
19008,2
19009,2
19010,2
19011,2
19012,2
19013,2
19014,2
19015,2
19016,3
19017,2
19018,2
19019,2
19020,3
19021,2
19022,2
19023,2
19024,2
19025,2
19026,2
19027,2
19028,2
19029,2
19030,0
19031,2
19032,2
19033,2
19034,2
19035,2
19036,2
19037,2
19038,2
19039,2
19040,2
19041,2
19042,3
19043,2
19044,2
19045,2
19046,2
19047,3
19048,2
19049,2
19050,2
19051,2
19052,2
19053,2
19054,2
19055,2
19056,2
19057,3
19058,2
19059,2
19060,2
19061,2
19062,2
19063,3
19064,0
19065,2
19066,2
19067,2
19068,2
19069,2
19070,2
19071,2
19072,2
19073,2
19074,2
19075,3
19076,2
19077,2
19078,2
19079,2
19080,2
19081,2
19082,3
19083,2
19084,3
19085,2
19086,0
19087,3
19088,3
19089,2
19090,2
19091,2
19092,3
19093,2
19094,2
19095,2
19096,2
19097,2
19098,2
19099,2
19100,2
19101,2
19102,2
19103,2
19104,2
19105,2
19106,2
19107,2
19108,2
19109,2
19110,2
19111,2
19112,2
19113,2
19114,2
19115,2
19116,2
19117,2
19118,2
19119,2
19120,2
19121,2
19122,2
19123,2
19124,2
19125,2
19126,2
19127,2
19128,2
19129,2
19130,2
19131,2
19132,2
19133,2
19134,2
19135,0
19136,2
19137,2
19138,2
19139,2
19140,2
19141,2
19142,2
19143,2
19144,2
19145,2
19146,2
19147,2
19148,3
19149,2
19150,2
19151,2
19152,2
19153,2
19154,2
19155,2
19156,2
19157,3
19158,2
19159,3
19160,2
19161,2
19162,2
19163,2
19164,2
19165,2
19166,2
19167,2
19168,2
19169,2
19170,2
19171,2
19172,2
19173,2
19174,2
19175,2
19176,3
19177,2
19178,2
19179,2
19180,2
19181,2
19182,2
19183,2
19184,2
19185,2
19186,2
19187,3
19188,2
19189,2
19190,2
19191,2
19192,2
19193,2
19194,2
19195,2
19196,2
19197,2
19198,3
19199,2
19200,2
19201,2
19202,2
19203,2
19204,2
19205,2
19206,2
19207,2
19208,3
19209,2
19210,2
19211,2
19212,2
19213,2
19214,2
19215,2
19216,2
19217,0
19218,0
19219,2
19220,2
19221,2
19222,2
19223,2
19224,2
19225,2
19226,2
19227,2
19228,2
19229,2
19230,2
19231,2
19232,2
19233,2
19234,2
19235,2
19236,2
19237,2
19238,2
19239,2
19240,2
19241,2
19242,2
19243,2
19244,2
19245,2
19246,2
19247,2
19248,2
19249,2
19250,2
19251,2
19252,2
19253,2
19254,2
19255,2
19256,2
19257,2
19258,2
19259,2
19260,2
19261,2
19262,2
19263,0
19264,2
19265,2
19266,2
19267,2
19268,2
19269,0
19270,2
19271,2
19272,2
19273,2
19274,2
19275,2
19276,3
19277,3
19278,2
19279,2
19280,2
19281,2
19282,2
19283,2
19284,2
19285,2
19286,2
19287,2
19288,2
19289,2
19290,2
19291,2
19292,2
19293,2
19294,2
19295,2
19296,3
19297,2
19298,2
19299,2
19300,3
19301,2
19302,2
19303,3
19304,0
19305,2
19306,3
19307,3
19308,3
19309,3
19310,2
19311,2
19312,2
19313,2
19314,2
19315,2
19316,2
19317,2
19318,2
19319,2
19320,2
19321,2
19322,2
19323,2
19324,2
19325,2
19326,2
19327,2
19328,2
19329,2
19330,2
19331,2
19332,2
19333,2
19334,2
19335,2
19336,2
19337,2
19338,2
19339,2
19340,3
19341,2
19342,2
19343,2
19344,2
19345,2
19346,2
19347,2
19348,2
19349,2
19350,2
19351,2
19352,2
19353,2
19354,2
19355,2
19356,2
19357,2
19358,2
19359,3
19360,2
19361,2
19362,2
19363,2
19364,2
19365,2
19366,2
19367,2
19368,2
19369,2
19370,2
19371,2
19372,3
19373,2
19374,2
19375,2
19376,2
19377,2
19378,2
19379,2
19380,2
19381,2
19382,2
19383,2
19384,2
19385,2
19386,2
19387,2
19388,2
19389,2
19390,2
19391,2
19392,2
19393,2
19394,2
19395,2
19396,2
19397,2
19398,2
19399,2
19400,2
19401,2
19402,2
19403,2
19404,2
19405,2
19406,2
19407,2
19408,2
19409,2
19410,2
19411,2
19412,2
19413,2
19414,2
19415,3
19416,2
19417,2
19418,3
19419,2
19420,2
19421,2
19422,2
19423,2
19424,2
19425,2
19426,2
19427,2
19428,2
19429,2
19430,2
19431,2
19432,2
19433,2
19434,2
19435,2
19436,2
19437,2
19438,2
19439,2
19440,2
19441,2
19442,2
19443,2
19444,2
19445,2
19446,2
19447,2
19448,2
19449,2
19450,2
19451,2
19452,2
19453,2
19454,2
19455,2
19456,2
19457,2
19458,2
19459,3
19460,3
19461,3
19462,2
19463,3
19464,0
19465,3
19466,2
19467,2
19468,2
19469,2
19470,2
19471,2
19472,2
19473,3
19474,3
19475,2
19476,2
19477,2
19478,2
19479,2
19480,2
19481,2
19482,2
19483,2
19484,3
19485,2
19486,2
19487,2
19488,2
19489,1
19490,2
19491,2
19492,2
19493,2
19494,2
19495,2
19496,2
19497,2
19498,2
19499,2
19500,2
19501,2
19502,2
19503,2
19504,2
19505,2
19506,2
19507,2
19508,2
19509,2
19510,2
19511,2
19512,0
19513,2
19514,3
19515,3
19516,3
19517,3
19518,3
19519,3
19520,2
19521,2
19522,2
19523,0
19524,4
19525,2
19526,2
19527,0
19528,3
19529,2
19530,2
19531,2
19532,2
19533,2
19534,3
19535,2
19536,2
19537,2
19538,0
19539,2
19540,3
19541,0
19542,2
19543,0
19544,3
19545,2
19546,2
19547,2
19548,2
19549,2
19550,2
19551,2
19552,2
19553,3
19554,2
19555,2
19556,3
19557,2
19558,2
19559,2
19560,3
19561,2
19562,3
19563,3
19564,3
19565,3
19566,3
19567,3
19568,2
19569,3
19570,2
19571,3
19572,3
19573,3
19574,2
19575,2
19576,3
19577,2
19578,2
19579,3
19580,3
19581,0
19582,3
19583,3
19584,3
19585,3
19586,3
19587,3
19588,3
19589,3
19590,3
19591,3
19592,3
19593,3
19594,3
19595,3
19596,3
19597,3
19598,2
19599,3
19600,3
19601,3
19602,3
19603,3
19604,3
19605,3
19606,3
19607,3
19608,3
19609,2
19610,2
19611,3
19612,2
19613,2
19614,2
19615,2
19616,2
19617,2
19618,2
19619,2
19620,2
19621,2
19622,2
19623,2
19624,2
19625,2
19626,2
19627,2
19628,2
19629,2
19630,2
19631,2
19632,2
19633,2
19634,2
19635,2
19636,2
19637,2
19638,2
19639,3
19640,3
19641,3
19642,0
19643,0
19644,2
19645,2
19646,2
19647,2
19648,2
19649,3
19650,3
19651,3
19652,3
19653,3
19654,3
19655,3
19656,3
19657,3
19658,3
19659,3
19660,2
19661,3
19662,3
19663,3
19664,3
19665,3
19666,3
19667,2
19668,2
19669,3
19670,3
19671,3
19672,3
19673,3
19674,2
19675,2
19676,2
19677,2
19678,2
19679,2
19680,2
19681,2
19682,2
19683,2
19684,2
19685,2
19686,2
19687,2
19688,2
19689,2
19690,3
19691,2
19692,2
19693,3
19694,2
19695,2
19696,2
19697,2
19698,2
19699,2
19700,2
19701,2
19702,2
19703,2
19704,2
19705,2
19706,2
19707,2
19708,2
19709,2
19710,2
19711,2
19712,2
19713,2
19714,2
19715,3
19716,3
19717,3
19718,3
19719,3
19720,3
19721,3
19722,3
19723,3
19724,3
19725,3
19726,3
19727,3
19728,3
19729,3
19730,3
19731,3
19732,3
19733,3
19734,3
19735,3
19736,2
19737,3
19738,2
19739,2
19740,2
19741,3
19742,2
19743,2
19744,3
19745,2
19746,3
19747,2
19748,2
19749,2
19750,2
19751,3
19752,3
19753,3
19754,3
19755,2
19756,2
19757,2
19758,2
19759,2
19760,2
19761,2
19762,2
19763,0
19764,3
19765,3
19766,3
19767,3
19768,3
19769,3
19770,3
19771,3
19772,2
19773,2
19774,2
19775,2
19776,0
19777,0
19778,0
19779,3
19780,0
19781,0
19782,0
19783,2
19784,2
19785,2
19786,2
19787,2
19788,2
19789,2
19790,3
19791,3
19792,2
19793,0
19794,2
19795,2
19796,3
19797,3
19798,3
19799,2
19800,2
19801,2
19802,2
19803,2
19804,2
19805,2
19806,2
19807,3
19808,3
19809,3
19810,3
19811,3
19812,3
19813,2
19814,2
19815,3
19816,2
19817,2
19818,2
19819,2
19820,3
19821,3
19822,2
19823,2
19824,2
19825,3
19826,3
19827,2
19828,3
19829,3
19830,2
19831,3
19832,2
19833,3
19834,2
19835,2
19836,0
19837,0
19838,0
19839,0
19840,2
19841,2
19842,3
19843,2
19844,3
19845,3
19846,2
19847,2
19848,3
19849,3
19850,3
19851,3
19852,2
19853,2
19854,2
19855,2
19856,2
19857,2
19858,2
19859,2
19860,2
19861,3
19862,2
19863,3
19864,2
19865,3
19866,3
19867,2
19868,2
19869,2
19870,2
19871,3
19872,2
19873,2
19874,2
19875,2
19876,3
19877,3
19878,3
19879,2
19880,2
19881,2
19882,3
19883,0
19884,0
19885,2
19886,2
19887,2
19888,2
19889,2
19890,2
19891,2
19892,2
19893,2
19894,2
19895,2
19896,2
19897,2
19898,2
19899,2
19900,2
19901,2
19902,2
19903,2
19904,2
19905,2
19906,2
19907,2
19908,2
19909,2
19910,2
19911,2
19912,2
19913,2
19914,2
19915,2
19916,2
19917,2
19918,2
19919,2
19920,2
19921,2
19922,2
19923,2
19924,2
19925,2
19926,2
19927,2
19928,2
19929,2
19930,2
19931,2
19932,2
19933,2
19934,2
19935,2
19936,2
19937,2
19938,3
19939,2
19940,2
19941,2
19942,2
19943,3
19944,1
19945,1
19946,1
19947,1
19948,1
19949,3
19950,1
19951,2
19952,2
19953,2
19954,2
19955,2
19956,1
19957,3
19958,3
19959,1
19960,2
19961,3
19962,2
19963,2
19964,2
19965,2
19966,2
19967,2
19968,2
19969,2
19970,3
19971,2
19972,2
19973,3
19974,2
19975,2
19976,2
19977,3
19978,2
19979,2
19980,3
19981,3
19982,3
19983,2
19984,1
19985,2
19986,2
19987,3
19988,3
19989,3
19990,3
19991,3
19992,3
19993,3
19994,3
19995,3
19996,3
19997,3
19998,1
19999,3
20000,3
20001,3
20002,3
20003,3
20004,1
20005,2
20006,3
20007,2
20008,2
20009,2
20010,3
20011,2
20012,3
20013,2
20014,3
20015,3
20016,2
20017,2
20018,2
20019,3
20020,2
20021,2
20022,2
20023,3
20024,2
20025,2
20026,2
20027,2
20028,2
20029,0
20030,2
20031,2
20032,2
20033,2
20034,2
20035,2
20036,2
20037,2
20038,3
20039,3
20040,3
20041,2
20042,3
20043,2
20044,2
20045,2
20046,2
20047,2
20048,2
20049,3
20050,3
20051,3
20052,3
20053,2
20054,2
20055,2
20056,3
20057,3
20058,3
20059,3
20060,3
20061,3
20062,3
20063,3
20064,3
20065,2
20066,2
20067,2
20068,3
20069,3
20070,3
20071,3
20072,3
20073,3
20074,3
20075,3
20076,3
20077,3
20078,2
20079,3
20080,3
20081,3
20082,3
20083,2
20084,2
20085,3
20086,3
20087,2
20088,3
20089,2
20090,3
20091,3
20092,3
20093,3
20094,1
20095,3
20096,3
20097,3
20098,2
20099,3
20100,3
20101,3
20102,3
20103,3
20104,3
20105,3
20106,3
20107,3
20108,3
20109,2
20110,3
20111,3
20112,3
20113,3
20114,3
20115,3
20116,3
20117,3
20118,3
20119,2
20120,3
20121,2
20122,3
20123,2
20124,3
20125,2
20126,2
20127,3
20128,3
20129,3
20130,3
20131,3
20132,3
20133,3
20134,3
20135,3
20136,2
20137,2
20138,3
20139,3
20140,2
20141,3
20142,3
20143,3
20144,3
20145,3
20146,3
20147,3
20148,2
20149,3
20150,3
20151,3
20152,3
20153,2
20154,3
20155,3
20156,3
20157,3
20158,3
20159,3
20160,3
20161,3
20162,3
20163,3
20164,0
20165,3
20166,3
20167,3
20168,0
20169,3
20170,3
20171,3
20172,2
20173,3
20174,3
20175,3
20176,3
20177,2
20178,3
20179,3
20180,3
20181,3
20182,3
20183,3
20184,3
20185,3
20186,2
20187,3
20188,3
20189,3
20190,2
20191,2
20192,3
20193,2
20194,3
20195,3
20196,3
20197,3
20198,3
20199,2
20200,2
20201,3
20202,3
20203,3
20204,3
20205,3
20206,2
20207,3
20208,0
20209,0
20210,3
20211,3
20212,3
20213,3
20214,3
20215,3
20216,3
20217,3
20218,3
20219,3
20220,3
20221,3
20222,2
20223,3
20224,3
20225,3
20226,3
20227,3
20228,3
20229,2
20230,3
20231,3
20232,3
20233,3
20234,3
20235,3
20236,3
20237,2
20238,3
20239,3
20240,3
20241,3
20242,3
20243,3
20244,3
20245,2
20246,0
20247,3
20248,3
20249,3
20250,3
20251,3
20252,3
20253,3
20254,1
20255,2
20256,2
20257,3
20258,3
20259,3
20260,2
20261,3
20262,3
20263,3
20264,3
20265,3
20266,2
20267,2
20268,3
20269,2
20270,3
20271,3
20272,2
20273,3
20274,3
20275,3
20276,3
20277,3
20278,3
20279,3
20280,3
20281,3
20282,3
20283,2
20284,3
20285,3
20286,3
20287,3
20288,3
20289,3
20290,3
20291,3
20292,3
20293,3
20294,3
20295,3
20296,3
20297,3
20298,3
20299,3
20300,1
20301,3
20302,2
20303,3
20304,3
20305,3
20306,3
20307,3
20308,3
20309,3
20310,3
20311,2
20312,3
20313,2
20314,3
20315,3
20316,3
20317,3
20318,3
20319,3
20320,3
20321,3
20322,3
20323,3
20324,3
20325,3
20326,3
20327,3
20328,2
20329,3
20330,3
20331,3
20332,3
20333,3
20334,3
20335,3
20336,3
20337,3
20338,3
20339,3
20340,3
20341,3
20342,2
20343,3
20344,1
20345,3
20346,3
20347,2
20348,2
20349,2
20350,3
20351,3
20352,2
20353,3
20354,3
20355,3
20356,2
20357,3
20358,3
20359,3
20360,3
20361,2
20362,2
20363,3
20364,3
20365,2
20366,3
20367,3
20368,2
20369,3
20370,2
20371,2
20372,2
20373,2
20374,3
20375,3
20376,3
20377,2
20378,2
20379,2
20380,3
20381,3
20382,2
20383,2
20384,2
20385,2
20386,3
20387,2
20388,2
20389,2
20390,3
20391,3
20392,3
20393,2
20394,2
20395,3
20396,2
20397,3
20398,3
20399,3
20400,3
20401,3
20402,3
20403,2
20404,3
20405,2
20406,2
20407,3
20408,3
20409,3
20410,3
20411,3
20412,3
20413,3
20414,3
20415,3
20416,3
20417,2
20418,2
20419,2
20420,3
20421,2
20422,3
20423,3
20424,3
20425,3
20426,3
20427,2
20428,2
20429,3
20430,2
20431,2
20432,2
20433,3
20434,2
20435,2
20436,2
20437,2
20438,2
20439,3
20440,3
20441,3
20442,2
20443,2
20444,3
20445,3
20446,2
20447,3
20448,2
20449,3
20450,3
20451,3
20452,3
20453,3
20454,3
20455,3
20456,3
20457,2
20458,2
20459,2
20460,3
20461,3
20462,3
20463,3
20464,3
20465,3
20466,2
20467,2
20468,2
20469,2
20470,2
20471,2
20472,2
20473,2
20474,2
20475,3
20476,3
20477,3
20478,3
20479,2
20480,3
20481,3
20482,3
20483,3
20484,2
20485,3
20486,3
20487,3
20488,2
20489,3
20490,3
20491,2
20492,3
20493,0
20494,0
20495,3
20496,0
20497,3
20498,0
20499,0
20500,0
20501,2
20502,0
20503,0
20504,3
20505,2
20506,0
20507,2
20508,2
20509,2
20510,0
20511,3
20512,0
20513,0
20514,0
20515,0
20516,2
20517,0
20518,0
20519,0
20520,0
20521,0
20522,0
20523,0
20524,0
20525,0
20526,0
20527,2
20528,2
20529,0
20530,0
20531,3
20532,2
20533,2
20534,2
20535,3
20536,2
20537,2
20538,2
20539,3
20540,2
20541,2
20542,2
20543,2
20544,2
20545,2
20546,2
20547,2
20548,2
20549,3
20550,2
20551,3
20552,2
20553,2
20554,3
20555,3
20556,3
20557,2
20558,2
20559,3
20560,3
20561,3
20562,3
20563,2
20564,2
20565,2
20566,2
20567,3
20568,3
20569,3
20570,3
20571,2
20572,3
20573,3
20574,3
20575,2
20576,2
20577,2
20578,3
20579,2
20580,0
20581,0
20582,0
20583,0
20584,0
20585,3
20586,0
20587,0
20588,0
20589,0
20590,2
20591,2
20592,2
20593,2
20594,2
20595,2
20596,2
20597,2
20598,2
20599,2
20600,2
20601,2
20602,2
20603,2
20604,2
20605,2
20606,2
20607,2
20608,2
20609,3
20610,2
20611,2
20612,2
20613,2
20614,2
20615,3
20616,3
20617,3
20618,2
20619,3
20620,2
20621,3
20622,2
20623,3
20624,3
20625,3
20626,1
20627,1
20628,2
20629,1
20630,1
20631,1
20632,1
20633,0
20634,2
20635,0
20636,3
20637,0
20638,0
20639,2
20640,0
20641,0
20642,0
20643,0
20644,0
20645,0
20646,0
20647,2
20648,0
20649,3
20650,2
20651,2
20652,3
20653,3
20654,3
20655,2
20656,3
20657,3
20658,3
20659,3
20660,3
20661,3
20662,3
20663,3
20664,3
20665,3
20666,3
20667,0
20668,0
20669,0
20670,0
20671,0
20672,0
20673,2
20674,2
20675,0
20676,3
20677,3
20678,0
20679,3
20680,3
20681,0
20682,2
20683,3
20684,3
20685,0
20686,3
20687,2
20688,3
20689,3
20690,3
20691,2
20692,2
20693,3
20694,0
20695,0
20696,0
20697,0
20698,1
20699,1
20700,1
20701,1
20702,1
20703,3
20704,3
20705,3
20706,3
20707,2
20708,3
20709,1
20710,1
20711,3
20712,2
20713,3
20714,3
20715,2
20716,3
20717,0
20718,0
20719,0
20720,0
20721,0
20722,3
20723,3
20724,3
20725,3
20726,3
20727,3
20728,2
20729,2
20730,2
20731,2
20732,2
20733,2
20734,2
20735,2
20736,2
20737,2
20738,3
20739,2
20740,2
20741,2
20742,2
20743,2
20744,2
20745,3
20746,2
20747,2
20748,2
20749,2
20750,2
20751,2
20752,3
20753,2
20754,2
20755,2
20756,2
20757,2
20758,2
20759,2
20760,2
20761,2
20762,2
20763,3
20764,2
20765,2
20766,2
20767,2
20768,2
20769,3
20770,2
20771,2
20772,2
20773,2
20774,2
20775,2
20776,2
20777,3
20778,2
20779,2
20780,2
20781,2
20782,2
20783,2
20784,2
20785,2
20786,2
20787,2
20788,2
20789,2
20790,2
20791,2
20792,2
20793,2
20794,2
20795,2
20796,2
20797,2
20798,2
20799,2
20800,2
20801,2
20802,2
20803,2
20804,2
20805,2
20806,2
20807,2
20808,2
20809,2
20810,2
20811,2
20812,2
20813,2
20814,1
20815,1
20816,3
20817,3
20818,2
20819,2
20820,2
20821,2
20822,2
20823,2
20824,3
20825,2
20826,2
20827,3
20828,2
20829,2
20830,2
20831,2
20832,2
20833,2
20834,2
20835,2
20836,2
20837,2
20838,2
20839,2
20840,2
20841,2
20842,2
20843,2
20844,2
20845,2
20846,2
20847,2
20848,2
20849,2
20850,3
20851,2
20852,2
20853,2
20854,2
20855,0
20856,0
20857,0
20858,0
20859,0
20860,3
20861,0
20862,2
20863,3
20864,2
20865,0
20866,2
20867,1
20868,1
20869,2
20870,0
20871,2
20872,2
20873,0
20874,0
20875,3
20876,3
20877,2
20878,3
20879,2
20880,3
20881,3
20882,3
20883,2
20884,2
20885,2
20886,2
20887,2
20888,3
20889,3
20890,2
20891,2
20892,2
20893,3
20894,3
20895,3
20896,1
20897,3
20898,3
20899,3
20900,3
20901,3
20902,3
20903,3
20904,2
20905,3
20906,3
20907,3
20908,3
20909,2
20910,3
20911,3
20912,3
20913,3
20914,3
20915,3
20916,3
20917,3
20918,3
20919,3
20920,3
20921,3
20922,3
20923,3
20924,3
20925,2
20926,3
20927,3
20928,3
20929,3
20930,3
20931,3
20932,3
20933,3
20934,3
20935,3
20936,3
20937,3
20938,1
20939,1
20940,3
20941,3
20942,3
20943,2
20944,3
20945,3
20946,3
20947,3
20948,2
20949,2
20950,3
20951,3
20952,3
20953,3
20954,3
20955,3
20956,3
20957,3
20958,3
20959,3
20960,3
20961,3
20962,3
20963,3
20964,3
20965,2
20966,3
20967,3
20968,3
20969,3
20970,2
20971,3
20972,3
20973,3
20974,3
20975,3
20976,2
20977,2
20978,3
20979,2
20980,3
20981,3
20982,3
20983,3
20984,3
20985,2
20986,3
20987,3
20988,2
20989,3
20990,3
20991,3
20992,3
20993,3
20994,3
20995,3
20996,3
20997,3
20998,3
20999,3
21000,3
21001,3
21002,3
21003,3
21004,3
21005,3
21006,3
21007,3
21008,3
21009,3
21010,3
21011,3
21012,3
21013,3
21014,3
21015,3
21016,3
21017,3
21018,3
21019,3
21020,3
21021,3
21022,3
21023,3
21024,3
21025,3
21026,1
21027,3
21028,3
21029,1
21030,1
21031,3
21032,3
21033,3
21034,1
21035,3
21036,3
21037,1
21038,1
21039,1
21040,1
21041,1
21042,3
21043,3
21044,2
21045,3
21046,3
21047,3
21048,3
21049,3
21050,1
21051,3
21052,3
21053,2
21054,2
21055,3
21056,3
21057,3
21058,3
21059,3
21060,3
21061,3
21062,2
21063,3
21064,3
21065,3
21066,3
21067,3
21068,2
21069,3
21070,3
21071,3
21072,3
21073,3
21074,3
21075,3
21076,2
21077,3
21078,3
21079,3
21080,3
21081,3
21082,3
21083,3
21084,3
21085,3
21086,3
21087,3
21088,3
21089,3
21090,3
21091,3
21092,3
21093,3
21094,3
21095,3
21096,3
21097,2
21098,2
21099,3
21100,3
21101,3
21102,3
21103,3
21104,3
21105,1
21106,1
21107,3
21108,3
21109,3
21110,3
21111,3
21112,3
21113,3
21114,3
21115,3
21116,3
21117,3
21118,3
21119,3
21120,3
21121,3
21122,2
21123,3
21124,3
21125,3
21126,3
21127,3
21128,2
21129,3
21130,3
21131,3
21132,3
21133,3
21134,2
21135,3
21136,3
21137,3
21138,3
21139,3
21140,3
21141,3
21142,3
21143,3
21144,1
21145,1
21146,1
21147,1
21148,1
21149,1
21150,2
21151,3
21152,3
21153,1
21154,3
21155,3
21156,3
21157,3
21158,3
21159,3
21160,3
21161,3
21162,3
21163,3
21164,3
21165,3
21166,3
21167,3
21168,3
21169,3
21170,1
21171,3
21172,3
21173,3
21174,3
21175,3
21176,2
21177,3
21178,3
21179,2
21180,3
21181,3
21182,3
21183,3
21184,2
21185,3
21186,1
21187,3
21188,3
21189,3
21190,3
21191,1
21192,3
21193,3
21194,3
21195,3
21196,3
21197,3
21198,3
21199,3
21200,3
21201,3
21202,3
21203,3
21204,3
21205,3
21206,3
21207,3
21208,3
21209,3
21210,3
21211,3
21212,3
21213,3
21214,3
21215,3
21216,3
21217,3
21218,3
21219,2
21220,2
21221,3
21222,2
21223,2
21224,2
21225,3
21226,3
21227,3
21228,2
21229,2
21230,2
21231,2
21232,2
21233,2
21234,2
21235,2
21236,2
21237,3
21238,2
21239,2
21240,3
21241,2
21242,2
21243,2
21244,2
21245,2
21246,3
21247,3
21248,3
21249,3
21250,2
21251,2
21252,2
21253,2
21254,2
21255,2
21256,2
21257,2
21258,2
21259,2
21260,2
21261,2
21262,3
21263,2
21264,2
21265,2
21266,3
21267,3
21268,3
21269,3
21270,3
21271,3
21272,3
21273,3
21274,3
21275,3
21276,3
21277,3
21278,3
21279,3
21280,3
21281,3
21282,3
21283,3
21284,3
21285,2
21286,3
21287,3
21288,3
21289,3
21290,3
21291,3
21292,3
21293,2
21294,2
21295,2
21296,3
21297,3
21298,3
21299,3
21300,3
21301,2
21302,2
21303,2
21304,3
21305,3
21306,2
21307,2
21308,3
21309,3
21310,2
21311,3
21312,3
21313,3
21314,3
21315,3
21316,3
21317,2
21318,2
21319,3
21320,3
21321,3
21322,3
21323,3
21324,3
21325,2
21326,2
21327,2
21328,3
21329,3
21330,3
21331,2
21332,3
21333,3
21334,2
21335,3
21336,2
21337,2
21338,2
21339,3
21340,2
21341,3
21342,2
21343,2
21344,3
21345,2
21346,2
21347,2
21348,2
21349,2
21350,2
21351,2
21352,2
21353,2
21354,2
21355,2
21356,2
21357,3
21358,2
21359,2
21360,2
21361,2
21362,2
21363,2
21364,2
21365,2
21366,2
21367,3
21368,3
21369,2
21370,2
21371,2
21372,3
21373,2
21374,2
21375,2
21376,3
21377,2
21378,3
21379,3
21380,3
21381,2
21382,3
21383,2
21384,3
21385,3
21386,3
21387,3
21388,3
21389,3
21390,3
21391,2
21392,2
21393,2
21394,2
21395,2
21396,0
21397,3
21398,2
21399,2
21400,3
21401,2
21402,3
21403,2
21404,3
21405,3
21406,3
21407,3
21408,2
21409,2
21410,2
21411,2
21412,2
21413,2
21414,3
21415,2
21416,3
21417,2
21418,3
21419,3
21420,2
21421,2
21422,2
21423,3
21424,0
21425,2
21426,2
21427,3
21428,3
21429,2
21430,2
21431,2
21432,2
21433,2
21434,3
21435,3
21436,3
21437,3
21438,3
21439,3
21440,3
21441,3
21442,3
21443,2
21444,3
21445,3
21446,3
21447,0
21448,2
21449,3
21450,3
21451,3
21452,2
21453,3
21454,2
21455,3
21456,2
21457,3
21458,3
21459,3
21460,3
21461,3
21462,3
21463,3
21464,0
21465,0
21466,0
21467,0
21468,3
21469,3
21470,3
21471,3
21472,2
21473,3
21474,2
21475,0
21476,2
21477,2
21478,2
21479,2
21480,2
21481,2
21482,3
21483,2
21484,2
21485,2
21486,3
21487,2
21488,3
21489,3
21490,2
21491,2
21492,3
21493,0
21494,0
21495,3
21496,2
21497,2
21498,2
21499,2
21500,3
21501,2
21502,2
21503,3
21504,2
21505,2
21506,2
21507,2
21508,3
21509,3
21510,3
21511,3
21512,3
21513,3
21514,2
21515,3
21516,2
21517,2
21518,2
21519,2
21520,2
21521,2
21522,2
21523,3
21524,3
21525,3
21526,3
21527,3
21528,3
21529,3
21530,2
21531,2
21532,3
21533,3
21534,3
21535,2
21536,2
21537,2
21538,2
21539,3
21540,2
21541,2
21542,3
21543,2
21544,2
21545,2
21546,2
21547,3
21548,3
21549,3
21550,3
21551,2
21552,2
21553,2
21554,2
21555,2
21556,2
21557,2
21558,2
21559,2
21560,2
21561,2
21562,2
21563,3
21564,3
21565,3
21566,0
21567,3
21568,0
21569,0
21570,3
21571,0
21572,0
21573,0
21574,2
21575,2
21576,2
21577,3
21578,3
21579,3
21580,2
21581,2
21582,2
21583,2
21584,2
21585,2
21586,0
21587,0
21588,0
21589,0
21590,0
21591,2
21592,2
21593,2
21594,3
21595,2
21596,3
21597,2
21598,2
21599,3
21600,2
21601,2
21602,2
21603,3
21604,0
21605,0
21606,0
21607,2
21608,2
21609,3
21610,2
21611,3
21612,3
21613,3
21614,2
21615,2
21616,2
21617,2
21618,2
21619,2
21620,2
21621,2
21622,2
21623,2
21624,2
21625,3
21626,2
21627,2
21628,3
21629,2
21630,3
21631,3
21632,2
21633,2
21634,2
21635,2
21636,2
21637,2
21638,2
21639,2
21640,2
21641,2
21642,2
21643,2
21644,2
21645,3
21646,2
21647,2
21648,3
21649,3
21650,2
21651,2
21652,2
21653,2
21654,2
21655,2
21656,2
21657,2
21658,2
21659,2
21660,2
21661,2
21662,2
21663,2
21664,3
21665,2
21666,2
21667,2
21668,2
21669,2
21670,2
21671,2
21672,2
21673,2
21674,2
21675,2
21676,2
21677,2
21678,2
21679,3
21680,2
21681,2
21682,0
21683,2
21684,3
21685,2
21686,2
21687,2
21688,2
21689,2
21690,3
21691,2
21692,2
21693,2
21694,2
21695,2
21696,2
21697,3
21698,2
21699,2
21700,2
21701,2
21702,2
21703,2
21704,2
21705,2
21706,2
21707,2
21708,2
21709,2
21710,2
21711,2
21712,2
21713,2
21714,2
21715,3
21716,2
21717,3
21718,2
21719,2
21720,3
21721,2
21722,3
21723,2
21724,2
21725,2
21726,2
21727,2
21728,2
21729,2
21730,2
21731,2
21732,2
21733,2
21734,2
21735,2
21736,2
21737,2
21738,2
21739,2
21740,2
21741,2
21742,2
21743,3
21744,2
21745,3
21746,3
21747,3
21748,3
21749,2
21750,2
21751,2
21752,2
21753,2
21754,2
21755,2
21756,3
21757,2
21758,2
21759,3
21760,2
21761,3
21762,3
21763,3
21764,3
21765,0
21766,3
21767,2
21768,2
21769,2
21770,2
21771,2
21772,2
21773,2
21774,2
21775,3
21776,2
21777,2
21778,2
21779,2
21780,2
21781,2
21782,2
21783,2
21784,2
21785,2
21786,2
21787,2
21788,2
21789,2
21790,2
21791,2
21792,2
21793,2
21794,2
21795,2
21796,2
21797,2
21798,2
21799,2
21800,2
21801,3
21802,2
21803,2
21804,2
21805,2
21806,2
21807,2
21808,2
21809,2
21810,3
21811,3
21812,3
21813,2
21814,0
21815,3
21816,0
21817,0
21818,2
21819,2
21820,2
21821,2
21822,2
21823,2
21824,2
21825,2
21826,2
21827,2
21828,2
21829,2
21830,2
21831,2
21832,2
21833,0
21834,3
21835,3
21836,2
21837,2
21838,3
21839,3
21840,3
21841,2
21842,2
21843,2
21844,2
21845,2
21846,3
21847,2
21848,3
21849,3
21850,2
21851,3
21852,0
21853,0
21854,2
21855,2
21856,2
21857,2
21858,2
21859,2
21860,2
21861,2
21862,2
21863,3
21864,2
21865,2
21866,2
21867,2
21868,2
21869,2
21870,2
21871,3
21872,0
21873,2
21874,2
21875,2
21876,2
21877,3
21878,2
21879,2
21880,2
21881,2
21882,2
21883,2
21884,2
21885,2
21886,2
21887,2
21888,2
21889,2
21890,2
21891,2
21892,2
21893,2
21894,2
21895,2
21896,2
21897,2
21898,2
21899,2
21900,2
21901,3
21902,2
21903,2
21904,3
21905,2
21906,2
21907,2
21908,2
21909,2
21910,2
21911,3
21912,2
21913,3
21914,2
21915,3
21916,2
21917,2
21918,2
21919,2
21920,0
21921,0
21922,3
21923,0
21924,3
21925,3
21926,2
21927,2
21928,2
21929,3
21930,2
21931,2
21932,2
21933,2
21934,3
21935,3
21936,2
21937,2
21938,2
21939,2
21940,3
21941,2
21942,2
21943,2
21944,3
21945,2
21946,2
21947,3
21948,2
21949,2
21950,2
21951,2
21952,2
21953,2
21954,2
21955,2
21956,2
21957,2
21958,2
21959,2
21960,2
21961,2
21962,2
21963,3
21964,3
21965,3
21966,2
21967,3
21968,2
21969,3
21970,3
21971,2
21972,3
21973,3
21974,3
21975,2
21976,3
21977,3
21978,3
21979,3
21980,2
21981,2
21982,2
21983,2
21984,3
21985,3
21986,3
21987,3
21988,2
21989,3
21990,2
21991,2
21992,2
21993,2
21994,3
21995,3
21996,2
21997,2
21998,2
21999,2
22000,3
22001,2
22002,2
22003,3
22004,3
22005,2
22006,2
22007,2
22008,3
22009,3
22010,3
22011,3
22012,3
22013,3
22014,2
22015,2
22016,3
22017,3
22018,3
22019,2
22020,3
22021,2
22022,2
22023,3
22024,2
22025,2
22026,2
22027,3
22028,2
22029,2
22030,2
22031,3
22032,3
22033,2
22034,3
22035,3
22036,3
22037,3
22038,2
22039,3
22040,3
22041,3
22042,3
22043,2
22044,3
22045,3
22046,3
22047,3
22048,3
22049,3
22050,2
22051,2
22052,2
22053,3
22054,2
22055,2
22056,2
22057,2
22058,3
22059,3
22060,3
22061,2
22062,2
22063,2
22064,2
22065,2
22066,3
22067,3
22068,3
22069,2
22070,2
22071,3
22072,3
22073,2
22074,2
22075,2
22076,2
22077,2
22078,2
22079,2
22080,2
22081,2
22082,2
22083,2
22084,2
22085,2
22086,2
22087,2
22088,2
22089,2
22090,2
22091,2
22092,2
22093,2
22094,2
22095,3
22096,3
22097,2
22098,2
22099,2
22100,2
22101,2
22102,2
22103,2
22104,2
22105,2
22106,2
22107,2
22108,2
22109,2
22110,2
22111,2
22112,2
22113,2
22114,2
22115,2
22116,2
22117,2
22118,2
22119,2
22120,2
22121,2
22122,2
22123,2
22124,3
22125,2
22126,2
22127,2
22128,2
22129,2
22130,2
22131,2
22132,2
22133,2
22134,2
22135,2
22136,2
22137,2
22138,2
22139,2
22140,2
22141,2
22142,2
22143,2
22144,2
22145,2
22146,2
22147,2
22148,2
22149,2
22150,2
22151,2
22152,2
22153,2
22154,2
22155,2
22156,2
22157,2
22158,2
22159,2
22160,2
22161,2
22162,2
22163,2
22164,2
22165,2
22166,2
22167,2
22168,2
22169,2
22170,2
22171,2
22172,3
22173,2
22174,2
22175,2
22176,2
22177,2
22178,2
22179,2
22180,3
22181,2
22182,2
22183,2
22184,2
22185,2
22186,2
22187,2
22188,2
22189,2
22190,2
22191,2
22192,2
22193,2
22194,2
22195,2
22196,2
22197,2
22198,2
22199,2
22200,2
22201,2
22202,2
22203,3
22204,2
22205,2
22206,2
22207,2
22208,2
22209,2
22210,2
22211,2
22212,2
22213,2
22214,2
22215,2
22216,2
22217,2
22218,2
22219,2
22220,3
22221,2
22222,2
22223,2
22224,2
22225,2
22226,2
22227,2
22228,2
22229,2
22230,2
22231,2
22232,2
22233,2
22234,2
22235,2
22236,2
22237,2
22238,2
22239,3
22240,2
22241,2
22242,2
22243,2
22244,2
22245,2
22246,2
22247,2
22248,2
22249,3
22250,3
22251,3
22252,3
22253,2
22254,2
22255,2
22256,3
22257,2
22258,2
22259,2
22260,3
22261,3
22262,2
22263,2
22264,3
22265,2
22266,2
22267,2
22268,2
22269,2
22270,2
22271,2
22272,3
22273,2
22274,2
22275,2
22276,2
22277,2
22278,2
22279,2
22280,2
22281,2
22282,2
22283,2
22284,2
22285,2
22286,2
22287,2
22288,2
22289,2
22290,2
22291,2
22292,2
22293,2
22294,2
22295,2
22296,2
22297,2
22298,2
22299,2
22300,2
22301,2
22302,2
22303,2
22304,2
22305,2
22306,2
22307,2
22308,2
22309,2
22310,2
22311,2
22312,2
22313,2
22314,2
22315,2
22316,3
22317,2
22318,2
22319,2
22320,2
22321,2
22322,2
22323,2
22324,2
22325,3
22326,2
22327,3
22328,2
22329,3
22330,3
22331,3
22332,2
22333,3
22334,2
22335,2
22336,3
22337,2
22338,3
22339,3
22340,2
22341,0
22342,3
22343,3
22344,2
22345,2
22346,2
22347,2
22348,3
22349,2
22350,2
22351,2
22352,3
22353,2
22354,2
22355,2
22356,2
22357,2
22358,3
22359,2
22360,2
22361,2
22362,2
22363,2
22364,2
22365,2
22366,2
22367,2
22368,3
22369,2
22370,2
22371,2
22372,3
22373,3
22374,2
22375,3
22376,3
22377,1
22378,3
22379,3
22380,3
22381,2
22382,2
22383,3
22384,3
22385,3
22386,3
22387,3
22388,2
22389,2
22390,3
22391,3
22392,2
22393,2
22394,3
22395,3
22396,3
22397,3
22398,3
22399,3
22400,3
22401,3
22402,3
22403,3
22404,3
22405,3
22406,3
22407,3
22408,3
22409,2
22410,3
22411,3
22412,2
22413,3
22414,3
22415,3
22416,3
22417,3
22418,2
22419,2
22420,3
22421,2
22422,2
22423,2
22424,3
22425,3
22426,2
22427,2
22428,2
22429,2
22430,2
22431,2
22432,2
22433,2
22434,2
22435,2
22436,2
22437,2
22438,2
22439,2
22440,2
22441,3
22442,2
22443,2
22444,2
22445,2
22446,3
22447,2
22448,2
22449,2
22450,3
22451,2
22452,3
22453,3
22454,2
22455,3
22456,2
22457,2
22458,2
22459,2
22460,2
22461,2
22462,2
22463,2
22464,2
22465,2
22466,2
22467,2
22468,2
22469,2
22470,2
22471,2
22472,2
22473,2
22474,2
22475,2
22476,2
22477,2
22478,2
22479,2
22480,2
22481,3
22482,2
22483,2
22484,3
22485,2
22486,2
22487,2
22488,2
22489,2
22490,2
22491,3
22492,0
22493,0
22494,0
22495,1
22496,3
22497,3
22498,3
22499,3
22500,3
22501,3
22502,3
22503,3
22504,3
22505,2
22506,2
22507,3
22508,2
22509,2
22510,2
22511,2
22512,0
22513,3
22514,0
22515,3
22516,2
22517,0
22518,1
22519,3
22520,2
22521,3
22522,3
22523,3
22524,3
22525,3
22526,3
22527,2
22528,3
22529,3
22530,3
22531,3
22532,3
22533,3
22534,0
22535,0
22536,3
22537,0
22538,0
22539,0
22540,1
22541,2
22542,2
22543,0
22544,2
22545,0
22546,0
22547,3
22548,3
22549,3
22550,2
22551,2
22552,2
22553,2
22554,2
22555,2
22556,2
22557,2
22558,2
22559,3
22560,3
22561,3
22562,3
22563,3
22564,2
22565,3
22566,3
22567,3
22568,3
22569,3
22570,2
22571,3
22572,2
22573,2
22574,2
22575,3
22576,3
22577,2
22578,2
22579,3
22580,2
22581,2
22582,2
22583,3
22584,3
22585,2
22586,3
22587,3
22588,3
22589,1
22590,1
22591,3
22592,3
22593,3
22594,2
22595,3
22596,3
22597,2
22598,0
22599,2
22600,3
22601,2
22602,2
22603,2
22604,3
22605,3
22606,1
22607,3
22608,3
22609,3
22610,2
22611,2
22612,2
22613,2
22614,2
22615,2
22616,2
22617,2
22618,2
22619,3
22620,2
22621,2
22622,2
22623,3
22624,3
22625,3
22626,3
22627,2
22628,3
22629,3
22630,2
22631,2
22632,2
22633,2
22634,3
22635,2
22636,2
22637,2
22638,2
22639,1
22640,0
22641,2
22642,3
22643,3
22644,1
22645,1
22646,2
22647,2
22648,3
22649,3
22650,3
22651,3
22652,3
22653,0
22654,3
22655,2
22656,3
22657,3
22658,2
22659,3
22660,3
22661,2
22662,3
22663,3
22664,1
22665,3
22666,3
22667,2
22668,1
22669,2
22670,1
22671,1
22672,3
22673,1
22674,1
22675,3
22676,3
22677,3
22678,3
22679,1
22680,1
22681,3
22682,2
22683,3
22684,3
22685,2
22686,3
22687,3
22688,1
22689,3
22690,3
22691,2
22692,3
22693,3
22694,2
22695,3
22696,3
22697,2
22698,2
22699,3
22700,2
22701,3
22702,3
22703,2
22704,2
22705,2
22706,1
22707,3
22708,3
22709,2
22710,0
22711,1
22712,1
22713,0
22714,3
22715,3
22716,2
22717,3
22718,3
22719,2
22720,1
22721,3
22722,2
22723,2
22724,1
22725,3
22726,3
22727,3
22728,3
22729,3
22730,2
22731,2
22732,3
22733,3
22734,3
22735,3
22736,1
22737,3
22738,3
22739,0
22740,3
22741,3
22742,2
22743,3
22744,2
22745,3
22746,3
22747,2
22748,2
22749,2
22750,3
22751,2
22752,2
22753,3
22754,1
22755,3
22756,2
22757,3
22758,3
22759,2
22760,2
22761,2
22762,2
22763,3
22764,2
22765,2
22766,3
22767,2
22768,3
22769,3
22770,3
22771,3
22772,3
22773,3
22774,2
22775,2
22776,2
22777,2
22778,3
22779,2
22780,1
22781,2
22782,3
22783,3
22784,3
22785,3
22786,2
22787,2
22788,3
22789,3
22790,3
22791,1
22792,1
22793,0
22794,3
22795,3
22796,2
22797,3
22798,3
22799,2
22800,3
22801,3
22802,3
22803,2
22804,1
22805,2
22806,3
22807,3
22808,0
22809,0
22810,0
22811,0
22812,0
22813,2
22814,2
22815,3
22816,2
22817,3
22818,3
22819,0
22820,0
22821,0
22822,1
22823,2
22824,1
22825,0
22826,0
22827,0
22828,1
22829,2
22830,3
22831,2
22832,3
22833,2
22834,3
22835,2
22836,2
22837,0
22838,0
22839,0
22840,0
22841,2
22842,0
22843,2
22844,3
22845,3
22846,2
22847,3
22848,3
22849,2
22850,2
22851,2
22852,2
22853,3
22854,3
22855,3
22856,3
22857,0
22858,2
22859,3
22860,3
22861,3
22862,3
22863,3
22864,2
22865,2
22866,3
22867,3
22868,3
22869,3
22870,1
22871,0
22872,0
22873,3
22874,2
22875,1
22876,3
22877,1
22878,3
22879,3
22880,0
22881,3
22882,3
22883,1
22884,3
22885,3
22886,3
22887,3
22888,3
22889,3
22890,2
22891,3
22892,3
22893,3
22894,2
22895,2
22896,3
22897,3
22898,3
22899,2
22900,3
22901,3
22902,3
22903,3
22904,3
22905,3
22906,3
22907,3
22908,3
22909,3
22910,3
22911,2
22912,3
22913,2
22914,2
22915,3
22916,3
22917,3
22918,3
22919,3
22920,3
22921,3
22922,3
22923,2
22924,3
22925,3
22926,3
22927,2
22928,3
22929,3
22930,3
22931,3
22932,3
22933,3
22934,3
22935,2
22936,3
22937,1
22938,3
22939,3
22940,3
22941,3
22942,3
22943,3
22944,2
22945,3
22946,3
22947,3
22948,3
22949,2
22950,2
22951,3
22952,3
22953,3
22954,3
22955,2
22956,2
22957,3
22958,1
22959,3
22960,3
22961,3
22962,2
22963,3
22964,3
22965,0
22966,0
22967,2
22968,3
22969,2
22970,3
22971,3
22972,0
22973,3
22974,3
22975,3
22976,3
22977,1
22978,1
22979,3
22980,3
22981,3
22982,3
22983,3
22984,3
22985,3
22986,2
22987,3
22988,3
22989,3
22990,3
22991,0
22992,2
22993,0
22994,0
22995,2
22996,0
22997,0
22998,0
22999,3
23000,0
23001,0
23002,1
23003,1
23004,3
23005,3
23006,3
23007,3
23008,1
23009,1
23010,3
23011,3
23012,3
23013,3
23014,2
23015,3
23016,3
23017,3
23018,1
23019,3
23020,3
23021,3
23022,1
23023,3
23024,2
23025,3
23026,3
23027,3
23028,3
23029,3
23030,2
23031,3
23032,3
23033,3
23034,2
23035,2
23036,3
23037,2
23038,3
23039,2
23040,3
23041,3
23042,2
23043,3
23044,3
23045,3
23046,3
23047,3
23048,1
23049,0
23050,0
23051,0
23052,2
23053,3
23054,3
23055,2
23056,3
23057,2
23058,3
23059,3
23060,3
23061,2
23062,1
23063,3
23064,3
23065,3
23066,3
23067,3
23068,3
23069,3
23070,3
23071,1
23072,3
23073,3
23074,2
23075,3
23076,2
23077,3
23078,3
23079,3
23080,3
23081,2
23082,3
23083,3
23084,3
23085,3
23086,3
23087,3
23088,1
23089,3
23090,3
23091,3
23092,1
23093,3
23094,2
23095,3
23096,2
23097,2
23098,3
23099,3
23100,1
23101,3
23102,3
23103,3
23104,3
23105,3
23106,3
23107,2
23108,3
23109,3
23110,3
23111,3
23112,2
23113,3
23114,2
23115,3
23116,3
23117,1
23118,3
23119,2
23120,3
23121,3
23122,3
23123,3
23124,3
23125,1
23126,3
23127,1
23128,1
23129,3
23130,1
23131,2
23132,0
23133,1
23134,3
23135,0
23136,0
23137,3
23138,3
23139,3
23140,2
23141,3
23142,1
23143,3
23144,3
23145,3
23146,1
23147,1
23148,0
23149,3
23150,2
23151,3
23152,2
23153,1
23154,3
23155,3
23156,3
23157,0
23158,2
23159,1
23160,3
23161,3
23162,3
23163,2
23164,3
23165,1
23166,1
23167,3
23168,3
23169,3
23170,3
23171,3
23172,3
23173,3
23174,3
23175,2
23176,2
23177,2
23178,2
23179,3
23180,3
23181,2
23182,0
23183,0
23184,3
23185,3
23186,1
23187,3
23188,2
23189,1
23190,1
23191,1
23192,1
23193,1
23194,1
23195,1
23196,1
23197,1
23198,3
23199,3
23200,3
23201,2
23202,3
23203,3
23204,2
23205,1
23206,2
23207,2
23208,3
23209,3
23210,2
23211,3
23212,2
23213,2
23214,1
23215,2
23216,1
23217,1
23218,2
23219,1
23220,1
23221,2
23222,3
23223,3
23224,3
23225,2
23226,3
23227,3
23228,3
23229,3
23230,1
23231,3
23232,2
23233,0
23234,0
23235,0
23236,2
23237,2
23238,3
23239,3
23240,2
23241,3
23242,2
23243,3
23244,3
23245,2
23246,3
23247,1
23248,0
23249,1
23250,0
23251,1
23252,2
23253,2
23254,2
23255,2
23256,3
23257,1
23258,2
23259,2
23260,2
23261,2
23262,3
23263,3
23264,2
23265,3
23266,3
23267,1
23268,2
23269,1
23270,2
23271,2
23272,2
23273,3
23274,2
23275,3
23276,3
23277,1
23278,2
23279,1
23280,3
23281,1
23282,1
23283,3
23284,3
23285,3
23286,3
23287,3
23288,3
23289,3
23290,3
23291,2
23292,2
23293,3
23294,3
23295,3
23296,3
23297,3
23298,2
23299,1
23300,3
23301,3
23302,2
23303,3
23304,2
23305,2
23306,2
23307,2
23308,2
23309,2
23310,3
23311,1
23312,3
23313,3
23314,0
23315,0
23316,0
23317,0
23318,0
23319,0
23320,2
23321,2
23322,1
23323,1
23324,2
23325,3
23326,3
23327,3
23328,2
23329,3
23330,3
23331,2
23332,3
23333,2
23334,2
23335,2
23336,2
23337,2
23338,2
23339,3
23340,2
23341,3
23342,2
23343,3
23344,3
23345,3
23346,3
23347,3
23348,2
23349,3
23350,3
23351,3
23352,2
23353,3
23354,2
23355,3
23356,3
23357,2
23358,2
23359,2
23360,3
23361,0
23362,2
23363,2
23364,3
23365,0
23366,0
23367,2
23368,0
23369,2
23370,3
23371,0
23372,0
23373,0
23374,3
23375,3
23376,1
23377,2
23378,2
23379,1
23380,2
23381,3
23382,1
23383,3
23384,2
23385,1
23386,3
23387,3
23388,2
23389,3
23390,3
23391,2
23392,1
23393,2
23394,3
23395,2
23396,1
23397,2
23398,2
23399,1
23400,3
23401,3
23402,3
23403,3
23404,3
23405,2
23406,2
23407,1
23408,1
23409,3
23410,3
23411,2
23412,2
23413,2
23414,2
23415,2
23416,3
23417,1
23418,3
23419,3
23420,2
23421,3
23422,2
23423,1
23424,3
23425,2
23426,2
23427,3
23428,3
23429,1
23430,2
23431,3
23432,3
23433,3
23434,3
23435,3
23436,1
23437,2
23438,3
23439,1
23440,1
23441,1
23442,1
23443,2
23444,2
23445,0
23446,2
23447,0
23448,0
23449,3
23450,3
23451,0
23452,0
23453,0
23454,3
23455,3
23456,3
23457,3
23458,3
23459,2
23460,3
23461,3
23462,3
23463,2
23464,2
23465,3
23466,3
23467,3
23468,3
23469,3
23470,3
23471,3
23472,3
23473,3
23474,3
23475,2
23476,3
23477,3
23478,3
23479,3
23480,3
23481,2
23482,3
23483,3
23484,1
23485,3
23486,3
23487,3
23488,3
23489,1
23490,2
23491,3
23492,1
23493,2
23494,2
23495,3
23496,3
23497,2
23498,3
23499,1
23500,2
23501,2
23502,3
23503,2
23504,3
23505,2
23506,2
23507,2
23508,1
23509,3
23510,3
23511,0
23512,0
23513,0
23514,3
23515,0
23516,2
23517,0
23518,0
23519,2
23520,3
23521,0
23522,3
23523,1
23524,3
23525,3
23526,3
23527,3
23528,0
23529,2
23530,0
23531,2
23532,2
23533,2
23534,3
23535,2
23536,3
23537,2
23538,2
23539,2
23540,2
23541,2
23542,1
23543,0
23544,3
23545,3
23546,3
23547,3
23548,1
23549,1
23550,2
23551,1
23552,1
23553,1
23554,3
23555,1
23556,2
23557,1
23558,3
23559,0
23560,3
23561,3
23562,3
23563,3
23564,3
23565,1
23566,3
23567,1
23568,1
23569,1
23570,2
23571,1
23572,3
23573,3
23574,0
23575,0
23576,0
23577,0
23578,0
23579,0
23580,2
23581,3
23582,2
23583,2
23584,3
23585,3
23586,3
23587,3
23588,1
23589,0
23590,0
23591,0
23592,2
23593,2
23594,0
23595,0
23596,0
23597,0
23598,2
23599,3
23600,2
23601,3
23602,2
23603,3
23604,2
23605,3
23606,0
23607,0
23608,2
23609,1
23610,3
23611,2
23612,2
23613,0
23614,1
23615,1
23616,1
23617,1
23618,1
23619,3
23620,1
23621,3
23622,2
23623,1
23624,0
23625,3
23626,2
23627,0
23628,2
23629,0
23630,0
23631,2
23632,1
23633,3
23634,2
23635,2
23636,3
23637,1
23638,2
23639,3
23640,3
23641,3
23642,3
23643,1
23644,1
23645,3
23646,3
23647,3
23648,3
23649,2
23650,2
23651,1
23652,2
23653,3
23654,2
23655,2
23656,1
23657,0
23658,1
23659,1
23660,1
23661,1
23662,2
23663,2
23664,1
23665,2
23666,2
23667,1
23668,2
23669,2
23670,1
23671,1
23672,1
23673,1
23674,1
23675,1
23676,1
23677,1
23678,1
23679,1
23680,1
23681,3
23682,2
23683,1
23684,1
23685,1
23686,1
23687,1
23688,1
23689,1
23690,1
23691,1
23692,1
23693,1
23694,2
23695,2
23696,1
23697,1
23698,1
23699,1
23700,2
23701,1
23702,2
23703,2
23704,2
23705,2
23706,3
23707,2
23708,3
23709,3
23710,3
23711,2
23712,3
23713,3
23714,3
23715,3
23716,3
23717,3
23718,3
23719,2
23720,2
23721,3
23722,3
23723,3
23724,3
23725,3
23726,3
23727,2
23728,0
23729,2
23730,3
23731,2
23732,2
23733,2
23734,2
23735,3
23736,2
23737,3
23738,3
23739,1
23740,2
23741,2
23742,2
23743,2
23744,2
23745,2
23746,2
23747,2
23748,2
23749,3
23750,2
23751,2
23752,2
23753,2
23754,2
23755,0
23756,0
23757,2
23758,3
23759,3
23760,3
23761,3
23762,3
23763,3
23764,2
23765,1
23766,1
23767,1
23768,1
23769,2
23770,3
23771,3
23772,0
23773,0
23774,3
23775,3
23776,1
23777,2
23778,1
23779,1
23780,3
23781,3
23782,1
23783,3
23784,3
23785,1
23786,3
23787,0
23788,0
23789,2
23790,2
23791,2
23792,3
23793,0
23794,3
23795,0
23796,2
23797,0
23798,2
23799,0
23800,0
23801,0
23802,0
23803,1
23804,2
23805,3
23806,0
23807,3
23808,2
23809,0
23810,0
23811,2
23812,0
23813,3
23814,0
23815,0
23816,3
23817,2
23818,1
23819,0
23820,0
23821,0
23822,0
23823,2
23824,2
23825,0
23826,0
23827,2
23828,2
23829,2
23830,2
23831,3
23832,1
23833,1
23834,0
23835,0
23836,0
23837,2
23838,0
23839,0
23840,0
23841,3
23842,2
23843,2
23844,2
23845,3
23846,2
23847,2
23848,2
23849,3
23850,2
23851,2
23852,2
23853,2
23854,2
23855,2
23856,2
23857,2
23858,2
23859,2
23860,2
23861,1
23862,2
23863,2
23864,2
23865,2
23866,2
23867,2
23868,2
23869,2
23870,2
23871,2
23872,3
23873,2
23874,2
23875,2
23876,2
23877,2
23878,2
23879,2
23880,2
23881,2
23882,2
23883,2
23884,2
23885,3
23886,3
23887,1
23888,0
23889,0
23890,0
23891,0
23892,2
23893,2
23894,0
23895,3
23896,2
23897,0
23898,0
23899,2
23900,0
23901,0
23902,2
23903,0
23904,2
23905,2
23906,2
23907,2
23908,2
23909,2
23910,2
23911,2
23912,2
23913,2
23914,2
23915,2
23916,2
23917,2
23918,2
23919,2
23920,3
23921,3
23922,2
23923,2
23924,3
23925,3
23926,2
23927,3
23928,3
23929,2
23930,3
23931,2
23932,3
23933,3
23934,3
23935,3
23936,2
23937,3
23938,3
23939,1
23940,3
23941,2
23942,3
23943,3
23944,3
23945,2
23946,2
23947,2
23948,3
23949,2
23950,1
23951,1
23952,2
23953,2
23954,3
23955,2
23956,3
23957,2
23958,2
23959,1
23960,1
23961,1
23962,3
23963,1
23964,2
23965,2
23966,2
23967,1
23968,3
23969,2
23970,1
23971,1
23972,1
23973,1
23974,1
23975,1
23976,1
23977,1
23978,2
23979,2
23980,1
23981,2
23982,2
23983,2
23984,3
23985,2
23986,2
23987,0
23988,0
23989,0
23990,2
23991,0
23992,0
23993,3
23994,2
23995,0
23996,1
23997,1
23998,1
23999,1
24000,3
24001,3
24002,1
24003,3
24004,2
24005,3
24006,3
24007,0
24008,0
24009,3
24010,3
24011,3
24012,3
24013,3
24014,3
24015,3
24016,3
24017,3
24018,3
24019,0
24020,3
24021,2
24022,3
24023,3
24024,3
24025,3
24026,3
24027,3
24028,3
24029,0
24030,3
24031,2
24032,3
24033,2
24034,3
24035,3
24036,0
24037,0
24038,0
24039,2
24040,3
24041,0
24042,0
24043,2
24044,0
24045,2
24046,0
24047,3
24048,1
24049,0
24050,3
24051,0
24052,2
24053,1
24054,1
24055,0
24056,2
24057,2
24058,2
24059,2
24060,2
24061,2
24062,3
24063,2
24064,3
24065,2
24066,3
24067,3
24068,2
24069,2
24070,2
24071,2
24072,1
24073,2
24074,2
24075,2
24076,2
24077,2
24078,1
24079,1
24080,2
24081,2
24082,2
24083,2
24084,2
24085,2
24086,1
24087,1
24088,3
24089,2
24090,3
24091,2
24092,2
24093,1
24094,1
24095,1
24096,3
24097,3
24098,3
24099,2
24100,3
24101,0
24102,3
24103,2
24104,3
24105,1
24106,1
24107,1
24108,3
24109,0
24110,0
24111,0
24112,2
24113,2
24114,2
24115,2
24116,3
24117,3
24118,1
24119,1
24120,2
24121,0
24122,0
24123,0
24124,1
24125,3
24126,3
24127,3
24128,3
24129,0
24130,0
24131,2
24132,2
24133,3
24134,0
24135,0
24136,2
24137,0
24138,0
24139,0
24140,0
24141,0
24142,1
24143,0
24144,2
24145,0
24146,0
24147,0
24148,0
24149,0
24150,0
24151,0
24152,2
24153,2
24154,3
24155,2
24156,2
24157,2
24158,2
24159,2
24160,2
24161,3
24162,3
24163,0
24164,0
24165,0
24166,0
24167,2
24168,0
24169,0
24170,2
24171,2
24172,3
24173,3
24174,0
24175,3
24176,2
24177,2
24178,3
24179,2
24180,2
24181,2
24182,2
24183,0
24184,3
24185,0
24186,2
24187,0
24188,1
24189,1
24190,1
24191,3
24192,3
24193,1
24194,1
24195,1
24196,3
24197,2
24198,2
24199,3
24200,1
24201,2
24202,3
24203,2
24204,2
24205,3
24206,3
24207,3
24208,2
24209,2
24210,2
24211,2
24212,3
24213,2
24214,2
24215,2
24216,1
24217,2
24218,2
24219,2
24220,2
24221,2
24222,2
24223,2
24224,1
24225,1
24226,1
24227,4
24228,1
24229,1
24230,1
24231,1
24232,2
24233,3
24234,3
24235,3
24236,3
24237,2
24238,3
24239,2
24240,3
24241,1
24242,1
24243,3
24244,3
24245,1
24246,3
24247,3
24248,3
24249,3
24250,2
24251,2
24252,3
24253,3
24254,2
24255,2
24256,2
24257,3
24258,3
24259,3
24260,2
24261,2
24262,2
24263,3
24264,2
24265,0
24266,2
24267,2
24268,2
24269,2
24270,2
24271,2
24272,2
24273,2
24274,3
24275,3
24276,3
24277,3
24278,3
24279,3
24280,3
24281,3
24282,3
24283,3
24284,3
24285,2
24286,2
24287,3
24288,4
24289,2
24290,2
24291,2
24292,2
24293,0
24294,3
24295,3
24296,2
24297,2
24298,3
24299,2
24300,2
24301,2
24302,0
24303,0
24304,3
24305,2
24306,1
24307,1
24308,1
24309,1
24310,1
24311,1
24312,1
24313,3
24314,0
24315,3
24316,2
24317,0
24318,3
24319,0
24320,0
24321,3
24322,3
24323,2
24324,0
24325,0
24326,3
24327,3
24328,2
24329,1
24330,1
24331,1
24332,2
24333,2
24334,3
24335,1
24336,3
24337,3
24338,1
24339,2
24340,2
24341,2
24342,2
24343,2
24344,2
24345,1
24346,1
24347,1
24348,1
24349,1
24350,1
24351,1
24352,1
24353,1
24354,1
24355,0
24356,0
24357,0
24358,0
24359,0
24360,0
24361,0
24362,0
24363,0
24364,0
24365,0
24366,1
24367,1
24368,1
24369,1
24370,3
24371,1
24372,1
24373,3
24374,3
24375,3
24376,2
24377,3
24378,3
24379,3
24380,3
24381,3
24382,2
24383,3
24384,1
24385,3
24386,2
24387,0
24388,0
24389,0
24390,3
24391,0
24392,0
24393,2
24394,0
24395,0
24396,0
24397,0
24398,0
24399,2
24400,2
24401,0
24402,0
24403,2
24404,0
24405,0
24406,3
24407,0
24408,0
24409,2
24410,2
24411,0
24412,0
24413,0
24414,0
24415,0
24416,0
24417,2
24418,2
24419,2
24420,2
24421,1
24422,1
24423,0
24424,0
24425,0
24426,2
24427,2
24428,0
24429,0
24430,1
24431,0
24432,0
24433,0
24434,0
24435,2
24436,0
24437,0
24438,2
24439,2
24440,0
24441,0
24442,1
24443,1
24444,1
24445,1
24446,1
24447,1
24448,3
24449,3
24450,3
24451,3
24452,0
24453,0
24454,0
24455,0
24456,0
24457,0
24458,0
24459,2
24460,0
24461,0
24462,0
24463,1
24464,1
24465,3
24466,3
24467,3
24468,2
24469,0
24470,3
24471,2
24472,3
24473,2
24474,2
24475,3
24476,2
24477,2
24478,3
24479,3
24480,3
24481,2
24482,3
24483,2
24484,3
24485,3
24486,0
24487,3
24488,3
24489,2
24490,2
24491,2
24492,2
24493,3
24494,0
24495,2
24496,2
24497,2
24498,3
24499,3
24500,3
24501,3
24502,3
24503,3
24504,3
24505,2
24506,0
24507,3
24508,3
24509,2
24510,0
24511,3
24512,0
24513,3
24514,1
24515,2
24516,1
24517,1
24518,2
24519,2
24520,3
24521,3
24522,2
24523,3
24524,3
24525,3
24526,2
24527,0
24528,3
24529,3
24530,3
24531,2
24532,3
24533,3
24534,0
24535,0
24536,0
24537,1
24538,3
24539,3
24540,0
24541,0
24542,2
24543,3
24544,1
24545,0
24546,3
24547,3
24548,3
24549,3
24550,2
24551,1
24552,1
24553,3
24554,2
24555,2
24556,3
24557,3
24558,3
24559,3
24560,2
24561,0
24562,0
24563,3
24564,2
24565,2
24566,2
24567,0
24568,3
24569,3
24570,2
24571,2
24572,2
24573,3
24574,2
24575,3
24576,2
24577,3
24578,3
24579,3
24580,0
24581,3
24582,2
24583,3
24584,0
24585,3
24586,0
24587,3
24588,0
24589,2
24590,3
24591,3
24592,3
24593,3
24594,2
24595,3
24596,3
24597,3
24598,2
24599,2
24600,2
24601,2
24602,2
24603,3
24604,2
24605,3
24606,2
24607,2
24608,1
24609,1
24610,3
24611,2
24612,3
24613,2
24614,2
24615,3
24616,3
24617,0
24618,0
24619,0
24620,0
24621,3
24622,3
24623,2
24624,2
24625,3
24626,1
24627,1
24628,1
24629,1
24630,2
24631,2
24632,3
24633,2
24634,3
24635,3
24636,1
24637,1
24638,1
24639,1
24640,1
24641,1
24642,2
24643,2
24644,3
24645,2
24646,2
24647,2
24648,2
24649,0
24650,2
24651,2
24652,0
24653,0
24654,3
24655,0
24656,3
24657,3
24658,2
24659,3
24660,2
24661,3
24662,2
24663,3
24664,2
24665,3
24666,3
24667,3
24668,2
24669,2
24670,2
24671,3
24672,2
24673,3
24674,2
24675,3
24676,2
24677,2
24678,3
24679,0
24680,3
24681,0
24682,0
24683,2
24684,2
24685,3
24686,2
24687,2
24688,4
24689,2
24690,3
24691,3
24692,2
24693,2
24694,2
24695,3
24696,3
24697,3
24698,3
24699,0
24700,0
24701,3
24702,2
24703,2
24704,2
24705,3
24706,2
24707,3
24708,2
24709,3
24710,3
24711,3
24712,2
24713,3
24714,3
24715,1
24716,0
24717,0
24718,3
24719,3
24720,2
24721,0
24722,3
24723,0
24724,1
24725,1
24726,1
24727,0
24728,3
24729,0
24730,3
24731,0
24732,2
24733,3
24734,3
24735,2
24736,3
24737,3
24738,0
24739,2
24740,2
24741,2
24742,2
24743,2
24744,2
24745,2
24746,2
24747,2
24748,2
24749,2
24750,3
24751,2
24752,2
24753,2
24754,2
24755,2
24756,2
24757,2
24758,2
24759,2
24760,2
24761,2
24762,2
24763,2
24764,2
24765,2
24766,2
24767,2
24768,2
24769,2
24770,2
24771,2
24772,2
24773,2
24774,2
24775,2
24776,2
24777,2
24778,2
24779,2
24780,2
24781,2
24782,2
24783,2
24784,2
24785,2
24786,2
24787,2
24788,2
24789,2
24790,2
24791,2
24792,2
24793,2
24794,2
24795,2
24796,2
24797,2
24798,2
24799,2
24800,2
24801,2
24802,2
24803,3
24804,2
24805,2
24806,2
24807,2
24808,2
24809,3
24810,2
24811,2
24812,3
24813,2
24814,3
24815,2
24816,2
24817,2
24818,2
24819,0
24820,0
24821,0
24822,0
24823,0
24824,0
24825,0
24826,0
24827,0
24828,3
24829,2
24830,3
24831,0
24832,3
24833,3
24834,3
24835,3
24836,0
24837,3
24838,0
24839,2
24840,0
24841,2
24842,3
24843,2
24844,1
24845,3
24846,2
24847,1
24848,1
24849,0
24850,3
24851,1
24852,2
24853,0
24854,3
24855,3
24856,3
24857,2
24858,1
24859,3
24860,0
24861,3
24862,3
24863,2
24864,0
24865,2
24866,0
24867,2
24868,3
24869,0
24870,2
24871,0
24872,0
24873,0
24874,0
24875,3
24876,3
24877,3
24878,3
24879,2
24880,3
24881,3
24882,2
24883,2
24884,2
24885,3
24886,2
24887,3
24888,3
24889,2
24890,2
24891,3
24892,2
24893,2
24894,2
24895,2
24896,3
24897,3
24898,2
24899,2
24900,2
24901,2
24902,3
24903,2
24904,0
24905,0
24906,0
24907,0
24908,0
24909,2
24910,2
24911,2
24912,2
24913,2
24914,3
24915,2
24916,2
24917,2
24918,2
24919,2
24920,0
24921,0
24922,3
24923,3
24924,0
24925,2
24926,3
24927,0
24928,3
24929,0
24930,0
24931,3
24932,2
24933,1
24934,1
24935,1
24936,3
24937,2
24938,3
24939,3
24940,3
24941,2
24942,2
24943,3
24944,3
24945,3
24946,3
24947,3
24948,2
24949,2
24950,2
24951,2
24952,2
24953,2
24954,3
24955,3
24956,2
24957,2
24958,3
24959,3
24960,3
24961,3
24962,3
24963,3
24964,3
24965,1
24966,3
24967,3
24968,1
24969,3
24970,2
24971,3
24972,2
24973,3
24974,3
24975,2
24976,2
24977,3
24978,3
24979,2
24980,2
24981,3
24982,3
24983,2
24984,3
24985,3
24986,2
24987,3
24988,3
24989,2
24990,2
24991,3
24992,2
24993,2
24994,2
24995,3
24996,2
24997,2
24998,2
24999,2
25000,2
25001,1
25002,3
25003,2
25004,3
25005,2
25006,2
25007,2
25008,3
25009,3
25010,2
25011,2
25012,3
25013,2
25014,3
25015,3
25016,2
25017,2
25018,3
25019,2
25020,2
25021,2
25022,3
25023,2
25024,2
25025,2
25026,2
25027,2
25028,2
25029,2
25030,2
25031,2
25032,3
25033,3
25034,3
25035,2
25036,3
25037,2
25038,2
25039,3
25040,2
25041,2
25042,2
25043,2
25044,2
25045,2
25046,1
25047,2
25048,2
25049,1
25050,3
25051,3
25052,3
25053,3
25054,2
25055,2
25056,2
25057,3
25058,1
25059,0
25060,3
25061,2
25062,0
25063,2
25064,2
25065,2
25066,3
25067,3
25068,2
25069,0
25070,0
25071,3
25072,0
25073,2
25074,3
25075,2
25076,1
25077,1
25078,1
25079,0
25080,3
25081,3
25082,0
25083,3
25084,3
25085,0
25086,0
25087,0
25088,3
25089,3
25090,3
25091,0
25092,3
25093,3
25094,0
25095,2
25096,2
25097,0
25098,0
25099,0
25100,2
25101,0
25102,0
25103,2
25104,0
25105,3
25106,0
25107,0
25108,0
25109,0
25110,3
25111,0
25112,0
25113,3
25114,0
25115,0
25116,0
25117,0
25118,0
25119,0
25120,3
25121,2
25122,2
25123,2
25124,2
25125,3
25126,3
25127,3
25128,3
25129,2
25130,3
25131,2
25132,2
25133,2
25134,2
25135,3
25136,3
25137,0
25138,0
25139,2
25140,0
25141,0
25142,0
25143,2
25144,2
25145,2
25146,3
25147,2
25148,3
25149,3
25150,3
25151,3
25152,3
25153,3
25154,2
25155,0
25156,0
25157,0
25158,0
25159,0
25160,0
25161,0
25162,0
25163,3
25164,0
25165,0
25166,0
25167,0
25168,0
25169,0
25170,0
25171,0
25172,2
25173,2
25174,2
25175,3
25176,2
25177,2
25178,2
25179,2
25180,2
25181,2
25182,2
25183,2
25184,2
25185,2
25186,3
25187,3
25188,2
25189,2
25190,3
25191,3
25192,3
25193,2
25194,2
25195,2
25196,0
25197,0
25198,2
25199,3
25200,0
25201,0
25202,0
25203,0
25204,0
25205,2
25206,3
25207,0
25208,2
25209,0
25210,0
25211,2
25212,0
25213,0
25214,3
25215,0
25216,3
25217,3
25218,3
25219,3
25220,1
25221,0
25222,0
25223,3
25224,2
25225,3
25226,3
25227,2
25228,2
25229,3
25230,3
25231,3
25232,3
25233,3
25234,2
25235,3
25236,3
25237,3
25238,3
25239,3
25240,3
25241,3
25242,3
25243,0
25244,1
25245,0
25246,0
25247,0
25248,1
25249,1
25250,0
25251,1
25252,1
25253,0
25254,0
25255,0
25256,2
25257,0
25258,3
25259,2
25260,2
25261,2
25262,2
25263,3
25264,3
25265,3
25266,3
25267,3
25268,3
25269,3
25270,3
25271,3
25272,2
25273,1
25274,3
25275,2
25276,0
25277,3
25278,0
25279,0
25280,0
25281,0
25282,3
25283,3
25284,3
25285,1
25286,1
25287,0
25288,0
25289,0
25290,0
25291,0
25292,2
25293,0
25294,0
25295,3
25296,3
25297,3
25298,3
25299,0
25300,3
25301,3
25302,3
25303,3
25304,1
25305,3
25306,3
25307,2
25308,3
25309,3
25310,3
25311,2
25312,3
25313,3
25314,3
25315,3
25316,3
25317,3
25318,3
25319,3
25320,3
25321,2
25322,3
25323,3
25324,1
25325,0
25326,0
25327,2
25328,3
25329,2
25330,2
25331,2
25332,3
25333,2
25334,2
25335,2
25336,2
25337,2
25338,2
25339,2
25340,2
25341,2
25342,2
25343,3
25344,2
25345,2
25346,2
25347,2
25348,2
25349,2
25350,3
25351,2
25352,3
25353,3
25354,2
25355,3
25356,3
25357,2
25358,3
25359,0
25360,3
25361,3
25362,3
25363,2
25364,2
25365,3
25366,2
25367,1
25368,2
25369,3
25370,0
25371,3
25372,3
25373,3
25374,3
25375,3
25376,3
25377,0
25378,1
25379,1
25380,3
25381,2
25382,3
25383,3
25384,3
25385,3
25386,3
25387,3
25388,3
25389,3
25390,3
25391,3
25392,3
25393,3
25394,3
25395,0
25396,3
25397,3
25398,2
25399,2
25400,2
25401,2
25402,2
25403,2
25404,2
25405,2
25406,2
25407,2
25408,0
25409,1
25410,0
25411,3
25412,2
25413,2
25414,2
25415,3
25416,3
25417,2
25418,3
25419,2
25420,3
25421,0
25422,0
25423,0
25424,3
25425,3
25426,3
25427,3
25428,3
25429,3
25430,3
25431,2
25432,3
25433,2
25434,2
25435,2
25436,2
25437,2
25438,2
25439,2
25440,3
25441,2
25442,3
25443,3
25444,3
25445,3
25446,3
25447,3
25448,3
25449,0
25450,3
25451,3
25452,1
25453,3
25454,3
25455,2
25456,2
25457,3
25458,0
25459,3
25460,3
25461,3
25462,3
25463,3
25464,3
25465,2
25466,3
25467,2
25468,3
25469,3
25470,1
25471,3
25472,2
25473,1
25474,3
25475,3
25476,3
25477,3
25478,3
25479,3
25480,2
25481,3
25482,2
25483,2
25484,2
25485,3
25486,3
25487,3
25488,2
25489,3
25490,2
25491,3
25492,3
25493,3
25494,3
25495,3
25496,3
25497,0
25498,3
25499,3
25500,2
25501,3
25502,2
25503,3
25504,2
25505,3
25506,2
25507,2
25508,2
25509,2
25510,3
25511,2
25512,3
25513,3
25514,2
25515,3
25516,3
25517,3
25518,3
25519,3
25520,3
25521,2
25522,2
25523,3
25524,3
25525,3
25526,3
25527,3
25528,3
25529,3
25530,3
25531,3
25532,3
25533,3
25534,3
25535,3
25536,3
25537,3
25538,3
25539,3
25540,3
25541,3
25542,1
25543,3
25544,3
25545,3
25546,3
25547,3
25548,3
25549,3
25550,3
25551,3
25552,3
25553,2
25554,2
25555,2
25556,2
25557,2
25558,3
25559,3
25560,3
25561,3
25562,2
25563,2
25564,2
25565,2
25566,3
25567,3
25568,3
25569,3
25570,3
25571,3
25572,3
25573,3
25574,3
25575,3
25576,3
25577,3
25578,3
25579,3
25580,0
25581,0
25582,0
25583,0
25584,0
25585,0
25586,0
25587,0
25588,0
25589,0
25590,0
25591,0
25592,0
25593,0
25594,3
25595,0
25596,0
25597,0
25598,0
25599,0
25600,0
25601,0
25602,0
25603,2
25604,0
25605,0
25606,0
25607,2
25608,1
25609,1
25610,1
25611,3
25612,0
25613,0
25614,0
25615,2
25616,2
25617,2
25618,2
25619,2
25620,2
25621,2
25622,2
25623,2
25624,2
25625,2
25626,2
25627,3
25628,2
25629,2
25630,2
25631,2
25632,2
25633,2
25634,2
25635,2
25636,2
25637,2
25638,2
25639,2
25640,2
25641,2
25642,2
25643,2
25644,2
25645,2
25646,2
25647,2
25648,2
25649,2
25650,2
25651,2
25652,2
25653,2
25654,2
25655,2
25656,2
25657,2
25658,3
25659,2
25660,2
25661,2
25662,2
25663,2
25664,2
25665,2
25666,2
25667,2
25668,2
25669,2
25670,2
25671,2
25672,2
25673,2
25674,2
25675,2
25676,2
25677,2
25678,2
25679,2
25680,2
25681,2
25682,2
25683,2
25684,2
25685,2
25686,2
25687,2
25688,2
25689,2
25690,2
25691,2
25692,2
25693,2
25694,2
25695,2
25696,2
25697,2
25698,2
25699,2
25700,3
25701,2
25702,3
25703,2
25704,2
25705,2
25706,2
25707,2
25708,2
25709,2
25710,2
25711,2
25712,2
25713,3
25714,2
25715,2
25716,2
25717,2
25718,2
25719,2
25720,2
25721,2
25722,2
25723,2
25724,2
25725,2
25726,2
25727,2
25728,2
25729,2
25730,2
25731,2
25732,2
25733,2
25734,2
25735,2
25736,2
25737,2
25738,2
25739,3
25740,2
25741,2
25742,2
25743,2
25744,2
25745,2
25746,2
25747,2
25748,2
25749,2
25750,2
25751,2
25752,2
25753,2
25754,2
25755,2
25756,2
25757,2
25758,2
25759,3
25760,2
25761,3
25762,2
25763,2
25764,2
25765,2
25766,2
25767,2
25768,2
25769,2
25770,2
25771,2
25772,2
25773,2
25774,2
25775,2
25776,3
25777,2
25778,2
25779,2
25780,2
25781,2
25782,2
25783,2
25784,2
25785,3
25786,2
25787,2
25788,2
25789,2
25790,2
25791,2
25792,2
25793,2
25794,2
25795,2
25796,2
25797,2
25798,2
25799,2
25800,2
25801,2
25802,2
25803,2
25804,2
25805,2
25806,2
25807,3
25808,3
25809,3
25810,3
25811,3
25812,3
25813,3
25814,3
25815,3
25816,2
25817,3
25818,3
25819,2
25820,2
25821,2
25822,3
25823,3
25824,3
25825,2
25826,2
25827,2
25828,2
25829,2
25830,2
25831,2
25832,3
25833,3
25834,2
25835,3
25836,3
25837,3
25838,2
25839,0
25840,3
25841,2
25842,3
25843,3
25844,3
25845,3
25846,3
25847,2
25848,3
25849,3
25850,3
25851,2
25852,3
25853,3
25854,3
25855,3
25856,3
25857,3
25858,3
25859,3
25860,3
25861,3
25862,3
25863,3
25864,2
25865,3
25866,3
25867,3
25868,3
25869,3
25870,3
25871,2
25872,3
25873,3
25874,3
25875,3
25876,2
25877,3
25878,3
25879,3
25880,2
25881,2
25882,2
25883,3
25884,3
25885,3
25886,3
25887,3
25888,0
25889,2
25890,2
25891,2
25892,3
25893,3
25894,3
25895,0
25896,0
25897,0
25898,3
25899,0
25900,0
25901,0
25902,0
25903,2
25904,2
25905,2
25906,0
25907,0
25908,2
25909,2
25910,3
25911,2
25912,3
25913,3
25914,3
25915,3
25916,3
25917,3
25918,3
25919,3
25920,3
25921,3
25922,3
25923,3
25924,3
25925,3
25926,3
25927,3
25928,3
25929,3
25930,3
25931,2
25932,3
25933,2
25934,3
25935,3
25936,3
25937,0
25938,0
25939,2
25940,3
25941,3
25942,3
25943,3
25944,3
25945,3
25946,3
25947,3
25948,3
25949,3
25950,3
25951,3
25952,2
25953,3
25954,3
25955,3
25956,2
25957,3
25958,3
25959,3
25960,3
25961,3
25962,2
25963,3
25964,2
25965,3
25966,3
25967,3
25968,3
25969,3
25970,3
25971,3
25972,3
25973,3
25974,3
25975,3
25976,2
25977,3
25978,3
25979,2
25980,3
25981,2
25982,3
25983,3
25984,3
25985,2
25986,2
25987,3
25988,2
25989,0
25990,0
25991,3
25992,3
25993,3
25994,3
25995,3
25996,3
25997,3
25998,3
25999,2
26000,3
26001,3
26002,3
26003,3
26004,3
26005,3
26006,3
26007,3
26008,3
26009,3
26010,3
26011,3
26012,3
26013,3
26014,3
26015,3
26016,3
26017,2
26018,3
26019,2
26020,2
26021,3
26022,3
26023,2
26024,2
26025,0
26026,3
26027,3
26028,2
26029,3
26030,2
26031,2
26032,3
26033,3
26034,2
26035,3
26036,2
26037,3
26038,3
26039,3
26040,2
26041,3
26042,3
26043,4
26044,3
26045,2
26046,2
26047,0
26048,4
26049,3
26050,3
26051,2
26052,3
26053,3
26054,3
26055,3
26056,3
26057,3
26058,3
26059,3
26060,2
26061,2
26062,2
26063,3
26064,3
26065,3
26066,3
26067,2
26068,3
26069,3
26070,3
26071,2
26072,2
26073,2
26074,3
26075,3
26076,3
26077,2
26078,3
26079,2
26080,2
26081,3
26082,0
26083,2
26084,2
26085,3
26086,3
26087,3
26088,0
26089,3
26090,0
26091,3
26092,3
26093,2
26094,2
26095,4
26096,3
26097,3
26098,3
26099,3
26100,2
26101,3
26102,0
26103,3
26104,2
26105,3
26106,2
26107,3
26108,2
26109,3
26110,3
26111,3
26112,3
26113,2
26114,3
26115,3
26116,3
26117,3
26118,3
26119,3
26120,3
26121,2
26122,0
26123,3
26124,2
26125,3
26126,2
26127,3
26128,2
26129,3
26130,2
26131,2
26132,3
26133,3
26134,3
26135,3
26136,2
26137,1
26138,0
26139,0
26140,3
26141,3
26142,2
26143,2
26144,3
26145,3
26146,2
26147,2
26148,2
26149,2
26150,2
26151,3
26152,2
26153,2
26154,2
26155,2
26156,2
26157,2
26158,2
26159,2
26160,2
26161,2
26162,2
26163,2
26164,2
26165,2
26166,2
26167,2
26168,2
26169,2
26170,2
26171,3
26172,3
26173,3
26174,3
26175,3
26176,3
26177,3
26178,2
26179,3
26180,3
26181,3
26182,2
26183,3
26184,3
26185,3
26186,3
26187,3
26188,3
26189,3
26190,3
26191,3
26192,3
26193,3
26194,2
26195,3
26196,2
26197,3
26198,3
26199,2
26200,3
26201,3
26202,3
26203,3
26204,3
26205,3
26206,3
26207,3
26208,3
26209,3
26210,3
26211,3
26212,3
26213,3
26214,2
26215,3
26216,3
26217,3
26218,2
26219,3
26220,3
26221,3
26222,3
26223,3
26224,3
26225,3
26226,3
26227,3
26228,3
26229,3
26230,3
26231,2
26232,3
26233,3
26234,0
26235,3
26236,3
26237,3
26238,3
26239,3
26240,3
26241,3
26242,3
26243,3
26244,3
26245,3
26246,3
26247,3
26248,3
26249,3
26250,3
26251,3
26252,3
26253,3
26254,3
26255,3
26256,3
26257,3
26258,3
26259,3
26260,3
26261,3
26262,3
26263,3
26264,3
26265,2
26266,2
26267,2
26268,2
26269,2
26270,2
26271,2
26272,2
26273,3
26274,2
26275,3
26276,2
26277,2
26278,2
26279,2
26280,3
26281,2
26282,2
26283,2
26284,2
26285,2
26286,3
26287,3
26288,2
26289,3
26290,2
26291,2
26292,3
26293,3
26294,2
26295,3
26296,3
26297,3
26298,3
26299,3
26300,3
26301,3
26302,3
26303,3
26304,3
26305,3
26306,3
26307,3
26308,2
26309,3
26310,3
26311,3
26312,3
26313,3
26314,2
26315,2
26316,3
26317,3
26318,3
26319,3
26320,3
26321,3
26322,3
26323,3
26324,3
26325,3
26326,3
26327,3
26328,3
26329,3
26330,3
26331,0
26332,0
26333,2
26334,0
26335,2
26336,3
26337,0
26338,4
26339,3
26340,2
26341,3
26342,3
26343,3
26344,3
26345,3
26346,3
26347,3
26348,3
26349,2
26350,3
26351,0
26352,3
26353,3
26354,2
26355,2
26356,3
26357,3
26358,2
26359,3
26360,3
26361,3
26362,3
26363,3
26364,0
26365,0
26366,0
26367,2
26368,2
26369,2
26370,0
26371,0
26372,0
26373,3
26374,3
26375,2
26376,3
26377,3
26378,2
26379,2
26380,3
26381,3
26382,3
26383,3
26384,3
26385,3
26386,3
26387,3
26388,3
26389,3
26390,3
26391,3
26392,2
26393,3
26394,3
26395,3
26396,3
26397,3
26398,3
26399,3
26400,3
26401,3
26402,3
26403,3
26404,3
26405,3
26406,3
26407,3
26408,3
26409,3
26410,3
26411,3
26412,3
26413,3
26414,3
26415,3
26416,3
26417,3
26418,3
26419,2
26420,2
26421,2
26422,3
26423,2
26424,2
26425,3
26426,3
26427,3
26428,2
26429,2
26430,2
26431,2
26432,2
26433,2
26434,2
26435,2
26436,2
26437,2
26438,2
26439,2
26440,2
26441,2
26442,2
26443,2
26444,2
26445,2
26446,3
26447,2
26448,3
26449,3
26450,3
26451,3
26452,3
26453,3
26454,3
26455,3
26456,3
26457,3
26458,3
26459,2
26460,2
26461,2
26462,2
26463,2
26464,2
26465,2
26466,3
26467,3
26468,2
26469,2
26470,2
26471,2
26472,3
26473,3
26474,3
26475,3
26476,3
26477,3
26478,3
26479,3
26480,3
26481,3
26482,3
26483,3
26484,3
26485,3
26486,3
26487,3
26488,3
26489,3
26490,3
26491,0
26492,0
26493,2
26494,2
26495,2
26496,2
26497,2
26498,2
26499,3
26500,3
26501,3
26502,3
26503,3
26504,3
26505,2
26506,2
26507,2
26508,3
26509,3
26510,3
26511,3
26512,3
26513,3
26514,2
26515,3
26516,3
26517,2
26518,2
26519,2
26520,2
26521,2
26522,2
26523,2
26524,2
26525,2
26526,2
26527,2
26528,2
26529,2
26530,3
26531,2
26532,2
26533,2
26534,3
26535,3
26536,3
26537,3
26538,3
26539,2
26540,3
26541,3
26542,2
26543,3
26544,3
26545,3
26546,3
26547,3
26548,3
26549,3
26550,3
26551,3
26552,2
26553,2
26554,2
26555,3
26556,2
26557,2
26558,2
26559,2
26560,2
26561,2
26562,2
26563,2
26564,2
26565,2
26566,3
26567,3
26568,3
26569,3
26570,3
26571,3
26572,3
26573,3
26574,3
26575,3
26576,3
26577,3
26578,2
26579,2
26580,2
26581,2
26582,2
26583,2
26584,2
26585,2
26586,2
26587,2
26588,2
26589,2
26590,2
26591,2
26592,4
26593,2
26594,2
26595,2
26596,2
26597,2
26598,2
26599,3
26600,2
26601,2
26602,2
26603,2
26604,2
26605,2
26606,2
26607,0
26608,3
26609,3
26610,3
26611,3
26612,3
26613,3
26614,3
26615,1
26616,3
26617,3
26618,1
26619,1
26620,1
26621,1
26622,3
26623,2
26624,3
26625,2
26626,2
26627,3
26628,3
26629,3
26630,2
26631,2
26632,2
26633,3
26634,3
26635,2
26636,3
26637,3
26638,2
26639,2
26640,2
26641,2
26642,2
26643,2
26644,2
26645,2
26646,2
26647,2
26648,3
26649,3
26650,2
26651,3
26652,3
26653,3
26654,3
26655,3
26656,3
26657,3
26658,2
26659,2
26660,2
26661,2
26662,3
26663,3
26664,2
26665,2
26666,2
26667,2
26668,2
26669,2
26670,2
26671,2
26672,2
26673,2
26674,3
26675,3
26676,3
26677,3
26678,2
26679,3
26680,3
26681,3
26682,2
26683,2
26684,1
26685,3
26686,3
26687,3
26688,3
26689,1
26690,0
26691,0
26692,0
26693,0
26694,1
26695,2
26696,2
26697,3
26698,3
26699,3
26700,3
26701,3
26702,0
26703,2
26704,2
26705,0
26706,0
26707,0
26708,0
26709,0
26710,0
26711,0
26712,0
26713,0
26714,0
26715,3
26716,3
26717,3
26718,3
26719,3
26720,3
26721,0
26722,3
26723,0
26724,0
26725,0
26726,0
26727,0
26728,0
26729,0
26730,0
26731,0
26732,0
26733,0
26734,3
26735,0
26736,3
26737,3
26738,3
26739,3
26740,3
26741,3
26742,3
26743,2
26744,2
26745,3
26746,3
26747,2
26748,3
26749,2
26750,2
26751,2
26752,2
26753,3
26754,2
26755,1
26756,2
26757,2
26758,2
26759,2
26760,2
26761,2
26762,2
26763,2
26764,2
26765,2
26766,2
26767,2
26768,3
26769,2
26770,2
26771,2
26772,2
26773,2
26774,2
26775,2
26776,2
26777,2
26778,2
26779,2
26780,2
26781,2
26782,2
26783,2
26784,2
26785,2
26786,2
26787,2
26788,2
26789,3
26790,3
26791,1
26792,1
26793,3
26794,0
26795,2
26796,0
26797,2
26798,2
26799,2
26800,2
26801,2
26802,2
26803,2
26804,3
26805,3
26806,2
26807,1
26808,3
26809,3
26810,3
26811,1
26812,2
26813,1
26814,3
26815,0
26816,3
26817,3
26818,3
26819,3
26820,2
26821,2
26822,2
26823,2
26824,2
26825,2
26826,2
26827,2
26828,2
26829,2
26830,3
26831,2
26832,3
26833,3
26834,3
26835,3
26836,3
26837,1
26838,3
26839,3
26840,3
26841,3
26842,3
26843,3
26844,3
26845,3
26846,3
26847,3
26848,3
26849,3
26850,3
26851,3
26852,3
26853,2
26854,2
26855,2
26856,3
26857,3
26858,2
26859,3
26860,1
26861,1
26862,3
26863,3
26864,3
26865,3
26866,3
26867,3
26868,0
26869,3
26870,3
26871,3
26872,1
26873,2
26874,0
26875,1
26876,3
26877,1
26878,1
26879,3
26880,1
26881,2
26882,2
26883,0
26884,1
26885,0
26886,0
26887,1
26888,1
26889,1
26890,1
26891,3
26892,1
26893,3
26894,1
26895,1
26896,1
26897,1
26898,1
26899,1
26900,1
26901,1
26902,3
26903,3
26904,3
26905,3
26906,3
26907,2
26908,2
26909,2
26910,2
26911,3
26912,3
26913,3
26914,3
26915,2
26916,0
26917,2
26918,2
26919,3
26920,3
26921,0
26922,3
26923,0
26924,3
26925,3
26926,3
26927,3
26928,3
26929,3
26930,3
26931,2
26932,0
26933,0
26934,0
26935,0
26936,0
26937,3
26938,3
26939,0
26940,3
26941,0
26942,3
26943,3
26944,3
26945,3
26946,3
26947,3
26948,3
26949,2
26950,3
26951,3
26952,3
26953,3
26954,3
26955,3
26956,3
26957,3
26958,0
26959,0
26960,0
26961,2
26962,3
26963,3
26964,3
26965,3
26966,2
26967,3
26968,3
26969,3
26970,3
26971,3
26972,3
26973,3
26974,0
26975,1
26976,3
26977,3
26978,3
26979,3
26980,3
26981,3
26982,3
26983,2
26984,3
26985,3
26986,3
26987,3
26988,3
26989,3
26990,3
26991,3
26992,3
26993,3
26994,3
26995,3
26996,3
26997,3
26998,3
26999,3
27000,3
27001,3
27002,3
27003,3
27004,3
27005,3
27006,3
27007,3
27008,3
27009,2
27010,3
27011,2
27012,2
27013,3
27014,3
27015,3
27016,3
27017,3
27018,3
27019,3
27020,3
27021,3
27022,3
27023,3
27024,2
27025,3
27026,2
27027,3
27028,3
27029,3
27030,3
27031,3
27032,3
27033,1
27034,1
27035,1
27036,1
27037,3
27038,3
27039,3
27040,2
27041,3
27042,2
27043,2
27044,3
27045,2
27046,2
27047,2
27048,3
27049,3
27050,2
27051,2
27052,2
27053,2
27054,3
27055,2
27056,2
27057,2
27058,3
27059,0
27060,3
27061,1
27062,3
27063,2
27064,2
27065,2
27066,2
27067,2
27068,2
27069,2
27070,3
27071,2
27072,3
27073,2
27074,3
27075,1
27076,3
27077,2
27078,3
27079,2
27080,3
27081,2
27082,2
27083,2
27084,3
27085,2
27086,2
27087,2
27088,3
27089,3
27090,2
27091,2
27092,3
27093,2
27094,2
27095,2
27096,2
27097,2
27098,3
27099,2
27100,3
27101,2
27102,2
27103,3
27104,2
27105,3
27106,2
27107,0
27108,0
27109,2
27110,1
27111,1
27112,2
27113,3
27114,1
27115,1
27116,3
27117,3
27118,2
27119,2
27120,2
27121,2
27122,2
27123,2
27124,3
27125,2
27126,2
27127,3
27128,3
27129,3
27130,3
27131,3
27132,3
27133,3
27134,2
27135,2
27136,3
27137,2
27138,2
27139,2
27140,2
27141,2
27142,2
27143,2
27144,2
27145,2
27146,3
27147,2
27148,3
27149,2
27150,0
27151,2
27152,0
27153,2
27154,2
27155,2
27156,3
27157,2
27158,2
27159,2
27160,2
27161,2
27162,2
27163,2
27164,2
27165,2
27166,2
27167,2
27168,2
27169,2
27170,2
27171,2
27172,3
27173,2
27174,2
27175,3
27176,2
27177,2
27178,3
27179,2
27180,3
27181,2
27182,0
27183,1
27184,0
27185,2
27186,2
27187,3
27188,2
27189,0
27190,2
27191,2
27192,3
27193,2
27194,2
27195,2
27196,2
27197,2
27198,2
27199,2
27200,2
27201,2
27202,2
27203,2
27204,2
27205,2
27206,2
27207,2
27208,2
27209,2
27210,2
27211,2
27212,2
27213,2
27214,3
27215,2
27216,2
27217,2
27218,3
27219,2
27220,2
27221,3
27222,2
27223,3
27224,2
27225,2
27226,2
27227,2
27228,2
27229,2
27230,2
27231,2
27232,2
27233,2
27234,2
27235,2
27236,2
27237,2
27238,2
27239,2
27240,3
27241,2
27242,3
27243,2
27244,3
27245,2
27246,2
27247,2
27248,2
27249,2
27250,2
27251,2
27252,2
27253,2
27254,0
27255,2
27256,3
27257,2
27258,2
27259,2
27260,2
27261,2
27262,2
27263,2
27264,2
27265,3
27266,2
27267,2
27268,2
27269,2
27270,2
27271,2
27272,3
27273,2
27274,2
27275,2
27276,2
27277,2
27278,2
27279,2
27280,2
27281,2
27282,2
27283,2
27284,3
27285,2
27286,2
27287,2
27288,2
27289,2
27290,2
27291,3
27292,3
27293,2
27294,2
27295,2
27296,2
27297,2
27298,2
27299,2
27300,2
27301,3
27302,2
27303,0
27304,2
27305,2
27306,2
27307,2
27308,2
27309,2
27310,2
27311,2
27312,2
27313,2
27314,2
27315,2
27316,2
27317,2
27318,2
27319,2
27320,2
27321,0
27322,2
27323,2
27324,2
27325,2
27326,0
27327,2
27328,2
27329,2
27330,0
27331,3
27332,2
27333,3
27334,2
27335,2
27336,2
27337,2
27338,2
27339,2
27340,2
27341,3
27342,2
27343,3
27344,2
27345,3
27346,3
27347,2
27348,3
27349,3
27350,3
27351,3
27352,3
27353,3
27354,2
27355,3
27356,3
27357,2
27358,3
27359,2
27360,2
27361,2
27362,2
27363,3
27364,2
27365,3
27366,2
27367,3
27368,3
27369,2
27370,3
27371,3
27372,3
27373,2
27374,2
27375,2
27376,2
27377,2
27378,2
27379,2
27380,2
27381,3
27382,2
27383,2
27384,2
27385,2
27386,2
27387,2
27388,2
27389,2
27390,2
27391,3
27392,3
27393,3
27394,2
27395,2
27396,2
27397,2
27398,2
27399,2
27400,2
27401,2
27402,2
27403,2
27404,3
27405,3
27406,3
27407,2
27408,2
27409,3
27410,3
27411,3
27412,2
27413,2
27414,3
27415,2
27416,2
27417,3
27418,3
27419,3
27420,2
27421,2
27422,0
27423,2
27424,3
27425,2
27426,2
27427,3
27428,3
27429,0
27430,2
27431,2
27432,2
27433,2
27434,2
27435,2
27436,2
27437,0
27438,3
27439,3
27440,3
27441,2
27442,2
27443,3
27444,3
27445,3
27446,3
27447,2
27448,3
27449,2
27450,2
27451,2
27452,2
27453,2
27454,0
27455,2
27456,2
27457,2
27458,2
27459,3
27460,2
27461,0
27462,2
27463,2
27464,3
27465,2
27466,2
27467,2
27468,2
27469,2
27470,2
27471,2
27472,3
27473,3
27474,3
27475,3
27476,2
27477,2
27478,2
27479,2
27480,2
27481,2
27482,2
27483,2
27484,2
27485,3
27486,2
27487,2
27488,2
27489,2
27490,2
27491,3
27492,3
27493,2
27494,2
27495,2
27496,2
27497,2
27498,2
27499,3
27500,3
27501,2
27502,2
27503,2
27504,2
27505,2
27506,2
27507,2
27508,2
27509,2
27510,2
27511,2
27512,3
27513,2
27514,2
27515,2
27516,2
27517,2
27518,2
27519,3
27520,2
27521,3
27522,3
27523,2
27524,3
27525,2
27526,2
27527,2
27528,2
27529,2
27530,2
27531,2
27532,2
27533,3
27534,2
27535,2
27536,0
27537,2
27538,2
27539,2
27540,2
27541,2
27542,3
27543,2
27544,2
27545,2
27546,3
27547,2
27548,2
27549,2
27550,2
27551,3
27552,2
27553,2
27554,2
27555,2
27556,2
27557,2
27558,2
27559,2
27560,2
27561,2
27562,2
27563,2
27564,3
27565,3
27566,2
27567,2
27568,3
27569,2
27570,2
27571,2
27572,2
27573,2
27574,2
27575,2
27576,2
27577,3
27578,3
27579,2
27580,0
27581,3
27582,3
27583,2
27584,2
27585,0
27586,3
27587,3
27588,2
27589,3
27590,2
27591,2
27592,2
27593,2
27594,2
27595,2
27596,3
27597,2
27598,3
27599,2
27600,3
27601,3
27602,3
27603,0
27604,0
27605,3
27606,3
27607,3
27608,3
27609,2
27610,2
27611,2
27612,2
27613,3
27614,2
27615,0
27616,0
27617,3
27618,3
27619,3
27620,3
27621,3
27622,3
27623,3
27624,3
27625,3
27626,3
27627,3
27628,3
27629,3
27630,3
27631,2
27632,3
27633,2
27634,2
27635,2
27636,2
27637,3
27638,2
27639,2
27640,2
27641,2
27642,3
27643,3
27644,2
27645,2
27646,3
27647,2
27648,0
27649,3
27650,3
27651,3
27652,3
27653,3
27654,3
27655,2
27656,2
27657,3
27658,2
27659,2
27660,2
27661,3
27662,4
27663,2
27664,0
27665,2
27666,2
27667,2
27668,2
27669,3
27670,2
27671,0
27672,2
27673,3
27674,2
27675,2
27676,2
27677,3
27678,3
27679,2
27680,2
27681,2
27682,3
27683,3
27684,2
27685,2
27686,3
27687,2
27688,2
27689,3
27690,0
27691,3
27692,2
27693,2
27694,3
27695,2
27696,2
27697,2
27698,2
27699,2
27700,0
27701,2
27702,2
27703,1
27704,2
27705,2
27706,2
27707,2
27708,2
27709,0
27710,2
27711,2
27712,2
27713,2
27714,0
27715,0
27716,2
27717,2
27718,2
27719,2
27720,0
27721,2
27722,2
27723,2
27724,2
27725,2
27726,2
27727,2
27728,2
27729,2
27730,2
27731,3
27732,2
27733,2
27734,2
27735,3
27736,3
27737,0
27738,0
27739,3
27740,2
27741,2
27742,2
27743,2
27744,3
27745,3
27746,3
27747,4
27748,3
27749,3
27750,3
27751,3
27752,3
27753,3
27754,3
27755,2
27756,3
27757,2
27758,3
27759,2
27760,2
27761,2
27762,2
27763,2
27764,3
27765,3
27766,3
27767,3
27768,3
27769,3
27770,2
27771,2
27772,2
27773,2
27774,2
27775,3
27776,2
27777,3
27778,2
27779,2
27780,2
27781,2
27782,0
27783,0
27784,3
27785,0
27786,3
27787,3
27788,2
27789,2
27790,2
27791,3
27792,2
27793,2
27794,2
27795,2
27796,2
27797,2
27798,2
27799,2
27800,3
27801,2
27802,3
27803,3
27804,3
27805,2
27806,3
27807,2
27808,3
27809,3
27810,2
27811,2
27812,3
27813,3
27814,3
27815,2
27816,2
27817,2
27818,2
27819,2
27820,2
27821,2
27822,2
27823,2
27824,2
27825,2
27826,2
27827,2
27828,2
27829,2
27830,2
27831,2
27832,2
27833,2
27834,2
27835,2
27836,2
27837,2
27838,2
27839,3
27840,2
27841,2
27842,2
27843,2
27844,2
27845,2
27846,2
27847,2
27848,2
27849,2
27850,2
27851,2
27852,3
27853,3
27854,3
27855,2
27856,2
27857,3
27858,3
27859,2
27860,2
27861,2
27862,3
27863,2
27864,3
27865,3
27866,3
27867,3
27868,3
27869,3
27870,3
27871,3
27872,2
27873,2
27874,2
27875,3
27876,2
27877,2
27878,2
27879,3
27880,3
27881,2
27882,3
27883,2
27884,2
27885,2
27886,2
27887,3
27888,2
27889,2
27890,3
27891,2
27892,2
27893,2
27894,2
27895,2
27896,2
27897,2
27898,3
27899,2
27900,2
27901,2
27902,2
27903,2
27904,2
27905,2
27906,2
27907,2
27908,2
27909,2
27910,2
27911,2
27912,3
27913,2
27914,2
27915,2
27916,3
27917,2
27918,2
27919,2
27920,3
27921,2
27922,2
27923,2
27924,2
27925,2
27926,2
27927,2
27928,2
27929,2
27930,3
27931,2
27932,2
27933,2
27934,2
27935,3
27936,2
27937,2
27938,2
27939,3
27940,2
27941,2
27942,2
27943,2
27944,2
27945,2
27946,3
27947,3
27948,2
27949,2
27950,2
27951,2
27952,2
27953,2
27954,2
27955,3
27956,2
27957,2
27958,2
27959,2
27960,2
27961,2
27962,2
27963,2
27964,2
27965,2
27966,2
27967,2
27968,2
27969,2
27970,2
27971,2
27972,2
27973,2
27974,0
27975,2
27976,2
27977,3
27978,2
27979,3
27980,2
27981,2
27982,2
27983,2
27984,2
27985,2
27986,2
27987,2
27988,2
27989,2
27990,2
27991,3
27992,2
27993,2
27994,2
27995,2
27996,2
27997,2
27998,2
27999,2
28000,2
28001,2
28002,2
28003,2
28004,2
28005,2
28006,2
28007,2
28008,2
28009,2
28010,2
28011,3
28012,2
28013,3
28014,3
28015,3
28016,3
28017,2
28018,3
28019,2
28020,2
28021,2
28022,2
28023,0
28024,2
28025,2
28026,2
28027,2
28028,2
28029,2
28030,2
28031,2
28032,2
28033,2
28034,2
28035,2
28036,2
28037,2
28038,3
28039,2
28040,2
28041,2
28042,2
28043,2
28044,2
28045,2
28046,2
28047,3
28048,2
28049,2
28050,2
28051,2
28052,2
28053,2
28054,2
28055,2
28056,2
28057,0
28058,2
28059,2
28060,2
28061,2
28062,3
28063,3
28064,3
28065,2
28066,2
28067,3
28068,2
28069,2
28070,2
28071,2
28072,2
28073,2
28074,3
28075,3
28076,2
28077,2
28078,0
28079,0
28080,3
28081,2
28082,2
28083,3
28084,2
28085,2
28086,2
28087,2
28088,2
28089,2
28090,2
28091,2
28092,3
28093,2
28094,2
28095,2
28096,2
28097,2
28098,2
28099,2
28100,2
28101,3
28102,2
28103,2
28104,2
28105,2
28106,3
28107,2
28108,3
28109,2
28110,2
28111,2
28112,3
28113,3
28114,3
28115,2
28116,3
28117,2
28118,3
28119,2
28120,3
28121,0
28122,2
28123,3
28124,3
28125,2
28126,2
28127,3
28128,3
28129,3
28130,2
28131,2
28132,3
28133,3
28134,3
28135,2
28136,2
28137,2
28138,3
28139,3
28140,2
28141,2
28142,3
28143,2
28144,3
28145,2
28146,2
28147,2
28148,2
28149,2
28150,2
28151,2
28152,2
28153,2
28154,2
28155,3
28156,2
28157,1
28158,2
28159,2
28160,3
28161,3
28162,0
28163,0
28164,2
28165,0
28166,2
28167,2
28168,0
28169,3
28170,3
28171,3
28172,2
28173,2
28174,2
28175,2
28176,3
28177,3
28178,2
28179,2
28180,1
28181,3
28182,3
28183,2
28184,3
28185,2
28186,2
28187,2
28188,2
28189,3
28190,0
28191,3
28192,2
28193,2
28194,3
28195,2
28196,2
28197,2
28198,2
28199,2
28200,2
28201,2
28202,3
28203,3
28204,0
28205,0
28206,2
28207,3
28208,2
28209,2
28210,2
28211,2
28212,2
28213,2
28214,2
28215,2
28216,0
28217,2
28218,3
28219,2
28220,2
28221,3
28222,2
28223,2
28224,2
28225,2
28226,3
28227,0
28228,0
28229,2
28230,2
28231,0
28232,3
28233,3
28234,2
28235,2
28236,3
28237,2
28238,2
28239,2
28240,0
28241,3
28242,2
28243,1
28244,2
28245,2
28246,2
28247,2
28248,2
28249,2
28250,3
28251,2
28252,2
28253,2
28254,2
28255,2
28256,2
28257,2
28258,3
28259,2
28260,3
28261,2
28262,0
28263,3
28264,2
28265,2
28266,3
28267,3
28268,2
28269,2
28270,2
28271,2
28272,3
28273,2
28274,2
28275,3
28276,3
28277,3
28278,2
28279,2
28280,2
28281,3
28282,2
28283,2
28284,2
28285,3
28286,3
28287,2
28288,2
28289,0
28290,3
28291,2
28292,2
28293,2
28294,2
28295,2
28296,3
28297,3
28298,2
28299,2
28300,2
28301,3
28302,2
28303,2
28304,2
28305,0
28306,2
28307,2
28308,2
28309,2
28310,2
28311,2
28312,2
28313,2
28314,2
28315,2
28316,2
28317,2
28318,2
28319,2
28320,3
28321,3
28322,2
28323,3
28324,2
28325,0
28326,2
28327,3
28328,3
28329,2
28330,2
28331,2
28332,2
28333,3
28334,3
28335,2
28336,2
28337,2
28338,2
28339,2
28340,2
28341,2
28342,2
28343,3
28344,3
28345,2
28346,2
28347,2
28348,2
28349,3
28350,3
28351,3
28352,3
28353,2
28354,2
28355,2
28356,2
28357,3
28358,2
28359,2
28360,2
28361,0
28362,3
28363,3
28364,2
28365,0
28366,0
28367,2
28368,3
28369,3
28370,3
28371,3
28372,2
28373,2
28374,2
28375,3
28376,2
28377,2
28378,0
28379,3
28380,2
28381,2
28382,2
28383,3
28384,2
28385,2
28386,2
28387,2
28388,2
28389,2
28390,2
28391,2
28392,2
28393,3
28394,2
28395,2
28396,2
28397,2
28398,2
28399,2
28400,2
28401,2
28402,2
28403,2
28404,3
28405,2
28406,2
28407,2
28408,2
28409,2
28410,2
28411,2
28412,2
28413,2
28414,2
28415,2
28416,3
28417,2
28418,2
28419,2
28420,2
28421,3
28422,2
28423,2
28424,3
28425,2
28426,2
28427,2
28428,2
28429,2
28430,3
28431,3
28432,2
28433,2
28434,3
28435,3
28436,3
28437,2
28438,2
28439,2
28440,3
28441,2
28442,3
28443,2
28444,2
28445,3
28446,2
28447,2
28448,2
28449,3
28450,2
28451,3
28452,3
28453,3
28454,2
28455,2
28456,2
28457,3
28458,3
28459,3
28460,3
28461,3
28462,3
28463,3
28464,2
28465,2
28466,3
28467,2
28468,3
28469,3
28470,2
28471,3
28472,2
28473,3
28474,3
28475,3
28476,3
28477,3
28478,2
28479,2
28480,2
28481,2
28482,2
28483,2
28484,2
28485,3
28486,2
28487,2
28488,3
28489,2
28490,3
28491,2
28492,3
28493,2
28494,2
28495,2
28496,3
28497,2
28498,2
28499,3
28500,2
28501,2
28502,2
28503,2
28504,2
28505,2
28506,2
28507,2
28508,2
28509,2
28510,2
28511,3
28512,2
28513,2
28514,2
28515,2
28516,2
28517,2
28518,0
28519,2
28520,2
28521,0
28522,2
28523,3
28524,2
28525,2
28526,0
28527,2
28528,3
28529,2
28530,2
28531,2
28532,2
28533,3
28534,2
28535,2
28536,2
28537,2
28538,2
28539,2
28540,3
28541,2
28542,2
28543,2
28544,3
28545,2
28546,3
28547,0
28548,3
28549,3
28550,2
28551,2
28552,3
28553,2
28554,2
28555,3
28556,2
28557,2
28558,3
28559,3
28560,3
28561,3
28562,3
28563,0
28564,2
28565,2
28566,2
28567,3
28568,2
28569,2
28570,2
28571,3
28572,3
28573,3
28574,3
28575,3
28576,3
28577,3
28578,2
28579,3
28580,2
28581,3
28582,2
28583,2
28584,2
28585,0
28586,2
28587,2
28588,3
28589,2
28590,3
28591,3
28592,3
28593,2
28594,3
28595,3
28596,3
28597,3
28598,3
28599,2
28600,0
28601,2
28602,2
28603,2
28604,2
28605,2
28606,2
28607,2
28608,2
28609,2
28610,2
28611,2
28612,2
28613,2
28614,2
28615,2
28616,2
28617,2
28618,3
28619,2
28620,2
28621,2
28622,2
28623,2
28624,2
28625,2
28626,2
28627,2
28628,2
28629,2
28630,2
28631,3
28632,2
28633,2
28634,2
28635,2
28636,2
28637,3
28638,3
28639,3
28640,0
28641,2
28642,3
28643,3
28644,2
28645,2
28646,2
28647,3
28648,2
28649,2
28650,2
28651,2
28652,2
28653,3
28654,2
28655,2
28656,3
28657,2
28658,2
28659,2
28660,2
28661,2
28662,3
28663,2
28664,2
28665,2
28666,3
28667,2
28668,2
28669,3
28670,3
28671,3
28672,3
28673,3
28674,2
28675,2
28676,2
28677,2
28678,2
28679,3
28680,2
28681,2
28682,2
28683,3
28684,3
28685,2
28686,2
28687,2
28688,2
28689,2
28690,2
28691,2
28692,2
28693,2
28694,2
28695,2
28696,3
28697,2
28698,3
28699,2
28700,2
28701,2
28702,2
28703,3
28704,2
28705,0
28706,0
28707,3
28708,2
28709,2
28710,2
28711,2
28712,2
28713,3
28714,2
28715,2
28716,2
28717,3
28718,3
28719,2
28720,2
28721,2
28722,2
28723,0
28724,3
28725,3
28726,2
28727,3
28728,3
28729,3
28730,3
28731,2
28732,2
28733,2
28734,2
28735,3
28736,2
28737,2
28738,2
28739,2
28740,2
28741,2
28742,3
28743,2
28744,3
28745,2
28746,3
28747,2
28748,2
28749,0
28750,3
28751,2
28752,2
28753,2
28754,3
28755,2
28756,2
28757,2
28758,2
28759,2
28760,2
28761,2
28762,2
28763,3
28764,2
28765,3
28766,0
28767,2
28768,3
28769,3
28770,3
28771,2
28772,2
28773,2
28774,2
28775,2
28776,2
28777,2
28778,2
28779,2
28780,3
28781,2
28782,2
28783,2
28784,2
28785,2
28786,2
28787,3
28788,2
28789,2
28790,2
28791,2
28792,2
28793,2
28794,2
28795,3
28796,2
28797,2
28798,2
28799,2
28800,2
28801,2
28802,2
28803,2
28804,3
28805,2
28806,2
28807,2
28808,2
28809,2
28810,2
28811,2
28812,3
28813,2
28814,2
28815,2
28816,2
28817,3
28818,2
28819,2
28820,2
28821,2
28822,2
28823,2
28824,3
28825,3
28826,2
28827,2
28828,2
28829,2
28830,3
28831,2
28832,2
28833,3
28834,3
28835,2
28836,3
28837,3
28838,3
28839,2
28840,2
28841,2
28842,0
28843,2
28844,2
28845,2
28846,2
28847,2
28848,2
28849,2
28850,2
28851,3
28852,3
28853,3
28854,3
28855,2
28856,2
28857,3
28858,3
28859,0
28860,2
28861,3
28862,2
28863,3
28864,2
28865,2
28866,0
28867,2
28868,3
28869,2
28870,2
28871,2
28872,2
28873,2
28874,2
28875,2
28876,2
28877,2
28878,3
28879,3
28880,3
28881,2
28882,2
28883,2
28884,2
28885,0
28886,2
28887,3
28888,2
28889,3
28890,2
28891,2
28892,3
28893,0
28894,2
28895,2
28896,3
28897,2
28898,2
28899,3
28900,3
28901,3
28902,3
28903,3
28904,3
28905,2
28906,3
28907,2
28908,0
28909,3
28910,3
28911,2
28912,2
28913,2
28914,2
28915,0
28916,2
28917,2
28918,2
28919,2
28920,2
28921,2
28922,2
28923,2
28924,2
28925,2
28926,3
28927,2
28928,2
28929,2
28930,2
28931,3
28932,3
28933,2
28934,3
28935,3
28936,3
28937,4
28938,3
28939,3
28940,2
28941,2
28942,2
28943,2
28944,3
28945,2
28946,3
28947,2
28948,3
28949,3
28950,3
28951,3
28952,3
28953,3
28954,2
28955,2
28956,2
28957,3
28958,3
28959,2
28960,2
28961,2
28962,2
28963,3
28964,2
28965,3
28966,2
28967,2
28968,3
28969,2
28970,3
28971,3
28972,2
28973,2
28974,2
28975,2
28976,2
28977,2
28978,3
28979,2
28980,2
28981,2
28982,2
28983,2
28984,2
28985,2
28986,3
28987,2
28988,3
28989,3
28990,2
28991,3
28992,3
28993,3
28994,2
28995,3
28996,3
28997,2
28998,2
28999,3
29000,3
29001,3
29002,3
29003,2
29004,2
29005,3
29006,2
29007,2
29008,3
29009,3
29010,2
29011,2
29012,2
29013,2
29014,2
29015,2
29016,0
29017,3
29018,2
29019,2
29020,3
29021,3
29022,2
29023,0
29024,0
29025,3
29026,2
29027,3
29028,2
29029,3
29030,3
29031,3
29032,3
29033,2
29034,2
29035,3
29036,3
29037,2
29038,3
29039,3
29040,2
29041,2
29042,3
29043,2
29044,2
29045,2
29046,3
29047,2
29048,3
29049,2
29050,2
29051,2
29052,3
29053,3
29054,3
29055,2
29056,2
29057,3
29058,3
29059,2
29060,2
29061,2
29062,2
29063,3
29064,3
29065,2
29066,2
29067,3
29068,3
29069,3
29070,3
29071,2
29072,2
29073,3
29074,2
29075,0
29076,2
29077,3
29078,2
29079,3
29080,2
29081,0
29082,2
29083,2
29084,3
29085,2
29086,3
29087,3
29088,2
29089,3
29090,3
29091,3
29092,2
29093,3
29094,3
29095,3
29096,2
29097,3
29098,3
29099,3
29100,3
29101,2
29102,3
29103,2
29104,3
29105,3
29106,2
29107,2
29108,2
29109,2
29110,3
29111,3
29112,3
29113,3
29114,3
29115,3
29116,3
29117,3
29118,3
29119,3
29120,3
29121,3
29122,3
29123,3
29124,3
29125,3
29126,2
29127,3
29128,3
29129,3
29130,3
29131,3
29132,3
29133,2
29134,4
29135,3
29136,3
29137,3
29138,3
29139,2
29140,3
29141,2
29142,3
29143,0
29144,3
29145,3
29146,2
29147,2
29148,2
29149,3
29150,2
29151,3
29152,3
29153,2
29154,2
29155,2
29156,3
29157,3
29158,2
29159,2
29160,2
29161,2
29162,2
29163,2
29164,2
29165,3
29166,3
29167,3
29168,3
29169,2
29170,2
29171,2
29172,3
29173,2
29174,2
29175,2
29176,2
29177,2
29178,2
29179,3
29180,2
29181,2
29182,3
29183,2
29184,2
29185,2
29186,2
29187,3
29188,2
29189,3
29190,3
29191,3
29192,3
29193,3
29194,3
29195,3
29196,3
29197,2
29198,2
29199,2
29200,2
29201,2
29202,2
29203,2
29204,2
29205,2
29206,2
29207,2
29208,3
29209,3
29210,2
29211,2
29212,2
29213,2
29214,3
29215,3
29216,3
29217,3
29218,2
29219,2
29220,2
29221,2
29222,3
29223,2
29224,2
29225,2
29226,2
29227,3
29228,3
29229,3
29230,3
29231,2
29232,3
29233,2
29234,2
29235,2
29236,3
29237,3
29238,2
29239,1
29240,3
29241,1
29242,1
29243,1
29244,1
29245,1
29246,1
29247,2
29248,2
29249,2
29250,2
29251,2
29252,3
29253,2
29254,3
29255,2
29256,3
29257,3
29258,2
29259,3
29260,3
29261,3
29262,2
29263,2
29264,2
29265,3
29266,3
29267,3
29268,3
29269,2
29270,3
29271,3
29272,2
29273,0
29274,3
29275,3
29276,3
29277,2
29278,2
29279,2
29280,2
29281,3
29282,3
29283,2
29284,3
29285,2
29286,2
29287,3
29288,3
29289,2
29290,3
29291,0
29292,3
29293,3
29294,2
29295,2
29296,3
29297,2
29298,3
29299,2
29300,3
29301,3
29302,2
29303,2
29304,3
29305,2
29306,2
29307,2
29308,2
29309,2
29310,0
29311,2
29312,2
29313,2
29314,0
29315,2
29316,2
29317,0
29318,2
29319,3
29320,2
29321,3
29322,3
29323,3
29324,3
29325,2
29326,2
29327,2
29328,2
29329,2
29330,2
29331,3
29332,3
29333,2
29334,3
29335,2
29336,3
29337,2
29338,2
29339,3
29340,3
29341,3
29342,3
29343,3
29344,2
29345,3
29346,2
29347,3
29348,3
29349,3
29350,3
29351,3
29352,3
29353,3
29354,3
29355,2
29356,2
29357,2
29358,3
29359,2
29360,3
29361,3
29362,2
29363,2
29364,3
29365,0
29366,3
29367,3
29368,3
29369,2
29370,3
29371,2
29372,2
29373,3
29374,3
29375,2
29376,2
29377,2
29378,2
29379,2
29380,2
29381,2
29382,3
29383,2
29384,3
29385,3
29386,3
29387,3
29388,2
29389,3
29390,2
29391,3
29392,3
29393,2
29394,3
29395,3
29396,3
29397,3
29398,2
29399,3
29400,2
29401,2
29402,2
29403,2
29404,3
29405,2
29406,2
29407,3
29408,2
29409,2
29410,2
29411,3
29412,3
29413,2
29414,3
29415,2
29416,2
29417,2
29418,3
29419,2
29420,0
29421,3
29422,2
29423,3
29424,2
29425,2
29426,2
29427,2
29428,2
29429,2
29430,3
29431,2
29432,3
29433,2
29434,3
29435,3
29436,3
29437,3
29438,2
29439,3
29440,3
29441,3
29442,3
29443,3
29444,3
29445,3
29446,3
29447,3
29448,3
29449,3
29450,1
29451,1
29452,1
29453,1
29454,1
29455,3
29456,3
29457,3
29458,3
29459,3
29460,3
29461,2
29462,2
29463,3
29464,2
29465,2
29466,2
29467,3
29468,2
29469,3
29470,3
29471,0
29472,1
29473,0
29474,2
29475,2
29476,2
29477,3
29478,3
29479,3
29480,3
29481,2
29482,3
29483,3
29484,2
29485,3
29486,2
29487,3
29488,2
29489,2
29490,2
29491,1
29492,1
29493,3
29494,2
29495,1
29496,2
29497,3
29498,3
29499,0
29500,2
29501,2
29502,2
29503,3
29504,2
29505,2
29506,3
29507,2
29508,2
29509,3
29510,2
29511,2
29512,3
29513,2
29514,2
29515,2
29516,2
29517,2
29518,2
29519,2
29520,3
29521,2
29522,2
29523,2
29524,2
29525,2
29526,2
29527,2
29528,3
29529,2
29530,2
29531,2
29532,2
29533,3
29534,3
29535,2
29536,2
29537,3
29538,2
29539,3
29540,3
29541,2
29542,2
29543,2
29544,2
29545,2
29546,2
29547,1
29548,3
29549,2
29550,2
29551,2
29552,2
29553,2
29554,3
29555,2
29556,3
29557,3
29558,2
29559,2
29560,2
29561,2
29562,2
29563,2
29564,3
29565,2
29566,2
29567,2
29568,2
29569,3
29570,2
29571,2
29572,2
29573,2
29574,3
29575,2
29576,3
29577,3
29578,3
29579,3
29580,2
29581,3
29582,0
29583,3
29584,3
29585,0
29586,3
29587,3
29588,2
29589,2
29590,3
29591,3
29592,0
29593,3
29594,3
29595,2
29596,3
29597,2
29598,3
29599,2
29600,0
29601,2
29602,3
29603,3
29604,2
29605,3
29606,2
29607,2
29608,3
29609,2
29610,3
29611,2
29612,2
29613,2
29614,3
29615,2
29616,2
29617,3
29618,2
29619,2
29620,3
29621,3
29622,3
29623,3
29624,2
29625,2
29626,2
29627,2
29628,3
29629,2
29630,3
29631,2
29632,2
29633,3
29634,2
29635,2
29636,2
29637,2
29638,2
29639,2
29640,2
29641,0
29642,2
29643,2
29644,3
29645,3
29646,3
29647,2
29648,3
29649,3
29650,3
29651,3
29652,3
29653,2
29654,2
29655,2
29656,3
29657,3
29658,3
29659,2
29660,2
29661,3
29662,3
29663,3
29664,2
29665,3
29666,3
29667,2
29668,2
29669,3
29670,3
29671,2
29672,3
29673,3
29674,3
29675,2
29676,2
29677,3
29678,1
29679,1
29680,1
29681,1
29682,1
29683,2
29684,3
29685,2
29686,2
29687,0
29688,2
29689,2
29690,2
29691,3
29692,3
29693,2
29694,0
29695,3
29696,2
29697,3
29698,3
29699,2
29700,3
29701,3
29702,3
29703,2
29704,2
29705,2
29706,2
29707,2
29708,2
29709,3
29710,3
29711,3
29712,3
29713,2
29714,2
29715,3
29716,2
29717,2
29718,2
29719,3
29720,3
29721,2
29722,2
29723,2
29724,2
29725,3
29726,2
29727,2
29728,3
29729,2
29730,0
29731,0
29732,0
29733,0
29734,0
29735,2
29736,2
29737,3
29738,2
29739,2
29740,1
29741,3
29742,3
29743,3
29744,3
29745,3
29746,2
29747,3
29748,3
29749,4
29750,3
29751,2
29752,2
29753,2
29754,2
29755,3
29756,3
29757,3
29758,3
29759,2
29760,2
29761,3
29762,2
29763,2
29764,3
29765,3
29766,2
29767,2
29768,2
29769,2
29770,2
29771,2
29772,2
29773,2
29774,2
29775,3
29776,2
29777,2
29778,3
29779,2
29780,2
29781,2
29782,3
29783,3
29784,2
29785,2
29786,2
29787,2
29788,2
29789,2
29790,3
29791,2
29792,2
29793,2
29794,2
29795,2
29796,3
29797,3
29798,3
29799,3
29800,3
29801,3
29802,3
29803,0
29804,3
29805,2
29806,2
29807,2
29808,3
29809,3
29810,2
29811,3
29812,2
29813,2
29814,2
29815,2
29816,2
29817,3
29818,2
29819,3
29820,2
29821,2
29822,2
29823,2
29824,3
29825,2
29826,3
29827,3
29828,3
29829,2
29830,3
29831,3
29832,3
29833,2
29834,3
29835,3
29836,2
29837,2
29838,3
29839,2
29840,3
29841,2
29842,2
29843,2
29844,3
29845,2
29846,1
29847,3
29848,2
29849,1
29850,3
29851,3
29852,2
29853,2
29854,3
29855,3
29856,3
29857,2
29858,3
29859,3
29860,2
29861,2
29862,3
29863,2
29864,2
29865,2
29866,2
29867,3
29868,2
29869,3
29870,2
29871,0
29872,2
29873,2
29874,2
29875,3
29876,3
29877,2
29878,2
29879,2
29880,3
29881,2
29882,2
29883,2
29884,2
29885,2
29886,2
29887,2
29888,2
29889,3
29890,2
29891,2
29892,2
29893,3
29894,2
29895,3
29896,2
29897,3
29898,2
29899,2
29900,3
29901,3
29902,2
29903,3
29904,3
29905,3
29906,2
29907,2
29908,2
29909,3
29910,2
29911,3
29912,2
29913,3
29914,3
29915,3
29916,2
29917,3
29918,3
29919,3
29920,3
29921,3
29922,2
29923,3
29924,3
29925,3
29926,2
29927,2
29928,2
29929,0
29930,0
29931,3
29932,2
29933,3
29934,3
29935,0
29936,3
29937,3
29938,2
29939,2
29940,3
29941,2
29942,2
29943,2
29944,2
29945,2
29946,2
29947,2
29948,2
29949,3
29950,2
29951,3
29952,2
29953,3
29954,2
29955,2
29956,3
29957,2
29958,2
29959,2
29960,2
29961,2
29962,2
29963,3
29964,3
29965,2
29966,3
29967,3
29968,2
29969,3
29970,2
29971,3
29972,3
29973,3
29974,3
29975,2
29976,3
29977,3
29978,2
29979,2
29980,0
29981,3
29982,2
29983,2
29984,3
29985,3
29986,3
29987,3
29988,2
29989,2
29990,3
29991,2
29992,2
29993,3
29994,2
29995,2
29996,2
29997,2
29998,2
29999,2
30000,2
30001,2
30002,3
30003,3
30004,2
30005,2
30006,2
30007,3
30008,2
30009,2
30010,3
30011,2
30012,2
30013,2
30014,2
30015,2
30016,2
30017,3
30018,3
30019,3
30020,0
30021,3
30022,0
30023,3
30024,2
30025,3
30026,2
30027,3
30028,2
30029,3
30030,2
30031,2
30032,3
30033,2
30034,3
30035,2
30036,3
30037,3
30038,3
30039,3
30040,3
30041,2
30042,2
30043,2
30044,0
30045,0
30046,2
30047,2
30048,0
30049,2
30050,3
30051,2
30052,2
30053,3
30054,2
30055,2
30056,2
30057,2
30058,2
30059,2
30060,2
30061,3
30062,3
30063,3
30064,3
30065,3
30066,3
30067,3
30068,2
30069,3
30070,3
30071,2
30072,2
30073,3
30074,3
30075,2
30076,2
30077,2
30078,3
30079,3
30080,2
30081,2
30082,2
30083,3
30084,2
30085,3
30086,2
30087,3
30088,2
30089,2
30090,2
30091,3
30092,3
30093,2
30094,3
30095,3
30096,2
30097,3
30098,2
30099,2
30100,3
30101,2
30102,2
30103,3
30104,3
30105,3
30106,2
30107,0
30108,3
30109,2
30110,3
30111,2
30112,2
30113,3
30114,2
30115,2
30116,3
30117,3
30118,2
30119,3
30120,3
30121,3
30122,2
30123,3
30124,2
30125,2
30126,2
30127,2
30128,2
30129,2
30130,2
30131,2
30132,3
30133,2
30134,3
30135,2
30136,3
30137,3
30138,2
30139,2
30140,2
30141,0
30142,2
30143,3
30144,2
30145,2
30146,3
30147,2
30148,3
30149,3
30150,3
30151,2
30152,3
30153,3
30154,2
30155,3
30156,3
30157,2
30158,3
30159,2
30160,2
30161,2
30162,2
30163,2
30164,0
30165,3
30166,3
30167,3
30168,2
30169,2
30170,2
30171,2
30172,3
30173,0
30174,3
30175,0
30176,4
30177,3
30178,2
30179,0
30180,3
30181,3
30182,3
30183,3
30184,3
30185,3
30186,3
30187,3
30188,3
30189,0
30190,2
30191,2
30192,3
30193,0
30194,2
30195,0
30196,3
30197,3
30198,3
30199,2
30200,3
30201,3
30202,2
30203,3
30204,2
30205,3
30206,2
30207,3
30208,2
30209,2
30210,3
30211,2
30212,3
30213,2
30214,2
30215,3
30216,2
30217,2
30218,2
30219,2
30220,3
30221,3
30222,2
30223,2
30224,3
30225,3
30226,2
30227,3
30228,2
30229,0
30230,2
30231,2
30232,2
30233,2
30234,2
30235,2
30236,3
30237,2
30238,2
30239,3
30240,3
30241,3
30242,3
30243,3
30244,2
30245,3
30246,3
30247,3
30248,3
30249,2
30250,2
30251,2
30252,2
30253,3
30254,3
30255,3
30256,2
30257,2
30258,3
30259,0
30260,0
30261,2
30262,2
30263,0
30264,3
30265,3
30266,2
30267,3
30268,2
30269,2
30270,3
30271,2
30272,2
30273,2
30274,3
30275,2
30276,2
30277,3
30278,2
30279,2
30280,3
30281,3
30282,0
30283,2
30284,2
30285,2
30286,3
30287,3
30288,3
30289,2
30290,3
30291,3
30292,3
30293,3
30294,3
30295,3
30296,3
30297,3
30298,3
30299,3
30300,3
30301,3
30302,1
30303,2
30304,3
30305,3
30306,3
30307,3
30308,2
30309,3
30310,2
30311,3
30312,2
30313,3
30314,3
30315,0
30316,3
30317,3
30318,2
30319,3
30320,3
30321,3
30322,3
30323,1
30324,3
30325,2
30326,2
30327,2
30328,3
30329,2
30330,3
30331,2
30332,2
30333,2
30334,2
30335,2
30336,2
30337,2
30338,2
30339,2
30340,2
30341,2
30342,2
30343,0
30344,2
30345,2
30346,2
30347,2
30348,2
30349,2
30350,2
30351,2
30352,2
30353,3
30354,2
30355,2
30356,2
30357,3
30358,3
30359,2
30360,2
30361,2
30362,2
30363,2
30364,3
30365,2
30366,2
30367,3
30368,3
30369,3
30370,2
30371,3
30372,3
30373,2
30374,2
30375,3
30376,3
30377,3
30378,2
30379,3
30380,3
30381,3
30382,3
30383,2
30384,0
30385,2
30386,2
30387,2
30388,3
30389,0
30390,3
30391,3
30392,3
30393,3
30394,3
30395,3
30396,3
30397,3
30398,3
30399,3
30400,3
30401,3
30402,3
30403,3
30404,3
30405,3
30406,3
30407,3
30408,3
30409,3
30410,3
30411,3
30412,3
30413,3
30414,3
30415,3
30416,3
30417,3
30418,3
30419,3
30420,3
30421,3
30422,3
30423,3
30424,3
30425,3
30426,3
30427,2
30428,3
30429,3
30430,3
30431,3
30432,3
30433,3
30434,3
30435,3
30436,3
30437,3
30438,3
30439,3
30440,3
30441,3
30442,3
30443,3
30444,2
30445,3
30446,3
30447,2
30448,3
30449,2
30450,3
30451,3
30452,3
30453,3
30454,3
30455,3
30456,3
30457,3
30458,1
30459,3
30460,3
30461,3
30462,3
30463,3
30464,3
30465,3
30466,3
30467,2
30468,3
30469,3
30470,3
30471,2
30472,3
30473,3
30474,2
30475,3
30476,3
30477,3
30478,3
30479,3
30480,3
30481,3
30482,3
30483,3
30484,3
30485,3
30486,3
30487,3
30488,3
30489,3
30490,3
30491,3
30492,3
30493,3
30494,3
30495,3
30496,3
30497,3
30498,3
30499,3
30500,3
30501,3
30502,3
30503,3
30504,3
30505,2
30506,3
30507,3
30508,3
30509,3
30510,3
30511,3
30512,3
30513,2
30514,2
30515,3
30516,3
30517,3
30518,3
30519,3
30520,3
30521,3
30522,3
30523,3
30524,3
30525,3
30526,3
30527,3
30528,3
30529,3
30530,3
30531,3
30532,2
30533,3
30534,3
30535,3
30536,3
30537,3
30538,3
30539,3
30540,3
30541,3
30542,3
30543,3
30544,3
30545,3
30546,3
30547,3
30548,3
30549,3
30550,3
30551,3
30552,3
30553,2
30554,3
30555,3
30556,3
30557,3
30558,3
30559,3
30560,3
30561,2
30562,3
30563,2
30564,3
30565,3
30566,3
30567,2
30568,3
30569,2
30570,3
30571,3
30572,3
30573,3
30574,3
30575,3
30576,3
30577,3
30578,3
30579,3
30580,3
30581,3
30582,3
30583,3
30584,2
30585,3
30586,2
30587,3
30588,3
30589,3
30590,3
30591,2
30592,2
30593,2
30594,2
30595,2
30596,2
30597,3
30598,3
30599,2
30600,2
30601,2
30602,3
30603,0
30604,3
30605,3
30606,2
30607,3
30608,2
30609,2
30610,2
30611,3
30612,3
30613,3
30614,3
30615,3
30616,3
30617,3
30618,3
30619,3
30620,3
30621,2
30622,3
30623,3
30624,3
30625,3
30626,3
30627,3
30628,3
30629,3
30630,3
30631,3
30632,3
30633,3
30634,3
30635,3
30636,3
30637,3
30638,3
30639,3
30640,2
30641,3
30642,3
30643,3
30644,3
30645,3
30646,3
30647,2
30648,3
30649,3
30650,3
30651,3
30652,3
30653,3
30654,3
30655,3
30656,3
30657,3
30658,3
30659,3
30660,3
30661,3
30662,3
30663,3
30664,3
30665,3
30666,3
30667,3
30668,3
30669,3
30670,3
30671,3
30672,1
30673,3
30674,3
30675,3
30676,3
30677,3
30678,3
30679,3
30680,3
30681,3
30682,3
30683,2
30684,3
30685,3
30686,3
30687,3
30688,3
30689,3
30690,3
30691,1
30692,3
30693,3
30694,3
30695,3
30696,3
30697,2
30698,3
30699,3
30700,3
30701,3
30702,3
30703,3
30704,3
30705,3
30706,3
30707,3
30708,3
30709,3
30710,3
30711,3
30712,3
30713,3
30714,3
30715,3
30716,3
30717,3
30718,3
30719,1
30720,1
30721,1
30722,1
30723,1
30724,1
30725,1
30726,1
30727,1
30728,1
30729,1
30730,1
30731,1
30732,1
30733,1
30734,1
30735,1
30736,1
30737,1
30738,1
30739,1
30740,1
30741,1
30742,1
30743,1
30744,1
30745,1
30746,1
30747,1
30748,1
30749,1
30750,1
30751,1
30752,1
30753,1
30754,1
30755,1
30756,1
30757,1
30758,1
30759,1
30760,1
30761,1
30762,1
30763,1
30764,1
30765,1
30766,1
30767,1
30768,1
30769,1
30770,1
30771,1
30772,3
30773,3
30774,3
30775,3
30776,2
30777,3
30778,3
30779,3
30780,3
30781,3
30782,3
30783,3
30784,3
30785,3
30786,3
30787,3
30788,3
30789,3
30790,3
30791,3
30792,3
30793,3
30794,3
30795,3
30796,3
30797,3
30798,3
30799,3
30800,3
30801,3
30802,3
30803,3
30804,3
30805,3
30806,3
30807,3
30808,3
30809,3
30810,3
30811,3
30812,3
30813,3
30814,3
30815,3
30816,0
30817,0
30818,2
30819,3
30820,0
30821,3
30822,0
30823,2
30824,3
30825,2
30826,2
30827,0
30828,0
30829,0
30830,3
30831,2
30832,0
30833,0
30834,1
30835,0
30836,0
30837,0
30838,0
30839,0
30840,0
30841,0
30842,0
30843,0
30844,0
30845,0
30846,0
30847,0
30848,0
30849,0
30850,0
30851,0
30852,0
30853,0
30854,2
30855,0
30856,0
30857,0
30858,0
30859,0
30860,0
30861,0
30862,0
30863,3
30864,3
30865,3
30866,3
30867,3
30868,3
30869,3
30870,3
30871,3
30872,3
30873,3
30874,3
30875,3
30876,3
30877,3
30878,3
30879,3
30880,3
30881,3
30882,3
30883,3
30884,3
30885,3
30886,3
30887,3
30888,3
30889,3
30890,3
30891,3
30892,3
30893,3
30894,2
30895,3
30896,3
30897,3
30898,3
30899,3
30900,3
30901,3
30902,2
30903,3
30904,3
30905,3
30906,3
30907,3
30908,3
30909,3
30910,2
30911,3
30912,2
30913,3
30914,3
30915,3
30916,3
30917,3
30918,3
30919,3
30920,3
30921,3
30922,3
30923,3
30924,3
30925,3
30926,2
30927,3
30928,3
30929,3
30930,3
30931,3
30932,3
30933,3
30934,3
30935,3
30936,3
30937,3
30938,3
30939,3
30940,3
30941,3
30942,3
30943,3
30944,3
30945,3
30946,2
30947,3
30948,3
30949,3
30950,3
30951,3
30952,3
30953,3
30954,3
30955,3
30956,3
30957,3
30958,3
30959,3
30960,3
30961,3
30962,3
30963,3
30964,3
30965,3
30966,3
30967,3
30968,3
30969,3
30970,3
30971,2
30972,3
30973,3
30974,3
30975,3
30976,0
30977,3
30978,3
30979,3
30980,3
30981,3
30982,3
30983,3
30984,2
30985,3
30986,0
30987,3
30988,3
30989,3
30990,0
30991,0
30992,3
30993,2
30994,3
30995,3
30996,3
30997,4
30998,3
30999,3
31000,0
31001,3
31002,0
31003,0
31004,3
31005,3
31006,3
31007,3
31008,3
31009,3
31010,2
31011,3
31012,2
31013,3
31014,3
31015,3
31016,3
31017,2
31018,3
31019,3
31020,3
31021,0
31022,3
31023,3
31024,0
31025,3
31026,0
31027,0
31028,3
31029,3
31030,0
31031,3
31032,2
31033,3
31034,3
31035,3
31036,3
31037,3
31038,2
31039,3
31040,3
31041,3
31042,3
31043,3
31044,2
31045,3
31046,3
31047,3
31048,3
31049,3
31050,2
31051,3
31052,3
31053,3
31054,3
31055,0
31056,1
31057,0
31058,3
31059,3
31060,3
31061,3
31062,0
31063,3
31064,3
31065,3
31066,3
31067,3
31068,3
31069,3
31070,3
31071,2
31072,3
31073,3
31074,3
31075,3
31076,3
31077,3
31078,3
31079,3
31080,3
31081,3
31082,3
31083,3
31084,3
31085,3
31086,3
31087,3
31088,3
31089,3
31090,3
31091,3
31092,3
31093,3
31094,2
31095,3
31096,2
31097,3
31098,2
31099,2
31100,0
31101,3
31102,2
31103,3
31104,2
31105,3
31106,3
31107,2
31108,2
31109,3
31110,2
31111,2
31112,3
31113,3
31114,2
31115,3
31116,3
31117,2
31118,2
31119,3
31120,2
31121,2
31122,2
31123,2
31124,2
31125,2
31126,2
31127,2
31128,2
31129,2
31130,2
31131,3
31132,3
31133,2
31134,3
31135,3
31136,0
31137,0
31138,1
31139,0
31140,0
31141,0
31142,0
31143,0
31144,0
31145,0
31146,2
31147,2
31148,0
31149,0
31150,0
31151,2
31152,0
31153,0
31154,0
31155,0
31156,0
31157,0
31158,0
31159,3
31160,0
31161,0
31162,0
31163,0
31164,0
31165,0
31166,0
31167,0
31168,0
31169,0
31170,0
31171,0
31172,0
31173,0
31174,0
31175,0
31176,0
31177,0
31178,0
31179,3
31180,0
31181,3
31182,0
31183,0
31184,3
31185,3
31186,3
31187,3
31188,3
31189,3
31190,3
31191,3
31192,3
31193,3
31194,3
31195,3
31196,3
31197,3
31198,3
31199,2
31200,3
31201,2
31202,3
31203,3
31204,3
31205,3
31206,2
31207,3
31208,3
31209,3
31210,3
31211,3
31212,1
31213,1
31214,1
31215,1
31216,1
31217,1
31218,0
31219,3
31220,0
31221,0
31222,0
31223,0
31224,0
31225,2
31226,0
31227,0
31228,3
31229,0
31230,0
31231,3
31232,3
31233,3
31234,2
31235,3
31236,3
31237,3
31238,0
31239,2
31240,2
31241,0
31242,2
31243,3
31244,3
31245,3
31246,3
31247,3
31248,3
31249,3
31250,3
31251,0
31252,2
31253,0
31254,0
31255,0
31256,0
31257,0
31258,3
31259,0
31260,0
31261,0
31262,3
31263,0
31264,0
31265,2
31266,3
31267,2
31268,3
31269,2
31270,3
31271,3
31272,2
31273,3
31274,2
31275,3
31276,2
31277,3
31278,3
31279,2
31280,3
31281,2
31282,2
31283,2
31284,2
31285,2
31286,2
31287,2
31288,0
31289,3
31290,2
31291,2
31292,2
31293,2
31294,2
31295,2
31296,2
31297,2
31298,2
31299,2
31300,2
31301,2
31302,3
31303,3
31304,3
31305,3
31306,2
31307,2
31308,2
31309,2
31310,2
31311,2
31312,2
31313,2
31314,2
31315,1
31316,1
31317,1
31318,2
31319,2
31320,2
31321,2
31322,3
31323,2
31324,0
31325,2
31326,2
31327,2
31328,2
31329,2
31330,2
31331,2
31332,2
31333,2
31334,2
31335,2
31336,2
31337,2
31338,2
31339,2
31340,3
31341,2
31342,3
31343,2
31344,2
31345,2
31346,2
31347,2
31348,2
31349,2
31350,2
31351,0
31352,3
31353,2
31354,2
31355,0
31356,0
31357,3
31358,3
31359,2
31360,2
31361,2
31362,3
31363,2
31364,2
31365,2
31366,2
31367,2
31368,2
31369,2
31370,2
31371,2
31372,2
31373,3
31374,2
31375,2
31376,3
31377,2
31378,2
31379,3
31380,3
31381,2
31382,2
31383,2
31384,2
31385,2
31386,2
31387,2
31388,3
31389,2
31390,2
31391,2
31392,2
31393,2
31394,3
31395,2
31396,3
31397,2
31398,3
31399,2
31400,2
31401,2
31402,2
31403,2
31404,3
31405,2
31406,2
31407,2
31408,2
31409,2
31410,2
31411,2
31412,2
31413,2
31414,2
31415,2
31416,2
31417,2
31418,2
31419,2
31420,2
31421,2
31422,2
31423,2
31424,3
31425,2
31426,2
31427,2
31428,2
31429,2
31430,2
31431,2
31432,2
31433,2
31434,2
31435,2
31436,2
31437,2
31438,2
31439,2
31440,2
31441,2
31442,2
31443,3
31444,2
31445,2
31446,3
31447,2
31448,2
31449,2
31450,2
31451,2
31452,2
31453,2
31454,1
31455,3
31456,2
31457,1
31458,1
31459,1
31460,1
31461,1
31462,1
31463,1
31464,1
31465,3
31466,3
31467,2
31468,2
31469,3
31470,3
31471,3
31472,2
31473,2
31474,2
31475,2
31476,2
31477,3
31478,2
31479,2
31480,2
31481,3
31482,2
31483,2
31484,3
31485,1
31486,1
31487,1
31488,3
31489,2
31490,3
31491,3
31492,3
31493,2
31494,1
31495,1
31496,1
31497,1
31498,1
31499,1
31500,3
31501,2
31502,2
31503,2
31504,2
31505,3
31506,3
31507,3
31508,3
31509,3
31510,2
31511,2
31512,2
31513,2
31514,2
31515,2
31516,2
31517,2
31518,2
31519,2
31520,2
31521,2
31522,2
31523,3
31524,3
31525,2
31526,2
31527,2
31528,2
31529,2
31530,2
31531,3
31532,2
31533,2
31534,2
31535,2
31536,2
31537,2
31538,1
31539,1
31540,1
31541,1
31542,1
31543,1
31544,2
31545,2
31546,2
31547,2
31548,2
31549,2
31550,2
31551,2
31552,0
31553,2
31554,2
31555,3
31556,2
31557,2
31558,2
31559,2
31560,2
31561,2
31562,3
31563,3
31564,3
31565,2
31566,3
31567,3
31568,3
31569,2
31570,3
31571,2
31572,2
31573,3
31574,2
31575,0
31576,0
31577,2
31578,2
31579,2
31580,2
31581,3
31582,3
31583,3
31584,3
31585,3
31586,3
31587,2
31588,3
31589,3
31590,2
31591,2
31592,2
31593,2
31594,2
31595,2
31596,2
31597,2
31598,2
31599,2
31600,2
31601,2
31602,2
31603,2
31604,2
31605,2
31606,2
31607,2
31608,2
31609,2
31610,2
31611,2
31612,2
31613,2
31614,2
31615,2
31616,2
31617,2
31618,2
31619,2
31620,2
31621,2
31622,2
31623,2
31624,2
31625,2
31626,2
31627,2
31628,2
31629,2
31630,2
31631,3
31632,2
31633,2
31634,2
31635,2
31636,2
31637,3
31638,3
31639,3
31640,2
31641,2
31642,2
31643,3
31644,2
31645,2
31646,2
31647,2
31648,2
31649,2
31650,2
31651,2
31652,2
31653,2
31654,2
31655,2
31656,3
31657,1
31658,1
31659,1
31660,1
31661,1
31662,1
31663,1
31664,1
31665,1
31666,1
31667,1
31668,2
31669,2
31670,2
31671,2
31672,2
31673,2
31674,2
31675,2
31676,2
31677,2
31678,3
31679,2
31680,2
31681,2
31682,2
31683,2
31684,2
31685,2
31686,2
31687,2
31688,2
31689,2
31690,2
31691,3
31692,2
31693,2
31694,2
31695,2
31696,2
31697,2
31698,3
31699,1
31700,1
31701,2
31702,2
31703,2
31704,2
31705,2
31706,2
31707,2
31708,2
31709,2
31710,2
31711,2
31712,2
31713,2
31714,3
31715,2
31716,2
31717,2
31718,2
31719,2
31720,2
31721,2
31722,1
31723,1
31724,2
31725,2
31726,2
31727,2
31728,2
31729,1
31730,2
31731,2
31732,3
31733,1
31734,1
31735,3
31736,2
31737,3
31738,3
31739,3
31740,3
31741,1
31742,1
31743,2
31744,2
31745,2
31746,2
31747,3
31748,3
31749,3
31750,3
31751,3
31752,2
31753,2
31754,2
31755,2
31756,2
31757,2
31758,1
31759,1
31760,3
31761,2
31762,2
31763,2
31764,2
31765,3
31766,2
31767,3
31768,3
31769,2
31770,3
31771,2
31772,3
31773,3
31774,3
31775,1
31776,1
31777,1
31778,1
31779,1
31780,2
31781,2
31782,3
31783,3
31784,3
31785,2
31786,2
31787,3
31788,3
31789,3
31790,3
31791,2
31792,2
31793,3
31794,3
31795,1
31796,2
31797,3
31798,2
31799,2
31800,3
31801,2
31802,1
31803,1
31804,1
31805,1
31806,3
31807,1
31808,1
31809,3
31810,1
31811,1
31812,1
31813,2
31814,2
31815,2
31816,3
31817,2
31818,3
31819,3
31820,2
31821,2
31822,2
31823,2
31824,2
31825,2
31826,3
31827,2
31828,3
31829,2
31830,2
31831,3
31832,0
31833,2
31834,2
31835,3
31836,2
31837,2
31838,2
31839,2
31840,3
31841,0
31842,2
31843,2
31844,2
31845,2
31846,2
31847,1
31848,2
31849,2
31850,2
31851,2
31852,2
31853,2
31854,2
31855,2
31856,2
31857,2
31858,2
31859,2
31860,1
31861,1
31862,1
31863,1
31864,2
31865,2
31866,2
31867,2
31868,2
31869,2
31870,2
31871,2
31872,2
31873,2
31874,3
31875,2
31876,2
31877,2
31878,2
31879,2
31880,2
31881,2
31882,2
31883,2
31884,2
31885,1
31886,1
31887,2
31888,2
31889,2
31890,2
31891,2
31892,2
31893,2
31894,2
31895,2
31896,2
31897,2
31898,2
31899,2
31900,2
31901,2
31902,2
31903,2
31904,2
31905,2
31906,1
31907,2
31908,2
31909,1
31910,0
31911,2
31912,0
31913,0
31914,3
31915,2
31916,2
31917,3
31918,0
31919,2
31920,2
31921,3
31922,3
31923,3
31924,3
31925,0
31926,2
31927,0
31928,3
31929,2
31930,3
31931,2
31932,3
31933,2
31934,3
31935,3
31936,0
31937,2
31938,0
31939,2
31940,2
31941,3
31942,3
31943,3
31944,2
31945,2
31946,2
31947,2
31948,3
31949,2
31950,3
31951,3
31952,3
31953,3
31954,3
31955,3
31956,3
31957,2
31958,3
31959,2
31960,3
31961,3
31962,0
31963,3
31964,3
31965,3
31966,2
31967,3
31968,2
31969,3
31970,2
31971,2
31972,2
31973,2
31974,2
31975,5
31976,3
31977,3
31978,3
31979,3
31980,3
31981,2
31982,0
31983,0
31984,0
31985,0
31986,0
31987,0
31988,3
31989,0
31990,0
31991,0
31992,2
31993,3
31994,0
31995,2
31996,2
31997,0
31998,2
31999,2
32000,2
32001,2
32002,2
32003,2
32004,2
32005,2
32006,2
32007,2
32008,0
32009,0
32010,3
32011,0
32012,0
32013,0
32014,0
32015,3
32016,0
32017,0
32018,2
32019,2
32020,2
32021,2
32022,2
32023,2
32024,3
32025,1
32026,3
32027,2
32028,2
32029,0
32030,3
32031,2
32032,5
32033,2
32034,2
32035,2
32036,3
32037,2
32038,2
32039,2
32040,3
32041,3
32042,2
32043,3
32044,3
32045,3
32046,2
32047,3
32048,2
32049,2
32050,0
32051,2
32052,3
32053,3
32054,2
32055,2
32056,2
32057,2
32058,2
32059,2
32060,3
32061,4
32062,2
32063,3
32064,3
32065,2
32066,2
32067,2
32068,2
32069,2
32070,2
32071,2
32072,2
32073,2
32074,2
32075,2
32076,2
32077,2
32078,2
32079,2
32080,2
32081,2
32082,2
32083,2
32084,2
32085,2
32086,2
32087,3
32088,2
32089,2
32090,2
32091,2
32092,2
32093,2
32094,2
32095,2
32096,2
32097,2
32098,2
32099,2
32100,2
32101,2
32102,2
32103,2
32104,2
32105,3
32106,2
32107,2
32108,2
32109,2
32110,2
32111,2
32112,2
32113,2
32114,3
32115,2
32116,2
32117,2
32118,3
32119,2
32120,3
32121,2
32122,2
32123,2
32124,2
32125,2
32126,3
32127,3
32128,2
32129,3
32130,3
32131,2
32132,1
32133,3
32134,2
32135,2
32136,2
32137,2
32138,2
32139,2
32140,2
32141,3
32142,2
32143,2
32144,2
32145,2
32146,2
32147,3
32148,2
32149,2
32150,2
32151,2
32152,2
32153,3
32154,2
32155,2
32156,3
32157,3
32158,2
32159,3
32160,3
32161,2
32162,2
32163,3
32164,2
32165,2
32166,2
32167,3
32168,3
32169,3
32170,2
32171,2
32172,2
32173,2
32174,2
32175,2
32176,3
32177,2
32178,2
32179,2
32180,2
32181,2
32182,3
32183,2
32184,2
32185,2
32186,2
32187,2
32188,2
32189,3
32190,2
32191,2
32192,2
32193,2
32194,2
32195,2
32196,3
32197,2
32198,2
32199,2
32200,2
32201,2
32202,2
32203,3
32204,2
32205,2
32206,2
32207,2
32208,2
32209,2
32210,2
32211,2
32212,2
32213,2
32214,0
32215,2
32216,2
32217,3
32218,2
32219,2
32220,2
32221,2
32222,2
32223,2
32224,2
32225,3
32226,3
32227,2
32228,2
32229,2
32230,0
32231,2
32232,2
32233,2
32234,2
32235,0
32236,3
32237,2
32238,0
32239,2
32240,0
32241,0
32242,2
32243,0
32244,1
32245,3
32246,3
32247,2
32248,2
32249,2
32250,2
32251,2
32252,2
32253,2
32254,2
32255,2
32256,3
32257,2
32258,3
32259,2
32260,3
32261,3
32262,2
32263,2
32264,2
32265,3
32266,2
32267,2
32268,2
32269,2
32270,3
32271,3
32272,3
32273,0
32274,2
32275,0
32276,3
32277,0
32278,3
32279,2
32280,2
32281,2
32282,2
32283,2
32284,2
32285,2
32286,2
32287,3
32288,2
32289,2
32290,2
32291,2
32292,2
32293,2
32294,2
32295,2
32296,2
32297,2
32298,5
32299,2
32300,2
32301,2
32302,2
32303,2
32304,2
32305,2
32306,2
32307,2
32308,2
32309,2
32310,2
32311,2
32312,2
32313,2
32314,0
32315,0
32316,3
32317,2
32318,2
32319,2
32320,2
32321,2
32322,2
32323,2
32324,2
32325,3
32326,3
32327,2
32328,2
32329,2
32330,2
32331,2
32332,2
32333,2
32334,2
32335,2
32336,2
32337,2
32338,2
32339,2
32340,2
32341,2
32342,2
32343,2
32344,3
32345,2
32346,2
32347,2
32348,2
32349,2
32350,2
32351,2
32352,2
32353,2
32354,2
32355,2
32356,2
32357,2
32358,2
32359,2
32360,2
32361,2
32362,3
32363,2
32364,2
32365,2
32366,2
32367,2
32368,2
32369,2
32370,2
32371,2
32372,2
32373,2
32374,2
32375,2
32376,2
32377,2
32378,2
32379,2
32380,3
32381,2
32382,2
32383,2
32384,2
32385,2
32386,2
32387,2
32388,2
32389,2
32390,2
32391,2
32392,2
32393,3
32394,2
32395,2
32396,2
32397,2
32398,2
32399,2
32400,2
32401,2
32402,2
32403,2
32404,2
32405,2
32406,2
32407,2
32408,2
32409,2
32410,2
32411,2
32412,2
32413,2
32414,2
32415,2
32416,2
32417,2
32418,3
32419,3
32420,2
32421,2
32422,3
32423,3
32424,3
32425,3
32426,3
32427,3
32428,3
32429,3
32430,3
32431,2
32432,3
32433,3
32434,1
32435,0
32436,1
32437,3
32438,2
32439,3
32440,2
32441,3
32442,3
32443,3
32444,3
32445,2
32446,2
32447,2
32448,2
32449,2
32450,2
32451,2
32452,2
32453,2
32454,2
32455,2
32456,2
32457,2
32458,2
32459,2
32460,2
32461,2
32462,2
32463,2
32464,3
32465,2
32466,2
32467,2
32468,2
32469,3
32470,3
32471,2
32472,2
32473,2
32474,2
32475,2
32476,2
32477,2
32478,2
32479,2
32480,2
32481,2
32482,2
32483,2
32484,2
32485,2
32486,3
32487,2
32488,2
32489,2
32490,2
32491,2
32492,2
32493,2
32494,2
32495,2
32496,2
32497,2
32498,2
32499,2
32500,2
32501,2
32502,2
32503,2
32504,2
32505,2
32506,2
32507,2
32508,3
32509,2
32510,2
32511,2
32512,2
32513,2
32514,3
32515,3
32516,0
32517,2
32518,2
32519,3
32520,2
32521,2
32522,2
32523,2
32524,2
32525,2
32526,2
32527,2
32528,2
32529,2
32530,2
32531,2
32532,2
32533,2
32534,2
32535,2
32536,0
32537,3
32538,2
32539,2
32540,2
32541,2
32542,2
32543,2
32544,2
32545,3
32546,3
32547,0
32548,3
32549,3
32550,3
32551,2
32552,2
32553,2
32554,2
32555,2
32556,0
32557,1
32558,3
32559,3
32560,3
32561,0
32562,0
32563,3
32564,0
32565,0
32566,0
32567,0
32568,3
32569,3
32570,3
32571,2
32572,2
32573,3
32574,0
32575,2
32576,3
32577,3
32578,3
32579,0
32580,2
32581,0
32582,3
32583,2
32584,3
32585,3
32586,2
32587,3
32588,2
32589,0
32590,2
32591,2
32592,2
32593,2
32594,3
32595,3
32596,0
32597,0
32598,0
32599,0
32600,3
32601,3
32602,2
32603,3
32604,3
32605,2
32606,3
32607,2
32608,2
32609,3
32610,3
32611,0
32612,0
32613,0
32614,0
32615,3
32616,0
32617,2
32618,3
32619,3
32620,0
32621,2
32622,2
32623,0
32624,0
32625,2
32626,3
32627,0
32628,0
32629,0
32630,2
32631,0
32632,2
32633,2
32634,0
32635,2
32636,0
32637,0
32638,0
32639,0
32640,3
32641,3
32642,3
32643,3
32644,3
32645,3
32646,3
32647,3
32648,2
32649,2
32650,3
32651,3
32652,3
32653,2
32654,2
32655,2
32656,2
32657,2
32658,2
32659,2
32660,2
32661,3
32662,3
32663,2
32664,2
32665,3
32666,3
32667,3
32668,3
32669,3
32670,3
32671,3
32672,3
32673,3
32674,3
32675,3
32676,3
32677,3
32678,3
32679,3
32680,3
32681,2
32682,3
32683,2
32684,3
32685,3
32686,3
32687,3
32688,3
32689,3
32690,3
32691,3
32692,3
32693,3
32694,3
32695,3
32696,3
32697,3
32698,3
32699,3
32700,3
32701,3
32702,2
32703,3
32704,3
32705,3
32706,3
32707,3
32708,3
32709,3
32710,3
32711,3
32712,3
32713,3
32714,3
32715,3
32716,3
32717,3
32718,2
32719,3
32720,3
32721,3
32722,3
32723,2
32724,3
32725,3
32726,3
32727,3
32728,3
32729,3
32730,3
32731,0
32732,0
32733,0
32734,2
32735,2
32736,2
32737,2
32738,3
32739,2
32740,2
32741,2
32742,3
32743,2
32744,2
32745,2
32746,2
32747,2
32748,2
32749,2
32750,2
32751,3
32752,3
32753,3
32754,3
32755,3
32756,3
32757,0
32758,0
32759,0
32760,0
32761,2
32762,0
32763,0
32764,0
32765,0
32766,0
32767,0
32768,0
32769,0
32770,0
32771,0
32772,0
32773,0
32774,0
32775,0
32776,0
32777,3
32778,2
32779,2
32780,2
32781,2
32782,2
32783,3
32784,3
32785,2
32786,3
32787,2
32788,3
32789,2
32790,2
32791,2
32792,2
32793,3
32794,2
32795,2
32796,3
32797,3
32798,3
32799,3
32800,0
32801,3
32802,3
32803,3
32804,3
32805,3
32806,3
32807,3
32808,3
32809,3
32810,3
32811,3
32812,2
32813,3
32814,3
32815,2
32816,2
32817,2
32818,0
32819,2
32820,0
32821,3
32822,3
32823,3
32824,3
32825,3
32826,3
32827,3
32828,3
32829,3
32830,0
32831,3
32832,3
32833,3
32834,3
32835,3
32836,3
32837,3
32838,3
32839,3
32840,3
32841,3
32842,3
32843,3
32844,3
32845,3
32846,3
32847,3
32848,3
32849,3
32850,3
32851,3
32852,2
32853,3
32854,0
32855,2
32856,0
32857,0
32858,3
32859,3
32860,3
32861,2
32862,4
32863,3
32864,0
32865,3
32866,3
32867,3
32868,3
32869,3
32870,3
32871,3
32872,0
32873,3
32874,3
32875,0
32876,0
32877,0
32878,3
32879,3
32880,0
32881,0
32882,0
32883,3
32884,3
32885,2
32886,3
32887,3
32888,2
32889,3
32890,0
32891,3
32892,3
32893,3
32894,3
32895,3
32896,3
32897,3
32898,3
32899,3
32900,3
32901,2
32902,3
32903,3
32904,2
32905,3
32906,3
32907,0
32908,3
32909,3
32910,3
32911,2
32912,2
32913,3
32914,3
32915,3
32916,3
32917,3
32918,3
32919,3
32920,3
32921,3
32922,3
32923,3
32924,3
32925,0
32926,0
32927,0
32928,0
32929,3
32930,3
32931,3
32932,3
32933,3
32934,3
32935,0
32936,0
32937,0
32938,0
32939,0
32940,0
32941,3
32942,3
32943,3
32944,3
32945,3
32946,3
32947,3
32948,0
32949,1
32950,0
32951,1
32952,1
32953,2
32954,3
32955,3
32956,3
32957,0
32958,0
32959,0
32960,0
32961,0
32962,0
32963,0
32964,0
32965,0
32966,2
32967,2
32968,0
32969,0
32970,0
32971,0
32972,3
32973,3
32974,0
32975,0
32976,3
32977,0
32978,2
32979,0
32980,0
32981,0
32982,2
32983,0
32984,3
32985,0
32986,3
32987,0
32988,0
32989,0
32990,0
32991,0
32992,0
32993,0
32994,0
32995,0
32996,2
32997,2
32998,2
32999,0
33000,0
33001,0
33002,0
33003,0
33004,0
33005,0
33006,0
33007,0
33008,0
33009,2
33010,0
33011,0
33012,2
33013,2
33014,0
33015,0
33016,0
33017,0
33018,3
33019,0
33020,0
33021,0
33022,0
33023,1
33024,3
33025,1
33026,3
33027,3
33028,3
33029,3
33030,3
33031,3
33032,3
33033,3
33034,1
33035,0
33036,0
33037,2
33038,0
33039,0
33040,0
33041,0
33042,0
33043,0
33044,2
33045,0
33046,0
33047,0
33048,2
33049,0
33050,0
33051,0
33052,2
33053,0
33054,0
33055,0
33056,0
33057,0
33058,0
33059,0
33060,0
33061,0
33062,2
33063,3
33064,3
33065,3
33066,1
33067,1
33068,3
33069,2
33070,1
33071,2
33072,3
33073,3
33074,3
33075,3
33076,0
33077,0
33078,2
33079,0
33080,2
33081,1
33082,1
33083,3
33084,0
33085,2
33086,2
33087,0
33088,1
33089,0
33090,0
33091,0
33092,0
33093,0
33094,0
33095,2
33096,0
33097,0
33098,0
33099,1
33100,0
33101,0
33102,0
33103,0
33104,0
33105,0
33106,0
33107,2
33108,1
33109,0
33110,0
33111,0
33112,3
33113,0
33114,0
33115,2
33116,3
33117,0
33118,0
33119,1
33120,1
33121,1
33122,0
33123,0
33124,0
33125,0
33126,3
33127,0
33128,2
33129,0
33130,2
33131,0
33132,2
33133,0
33134,0
33135,0
33136,0
33137,2
33138,2
33139,0
33140,0
33141,2
33142,3
33143,1
33144,1
33145,1
33146,1
33147,3
33148,2
33149,2
33150,3
33151,1
33152,1
33153,1
33154,0
33155,1
33156,0
33157,2
33158,3
33159,3
33160,0
33161,0
33162,0
33163,3
33164,0
33165,2
33166,3
33167,2
33168,2
33169,2
33170,2
33171,2
33172,2
33173,2
33174,2
33175,2
33176,2
33177,2
33178,2
33179,2
33180,2
33181,2
33182,3
33183,2
33184,2
33185,2
33186,2
33187,2
33188,2
33189,2
33190,2
33191,2
33192,3
33193,2
33194,2
33195,2
33196,2
33197,2
33198,3
33199,3
33200,0
33201,2
33202,2
33203,2
33204,2
33205,2
33206,3
33207,2
33208,3
33209,3
33210,3
33211,3
33212,0
33213,2
33214,3
33215,0
33216,0
33217,0
33218,0
33219,0
33220,2
33221,2
33222,0
33223,0
33224,0
33225,0
33226,0
33227,0
33228,0
33229,0
33230,0
33231,0
33232,0
33233,0
33234,0
33235,3
33236,2
33237,2
33238,2
33239,2
33240,2
33241,1
33242,0
33243,0
33244,0
33245,3
33246,2
33247,3
33248,3
33249,0
33250,3
33251,3
33252,2
33253,2
33254,2
33255,2
33256,3
33257,2
33258,2
33259,2
33260,0
33261,3
33262,3
33263,0
33264,2
33265,3
33266,3
33267,3
33268,3
33269,0
33270,3
33271,3
33272,3
33273,3
33274,3
33275,3
33276,3
33277,3
33278,3
33279,3
33280,3
33281,3
33282,3
33283,3
33284,1
33285,3
33286,3
33287,3
33288,3
33289,3
33290,2
33291,3
33292,3
33293,3
33294,3
33295,2
33296,2
33297,3
33298,2
33299,3
33300,2
33301,2
33302,2
33303,3
33304,3
33305,1
33306,3
33307,3
33308,3
33309,3
33310,3
33311,3
33312,2
33313,0
33314,2
33315,2
33316,2
33317,2
33318,2
33319,2
33320,2
33321,3
33322,2
33323,2
33324,3
33325,3
33326,2
33327,1
33328,2
33329,1
33330,2
33331,2
33332,2
33333,2
33334,2
33335,2
33336,0
33337,2
33338,2
33339,2
33340,2
33341,2
33342,2
33343,2
33344,2
33345,2
33346,2
33347,2
33348,2
33349,2
33350,2
33351,2
33352,2
33353,0
33354,2
33355,2
33356,2
33357,2
33358,2
33359,2
33360,2
33361,2
33362,2
33363,2
33364,3
33365,2
33366,2
33367,2
33368,3
33369,3
33370,2
33371,3
33372,3
33373,2
33374,1
33375,0
33376,0
33377,2
33378,2
33379,3
33380,2
33381,2
33382,3
33383,3
33384,3
33385,3
33386,2
33387,3
33388,3
33389,3
33390,2
33391,3
33392,3
33393,0
33394,2
33395,3
33396,3
33397,2
33398,2
33399,2
33400,3
33401,2
33402,3
33403,3
33404,3
33405,2
33406,2
33407,3
33408,3
33409,3
33410,2
33411,2
33412,3
33413,3
33414,3
33415,2
33416,2
33417,3
33418,2
33419,0
33420,0
33421,0
33422,3
33423,2
33424,2
33425,2
33426,2
33427,2
33428,2
33429,3
33430,2
33431,2
33432,2
33433,2
33434,2
33435,2
33436,2
33437,2
33438,2
33439,3
33440,3
33441,2
33442,2
33443,3
33444,1
33445,1
33446,3
33447,2
33448,2
33449,2
33450,2
33451,2
33452,2
33453,3
33454,2
33455,2
33456,2
33457,0
33458,2
33459,2
33460,2
33461,2
33462,3
33463,1
33464,2
33465,2
33466,2
33467,2
33468,2
33469,1
33470,3
33471,2
33472,2
33473,1
33474,2
33475,2
33476,2
33477,1
33478,2
33479,2
33480,3
33481,2
33482,2
33483,2
33484,2
33485,2
33486,2
33487,2
33488,2
33489,3
33490,2
33491,2
33492,2
33493,3
33494,2
33495,2
33496,2
33497,2
33498,3
33499,3
33500,2
33501,1
33502,2
33503,2
33504,1
33505,2
33506,3
33507,2
33508,3
33509,3
33510,3
33511,3
33512,3
33513,3
33514,3
33515,3
33516,3
33517,3
33518,0
33519,3
33520,0
33521,1
33522,3
33523,3
33524,3
33525,3
33526,3
33527,3
33528,1
33529,1
33530,3
33531,3
33532,3
33533,1
33534,0
33535,1
33536,2
33537,3
33538,1
33539,3
33540,1
33541,0
33542,0
33543,3
33544,3
33545,3
33546,1
33547,3
33548,3
33549,3
33550,1
33551,1
33552,3
33553,3
33554,3
33555,3
33556,3
33557,3
33558,3
33559,3
33560,3
33561,3
33562,3
33563,3
33564,3
33565,3
33566,3
33567,3
33568,3
33569,2
33570,1
33571,2
33572,2
33573,2
33574,2
33575,2
33576,2
33577,2
33578,2
33579,2
33580,3
33581,2
33582,2
33583,0
33584,3
33585,2
33586,1
33587,3
33588,1
33589,1
33590,3
33591,1
33592,1
33593,0
33594,1
33595,1
33596,1
33597,3
33598,3
33599,3
33600,3
33601,2
33602,1
33603,1
33604,3
33605,3
33606,3
33607,3
33608,2
33609,3
33610,3
33611,3
33612,3
33613,2
33614,3
33615,2
33616,3
33617,3
33618,2
33619,1
33620,2
33621,2
33622,3
33623,2
33624,3
33625,2
33626,2
33627,2
33628,2
33629,3
33630,2
33631,3
33632,2
33633,2
33634,3
33635,0
33636,3
33637,2
33638,2
33639,2
33640,3
33641,2
33642,2
33643,2
33644,3
33645,2
33646,3
33647,2
33648,2
33649,2
33650,2
33651,2
33652,2
33653,2
33654,2
33655,3
33656,2
33657,3
33658,3
33659,2
33660,2
33661,2
33662,2
33663,2
33664,3
33665,2
33666,2
33667,2
33668,3
33669,3
33670,2
33671,2
33672,2
33673,2
33674,2
33675,2
33676,3
33677,0
33678,3
33679,3
33680,2
33681,2
33682,2
33683,2
33684,2
33685,3
33686,2
33687,2
33688,2
33689,2
33690,3
33691,3
33692,3
33693,0
33694,0
33695,2
33696,2
33697,2
33698,2
33699,2
33700,2
33701,2
33702,3
33703,2
33704,2
33705,3
33706,2
33707,2
33708,3
33709,1
33710,2
33711,2
33712,2
33713,2
33714,3
33715,2
33716,3
33717,2
33718,2
33719,3
33720,3
33721,3
33722,1
33723,2
33724,2
33725,2
33726,2
33727,3
33728,3
33729,3
33730,3
33731,2
33732,3
33733,2
33734,3
33735,2
33736,2
33737,2
33738,2
33739,2
33740,2
33741,2
33742,2
33743,1
33744,1
33745,3
33746,2
33747,3
33748,3
33749,3
33750,2
33751,0
33752,2
33753,3
33754,3
33755,1
33756,3
33757,3
33758,3
33759,3
33760,3
33761,2
33762,2
33763,2
33764,3
33765,3
33766,2
33767,3
33768,3
33769,3
33770,2
33771,2
33772,3
33773,2
33774,3
33775,3
33776,3
33777,3
33778,2
33779,0
33780,3
33781,3
33782,3
33783,2
33784,3
33785,2
33786,3
33787,3
33788,2
33789,3
33790,3
33791,3
33792,2
33793,2
33794,3
33795,3
33796,3
33797,3
33798,3
33799,3
33800,3
33801,3
33802,3
33803,3
33804,3
33805,0
33806,3
33807,3
33808,3
33809,3
33810,0
33811,2
33812,2
33813,3
33814,2
33815,3
33816,3
33817,3
33818,3
33819,3
33820,3
33821,3
33822,3
33823,3
33824,3
33825,3
33826,3
33827,3
33828,3
33829,3
33830,2
33831,3
33832,2
33833,2
33834,0
33835,3
33836,3
33837,3
33838,3
33839,3
33840,3
33841,3
33842,3
33843,3
33844,3
33845,3
33846,3
33847,2
33848,2
33849,2
33850,3
33851,3
33852,2
33853,2
33854,2
33855,2
33856,3
33857,3
33858,2
33859,0
33860,3
33861,2
33862,3
33863,2
33864,3
33865,2
33866,3
33867,2
33868,3
33869,2
33870,3
33871,3
33872,2
33873,3
33874,3
33875,3
33876,2
33877,2
33878,2
33879,2
33880,3
33881,2
33882,2
33883,2
33884,2
33885,2
33886,2
33887,2
33888,2
33889,2
33890,2
33891,2
33892,2
33893,3
33894,3
33895,3
33896,2
33897,2
33898,2
33899,3
33900,3
33901,2
33902,2
33903,2
33904,2
33905,2
33906,2
33907,2
33908,3
33909,3
33910,3
33911,2
33912,2
33913,2
33914,2
33915,3
33916,2
33917,2
33918,2
33919,2
33920,2
33921,3
33922,2
33923,2
33924,2
33925,2
33926,2
33927,3
33928,2
33929,2
33930,2
33931,3
33932,2
33933,2
33934,2
33935,2
33936,3
33937,2
33938,2
33939,2
33940,2
33941,3
33942,2
33943,2
33944,3
33945,3
33946,2
33947,3
33948,2
33949,2
33950,3
33951,2
33952,2
33953,3
33954,2
33955,2
33956,2
33957,3
33958,2
33959,2
33960,2
33961,3
33962,2
33963,2
33964,2
33965,3
33966,0
33967,2
33968,2
33969,2
33970,2
33971,2
33972,2
33973,2
33974,2
33975,2
33976,2
33977,2
33978,2
33979,2
33980,2
33981,3
33982,2
33983,2
33984,2
33985,2
33986,2
33987,2
33988,3
33989,2
33990,2
33991,2
33992,3
33993,2
33994,2
33995,3
33996,2
33997,2
33998,3
33999,3
34000,2
34001,3
34002,2
34003,3
34004,2
34005,3
34006,3
34007,3
34008,2
34009,2
34010,2
34011,2
34012,3
34013,2
34014,2
34015,2
34016,2
34017,2
34018,2
34019,2
34020,2
34021,3
34022,3
34023,3
34024,3
34025,2
34026,3
34027,2
34028,3
34029,2
34030,2
34031,2
34032,0
34033,3
34034,0
34035,0
34036,3
34037,2
34038,3
34039,2
34040,3
34041,3
34042,2
34043,2
34044,2
34045,2
34046,2
34047,2
34048,2
34049,2
34050,2
34051,2
34052,2
34053,2
34054,2
34055,3
34056,3
34057,2
34058,3
34059,2
34060,3
34061,2
34062,3
34063,3
34064,3
34065,2
34066,2
34067,0
34068,2
34069,2
34070,3
34071,2
34072,2
34073,2
34074,3
34075,3
34076,3
34077,2
34078,2
34079,2
34080,2
34081,3
34082,3
34083,2
34084,2
34085,2
34086,2
34087,2
34088,3
34089,2
34090,2
34091,2
34092,2
34093,2
34094,2
34095,3
34096,2
34097,3
34098,2
34099,2
34100,2
34101,2
34102,2
34103,2
34104,2
34105,2
34106,3
34107,2
34108,2
34109,2
34110,2
34111,2
34112,3
34113,2
34114,2
34115,2
34116,2
34117,2
34118,3
34119,2
34120,2
34121,3
34122,3
34123,2
34124,2
34125,3
34126,2
34127,2
34128,2
34129,2
34130,2
34131,2
34132,3
34133,2
34134,3
34135,2
34136,2
34137,2
34138,2
34139,3
34140,2
34141,2
34142,2
34143,3
34144,2
34145,2
34146,3
34147,3
34148,2
34149,2
34150,2
34151,1
34152,2
34153,3
34154,3
34155,2
34156,3
34157,3
34158,2
34159,3
34160,3
34161,2
34162,2
34163,3
34164,2
34165,2
34166,2
34167,2
34168,2
34169,3
34170,2
34171,3
34172,2
34173,3
34174,1
34175,3
34176,2
34177,2
34178,2
34179,1
34180,2
34181,2
34182,2
34183,3
34184,3
34185,1
34186,3
34187,0
34188,3
34189,2
34190,2
34191,2
34192,3
34193,2
34194,2
34195,2
34196,2
34197,3
34198,2
34199,2
34200,2
34201,3
34202,3
34203,3
34204,2
34205,3
34206,3
34207,3
34208,2
34209,2
34210,3
34211,3
34212,3
34213,2
34214,2
34215,3
34216,2
34217,2
34218,2
34219,2
34220,2
34221,0
34222,3
34223,0
34224,3
34225,3
34226,3
34227,2
34228,3
34229,3
34230,3
34231,1
34232,1
34233,3
34234,2
34235,3
34236,3
34237,3
34238,3
34239,3
34240,2
34241,1
34242,3
34243,2
34244,2
34245,3
34246,3
34247,3
34248,3
34249,2
34250,2
34251,2
34252,2
34253,2
34254,3
34255,2
34256,3
34257,3
34258,2
34259,3
34260,2
34261,2
34262,3
34263,2
34264,3
34265,2
34266,2
34267,2
34268,2
34269,2
34270,2
34271,2
34272,3
34273,1
34274,3
34275,3
34276,2
34277,3
34278,1
34279,3
34280,3
34281,2
34282,2
34283,2
34284,0
34285,2
34286,2
34287,2
34288,2
34289,1
34290,2
34291,3
34292,2
34293,2
34294,2
34295,0
34296,2
34297,2
34298,0
34299,2
34300,2
34301,2
34302,0
34303,2
34304,2
34305,0
34306,3
34307,3
34308,2
34309,2
34310,2
34311,3
34312,3
34313,0
34314,2
34315,3
34316,2
34317,2
34318,0
34319,3
34320,3
34321,2
34322,3
34323,2
34324,2
34325,3
34326,2
34327,3
34328,2
34329,0
34330,0
34331,3
34332,2
34333,3
34334,3
34335,3
34336,3
34337,3
34338,2
34339,2
34340,2
34341,2
34342,2
34343,2
34344,0
34345,0
34346,3
34347,2
34348,3
34349,2
34350,3
34351,2
34352,3
34353,2
34354,3
34355,3
34356,2
34357,2
34358,3
34359,2
34360,2
34361,3
34362,2
34363,2
34364,2
34365,3
34366,3
34367,2
34368,3
34369,2
34370,2
34371,3
34372,3
34373,2
34374,2
34375,3
34376,3
34377,2
34378,3
34379,3
34380,3
34381,3
34382,3
34383,3
34384,3
34385,3
34386,2
34387,3
34388,3
34389,3
34390,3
34391,3
34392,3
34393,3
34394,2
34395,2
34396,3
34397,2
34398,3
34399,3
34400,2
34401,3
34402,3
34403,3
34404,2
34405,2
34406,2
34407,2
34408,2
34409,3
34410,2
34411,3
34412,2
34413,2
34414,2
34415,2
34416,3
34417,3
34418,0
34419,0
34420,2
34421,0
34422,3
34423,0
34424,3
34425,0
34426,0
34427,0
34428,0
34429,0
34430,3
34431,1
34432,1
34433,1
34434,1
34435,3
34436,2
34437,2
34438,3
34439,2
34440,3
34441,2
34442,2
34443,2
34444,2
34445,2
34446,2
34447,2
34448,2
34449,2
34450,3
34451,2
34452,3
34453,2
34454,2
34455,2
34456,2
34457,2
34458,2
34459,2
34460,2
34461,2
34462,2
34463,2
34464,2
34465,2
34466,2
34467,2
34468,2
34469,2
34470,3
34471,2
34472,2
34473,2
34474,2
34475,3
34476,3
34477,2
34478,3
34479,3
34480,2
34481,2
34482,2
34483,3
34484,2
34485,2
34486,2
34487,2
34488,3
34489,3
34490,0
34491,2
34492,2
34493,2
34494,2
34495,2
34496,3
34497,2
34498,2
34499,2
34500,2
34501,3
34502,2
34503,3
34504,2
34505,3
34506,2
34507,2
34508,3
34509,2
34510,3
34511,3
34512,1
34513,3
34514,0
34515,1
34516,1
34517,3
34518,1
34519,3
34520,3
34521,3
34522,3
34523,3
34524,3
34525,1
34526,3
34527,2
34528,1
34529,1
34530,3
34531,3
34532,1
34533,2
34534,3
34535,3
34536,3
34537,3
34538,3
34539,2
34540,3
34541,0
34542,3
34543,3
34544,3
34545,3
34546,3
34547,1
34548,3
34549,1
34550,3
34551,1
34552,3
34553,3
34554,3
34555,3
34556,3
34557,3
34558,1
34559,3
34560,1
34561,0
34562,2
34563,2
34564,3
34565,2
34566,3
34567,3
34568,3
34569,3
34570,3
34571,2
34572,2
34573,2
34574,3
34575,3
34576,2
34577,3
34578,2
34579,3
34580,2
34581,3
34582,2
34583,2
34584,3
34585,3
34586,2
34587,2
34588,2
34589,3
34590,2
34591,2
34592,3
34593,3
34594,2
34595,2
34596,2
34597,2
34598,2
34599,2
34600,3
34601,3
34602,2
34603,3
34604,3
34605,2
34606,2
34607,3
34608,2
34609,2
34610,3
34611,2
34612,2
34613,2
34614,2
34615,2
34616,3
34617,2
34618,2
34619,2
34620,2
34621,3
34622,0
34623,2
34624,3
34625,2
34626,2
34627,3
34628,2
34629,3
34630,2
34631,3
34632,2
34633,2
34634,3
34635,3
34636,0
34637,2
34638,2
34639,3
34640,3
34641,3
34642,1
34643,1
34644,1
34645,3
34646,3
34647,1
34648,3
34649,2
34650,3
34651,3
34652,3
34653,2
34654,2
34655,2
34656,2
34657,1
34658,3
34659,2
34660,2
34661,2
34662,2
34663,2
34664,2
34665,3
34666,3
34667,2
34668,2
34669,2
34670,2
34671,3
34672,2
34673,2
34674,2
34675,3
34676,2
34677,3
34678,2
34679,2
34680,2
34681,2
34682,2
34683,2
34684,2
34685,2
34686,2
34687,2
34688,2
34689,2
34690,2
34691,2
34692,2
34693,2
34694,2
34695,2
34696,2
34697,2
34698,3
34699,3
34700,2
34701,2
34702,3
34703,2
34704,2
34705,3
34706,2
34707,2
34708,2
34709,2
34710,2
34711,3
34712,3
34713,3
34714,3
34715,3
34716,3
34717,1
34718,3
34719,2
34720,2
34721,2
34722,3
34723,2
34724,2
34725,1
34726,3
34727,3
34728,2
34729,2
34730,2
34731,3
34732,2
34733,2
34734,3
34735,2
34736,2
34737,3
34738,3
34739,3
34740,3
34741,2
34742,2
34743,2
34744,2
34745,3
34746,3
34747,3
34748,3
34749,3
34750,2
34751,2
34752,2
34753,3
34754,2
34755,3
34756,2
34757,3
34758,2
34759,2
34760,2
34761,2
34762,2
34763,2
34764,2
34765,2
34766,2
34767,3
34768,3
34769,3
34770,2
34771,3
34772,2
34773,2
34774,2
34775,3
34776,2
34777,2
34778,1
34779,3
34780,3
34781,3
34782,3
34783,2
34784,1
34785,1
34786,1
34787,3
34788,3
34789,3
34790,3
34791,3
34792,3
34793,3
34794,3
34795,3
34796,1
34797,3
34798,3
34799,3
34800,2
34801,1
34802,1
34803,3
34804,1
34805,1
34806,3
34807,1
34808,1
34809,3
34810,1
34811,1
34812,3
34813,3
34814,3
34815,1
34816,1
34817,3
34818,3
34819,3
34820,3
34821,1
34822,2
34823,1
34824,3
34825,1
34826,3
34827,2
34828,3
34829,1
34830,2
34831,3
34832,2
34833,2
34834,3
34835,2
34836,3
34837,2
34838,3
34839,2
34840,3
34841,2
34842,3
34843,3
34844,2
34845,2
34846,1
34847,3
34848,3
34849,1
34850,2
34851,2
34852,0
34853,3
34854,3
34855,2
34856,3
34857,3
34858,3
34859,3
34860,3
34861,3
34862,3
34863,3
34864,0
34865,3
34866,2
34867,2
34868,2
34869,2
34870,3
34871,3
34872,2
34873,3
34874,3
34875,3
34876,3
34877,2
34878,3
34879,3
34880,2
34881,2
34882,2
34883,2
34884,2
34885,3
34886,2
34887,2
34888,2
34889,2
34890,2
34891,2
34892,2
34893,2
34894,3
34895,0
34896,3
34897,3
34898,1
34899,3
34900,3
34901,3
34902,3
34903,3
34904,3
34905,3
34906,3
34907,3
34908,3
34909,3
34910,1
34911,3
34912,3
34913,3
34914,3
34915,0
34916,3
34917,3
34918,3
34919,3
34920,3
34921,2
34922,3
34923,3
34924,3
34925,3
34926,3
34927,2
34928,3
34929,2
34930,2
34931,2
34932,2
34933,2
34934,2
34935,2
34936,2
34937,2
34938,2
34939,2
34940,3
34941,2
34942,3
34943,3
34944,2
34945,2
34946,2
34947,2
34948,3
34949,3
34950,3
34951,3
34952,3
34953,2
34954,3
34955,3
34956,3
34957,3
34958,2
34959,3
34960,2
34961,2
34962,2
34963,3
34964,2
34965,3
34966,1
34967,3
34968,2
34969,1
34970,0
34971,3
34972,2
34973,3
34974,2
34975,3
34976,2
34977,2
34978,2
34979,3
34980,3
34981,2
34982,2
34983,2
34984,2
34985,2
34986,2
34987,2
34988,2
34989,3
34990,2
34991,2
34992,3
34993,2
34994,0
34995,3
34996,3
34997,2
34998,2
34999,2
35000,2
35001,3
35002,3
35003,3
35004,2
35005,2
35006,2
35007,2
35008,2
35009,2
35010,2
35011,2
35012,2
35013,2
35014,2
35015,2
35016,2
35017,2
35018,2
35019,2
35020,2
35021,2
35022,2
35023,2
35024,2
35025,2
35026,2
35027,2
35028,2
35029,2
35030,2
35031,2
35032,3
35033,2
35034,2
35035,2
35036,2
35037,2
35038,2
35039,2
35040,2
35041,2
35042,3
35043,2
35044,2
35045,3
35046,3
35047,2
35048,3
35049,3
35050,3
35051,2
35052,3
35053,3
35054,0
35055,2
35056,3
35057,2
35058,3
35059,3
35060,3
35061,3
35062,2
35063,2
35064,2
35065,3
35066,2
35067,2
35068,2
35069,2
35070,2
35071,2
35072,2
35073,2
35074,2
35075,2
35076,2
35077,2
35078,2
35079,2
35080,2
35081,2
35082,2
35083,2
35084,2
35085,2
35086,2
35087,2
35088,3
35089,2
35090,2
35091,2
35092,3
35093,2
35094,2
35095,2
35096,2
35097,2
35098,2
35099,2
35100,2
35101,2
35102,2
35103,2
35104,2
35105,2
35106,2
35107,2
35108,2
35109,2
35110,2
35111,2
35112,2
35113,2
35114,2
35115,2
35116,2
35117,2
35118,2
35119,2
35120,2
35121,2
35122,2
35123,2
35124,2
35125,3
35126,2
35127,2
35128,2
35129,2
35130,2
35131,2
35132,2
35133,2
35134,2
35135,3
35136,2
35137,2
35138,2
35139,2
35140,2
35141,2
35142,2
35143,2
35144,2
35145,2
35146,2
35147,2
35148,3
35149,2
35150,2
35151,2
35152,2
35153,2
35154,2
35155,3
35156,2
35157,2
35158,2
35159,2
35160,2
35161,2
35162,2
35163,2
35164,2
35165,2
35166,2
35167,2
35168,2
35169,2
35170,2
35171,2
35172,2
35173,2
35174,2
35175,2
35176,2
35177,2
35178,2
35179,2
35180,2
35181,2
35182,2
35183,2
35184,2
35185,2
35186,2
35187,2
35188,2
35189,2
35190,2
35191,2
35192,2
35193,2
35194,2
35195,2
35196,2
35197,2
35198,0
35199,2
35200,2
35201,2
35202,2
35203,2
35204,2
35205,2
35206,2
35207,2
35208,2
35209,2
35210,2
35211,2
35212,2
35213,2
35214,2
35215,2
35216,2
35217,2
35218,2
35219,2
35220,2
35221,2
35222,2
35223,2
35224,2
35225,2
35226,0
35227,2
35228,2
35229,2
35230,2
35231,2
35232,2
35233,2
35234,2
35235,2
35236,2
35237,2
35238,2
35239,2
35240,2
35241,2
35242,2
35243,2
35244,2
35245,2
35246,2
35247,3
35248,2
35249,2
35250,2
35251,3
35252,2
35253,3
35254,2
35255,2
35256,2
35257,2
35258,2
35259,2
35260,2
35261,2
35262,2
35263,2
35264,2
35265,2
35266,2
35267,2
35268,2
35269,2
35270,2
35271,2
35272,2
35273,2
35274,3
35275,3
35276,2
35277,2
35278,2
35279,2
35280,2
35281,2
35282,2
35283,2
35284,2
35285,2
35286,3
35287,2
35288,2
35289,2
35290,2
35291,2
35292,2
35293,3
35294,2
35295,2
35296,2
35297,2
35298,2
35299,2
35300,2
35301,2
35302,2
35303,2
35304,2
35305,2
35306,2
35307,2
35308,2
35309,2
35310,2
35311,2
35312,2
35313,2
35314,2
35315,2
35316,2
35317,2
35318,2
35319,2
35320,2
35321,2
35322,2
35323,2
35324,2
35325,2
35326,2
35327,2
35328,2
35329,2
35330,2
35331,2
35332,2
35333,2
35334,2
35335,2
35336,2
35337,3
35338,2
35339,2
35340,2
35341,2
35342,2
35343,2
35344,2
35345,2
35346,2
35347,2
35348,2
35349,2
35350,2
35351,2
35352,2
35353,2
35354,2
35355,2
35356,2
35357,2
35358,2
35359,2
35360,2
35361,2
35362,2
35363,2
35364,2
35365,2
35366,2
35367,2
35368,2
35369,2
35370,2
35371,2
35372,2
35373,2
35374,2
35375,2
35376,2
35377,3
35378,2
35379,2
35380,2
35381,2
35382,2
35383,2
35384,2
35385,3
35386,3
35387,2
35388,2
35389,3
35390,2
35391,2
35392,2
35393,2
35394,3
35395,2
35396,2
35397,2
35398,2
35399,2
35400,2
35401,2
35402,2
35403,2
35404,2
35405,2
35406,2
35407,2
35408,2
35409,2
35410,2
35411,2
35412,2
35413,2
35414,2
35415,2
35416,2
35417,2
35418,2
35419,2
35420,2
35421,2
35422,2
35423,2
35424,2
35425,2
35426,2
35427,2
35428,2
35429,2
35430,2
35431,2
35432,2
35433,3
35434,2
35435,2
35436,2
35437,2
35438,3
35439,2
35440,2
35441,2
35442,2
35443,2
35444,2
35445,2
35446,2
35447,2
35448,2
35449,2
35450,2
35451,2
35452,2
35453,3
35454,2
35455,2
35456,2
35457,2
35458,2
35459,2
35460,2
35461,2
35462,2
35463,2
35464,2
35465,2
35466,2
35467,2
35468,2
35469,2
35470,3
35471,3
35472,2
35473,2
35474,2
35475,2
35476,2
35477,2
35478,2
35479,2
35480,2
35481,2
35482,2
35483,2
35484,2
35485,2
35486,2
35487,2
35488,2
35489,2
35490,2
35491,2
35492,2
35493,2
35494,3
35495,3
35496,2
35497,3
35498,2
35499,2
35500,3
35501,2
35502,2
35503,3
35504,2
35505,2
35506,3
35507,3
35508,2
35509,2
35510,2
35511,2
35512,2
35513,2
35514,2
35515,3
35516,2
35517,2
35518,2
35519,2
35520,2
35521,2
35522,2
35523,2
35524,2
35525,2
35526,2
35527,2
35528,2
35529,3
35530,3
35531,2
35532,2
35533,2
35534,2
35535,2
35536,2
35537,2
35538,2
35539,2
35540,2
35541,2
35542,3
35543,2
35544,2
35545,2
35546,2
35547,2
35548,2
35549,2
35550,2
35551,2
35552,2
35553,2
35554,2
35555,2
35556,2
35557,2
35558,2
35559,2
35560,3
35561,2
35562,2
35563,2
35564,2
35565,2
35566,2
35567,2
35568,2
35569,2
35570,2
35571,2
35572,2
35573,2
35574,2
35575,2
35576,3
35577,2
35578,2
35579,2
35580,2
35581,2
35582,3
35583,2
35584,3
35585,2
35586,2
35587,2
35588,2
35589,2
35590,2
35591,2
35592,2
35593,3
35594,2
35595,2
35596,3
35597,0
35598,2
35599,2
35600,2
35601,2
35602,2
35603,2
35604,2
35605,2
35606,2
35607,2
35608,2
35609,2
35610,2
35611,2
35612,2
35613,2
35614,3
35615,2
35616,2
35617,2
35618,2
35619,2
35620,2
35621,2
35622,2
35623,2
35624,2
35625,3
35626,3
35627,2
35628,2
35629,3
35630,2
35631,2
35632,2
35633,2
35634,2
35635,2
35636,2
35637,2
35638,3
35639,2
35640,2
35641,2
35642,2
35643,2
35644,2
35645,2
35646,2
35647,2
35648,2
35649,2
35650,2
35651,2
35652,2
35653,2
35654,3
35655,2
35656,2
35657,3
35658,2
35659,2
35660,2
35661,3
35662,2
35663,2
35664,2
35665,2
35666,2
35667,2
35668,2
35669,2
35670,2
35671,2
35672,2
35673,3
35674,2
35675,2
35676,2
35677,2
35678,2
35679,2
35680,2
35681,2
35682,3
35683,2
35684,2
35685,2
35686,2
35687,2
35688,2
35689,3
35690,2
35691,2
35692,2
35693,2
35694,2
35695,2
35696,2
35697,3
35698,2
35699,2
35700,2
35701,2
35702,2
35703,2
35704,2
35705,2
35706,2
35707,2
35708,2
35709,3
35710,2
35711,2
35712,2
35713,2
35714,2
35715,3
35716,2
35717,2
35718,2
35719,2
35720,2
35721,2
35722,3
35723,2
35724,2
35725,2
35726,2
35727,2
35728,3
35729,2
35730,2
35731,2
35732,2
35733,2
35734,2
35735,2
35736,2
35737,2
35738,2
35739,2
35740,2
35741,2
35742,2
35743,2
35744,2
35745,2
35746,3
35747,3
35748,2
35749,2
35750,0
35751,3
35752,3
35753,2
35754,2
35755,2
35756,2
35757,0
35758,2
35759,2
35760,2
35761,2
35762,3
35763,2
35764,2
35765,2
35766,2
35767,2
35768,2
35769,3
35770,2
35771,2
35772,2
35773,2
35774,2
35775,3
35776,0
35777,2
35778,2
35779,2
35780,2
35781,2
35782,2
35783,2
35784,2
35785,2
35786,3
35787,3
35788,3
35789,3
35790,3
35791,3
35792,3
35793,0
35794,0
35795,3
35796,0
35797,2
35798,2
35799,3
35800,0
35801,3
35802,0
35803,2
35804,2
35805,3
35806,2
35807,2
35808,2
35809,2
35810,2
35811,2
35812,2
35813,2
35814,2
35815,2
35816,2
35817,2
35818,0
35819,2
35820,2
35821,2
35822,2
35823,2
35824,2
35825,2
35826,2
35827,3
35828,2
35829,2
35830,2
35831,2
35832,2
35833,3
35834,2
35835,2
35836,2
35837,2
35838,2
35839,2
35840,2
35841,2
35842,3
35843,2
35844,2
35845,2
35846,2
35847,2
35848,2
35849,2
35850,2
35851,3
35852,2
35853,3
35854,2
35855,2
35856,3
35857,2
35858,2
35859,2
35860,2
35861,2
35862,2
35863,2
35864,2
35865,2
35866,2
35867,2
35868,2
35869,2
35870,2
35871,2
35872,3
35873,2
35874,2
35875,3
35876,2
35877,2
35878,3
35879,2
35880,2
35881,2
35882,2
35883,2
35884,2
35885,2
35886,2
35887,2
35888,2
35889,3
35890,2
35891,2
35892,3
35893,2
35894,2
35895,2
35896,2
35897,2
35898,2
35899,2
35900,2
35901,2
35902,2
35903,2
35904,3
35905,3
35906,3
35907,2
35908,2
35909,2
35910,2
35911,2
35912,2
35913,2
35914,2
35915,2
35916,2
35917,2
35918,2
35919,0
35920,2
35921,2
35922,3
35923,2
35924,3
35925,2
35926,2
35927,2
35928,2
35929,3
35930,2
35931,2
35932,2
35933,2
35934,3
35935,2
35936,2
35937,2
35938,3
35939,2
35940,3
35941,2
35942,2
35943,2
35944,2
35945,2
35946,2
35947,2
35948,2
35949,2
35950,2
35951,2
35952,2
35953,2
35954,2
35955,2
35956,2
35957,2
35958,2
35959,2
35960,2
35961,3
35962,2
35963,2
35964,2
35965,2
35966,2
35967,2
35968,2
35969,2
35970,2
35971,2
35972,2
35973,3
35974,2
35975,2
35976,2
35977,2
35978,3
35979,0
35980,2
35981,2
35982,2
35983,2
35984,2
35985,0
35986,2
35987,2
35988,2
35989,2
35990,2
35991,2
35992,2
35993,2
35994,2
35995,2
35996,2
35997,2
35998,2
35999,2
36000,2
36001,2
36002,2
36003,2
36004,2
36005,2
36006,2
36007,2
36008,2
36009,2
36010,2
36011,2
36012,2
36013,2
36014,2
36015,2
36016,2
36017,2
36018,2
36019,2
36020,2
36021,2
36022,2
36023,2
36024,2
36025,2
36026,3
36027,3
36028,2
36029,2
36030,2
36031,3
36032,2
36033,3
36034,0
36035,2
36036,0
36037,2
36038,2
36039,2
36040,2
36041,2
36042,2
36043,2
36044,2
36045,2
36046,2
36047,2
36048,2
36049,2
36050,3
36051,2
36052,2
36053,2
36054,2
36055,3
36056,2
36057,3
36058,2
36059,2
36060,2
36061,3
36062,2
36063,2
36064,2
36065,2
36066,2
36067,2
36068,2
36069,2
36070,2
36071,2
36072,2
36073,2
36074,3
36075,2
36076,2
36077,2
36078,2
36079,2
36080,2
36081,2
36082,2
36083,2
36084,2
36085,2
36086,2
36087,2
36088,2
36089,2
36090,2
36091,3
36092,0
36093,2
36094,2
36095,2
36096,2
36097,2
36098,2
36099,2
36100,2
36101,2
36102,2
36103,2
36104,2
36105,2
36106,2
36107,2
36108,2
36109,2
36110,3
36111,2
36112,2
36113,3
36114,2
36115,2
36116,2
36117,0
36118,2
36119,2
36120,2
36121,2
36122,3
36123,2
36124,2
36125,2
36126,2
36127,2
36128,3
36129,3
36130,2
36131,2
36132,2
36133,2
36134,2
36135,2
36136,2
36137,2
36138,2
36139,2
36140,2
36141,2
36142,3
36143,2
36144,2
36145,2
36146,2
36147,2
36148,2
36149,3
36150,2
36151,2
36152,2
36153,2
36154,2
36155,2
36156,2
36157,2
36158,2
36159,2
36160,2
36161,2
36162,2
36163,2
36164,2
36165,2
36166,2
36167,2
36168,2
36169,2
36170,2
36171,3
36172,2
36173,2
36174,2
36175,2
36176,2
36177,2
36178,3
36179,2
36180,2
36181,2
36182,2
36183,2
36184,2
36185,2
36186,2
36187,2
36188,2
36189,2
36190,2
36191,3
36192,2
36193,2
36194,2
36195,2
36196,2
36197,2
36198,2
36199,2
36200,2
36201,2
36202,3
36203,2
36204,2
36205,2
36206,2
36207,0
36208,2
36209,2
36210,2
36211,2
36212,2
36213,2
36214,2
36215,2
36216,2
36217,3
36218,2
36219,2
36220,3
36221,2
36222,2
36223,2
36224,3
36225,3
36226,3
36227,2
36228,2
36229,2
36230,2
36231,2
36232,2
36233,2
36234,2
36235,2
36236,2
36237,2
36238,2
36239,3
36240,2
36241,2
36242,2
36243,2
36244,3
36245,2
36246,2
36247,2
36248,2
36249,2
36250,2
36251,2
36252,2
36253,2
36254,2
36255,3
36256,2
36257,2
36258,2
36259,2
36260,2
36261,2
36262,2
36263,3
36264,3
36265,2
36266,2
36267,2
36268,2
36269,2
36270,2
36271,2
36272,2
36273,2
36274,2
36275,2
36276,2
36277,2
36278,2
36279,2
36280,2
36281,2
36282,2
36283,2
36284,2
36285,2
36286,2
36287,2
36288,2
36289,3
36290,2
36291,2
36292,2
36293,2
36294,2
36295,2
36296,2
36297,2
36298,2
36299,2
36300,2
36301,2
36302,2
36303,3
36304,2
36305,2
36306,2
36307,3
36308,2
36309,2
36310,2
36311,2
36312,2
36313,2
36314,2
36315,2
36316,2
36317,2
36318,2
36319,2
36320,2
36321,2
36322,2
36323,2
36324,2
36325,2
36326,2
36327,2
36328,2
36329,2
36330,2
36331,3
36332,2
36333,2
36334,2
36335,2
36336,2
36337,2
36338,2
36339,2
36340,2
36341,2
36342,2
36343,2
36344,2
36345,2
36346,2
36347,2
36348,2
36349,3
36350,2
36351,2
36352,2
36353,2
36354,2
36355,2
36356,2
36357,2
36358,2
36359,2
36360,2
36361,2
36362,2
36363,2
36364,2
36365,3
36366,2
36367,3
36368,2
36369,2
36370,2
36371,2
36372,2
36373,2
36374,2
36375,2
36376,2
36377,2
36378,2
36379,2
36380,2
36381,3
36382,2
36383,2
36384,2
36385,2
36386,2
36387,3
36388,2
36389,2
36390,3
36391,2
36392,2
36393,2
36394,2
36395,2
36396,2
36397,2
36398,2
36399,2
36400,2
36401,2
36402,3
36403,2
36404,2
36405,2
36406,2
36407,0
36408,3
36409,2
36410,2
36411,2
36412,2
36413,2
36414,2
36415,3
36416,2
36417,2
36418,2
36419,2
36420,2
36421,2
36422,2
36423,2
36424,2
36425,2
36426,2
36427,2
36428,2
36429,3
36430,2
36431,2
36432,2
36433,2
36434,2
36435,2
36436,2
36437,2
36438,2
36439,3
36440,2
36441,2
36442,2
36443,2
36444,2
36445,2
36446,2
36447,3
36448,2
36449,2
36450,2
36451,2
36452,2
36453,2
36454,2
36455,2
36456,2
36457,2
36458,0
36459,2
36460,2
36461,2
36462,2
36463,2
36464,2
36465,2
36466,2
36467,2
36468,2
36469,2
36470,2
36471,2
36472,2
36473,2
36474,2
36475,2
36476,2
36477,2
36478,2
36479,2
36480,0
36481,2
36482,2
36483,2
36484,3
36485,3
36486,2
36487,2
36488,2
36489,2
36490,2
36491,2
36492,2
36493,2
36494,2
36495,2
36496,2
36497,2
36498,3
36499,2
36500,2
36501,3
36502,2
36503,3
36504,2
36505,2
36506,2
36507,2
36508,2
36509,2
36510,2
36511,2
36512,2
36513,2
36514,2
36515,2
36516,2
36517,2
36518,2
36519,2
36520,2
36521,2
36522,2
36523,2
36524,2
36525,2
36526,2
36527,2
36528,3
36529,3
36530,2
36531,2
36532,2
36533,3
36534,2
36535,2
36536,2
36537,2
36538,2
36539,2
36540,2
36541,2
36542,2
36543,2
36544,2
36545,2
36546,2
36547,2
36548,2
36549,2
36550,3
36551,2
36552,2
36553,2
36554,2
36555,3
36556,2
36557,3
36558,2
36559,2
36560,2
36561,2
36562,2
36563,2
36564,2
36565,2
36566,2
36567,2
36568,3
36569,3
36570,2
36571,2
36572,2
36573,3
36574,2
36575,2
36576,2
36577,3
36578,2
36579,3
36580,2
36581,2
36582,2
36583,2
36584,2
36585,2
36586,2
36587,2
36588,2
36589,2
36590,2
36591,2
36592,2
36593,2
36594,0
36595,2
36596,2
36597,3
36598,2
36599,2
36600,2
36601,2
36602,2
36603,2
36604,2
36605,2
36606,2
36607,2
36608,2
36609,2
36610,2
36611,2
36612,2
36613,3
36614,2
36615,0
36616,3
36617,2
36618,2
36619,2
36620,2
36621,2
36622,2
36623,2
36624,2
36625,2
36626,3
36627,2
36628,2
36629,2
36630,0
36631,2
36632,2
36633,2
36634,2
36635,2
36636,2
36637,3
36638,2
36639,2
36640,0
36641,2
36642,2
36643,2
36644,2
36645,2
36646,2
36647,3
36648,2
36649,2
36650,2
36651,3
36652,2
36653,2
36654,2
36655,2
36656,2
36657,2
36658,2
36659,2
36660,2
36661,2
36662,2
36663,2
36664,2
36665,2
36666,2
36667,2
36668,2
36669,2
36670,2
36671,3
36672,2
36673,2
36674,2
36675,2
36676,3
36677,2
36678,2
36679,2
36680,2
36681,2
36682,2
36683,2
36684,2
36685,2
36686,2
36687,2
36688,2
36689,2
36690,2
36691,2
36692,2
36693,2
36694,2
36695,2
36696,3
36697,3
36698,2
36699,3
36700,2
36701,3
36702,2
36703,2
36704,3
36705,2
36706,2
36707,2
36708,2
36709,2
36710,2
36711,2
36712,2
36713,3
36714,2
36715,2
36716,2
36717,3
36718,2
36719,3
36720,2
36721,2
36722,2
36723,2
36724,2
36725,2
36726,2
36727,2
36728,3
36729,2
36730,2
36731,2
36732,0
36733,2
36734,2
36735,2
36736,2
36737,2
36738,2
36739,2
36740,2
36741,2
36742,2
36743,2
36744,2
36745,2
36746,2
36747,3
36748,2
36749,2
36750,2
36751,2
36752,2
36753,2
36754,2
36755,3
36756,2
36757,2
36758,2
36759,2
36760,2
36761,3
36762,2
36763,2
36764,2
36765,3
36766,2
36767,3
36768,2
36769,2
36770,2
36771,2
36772,2
36773,2
36774,2
36775,2
36776,2
36777,2
36778,2
36779,2
36780,2
36781,2
36782,3
36783,2
36784,2
36785,2
36786,2
36787,2
36788,2
36789,2
36790,3
36791,2
36792,2
36793,2
36794,2
36795,3
36796,2
36797,2
36798,3
36799,3
36800,2
36801,2
36802,2
36803,2
36804,2
36805,3
36806,2
36807,2
36808,2
36809,2
36810,2
36811,2
36812,2
36813,2
36814,3
36815,3
36816,2
36817,2
36818,2
36819,2
36820,2
36821,2
36822,2
36823,2
36824,2
36825,2
36826,2
36827,2
36828,2
36829,3
36830,2
36831,2
36832,2
36833,2
36834,2
36835,2
36836,2
36837,2
36838,2
36839,2
36840,2
36841,0
36842,2
36843,2
36844,2
36845,3
36846,2
36847,2
36848,0
36849,0
36850,2
36851,2
36852,2
36853,2
36854,2
36855,2
36856,2
36857,2
36858,2
36859,2
36860,2
36861,2
36862,2
36863,2
36864,2
36865,2
36866,2
36867,3
36868,2
36869,2
36870,2
36871,2
36872,2
36873,2
36874,2
36875,2
36876,2
36877,2
36878,2
36879,2
36880,2
36881,2
36882,2
36883,2
36884,2
36885,2
36886,2
36887,2
36888,3
36889,2
36890,2
36891,2
36892,2
36893,3
36894,3
36895,3
36896,2
36897,2
36898,2
36899,2
36900,2
36901,2
36902,3
36903,2
36904,2
36905,2
36906,2
36907,2
36908,2
36909,2
36910,2
36911,3
36912,2
36913,2
36914,2
36915,2
36916,2
36917,2
36918,2
36919,2
36920,2
36921,2
36922,2
36923,2
36924,2
36925,2
36926,2
36927,2
36928,2
36929,2
36930,2
36931,2
36932,2
36933,2
36934,3
36935,2
36936,2
36937,2
36938,2
36939,2
36940,2
36941,0
36942,3
36943,2
36944,2
36945,2
36946,2
36947,2
36948,2
36949,2
36950,2
36951,2
36952,3
36953,2
36954,2
36955,2
36956,2
36957,0
36958,2
36959,2
36960,0
36961,2
36962,2
36963,3
36964,2
36965,2
36966,2
36967,2
36968,2
36969,2
36970,2
36971,2
36972,3
36973,2
36974,2
36975,2
36976,2
36977,2
36978,2
36979,2
36980,2
36981,2
36982,2
36983,2
36984,2
36985,2
36986,2
36987,2
36988,2
36989,2
36990,2
36991,2
36992,2
36993,2
36994,2
36995,2
36996,2
36997,2
36998,2
36999,3
37000,2
37001,2
37002,2
37003,2
37004,2
37005,3
37006,2
37007,2
37008,3
37009,3
37010,3
37011,2
37012,2
37013,2
37014,2
37015,3
37016,2
37017,2
37018,0
37019,2
37020,2
37021,2
37022,2
37023,0
37024,0
37025,2
37026,0
37027,2
37028,2
37029,2
37030,2
37031,2
37032,2
37033,3
37034,2
37035,2
37036,2
37037,2
37038,2
37039,3
37040,2
37041,2
37042,2
37043,2
37044,2
37045,2
37046,2
37047,2
37048,2
37049,2
37050,3
37051,2
37052,2
37053,2
37054,2
37055,2
37056,2
37057,2
37058,2
37059,2
37060,3
37061,3
37062,2
37063,2
37064,2
37065,2
37066,2
37067,2
37068,2
37069,2
37070,2
37071,2
37072,2
37073,2
37074,3
37075,2
37076,2
37077,3
37078,2
37079,2
37080,2
37081,2
37082,2
37083,2
37084,2
37085,2
37086,2
37087,2
37088,2
37089,2
37090,2
37091,2
37092,2
37093,2
37094,2
37095,2
37096,2
37097,2
37098,3
37099,2
37100,3
37101,2
37102,2
37103,2
37104,2
37105,2
37106,3
37107,3
37108,2
37109,2
37110,2
37111,2
37112,2
37113,2
37114,2
37115,2
37116,2
37117,2
37118,2
37119,2
37120,2
37121,3
37122,2
37123,2
37124,2
37125,2
37126,2
37127,3
37128,2
37129,2
37130,2
37131,2
37132,2
37133,2
37134,2
37135,2
37136,2
37137,2
37138,2
37139,2
37140,2
37141,2
37142,2
37143,2
37144,2
37145,2
37146,3
37147,2
37148,3
37149,2
37150,2
37151,2
37152,2
37153,2
37154,3
37155,2
37156,2
37157,2
37158,2
37159,2
37160,2
37161,2
37162,2
37163,2
37164,2
37165,3
37166,2
37167,2
37168,2
37169,2
37170,3
37171,2
37172,2
37173,2
37174,3
37175,2
37176,2
37177,2
37178,2
37179,2
37180,0
37181,3
37182,2
37183,2
37184,2
37185,2
37186,2
37187,2
37188,0
37189,2
37190,3
37191,2
37192,2
37193,0
37194,2
37195,2
37196,2
37197,3
37198,2
37199,2
37200,2
37201,2
37202,0
37203,2
37204,2
37205,2
37206,2
37207,2
37208,2
37209,2
37210,2
37211,2
37212,3
37213,3
37214,0
37215,2
37216,2
37217,2
37218,2
37219,2
37220,3
37221,3
37222,2
37223,2
37224,0
37225,2
37226,2
37227,2
37228,2
37229,2
37230,2
37231,2
37232,3
37233,2
37234,2
37235,2
37236,2
37237,0
37238,2
37239,2
37240,2
37241,3
37242,2
37243,2
37244,2
37245,3
37246,2
37247,2
37248,2
37249,2
37250,2
37251,3
37252,2
37253,2
37254,2
37255,2
37256,2
37257,2
37258,2
37259,2
37260,2
37261,2
37262,2
37263,2
37264,2
37265,2
37266,2
37267,2
37268,2
37269,2
37270,2
37271,2
37272,3
37273,2
37274,3
37275,2
37276,2
37277,2
37278,2
37279,2
37280,2
37281,2
37282,2
37283,3
37284,2
37285,3
37286,2
37287,2
37288,2
37289,2
37290,2
37291,2
37292,2
37293,2
37294,2
37295,2
37296,2
37297,2
37298,2
37299,2
37300,2
37301,2
37302,2
37303,2
37304,2
37305,2
37306,2
37307,0
37308,2
37309,3
37310,2
37311,2
37312,3
37313,2
37314,3
37315,2
37316,2
37317,2
37318,2
37319,2
37320,2
37321,2
37322,3
37323,2
37324,2
37325,2
37326,3
37327,2
37328,2
37329,2
37330,2
37331,2
37332,2
37333,2
37334,2
37335,2
37336,2
37337,2
37338,2
37339,2
37340,2
37341,2
37342,2
37343,2
37344,2
37345,2
37346,2
37347,2
37348,2
37349,0
37350,2
37351,2
37352,2
37353,2
37354,2
37355,2
37356,0
37357,3
37358,2
37359,2
37360,2
37361,2
37362,2
37363,2
37364,2
37365,2
37366,2
37367,2
37368,2
37369,2
37370,2
37371,2
37372,2
37373,2
37374,2
37375,2
37376,2
37377,2
37378,2
37379,2
37380,2
37381,2
37382,2
37383,2
37384,2
37385,2
37386,2
37387,2
37388,2
37389,2
37390,2
37391,2
37392,2
37393,2
37394,2
37395,2
37396,2
37397,2
37398,2
37399,2
37400,2
37401,3
37402,2
37403,2
37404,2
37405,2
37406,2
37407,2
37408,2
37409,2
37410,2
37411,2
37412,2
37413,2
37414,3
37415,2
37416,3
37417,2
37418,2
37419,2
37420,2
37421,2
37422,2
37423,2
37424,2
37425,2
37426,2
37427,2
37428,2
37429,3
37430,2
37431,2
37432,2
37433,2
37434,2
37435,2
37436,2
37437,2
37438,2
37439,2
37440,2
37441,2
37442,2
37443,2
37444,2
37445,2
37446,3
37447,2
37448,2
37449,3
37450,2
37451,2
37452,2
37453,2
37454,2
37455,2
37456,2
37457,2
37458,2
37459,2
37460,2
37461,2
37462,2
37463,2
37464,2
37465,2
37466,2
37467,2
37468,2
37469,2
37470,2
37471,2
37472,2
37473,3
37474,2
37475,2
37476,2
37477,2
37478,2
37479,3
37480,2
37481,2
37482,2
37483,2
37484,2
37485,2
37486,3
37487,2
37488,3
37489,3
37490,2
37491,2
37492,2
37493,2
37494,2
37495,2
37496,3
37497,2
37498,2
37499,2
37500,2
37501,2
37502,2
37503,2
37504,2
37505,2
37506,3
37507,2
37508,2
37509,2
37510,2
37511,2
37512,2
37513,2
37514,2
37515,2
37516,2
37517,2
37518,2
37519,2
37520,3
37521,3
37522,2
37523,2
37524,2
37525,2
37526,2
37527,2
37528,2
37529,2
37530,2
37531,3
37532,2
37533,2
37534,2
37535,2
37536,2
37537,3
37538,2
37539,2
37540,2
37541,2
37542,2
37543,2
37544,2
37545,2
37546,2
37547,2
37548,3
37549,3
37550,2
37551,2
37552,2
37553,2
37554,2
37555,2
37556,3
37557,2
37558,2
37559,2
37560,2
37561,2
37562,2
37563,2
37564,2
37565,2
37566,2
37567,2
37568,2
37569,2
37570,2
37571,2
37572,2
37573,2
37574,2
37575,2
37576,2
37577,2
37578,2
37579,2
37580,2
37581,2
37582,3
37583,2
37584,2
37585,2
37586,2
37587,2
37588,2
37589,3
37590,2
37591,2
37592,2
37593,2
37594,2
37595,2
37596,0
37597,2
37598,2
37599,2
37600,2
37601,2
37602,2
37603,2
37604,2
37605,2
37606,2
37607,2
37608,2
37609,2
37610,2
37611,2
37612,2
37613,2
37614,2
37615,3
37616,2
37617,2
37618,3
37619,2
37620,2
37621,2
37622,2
37623,2
37624,2
37625,2
37626,2
37627,2
37628,2
37629,2
37630,3
37631,2
37632,2
37633,2
37634,3
37635,2
37636,3
37637,2
37638,3
37639,3
37640,2
37641,2
37642,2
37643,3
37644,2
37645,2
37646,2
37647,2
37648,2
37649,3
37650,2
37651,2
37652,2
37653,2
37654,2
37655,2
37656,2
37657,2
37658,2
37659,2
37660,2
37661,2
37662,2
37663,2
37664,2
37665,3
37666,2
37667,2
37668,2
37669,2
37670,2
37671,2
37672,2
37673,2
37674,2
37675,2
37676,2
37677,3
37678,2
37679,3
37680,2
37681,2
37682,0
37683,2
37684,2
37685,2
37686,2
37687,2
37688,2
37689,3
37690,2
37691,2
37692,2
37693,2
37694,2
37695,2
37696,2
37697,2
37698,2
37699,2
37700,2
37701,2
37702,3
37703,2
37704,3
37705,2
37706,2
37707,2
37708,2
37709,2
37710,2
37711,2
37712,2
37713,2
37714,2
37715,2
37716,2
37717,2
37718,2
37719,2
37720,2
37721,3
37722,2
37723,2
37724,2
37725,2
37726,3
37727,2
37728,2
37729,2
37730,2
37731,3
37732,2
37733,2
37734,2
37735,2
37736,2
37737,2
37738,3
37739,3
37740,2
37741,2
37742,2
37743,2
37744,2
37745,2
37746,2
37747,2
37748,2
37749,2
37750,2
37751,2
37752,2
37753,2
37754,2
37755,2
37756,2
37757,2
37758,2
37759,0
37760,0
37761,2
37762,2
37763,2
37764,2
37765,2
37766,2
37767,2
37768,2
37769,2
37770,2
37771,3
37772,2
37773,2
37774,0
37775,0
37776,0
37777,2
37778,2
37779,2
37780,2
37781,2
37782,3
37783,2
37784,2
37785,2
37786,2
37787,2
37788,2
37789,3
37790,2
37791,2
37792,2
37793,2
37794,2
37795,3
37796,3
37797,2
37798,2
37799,2
37800,2
37801,2
37802,2
37803,2
37804,2
37805,3
37806,2
37807,2
37808,3
37809,2
37810,2
37811,2
37812,2
37813,3
37814,2
37815,2
37816,3
37817,2
37818,2
37819,2
37820,2
37821,2
37822,2
37823,2
37824,2
37825,2
37826,2
37827,3
37828,2
37829,2
37830,2
37831,2
37832,2
37833,2
37834,2
37835,2
37836,3
37837,2
37838,2
37839,2
37840,2
37841,2
37842,2
37843,2
37844,2
37845,2
37846,2
37847,2
37848,2
37849,2
37850,2
37851,2
37852,2
37853,2
37854,2
37855,2
37856,2
37857,2
37858,2
37859,2
37860,2
37861,2
37862,2
37863,3
37864,2
37865,2
37866,2
37867,2
37868,2
37869,2
37870,2
37871,2
37872,2
37873,2
37874,2
37875,2
37876,3
37877,2
37878,2
37879,2
37880,2
37881,2
37882,2
37883,2
37884,2
37885,2
37886,2
37887,2
37888,2
37889,2
37890,2
37891,2
37892,2
37893,0
37894,2
37895,2
37896,2
37897,0
37898,2
37899,2
37900,2
37901,2
37902,3
37903,2
37904,2
37905,2
37906,2
37907,2
37908,2
37909,2
37910,2
37911,2
37912,3
37913,2
37914,2
37915,2
37916,2
37917,2
37918,3
37919,2
37920,2
37921,2
37922,2
37923,0
37924,0
37925,2
37926,2
37927,3
37928,2
37929,2
37930,3
37931,2
37932,2
37933,2
37934,2
37935,2
37936,3
37937,2
37938,0
37939,3
37940,2
37941,2
37942,2
37943,2
37944,2
37945,2
37946,2
37947,3
37948,2
37949,2
37950,2
37951,2
37952,2
37953,2
37954,2
37955,2
37956,2
37957,2
37958,2
37959,2
37960,2
37961,2
37962,2
37963,2
37964,2
37965,3
37966,2
37967,2
37968,2
37969,2
37970,2
37971,2
37972,2
37973,2
37974,2
37975,2
37976,2
37977,2
37978,2
37979,2
37980,2
37981,3
37982,2
37983,2
37984,2
37985,2
37986,2
37987,2
37988,2
37989,2
37990,2
37991,2
37992,2
37993,2
37994,2
37995,2
37996,0
37997,2
37998,2
37999,2
38000,2
38001,2
38002,2
38003,2
38004,2
38005,2
38006,2
38007,2
38008,2
38009,2
38010,2
38011,2
38012,2
38013,2
38014,2
38015,2
38016,2
38017,2
38018,2
38019,2
38020,2
38021,3
38022,2
38023,2
38024,2
38025,2
38026,2
38027,2
38028,2
38029,2
38030,2
38031,2
38032,2
38033,2
38034,2
38035,2
38036,2
38037,2
38038,0
38039,2
38040,3
38041,2
38042,3
38043,2
38044,2
38045,2
38046,3
38047,2
38048,2
38049,3
38050,2
38051,2
38052,2
38053,2
38054,2
38055,2
38056,2
38057,2
38058,2
38059,3
38060,2
38061,2
38062,2
38063,2
38064,2
38065,2
38066,2
38067,2
38068,3
38069,2
38070,2
38071,2
38072,2
38073,2
38074,2
38075,3
38076,2
38077,2
38078,2
38079,2
38080,2
38081,2
38082,2
38083,2
38084,2
38085,3
38086,2
38087,2
38088,2
38089,2
38090,2
38091,2
38092,2
38093,3
38094,2
38095,2
38096,2
38097,2
38098,2
38099,2
38100,2
38101,2
38102,2
38103,2
38104,2
38105,3
38106,2
38107,2
38108,2
38109,2
38110,2
38111,2
38112,2
38113,2
38114,2
38115,2
38116,2
38117,2
38118,2
38119,2
38120,2
38121,2
38122,3
38123,3
38124,2
38125,2
38126,2
38127,2
38128,2
38129,2
38130,2
38131,2
38132,2
38133,2
38134,2
38135,2
38136,2
38137,2
38138,2
38139,2
38140,2
38141,2
38142,2
38143,2
38144,2
38145,2
38146,2
38147,2
38148,2
38149,2
38150,2
38151,2
38152,3
38153,2
38154,2
38155,2
38156,3
38157,2
38158,2
38159,2
38160,2
38161,3
38162,2
38163,3
38164,2
38165,2
38166,2
38167,2
38168,2
38169,2
38170,2
38171,2
38172,3
38173,2
38174,2
38175,3
38176,2
38177,2
38178,2
38179,3
38180,2
38181,2
38182,3
38183,2
38184,3
38185,2
38186,2
38187,2
38188,2
38189,2
38190,2
38191,2
38192,2
38193,2
38194,3
38195,3
38196,2
38197,2
38198,2
38199,2
38200,2
38201,2
38202,2
38203,2
38204,2
38205,2
38206,2
38207,2
38208,2
38209,3
38210,3
38211,2
38212,2
38213,2
38214,2
38215,2
38216,3
38217,2
38218,2
38219,2
38220,2
38221,3
38222,3
38223,2
38224,2
38225,2
38226,2
38227,2
38228,2
38229,2
38230,2
38231,3
38232,3
38233,3
38234,0
38235,2
38236,3
38237,2
38238,2
38239,2
38240,0
38241,2
38242,2
38243,2
38244,2
38245,2
38246,2
38247,3
38248,0
38249,2
38250,2
38251,3
38252,2
38253,2
38254,2
38255,2
38256,2
38257,2
38258,2
38259,2
38260,2
38261,3
38262,2
38263,2
38264,2
38265,2
38266,3
38267,2
38268,3
38269,2
38270,2
38271,2
38272,2
38273,2
38274,2
38275,2
38276,2
38277,2
38278,2
38279,2
38280,2
38281,0
38282,2
38283,2
38284,2
38285,2
38286,2
38287,2
38288,2
38289,2
38290,2
38291,2
38292,2
38293,2
38294,2
38295,2
38296,2
38297,2
38298,2
38299,2
38300,2
38301,2
38302,2
38303,2
38304,2
38305,3
38306,2
38307,2
38308,2
38309,2
38310,2
38311,2
38312,2
38313,2
38314,2
38315,2
38316,2
38317,2
38318,2
38319,2
38320,2
38321,2
38322,2
38323,2
38324,2
38325,2
38326,3
38327,2
38328,3
38329,2
38330,2
38331,2
38332,3
38333,2
38334,2
38335,2
38336,2
38337,2
38338,2
38339,2
38340,2
38341,2
38342,2
38343,2
38344,2
38345,2
38346,2
38347,2
38348,2
38349,2
38350,2
38351,2
38352,3
38353,2
38354,2
38355,2
38356,2
38357,2
38358,2
38359,2
38360,2
38361,2
38362,2
38363,3
38364,2
38365,2
38366,2
38367,2
38368,0
38369,2
38370,2
38371,2
38372,0
38373,2
38374,0
38375,2
38376,2
38377,2
38378,2
38379,2
38380,2
38381,2
38382,2
38383,3
38384,3
38385,2
38386,2
38387,2
38388,2
38389,2
38390,2
38391,2
38392,2
38393,2
38394,2
38395,2
38396,2
38397,2
38398,2
38399,2
38400,2
38401,2
38402,2
38403,2
38404,2
38405,2
38406,2
38407,2
38408,2
38409,2
38410,3
38411,2
38412,2
38413,2
38414,2
38415,2
38416,2
38417,2
38418,2
38419,2
38420,2
38421,2
38422,2
38423,2
38424,0
38425,0
38426,0
38427,2
38428,2
38429,2
38430,2
38431,3
38432,2
38433,2
38434,2
38435,3
38436,2
38437,2
38438,2
38439,2
38440,2
38441,2
38442,3
38443,2
38444,3
38445,2
38446,2
38447,2
38448,2
38449,2
38450,0
38451,2
38452,2
38453,2
38454,2
38455,2
38456,2
38457,0
38458,2
38459,2
38460,2
38461,2
38462,3
38463,2
38464,2
38465,2
38466,2
38467,2
38468,3
38469,2
38470,2
38471,2
38472,2
38473,3
38474,2
38475,3
38476,2
38477,2
38478,2
38479,2
38480,2
38481,2
38482,3
38483,2
38484,2
38485,2
38486,3
38487,2
38488,0
38489,3
38490,2
38491,2
38492,2
38493,2
38494,2
38495,2
38496,3
38497,3
38498,2
38499,2
38500,2
38501,2
38502,2
38503,2
38504,2
38505,2
38506,3
38507,2
38508,2
38509,2
38510,2
38511,3
38512,2
38513,2
38514,2
38515,2
38516,2
38517,2
38518,2
38519,2
38520,2
38521,2
38522,3
38523,3
38524,0
38525,0
38526,2
38527,2
38528,2
38529,2
38530,2
38531,2
38532,2
38533,2
38534,3
38535,2
38536,2
38537,3
38538,2
38539,2
38540,2
38541,2
38542,2
38543,2
38544,2
38545,2
38546,2
38547,2
38548,2
38549,2
38550,3
38551,2
38552,2
38553,2
38554,2
38555,2
38556,2
38557,2
38558,2
38559,2
38560,2
38561,2
38562,2
38563,2
38564,2
38565,2
38566,2
38567,2
38568,2
38569,2
38570,2
38571,2
38572,2
38573,2
38574,2
38575,2
38576,2
38577,2
38578,3
38579,2
38580,2
38581,2
38582,2
38583,2
38584,3
38585,2
38586,3
38587,2
38588,2
38589,2
38590,2
38591,2
38592,2
38593,2
38594,2
38595,3
38596,2
38597,3
38598,3
38599,2
38600,2
38601,2
38602,2
38603,2
38604,2
38605,2
38606,2
38607,2
38608,2
38609,2
38610,2
38611,2
38612,2
38613,2
38614,2
38615,2
38616,2
38617,2
38618,2
38619,2
38620,2
38621,2
38622,3
38623,2
38624,2
38625,2
38626,3
38627,2
38628,3
38629,2
38630,2
38631,2
38632,2
38633,2
38634,2
38635,2
38636,2
38637,2
38638,2
38639,3
38640,2
38641,2
38642,3
38643,2
38644,2
38645,2
38646,2
38647,2
38648,2
38649,2
38650,2
38651,2
38652,2
38653,2
38654,2
38655,2
38656,2
38657,3
38658,2
38659,2
38660,2
38661,2
38662,2
38663,2
38664,2
38665,2
38666,3
38667,2
38668,2
38669,2
38670,3
38671,2
38672,2
38673,2
38674,2
38675,2
38676,3
38677,2
38678,2
38679,2
38680,3
38681,3
38682,2
38683,2
38684,2
38685,2
38686,2
38687,2
38688,2
38689,2
38690,2
38691,3
38692,2
38693,2
38694,3
38695,2
38696,2
38697,2
38698,3
38699,2
38700,2
38701,2
38702,2
38703,2
38704,2
38705,2
38706,2
38707,2
38708,2
38709,2
38710,2
38711,2
38712,2
38713,2
38714,3
38715,3
38716,2
38717,2
38718,2
38719,2
38720,2
38721,2
38722,2
38723,2
38724,2
38725,2
38726,2
38727,2
38728,2
38729,3
38730,2
38731,2
38732,2
38733,2
38734,2
38735,2
38736,2
38737,3
38738,2
38739,2
38740,3
38741,2
38742,2
38743,2
38744,2
38745,2
38746,3
38747,2
38748,2
38749,2
38750,2
38751,2
38752,2
38753,2
38754,2
38755,2
38756,3
38757,2
38758,2
38759,2
38760,2
38761,2
38762,2
38763,2
38764,2
38765,2
38766,2
38767,3
38768,2
38769,2
38770,2
38771,2
38772,3
38773,3
38774,3
38775,2
38776,2
38777,3
38778,2
38779,2
38780,2
38781,2
38782,2
38783,2
38784,2
38785,2
38786,2
38787,2
38788,2
38789,2
38790,3
38791,2
38792,2
38793,2
38794,2
38795,2
38796,2
38797,2
38798,3
38799,2
38800,2
38801,3
38802,3
38803,2
38804,3
38805,2
38806,3
38807,2
38808,2
38809,3
38810,2
38811,2
38812,2
38813,3
38814,2
38815,2
38816,2
38817,0
38818,2
38819,2
38820,2
38821,2
38822,3
38823,2
38824,2
38825,2
38826,2
38827,3
38828,2
38829,2
38830,2
38831,2
38832,2
38833,2
38834,2
38835,2
38836,2
38837,2
38838,2
38839,2
38840,0
38841,2
38842,2
38843,2
38844,3
38845,2
38846,2
38847,2
38848,2
38849,2
38850,2
38851,2
38852,2
38853,3
38854,2
38855,2
38856,2
38857,2
38858,2
38859,2
38860,2
38861,2
38862,3
38863,2
38864,2
38865,2
38866,2
38867,2
38868,2
38869,2
38870,2
38871,2
38872,2
38873,2
38874,2
38875,3
38876,2
38877,3
38878,2
38879,2
38880,2
38881,2
38882,2
38883,2
38884,2
38885,2
38886,2
38887,2
38888,2
38889,2
38890,2
38891,2
38892,2
38893,2
38894,2
38895,2
38896,2
38897,2
38898,2
38899,2
38900,3
38901,2
38902,3
38903,2
38904,2
38905,2
38906,2
38907,3
38908,2
38909,2
38910,2
38911,2
38912,2
38913,3
38914,2
38915,2
38916,2
38917,2
38918,2
38919,2
38920,3
38921,2
38922,2
38923,2
38924,2
38925,2
38926,2
38927,2
38928,3
38929,2
38930,2
38931,2
38932,2
38933,2
38934,2
38935,2
38936,2
38937,2
38938,2
38939,2
38940,2
38941,2
38942,2
38943,2
38944,2
38945,2
38946,3
38947,2
38948,2
38949,2
38950,2
38951,2
38952,3
38953,2
38954,2
38955,3
38956,2
38957,2
38958,2
38959,2
38960,2
38961,2
38962,2
38963,2
38964,2
38965,2
38966,2
38967,2
38968,2
38969,2
38970,3
38971,2
38972,2
38973,2
38974,2
38975,2
38976,2
38977,2
38978,2
38979,3
38980,2
38981,2
38982,2
38983,2
38984,2
38985,3
38986,2
38987,2
38988,2
38989,2
38990,2
38991,2
38992,3
38993,2
38994,2
38995,2
38996,2
38997,3
38998,2
38999,2
39000,2
39001,2
39002,2
39003,2
39004,2
39005,2
39006,2
39007,2
39008,2
39009,2
39010,2
39011,2
39012,3
39013,2
39014,2
39015,2
39016,2
39017,2
39018,2
39019,2
39020,2
39021,2
39022,2
39023,2
39024,2
39025,2
39026,2
39027,3
39028,2
39029,2
39030,2
39031,2
39032,2
39033,3
39034,2
39035,2
39036,2
39037,2
39038,2
39039,2
39040,2
39041,2
39042,2
39043,3
39044,3
39045,2
39046,2
39047,2
39048,2
39049,2
39050,2
39051,2
39052,2
39053,2
39054,2
39055,2
39056,3
39057,2
39058,2
39059,2
39060,2
39061,2
39062,2
39063,2
39064,0
39065,3
39066,2
39067,2
39068,2
39069,2
39070,2
39071,2
39072,2
39073,2
39074,2
39075,2
39076,2
39077,2
39078,2
39079,2
39080,3
39081,2
39082,3
39083,2
39084,3
39085,2
39086,2
39087,2
39088,2
39089,2
39090,3
39091,2
39092,2
39093,0
39094,2
39095,2
39096,2
39097,3
39098,2
39099,2
39100,2
39101,2
39102,2
39103,2
39104,2
39105,2
39106,2
39107,2
39108,3
39109,2
39110,2
39111,2
39112,3
39113,2
39114,2
39115,2
39116,2
39117,2
39118,2
39119,2
39120,2
39121,2
39122,2
39123,3
39124,2
39125,3
39126,2
39127,2
39128,2
39129,2
39130,2
39131,2
39132,2
39133,2
39134,2
39135,2
39136,2
39137,2
39138,2
39139,2
39140,2
39141,3
39142,2
39143,2
39144,2
39145,2
39146,2
39147,2
39148,2
39149,2
39150,2
39151,2
39152,2
39153,2
39154,0
39155,2
39156,2
39157,3
39158,2
39159,2
39160,2
39161,2
39162,2
39163,2
39164,2
39165,2
39166,2
39167,2
39168,2
39169,2
39170,2
39171,2
39172,2
39173,3
39174,2
39175,2
39176,2
39177,2
39178,2
39179,2
39180,2
39181,2
39182,0
39183,2
39184,3
39185,3
39186,2
39187,2
39188,2
39189,2
39190,2
39191,2
39192,2
39193,3
39194,2
39195,2
39196,2
39197,2
39198,3
39199,2
39200,2
39201,2
39202,2
39203,2
39204,2
39205,2
39206,2
39207,2
39208,2
39209,3
39210,2
39211,2
39212,2
39213,2
39214,2
39215,2
39216,2
39217,2
39218,2
39219,2
39220,2
39221,3
39222,3
39223,2
39224,2
39225,2
39226,2
39227,2
39228,2
39229,2
39230,2
39231,2
39232,2
39233,3
39234,3
39235,2
39236,2
39237,2
39238,2
39239,2
39240,2
39241,2
39242,3
39243,2
39244,2
39245,2
39246,2
39247,2
39248,2
39249,2
39250,2
39251,3
39252,2
39253,3
39254,2
39255,2
39256,2
39257,2
39258,2
39259,2
39260,2
39261,3
39262,2
39263,2
39264,2
39265,2
39266,2
39267,2
39268,2
39269,3
39270,2
39271,2
39272,0
39273,2
39274,2
39275,2
39276,2
39277,2
39278,2
39279,3
39280,2
39281,2
39282,2
39283,0
39284,2
39285,2
39286,2
39287,2
39288,3
39289,2
39290,2
39291,2
39292,2
39293,3
39294,2
39295,3
39296,2
39297,2
39298,2
39299,2
39300,2
39301,2
39302,2
39303,2
39304,3
39305,2
39306,2
39307,2
39308,2
39309,2
39310,2
39311,0
39312,2
39313,2
39314,3
39315,2
39316,2
39317,2
39318,2
39319,2
39320,2
39321,2
39322,2
39323,2
39324,2
39325,3
39326,2
39327,2
39328,2
39329,2
39330,2
39331,3
39332,2
39333,2
39334,2
39335,2
39336,2
39337,2
39338,2
39339,2
39340,2
39341,2
39342,2
39343,2
39344,2
39345,2
39346,2
39347,2
39348,2
39349,3
39350,3
39351,2
39352,2
39353,2
39354,2
39355,2
39356,2
39357,2
39358,2
39359,2
39360,2
39361,2
39362,2
39363,2
39364,2
39365,2
39366,3
39367,2
39368,2
39369,2
39370,2
39371,2
39372,2
39373,2
39374,2
39375,2
39376,2
39377,2
39378,2
39379,2
39380,2
39381,2
39382,2
39383,3
39384,2
39385,2
39386,2
39387,2
39388,2
39389,2
39390,2
39391,2
39392,2
39393,2
39394,2
39395,2
39396,3
39397,2
39398,2
39399,2
39400,2
39401,2
39402,2
39403,2
39404,2
39405,2
39406,2
39407,2
39408,2
39409,2
39410,2
39411,2
39412,2
39413,2
39414,2
39415,2
39416,2
39417,2
39418,2
39419,2
39420,2
39421,2
39422,2
39423,2
39424,3
39425,2
39426,2
39427,3
39428,2
39429,2
39430,2
39431,2
39432,2
39433,2
39434,2
39435,2
39436,2
39437,2
39438,2
39439,3
39440,2
39441,2
39442,2
39443,2
39444,2
39445,2
39446,2
39447,3
39448,2
39449,2
39450,2
39451,2
39452,3
39453,2
39454,2
39455,2
39456,2
39457,2
39458,2
39459,2
39460,2
39461,2
39462,2
39463,2
39464,2
39465,2
39466,2
39467,2
39468,2
39469,2
39470,2
39471,2
39472,2
39473,2
39474,2
39475,3
39476,2
39477,2
39478,2
39479,2
39480,2
39481,2
39482,2
39483,2
39484,2
39485,2
39486,2
39487,2
39488,2
39489,2
39490,2
39491,2
39492,2
39493,2
39494,2
39495,2
39496,2
39497,2
39498,2
39499,2
39500,2
39501,2
39502,2
39503,2
39504,2
39505,2
39506,2
39507,2
39508,2
39509,2
39510,2
39511,2
39512,2
39513,2
39514,3
39515,2
39516,2
39517,2
39518,3
39519,2
39520,2
39521,2
39522,2
39523,2
39524,2
39525,2
39526,2
39527,2
39528,3
39529,2
39530,2
39531,3
39532,2
39533,2
39534,2
39535,3
39536,2
39537,0
39538,2
39539,2
39540,2
39541,2
39542,2
39543,2
39544,2
39545,2
39546,2
39547,2
39548,3
39549,2
39550,2
39551,2
39552,2
39553,2
39554,2
39555,2
39556,2
39557,2
39558,3
39559,2
39560,2
39561,2
39562,2
39563,2
39564,2
39565,2
39566,2
39567,2
39568,2
39569,2
39570,2
39571,3
39572,2
39573,2
39574,2
39575,2
39576,2
39577,2
39578,2
39579,2
39580,2
39581,2
39582,2
39583,2
39584,2
39585,2
39586,2
39587,2
39588,2
39589,4
39590,2
39591,3
39592,2
39593,3
39594,2
39595,2
39596,2
39597,2
39598,2
39599,3
39600,2
39601,3
39602,2
39603,2
39604,3
39605,2
39606,2
39607,2
39608,2
39609,2
39610,3
39611,3
39612,2
39613,3
39614,2
39615,2
39616,2
39617,2
39618,2
39619,2
39620,2
39621,2
39622,2
39623,2
39624,2
39625,2
39626,2
39627,2
39628,2
39629,2
39630,2
39631,2
39632,2
39633,2
39634,2
39635,2
39636,2
39637,2
39638,3
39639,2
39640,0
39641,2
39642,2
39643,0
39644,2
39645,2
39646,2
39647,2
39648,2
39649,2
39650,2
39651,2
39652,2
39653,2
39654,2
39655,3
39656,3
39657,2
39658,2
39659,2
39660,2
39661,2
39662,2
39663,2
39664,3
39665,2
39666,2
39667,3
39668,2
39669,2
39670,2
39671,2
39672,2
39673,3
39674,3
39675,3
39676,3
39677,2
39678,2
39679,2
39680,2
39681,2
39682,2
39683,2
39684,2
39685,2
39686,2
39687,0
39688,2
39689,1
39690,2
39691,3
39692,3
39693,0
39694,3
39695,3
39696,2
39697,2
39698,2
39699,2
39700,2
39701,2
39702,2
39703,2
39704,2
39705,2
39706,2
39707,3
39708,2
39709,2
39710,2
39711,2
39712,2
39713,2
39714,0
39715,0
39716,4
39717,2
39718,3
39719,2
39720,0
39721,0
39722,0
39723,0
39724,0
39725,0
39726,0
39727,0
39728,0
39729,0
39730,0
39731,0
39732,2
39733,0
39734,0
39735,2
39736,0
39737,0
39738,2
39739,2
39740,0
39741,0
39742,2
39743,2
39744,2
39745,2
39746,2
39747,2
39748,2
39749,2
39750,2
39751,2
39752,2
39753,3
39754,0
39755,0
39756,0
39757,0
39758,3
39759,0
39760,0
39761,0
39762,2
39763,0
39764,0
39765,2
39766,2
39767,3
39768,0
39769,0
39770,2
39771,2
39772,2
39773,0
39774,0
39775,0
39776,4
39777,1
39778,1
39779,1
39780,1
39781,1
39782,1
39783,2
39784,2
39785,3
39786,0
39787,2
39788,2
39789,3
39790,2
39791,2
39792,2
39793,2
39794,2
39795,0
39796,2
39797,1
39798,0
39799,0
39800,0
39801,0
39802,2
39803,3
39804,2
39805,2
39806,3
39807,3
39808,2
39809,3
39810,0
39811,2
39812,0
39813,0
39814,0
39815,0
39816,0
39817,0
39818,0
39819,0
39820,2
39821,2
39822,0
39823,0
39824,2
39825,2
39826,0
39827,0
39828,0
39829,0
39830,2
39831,2
39832,2
39833,2
39834,2
39835,2
39836,2
39837,3
39838,3
39839,3
39840,3
39841,2
39842,3
39843,2
39844,3
39845,3
39846,2
39847,2
39848,3
39849,2
39850,3
39851,3
39852,3
39853,2
39854,3
39855,2
39856,2
39857,2
39858,2
39859,3
39860,2
39861,2
39862,3
39863,3
39864,2
39865,2
39866,3
39867,2
39868,3
39869,2
39870,3
39871,3
39872,3
39873,2
39874,3
39875,3
39876,3
39877,3
39878,3
39879,2
39880,3
39881,2
39882,3
39883,2
39884,3
39885,2
39886,3
39887,3
39888,3
39889,3
39890,3
39891,2
39892,2
39893,3
39894,2
39895,2
39896,2
39897,2
39898,2
39899,2
39900,2
39901,2
39902,2
39903,2
39904,1
39905,0
39906,1
39907,1
39908,2
39909,1
39910,1
39911,1
39912,1
39913,1
39914,1
39915,1
39916,1
39917,1
39918,1
39919,1
39920,1
39921,1
39922,1
39923,1
39924,1
39925,1
39926,1
39927,1
39928,1
39929,1
39930,1
39931,1
39932,3
39933,3
39934,3
39935,3
39936,2
39937,3
39938,3
39939,3
39940,3
39941,2
39942,3
39943,3
39944,2
39945,2
39946,3
39947,2
39948,3
39949,3
39950,2
39951,0
39952,0
39953,0
39954,2
39955,2
39956,2
39957,1
39958,1
39959,1
39960,1
39961,1
39962,1
39963,1
39964,1
39965,1
39966,1
39967,1
39968,1
39969,1
39970,2
39971,2
39972,2
39973,2
39974,2
39975,2
39976,2
39977,2
39978,2
39979,2
39980,2
39981,3
39982,3
39983,3
39984,2
39985,3
39986,2
39987,3
39988,0
39989,3
39990,3
39991,2
39992,3
39993,2
39994,2
39995,2
39996,3
39997,2
39998,2
39999,3
40000,2
40001,2
40002,2
40003,3
40004,3
40005,2
40006,2
40007,3
40008,3
40009,3
40010,3
40011,3
40012,3
40013,2
40014,3
40015,2
40016,2
40017,3
40018,3
40019,0
40020,0
40021,2
40022,0
40023,3
40024,3
40025,2
40026,2
40027,2
40028,2
40029,3
40030,3
40031,0
40032,0
40033,0
40034,0
40035,0
40036,0
40037,3
40038,0
40039,3
40040,0
40041,2
40042,0
40043,0
40044,2
40045,1
40046,2
40047,0
40048,0
40049,0
40050,0
40051,0
40052,0
40053,0
40054,0
40055,0
40056,0
40057,0
40058,0
40059,0
40060,0
40061,2
40062,0
40063,0
40064,0
40065,0
40066,2
40067,0
40068,0
40069,0
40070,0
40071,0
40072,2
40073,0
40074,0
40075,0
40076,0
40077,0
40078,0
40079,0
40080,0
40081,0
40082,0
40083,0
40084,0
40085,0
40086,0
40087,3
40088,0
40089,0
40090,0
40091,3
40092,0
40093,2
40094,0
40095,0
40096,0
40097,0
40098,2
40099,0
40100,0
40101,0
40102,0
40103,0
40104,0
40105,0
40106,0
40107,0
40108,0
40109,0
40110,0
40111,0
40112,0
40113,0
40114,2
40115,0
40116,0
40117,0
40118,3
40119,0
40120,0
40121,3
40122,2
40123,0
40124,2
40125,2
40126,0
40127,0
40128,0
40129,0
40130,0
40131,0
40132,0
40133,0
40134,0
40135,2
40136,0
40137,2
40138,2
40139,2
40140,0
40141,0
40142,0
40143,3
40144,0
40145,0
40146,1
40147,1
40148,0
40149,0
40150,0
40151,0
40152,1
40153,2
40154,0
40155,0
40156,0
40157,0
40158,0
40159,0
40160,0
40161,0
40162,0
40163,3
40164,0
40165,0
40166,2
40167,0
40168,2
40169,0
40170,0
40171,0
40172,2
40173,0
40174,0
40175,0
40176,2
40177,0
40178,3
40179,2
40180,0
40181,0
40182,0
40183,0
40184,0
40185,2
40186,0
40187,2
40188,0
40189,0
40190,0
40191,0
40192,0
40193,0
40194,0
40195,0
40196,0
40197,0
40198,0
40199,0
40200,0
40201,0
40202,0
40203,0
40204,0
40205,0
40206,0
40207,0
40208,0
40209,0
40210,3
40211,0
40212,3
40213,0
40214,2
40215,0
40216,2
40217,0
40218,2
40219,2
40220,2
40221,0
40222,3
40223,3
40224,2
40225,3
40226,2
40227,2
40228,2
40229,2
40230,0
40231,1
40232,0
40233,0
40234,2
40235,3
40236,1
40237,0
40238,2
40239,3
40240,2
40241,2
40242,2
40243,2
40244,2
40245,2
40246,1
40247,3
40248,2
40249,0
40250,0
40251,2
40252,2
40253,2
40254,0
40255,0
40256,0
40257,0
40258,0
40259,2
40260,2
40261,2
40262,0
40263,3
40264,0
40265,2
40266,3
40267,0
40268,0
40269,2
40270,0
40271,0
40272,1
40273,0
40274,0
40275,2
40276,2
40277,2
40278,0
40279,1
40280,1
40281,1
40282,1
40283,1
40284,1
40285,1
40286,1
40287,1
40288,1
40289,1
40290,1
40291,1
40292,1
40293,3
40294,3
40295,2
40296,1
40297,2
40298,1
40299,2
40300,3
40301,3
40302,3
40303,3
40304,0
40305,3
40306,2
40307,3
40308,3
40309,2
40310,3
40311,3
40312,0
40313,2
40314,2
40315,3
40316,2
40317,2
40318,2
40319,2
40320,2
40321,2
40322,2
40323,2
40324,3
40325,0
40326,2
40327,3
40328,3
40329,2
40330,2
40331,2
40332,3
40333,3
40334,0
40335,3
40336,0
40337,2
40338,3
40339,2
40340,0
40341,3
40342,2
40343,3
40344,3
40345,3
40346,3
40347,2
40348,2
40349,0
40350,3
40351,3
40352,2
40353,2
40354,2
40355,2
40356,3
40357,3
40358,3
40359,2
40360,3
40361,0
40362,3
40363,3
40364,2
40365,3
40366,3
40367,3
40368,2
40369,0
40370,0
40371,3
40372,3
40373,3
40374,2
40375,2
40376,2
40377,3
40378,3
40379,3
40380,2
40381,3
40382,3
40383,2
40384,2
40385,2
40386,3
40387,3
40388,2
40389,3
40390,3
40391,3
40392,2
40393,2
40394,2
40395,2
40396,3
40397,3
40398,2
40399,3
40400,4
40401,3
40402,2
40403,3
40404,3
40405,2
40406,2
40407,3
40408,3
40409,3
40410,3
40411,3
40412,0
40413,2
40414,2
40415,0
40416,0
40417,0
40418,0
40419,0
40420,0
40421,0
40422,0
40423,0
40424,0
40425,0
40426,0
40427,0
40428,0
40429,2
40430,0
40431,0
40432,0
40433,0
40434,0
40435,2
40436,0
40437,0
40438,0
40439,0
40440,0
40441,0
40442,2
40443,0
40444,0
40445,3
40446,0
40447,2
40448,0
40449,2
40450,3
40451,3
40452,2
40453,2
40454,3
40455,3
40456,3
40457,3
40458,3
40459,3
40460,3
40461,3
40462,3
40463,3
40464,3
40465,3
40466,3
40467,2
40468,3
40469,3
40470,3
40471,3
40472,3
40473,3
40474,0
40475,2
40476,2
40477,2
40478,2
40479,2
40480,3
40481,1
40482,2
40483,2
40484,2
40485,3
40486,2
40487,3
40488,3
40489,2
40490,3
40491,2
40492,0
40493,1
40494,1
40495,1
40496,2
40497,3
40498,1
40499,1
40500,3
40501,2
40502,0
40503,3
40504,3
40505,3
40506,3
40507,3
40508,1
40509,3
40510,3
40511,2
40512,3
40513,3
40514,3
40515,3
40516,1
40517,1
40518,1
40519,1
40520,3
40521,3
40522,3
40523,1
40524,1
40525,1
40526,3
40527,1
40528,1
40529,1
40530,1
40531,1
40532,3
40533,3
40534,2
40535,2
40536,1
40537,1
40538,1
40539,1
40540,1
40541,1
40542,1
40543,1
40544,2
40545,1
40546,1
40547,1
40548,1
40549,1
40550,0
40551,2
40552,3
40553,1
40554,2
40555,2
40556,1
40557,3
40558,1
40559,1
40560,1
40561,1
40562,1
40563,1
40564,1
40565,1
40566,1
40567,1
40568,3
40569,1
40570,1
40571,1
40572,1
40573,2
40574,1
40575,1
40576,3
40577,2
40578,3
40579,3
40580,3
40581,2
40582,2
40583,2
40584,2
40585,3
40586,3
40587,2
40588,3
40589,2
40590,2
40591,2
40592,2
40593,2
40594,3
40595,2
40596,3
40597,2
40598,2
40599,0
40600,0
40601,2
40602,0
40603,2
40604,3
40605,3
40606,3
40607,3
40608,3
40609,2
40610,2
40611,2
40612,2
40613,3
40614,0
40615,3
40616,0
40617,3
40618,2
40619,2
40620,3
40621,3
40622,3
40623,2
40624,3
40625,4
40626,4
40627,3
40628,4
40629,0
40630,2
40631,0
40632,0
40633,0
40634,0
40635,0
40636,0
40637,0
40638,0
40639,0
40640,0
40641,0
40642,0
40643,0
40644,3
40645,2
40646,0
40647,3
40648,0
40649,0
40650,0
40651,0
40652,0
40653,0
40654,0
40655,0
40656,0
40657,0
40658,0
40659,0
40660,0
40661,0
40662,0
40663,0
40664,0
40665,0
40666,0
40667,0
40668,0
40669,0
40670,0
40671,0
40672,2
40673,2
40674,0
40675,0
40676,0
40677,0
40678,0
40679,0
40680,0
40681,0
40682,0
40683,0
40684,0
40685,0
40686,0
40687,0
40688,0
40689,0
40690,0
40691,2
40692,0
40693,0
40694,2
40695,0
40696,2
40697,0
40698,0
40699,0
40700,1
40701,1
40702,1
40703,3
40704,1
40705,2
40706,2
40707,1
40708,2
40709,1
40710,2
40711,1
40712,2
40713,2
40714,1
40715,1
40716,1
40717,1
40718,1
40719,1
40720,1
40721,2
40722,2
40723,1
40724,1
40725,2
40726,3
40727,3
40728,2
40729,2
40730,1
40731,3
40732,3
40733,3
40734,3
40735,3
40736,3
40737,3
40738,3
40739,0
40740,0
40741,2
40742,2
40743,0
40744,0
40745,0
40746,0
40747,0
40748,0
40749,0
40750,3
40751,3
40752,3
40753,2
40754,3
40755,3
40756,3
40757,2
40758,3
40759,2
40760,3
40761,3
40762,2
40763,3
40764,3
40765,3
40766,2
40767,3
40768,3
40769,2
40770,0
40771,2
40772,2
40773,2
40774,2
40775,2
40776,0
40777,1
40778,1
40779,1
40780,1
40781,1
40782,1
40783,1
40784,2
40785,1
40786,3
40787,1
40788,1
40789,2
40790,0
40791,1
40792,1
40793,1
40794,1
40795,1
40796,2
40797,1
40798,1
40799,1
40800,1
40801,0
40802,0
40803,3
40804,1
40805,1
40806,1
40807,2
40808,2
40809,1
40810,1
40811,1
40812,1
40813,1
40814,1
40815,2
40816,1
40817,1
40818,1
40819,1
40820,1
40821,1
40822,2
40823,1
40824,1
40825,3
40826,1
40827,1
40828,1
40829,1
40830,2
40831,2
40832,1
40833,3
40834,1
40835,1
40836,3
40837,3
40838,3
40839,3
40840,3
40841,3
40842,3
40843,3
40844,3
40845,3
40846,3
40847,2
40848,2
40849,3
40850,3
40851,2
40852,2
40853,2
40854,3
40855,3
40856,3
40857,2
40858,2
40859,2
40860,2
40861,2
40862,2
40863,3
40864,2
40865,3
40866,3
40867,3
40868,3
40869,3
40870,3
40871,2
40872,2
40873,2
40874,2
40875,3
40876,1
40877,1
40878,3
40879,2
40880,3
40881,2
40882,3
40883,3
40884,3
40885,3
40886,3
40887,3
40888,3
40889,3
40890,2
40891,3
40892,3
40893,3
40894,3
40895,3
40896,3
40897,3
40898,3
40899,3
40900,3
40901,3
40902,2
40903,3
40904,3
40905,3
40906,3
40907,2
40908,3
40909,3
40910,3
40911,3
40912,3
40913,3
40914,3
40915,2
40916,2
40917,3
40918,3
40919,3
40920,2
40921,2
40922,3
40923,3
40924,3
40925,3
40926,3
40927,2
40928,2
40929,2
40930,2
40931,2
40932,2
40933,3
40934,3
40935,2
40936,3
40937,3
40938,2
40939,3
40940,3
40941,3
40942,2
40943,2
40944,2
40945,3
40946,2
40947,2
40948,3
40949,3
40950,2
40951,3
40952,2
40953,2
40954,2
40955,2
40956,2
40957,2
40958,2
40959,2
40960,2
40961,3
40962,2
40963,2
40964,3
40965,3
40966,3
40967,2
40968,2
40969,2
40970,2
40971,3
40972,2
40973,3
40974,3
40975,3
40976,2
40977,3
40978,3
40979,2
40980,3
40981,3
40982,3
40983,3
40984,3
40985,3
40986,3
40987,3
40988,3
40989,3
40990,3
40991,2
40992,3
40993,3
40994,2
40995,2
40996,2
40997,3
40998,3
40999,2
41000,2
41001,2
41002,3
41003,3
41004,3
41005,3
41006,2
41007,3
41008,3
41009,3
41010,2
41011,3
41012,2
41013,3
41014,3
41015,2
41016,3
41017,1
41018,3
41019,3
41020,3
41021,0
41022,3
41023,0
41024,3
41025,3
41026,2
41027,2
41028,0
41029,0
41030,1
41031,3
41032,3
41033,3
41034,2
41035,3
41036,3
41037,3
41038,2
41039,3
41040,3
41041,3
41042,3
41043,3
41044,3
41045,3
41046,3
41047,3
41048,2
41049,2
41050,2
41051,2
41052,2
41053,2
41054,2
41055,2
41056,3
41057,2
41058,2
41059,3
41060,3
41061,3
41062,3
41063,2
41064,3
41065,2
41066,2
41067,2
41068,2
41069,2
41070,2
41071,2
41072,2
41073,2
41074,1
41075,2
41076,3
41077,3
41078,3
41079,2
41080,1
41081,2
41082,1
41083,3
41084,2
41085,3
41086,3
41087,3
41088,2
41089,3
41090,3
41091,3
41092,3
41093,3
41094,3
41095,3
41096,3
41097,3
41098,2
41099,2
41100,3
41101,3
41102,3
41103,2
41104,2
41105,3
41106,3
41107,2
41108,0
41109,3
41110,3
41111,2
41112,2
41113,2
41114,2
41115,2
41116,2
41117,2
41118,3
41119,3
41120,3
41121,2
41122,3
41123,3
41124,3
41125,3
41126,3
41127,3
41128,3
41129,2
41130,2
41131,1
41132,3
41133,3
41134,1
41135,3
41136,1
41137,3
41138,3
41139,2
41140,3
41141,3
41142,2
41143,3
41144,3
41145,3
41146,2
41147,2
41148,3
41149,3
41150,2
41151,2
41152,3
41153,3
41154,2
41155,3
41156,3
41157,3
41158,2
41159,3
41160,3
41161,3
41162,2
41163,3
41164,3
41165,3
41166,3
41167,3
41168,3
41169,3
41170,3
41171,3
41172,2
41173,3
41174,3
41175,3
41176,3
41177,3
41178,3
41179,3
41180,3
41181,3
41182,2
41183,2
41184,3
41185,3
41186,3
41187,3
41188,3
41189,3
41190,3
41191,3
41192,3
41193,3
41194,2
41195,3
41196,3
41197,3
41198,3
41199,3
41200,3
41201,3
41202,3
41203,3
41204,3
41205,2
41206,2
41207,3
41208,3
41209,1
41210,1
41211,2
41212,3
41213,3
41214,3
41215,3
41216,3
41217,3
41218,3
41219,3
41220,3
41221,3
41222,3
41223,2
41224,0
41225,2
41226,2
41227,3
41228,3
41229,2
41230,3
41231,3
41232,3
41233,2
41234,2
41235,2
41236,2
41237,2
41238,2
41239,2
41240,3
41241,2
41242,3
41243,2
41244,2
41245,2
41246,3
41247,3
41248,2
41249,2
41250,2
41251,2
41252,2
41253,2
41254,2
41255,2
41256,2
41257,2
41258,2
41259,3
41260,3
41261,3
41262,3
41263,3
41264,3
41265,3
41266,3
41267,3
41268,3
41269,3
41270,2
41271,2
41272,3
41273,2
41274,2
41275,3
41276,2
41277,2
41278,2
41279,2
41280,2
41281,3
41282,2
41283,2
41284,2
41285,2
41286,2
41287,2
41288,2
41289,2
41290,2
41291,3
41292,2
41293,3
41294,3
41295,2
41296,2
41297,2
41298,2
41299,2
41300,3
41301,3
41302,3
41303,3
41304,3
41305,3
41306,3
41307,3
41308,3
41309,3
41310,3
41311,3
41312,2
41313,2
41314,3
41315,3
41316,3
41317,3
41318,2
41319,3
41320,3
41321,3
41322,1
41323,3
41324,3
41325,3
41326,2
41327,2
41328,3
41329,3
41330,3
41331,3
41332,3
41333,3
41334,3
41335,1
41336,3
41337,1
41338,3
41339,3
41340,3
41341,2
41342,2
41343,3
41344,3
41345,3
41346,3
41347,3
41348,2
41349,3
41350,3
41351,3
41352,3
41353,2
41354,3
41355,2
41356,3
41357,3
41358,3
41359,3
41360,2
41361,2
41362,2
41363,2
41364,2
41365,3
41366,3
41367,2
41368,2
41369,2
41370,2
41371,2
41372,2
41373,2
41374,2
41375,3
41376,2
41377,3
41378,1
41379,3
41380,2
41381,3
41382,3
41383,3
41384,3
41385,2
41386,3
41387,2
41388,2
41389,3
41390,2
41391,2
41392,3
41393,2
41394,3
41395,2
41396,2
41397,2
41398,2
41399,2
41400,2
41401,3
41402,3
41403,3
41404,3
41405,3
41406,3
41407,1
41408,3
41409,2
41410,2
41411,2
41412,2
41413,0
41414,2
41415,2
41416,3
41417,2
41418,3
41419,2
41420,0
41421,0
41422,0
41423,3
41424,3
41425,0
41426,0
41427,0
41428,0
41429,3
41430,0
41431,3
41432,3
41433,0
41434,3
41435,0
41436,2
41437,3
41438,0
41439,3
41440,3
41441,0
41442,0
41443,0
41444,0
41445,3
41446,3
41447,0
41448,0
41449,0
41450,0
41451,0
41452,0
41453,0
41454,2
41455,2
41456,3
41457,2
41458,2
41459,2
41460,2
41461,2
41462,2
41463,2
41464,2
41465,2
41466,2
41467,2
41468,2
41469,3
41470,2
41471,3
41472,2
41473,3
41474,2
41475,3
41476,3
41477,3
41478,2
41479,2
41480,3
41481,3
41482,2
41483,3
41484,3
41485,3
41486,3
41487,2
41488,3
41489,2
41490,2
41491,2
41492,3
41493,3
41494,3
41495,3
41496,3
41497,1
41498,2
41499,1
41500,3
41501,1
41502,1
41503,1
41504,3
41505,3
41506,3
41507,2
41508,3
41509,3
41510,3
41511,3
41512,2
41513,2
41514,2
41515,3
41516,0
41517,2
41518,3
41519,3
41520,1
41521,1
41522,1
41523,2
41524,3
41525,3
41526,3
41527,2
41528,2
41529,2
41530,3
41531,2
41532,2
41533,2
41534,2
41535,3
41536,2
41537,1
41538,1
41539,1
41540,1
41541,3
41542,3
41543,1
41544,3
41545,0
41546,3
41547,3
41548,3
41549,3
41550,1
41551,1
41552,2
41553,2
41554,2
41555,2
41556,2
41557,2
41558,3
41559,3
41560,2
41561,3
41562,3
41563,3
41564,2
41565,3
41566,0
41567,2
41568,2
41569,0
41570,2
41571,3
41572,3
41573,2
41574,2
41575,2
41576,2
41577,2
41578,2
41579,2
41580,2
41581,2
41582,2
41583,2
41584,2
41585,2
41586,2
41587,2
41588,2
41589,3
41590,1
41591,3
41592,3
41593,3
41594,3
41595,2
41596,3
41597,2
41598,2
41599,3
41600,2
41601,2
41602,2
41603,2
41604,2
41605,3
41606,2
41607,2
41608,2
41609,2
41610,2
41611,3
41612,2
41613,2
41614,2
41615,2
41616,0
41617,2
41618,2
41619,3
41620,0
41621,2
41622,2
41623,2
41624,2
41625,2
41626,2
41627,3
41628,3
41629,2
41630,1
41631,3
41632,1
41633,1
41634,0
41635,2
41636,3
41637,3
41638,2
41639,3
41640,3
41641,0
41642,0
41643,0
41644,0
41645,0
41646,0
41647,0
41648,0
41649,0
41650,0
41651,0
41652,0
41653,0
41654,3
41655,3
41656,0
41657,0
41658,0
41659,3
41660,0
41661,0
41662,0
41663,0
41664,0
41665,0
41666,0
41667,0
41668,3
41669,0
41670,0
41671,3
41672,3
41673,3
41674,3
41675,3
41676,3
41677,0
41678,0
41679,3
41680,0
41681,0
41682,0
41683,0
41684,0
41685,3
41686,0
41687,0
41688,1
41689,0
41690,0
41691,0
41692,0
41693,3
41694,2
41695,3
41696,3
41697,3
41698,0
41699,0
41700,3
41701,3
41702,3
41703,3
41704,3
41705,3
41706,3
41707,3
41708,3
41709,3
41710,3
41711,3
41712,3
41713,1
41714,3
41715,3
41716,3
41717,3
41718,3
41719,3
41720,3
41721,3
41722,3
41723,3
41724,3
41725,3
41726,3
41727,3
41728,3
41729,3
41730,3
41731,3
41732,1
41733,3
41734,3
41735,3
41736,3
41737,3
41738,3
41739,3
41740,3
41741,1
41742,3
41743,3
41744,0
41745,3
41746,3
41747,3
41748,3
41749,3
41750,3
41751,3
41752,3
41753,3
41754,3
41755,1
41756,1
41757,3
41758,3
41759,3
41760,1
41761,3
41762,3
41763,2
41764,3
41765,0
41766,3
41767,0
41768,0
41769,0
41770,0
41771,0
41772,3
41773,0
41774,0
41775,3
41776,3
41777,0
41778,0
41779,0
41780,0
41781,0
41782,0
41783,0
41784,0
41785,0
41786,0
41787,3
41788,0
41789,0
41790,0
41791,0
41792,3
41793,2
41794,2
41795,3
41796,2
41797,2
41798,3
41799,3
41800,0
41801,2
41802,3
41803,3
41804,3
41805,3
41806,3
41807,3
41808,3
41809,2
41810,2
41811,2
41812,3
41813,3
41814,3
41815,1
41816,3
41817,3
41818,3
41819,0
41820,3
41821,0
41822,0
41823,0
41824,0
41825,0
41826,0
41827,3
41828,3
41829,3
41830,3
41831,3
41832,3
41833,3
41834,3
41835,3
41836,3
41837,3
41838,2
41839,2
41840,2
41841,2
41842,3
41843,0
41844,0
41845,0
41846,0
41847,2
41848,3
41849,3
41850,1
41851,3
41852,3
41853,3
41854,3
41855,3
41856,3
41857,2
41858,2
41859,3
41860,3
41861,3
41862,3
41863,3
41864,3
41865,3
41866,3
41867,3
41868,3
41869,3
41870,2
41871,3
41872,2
41873,3
41874,2
41875,2
41876,3
41877,1
41878,3
41879,3
41880,3
41881,3
41882,3
41883,3
41884,2
41885,2
41886,2
41887,2
41888,2
41889,2
41890,2
41891,2
41892,0
41893,3
41894,0
41895,3
41896,0
41897,0
41898,3
41899,3
41900,2
41901,2
41902,3
41903,0
41904,3
41905,3
41906,0
41907,0
41908,0
41909,2
41910,0
41911,0
41912,0
41913,0
41914,0
41915,0
41916,0
41917,3
41918,3
41919,3
41920,3
41921,3
41922,3
41923,3
41924,3
41925,0
41926,3
41927,2
41928,3
41929,3
41930,2
41931,3
41932,3
41933,3
41934,2
41935,2
41936,2
41937,2
41938,3
41939,2
41940,2
41941,3
41942,2
41943,2
41944,2
41945,3
41946,3
41947,3
41948,2
41949,1
41950,1
41951,2
41952,3
41953,3
41954,3
41955,3
41956,3
41957,3
41958,3
41959,3
41960,3
41961,0
41962,0
41963,0
41964,0
41965,0
41966,0
41967,0
41968,3
41969,0
41970,0
41971,0
41972,3
41973,0
41974,0
41975,0
41976,0
41977,0
41978,0
41979,0
41980,0
41981,0
41982,0
41983,0
41984,2
41985,0
41986,0
41987,0
41988,3
41989,3
41990,3
41991,3
41992,0
41993,2
41994,3
41995,2
41996,1
41997,1
41998,3
41999,1
42000,3
42001,1
42002,1
42003,0
42004,3
42005,3
42006,3
42007,3
42008,3
42009,2
42010,3
42011,3
42012,3
42013,3
42014,3
42015,2
42016,2
42017,2
42018,2
42019,2
42020,2
42021,2
42022,3
42023,3
42024,3
42025,2
42026,2
42027,2
42028,2
42029,0
42030,3
42031,0
42032,2
42033,2
42034,2
42035,2
42036,2
42037,3
42038,2
42039,3
42040,1
42041,3
42042,3
42043,3
42044,3
42045,3
42046,3
42047,3
42048,3
42049,3
42050,0
42051,2
42052,2
42053,2
42054,3
42055,3
42056,3
42057,3
42058,3
42059,0
42060,0
42061,0
42062,0
42063,0
42064,0
42065,0
42066,0
42067,0
42068,0
42069,1
42070,0
42071,0
42072,0
42073,0
42074,0
42075,0
42076,0
42077,2
42078,3
42079,2
42080,2
42081,2
42082,2
42083,2
42084,2
42085,2
42086,2
42087,2
42088,2
42089,2
42090,2
42091,2
42092,2
42093,2
42094,2
42095,2
42096,2
42097,2
42098,2
42099,2
42100,2
42101,2
42102,3
42103,2
42104,3
42105,2
42106,2
42107,2
42108,2
42109,2
42110,2
42111,2
42112,2
42113,2
42114,2
42115,3
42116,3
42117,3
42118,2
42119,3
42120,2
42121,3
42122,2
42123,1
42124,3
42125,3
42126,3
42127,2
42128,2
42129,2
42130,2
42131,2
42132,2
42133,2
42134,2
42135,3
42136,3
42137,3
42138,2
42139,2
42140,2
42141,2
42142,2
42143,2
42144,2
42145,3
42146,2
42147,2
42148,2
42149,2
42150,3
42151,2
42152,2
42153,3
42154,2
42155,3
42156,3
42157,3
42158,2
42159,2
42160,2
42161,2
42162,3
42163,3
42164,3
42165,3
42166,3
42167,2
42168,2
42169,2
42170,2
42171,2
42172,2
42173,2
42174,2
42175,2
42176,2
42177,2
42178,2
42179,2
42180,2
42181,2
42182,2
42183,2
42184,3
42185,2
42186,2
42187,2
42188,3
42189,3
42190,0
42191,3
42192,3
42193,3
42194,3
42195,3
42196,3
42197,3
42198,3
42199,3
42200,3
42201,3
42202,3
42203,2
42204,2
42205,1
42206,1
42207,1
42208,3
42209,2
42210,3
42211,3
42212,2
42213,2
42214,3
42215,2
42216,2
42217,2
42218,2
42219,0
42220,3
42221,1
42222,1
42223,0
42224,0
42225,3
42226,3
42227,3
42228,2
42229,2
42230,2
42231,3
42232,3
42233,1
42234,3
42235,1
42236,3
42237,3
42238,1
42239,3
42240,3
42241,3
42242,3
42243,3
42244,2
42245,3
42246,3
42247,3
42248,3
42249,2
42250,3
42251,3
42252,3
42253,3
42254,3
42255,3
42256,3
42257,3
42258,3
42259,3
42260,3
42261,3
42262,2
42263,2
42264,2
42265,3
42266,0
42267,0
42268,3
42269,3
42270,3
42271,3
42272,0
42273,3
42274,0
42275,3
42276,3
42277,3
42278,3
42279,3
42280,3
42281,3
42282,3
42283,3
42284,0
42285,0
42286,0
42287,3
42288,0
42289,3
42290,3
42291,3
42292,0
42293,0
42294,3
42295,1
42296,0
42297,0
42298,3
42299,0
42300,3
42301,0
42302,0
42303,0
42304,0
42305,0
42306,2
42307,0
42308,0
42309,3
42310,1
42311,3
42312,3
42313,1
42314,3
42315,2
42316,3
42317,2
42318,3
42319,2
42320,3
42321,2
42322,3
42323,2
42324,3
42325,2
42326,2
42327,3
42328,2
42329,2
42330,2
42331,2
42332,2
42333,2
42334,3
42335,3
42336,2
42337,2
42338,3
42339,2
42340,2
42341,2
42342,3
42343,3
42344,3
42345,2
42346,3
42347,3
42348,3
42349,3
42350,0
42351,3
42352,0
42353,0
42354,0
42355,0
42356,0
42357,0
42358,0
42359,0
42360,0
42361,0
42362,0
42363,0
42364,0
42365,0
42366,0
42367,0
42368,0
42369,0
42370,0
42371,0
42372,0
42373,0
42374,0
42375,1
42376,1
42377,1
42378,1
42379,1
42380,1
42381,1
42382,2
42383,2
42384,3
42385,3
42386,2
42387,3
42388,3
42389,0
42390,0
42391,0
42392,3
42393,2
42394,2
42395,2
42396,2
42397,2
42398,0
42399,0
42400,3
42401,0
42402,0
42403,3
42404,2
42405,3
42406,3
42407,1
42408,2
42409,3
42410,1
42411,1
42412,2
42413,2
42414,3
42415,2
42416,3
42417,3
42418,3
42419,3
42420,3
42421,3
42422,2
42423,1
42424,1
42425,1
42426,1
42427,2
42428,2
42429,2
42430,2
42431,2
42432,3
42433,3
42434,2
42435,3
42436,0
42437,0
42438,0
42439,2
42440,0
42441,0
42442,0
42443,0
42444,0
42445,0
42446,0
42447,0
42448,0
42449,0
42450,3
42451,3
42452,3
42453,0
42454,0
42455,0
42456,0
42457,0
42458,0
42459,3
42460,3
42461,3
42462,2
42463,3
42464,2
42465,2
42466,3
42467,3
42468,3
42469,3
42470,3
42471,3
42472,3
42473,3
42474,3
42475,3
42476,3
42477,3
42478,3
42479,3
42480,3
42481,2
42482,2
42483,2
42484,2
42485,2
42486,2
42487,3
42488,2
42489,2
42490,3
42491,3
42492,2
42493,3
42494,2
42495,2
42496,2
42497,2
42498,3
42499,3
42500,3
42501,3
42502,3
42503,3
42504,3
42505,3
42506,3
42507,3
42508,3
42509,2
42510,2
42511,1
42512,3
42513,1
42514,2
42515,2
42516,3
42517,2
42518,2
42519,3
42520,2
42521,3
42522,2
42523,3
42524,3
42525,2
42526,3
42527,2
42528,3
42529,0
42530,3
42531,0
42532,0
42533,0
42534,0
42535,3
42536,3
42537,2
42538,3
42539,2
42540,2
42541,2
42542,2
42543,2
42544,2
42545,3
42546,3
42547,3
42548,3
42549,3
42550,3
42551,3
42552,3
42553,3
42554,3
42555,3
42556,3
42557,3
42558,3
42559,3
42560,3
42561,3
42562,3
42563,3
42564,3
42565,3
42566,2
42567,2
42568,3
42569,2
42570,2
42571,2
42572,2
42573,0
42574,3
42575,0
42576,2
42577,3
42578,3
42579,3
42580,3
42581,3
42582,2
42583,3
42584,2
42585,3
42586,3
42587,2
42588,2
42589,3
42590,2
42591,3
42592,2
42593,2
42594,2
42595,2
42596,2
42597,2
42598,2
42599,3
42600,2
42601,2
42602,2
42603,2
42604,2
42605,2
42606,3
42607,2
42608,2
42609,2
42610,2
42611,2
42612,1
42613,2
42614,2
42615,2
42616,2
42617,2
42618,2
42619,2
42620,2
42621,2
42622,3
42623,2
42624,2
42625,0
42626,0
42627,0
42628,0
42629,0
42630,2
42631,0
42632,0
42633,3
42634,0
42635,0
42636,0
42637,0
42638,0
42639,0
42640,3
42641,0
42642,0
42643,0
42644,0
42645,0
42646,0
42647,0
42648,0
42649,0
42650,0
42651,0
42652,2
42653,0
42654,0
42655,2
42656,3
42657,0
42658,0
42659,0
42660,0
42661,0
42662,3
42663,0
42664,0
42665,0
42666,3
42667,0
42668,0
42669,3
42670,0
42671,0
42672,0
42673,0
42674,3
42675,3
42676,0
42677,0
42678,0
42679,0
42680,0
42681,0
42682,0
42683,0
42684,0
42685,0
42686,0
42687,2
42688,2
42689,0
42690,0
42691,0
42692,2
42693,2
42694,2
42695,3
42696,3
42697,3
42698,0
42699,3
42700,2
42701,3
42702,2
42703,3
42704,3
42705,3
42706,0
42707,3
42708,3
42709,3
42710,3
42711,3
42712,3
42713,3
42714,3
42715,3
42716,3
42717,2
42718,0
42719,3
42720,3
42721,3
42722,3
42723,3
42724,3
42725,3
42726,3
42727,3
42728,2
42729,3
42730,3
42731,3
42732,3
42733,2
42734,2
42735,3
42736,2
42737,3
42738,2
42739,2
42740,3
42741,2
42742,3
42743,3
42744,3
42745,3
42746,2
42747,3
42748,3
42749,3
42750,3
42751,2
42752,2
42753,3
42754,2
42755,3
42756,3
42757,3
42758,2
42759,2
42760,2
42761,2
42762,3
42763,3
42764,3
42765,2
42766,0
42767,0
42768,0
42769,0
42770,0
42771,0
42772,0
42773,0
42774,0
42775,0
42776,3
42777,3
42778,0
42779,0
42780,0
42781,3
42782,0
42783,0
42784,0
42785,2
42786,0
42787,0
42788,3
42789,3
42790,0
42791,0
42792,3
42793,0
42794,0
42795,0
42796,2
42797,0
42798,0
42799,0
42800,3
42801,0
42802,0
42803,0
42804,0
42805,3
42806,2
42807,2
42808,2
42809,3
42810,2
42811,2
42812,2
42813,2
42814,2
42815,2
42816,2
42817,2
42818,2
42819,2
42820,2
42821,2
42822,2
42823,2
42824,3
42825,2
42826,2
42827,2
42828,2
42829,2
42830,2
42831,2
42832,2
42833,1
42834,2
42835,2
42836,2
42837,2
42838,2
42839,2
42840,2
42841,3
42842,3
42843,3
42844,3
42845,2
42846,2
42847,3
42848,3
42849,3
42850,3
42851,2
42852,3
42853,2
42854,2
42855,0
42856,3
42857,0
42858,0
42859,0
42860,0
42861,0
42862,0
42863,2
42864,0
42865,2
42866,3
42867,2
42868,3
42869,2
42870,0
42871,0
42872,0
42873,0
42874,0
42875,0
42876,0
42877,0
42878,0
42879,0
42880,0
42881,0
42882,3
42883,3
42884,3
42885,3
42886,3
42887,2
42888,3
42889,2
42890,3
42891,3
42892,0
42893,2
42894,3
42895,2
42896,3
42897,0
42898,3
42899,3
42900,3
42901,3
42902,3
42903,2
42904,2
42905,2
42906,2
42907,3
42908,2
42909,3
42910,2
42911,2
42912,3
42913,3
42914,2
42915,2
42916,3
42917,2
42918,2
42919,3
42920,2
42921,2
42922,2
42923,2
42924,3
42925,3
42926,2
42927,1
42928,1
42929,3
42930,3
42931,2
42932,3
42933,3
42934,3
42935,2
42936,2
42937,3
42938,2
42939,3
42940,2
42941,3
42942,2
42943,2
42944,3
42945,3
42946,3
42947,2
42948,3
42949,3
42950,3
42951,3
42952,3
42953,3
42954,3
42955,3
42956,2
42957,1
42958,2
42959,3
42960,3
42961,3
42962,3
42963,3
42964,3
42965,2
42966,2
42967,3
42968,2
42969,2
42970,1
42971,3
42972,3
42973,3
42974,2
42975,3
42976,2
42977,0
42978,2
42979,3
42980,3
42981,3
42982,2
42983,2
42984,2
42985,3
42986,3
42987,3
42988,0
42989,3
42990,3
42991,3
42992,3
42993,3
42994,3
42995,3
42996,3
42997,3
42998,2
42999,3
43000,2
43001,3
43002,3
43003,3
43004,3
43005,0
43006,0
43007,3
43008,3
43009,3
43010,3
43011,3
43012,3
43013,3
43014,3
43015,3
43016,3
43017,3
43018,3
43019,2
43020,0
43021,3
43022,3
43023,3
43024,2
43025,1
43026,3
43027,3
43028,3
43029,3
43030,3
43031,3
43032,3
43033,3
43034,3
43035,2
43036,3
43037,2
43038,3
43039,3
43040,2
43041,3
43042,3
43043,3
43044,2
43045,3
43046,2
43047,1
43048,3
43049,2
43050,3
43051,2
43052,2
43053,2
43054,2
43055,2
43056,0
43057,2
43058,2
43059,2
43060,2
43061,3
43062,2
43063,2
43064,2
43065,3
43066,0
43067,3
43068,3
43069,3
43070,3
43071,2
43072,2
43073,2
43074,2
43075,2
43076,2
43077,2
43078,2
43079,3
43080,2
43081,2
43082,2
43083,2
43084,2
43085,2
43086,2
43087,2
43088,2
43089,2
43090,2
43091,3
43092,2
43093,2
43094,3
43095,2
43096,2
43097,2
43098,3
43099,2
43100,2
43101,2
43102,0
43103,3
43104,2
43105,0
43106,3
43107,1
43108,1
43109,3
43110,3
43111,3
43112,3
43113,0
43114,2
43115,2
43116,2
43117,3
43118,3
43119,3
43120,3
43121,3
43122,2
43123,2
43124,3
43125,3
43126,3
43127,0
43128,0
43129,2
43130,1
43131,1
43132,3
43133,3
43134,2
43135,3
43136,2
43137,3
43138,3
43139,3
43140,2
43141,2
43142,3
43143,2
43144,2
43145,3
43146,2
43147,3
43148,2
43149,2
43150,2
43151,3
43152,3
43153,2
43154,3
43155,2
43156,2
43157,2
43158,2
43159,2
43160,2
43161,2
43162,2
43163,2
43164,3
43165,2
43166,2
43167,3
43168,2
43169,2
43170,2
43171,2
43172,3
43173,2
43174,2
43175,3
43176,3
43177,3
43178,3
43179,3
43180,3
43181,3
43182,3
43183,2
43184,3
43185,3
43186,2
43187,3
43188,2
43189,3
43190,3
43191,2
43192,2
43193,2
43194,2
43195,3
43196,2
43197,2
43198,2
43199,0
43200,3
43201,2
43202,2
43203,3
43204,3
43205,2
43206,2
43207,3
43208,3
43209,2
43210,2
43211,2
43212,2
43213,3
43214,2
43215,3
43216,2
43217,3
43218,3
43219,2
43220,3
43221,3
43222,3
43223,2
43224,3
43225,3
43226,2
43227,2
43228,3
43229,3
43230,3
43231,3
43232,1
43233,3
43234,3
43235,2
43236,2
43237,2
43238,1
43239,0
43240,3
43241,3
43242,3
43243,3
43244,3
43245,2
43246,2
43247,2
43248,2
43249,3
43250,3
43251,2
43252,2
43253,2
43254,3
43255,2
43256,3
43257,3
43258,3
43259,3
43260,3
43261,3
43262,3
43263,3
43264,3
43265,3
43266,3
43267,3
43268,3
43269,3
43270,2
43271,2
43272,3
43273,2
43274,2
43275,2
43276,3
43277,3
43278,3
43279,3
43280,2
43281,3
43282,2
43283,2
43284,2
43285,2
43286,1
43287,3
43288,3
43289,3
43290,2
43291,2
43292,3
43293,3
43294,1
43295,3
43296,3
43297,3
43298,2
43299,0
43300,1
43301,1
43302,3
43303,0
43304,3
43305,3
43306,2
43307,3
43308,2
43309,3
43310,3
43311,2
43312,2
43313,0
43314,2
43315,2
43316,3
43317,2
43318,2
43319,2
43320,2
43321,3
43322,3
43323,2
43324,2
43325,3
43326,3
43327,1
43328,3
43329,2
43330,2
43331,3
43332,1
43333,2
43334,3
43335,2
43336,3
43337,3
43338,3
43339,3
43340,3
43341,3
43342,3
43343,3
43344,3
43345,1
43346,3
43347,0
43348,3
43349,3
43350,2
43351,2
43352,3
43353,3
43354,3
43355,3
43356,3
43357,3
43358,3
43359,3
43360,2
43361,3
43362,3
43363,3
43364,3
43365,2
43366,2
43367,2
43368,3
43369,1
43370,2
43371,2
43372,2
43373,2
43374,2
43375,3
43376,2
43377,2
43378,3
43379,3
43380,3
43381,3
43382,0
43383,3
43384,3
43385,3
43386,3
43387,3
43388,3
43389,3
43390,3
43391,3
43392,3
43393,3
43394,2
43395,2
43396,3
43397,2
43398,2
43399,3
43400,3
43401,3
43402,3
43403,3
43404,3
43405,3
43406,3
43407,3
43408,3
43409,3
43410,1
43411,2
43412,3
43413,3
43414,2
43415,2
43416,1
43417,3
43418,3
43419,3
43420,2
43421,3
43422,3
43423,3
43424,3
43425,3
43426,3
43427,1
43428,0
43429,2
43430,3
43431,3
43432,3
43433,1
43434,2
43435,2
43436,2
43437,0
43438,3
43439,3
43440,3
43441,2
43442,3
43443,3
43444,3
43445,0
43446,2
43447,2
43448,2
43449,2
43450,2
43451,3
43452,3
43453,3
43454,3
43455,3
43456,3
43457,3
43458,3
43459,3
43460,3
43461,0
43462,3
43463,3
43464,3
43465,3
43466,3
43467,3
43468,3
43469,3
43470,3
43471,3
43472,3
43473,3
43474,3
43475,3
43476,3
43477,2
43478,0
43479,3
43480,2
43481,1
43482,3
43483,1
43484,3
43485,0
43486,3
43487,2
43488,3
43489,3
43490,3
43491,1
43492,2
43493,2
43494,2
43495,3
43496,1
43497,3
43498,2
43499,2
43500,2
43501,2
43502,2
43503,2
43504,3
43505,2
43506,2
43507,2
43508,2
43509,2
43510,3
43511,3
43512,3
43513,3
43514,3
43515,3
43516,2
43517,3
43518,3
43519,3
43520,2
43521,2
43522,2
43523,3
43524,2
43525,3
43526,3
43527,3
43528,3
43529,2
43530,3
43531,1
43532,2
43533,2
43534,3
43535,2
43536,2
43537,3
43538,3
43539,3
43540,3
43541,3
43542,2
43543,3
43544,3
43545,0
43546,3
43547,2
43548,3
43549,3
43550,1
43551,2
43552,3
43553,3
43554,3
43555,0
43556,3
43557,3
43558,3
43559,3
43560,3
43561,2
43562,2
43563,2
43564,3
43565,3
43566,2
43567,2
43568,3
43569,2
43570,3
43571,1
43572,3
43573,2
43574,3
43575,2
43576,3
43577,3
43578,2
43579,3
43580,3
43581,3
43582,3
43583,2
43584,2
43585,2
43586,2
43587,3
43588,3
43589,1
43590,3
43591,2
43592,2
43593,1
43594,3
43595,1
43596,2
43597,1
43598,3
43599,3
43600,3
43601,3
43602,1
43603,3
43604,3
43605,2
43606,3
43607,3
43608,2
43609,3
43610,3
43611,4
43612,0
43613,3
43614,1
43615,2
43616,2
43617,2
43618,2
43619,2
43620,2
43621,3
43622,2
43623,2
43624,2
43625,2
43626,2
43627,3
43628,2
43629,2
43630,2
43631,2
43632,2
43633,0
43634,0
43635,3
43636,2
43637,3
43638,3
43639,2
43640,3
43641,3
43642,3
43643,3
43644,3
43645,3
43646,3
43647,2
43648,2
43649,3
43650,2
43651,2
43652,2
43653,3
43654,2
43655,2
43656,2
43657,2
43658,2
43659,3
43660,2
43661,3
43662,3
43663,3
43664,3
43665,1
43666,3
43667,3
43668,3
43669,0
43670,1
43671,2
43672,3
43673,2
43674,2
43675,3
43676,2
43677,3
43678,2
43679,3
43680,2
43681,3
43682,2
43683,2
43684,3
43685,2
43686,2
43687,3
43688,2
43689,2
43690,3
43691,1
43692,3
43693,3
43694,3
43695,3
43696,2
43697,2
43698,3
43699,3
43700,2
43701,2
43702,2
43703,2
43704,2
43705,2
43706,3
43707,2
43708,3
43709,3
43710,2
43711,3
43712,2
43713,3
43714,3
43715,3
43716,2
43717,2
43718,1
43719,3
43720,2
43721,2
43722,3
43723,2
43724,3
43725,2
43726,2
43727,2
43728,2
43729,2
43730,2
43731,2
43732,2
43733,1
43734,3
43735,2
43736,3
43737,3
43738,3
43739,2
43740,3
43741,2
43742,2
43743,2
43744,3
43745,3
43746,3
43747,0
43748,3
43749,3
43750,3
43751,3
43752,3
43753,3
43754,3
43755,0
43756,3
43757,0
43758,0
43759,3
43760,0
43761,3
43762,0
43763,0
43764,3
43765,3
43766,3
43767,3
43768,3
43769,3
43770,2
43771,3
43772,2
43773,3
43774,3
43775,3
43776,3
43777,3
43778,3
43779,2
43780,3
43781,3
43782,3
43783,3
43784,3
43785,3
43786,3
43787,3
43788,2
43789,3
43790,2
43791,3
43792,3
43793,3
43794,3
43795,3
43796,3
43797,2
43798,3
43799,3
43800,3
43801,0
43802,3
43803,3
43804,3
43805,0
43806,3
43807,2
43808,2
43809,2
43810,3
43811,2
43812,2
43813,2
43814,2
43815,2
43816,2
43817,2
43818,2
43819,3
43820,3
43821,3
43822,0
43823,2
43824,3
43825,2
43826,2
43827,2
43828,2
43829,2
43830,2
43831,2
43832,3
43833,2
43834,2
43835,0
43836,3
43837,3
43838,3
43839,2
43840,3
43841,3
43842,3
43843,3
43844,3
43845,2
43846,3
43847,3
43848,3
43849,3
43850,2
43851,2
43852,3
43853,3
43854,2
43855,2
43856,2
43857,2
43858,2
43859,2
43860,2
43861,2
43862,2
43863,2
43864,2
43865,0
43866,2
43867,3
43868,2
43869,3
43870,3
43871,0
43872,0
43873,2
43874,2
43875,2
43876,2
43877,2
43878,2
43879,2
43880,2
43881,2
43882,2
43883,3
43884,2
43885,2
43886,2
43887,2
43888,2
43889,3
43890,2
43891,2
43892,2
43893,2
43894,2
43895,2
43896,2
43897,2
43898,2
43899,2
43900,3
43901,2
43902,2
43903,2
43904,2
43905,0
43906,3
43907,3
43908,3
43909,2
43910,2
43911,2
43912,3
43913,2
43914,0
43915,3
43916,2
43917,3
43918,3
43919,3
43920,3
43921,2
43922,3
43923,0
43924,2
43925,2
43926,2
43927,0
43928,3
43929,0
43930,3
43931,3
43932,3
43933,3
43934,3
43935,3
43936,2
43937,3
43938,2
43939,2
43940,2
43941,2
43942,2
43943,2
43944,2
43945,3
43946,3
43947,2
43948,2
43949,3
43950,2
43951,3
43952,0
43953,2
43954,2
43955,2
43956,2
43957,2
43958,2
43959,2
43960,2
43961,3
43962,2
43963,2
43964,2
43965,2
43966,2
43967,2
43968,2
43969,3
43970,2
43971,2
43972,2
43973,2
43974,2
43975,2
43976,2
43977,2
43978,2
43979,2
43980,2
43981,2
43982,0
43983,2
43984,2
43985,2
43986,2
43987,2
43988,2
43989,2
43990,2
43991,2
43992,2
43993,2
43994,3
43995,2
43996,2
43997,2
43998,2
43999,2
44000,2
44001,2
44002,0
44003,3
44004,0
44005,2
44006,2
44007,3
44008,0
44009,2
44010,2
44011,3
44012,3
44013,2
44014,2
44015,2
44016,2
44017,2
44018,2
44019,0
44020,2
44021,2
44022,2
44023,2
44024,2
44025,2
44026,2
44027,2
44028,2
44029,2
44030,2
44031,2
44032,2
44033,2
44034,2
44035,2
44036,2
44037,2
44038,2
44039,2
44040,2
44041,2
44042,2
44043,2
44044,2
44045,2
44046,2
44047,2
44048,2
44049,0
44050,3
44051,2
44052,2
44053,2
44054,2
44055,2
44056,2
44057,2
44058,2
44059,2
44060,2
44061,2
44062,2
44063,2
44064,2
44065,2
44066,2
44067,2
44068,2
44069,2
44070,2
44071,2
44072,2
44073,2
44074,2
44075,2
44076,2
44077,2
44078,2
44079,2
44080,2
44081,2
44082,3
44083,3
44084,2
44085,2
44086,2
44087,2
44088,2
44089,2
44090,2
44091,3
44092,2
44093,2
44094,2
44095,2
44096,2
44097,2
44098,3
44099,3
44100,3
44101,3
44102,3
44103,3
44104,2
44105,3
44106,3
44107,3
44108,2
44109,2
44110,3
44111,2
44112,3
44113,2
44114,0
44115,2
44116,3
44117,3
44118,3
44119,2
44120,2
44121,2
44122,2
44123,2
44124,2
44125,2
44126,2
44127,2
44128,2
44129,2
44130,2
44131,2
44132,2
44133,2
44134,2
44135,2
44136,2
44137,2
44138,2
44139,2
44140,2
44141,3
44142,3
44143,3
44144,3
44145,2
44146,2
44147,2
44148,3
44149,2
44150,3
44151,3
44152,3
44153,0
44154,3
44155,2
44156,0
44157,2
44158,3
44159,2
44160,2
44161,2
44162,2
44163,2
44164,2
44165,0
44166,0
44167,0
44168,0
44169,0
44170,2
44171,2
44172,2
44173,0
44174,0
44175,0
44176,2
44177,2
44178,2
44179,2
44180,2
44181,2
44182,2
44183,3
44184,3
44185,3
44186,3
44187,2
44188,2
44189,2
44190,3
44191,3
44192,3
44193,0
44194,3
44195,3
44196,3
44197,3
44198,3
44199,3
44200,2
44201,3
44202,3
44203,3
44204,3
44205,3
44206,3
44207,3
44208,2
44209,0
44210,3
44211,2
44212,2
44213,2
44214,2
44215,2
44216,2
44217,2
44218,2
44219,3
44220,2
44221,3
44222,2
44223,2
44224,2
44225,3
44226,3
44227,3
44228,2
44229,2
44230,2
44231,2
44232,3
44233,3
44234,3
44235,2
44236,2
44237,2
44238,2
44239,2
44240,2
44241,2
44242,2
44243,2
44244,2
44245,2
44246,2
44247,2
44248,2
44249,2
44250,2
44251,2
44252,2
44253,2
44254,2
44255,2
44256,2
44257,3
44258,3
44259,3
44260,3
44261,3
44262,3
44263,3
44264,3
44265,3
44266,3
44267,2
44268,2
44269,0
44270,2
44271,2
44272,0
44273,2
44274,0
44275,3
44276,0
44277,3
44278,0
44279,0
44280,2
44281,2
44282,2
44283,2
44284,3
44285,2
44286,2
44287,2
44288,2
44289,2
44290,2
44291,2
44292,2
44293,2
44294,2
44295,2
44296,2
44297,0
44298,0
44299,2
44300,2
44301,2
44302,2
44303,3
44304,0
44305,3
44306,2
44307,2
44308,3
44309,2
44310,3
44311,2
44312,2
44313,0
44314,3
44315,0
44316,3
44317,0
44318,0
44319,0
44320,0
44321,0
44322,2
44323,2
44324,2
44325,2
44326,2
44327,2
44328,2
44329,2
44330,2
44331,2
44332,2
44333,2
44334,2
44335,2
44336,2
44337,2
44338,2
44339,2
44340,2
44341,2
44342,3
44343,3
44344,2
44345,3
44346,2
44347,2
44348,2
44349,2
44350,2
44351,2
44352,2
44353,2
44354,2
44355,2
44356,2
44357,2
44358,3
44359,2
44360,2
44361,2
44362,2
44363,2
44364,2
44365,2
44366,2
44367,2
44368,2
44369,0
44370,3
44371,3
44372,3
44373,3
44374,3
44375,3
44376,3
44377,0
44378,2
44379,0
44380,2
44381,2
44382,2
44383,2
44384,2
44385,2
44386,2
44387,2
44388,2
44389,2
44390,2
44391,2
44392,2
44393,2
44394,2
44395,2
44396,2
44397,2
44398,2
44399,2
44400,2
44401,2
44402,2
44403,2
44404,2
44405,2
44406,2
44407,2
44408,2
44409,2
44410,2
44411,2
44412,2
44413,2
44414,2
44415,2
44416,2
44417,3
44418,0
44419,0
44420,2
44421,0
44422,2
44423,0
44424,0
44425,0
44426,3
44427,3
44428,3
44429,3
44430,2
44431,3
44432,3
44433,0
44434,0
44435,2
44436,2
44437,2
44438,2
44439,2
44440,2
44441,0
44442,0
44443,0
44444,0
44445,0
44446,0
44447,0
44448,3
44449,0
44450,0
44451,0
44452,0
44453,0
44454,0
44455,2
44456,0
44457,0
44458,0
44459,0
44460,2
44461,0
44462,0
44463,0
44464,0
44465,2
44466,0
44467,0
44468,0
44469,3
44470,3
44471,2
44472,2
44473,0
44474,0
44475,2
44476,3
44477,3
44478,3
44479,2
44480,3
44481,3
44482,2
44483,3
44484,3
44485,3
44486,2
44487,3
44488,2
44489,3
44490,3
44491,2
44492,3
44493,3
44494,2
44495,0
44496,2
44497,0
44498,0
44499,0
44500,0
44501,0
44502,0
44503,0
44504,0
44505,0
44506,0
44507,3
44508,0
44509,0
44510,0
44511,0
44512,0
44513,2
44514,0
44515,0
44516,0
44517,0
44518,2
44519,0
44520,2
44521,0
44522,0
44523,2
44524,2
44525,2
44526,0
44527,3
44528,0
44529,0
44530,3
44531,0
44532,2
44533,3
44534,0
44535,3
44536,3
44537,0
44538,0
44539,0
44540,3
44541,2
44542,2
44543,2
44544,2
44545,2
44546,2
44547,2
44548,2
44549,3
44550,3
44551,3
44552,2
44553,3
44554,3
44555,3
44556,3
44557,3
44558,2
44559,3
44560,3
44561,3
44562,3
44563,3
44564,3
44565,3
44566,2
44567,2
44568,2
44569,2
44570,3
44571,2
44572,3
44573,3
44574,3
44575,3
44576,3
44577,2
44578,3
44579,3
44580,2
44581,2
44582,3
44583,3
44584,3
44585,3
44586,3
44587,2
44588,2
44589,3
44590,3
44591,3
44592,3
44593,3
44594,2
44595,3
44596,3
44597,2
44598,3
44599,3
44600,3
44601,0
44602,2
44603,2
44604,2
44605,2
44606,2
44607,2
44608,2
44609,2
44610,2
44611,2
44612,2
44613,2
44614,2
44615,2
44616,2
44617,2
44618,2
44619,2
44620,2
44621,2
44622,2
44623,2
44624,2
44625,2
44626,2
44627,2
44628,2
44629,2
44630,3
44631,2
44632,2
44633,2
44634,2
44635,2
44636,2
44637,2
44638,2
44639,2
44640,3
44641,3
44642,2
44643,2
44644,2
44645,2
44646,2
44647,2
44648,2
44649,2
44650,2
44651,3
44652,2
44653,2
44654,2
44655,2
44656,2
44657,2
44658,2
44659,3
44660,2
44661,2
44662,2
44663,2
44664,2
44665,2
44666,2
44667,2
44668,2
44669,2
44670,2
44671,3
44672,2
44673,3
44674,3
44675,2
44676,3
44677,3
44678,3
44679,3
44680,2
44681,2
44682,0
44683,0
44684,0
44685,0
44686,3
44687,2
44688,3
44689,2
44690,0
44691,3
44692,0
44693,0
44694,0
44695,0
44696,0
44697,2
44698,0
44699,0
44700,2
44701,0
44702,3
44703,0
44704,2
44705,0
44706,0
44707,2
44708,0
44709,2
44710,3
44711,2
44712,3
44713,3
44714,0
44715,2
44716,0
44717,0
44718,3
44719,3
44720,3
44721,0
44722,3
44723,0
44724,3
44725,3
44726,3
44727,3
44728,3
44729,0
44730,0
44731,3
44732,2
44733,2
44734,3
44735,0
44736,2
44737,2
44738,2
44739,2
44740,2
44741,2
44742,2
44743,2
44744,2
44745,2
44746,2
44747,2
44748,2
44749,2
44750,2
44751,2
44752,2
44753,2
44754,0
44755,3
44756,2
44757,2
44758,0
44759,2
44760,2
44761,2
44762,2
44763,2
44764,2
44765,0
44766,2
44767,2
44768,3
44769,2
44770,2
44771,2
44772,2
44773,2
44774,0
44775,2
44776,0
44777,0
44778,2
44779,0
44780,0
44781,0
44782,0
44783,0
44784,2
44785,0
44786,2
44787,0
44788,0
44789,0
44790,0
44791,0
44792,2
44793,0
44794,0
44795,2
44796,3
44797,0
44798,2
44799,2
44800,2
44801,2
44802,3
44803,2
44804,2
44805,2
44806,2
44807,3
44808,2
44809,2
44810,2
44811,2
44812,2
44813,0
44814,2
44815,3
44816,3
44817,2
44818,0
44819,2
44820,2
44821,2
44822,2
44823,2
44824,3
44825,2
44826,2
44827,2
44828,4
44829,2
44830,3
44831,2
44832,3
44833,2
44834,3
44835,3
44836,3
44837,1
44838,1
44839,1
44840,2
44841,2
44842,4
44843,2
44844,4
44845,2
44846,3
44847,2
44848,2
44849,2
44850,3
44851,3
44852,2
44853,2
44854,2
44855,3
44856,2
44857,2
44858,2
44859,3
44860,2
44861,2
44862,2
44863,2
44864,2
44865,2
44866,2
44867,2
44868,2
44869,2
44870,2
44871,2
44872,2
44873,3
44874,2
44875,2
44876,2
44877,2
44878,2
44879,3
44880,2
44881,2
44882,2
44883,3
44884,2
44885,2
44886,2
44887,3
44888,3
44889,2
44890,3
44891,3
44892,4
44893,3
44894,2
44895,0
44896,3
44897,2
44898,3
44899,3
44900,2
44901,3
44902,2
44903,2
44904,3
44905,2
44906,3
44907,4
44908,3
44909,3
44910,3
44911,4
44912,3
44913,3
44914,3
44915,3
44916,3
44917,3
44918,3
44919,2
44920,3
44921,4
44922,4
44923,1
44924,2
44925,3
44926,5
44927,3
44928,3
44929,1
44930,1
44931,2
44932,3
44933,5
44934,3
44935,2
44936,2
44937,2
44938,4
44939,4
44940,2
44941,4
44942,4
44943,3
44944,4
44945,4
44946,4
44947,4
44948,4
44949,4
44950,2
44951,3
44952,3
44953,2
44954,2
44955,2
44956,3
44957,3
44958,4
44959,2
44960,4
44961,3
44962,2
44963,2
44964,2
44965,2
44966,5
44967,2
44968,2
44969,2
44970,2
44971,2
44972,2
44973,2
44974,2
44975,3
44976,2
44977,2
44978,2
44979,2
44980,2
44981,2
44982,2
44983,2
44984,2
44985,2
44986,3
44987,2
44988,2
44989,2
44990,2
44991,2
44992,2
44993,2
44994,2
44995,2
44996,2
44997,2
44998,0
44999,2
45000,2
45001,2
45002,2
45003,2
45004,2
45005,2
45006,2
45007,2
45008,2
45009,0
45010,2
45011,2
45012,2
45013,2
45014,2
45015,2
45016,2
45017,2
45018,2
45019,2
45020,2
45021,2
45022,2
45023,0
45024,2
45025,2
45026,2
45027,2
45028,2
45029,2
45030,2
45031,2
45032,2
45033,2
45034,2
45035,2
45036,2
45037,2
45038,2
45039,2
45040,2
45041,2
45042,2
45043,2
45044,2
45045,2
45046,2
45047,2
45048,2
45049,2
45050,2
45051,2
45052,2
45053,2
45054,2
45055,2
45056,2
45057,2
45058,2
45059,2
45060,2
45061,2
45062,2
45063,2
45064,2
45065,2
45066,2
45067,2
45068,2
45069,4
45070,2
45071,3
45072,3
45073,3
45074,2
45075,2
45076,2
45077,2
45078,2
45079,2
45080,2
45081,2
45082,2
45083,2
45084,2
45085,2
45086,2
45087,2
45088,2
45089,2
45090,2
45091,2
45092,2
45093,2
45094,2
45095,2
45096,2
45097,2
45098,2
45099,2
45100,3
45101,2
45102,2
45103,3
45104,2
45105,2
45106,2
45107,2
45108,2
45109,2
45110,2
45111,2
45112,2
45113,2
45114,2
45115,2
45116,2
45117,2
45118,2
45119,2
45120,2
45121,2
45122,2
45123,2
45124,2
45125,2
45126,2
45127,2
45128,2
45129,2
45130,2
45131,2
45132,2
45133,2
45134,2
45135,4
45136,3
45137,3
45138,3
45139,2
45140,2
45141,2
45142,4
45143,3
45144,3
45145,4
45146,2
45147,3
45148,3
45149,3
45150,3
45151,3
45152,3
45153,3
45154,2
45155,2
45156,3
45157,3
45158,3
45159,3
45160,4
45161,2
45162,2
45163,2
45164,0
45165,2
45166,3
45167,2
45168,3
45169,2
45170,2
45171,2
45172,2
45173,2
45174,2
45175,2
45176,2
45177,0
45178,2
45179,2
45180,2
45181,2
45182,2
45183,2
45184,2
45185,2
45186,2
45187,2
45188,2
45189,2
45190,2
45191,2
45192,2
45193,2
45194,2
45195,3
45196,3
45197,3
45198,2
45199,3
45200,2
45201,2
45202,3
45203,3
45204,4
45205,2
45206,2
45207,2
45208,3
45209,3
45210,4
45211,3
45212,4
45213,3
45214,3
45215,2
45216,2
45217,4
45218,2
45219,3
45220,3
45221,2
45222,3
45223,3
45224,2
45225,4
45226,1
45227,3
45228,2
45229,2
45230,2
45231,3
45232,2
45233,2
45234,3
45235,2
45236,0
45237,2
45238,3
45239,3
45240,2
45241,2
45242,0
45243,2
45244,3
45245,2
45246,4
45247,2
45248,2
45249,2
45250,2
45251,2
45252,3
45253,2
45254,2
45255,3
45256,3
45257,4
45258,1
45259,2
45260,2
45261,2
45262,2
45263,2
45264,2
45265,2
45266,2
45267,2
45268,2
45269,2
45270,2
45271,2
45272,2
45273,2
45274,2
45275,2
45276,2
45277,0
45278,2
45279,2
45280,2
45281,2
45282,2
45283,2
45284,2
45285,2
45286,2
45287,2
45288,2
45289,2
45290,2
45291,2
45292,2
45293,2
45294,2
45295,2
45296,2
45297,3
45298,2
45299,2
45300,3
45301,3
45302,2
45303,2
45304,3
45305,3
45306,3
45307,2
45308,0
45309,0
45310,2
45311,0
45312,2
45313,2
45314,2
45315,2
45316,3
45317,2
45318,2
45319,2
45320,2
45321,3
45322,2
45323,2
45324,2
45325,3
45326,2
45327,3
45328,3
45329,2
45330,3
45331,4
45332,3
45333,2
45334,2
45335,2
45336,3
45337,4
45338,3
45339,3
45340,3
45341,3
45342,3
45343,1
45344,3
45345,4
45346,3
45347,2
45348,2
45349,2
45350,2
45351,2
45352,2
45353,2
45354,2
45355,2
45356,2
45357,2
45358,2
45359,2
45360,2
45361,2
45362,2
45363,2
45364,2
45365,2
45366,2
45367,2
45368,2
45369,2
45370,2
45371,2
45372,2
45373,2
45374,2
45375,2
45376,2
45377,2
45378,2
45379,2
45380,2
45381,2
45382,2
45383,2
45384,2
45385,2
45386,2
45387,2
45388,2
45389,2
45390,2
45391,2
45392,2
45393,2
45394,2
45395,2
45396,2
45397,2
45398,2
45399,2
45400,2
45401,2
45402,2
45403,2
45404,2
45405,2
45406,2
45407,2
45408,2
45409,2
45410,2
45411,2
45412,2
45413,2
45414,2
45415,2
45416,2
45417,2
45418,2
45419,2
45420,2
45421,2
45422,2
45423,2
45424,2
45425,2
45426,2
45427,2
45428,2
45429,2
45430,2
45431,2
45432,2
45433,2
45434,2
45435,2
45436,2
45437,2
45438,2
45439,2
45440,2
45441,2
45442,2
45443,2
45444,2
45445,2
45446,2
45447,2
45448,2
45449,2
45450,2
45451,2
45452,2
45453,2
45454,2
45455,2
45456,2
45457,2
45458,2
45459,2
45460,2
45461,2
45462,2
45463,2
45464,2
45465,2
45466,2
45467,2
45468,2
45469,2
45470,2
45471,3
45472,3
45473,3
45474,3
45475,3
45476,3
45477,4
45478,2
45479,2
45480,3
45481,2
45482,2
45483,1
45484,1
45485,1
45486,1
45487,3
45488,1
45489,1
45490,1
45491,3
45492,1
45493,2
45494,3
45495,2
45496,1
45497,2
45498,2
45499,2
45500,3
45501,2
45502,3
45503,2
45504,3
45505,3
45506,2
45507,0
45508,4
45509,3
45510,3
45511,2
45512,2
45513,2
45514,2
45515,2
45516,2
45517,2
45518,2
45519,2
45520,2
45521,2
45522,2
45523,2
45524,2
45525,0
45526,0
45527,2
45528,0
45529,2
45530,2
45531,2
45532,2
45533,2
45534,2
45535,2
45536,2
45537,2
45538,2
45539,2
45540,2
45541,2
45542,2
45543,2
45544,0
45545,2
45546,3
45547,2
45548,2
45549,2
45550,2
45551,2
45552,2
45553,2
45554,2
45555,2
45556,2
45557,2
45558,2
45559,2
45560,2
45561,2
45562,2
45563,2
45564,2
45565,2
45566,2
45567,2
45568,2
45569,2
45570,2
45571,2
45572,2
45573,2
45574,2
45575,2
45576,0
45577,2
45578,2
45579,2
45580,2
45581,2
45582,2
45583,2
45584,2
45585,2
45586,2
45587,2
45588,2
45589,2
45590,2
45591,2
45592,3
45593,2
45594,0
45595,2
45596,2
45597,2
45598,2
45599,2
45600,3
45601,2
45602,2
45603,2
45604,2
45605,2
45606,2
45607,2
45608,2
45609,2
45610,2
45611,2
45612,2
45613,2
45614,2
45615,2
45616,2
45617,2
45618,2
45619,2
45620,2
45621,2
45622,2
45623,2
45624,2
45625,2
45626,2
45627,2
45628,2
45629,2
45630,2
45631,2
45632,2
45633,2
45634,2
45635,2
45636,2
45637,2
45638,2
45639,2
45640,2
45641,2
45642,2
45643,2
45644,2
45645,2
45646,2
45647,2
45648,2
45649,2
45650,2
45651,2
45652,2
45653,2
45654,2
45655,2
45656,2
45657,2
45658,2
45659,2
45660,2
45661,2
45662,2
45663,2
45664,4
45665,3
45666,3
45667,4
45668,2
45669,2
45670,3
45671,3
45672,2
45673,3
45674,4
45675,3
45676,3
45677,3
45678,3
45679,2
45680,0
45681,2
45682,0
45683,0
45684,2
45685,0
45686,2
45687,2
45688,3
45689,2
45690,2
45691,2
45692,2
45693,2
45694,2
45695,2
45696,2
45697,4
45698,2
45699,2
45700,2
45701,2
45702,2
45703,2
45704,2
45705,2
45706,0
45707,2
45708,2
45709,2
45710,2
45711,2
45712,2
45713,0
45714,2
45715,2
45716,2
45717,2
45718,2
45719,2
45720,2
45721,3
45722,3
45723,3
45724,3
45725,2
45726,2
45727,2
45728,3
45729,3
45730,2
45731,2
45732,2
45733,3
45734,2
45735,2
45736,2
45737,2
45738,2
45739,2
45740,2
45741,2
45742,2
45743,2
45744,2
45745,2
45746,2
45747,2
45748,2
45749,2
45750,2
45751,2
45752,2
45753,2
45754,2
45755,2
45756,2
45757,2
45758,2
45759,2
45760,2
45761,2
45762,3
45763,2
45764,2
45765,2
45766,2
45767,2
45768,2
45769,2
45770,2
45771,2
45772,2
45773,2
45774,2
45775,2
45776,2
45777,2
45778,2
45779,2
45780,2
45781,2
45782,2
45783,2
45784,2
45785,2
45786,2
45787,2
45788,2
45789,2
45790,2
45791,2
45792,2
45793,3
45794,2
45795,2
45796,2
45797,2
45798,2
45799,2
45800,2
45801,2
45802,2
45803,2
45804,2
45805,2
45806,2
45807,2
45808,2
45809,2
45810,2
45811,2
45812,2
45813,2
45814,2
45815,2
45816,2
45817,2
45818,2
45819,3
45820,2
45821,2
45822,2
45823,3
45824,2
45825,2
45826,2
45827,2
45828,2
45829,2
45830,2
45831,2
45832,2
45833,2
45834,2
45835,2
45836,2
45837,2
45838,2
45839,2
45840,2
45841,2
45842,2
45843,2
45844,2
45845,2
45846,2
45847,3
45848,2
45849,2
45850,2
45851,2
45852,2
45853,2
45854,2
45855,2
45856,2
45857,2
45858,2
45859,3
45860,2
45861,2
45862,2
45863,2
45864,2
45865,2
45866,2
45867,2
45868,2
45869,2
45870,2
45871,2
45872,2
45873,2
45874,2
45875,2
45876,2
45877,2
45878,2
45879,2
45880,2
45881,2
45882,2
45883,2
45884,2
45885,2
45886,2
45887,2
45888,2
45889,2
45890,2
45891,2
45892,2
45893,2
45894,2
45895,2
45896,2
45897,3
45898,2
45899,2
45900,2
45901,2
45902,2
45903,2
45904,1
45905,1
45906,3
45907,3
45908,3
45909,3
45910,3
45911,3
45912,3
45913,3
45914,1
45915,3
45916,0
45917,1
45918,1
45919,3
45920,3
45921,3
45922,2
45923,2
45924,0
45925,2
45926,2
45927,2
45928,2
45929,2
45930,2
45931,2
45932,1
45933,1
45934,1
45935,2
45936,2
45937,2
45938,2
45939,2
45940,2
45941,1
45942,1
45943,2
45944,3
45945,2
45946,3
45947,1
45948,1
45949,1
45950,1
45951,1
45952,3
45953,2
45954,2
45955,3
45956,3
45957,3
45958,3
45959,3
45960,2
45961,3
45962,3
45963,2
45964,3
45965,3
45966,3
45967,3
45968,3
45969,3
45970,2
45971,2
45972,0
45973,3
45974,0
45975,2
45976,3
45977,1
45978,1
45979,2
45980,3
45981,3
45982,3
45983,3
45984,3
45985,2
45986,3
45987,3
45988,3
45989,3
45990,3
45991,2
45992,3
45993,2
45994,3
45995,1
45996,1
45997,0
45998,3
45999,2
46000,3
46001,1
46002,0
46003,1
46004,3
46005,3
46006,1
46007,1
46008,1
46009,1
46010,3
46011,3
46012,1
46013,1
46014,1
46015,3
46016,3
46017,1
46018,0
46019,0
46020,0
46021,0
46022,3
46023,3
46024,1
46025,0
46026,0
46027,1
46028,1
46029,1
46030,1
46031,0
46032,0
46033,0
46034,0
46035,1
46036,0
46037,0
46038,3
46039,3
46040,3
46041,3
46042,2
46043,3
46044,1
46045,1
46046,1
46047,1
46048,1
46049,1
46050,1
46051,3
46052,3
46053,3
46054,3
46055,3
46056,3
46057,3
46058,3
46059,3
46060,3
46061,3
46062,3
46063,3
46064,3
46065,3
46066,3
46067,3
46068,3
46069,3
46070,3
46071,2
46072,3
46073,2
46074,3
46075,3
46076,3
46077,2
46078,0
46079,0
46080,0
46081,0
46082,3
46083,0
46084,0
46085,1
46086,1
46087,3
46088,0
46089,0
46090,0
46091,0
46092,0
46093,3
46094,2
46095,2
46096,0
46097,0
46098,1
46099,1
46100,0
46101,0
46102,0
46103,1
46104,3
46105,3
46106,1
46107,3
46108,0
46109,0
46110,0
46111,0
46112,1
46113,1
46114,1
46115,0
46116,1
46117,1
46118,3
46119,1
46120,1
46121,0
46122,0
46123,3
46124,3
46125,1
46126,1
46127,1
46128,1
46129,0
46130,2
46131,2
46132,2
46133,0
46134,0
46135,0
46136,0
46137,0
46138,0
46139,0
46140,0
46141,0
46142,3
46143,3
46144,3
46145,3
46146,3
46147,1
46148,3
46149,3
46150,2
46151,1
46152,3
46153,2
46154,3
46155,3
46156,3
46157,2
46158,3
46159,3
46160,0
46161,3
46162,3
46163,3
46164,3
46165,3
46166,3
46167,3
46168,0
46169,3
46170,2
46171,1
46172,0
46173,0
46174,3
46175,3
46176,3
46177,0
46178,3
46179,0
46180,0
46181,3
46182,3
46183,3
46184,3
46185,2
46186,2
46187,2
46188,3
46189,2
46190,3
46191,3
46192,3
46193,3
46194,3
46195,3
46196,0
46197,3
46198,3
46199,3
46200,3
46201,3
46202,3
46203,0
46204,0
46205,0
46206,0
46207,1
46208,1
46209,0
46210,1
46211,0
46212,0
46213,0
46214,0
46215,0
46216,0
46217,0
46218,0
46219,0
46220,2
46221,0
46222,3
46223,1
46224,1
46225,1
46226,3
46227,2
46228,3
46229,3
46230,2
46231,2
46232,2
46233,2
46234,3
46235,2
46236,2
46237,2
46238,3
46239,3
46240,2
46241,2
46242,2
46243,3
46244,2
46245,1
46246,1
46247,1
46248,0
46249,2
46250,3
46251,2
46252,3
46253,0
46254,2
46255,0
46256,0
46257,0
46258,1
46259,1
46260,1
46261,1
46262,1
46263,3
46264,1
46265,0
46266,1
46267,0
46268,0
46269,0
46270,1
46271,3
46272,3
46273,3
46274,3
46275,3
46276,0
46277,3
46278,3
46279,3
46280,3
46281,3
46282,3
46283,3
46284,3
46285,3
46286,3
46287,3
46288,3
46289,1
46290,1
46291,1
46292,1
46293,1
46294,3
46295,2
46296,3
46297,0
46298,3
46299,3
46300,3
46301,3
46302,3
46303,3
46304,2
46305,3
46306,3
46307,3
46308,3
46309,3
46310,3
46311,3
46312,3
46313,2
46314,2
46315,1
46316,2
46317,3
46318,2
46319,1
46320,3
46321,3
46322,3
46323,3
46324,3
46325,1
46326,3
46327,3
46328,3
46329,2
46330,1
46331,3
46332,1
46333,3
46334,2
46335,2
46336,1
46337,2
46338,2
46339,3
46340,3
46341,2
46342,1
46343,3
46344,3
46345,1
46346,3
46347,1
46348,1
46349,3
46350,3
46351,3
46352,3
46353,3
46354,3
46355,3
46356,3
46357,3
46358,3
46359,3
46360,3
46361,3
46362,3
46363,3
46364,3
46365,3
46366,3
46367,2
46368,0
46369,1
46370,0
46371,1
46372,1
46373,0
46374,0
46375,0
46376,0
46377,0
46378,0
46379,0
46380,1
46381,1
46382,1
46383,3
46384,3
46385,1
46386,1
46387,1
46388,3
46389,3
46390,3
46391,3
46392,2
46393,2
46394,3
46395,0
46396,0
46397,0
46398,0
46399,0
46400,3
46401,0
46402,3
46403,0
46404,1
46405,1
46406,3
46407,3
46408,1
46409,3
46410,1
46411,0
46412,0
46413,0
46414,2
46415,1
46416,3
46417,3
46418,3
46419,0
46420,1
46421,2
46422,0
46423,3
46424,0
46425,1
46426,1
46427,3
46428,1
46429,1
46430,1
46431,1
46432,3
46433,1
46434,3
46435,1
46436,3
46437,3
46438,1
46439,1
46440,1
46441,1
46442,1
46443,1
46444,1
46445,3
46446,0
46447,0
46448,0
46449,2
46450,0
46451,1
46452,1
46453,1
46454,0
46455,3
46456,1
46457,2
46458,3
46459,0
46460,0
46461,0
46462,0
46463,1
46464,1
46465,1
46466,0
46467,2
46468,0
46469,3
46470,3
46471,3
46472,0
46473,3
46474,0
46475,3
46476,3
46477,2
46478,1
46479,1
46480,1
46481,3
46482,3
46483,1
46484,1
46485,0
46486,0
46487,1
46488,3
46489,3
46490,3
46491,3
46492,3
46493,3
46494,2
46495,3
46496,2
46497,4
46498,2
46499,0
46500,0
46501,3
46502,1
46503,1
46504,1
46505,1
46506,3
46507,1
46508,1
46509,3
46510,3
46511,1
46512,3
46513,1
46514,1
46515,2
46516,3
46517,3
46518,3
46519,1
46520,1
46521,3
46522,2
46523,3
46524,2
46525,3
46526,3
46527,3
46528,3
46529,3
46530,3
46531,2
46532,3
46533,3
46534,0
46535,3
46536,3
46537,3
46538,2
46539,3
46540,1
46541,0
46542,3
46543,1
46544,1
46545,1
46546,3
46547,1
46548,1
46549,0
46550,0
46551,0
46552,3
46553,0
46554,0
46555,1
46556,1
46557,1
46558,0
46559,1
46560,1
46561,1
46562,2
46563,1
46564,1
46565,1
46566,1
46567,1
46568,1
46569,1
46570,1
46571,3
46572,2
46573,2
46574,1
46575,3
46576,3
46577,3
46578,3
46579,3
46580,3
46581,2
46582,2
46583,2
46584,2
46585,2
46586,3
46587,2
46588,0
46589,2
46590,3
46591,0
46592,0
46593,2
46594,2
46595,2
46596,2
46597,2
46598,2
46599,0
46600,3
46601,2
46602,3
46603,2
46604,0
46605,2
46606,3
46607,2
46608,2
46609,3
46610,2
46611,3
46612,1
46613,3
46614,2
46615,2
46616,3
46617,2
46618,3
46619,0
46620,2
46621,2
46622,2
46623,2
46624,3
46625,2
46626,2
46627,2
46628,2
46629,2
46630,2
46631,2
46632,3
46633,3
46634,2
46635,3
46636,3
46637,3
46638,2
46639,0
46640,3
46641,3
46642,3
46643,3
46644,3
46645,3
46646,3
46647,0
46648,3
46649,2
46650,3
46651,2
46652,2
46653,3
46654,3
46655,3
46656,3
46657,3
46658,3
46659,2
46660,2
46661,2
46662,0
46663,3
46664,3
46665,2
46666,2
46667,2
46668,2
46669,2
46670,2
46671,2
46672,2
46673,3
46674,2
46675,2
46676,2
46677,2
46678,2
46679,2
46680,2
46681,2
46682,2
46683,2
46684,2
46685,2
46686,3
46687,3
46688,2
46689,2
46690,3
46691,3
46692,2
46693,2
46694,2
46695,2
46696,2
46697,2
46698,3
46699,2
46700,2
46701,3
46702,2
46703,2
46704,2
46705,2
46706,2
46707,2
46708,3
46709,3
46710,3
46711,3
46712,2
46713,2
46714,2
46715,3
46716,3
46717,3
46718,3
46719,3
46720,2
46721,2
46722,2
46723,2
46724,2
46725,2
46726,0
46727,0
46728,2
46729,0
46730,2
46731,3
46732,2
46733,2
46734,3
46735,2
46736,3
46737,3
46738,3
46739,0
46740,2
46741,2
46742,2
46743,2
46744,2
46745,2
46746,2
46747,2
46748,2
46749,2
46750,2
46751,2
46752,2
46753,2
46754,2
46755,2
46756,2
46757,2
46758,2
46759,2
46760,3
46761,3
46762,3
46763,3
46764,3
46765,2
46766,3
46767,2
46768,3
46769,3
46770,3
46771,2
46772,2
46773,2
46774,2
46775,2
46776,2
46777,2
46778,2
46779,2
46780,2
46781,2
46782,2
46783,3
46784,2
46785,2
46786,2
46787,2
46788,2
46789,2
46790,3
46791,2
46792,0
46793,2
46794,2
46795,2
46796,0
46797,0
46798,2
46799,0
46800,3
46801,2
46802,3
46803,2
46804,2
46805,2
46806,3
46807,1
46808,3
46809,2
46810,2
46811,2
46812,2
46813,2
46814,2
46815,2
46816,2
46817,2
46818,2
46819,2
46820,2
46821,2
46822,3
46823,3
46824,2
46825,2
46826,2
46827,2
46828,2
46829,3
46830,3
46831,3
46832,3
46833,2
46834,3
46835,2
46836,3
46837,1
46838,3
46839,3
46840,3
46841,3
46842,3
46843,2
46844,0
46845,2
46846,0
46847,3
46848,3
46849,2
46850,2
46851,2
46852,2
46853,2
46854,2
46855,2
46856,2
46857,2
46858,2
46859,2
46860,2
46861,2
46862,2
46863,2
46864,2
46865,2
46866,3
46867,2
46868,2
46869,2
46870,3
46871,2
46872,2
46873,2
46874,1
46875,1
46876,3
46877,2
46878,2
46879,2
46880,2
46881,2
46882,2
46883,2
46884,2
46885,2
46886,2
46887,0
46888,2
46889,2
46890,2
46891,2
46892,3
46893,0
46894,2
46895,3
46896,2
46897,3
46898,2
46899,2
46900,0
46901,0
46902,2
46903,2
46904,2
46905,2
46906,3
46907,0
46908,2
46909,2
46910,3
46911,2
46912,2
46913,2
46914,2
46915,2
46916,3
46917,2
46918,3
46919,0
46920,3
46921,2
46922,3
46923,2
46924,2
46925,2
46926,2
46927,2
46928,2
46929,2
46930,2
46931,2
46932,2
46933,2
46934,3
46935,2
46936,2
46937,3
46938,2
46939,2
46940,2
46941,2
46942,2
46943,2
46944,2
46945,2
46946,2
46947,2
46948,2
46949,2
46950,2
46951,2
46952,3
46953,0
46954,3
46955,2
46956,2
46957,1
46958,2
46959,2
46960,2
46961,2
46962,2
46963,2
46964,2
46965,2
46966,3
46967,2
46968,2
46969,2
46970,2
46971,2
46972,2
46973,2
46974,2
46975,3
46976,3
46977,2
46978,2
46979,2
46980,2
46981,2
46982,2
46983,2
46984,2
46985,2
46986,2
46987,2
46988,2
46989,2
46990,2
46991,2
46992,2
46993,2
46994,2
46995,2
46996,2
46997,2
46998,2
46999,2
47000,0
47001,2
47002,2
47003,3
47004,2
47005,2
47006,2
47007,2
47008,2
47009,2
47010,3
47011,3
47012,3
47013,2
47014,2
47015,2
47016,2
47017,2
47018,2
47019,2
47020,2
47021,2
47022,2
47023,2
47024,2
47025,2
47026,2
47027,2
47028,3
47029,2
47030,2
47031,2
47032,2
47033,3
47034,0
47035,2
47036,2
47037,2
47038,2
47039,2
47040,0
47041,2
47042,2
47043,2
47044,3
47045,3
47046,2
47047,2
47048,2
47049,2
47050,2
47051,2
47052,2
47053,2
47054,3
47055,2
47056,1
47057,3
47058,3
47059,3
47060,3
47061,2
47062,2
47063,2
47064,2
47065,2
47066,2
47067,2
47068,2
47069,2
47070,2
47071,2
47072,3
47073,2
47074,2
47075,2
47076,2
47077,2
47078,2
47079,2
47080,2
47081,2
47082,2
47083,3
47084,2
47085,2
47086,2
47087,2
47088,2
47089,2
47090,2
47091,2
47092,2
47093,2
47094,2
47095,0
47096,2
47097,2
47098,3
47099,2
47100,2
47101,2
47102,2
47103,3
47104,2
47105,2
47106,2
47107,2
47108,2
47109,2
47110,2
47111,2
47112,2
47113,2
47114,2
47115,2
47116,2
47117,3
47118,2
47119,2
47120,2
47121,1
47122,3
47123,0
47124,0
47125,3
47126,3
47127,2
47128,2
47129,2
47130,2
47131,3
47132,2
47133,2
47134,2
47135,3
47136,3
47137,3
47138,3
47139,0
47140,0
47141,3
47142,2
47143,2
47144,2
47145,2
47146,2
47147,2
47148,2
47149,2
47150,2
47151,2
47152,2
47153,2
47154,2
47155,3
47156,2
47157,3
47158,2
47159,2
47160,2
47161,3
47162,2
47163,2
47164,0
47165,2
47166,2
47167,2
47168,2
47169,2
47170,2
47171,2
47172,2
47173,2
47174,2
47175,2
47176,2
47177,2
47178,2
47179,2
47180,2
47181,2
47182,2
47183,2
47184,2
47185,2
47186,2
47187,2
47188,0
47189,0
47190,0
47191,3
47192,0
47193,3
47194,2
47195,3
47196,3
47197,3
47198,3
47199,1
47200,3
47201,3
47202,3
47203,2
47204,3
47205,2
47206,3
47207,2
47208,2
47209,2
47210,2
47211,2
47212,2
47213,2
47214,2
47215,3
47216,2
47217,2
47218,0
47219,3
47220,0
47221,0
47222,3
47223,3
47224,0
47225,2
47226,3
47227,3
47228,3
47229,3
47230,2
47231,2
47232,2
47233,2
47234,2
47235,2
47236,2
47237,2
47238,2
47239,0
47240,2
47241,0
47242,2
47243,3
47244,2
47245,0
47246,0
47247,2
47248,2
47249,0
47250,2
47251,2
47252,0
47253,2
47254,2
47255,2
47256,2
47257,2
47258,3
47259,3
47260,2
47261,2
47262,3
47263,3
47264,3
47265,2
47266,2
47267,0
47268,0
47269,0
47270,0
47271,3
47272,3
47273,3
47274,2
47275,3
47276,3
47277,3
47278,3
47279,3
47280,3
47281,3
47282,3
47283,3
47284,3
47285,2
47286,3
47287,3
47288,0
47289,1
47290,3
47291,3
47292,3
47293,3
47294,3
47295,3
47296,3
47297,3
47298,3
47299,3
47300,2
47301,3
47302,3
47303,3
47304,2
47305,3
47306,2
47307,3
47308,2
47309,2
47310,2
47311,3
47312,3
47313,3
47314,2
47315,2
47316,3
47317,2
47318,2
47319,2
47320,2
47321,2
47322,2
47323,2
47324,2
47325,2
47326,2
47327,2
47328,2
47329,2
47330,2
47331,2
47332,3
47333,3
47334,3
47335,2
47336,3
47337,3
47338,3
47339,3
47340,1
47341,2
47342,1
47343,3
47344,3
47345,2
47346,2
47347,3
47348,3
47349,2
47350,3
47351,2
47352,2
47353,0
47354,2
47355,2
47356,2
47357,2
47358,2
47359,2
47360,2
47361,2
47362,3
47363,2
47364,3
47365,3
47366,2
47367,3
47368,3
47369,3
47370,3
47371,3
47372,2
47373,2
47374,2
47375,2
47376,2
47377,2
47378,2
47379,2
47380,2
47381,2
47382,2
47383,2
47384,2
47385,2
47386,2
47387,2
47388,2
47389,2
47390,2
47391,2
47392,2
47393,2
47394,2
47395,3
47396,3
47397,3
47398,3
47399,3
47400,3
47401,3
47402,3
47403,3
47404,3
47405,3
47406,3
47407,3
47408,3
47409,3
47410,3
47411,3
47412,3
47413,3
47414,2
47415,2
47416,2
47417,2
47418,2
47419,2
47420,2
47421,2
47422,2
47423,2
47424,3
47425,2
47426,2
47427,3
47428,3
47429,3
47430,3
47431,3
47432,2
47433,2
47434,2
47435,3
47436,2
47437,2
47438,2
47439,2
47440,2
47441,2
47442,2
47443,2
47444,2
47445,3
47446,2
47447,2
47448,2
47449,3
47450,2
47451,0
47452,3
47453,2
47454,2
47455,3
47456,3
47457,3
47458,3
47459,3
47460,3
47461,2
47462,2
47463,2
47464,2
47465,2
47466,3
47467,2
47468,3
47469,2
47470,2
47471,2
47472,2
47473,2
47474,3
47475,3
47476,3
47477,3
47478,2
47479,2
47480,2
47481,2
47482,2
47483,2
47484,2
47485,2
47486,3
47487,2
47488,2
47489,2
47490,2
47491,2
47492,2
47493,2
47494,2
47495,2
47496,3
47497,2
47498,3
47499,2
47500,2
47501,2
47502,2
47503,2
47504,2
47505,2
47506,2
47507,2
47508,2
47509,2
47510,2
47511,2
47512,2
47513,2
47514,2
47515,2
47516,2
47517,2
47518,2
47519,2
47520,2
47521,2
47522,2
47523,3
47524,2
47525,2
47526,2
47527,2
47528,2
47529,2
47530,2
47531,2
47532,2
47533,2
47534,2
47535,2
47536,2
47537,3
47538,1
47539,1
47540,1
47541,1
47542,3
47543,1
47544,0
47545,0
47546,0
47547,0
47548,3
47549,0
47550,3
47551,0
47552,3
47553,0
47554,3
47555,3
47556,3
47557,2
47558,3
47559,2
47560,3
47561,3
47562,2
47563,2
47564,3
47565,2
47566,2
47567,2
47568,2
47569,2
47570,2
47571,2
47572,2
47573,2
47574,2
47575,2
47576,2
47577,2
47578,2
47579,2
47580,2
47581,2
47582,3
47583,2
47584,2
47585,3
47586,1
47587,2
47588,2
47589,2
47590,2
47591,2
47592,3
47593,2
47594,3
47595,2
47596,2
47597,3
47598,3
47599,3
47600,2
47601,2
47602,3
47603,2
47604,2
47605,3
47606,2
47607,2
47608,2
47609,2
47610,2
47611,3
47612,2
47613,2
47614,3
47615,3
47616,2
47617,2
47618,2
47619,2
47620,2
47621,2
47622,3
47623,2
47624,3
47625,2
47626,2
47627,2
47628,2
47629,2
47630,3
47631,2
47632,2
47633,2
47634,2
47635,2
47636,2
47637,2
47638,3
47639,3
47640,2
47641,3
47642,3
47643,3
47644,2
47645,3
47646,2
47647,3
47648,3
47649,2
47650,3
47651,3
47652,2
47653,3
47654,3
47655,2
47656,3
47657,3
47658,3
47659,3
47660,3
47661,3
47662,3
47663,3
47664,2
47665,2
47666,2
47667,2
47668,2
47669,2
47670,2
47671,2
47672,2
47673,2
47674,2
47675,2
47676,2
47677,3
47678,2
47679,2
47680,2
47681,3
47682,2
47683,2
47684,3
47685,3
47686,2
47687,2
47688,2
47689,2
47690,3
47691,3
47692,3
47693,2
47694,2
47695,2
47696,2
47697,2
47698,2
47699,3
47700,2
47701,3
47702,3
47703,2
47704,2
47705,2
47706,3
47707,2
47708,2
47709,2
47710,2
47711,3
47712,3
47713,2
47714,2
47715,3
47716,2
47717,2
47718,2
47719,2
47720,2
47721,2
47722,2
47723,2
47724,3
47725,2
47726,2
47727,2
47728,3
47729,2
47730,3
47731,2
47732,2
47733,2
47734,3
47735,3
47736,3
47737,2
47738,0
47739,2
47740,1
47741,1
47742,1
47743,1
47744,1
47745,1
47746,1
47747,0
47748,0
47749,1
47750,1
47751,1
47752,1
47753,1
47754,3
47755,0
47756,2
47757,2
47758,2
47759,3
47760,3
47761,2
47762,2
47763,2
47764,0
47765,3
47766,0
47767,0
47768,0
47769,3
47770,2
47771,3
47772,0
47773,2
47774,2
47775,3
47776,2
47777,0
47778,2
47779,2
47780,2
47781,2
47782,2
47783,2
47784,3
47785,3
47786,2
47787,3
47788,2
47789,3
47790,3
47791,2
47792,2
47793,2
47794,2
47795,1
47796,1
47797,3
47798,2
47799,2
47800,2
47801,3
47802,2
47803,1
47804,1
47805,3
47806,3
47807,2
47808,1
47809,3
47810,3
47811,3
47812,3
47813,2
47814,3
47815,2
47816,3
47817,2
47818,2
47819,2
47820,2
47821,0
47822,0
47823,0
47824,0
47825,0
47826,0
47827,0
47828,2
47829,2
47830,0
47831,2
47832,2
47833,3
47834,2
47835,3
47836,2
47837,2
47838,1
47839,2
47840,3
47841,3
47842,3
47843,2
47844,2
47845,2
47846,2
47847,2
47848,2
47849,2
47850,2
47851,0
47852,2
47853,3
47854,3
47855,3
47856,3
47857,3
47858,3
47859,3
47860,1
47861,3
47862,3
47863,0
47864,2
47865,0
47866,0
47867,3
47868,2
47869,3
47870,3
47871,2
47872,2
47873,2
47874,2
47875,3
47876,3
47877,2
47878,2
47879,2
47880,2
47881,2
47882,0
47883,2
47884,3
47885,2
47886,2
47887,2
47888,2
47889,3
47890,2
47891,2
47892,2
47893,2
47894,3
47895,2
47896,3
47897,2
47898,2
47899,3
47900,2
47901,2
47902,2
47903,2
47904,2
47905,2
47906,2
47907,2
47908,2
47909,2
47910,1
47911,2
47912,2
47913,2
47914,2
47915,1
47916,1
47917,3
47918,2
47919,3
47920,1
47921,2
47922,3
47923,2
47924,3
47925,2
47926,1
47927,1
47928,2
47929,3
47930,2
47931,1
47932,3
47933,1
47934,0
47935,0
47936,0
47937,0
47938,0
47939,0
47940,0
47941,0
47942,0
47943,0
47944,0
47945,2
47946,0
47947,0
47948,0
47949,0
47950,0
47951,0
47952,0
47953,0
47954,2
47955,0
47956,0
47957,0
47958,0
47959,0
47960,0
47961,0
47962,0
47963,0
47964,0
47965,0
47966,0
47967,0
47968,0
47969,0
47970,0
47971,0
47972,0
47973,2
47974,3
47975,2
47976,2
47977,2
47978,2
47979,2
47980,3
47981,2
47982,2
47983,2
47984,3
47985,1
47986,2
47987,2
47988,1
47989,1
47990,3
47991,2
47992,2
47993,2
47994,2
47995,2
47996,2
47997,3
47998,3
47999,3
48000,3
48001,3
48002,3
48003,3
48004,1
48005,1
48006,3
48007,3
48008,2
48009,3
48010,2
48011,2
48012,1
48013,2
48014,3
48015,3
48016,3
48017,3
48018,3
48019,3
48020,2
48021,2
48022,2
48023,3
48024,2
48025,2
48026,2
48027,2
48028,3
48029,3
48030,1
48031,1
48032,1
48033,1
48034,1
48035,1
48036,1
48037,1
48038,1
48039,1
48040,3
48041,2
48042,3
48043,3
48044,2
48045,3
48046,2
48047,3
48048,3
48049,3
48050,2
48051,3
48052,3
48053,3
48054,3
48055,3
48056,3
48057,0
48058,2
48059,0
48060,0
48061,3
48062,3
48063,3
48064,3
48065,1
48066,3
48067,3
48068,0
48069,3
48070,0
48071,0
48072,0
48073,0
48074,0
48075,3
48076,2
48077,3
48078,3
48079,3
48080,3
48081,3
48082,3
48083,3
48084,3
48085,3
48086,3
48087,3
48088,3
48089,3
48090,3
48091,3
48092,3
48093,3
48094,3
48095,3
48096,3
48097,3
48098,3
48099,3
48100,3
48101,3
48102,3
48103,2
48104,2
48105,3
48106,2
48107,1
48108,1
48109,1
48110,1
48111,1
48112,2
48113,2
48114,1
48115,1
48116,1
48117,1
48118,1
48119,1
48120,1
48121,2
48122,3
48123,2
48124,2
48125,2
48126,2
48127,2
48128,2
48129,2
48130,2
48131,1
48132,1
48133,1
48134,1
48135,3
48136,3
48137,2
48138,2
48139,0
48140,2
48141,2
48142,2
48143,2
48144,3
48145,3
48146,3
48147,2
48148,3
48149,2
48150,2
48151,2
48152,2
48153,2
48154,2
48155,2
48156,2
48157,2
48158,3
48159,2
48160,2
48161,3
48162,3
48163,3
48164,3
48165,3
48166,2
48167,2
48168,3
48169,0
48170,2
48171,2
48172,2
48173,3
48174,0
48175,3
48176,3
48177,0
48178,2
48179,0
48180,0
48181,0
48182,0
48183,0
48184,3
48185,0
48186,2
48187,0
48188,0
48189,0
48190,2
48191,0
48192,2
48193,2
48194,3
48195,0
48196,0
48197,0
48198,1
48199,1
48200,0
48201,0
48202,2
48203,2
48204,3
48205,3
48206,2
48207,3
48208,3
48209,3
48210,3
48211,3
48212,3
48213,3
48214,3
48215,3
48216,3
48217,3
48218,3
48219,3
48220,3
48221,3
48222,3
48223,3
48224,3
48225,3
48226,3
48227,3
48228,3
48229,3
48230,3
48231,3
48232,3
48233,2
48234,3
48235,3
48236,3
48237,3
48238,3
48239,3
48240,2
48241,3
48242,3
48243,2
48244,3
48245,3
48246,3
48247,3
48248,3
48249,3
48250,3
48251,3
48252,3
48253,1
48254,3
48255,3
48256,3
48257,3
48258,3
48259,3
48260,3
48261,3
48262,3
48263,3
48264,3
48265,3
48266,3
48267,0
48268,2
48269,3
48270,3
48271,3
48272,3
48273,3
48274,3
48275,3
48276,3
48277,3
48278,3
48279,3
48280,3
48281,3
48282,3
48283,3
48284,3
48285,3
48286,3
48287,3
48288,3
48289,3
48290,3
48291,3
48292,3
48293,3
48294,2
48295,3
48296,3
48297,3
48298,3
48299,3
48300,3
48301,3
48302,3
48303,3
48304,2
48305,3
48306,3
48307,3
48308,3
48309,3
48310,3
48311,0
48312,3
48313,3
48314,3
48315,3
48316,3
48317,3
48318,2
48319,3
48320,3
48321,3
48322,0
48323,2
48324,3
48325,3
48326,3
48327,0
48328,0
48329,3
48330,0
48331,3
48332,0
48333,2
48334,0
48335,3
48336,3
48337,3
48338,3
48339,0
48340,0
48341,3
48342,2
48343,0
48344,3
48345,3
48346,3
48347,3
48348,3
48349,0
48350,1
48351,3
48352,0
48353,3
48354,0
48355,1
48356,1
48357,2
48358,1
48359,1
48360,1
48361,2
48362,2
48363,2
48364,2
48365,2
48366,2
48367,2
48368,2
48369,3
48370,2
48371,3
48372,2
48373,2
48374,2
48375,3
48376,2
48377,2
48378,2
48379,2
48380,2
48381,2
48382,2
48383,3
48384,3
48385,2
48386,2
48387,2
48388,3
48389,3
48390,2
48391,2
48392,3
48393,1
48394,1
48395,1
48396,1
48397,1
48398,2
48399,3
48400,2
48401,2
48402,3
48403,2
48404,2
48405,0
48406,2
48407,2
48408,2
48409,2
48410,2
48411,3
48412,2
48413,3
48414,2
48415,2
48416,3
48417,3
48418,3
48419,3
48420,3
48421,3
48422,3
48423,3
48424,1
48425,1
48426,1
48427,3
48428,3
48429,2
48430,1
48431,1
48432,1
48433,1
48434,1
48435,1
48436,1
48437,1
48438,1
48439,2
48440,2
48441,0
48442,2
48443,0
48444,1
48445,3
48446,0
48447,2
48448,3
48449,0
48450,2
48451,2
48452,0
48453,0
48454,2
48455,0
48456,0
48457,0
48458,0
48459,0
48460,0
48461,0
48462,0
48463,2
48464,2
48465,2
48466,1
48467,1
48468,1
48469,3
48470,2
48471,3
48472,3
48473,2
48474,3
48475,3
48476,3
48477,3
48478,2
48479,1
48480,1
48481,3
48482,2
48483,2
48484,3
48485,2
48486,2
48487,2
48488,3
48489,2
48490,3
48491,3
48492,3
48493,3
48494,3
48495,3
48496,3
48497,3
48498,3
48499,3
48500,3
48501,3
48502,3
48503,2
48504,2
48505,3
48506,3
48507,3
48508,2
48509,2
48510,3
48511,1
48512,1
48513,3
48514,3
48515,2
48516,2
48517,2
48518,2
48519,2
48520,2
48521,3
48522,2
48523,2
48524,2
48525,1
48526,1
48527,3
48528,1
48529,0
48530,3
48531,3
48532,3
48533,3
48534,3
48535,3
48536,3
48537,3
48538,1
48539,3
48540,3
48541,3
48542,3
48543,3
48544,3
48545,3
48546,3
48547,3
48548,3
48549,3
48550,3
48551,3
48552,3
48553,3
48554,2
48555,3
48556,3
48557,3
48558,3
48559,3
48560,3
48561,3
48562,3
48563,1
48564,2
48565,1
48566,3
48567,2
48568,3
48569,2
48570,2
48571,2
48572,2
48573,2
48574,3
48575,0
48576,2
48577,2
48578,3
48579,2
48580,2
48581,2
48582,2
48583,2
48584,2
48585,2
48586,2
48587,2
48588,2
48589,2
48590,2
48591,2
48592,2
48593,2
48594,2
48595,2
48596,2
48597,2
48598,3
48599,2
48600,2
48601,2
48602,2
48603,2
48604,2
48605,2
48606,1
48607,2
48608,2
48609,2
48610,3
48611,2
48612,2
48613,2
48614,2
48615,2
48616,2
48617,2
48618,2
48619,2
48620,3
48621,2
48622,3
48623,2
48624,2
48625,1
48626,1
48627,2
48628,2
48629,3
48630,2
48631,2
48632,2
48633,2
48634,2
48635,2
48636,2
48637,2
48638,2
48639,2
48640,2
48641,2
48642,2
48643,2
48644,2
48645,2
48646,3
48647,3
48648,2
48649,2
48650,2
48651,3
48652,3
48653,2
48654,2
48655,2
48656,2
48657,2
48658,2
48659,3
48660,2
48661,2
48662,2
48663,3
48664,2
48665,0
48666,3
48667,3
48668,3
48669,2
48670,2
48671,2
48672,2
48673,2
48674,2
48675,2
48676,3
48677,3
48678,3
48679,3
48680,3
48681,0
48682,3
48683,3
48684,2
48685,2
48686,3
48687,3
48688,2
48689,3
48690,1
48691,1
48692,1
48693,1
48694,1
48695,3
48696,3
48697,3
48698,3
48699,2
48700,2
48701,2
48702,3
48703,2
48704,3
48705,3
48706,3
48707,2
48708,3
48709,2
48710,2
48711,0
48712,3
48713,3
48714,2
48715,2
48716,2
48717,2
48718,2
48719,2
48720,3
48721,2
48722,1
48723,2
48724,3
48725,3
48726,2
48727,2
48728,3
48729,2
48730,2
48731,2
48732,3
48733,0
48734,2
48735,1
48736,3
48737,1
48738,2
48739,3
48740,2
48741,2
48742,2
48743,3
48744,2
48745,2
48746,3
48747,2
48748,2
48749,2
48750,2
48751,3
48752,2
48753,2
48754,2
48755,2
48756,3
48757,2
48758,2
48759,1
48760,1
48761,2
48762,2
48763,2
48764,2
48765,2
48766,3
48767,2
48768,2
48769,2
48770,2
48771,2
48772,2
48773,2
48774,3
48775,2
48776,2
48777,2
48778,2
48779,2
48780,2
48781,2
48782,3
48783,2
48784,3
48785,2
48786,3
48787,2
48788,3
48789,2
48790,2
48791,1
48792,2
48793,2
48794,2
48795,2
48796,2
48797,2
48798,2
48799,2
48800,1
48801,1
48802,2
48803,1
48804,3
48805,2
48806,2
48807,2
48808,1
48809,3
48810,2
48811,2
48812,2
48813,2
48814,3
48815,3
48816,2
48817,2
48818,2
48819,3
48820,1
48821,2
48822,2
48823,2
48824,2
48825,3
48826,2
48827,2
48828,2
48829,2
48830,2
48831,2
48832,3
48833,3
48834,1
48835,2
48836,2
48837,3
48838,2
48839,0
48840,2
48841,2
48842,2
48843,3
48844,1
48845,2
48846,2
48847,3
48848,3
48849,2
48850,2
48851,2
48852,1
48853,2
48854,2
48855,3
48856,2
48857,2
48858,2
48859,2
48860,2
48861,2
48862,3
48863,3
48864,2
48865,2
48866,2
48867,2
48868,2
48869,2
48870,1
48871,2
48872,2
48873,2
48874,2
48875,2
48876,2
48877,2
48878,2
48879,2
48880,2
48881,2
48882,2
48883,1
48884,2
48885,2
48886,2
48887,2
48888,2
48889,2
48890,1
48891,2
48892,2
48893,2
48894,2
48895,2
48896,2
48897,2
48898,2
48899,2
48900,2
48901,2
48902,1
48903,3
48904,2
48905,2
48906,2
48907,2
48908,2
48909,3
48910,2
48911,2
48912,0
48913,2
48914,2
48915,2
48916,2
48917,2
48918,2
48919,2
48920,2
48921,2
48922,2
48923,3
48924,2
48925,2
48926,2
48927,2
48928,3
48929,2
48930,2
48931,2
48932,2
48933,2
48934,2
48935,2
48936,2
48937,0
48938,2
48939,2
48940,2
48941,2
48942,2
48943,2
48944,2
48945,2
48946,2
48947,2
48948,2
48949,2
48950,2
48951,0
48952,2
48953,2
48954,2
48955,2
48956,3
48957,2
48958,2
48959,2
48960,2
48961,2
48962,2
48963,1
48964,2
48965,3
48966,2
48967,2
48968,2
48969,2
48970,2
48971,3
48972,2
48973,2
48974,2
48975,0
48976,2
48977,2
48978,3
48979,2
48980,2
48981,2
48982,2
48983,2
48984,2
48985,0
48986,2
48987,2
48988,3
48989,2
48990,2
48991,2
48992,2
48993,2
48994,2
48995,2
48996,2
48997,3
48998,2
48999,2
49000,2
49001,2
49002,3
49003,2
49004,2
49005,2
49006,2
49007,2
49008,2
49009,3
49010,2
49011,2
49012,2
49013,2
49014,3
49015,3
49016,2
49017,3
49018,0
49019,3
49020,3
49021,3
49022,2
49023,2
49024,2
49025,2
49026,2
49027,2
49028,3
49029,2
49030,3
49031,2
49032,2
49033,2
49034,2
49035,2
49036,2
49037,2
49038,2
49039,2
49040,2
49041,2
49042,2
49043,3
49044,2
49045,2
49046,2
49047,2
49048,2
49049,2
49050,2
49051,2
49052,2
49053,0
49054,2
49055,2
49056,2
49057,2
49058,2
49059,2
49060,2
49061,2
49062,2
49063,2
49064,2
49065,1
49066,2
49067,2
49068,2
49069,2
49070,3
49071,2
49072,3
49073,3
49074,2
49075,2
49076,2
49077,2
49078,2
49079,2
49080,2
49081,3
49082,3
49083,2
49084,2
49085,2
49086,3
49087,2
49088,2
49089,2
49090,2
49091,2
49092,2
49093,3
49094,2
49095,2
49096,2
49097,3
49098,2
49099,2
49100,2
49101,3
49102,2
49103,2
49104,2
49105,2
49106,2
49107,2
49108,2
49109,2
49110,2
49111,2
49112,2
49113,2
49114,2
49115,2
49116,2
49117,2
49118,2
49119,2
49120,2
49121,2
49122,3
49123,3
49124,2
49125,2
49126,2
49127,2
49128,2
49129,2
49130,2
49131,3
49132,2
49133,0
49134,2
49135,2
49136,3
49137,2
49138,2
49139,3
49140,3
49141,2
49142,2
49143,2
49144,2
49145,2
49146,2
49147,2
49148,2
49149,2
49150,0
49151,2
49152,2
49153,2
49154,2
49155,2
49156,2
49157,3
49158,2
49159,2
49160,2
49161,2
49162,2
49163,2
49164,2
49165,2
49166,2
49167,2
49168,2
49169,3
49170,3
49171,2
49172,2
49173,2
49174,2
49175,2
49176,2
49177,1
49178,2
49179,2
49180,2
49181,2
49182,2
49183,2
49184,2
49185,3
49186,1
49187,2
49188,2
49189,2
49190,3
49191,3
49192,2
49193,2
49194,2
49195,2
49196,2
49197,2
49198,2
49199,2
49200,2
49201,2
49202,3
49203,2
49204,2
49205,3
49206,3
49207,2
49208,3
49209,2
49210,2
49211,2
49212,2
49213,2
49214,2
49215,2
49216,1
49217,1
49218,1
49219,2
49220,2
49221,2
49222,2
49223,3
49224,2
49225,2
49226,3
49227,1
49228,3
49229,2
49230,2
49231,2
49232,2
49233,2
49234,2
49235,2
49236,2
49237,2
49238,2
49239,2
49240,2
49241,2
49242,2
49243,2
49244,2
49245,2
49246,0
49247,3
49248,2
49249,3
49250,2
49251,2
49252,2
49253,2
49254,2
49255,2
49256,2
49257,3
49258,2
49259,3
49260,2
49261,3
49262,2
49263,2
49264,2
49265,2
49266,2
49267,2
49268,2
49269,2
49270,2
49271,2
49272,2
49273,2
49274,2
49275,2
49276,2
49277,2
49278,2
49279,2
49280,2
49281,2
49282,2
49283,2
49284,2
49285,2
49286,2
49287,3
49288,2
49289,3
49290,2
49291,2
49292,2
49293,2
49294,2
49295,2
49296,2
49297,2
49298,2
49299,2
49300,2
49301,2
49302,2
49303,2
49304,3
49305,0
49306,3
49307,2
49308,3
49309,2
49310,2
49311,2
49312,3
49313,2
49314,2
49315,1
49316,2
49317,2
49318,2
49319,2
49320,2
49321,0
49322,2
49323,2
49324,2
49325,2
49326,2
49327,2
49328,2
49329,2
49330,2
49331,2
49332,2
49333,2
49334,3
49335,2
49336,2
49337,1
49338,2
49339,3
49340,3
49341,3
49342,3
49343,3
49344,3
49345,3
49346,3
49347,3
49348,3
49349,3
49350,3
49351,3
49352,3
49353,3
49354,3
49355,3
49356,3
49357,3
49358,3
49359,3
49360,3
49361,3
49362,3
49363,3
49364,3
49365,3
49366,3
49367,3
49368,3
49369,3
49370,3
49371,3
49372,3
49373,3
49374,3
49375,3
49376,3
49377,2
49378,3
49379,3
49380,3
49381,3
49382,1
49383,3
49384,3
49385,3
49386,1
49387,1
49388,1
49389,1
49390,1
49391,1
49392,3
49393,1
49394,1
49395,1
49396,3
49397,3
49398,1
49399,1
49400,1
49401,3
49402,1
49403,3
49404,1
49405,1
49406,1
49407,3
49408,1
49409,1
49410,1
49411,1
49412,1
49413,3
49414,1
49415,3
49416,1
49417,1
49418,1
49419,3
49420,3
49421,3
49422,1
49423,1
49424,1
49425,1
49426,3
49427,1
49428,3
49429,1
49430,1
49431,1
49432,1
49433,1
49434,1
49435,1
49436,3
49437,3
49438,3
49439,3
49440,1
49441,1
49442,1
49443,3
49444,3
49445,1
49446,1
49447,1
49448,1
49449,0
49450,0
49451,2
49452,2
49453,2
49454,3
49455,3
49456,2
49457,0
49458,3
49459,3
49460,2
49461,3
49462,3
49463,2
49464,3
49465,5
49466,2
49467,2
49468,2
49469,2
49470,2
49471,3
49472,2
49473,2
49474,3
49475,2
49476,2
49477,2
49478,2
49479,2
49480,2
49481,0
49482,2
49483,2
49484,2
49485,2
49486,2
49487,2
49488,2
49489,2
49490,3
49491,0
49492,2
49493,2
49494,2
49495,2
49496,2
49497,3
49498,3
49499,3
49500,2
49501,2
49502,2
49503,2
49504,3
49505,2
49506,3
49507,2
49508,3
49509,3
49510,3
49511,3
49512,3
49513,3
49514,3
49515,3
49516,3
49517,2
49518,3
49519,2
49520,3
49521,2
49522,3
49523,3
49524,2
49525,3
49526,2
49527,3
49528,2
49529,3
49530,3
49531,3
49532,3
49533,1
49534,3
49535,3
49536,3
49537,2
49538,2
49539,2
49540,3
49541,3
49542,3
49543,2
49544,2
49545,2
49546,3
49547,2
49548,3
49549,3
49550,3
49551,3
49552,3
49553,3
49554,3
49555,2
49556,3
49557,2
49558,3
49559,2
49560,3
49561,3
49562,3
49563,3
49564,2
49565,2
49566,3
49567,3
49568,3
49569,3
49570,3
49571,3
49572,2
49573,3
49574,3
49575,2
49576,3
49577,3
49578,2
49579,2
49580,2
49581,2
49582,2
49583,2
49584,3
49585,3
49586,0
49587,2
49588,3
49589,3
49590,3
49591,3
49592,2
49593,3
49594,2
49595,3
49596,0
49597,2
49598,2
49599,2
49600,2
49601,2
49602,3
49603,3
49604,3
49605,3
49606,3
49607,2
49608,2
49609,2
49610,2
49611,2
49612,2
49613,2
49614,2
49615,2
49616,2
49617,2
49618,2
49619,3
49620,2
49621,2
49622,3
49623,3
49624,3
49625,2
49626,2
49627,2
49628,2
49629,2
49630,2
49631,2
49632,2
49633,2
49634,2
49635,2
49636,2
49637,2
49638,2
49639,2
49640,3
49641,2
49642,0
49643,2
49644,2
49645,2
49646,2
49647,2
49648,2
49649,3
49650,2
49651,3
49652,3
49653,3
49654,3
49655,3
49656,3
49657,2
49658,3
49659,3
49660,3
49661,2
49662,2
49663,3
49664,2
49665,3
49666,2
49667,3
49668,3
49669,2
49670,2
49671,3
49672,3
49673,3
49674,3
49675,2
49676,2
49677,2
49678,2
49679,2
49680,2
49681,2
49682,2
49683,2
49684,2
49685,3
49686,1
49687,3
49688,2
49689,0
49690,2
49691,3
49692,2
49693,2
49694,2
49695,2
49696,2
49697,3
49698,2
49699,2
49700,3
49701,2
49702,2
49703,2
49704,2
49705,2
49706,2
49707,3
49708,3
49709,3
49710,3
49711,3
49712,3
49713,0
49714,2
49715,2
49716,2
49717,2
49718,3
49719,0
49720,2
49721,3
49722,2
49723,3
49724,2
49725,2
49726,2
49727,3
49728,2
49729,2
49730,3
49731,3
49732,0
49733,2
49734,3
49735,2
49736,3
49737,2
49738,3
49739,3
49740,2
49741,2
49742,2
49743,3
49744,3
49745,2
49746,2
49747,3
49748,2
49749,1
49750,3
49751,2
49752,3
49753,3
49754,3
49755,3
49756,3
49757,3
49758,2
49759,3
49760,3
49761,3
49762,3
49763,2
49764,3
49765,3
49766,3
49767,3
49768,2
49769,3
49770,3
49771,2
49772,2
49773,0
49774,1
49775,2
49776,2
49777,2
49778,2
49779,2
49780,2
49781,2
49782,3
49783,2
49784,2
49785,2
49786,2
49787,2
49788,2
49789,2
49790,2
49791,2
49792,2
49793,2
49794,2
49795,2
49796,2
49797,2
49798,2
49799,2
49800,2
49801,2
49802,2
49803,2
49804,2
49805,2
49806,2
49807,2
49808,2
49809,2
49810,2
49811,3
49812,2
49813,3
49814,0
49815,2
49816,2
49817,2
49818,2
49819,2
49820,3
49821,2
49822,2
49823,2
49824,2
49825,2
49826,2
49827,3
49828,3
49829,3
49830,2
49831,3
49832,2
49833,2
49834,2
49835,2
49836,3
49837,3
49838,2
49839,3
49840,3
49841,2
49842,3
49843,2
49844,2
49845,2
49846,3
49847,2
49848,2
49849,2
49850,3
49851,3
49852,3
49853,3
49854,3
49855,3
49856,2
49857,2
49858,3
49859,2
49860,2
49861,3
49862,3
49863,3
49864,3
49865,3
49866,2
49867,2
49868,3
49869,3
49870,2
49871,2
49872,2
49873,3
49874,2
49875,2
49876,3
49877,2
49878,2
49879,2
49880,0
49881,2
49882,2
49883,3
49884,2
49885,3
49886,2
49887,3
49888,3
49889,3
49890,3
49891,2
49892,2
49893,2
49894,3
49895,3
49896,3
49897,2
49898,3
49899,2
49900,2
49901,2
49902,2
49903,2
49904,3
49905,3
49906,3
49907,3
49908,3
49909,3
49910,3
49911,3
49912,2
49913,3
49914,3
49915,3
49916,2
49917,2
49918,2
49919,3
49920,2
49921,3
49922,2
49923,0
49924,3
49925,2
49926,2
49927,2
49928,2
49929,3
49930,2
49931,2
49932,3
49933,2
49934,3
49935,2
49936,2
49937,3
49938,2
49939,2
49940,2
49941,2
49942,2
49943,2
49944,2
49945,2
49946,2
49947,2
49948,2
49949,2
49950,2
49951,2
49952,2
49953,2
49954,2
49955,2
49956,2
49957,2
49958,2
49959,2
49960,2
49961,2
49962,2
49963,2
49964,2
49965,2
49966,2
49967,2
49968,2
49969,2
49970,2
49971,2
49972,2
49973,2
49974,2
49975,2
49976,2
49977,2
49978,2
49979,2
49980,2
49981,2
49982,2
49983,2
49984,2
49985,2
49986,2
49987,2
49988,2
49989,2
49990,2
49991,2
49992,2
49993,2
49994,2
49995,2
49996,2
49997,2
49998,2
49999,2
50000,3
50001,2
50002,2
50003,2
50004,2
50005,2
50006,2
50007,2
50008,2
50009,2
50010,2
50011,2
50012,2
50013,2
50014,2
50015,2
50016,2
50017,2
50018,2
50019,2
50020,2
50021,2
50022,2
50023,2
50024,2
50025,2
50026,2
50027,2
50028,2
50029,2
50030,2
50031,2
50032,2
50033,2
50034,0
50035,2
50036,3
50037,2
50038,3
50039,2
50040,3
50041,2
50042,3
50043,3
50044,2
50045,2
50046,2
50047,2
50048,2
50049,2
50050,2
50051,2
50052,2
50053,2
50054,2
50055,2
50056,2
50057,2
50058,2
50059,2
50060,2
50061,2
50062,2
50063,2
50064,2
50065,2
50066,2
50067,2
50068,2
50069,2
50070,2
50071,2
50072,2
50073,2
50074,2
50075,2
50076,2
50077,2
50078,2
50079,2
50080,2
50081,2
50082,2
50083,2
50084,2
50085,2
50086,2
50087,2
50088,2
50089,2
50090,2
50091,2
50092,2
50093,2
50094,2
50095,2
50096,2
50097,2
50098,2
50099,2
50100,2
50101,3
50102,2
50103,2
50104,3
50105,2
50106,2
50107,3
50108,2
50109,3
50110,2
50111,3
50112,2
50113,2
50114,2
50115,3
50116,3
50117,2
50118,2
50119,2
50120,2
50121,2
50122,2
50123,2
50124,2
50125,2
50126,2
50127,2
50128,2
50129,2
50130,2
50131,2
50132,2
50133,2
50134,2
50135,2
50136,2
50137,2
50138,2
50139,2
50140,2
50141,2
50142,2
50143,2
50144,2
50145,2
50146,2
50147,2
50148,2
50149,2
50150,2
50151,2
50152,2
50153,2
50154,2
50155,2
50156,2
50157,2
50158,2
50159,2
50160,2
50161,2
50162,2
50163,2
50164,2
50165,2
50166,2
50167,2
50168,2
50169,2
50170,2
50171,2
50172,2
50173,2
50174,2
50175,2
50176,2
50177,2
50178,2
50179,2
50180,2
50181,2
50182,2
50183,2
50184,2
50185,2
50186,2
50187,2
50188,2
50189,2
50190,2
50191,2
50192,2
50193,2
50194,2
50195,2
50196,2
50197,2
50198,2
50199,2
50200,2
50201,2
50202,2
50203,2
50204,2
50205,2
50206,2
50207,2
50208,2
50209,2
50210,2
50211,2
50212,2
50213,2
50214,2
50215,2
50216,2
50217,2
50218,2
50219,2
50220,2
50221,2
50222,2
50223,2
50224,2
50225,2
50226,2
50227,2
50228,2
50229,2
50230,2
50231,2
50232,3
50233,2
50234,2
50235,2
50236,2
50237,2
50238,2
50239,2
50240,2
50241,2
50242,2
50243,2
50244,2
50245,2
50246,2
50247,2
50248,3
50249,2
50250,2
50251,2
50252,2
50253,2
50254,2
50255,2
50256,2
50257,2
50258,2
50259,2
50260,2
50261,2
50262,2
50263,2
50264,2
50265,2
50266,2
50267,2
50268,2
50269,2
50270,2
50271,2
50272,2
50273,2
50274,2
50275,2
50276,2
50277,2
50278,2
50279,2
50280,2
50281,2
50282,2
50283,2
50284,2
50285,2
50286,2
50287,2
50288,2
50289,2
50290,2
50291,2
50292,2
50293,2
50294,2
50295,2
50296,2
50297,2
50298,2
50299,2
50300,2
50301,2
50302,2
50303,2
50304,2
50305,2
50306,2
50307,2
50308,2
50309,2
50310,2
50311,2
50312,2
50313,2
50314,2
50315,2
50316,2
50317,2
50318,2
50319,2
50320,2
50321,2
50322,2
50323,2
50324,2
50325,2
50326,2
50327,2
50328,2
50329,2
50330,2
50331,2
50332,2
50333,2
50334,2
50335,2
50336,2
50337,2
50338,2
50339,2
50340,2
50341,2
50342,2
50343,2
50344,2
50345,2
50346,2
50347,3
50348,3
50349,2
50350,2
50351,2
50352,2
50353,2
50354,2
50355,2
50356,2
50357,2
50358,2
50359,2
50360,2
50361,2
50362,2
50363,2
50364,2
50365,2
50366,2
50367,2
50368,2
50369,2
50370,2
50371,2
50372,2
50373,2
50374,2
50375,2
50376,2
50377,2
50378,2
50379,2
50380,2
50381,2
50382,2
50383,2
50384,2
50385,2
50386,2
50387,2
50388,2
50389,2
50390,2
50391,2
50392,2
50393,2
50394,2
50395,2
50396,2
50397,2
50398,2
50399,2
50400,2
50401,2
50402,2
50403,2
50404,2
50405,2
50406,2
50407,2
50408,2
50409,2
50410,2
50411,2
50412,2
50413,2
50414,3
50415,2
50416,2
50417,2
50418,2
50419,2
50420,2
50421,2
50422,2
50423,2
50424,2
50425,2
50426,2
50427,2
50428,2
50429,2
50430,2
50431,2
50432,2
50433,3
50434,2
50435,2
50436,3
50437,2
50438,2
50439,3
50440,3
50441,3
50442,2
50443,2
50444,3
50445,3
50446,2
50447,2
50448,2
50449,2
50450,2
50451,2
50452,2
50453,2
50454,2
50455,2
50456,2
50457,2
50458,2
50459,2
50460,2
50461,3
50462,2
50463,2
50464,2
50465,2
50466,2
50467,2
50468,2
50469,2
50470,2
50471,2
50472,2
50473,2
50474,2
50475,2
50476,2
50477,2
50478,2
50479,2
50480,2
50481,2
50482,3
50483,2
50484,2
50485,2
50486,2
50487,3
50488,2
50489,3
50490,2
50491,2
50492,2
50493,2
50494,0
50495,2
50496,2
50497,2
50498,2
50499,2
50500,2
50501,2
50502,2
50503,2
50504,2
50505,2
50506,2
50507,2
50508,2
50509,2
50510,2
50511,2
50512,2
50513,3
50514,2
50515,2
50516,2
50517,2
50518,3
50519,1
50520,1
50521,1
50522,3
50523,2
50524,2
50525,2
50526,2
50527,2
50528,2
50529,3
50530,3
50531,3
50532,3
50533,3
50534,3
50535,3
50536,2
50537,2
50538,2
50539,2
50540,2
50541,3
50542,2
50543,3
50544,2
50545,3
50546,2
50547,2
50548,2
50549,2
50550,3
50551,3
50552,3
50553,2
50554,2
50555,2
50556,3
50557,2
50558,3
50559,3
50560,3
50561,2
50562,3
50563,2
50564,3
50565,3
50566,3
50567,2
50568,2
50569,3
50570,3
50571,2
50572,3
50573,3
50574,3
50575,2
50576,2
50577,3
50578,3
50579,3
50580,3
50581,3
50582,2
50583,3
50584,2
50585,3
50586,3
50587,2
50588,3
50589,2
50590,3
50591,3
50592,3
50593,3
50594,3
50595,3
50596,3
50597,3
50598,3
50599,2
50600,3
50601,2
50602,3
50603,3
50604,2
50605,3
50606,3
50607,3
50608,3
50609,3
50610,3
50611,3
50612,3
50613,3
50614,3
50615,3
50616,3
50617,3
50618,3
50619,2
50620,3
50621,3
50622,3
50623,3
50624,3
50625,3
50626,2
50627,3
50628,2
50629,3
50630,3
50631,0
50632,3
50633,3
50634,3
50635,3
50636,2
50637,2
50638,2
50639,3
50640,3
50641,3
50642,3
50643,3
50644,3
50645,2
50646,3
50647,3
50648,3
50649,3
50650,2
50651,3
50652,3
50653,3
50654,2
50655,3
50656,3
50657,0
50658,3
50659,3
50660,3
50661,3
50662,3
50663,3
50664,0
50665,3
50666,1
50667,3
50668,0
50669,2
50670,3
50671,3
50672,0
50673,3
50674,2
50675,2
50676,3
50677,2
50678,3
50679,3
50680,3
50681,3
50682,2
50683,3
50684,3
50685,3
50686,3
50687,2
50688,3
50689,3
50690,0
50691,3
50692,2
50693,2
50694,3
50695,3
50696,3
50697,2
50698,4
50699,3
50700,2
50701,3
50702,3
50703,3
50704,3
50705,3
50706,3
50707,3
50708,3
50709,3
50710,3
50711,3
50712,3
50713,2
50714,3
50715,3
50716,3
50717,3
50718,0
50719,3
50720,3
50721,3
50722,2
50723,3
50724,2
50725,3
50726,2
50727,2
50728,3
50729,2
50730,2
50731,3
50732,4
50733,3
50734,3
50735,3
50736,3
50737,2
50738,4
50739,2
50740,3
50741,3
50742,3
50743,3
50744,3
50745,3
50746,3
50747,3
50748,3
50749,3
50750,3
50751,3
50752,3
50753,3
50754,3
50755,2
50756,3
50757,2
50758,2
50759,2
50760,2
50761,2
50762,2
50763,2
50764,2
50765,2
50766,3
50767,2
50768,2
50769,2
50770,2
50771,2
50772,3
50773,2
50774,2
50775,2
50776,2
50777,2
50778,2
50779,3
50780,2
50781,3
50782,2
50783,2
50784,2
50785,2
50786,2
50787,2
50788,2
50789,2
50790,2
50791,2
50792,2
50793,3
50794,2
50795,3
50796,2
50797,2
50798,2
50799,3
50800,3
50801,2
50802,2
50803,3
50804,3
50805,3
50806,2
50807,2
50808,0
50809,2
50810,2
50811,3
50812,3
50813,3
50814,3
50815,3
50816,3
50817,3
50818,3
50819,2
50820,3
50821,3
50822,2
50823,2
50824,3
50825,3
50826,3
50827,3
50828,3
50829,3
50830,0
50831,3
50832,1
50833,2
50834,2
50835,2
50836,3
50837,3
50838,2
50839,2
50840,2
50841,2
50842,2
50843,2
50844,2
50845,2
50846,2
50847,2
50848,2
50849,2
50850,3
50851,2
50852,3
50853,2
50854,2
50855,2
50856,3
50857,2
50858,3
50859,3
50860,3
50861,2
50862,3
50863,0
50864,3
50865,3
50866,4
50867,3
50868,3
50869,3
50870,3
50871,3
50872,2
50873,2
50874,3
50875,3
50876,3
50877,2
50878,2
50879,2
50880,2
50881,2
50882,2
50883,2
50884,2
50885,2
50886,2
50887,2
50888,2
50889,2
50890,2
50891,2
50892,2
50893,2
50894,3
50895,2
50896,2
50897,2
50898,2
50899,2
50900,2
50901,2
50902,2
50903,2
50904,2
50905,2
50906,0
50907,3
50908,0
50909,3
50910,2
50911,2
50912,2
50913,2
50914,2
50915,2
50916,2
50917,2
50918,2
50919,2
50920,2
50921,2
50922,2
50923,2
50924,2
50925,2
50926,2
50927,2
50928,2
50929,2
50930,2
50931,2
50932,2
50933,3
50934,3
50935,3
50936,3
50937,3
50938,2
50939,3
50940,2
50941,3
50942,3
50943,2
50944,2
50945,2
50946,2
50947,2
50948,2
50949,2
50950,2
50951,2
50952,2
50953,2
50954,3
50955,2
50956,2
50957,2
50958,2
50959,2
50960,2
50961,2
50962,2
50963,2
50964,2
50965,3
50966,2
50967,3
50968,2
50969,2
50970,2
50971,2
50972,2
50973,2
50974,1
50975,2
50976,2
50977,2
50978,2
50979,2
50980,2
50981,2
50982,2
50983,2
50984,2
50985,2
50986,2
50987,2
50988,2
50989,2
50990,2
50991,2
50992,2
50993,2
50994,2
50995,2
50996,2
50997,2
50998,2
50999,3
51000,2
51001,3
51002,3
51003,3
51004,3
51005,3
51006,2
51007,3
51008,2
51009,3
51010,3
51011,3
51012,3
51013,3
51014,3
51015,3
51016,2
51017,3
51018,3
51019,2
51020,3
51021,3
51022,2
51023,2
51024,2
51025,2
51026,2
51027,2
51028,0
51029,2
51030,2
51031,2
51032,2
51033,2
51034,2
51035,2
51036,2
51037,2
51038,2
51039,2
51040,2
51041,3
51042,3
51043,3
51044,2
51045,3
51046,3
51047,3
51048,0
51049,3
51050,3
51051,3
51052,3
51053,3
51054,3
51055,2
51056,2
51057,2
51058,3
51059,2
51060,2
51061,3
51062,2
51063,3
51064,2
51065,2
51066,3
51067,2
51068,2
51069,2
51070,3
51071,3
51072,3
51073,3
51074,3
51075,2
51076,3
51077,2
51078,2
51079,3
51080,2
51081,2
51082,2
51083,3
51084,3
51085,3
51086,3
51087,3
51088,3
51089,3
51090,3
51091,2
51092,2
51093,2
51094,2
51095,3
51096,2
51097,3
51098,2
51099,3
51100,3
51101,2
51102,3
51103,3
51104,3
51105,2
51106,2
51107,2
51108,2
51109,2
51110,2
51111,2
51112,3
51113,2
51114,2
51115,2
51116,2
51117,3
51118,2
51119,3
51120,3
51121,3
51122,3
51123,3
51124,2
51125,3
51126,3
51127,2
51128,2
51129,3
51130,5
51131,2
51132,2
51133,2
51134,3
51135,3
51136,0
51137,2
51138,3
51139,3
51140,2
51141,2
51142,2
51143,2
51144,3
51145,2
51146,2
51147,3
51148,2
51149,3
51150,2
51151,2
51152,2
51153,2
51154,2
51155,2
51156,2
51157,2
51158,3
51159,2
51160,2
51161,2
51162,2
51163,2
51164,2
51165,2
51166,2
51167,3
51168,3
51169,2
51170,3
51171,3
51172,3
51173,3
51174,3
51175,3
51176,3
51177,3
51178,3
51179,2
51180,2
51181,3
51182,3
51183,2
51184,0
51185,3
51186,2
51187,3
51188,0
51189,3
51190,2
51191,2
51192,3
51193,2
51194,3
51195,2
51196,3
51197,2
51198,2
51199,2
51200,2
51201,2
51202,2
51203,2
51204,2
51205,2
51206,2
51207,2
51208,2
51209,3
51210,3
51211,3
51212,2
51213,3
51214,3
51215,3
51216,3
51217,3
51218,3
51219,2
51220,2
51221,2
51222,2
51223,2
51224,2
51225,2
51226,2
51227,3
51228,2
51229,2
51230,2
51231,2
51232,2
51233,2
51234,2
51235,2
51236,2
51237,2
51238,2
51239,2
51240,2
51241,2
51242,2
51243,2
51244,2
51245,2
51246,2
51247,2
51248,2
51249,2
51250,2
51251,2
51252,2
51253,2
51254,2
51255,2
51256,2
51257,2
51258,2
51259,2
51260,2
51261,2
51262,3
51263,2
51264,3
51265,2
51266,3
51267,2
51268,2
51269,2
51270,2
51271,3
51272,2
51273,2
51274,2
51275,2
51276,2
51277,2
51278,2
51279,2
51280,2
51281,2
51282,2
51283,2
51284,2
51285,2
51286,2
51287,2
51288,2
51289,3
51290,2
51291,2
51292,2
51293,2
51294,2
51295,2
51296,2
51297,2
51298,2
51299,2
51300,2
51301,2
51302,2
51303,2
51304,2
51305,2
51306,2
51307,2
51308,2
51309,2
51310,2
51311,2
51312,2
51313,2
51314,2
51315,2
51316,2
51317,2
51318,2
51319,2
51320,2
51321,2
51322,2
51323,2
51324,3
51325,2
51326,2
51327,2
51328,2
51329,2
51330,2
51331,2
51332,2
51333,2
51334,2
51335,2
51336,2
51337,2
51338,2
51339,2
51340,2
51341,2
51342,2
51343,2
51344,0
51345,2
51346,2
51347,2
51348,2
51349,2
51350,2
51351,2
51352,2
51353,2
51354,2
51355,2
51356,2
51357,2
51358,2
51359,2
51360,2
51361,2
51362,2
51363,2
51364,2
51365,2
51366,2
51367,2
51368,2
51369,2
51370,2
51371,2
51372,2
51373,2
51374,2
51375,2
51376,2
51377,2
51378,2
51379,2
51380,2
51381,2
51382,2
51383,2
51384,2
51385,2
51386,2
51387,2
51388,2
51389,2
51390,2
51391,2
51392,2
51393,2
51394,2
51395,2
51396,2
51397,2
51398,2
51399,2
51400,2
51401,2
51402,2
51403,2
51404,2
51405,2
51406,2
51407,2
51408,2
51409,2
51410,2
51411,2
51412,2
51413,2
51414,2
51415,2
51416,2
51417,2
51418,2
51419,2
51420,2
51421,2
51422,2
51423,2
51424,2
51425,2
51426,2
51427,2
51428,2
51429,2
51430,2
51431,2
51432,3
51433,2
51434,2
51435,2
51436,2
51437,2
51438,2
51439,2
51440,2
51441,2
51442,2
51443,2
51444,2
51445,3
51446,3
51447,3
51448,2
51449,2
51450,3
51451,2
51452,2
51453,2
51454,2
51455,2
51456,2
51457,0
51458,2
51459,2
51460,2
51461,3
51462,3
51463,2
51464,2
51465,2
51466,2
51467,3
51468,3
51469,2
51470,2
51471,2
51472,2
51473,2
51474,2
51475,2
51476,3
51477,2
51478,2
51479,2
51480,2
51481,3
51482,0
51483,2
51484,2
51485,2
51486,2
51487,2
51488,2
51489,2
51490,2
51491,2
51492,2
51493,2
51494,2
51495,3
51496,2
51497,3
51498,3
51499,3
51500,3
51501,3
51502,3
51503,3
51504,3
51505,3
51506,2
51507,3
51508,0
51509,2
51510,3
51511,3
51512,3
51513,3
51514,3
51515,3
51516,3
51517,3
51518,3
51519,3
51520,0
51521,3
51522,3
51523,3
51524,3
51525,3
51526,3
51527,3
51528,3
51529,3
51530,3
51531,3
51532,2
51533,3
51534,3
51535,3
51536,3
51537,0
51538,3
51539,3
51540,3
51541,2
51542,3
51543,2
51544,3
51545,2
51546,3
51547,3
51548,4
51549,3
51550,3
51551,3
51552,3
51553,3
51554,3
51555,3
51556,4
51557,3
51558,3
51559,3
51560,3
51561,3
51562,2
51563,3
51564,3
51565,3
51566,3
51567,3
51568,3
51569,3
51570,3
51571,3
51572,3
51573,2
51574,2
51575,3
51576,2
51577,2
51578,3
51579,3
51580,3
51581,2
51582,0
51583,3
51584,3
51585,3
51586,3
51587,3
51588,3
51589,3
51590,3
51591,3
51592,3
51593,3
51594,3
51595,3
51596,2
51597,1
51598,4
51599,3
51600,3
51601,3
51602,3
51603,3
51604,3
51605,3
51606,3
51607,2
51608,3
51609,2
51610,1
51611,1
51612,0
51613,0
51614,0
51615,0
51616,0
51617,2
51618,0
51619,2
51620,0
51621,3
51622,0
51623,3
51624,1
51625,1
51626,0
51627,3
51628,3
51629,2
51630,3
51631,3
51632,3
51633,3
51634,3
51635,3
51636,3
51637,3
51638,3
51639,3
51640,2
51641,3
51642,3
51643,3
51644,2
51645,3
51646,0
51647,3
51648,3
51649,3
51650,3
51651,3
51652,3
51653,3
51654,2
51655,2
51656,2
51657,3
51658,3
51659,2
51660,3
51661,2
51662,3
51663,2
51664,3
51665,0
51666,0
51667,0
51668,0
51669,2
51670,0
51671,0
51672,2
51673,2
51674,0
51675,2
51676,2
51677,3
51678,2
51679,3
51680,3
51681,0
51682,2
51683,2
51684,0
51685,0
51686,0
51687,0
51688,2
51689,0
51690,0
51691,2
51692,2
51693,0
51694,0
51695,0
51696,2
51697,0
51698,0
51699,0
51700,1
51701,2
51702,0
51703,0
51704,3
51705,3
51706,3
51707,3
51708,3
51709,3
51710,3
51711,3
51712,3
51713,2
51714,3
51715,4
51716,2
51717,0
51718,0
51719,0
51720,0
51721,0
51722,0
51723,0
51724,0
51725,2
51726,0
51727,0
51728,0
51729,0
51730,0
51731,0
51732,0
51733,0
51734,0
51735,0
51736,0
51737,2
51738,0
51739,0
51740,0
51741,0
51742,3
51743,0
51744,0
51745,0
51746,2
51747,2
51748,3
51749,2
51750,2
51751,2
51752,2
51753,2
51754,2
51755,0
51756,2
51757,3
51758,2
51759,2
51760,1
51761,2
51762,2
51763,3
51764,2
51765,2
51766,2
51767,2
51768,3
51769,2
51770,2
51771,2
51772,2
51773,2
51774,2
51775,2
51776,2
51777,2
51778,2
51779,2
51780,2
51781,2
51782,0
51783,2
51784,2
51785,2
51786,2
51787,2
51788,2
51789,2
51790,2
51791,2
51792,2
51793,2
51794,2
51795,2
51796,3
51797,3
51798,2
51799,3
51800,2
51801,3
51802,3
51803,2
51804,2
51805,2
51806,2
51807,2
51808,2
51809,2
51810,2
51811,2
51812,2
51813,2
51814,2
51815,2
51816,2
51817,2
51818,3
51819,3
51820,3
51821,3
51822,3
51823,2
51824,2
51825,2
51826,2
51827,2
51828,2
51829,3
51830,2
51831,3
51832,3
51833,2
51834,2
51835,2
51836,2
51837,3
51838,3
51839,2
51840,2
51841,3
51842,2
51843,3
51844,3
51845,3
51846,3
51847,3
51848,3
51849,3
51850,3
51851,3
51852,2
51853,3
51854,3
51855,2
51856,3
51857,3
51858,3
51859,2
51860,2
51861,2
51862,2
51863,2
51864,2
51865,3
51866,2
51867,2
51868,2
51869,3
51870,3
51871,2
51872,3
51873,2
51874,2
51875,2
51876,2
51877,3
51878,2
51879,3
51880,2
51881,3
51882,2
51883,2
51884,2
51885,3
51886,2
51887,2
51888,3
51889,3
51890,2
51891,3
51892,3
51893,3
51894,3
51895,3
51896,3
51897,3
51898,3
51899,3
51900,3
51901,3
51902,3
51903,3
51904,3
51905,3
51906,3
51907,3
51908,3
51909,3
51910,2
51911,2
51912,3
51913,3
51914,3
51915,3
51916,3
51917,3
51918,0
51919,3
51920,3
51921,3
51922,3
51923,3
51924,3
51925,3
51926,3
51927,3
51928,3
51929,3
51930,3
51931,3
51932,3
51933,3
51934,3
51935,3
51936,3
51937,2
51938,3
51939,2
51940,3
51941,3
51942,3
51943,3
51944,0
51945,0
51946,0
51947,0
51948,3
51949,0
51950,3
51951,3
51952,3
51953,3
51954,3
51955,3
51956,2
51957,0
51958,0
51959,2
51960,0
51961,2
51962,2
51963,3
51964,0
51965,0
51966,1
51967,1
51968,0
51969,0
51970,2
51971,0
51972,0
51973,0
51974,0
51975,0
51976,0
51977,0
51978,0
51979,0
51980,0
51981,0
51982,0
51983,0
51984,0
51985,0
51986,0
51987,0
51988,0
51989,3
51990,0
51991,0
51992,2
51993,0
51994,2
51995,0
51996,0
51997,1
51998,3
51999,1
52000,3
52001,1
52002,3
52003,3
52004,3
52005,3
52006,1
52007,3
52008,1
52009,1
52010,3
52011,1
52012,1
52013,3
52014,1
52015,1
52016,1
52017,3
52018,3
52019,1
52020,1
52021,1
52022,3
52023,1
52024,3
52025,3
52026,3
52027,0
52028,0
52029,3
52030,3
52031,1
52032,3
52033,0
52034,3
52035,3
52036,3
52037,0
52038,0
52039,0
52040,0
52041,3
52042,0
52043,0
52044,0
52045,3
52046,3
52047,0
52048,0
52049,0
52050,0
52051,3
52052,3
52053,1
52054,3
52055,3
52056,3
52057,3
52058,3
52059,3
52060,0
52061,1
52062,3
52063,3
52064,3
52065,3
52066,3
52067,2
52068,3
52069,3
52070,3
52071,3
52072,3
52073,3
52074,3
52075,3
52076,3
52077,3
52078,3
52079,3
52080,3
52081,3
52082,3
52083,3
52084,3
52085,3
52086,3
52087,3
52088,3
52089,3
52090,3
52091,3
52092,3
52093,3
52094,1
52095,1
52096,1
52097,3
52098,1
52099,3
52100,3
52101,3
52102,3
52103,3
52104,3
52105,3
52106,1
52107,1
52108,1
52109,1
52110,2
52111,3
52112,3
52113,3
52114,0
52115,3
52116,3
52117,3
52118,3
52119,0
52120,0
52121,0
52122,3
52123,3
52124,3
52125,3
52126,2
52127,2
52128,2
52129,3
52130,3
52131,0
52132,1
52133,0
52134,3
52135,3
52136,3
52137,3
52138,3
52139,3
52140,3
52141,3
52142,3
52143,3
52144,3
52145,3
52146,3
52147,3
52148,0
52149,0
52150,1
52151,3
52152,3
52153,3
52154,3
52155,0
52156,2
52157,0
52158,3
52159,1
52160,3
52161,3
52162,3
52163,3
52164,3
52165,3
52166,3
52167,3
52168,3
52169,3
52170,3
52171,3
52172,3
52173,3
52174,3
52175,3
52176,3
52177,3
52178,3
52179,3
52180,3
52181,3
52182,3
52183,1
52184,3
52185,1
52186,2
52187,3
52188,1
52189,1
52190,3
52191,1
52192,1
52193,3
52194,3
52195,2
52196,2
52197,0
52198,0
52199,0
52200,0
52201,0
52202,0
52203,0
52204,0
52205,3
52206,0
52207,3
52208,3
52209,1
52210,3
52211,1
52212,1
52213,3
52214,1
52215,3
52216,3
52217,3
52218,3
52219,3
52220,3
52221,1
52222,3
52223,1
52224,2
52225,3
52226,3
52227,1
52228,3
52229,0
52230,3
52231,3
52232,3
52233,3
52234,2
52235,0
52236,0
52237,0
52238,0
52239,0
52240,0
52241,0
52242,0
52243,0
52244,0
52245,0
52246,0
52247,0
52248,0
52249,0
52250,0
52251,0
52252,0
52253,0
52254,3
52255,3
52256,3
52257,3
52258,3
52259,0
52260,3
52261,3
52262,3
52263,3
52264,1
52265,3
52266,1
52267,1
52268,3
52269,1
52270,3
52271,3
52272,3
52273,3
52274,3
52275,3
52276,3
52277,3
52278,3
52279,3
52280,3
52281,3
52282,1
52283,3
52284,3
52285,3
52286,3
52287,3
52288,3
52289,3
52290,3
52291,3
52292,1
52293,3
52294,3
52295,3
52296,3
52297,3
52298,3
52299,3
52300,3
52301,3
52302,3
52303,3
52304,3
52305,3
52306,3
52307,3
52308,3
52309,3
52310,0
52311,3
52312,3
52313,3
52314,3
52315,3
52316,3
52317,3
52318,3
52319,3
52320,3
52321,3
52322,3
52323,3
52324,3
52325,0
52326,0
52327,3
52328,3
52329,3
52330,1
52331,2
52332,2
52333,2
52334,1
52335,1
52336,1
52337,1
52338,1
52339,3
52340,0
52341,0
52342,0
52343,3
52344,3
52345,0
52346,3
52347,0
52348,3
52349,0
52350,0
52351,3
52352,3
52353,3
52354,3
52355,3
52356,3
52357,3
52358,3
52359,3
52360,3
52361,3
52362,3
52363,3
52364,3
52365,3
52366,1
52367,3
52368,3
52369,3
52370,3
52371,3
52372,3
52373,3
52374,3
52375,3
52376,3
52377,2
52378,3
52379,3
52380,3
52381,3
52382,1
52383,3
52384,1
52385,3
52386,0
52387,3
52388,3
52389,3
52390,3
52391,3
52392,2
52393,3
52394,3
52395,3
52396,3
52397,3
52398,3
52399,3
52400,3
52401,3
52402,3
52403,3
52404,0
52405,3
52406,0
52407,3
52408,3
52409,3
52410,0
52411,0
52412,0
52413,0
52414,0
52415,0
52416,0
52417,2
52418,0
52419,0
52420,0
52421,0
52422,0
52423,0
52424,0
52425,0
52426,0
52427,3
52428,0
52429,3
52430,2
52431,0
52432,0
52433,3
52434,3
52435,2
52436,0
52437,0
52438,3
52439,3
52440,3
52441,3
52442,3
52443,3
52444,0
52445,3
52446,3
52447,0
52448,3
52449,3
52450,3
52451,1
52452,3
52453,3
52454,3
52455,0
52456,0
52457,0
52458,0
52459,0
52460,2
52461,0
52462,0
52463,0
52464,0
52465,0
52466,0
52467,0
52468,0
52469,3
52470,0
52471,2
52472,0
52473,0
52474,0
52475,0
52476,0
52477,0
52478,0
52479,0
52480,0
52481,0
52482,3
52483,0
52484,3
52485,3
52486,3
52487,3
52488,3
52489,3
52490,3
52491,3
52492,3
52493,3
52494,3
52495,3
52496,2
52497,3
52498,3
52499,2
52500,3
52501,3
52502,3
52503,3
52504,3
52505,0
52506,0
52507,0
52508,3
52509,3
52510,3
52511,3
52512,3
52513,3
52514,3
52515,3
52516,3
52517,2
52518,3
52519,3
52520,3
52521,3
52522,3
52523,3
52524,3
52525,3
52526,3
52527,0
52528,0
52529,0
52530,3
52531,0
52532,0
52533,3
52534,3
52535,3
52536,3
52537,3
52538,3
52539,0
52540,3
52541,3
52542,3
52543,0
52544,0
52545,3
52546,1
52547,3
52548,3
52549,0
52550,0
52551,3
52552,0
52553,0
52554,0
52555,0
52556,0
52557,3
52558,0
52559,0
52560,0
52561,0
52562,0
52563,0
52564,0
52565,0
52566,0
52567,0
52568,0
52569,0
52570,2
52571,0
52572,0
52573,2
52574,0
52575,0
52576,0
52577,0
52578,3
52579,3
52580,0
52581,0
52582,0
52583,0
52584,3
52585,3
52586,0
52587,2
52588,0
52589,0
52590,0
52591,0
52592,2
52593,3
52594,0
52595,3
52596,1
52597,3
52598,3
52599,2
52600,0
52601,3
52602,3
52603,2
52604,3
52605,3
52606,3
52607,3
52608,3
52609,0
52610,0
52611,0
52612,0
52613,0
52614,0
52615,0
52616,0
52617,0
52618,0
52619,0
52620,0
52621,0
52622,0
52623,0
52624,0
52625,0
52626,0
52627,0
52628,0
52629,0
52630,0
52631,0
52632,0
52633,0
52634,0
52635,0
52636,3
52637,0
52638,1
52639,3
52640,1
52641,1
52642,3
52643,1
52644,3
52645,3
52646,0
52647,1
52648,3
52649,3
52650,3
52651,3
52652,3
52653,3
52654,3
52655,3
52656,3
52657,3
52658,3
52659,3
52660,3
52661,0
52662,0
52663,3
52664,3
52665,3
52666,3
52667,3
52668,3
52669,3
52670,3
52671,3
52672,3
52673,3
52674,3
52675,3
52676,3
52677,3
52678,1
52679,3
52680,3
52681,3
52682,3
52683,3
52684,3
52685,3
52686,3
52687,3
52688,3
52689,3
52690,3
52691,3
52692,3
52693,0
52694,0
52695,3
52696,0
52697,3
52698,0
52699,2
52700,3
52701,3
52702,3
52703,3
52704,0
52705,0
52706,0
52707,3
52708,3
52709,3
52710,3
52711,2
52712,3
52713,3
52714,3
52715,3
52716,3
52717,3
52718,3
52719,3
52720,3
52721,3
52722,3
52723,3
52724,3
52725,3
52726,3
52727,3
52728,3
52729,3
52730,3
52731,3
52732,3
52733,3
52734,3
52735,3
52736,3
52737,3
52738,3
52739,3
52740,3
52741,3
52742,3
52743,3
52744,3
52745,3
52746,3
52747,3
52748,3
52749,3
52750,3
52751,3
52752,3
52753,3
52754,3
52755,3
52756,3
52757,3
52758,3
52759,0
52760,0
52761,3
52762,3
52763,1
52764,3
52765,3
52766,3
52767,2
52768,3
52769,3
52770,3
52771,3
52772,3
52773,1
52774,3
52775,3
52776,1
52777,3
52778,3
52779,2
52780,3
52781,3
52782,3
52783,3
52784,3
52785,3
52786,3
52787,3
52788,3
52789,3
52790,3
52791,3
52792,3
52793,3
52794,3
52795,3
52796,3
52797,3
52798,3
52799,3
52800,3
52801,3
52802,3
52803,3
52804,3
52805,3
52806,3
52807,3
52808,3
52809,3
52810,1
52811,3
52812,3
52813,3
52814,3
52815,3
52816,3
52817,0
52818,0
52819,0
52820,0
52821,0
52822,0
52823,2
52824,0
52825,0
52826,0
52827,0
52828,0
52829,3
52830,3
52831,3
52832,2
52833,2
52834,0
52835,0
52836,0
52837,0
52838,0
52839,0
52840,0
52841,0
52842,0
52843,0
52844,0
52845,0
52846,0
52847,0
52848,0
52849,0
52850,0
52851,0
52852,0
52853,0
52854,3
52855,0
52856,0
52857,0
52858,0
52859,3
52860,0
52861,0
52862,0
52863,2
52864,0
52865,0
52866,0
52867,0
52868,0
52869,0
52870,0
52871,0
52872,0
52873,0
52874,2
52875,0
52876,0
52877,0
52878,0
52879,0
52880,0
52881,0
52882,0
52883,0
52884,0
52885,0
52886,0
52887,0
52888,0
52889,0
52890,0
52891,0
52892,0
52893,0
52894,0
52895,0
52896,0
52897,0
52898,0
52899,0
52900,0
52901,0
52902,0
52903,0
52904,0
52905,0
52906,0
52907,0
52908,0
52909,0
52910,0
52911,0
52912,0
52913,3
52914,0
52915,0
52916,0
52917,0
52918,0
52919,0
52920,0
52921,0
52922,3
52923,0
52924,0
52925,0
52926,0
52927,0
52928,0
52929,0
52930,0
52931,0
52932,0
52933,0
52934,3
52935,3
52936,0
52937,0
52938,0
52939,0
52940,0
52941,0
52942,0
52943,0
52944,0
52945,0
52946,0
52947,0
52948,3
52949,3
52950,0
52951,2
52952,0
52953,0
52954,0
52955,0
52956,2
52957,0
52958,0
52959,0
52960,0
52961,0
52962,0
52963,0
52964,2
52965,0
52966,0
52967,0
52968,0
52969,0
52970,0
52971,0
52972,0
52973,0
52974,0
52975,0
52976,0
52977,0
52978,0
52979,0
52980,0
52981,3
52982,3
52983,3
52984,2
52985,3
52986,1
52987,0
52988,0
52989,0
52990,0
52991,0
52992,3
52993,0
52994,0
52995,0
52996,2
52997,3
52998,3
52999,3
53000,3
53001,0
53002,0
53003,0
53004,0
53005,0
53006,0
53007,0
53008,0
53009,0
53010,3
53011,0
53012,0
53013,0
53014,0
53015,3
53016,0
53017,3
53018,3
53019,3
53020,3
53021,3
53022,3
53023,3
53024,3
53025,3
53026,3
53027,3
53028,3
53029,0
53030,3
53031,3
53032,3
53033,3
53034,3
53035,3
53036,3
53037,0
53038,0
53039,0
53040,0
53041,0
53042,0
53043,0
53044,0
53045,3
53046,3
53047,3
53048,3
53049,3
53050,3
53051,3
53052,0
53053,3
53054,0
53055,3
53056,1
53057,2
53058,0
53059,3
53060,3
53061,3
53062,3
53063,3
53064,3
53065,3
53066,3
53067,3
53068,3
53069,3
53070,3
53071,0
53072,0
53073,0
53074,3
53075,3
53076,3
53077,2
53078,2
53079,2
53080,3
53081,2
53082,3
53083,2
53084,0
53085,0
53086,0
53087,2
53088,0
53089,3
53090,3
53091,2
53092,3
53093,3
53094,2
53095,2
53096,3
53097,3
53098,2
53099,2
53100,3
53101,2
53102,3
53103,3
53104,3
53105,3
53106,2
53107,2
53108,2
53109,2
53110,3
53111,2
53112,3
53113,3
53114,3
53115,3
53116,3
53117,2
53118,3
53119,3
53120,3
53121,3
53122,3
53123,3
53124,3
53125,3
53126,3
53127,2
53128,3
53129,3
53130,3
53131,3
53132,3
53133,3
53134,2
53135,2
53136,2
53137,3
53138,3
53139,3
53140,3
53141,3
53142,2
53143,3
53144,2
53145,1
53146,3
53147,2
53148,2
53149,2
53150,2
53151,3
53152,3
53153,3
53154,3
53155,3
53156,3
53157,3
53158,2
53159,2
53160,3
53161,2
53162,2
53163,2
53164,3
53165,3
53166,3
53167,3
53168,3
53169,3
53170,2
53171,3
53172,3
53173,2
53174,3
53175,3
53176,3
53177,3
53178,3
53179,3
53180,2
53181,3
53182,3
53183,3
53184,2
53185,3
53186,0
53187,2
53188,2
53189,1
53190,2
53191,0
53192,0
53193,0
53194,0
53195,2
53196,0
53197,0
53198,0
53199,0
53200,0
53201,3
53202,3
53203,2
53204,2
53205,3
53206,2
53207,3
53208,3
53209,3
53210,2
53211,3
53212,3
53213,2
53214,1
53215,3
53216,2
53217,3
53218,3
53219,3
53220,2
53221,2
53222,0
53223,3
53224,3
53225,3
53226,3
53227,2
53228,2
53229,3
53230,2
53231,2
53232,3
53233,3
53234,3
53235,2
53236,3
53237,3
53238,2
53239,3
53240,3
53241,2
53242,3
53243,2
53244,3
53245,2
53246,3
53247,2
53248,3
53249,3
53250,3
53251,3
53252,0
53253,3
53254,3
53255,3
53256,3
53257,2
53258,2
53259,2
53260,2
53261,3
53262,3
53263,2
53264,2
53265,2
53266,2
53267,3
53268,2
53269,2
53270,3
53271,2
53272,2
53273,0
53274,2
53275,2
53276,2
53277,2
53278,2
53279,3
53280,2
53281,3
53282,3
53283,4
53284,3
53285,3
53286,3
53287,3
53288,3
53289,2
53290,3
53291,3
53292,3
53293,3
53294,2
53295,2
53296,3
53297,3
53298,2
53299,3
53300,3
53301,3
53302,3
53303,3
53304,2
53305,2
53306,3
53307,3
53308,3
53309,3
53310,3
53311,3
53312,3
53313,3
53314,2
53315,3
53316,3
53317,3
53318,3
53319,3
53320,3
53321,3
53322,3
53323,3
53324,3
53325,3
53326,2
53327,3
53328,2
53329,3
53330,3
53331,3
53332,3
53333,3
53334,2
53335,3
53336,2
53337,3
53338,3
53339,3
53340,3
53341,3
53342,3
53343,3
53344,3
53345,3
53346,3
53347,3
53348,3
53349,3
53350,3
53351,3
53352,3
53353,2
53354,3
53355,2
53356,3
53357,3
53358,2
53359,3
53360,3
53361,0
53362,3
53363,3
53364,2
53365,3
53366,3
53367,3
53368,2
53369,3
53370,3
53371,2
53372,3
53373,2
53374,2
53375,3
53376,3
53377,3
53378,3
53379,3
53380,3
53381,2
53382,3
53383,3
53384,2
53385,3
53386,2
53387,2
53388,3
53389,2
53390,2
53391,2
53392,2
53393,2
53394,3
53395,2
53396,2
53397,2
53398,3
53399,2
53400,2
53401,3
53402,3
53403,3
53404,3
53405,3
53406,3
53407,2
53408,3
53409,2
53410,3
53411,3
53412,3
53413,3
53414,2
53415,2
53416,3
53417,2
53418,3
53419,2
53420,3
53421,3
53422,2
53423,3
53424,3
53425,2
53426,2
53427,3
53428,2
53429,3
53430,3
53431,3
53432,3
53433,3
53434,3
53435,0
53436,2
53437,2
53438,2
53439,2
53440,2
53441,2
53442,2
53443,3
53444,3
53445,3
53446,3
53447,2
53448,3
53449,0
53450,3
53451,3
53452,3
53453,2
53454,2
53455,3
53456,3
53457,2
53458,2
53459,0
53460,3
53461,0
53462,0
53463,2
53464,0
53465,0
53466,0
53467,3
53468,0
53469,1
53470,0
53471,3
53472,2
53473,3
53474,3
53475,3
53476,3
53477,2
53478,2
53479,3
53480,3
53481,3
53482,0
53483,2
53484,0
53485,1
53486,1
53487,1
53488,3
53489,3
53490,3
53491,3
53492,3
53493,3
53494,3
53495,3
53496,3
53497,3
53498,3
53499,0
53500,0
53501,0
53502,3
53503,3
53504,3
53505,3
53506,3
53507,3
53508,3
53509,0
53510,2
53511,3
53512,2
53513,3
53514,1
53515,1
53516,3
53517,1
53518,0
53519,2
53520,3
53521,3
53522,3
53523,3
53524,3
53525,3
53526,2
53527,3
53528,3
53529,2
53530,3
53531,3
53532,3
53533,3
53534,2
53535,2
53536,0
53537,2
53538,3
53539,0
53540,0
53541,2
53542,2
53543,2
53544,3
53545,3
53546,3
53547,2
53548,3
53549,0
53550,3
53551,3
53552,3
53553,3
53554,3
53555,2
53556,0
53557,0
53558,3
53559,3
53560,0
53561,0
53562,2
53563,2
53564,2
53565,2
53566,0
53567,2
53568,1
53569,1
53570,2
53571,3
53572,2
53573,3
53574,0
53575,3
53576,3
53577,3
53578,3
53579,3
53580,2
53581,2
53582,3
53583,2
53584,3
53585,2
53586,3
53587,2
53588,1
53589,2
53590,2
53591,2
53592,2
53593,2
53594,2
53595,2
53596,2
53597,2
53598,2
53599,2
53600,2
53601,2
53602,2
53603,2
53604,2
53605,2
53606,2
53607,2
53608,2
53609,2
53610,2
53611,2
53612,2
53613,2
53614,2
53615,2
53616,2
53617,2
53618,2
53619,2
53620,2
53621,2
53622,2
53623,2
53624,2
53625,2
53626,2
53627,2
53628,2
53629,2
53630,2
53631,2
53632,2
53633,2
53634,2
53635,2
53636,2
53637,2
53638,2
53639,2
53640,2
53641,2
53642,2
53643,2
53644,2
53645,2
53646,2
53647,2
53648,2
53649,2
53650,2
53651,2
53652,2
53653,2
53654,2
53655,2
53656,2
53657,2
53658,2
53659,2
53660,2
53661,2
53662,2
53663,2
53664,2
53665,2
53666,2
53667,2
53668,2
53669,2
53670,2
53671,2
53672,2
53673,2
53674,2
53675,2
53676,3
53677,2
53678,2
53679,2
53680,2
53681,2
53682,2
53683,2
53684,2
53685,2
53686,2
53687,2
53688,2
53689,2
53690,2
53691,2
53692,2
53693,2
53694,2
53695,2
53696,2
53697,2
53698,2
53699,2
53700,2
53701,2
53702,2
53703,2
53704,2
53705,2
53706,2
53707,2
53708,2
53709,2
53710,2
53711,2
53712,2
53713,2
53714,2
53715,2
53716,2
53717,2
53718,2
53719,2
53720,2
53721,2
53722,2
53723,2
53724,2
53725,2
53726,2
53727,2
53728,2
53729,2
53730,2
53731,2
53732,2
53733,2
53734,2
53735,2
53736,2
53737,2
53738,2
53739,2
53740,2
53741,2
53742,2
53743,2
53744,2
53745,2
53746,2
53747,2
53748,2
53749,2
53750,2
53751,2
53752,2
53753,2
53754,2
53755,2
53756,2
53757,2
53758,1
53759,3
53760,2
53761,2
53762,2
53763,2
53764,2
53765,1
53766,1
53767,1
53768,1
53769,1
53770,1
53771,1
53772,1
53773,1
53774,1
53775,1
53776,1
53777,1
53778,1
53779,1
53780,1
53781,1
53782,2
53783,2
53784,2
53785,2
53786,2
53787,1
53788,1
53789,1
53790,1
53791,3
53792,3
53793,3
53794,3
53795,3
53796,3
53797,3
53798,3
53799,3
53800,3
53801,3
53802,0
53803,3
53804,0
53805,3
53806,3
53807,3
53808,3
53809,3
53810,3
53811,3
53812,3
53813,3
53814,3
53815,3
53816,3
53817,3
53818,3
53819,3
53820,3
53821,3
53822,3
53823,3
53824,3
53825,3
53826,3
53827,3
53828,2
53829,3
53830,3
53831,3
53832,3
53833,3
53834,3
53835,3
53836,3
53837,3
53838,3
53839,3
53840,3
53841,3
53842,3
53843,3
53844,3
53845,3
53846,3
53847,2
53848,3
53849,3
53850,3
53851,3
53852,3
53853,3
53854,3
53855,3
53856,3
53857,3
53858,3
53859,3
53860,3
53861,3
53862,3
53863,3
53864,0
53865,3
53866,3
53867,3
53868,3
53869,3
53870,3
53871,3
53872,3
53873,1
53874,3
53875,3
53876,3
53877,3
53878,3
53879,3
53880,3
53881,3
53882,3
53883,3
53884,3
53885,3
53886,3
53887,3
53888,2
53889,3
53890,3
53891,3
53892,3
53893,1
53894,3
53895,3
53896,3
53897,3
53898,3
53899,3
53900,3
53901,3
53902,3
53903,3
53904,3
53905,3
53906,3
53907,3
53908,3
53909,3
53910,3
53911,3
53912,3
53913,3
53914,3
53915,3
53916,3
53917,3
53918,3
53919,3
53920,3
53921,3
53922,3
53923,3
53924,3
53925,3
53926,3
53927,3
53928,3
53929,3
53930,3
53931,3
53932,3
53933,3
53934,3
53935,3
53936,3
53937,3
53938,3
53939,3
53940,3
53941,3
53942,1
53943,3
53944,3
53945,3
53946,3
53947,1
53948,3
53949,3
53950,3
53951,3
53952,2
53953,3
53954,3
53955,3
53956,3
53957,3
53958,3
53959,2
53960,3
53961,2
53962,3
53963,3
53964,3
53965,3
53966,2
53967,3
53968,2
53969,4
53970,2
53971,2
53972,2
53973,2
53974,2
53975,2
53976,2
53977,2
53978,2
53979,2
53980,2
53981,2
53982,2
53983,2
53984,2
53985,3
53986,3
53987,2
53988,3
53989,2
53990,2
53991,3
53992,3
53993,2
53994,3
53995,2
53996,2
53997,3
53998,3
53999,2
54000,3
54001,2
54002,2
54003,0
54004,0
54005,0
54006,0
54007,0
54008,0
54009,2
54010,2
54011,0
54012,0
54013,2
54014,0
54015,0
54016,0
54017,0
54018,0
54019,0
54020,0
54021,0
54022,2
54023,0
54024,0
54025,0
54026,0
54027,0
54028,2
54029,0
54030,0
54031,2
54032,2
54033,0
54034,0
54035,0
54036,2
54037,0
54038,2
54039,0
54040,0
54041,2
54042,0
54043,0
54044,0
54045,0
54046,0
54047,0
54048,0
54049,3
54050,0
54051,2
54052,0
54053,0
54054,2
54055,0
54056,0
54057,0
54058,0
54059,0
54060,3
54061,0
54062,0
54063,0
54064,0
54065,0
54066,0
54067,0
54068,0
54069,0
54070,0
54071,0
54072,0
54073,2
54074,0
54075,0
54076,0
54077,0
54078,0
54079,0
54080,0
54081,0
54082,0
54083,0
54084,2
54085,0
54086,2
54087,2
54088,0
54089,0
54090,0
54091,0
54092,0
54093,0
54094,0
54095,0
54096,3
54097,3
54098,0
54099,0
54100,0
54101,0
54102,0
54103,0
54104,2
54105,0
54106,2
54107,0
54108,0
54109,3
54110,0
54111,0
54112,0
54113,3
54114,0
54115,0
54116,0
54117,0
54118,0
54119,0
54120,0
54121,0
54122,0
54123,0
54124,0
54125,0
54126,0
54127,0
54128,0
54129,0
54130,3
54131,2
54132,2
54133,3
54134,2
54135,3
54136,3
54137,3
54138,3
54139,3
54140,2
54141,3
54142,3
54143,3
54144,0
54145,2
54146,0
54147,2
54148,2
54149,3
54150,3
54151,3
54152,2
54153,3
54154,0
54155,0
54156,3
54157,0
54158,0
54159,0
54160,0
54161,0
54162,0
54163,2
54164,3
54165,2
54166,3
54167,3
54168,2
54169,3
54170,2
54171,0
54172,0
54173,0
54174,2
54175,2
54176,0
54177,3
54178,3
54179,2
54180,2
54181,0
54182,2
54183,0
54184,3
54185,0
54186,2
54187,2
54188,3
54189,0
54190,0
54191,0
54192,2
54193,0
54194,0
54195,0
54196,0
54197,0
54198,0
54199,0
54200,2
54201,3
54202,3
54203,3
54204,2
54205,0
54206,0
54207,0
54208,3
54209,0
54210,0
54211,0
54212,0
54213,0
54214,2
54215,0
54216,0
54217,3
54218,3
54219,3
54220,0
54221,0
54222,0
54223,0
54224,3
54225,3
54226,3
54227,3
54228,2
54229,3
54230,3
54231,3
54232,3
54233,2
54234,3
54235,3
54236,3
54237,0
54238,3
54239,0
54240,0
54241,3
54242,3
54243,0
54244,0
54245,0
54246,0
54247,2
54248,3
54249,3
54250,3
54251,2
54252,3
54253,2
54254,2
54255,3
54256,3
54257,3
54258,3
54259,3
54260,3
54261,2
54262,3
54263,3
54264,3
54265,2
54266,2
54267,3
54268,2
54269,2
54270,3
54271,3
54272,3
54273,3
54274,3
54275,2
54276,2
54277,3
54278,3
54279,3
54280,3
54281,2
54282,3
54283,3
54284,2
54285,3
54286,3
54287,2
54288,2
54289,3
54290,3
54291,3
54292,2
54293,0
54294,0
54295,0
54296,2
54297,0
54298,0
54299,0
54300,0
54301,2
54302,0
54303,0
54304,3
54305,3
54306,3
54307,3
54308,3
54309,3
54310,3
54311,3
54312,3
54313,3
54314,2
54315,3
54316,1
54317,1
54318,1
54319,1
54320,1
54321,1
54322,1
54323,1
54324,1
54325,1
54326,1
54327,1
54328,1
54329,0
54330,1
54331,2
54332,3
54333,1
54334,1
54335,3
54336,1
54337,1
54338,1
54339,1
54340,1
54341,1
54342,1
54343,1
54344,1
54345,1
54346,1
54347,1
54348,1
54349,1
54350,2
54351,1
54352,1
54353,3
54354,1
54355,1
54356,1
54357,1
54358,1
54359,1
54360,1
54361,1
54362,1
54363,1
54364,1
54365,1
54366,1
54367,1
54368,0
54369,1
54370,1
54371,1
54372,1
54373,1
54374,1
54375,1
54376,1
54377,1
54378,1
54379,1
54380,1
54381,1
54382,1
54383,1
54384,1
54385,3
54386,1
54387,1
54388,1
54389,3
54390,1
54391,1
54392,1
54393,1
54394,0
54395,1
54396,1
54397,1
54398,3
54399,3
54400,3
54401,1
54402,3
54403,3
54404,3
54405,1
54406,1
54407,1
54408,3
54409,3
54410,1
54411,1
54412,3
54413,1
54414,3
54415,2
54416,3
54417,3
54418,0
54419,3
54420,3
54421,3
54422,3
54423,3
54424,2
54425,3
54426,3
54427,3
54428,3
54429,0
54430,3
54431,2
54432,3
54433,3
54434,3
54435,3
54436,3
54437,3
54438,3
54439,3
54440,3
54441,3
54442,3
54443,3
54444,3
54445,3
54446,3
54447,2
54448,3
54449,2
54450,3
54451,3
54452,3
54453,3
54454,1
54455,1
54456,1
54457,3
54458,1
54459,1
54460,1
54461,3
54462,1
54463,1
54464,1
54465,3
54466,3
54467,3
54468,3
54469,2
54470,3
54471,3
54472,3
54473,3
54474,3
54475,3
54476,3
54477,2
54478,3
54479,3
54480,3
54481,3
54482,2
54483,3
54484,3
54485,2
54486,3
54487,3
54488,3
54489,3
54490,2
54491,2
54492,3
54493,0
54494,3
54495,3
54496,3
54497,3
54498,3
54499,3
54500,2
54501,3
54502,3
54503,3
54504,3
54505,3
54506,3
54507,3
54508,3
54509,3
54510,3
54511,1
54512,2
54513,3
54514,3
54515,3
54516,2
54517,3
54518,3
54519,3
54520,3
54521,3
54522,3
54523,2
54524,3
54525,3
54526,3
54527,1
54528,1
54529,1
54530,3
54531,3
54532,3
54533,3
54534,3
54535,3
54536,3
54537,3
54538,3
54539,3
54540,3
54541,3
54542,3
54543,3
54544,3
54545,3
54546,3
54547,3
54548,3
54549,2
54550,3
54551,3
54552,3
54553,3
54554,2
54555,3
54556,3
54557,3
54558,3
54559,3
54560,3
54561,3
54562,3
54563,3
54564,2
54565,3
54566,3
54567,3
54568,3
54569,4
54570,3
54571,3
54572,3
54573,2
54574,4
54575,3
54576,3
54577,3
54578,2
54579,3
54580,3
54581,1
54582,3
54583,2
54584,3
54585,3
54586,3
54587,3
54588,3
54589,3
54590,3
54591,3
54592,3
54593,3
54594,1
54595,1
54596,1
54597,1
54598,3
54599,3
54600,2
54601,1
54602,1
54603,3
54604,2
54605,3
54606,3
54607,3
54608,3
54609,3
54610,3
54611,3
54612,3
54613,2
54614,3
54615,3
54616,3
54617,2
54618,3
54619,3
54620,3
54621,3
54622,3
54623,0
54624,3
54625,3
54626,3
54627,3
54628,3
54629,3
54630,3
54631,3
54632,3
54633,2
54634,3
54635,3
54636,3
54637,3
54638,2
54639,3
54640,3
54641,3
54642,3
54643,2
54644,3
54645,2
54646,2
54647,2
54648,3
54649,3
54650,2
54651,0
54652,3
54653,2
54654,2
54655,2
54656,2
54657,3
54658,2
54659,2
54660,2
54661,2
54662,2
54663,2
54664,2
54665,3
54666,2
54667,3
54668,3
54669,3
54670,2
54671,2
54672,2
54673,2
54674,0
54675,3
54676,3
54677,3
54678,3
54679,3
54680,3
54681,3
54682,3
54683,3
54684,2
54685,2
54686,3
54687,3
54688,2
54689,4
54690,2
54691,2
54692,0
54693,3
54694,3
54695,4
54696,3
54697,0
54698,3
54699,3
54700,3
54701,2
54702,3
54703,3
54704,2
54705,2
54706,3
54707,2
54708,2
54709,3
54710,3
54711,2
54712,2
54713,3
54714,2
54715,3
54716,3
54717,2
54718,3
54719,3
54720,3
54721,2
54722,3
54723,2
54724,3
54725,2
54726,0
54727,2
54728,3
54729,3
54730,2
54731,2
54732,3
54733,3
54734,3
54735,3
54736,2
54737,2
54738,3
54739,3
54740,3
54741,3
54742,3
54743,3
54744,3
54745,3
54746,3
54747,2
54748,3
54749,2
54750,3
54751,3
54752,3
54753,2
54754,3
54755,2
54756,3
54757,3
54758,3
54759,3
54760,3
54761,3
54762,3
54763,2
54764,3
54765,3
54766,3
54767,3
54768,3
54769,3
54770,3
54771,2
54772,2
54773,3
54774,3
54775,3
54776,3
54777,3
54778,3
54779,3
54780,3
54781,3
54782,3
54783,1
54784,2
54785,3
54786,3
54787,2
54788,2
54789,3
54790,3
54791,4
54792,3
54793,3
54794,3
54795,2
54796,3
54797,3
54798,2
54799,2
54800,3
54801,2
54802,2
54803,3
54804,3
54805,3
54806,2
54807,0
54808,2
54809,3
54810,2
54811,3
54812,3
54813,2
54814,3
54815,3
54816,3
54817,3
54818,4
54819,2
54820,3
54821,3
54822,3
54823,2
54824,3
54825,3
54826,3
54827,3
54828,2
54829,2
54830,3
54831,3
54832,3
54833,2
54834,3
54835,0
54836,3
54837,3
54838,3
54839,3
54840,3
54841,3
54842,0
54843,3
54844,2
54845,3
54846,3
54847,3
54848,3
54849,3
54850,3
54851,3
54852,0
54853,3
54854,3
54855,3
54856,3
54857,3
54858,2
54859,2
54860,2
54861,3
54862,2
54863,3
54864,3
54865,2
54866,3
54867,3
54868,3
54869,3
54870,3
54871,3
54872,3
54873,2
54874,3
54875,3
54876,2
54877,3
54878,3
54879,3
54880,2
54881,4
54882,3
54883,3
54884,3
54885,3
54886,3
54887,2
54888,3
54889,3
54890,2
54891,3
54892,2
54893,3
54894,2
54895,3
54896,3
54897,3
54898,3
54899,0
54900,0
54901,2
54902,3
54903,3
54904,3
54905,2
54906,3
54907,2
54908,3
54909,3
54910,3
54911,3
54912,3
54913,3
54914,3
54915,1
54916,3
54917,3
54918,3
54919,2
54920,3
54921,2
54922,3
54923,3
54924,3
54925,3
54926,3
54927,2
54928,2
54929,2
54930,3
54931,2
54932,3
54933,2
54934,3
54935,3
54936,2
54937,3
54938,2
54939,3
54940,2
54941,2
54942,3
54943,3
54944,2
54945,3
54946,2
54947,2
54948,2
54949,2
54950,2
54951,2
54952,2
54953,2
54954,2
54955,3
54956,3
54957,3
54958,3
54959,3
54960,3
54961,0
54962,0
54963,0
54964,3
54965,3
54966,3
54967,3
54968,3
54969,3
54970,3
54971,2
54972,3
54973,3
54974,3
54975,3
54976,3
54977,3
54978,3
54979,3
54980,3
54981,3
54982,3
54983,3
54984,3
54985,3
54986,3
54987,2
54988,3
54989,3
54990,2
54991,3
54992,2
54993,3
54994,4
54995,3
54996,3
54997,2
54998,3
54999,3
55000,3
55001,3
55002,3
55003,3
55004,2
55005,2
55006,4
55007,2
55008,2
55009,2
55010,3
55011,3
55012,2
55013,2
55014,3
55015,3
55016,3
55017,2
55018,3
55019,3
55020,3
55021,3
55022,3
55023,2
55024,3
55025,3
55026,3
55027,3
55028,3
55029,2
55030,2
55031,2
55032,2
55033,2
55034,2
55035,0
55036,2
55037,2
55038,3
55039,3
55040,2
55041,2
55042,2
55043,2
55044,2
55045,2
55046,3
55047,2
55048,2
55049,2
55050,3
55051,3
55052,3
55053,3
55054,2
55055,3
55056,3
55057,3
55058,2
55059,2
55060,2
55061,2
55062,3
55063,3
55064,2
55065,2
55066,3
55067,2
55068,3
55069,3
55070,3
55071,3
55072,3
55073,3
55074,3
55075,2
55076,2
55077,2
55078,2
55079,2
55080,2
55081,3
55082,3
55083,2
55084,3
55085,3
55086,3
55087,3
55088,3
55089,2
55090,3
55091,2
55092,0
55093,2
55094,3
55095,3
55096,3
55097,3
55098,2
55099,2
55100,3
55101,2
55102,2
55103,3
55104,3
55105,3
55106,0
55107,2
55108,2
55109,3
55110,2
55111,2
55112,2
55113,2
55114,3
55115,3
55116,2
55117,3
55118,2
55119,2
55120,2
55121,3
55122,2
55123,3
55124,3
55125,3
55126,2
55127,3
55128,3
55129,3
55130,3
55131,2
55132,2
55133,3
55134,3
55135,3
55136,3
55137,3
55138,3
55139,3
55140,2
55141,3
55142,2
55143,2
55144,3
55145,2
55146,2
55147,3
55148,2
55149,2
55150,3
55151,2
55152,3
55153,2
55154,2
55155,2
55156,3
55157,3
55158,3
55159,2
55160,3
55161,3
55162,2
55163,3
55164,2
55165,2
55166,2
55167,3
55168,2
55169,2
55170,3
55171,2
55172,2
55173,3
55174,2
55175,3
55176,2
55177,3
55178,3
55179,3
55180,3
55181,2
55182,3
55183,2
55184,3
55185,3
55186,2
55187,3
55188,2
55189,2
55190,2
55191,2
55192,3
55193,3
55194,3
55195,3
55196,3
55197,3
55198,3
55199,3
55200,3
55201,2
55202,2
55203,3
55204,2
55205,2
55206,2
55207,3
55208,2
55209,3
55210,2
55211,3
55212,2
55213,2
55214,3
55215,3
55216,3
55217,3
55218,2
55219,2
55220,3
55221,2
55222,3
55223,3
55224,3
55225,2
55226,2
55227,3
55228,2
55229,2
55230,2
55231,2
55232,3
55233,2
55234,3
55235,3
55236,2
55237,3
55238,2
55239,3
55240,3
55241,2
55242,3
55243,2
55244,2
55245,2
55246,2
55247,2
55248,2
55249,2
55250,3
55251,2
55252,2
55253,2
55254,2
55255,2
55256,3
55257,2
55258,3
55259,3
55260,0
55261,3
55262,3
55263,3
55264,2
55265,3
55266,2
55267,3
55268,3
55269,2
55270,3
55271,3
55272,2
55273,3
55274,2
55275,3
55276,0
55277,3
55278,2
55279,2
55280,3
55281,2
55282,3
55283,2
55284,2
55285,2
55286,3
55287,2
55288,2
55289,2
55290,3
55291,3
55292,2
55293,3
55294,2
55295,3
55296,2
55297,2
55298,3
55299,3
55300,2
55301,2
55302,2
55303,2
55304,3
55305,2
55306,3
55307,2
55308,2
55309,2
55310,2
55311,3
55312,2
55313,2
55314,2
55315,3
55316,2
55317,2
55318,2
55319,3
55320,2
55321,2
55322,2
55323,3
55324,2
55325,2
55326,2
55327,3
55328,2
55329,2
55330,2
55331,2
55332,2
55333,2
55334,3
55335,3
55336,3
55337,2
55338,2
55339,2
55340,2
55341,2
55342,2
55343,3
55344,3
55345,3
55346,3
55347,3
55348,2
55349,2
55350,3
55351,3
55352,3
55353,3
55354,2
55355,3
55356,2
55357,2
55358,2
55359,3
55360,3
55361,3
55362,2
55363,2
55364,2
55365,3
55366,3
55367,2
55368,3
55369,3
55370,3
55371,2
55372,3
55373,3
55374,2
55375,3
55376,3
55377,3
55378,3
55379,2
55380,2
55381,3
55382,3
55383,3
55384,2
55385,2
55386,3
55387,3
55388,2
55389,2
55390,2
55391,3
55392,2
55393,2
55394,3
55395,2
55396,2
55397,3
55398,2
55399,2
55400,2
55401,1
55402,2
55403,1
55404,1
55405,1
55406,1
55407,1
55408,0
55409,0
55410,3
55411,0
55412,2
55413,2
55414,3
55415,2
55416,2
55417,2
55418,2
55419,2
55420,3
55421,2
55422,2
55423,2
55424,2
55425,2
55426,3
55427,2
55428,2
55429,3
55430,2
55431,1
55432,1
55433,1
55434,1
55435,1
55436,3
55437,2
55438,2
55439,3
55440,2
55441,3
55442,0
55443,2
55444,3
55445,3
55446,3
55447,3
55448,3
55449,3
55450,3
55451,2
55452,3
55453,3
55454,3
55455,3
55456,2
55457,3
55458,2
55459,5
55460,2
55461,2
55462,3
55463,3
55464,2
55465,2
55466,2
55467,2
55468,3
55469,2
55470,2
55471,2
55472,2
55473,2
55474,3
55475,3
55476,2
55477,2
55478,3
55479,2
55480,2
55481,2
55482,2
55483,2
55484,2
55485,3
55486,0
55487,3
55488,3
55489,0
55490,0
55491,3
55492,3
55493,0
55494,3
55495,0
55496,3
55497,0
55498,3
55499,2
55500,3
55501,3
55502,3
55503,3
55504,2
55505,3
55506,3
55507,3
55508,3
55509,3
55510,2
55511,3
55512,3
55513,3
55514,3
55515,3
55516,3
55517,0
55518,1
55519,1
55520,1
55521,1
55522,1
55523,1
55524,1
55525,0
55526,0
55527,2
55528,0
55529,0
55530,0
55531,0
55532,0
55533,0
55534,0
55535,0
55536,0
55537,0
55538,0
55539,0
55540,1
55541,1
55542,1
55543,1
55544,2
55545,3
55546,3
55547,2
55548,2
55549,3
55550,3
55551,2
55552,2
55553,2
55554,2
55555,2
55556,2
55557,2
55558,2
55559,2
55560,2
55561,2
55562,2
55563,2
55564,2
55565,3
55566,2
55567,2
55568,2
55569,2
55570,2
55571,2
55572,2
55573,2
55574,2
55575,2
55576,2
55577,3
55578,2
55579,2
55580,2
55581,2
55582,2
55583,2
55584,2
55585,2
55586,2
55587,2
55588,2
55589,2
55590,2
55591,2
55592,2
55593,2
55594,3
55595,3
55596,3
55597,3
55598,3
55599,2
55600,2
55601,2
55602,2
55603,2
55604,2
55605,2
55606,3
55607,3
55608,3
55609,3
55610,3
55611,3
55612,3
55613,2
55614,2
55615,2
55616,2
55617,2
55618,2
55619,2
55620,2
55621,2
55622,2
55623,2
55624,2
55625,2
55626,2
55627,2
55628,2
55629,2
55630,2
55631,3
55632,2
55633,2
55634,2
55635,2
55636,2
55637,3
55638,2
55639,2
55640,2
55641,2
55642,3
55643,2
55644,3
55645,2
55646,2
55647,2
55648,2
55649,2
55650,2
55651,2
55652,3
55653,3
55654,3
55655,1
55656,1
55657,1
55658,0
55659,3
55660,2
55661,0
55662,3
55663,3
55664,1
55665,2
55666,3
55667,3
55668,2
55669,3
55670,2
55671,1
55672,1
55673,1
55674,1
55675,3
55676,3
55677,2
55678,2
55679,2
55680,2
55681,2
55682,3
55683,3
55684,3
55685,2
55686,2
55687,2
55688,2
55689,2
55690,2
55691,2
55692,2
55693,3
55694,2
55695,2
55696,2
55697,2
55698,2
55699,2
55700,2
55701,2
55702,2
55703,0
55704,0
55705,0
55706,2
55707,0
55708,0
55709,0
55710,0
55711,0
55712,0
55713,0
55714,0
55715,0
55716,0
55717,0
55718,0
55719,0
55720,0
55721,0
55722,0
55723,0
55724,2
55725,0
55726,0
55727,0
55728,0
55729,0
55730,2
55731,0
55732,0
55733,0
55734,0
55735,0
55736,3
55737,3
55738,3
55739,3
55740,3
55741,3
55742,3
55743,3
55744,3
55745,3
55746,3
55747,3
55748,3
55749,3
55750,3
55751,3
55752,3
55753,3
55754,3
55755,2
55756,3
55757,3
55758,3
55759,3
55760,3
55761,2
55762,3
55763,3
55764,3
55765,2
55766,3
55767,3
55768,3
55769,2
55770,2
55771,3
55772,2
55773,0
55774,0
55775,2
55776,0
55777,2
55778,0
55779,0
55780,0
55781,0
55782,0
55783,0
55784,0
55785,2
55786,0
55787,0
55788,0
55789,0
55790,0
55791,2
55792,0
55793,0
55794,0
55795,0
55796,0
55797,0
55798,2
55799,0
55800,3
55801,3
55802,2
55803,1
55804,1
55805,1
55806,1
55807,1
55808,1
55809,2
55810,2
55811,2
55812,2
55813,2
55814,2
55815,3
55816,2
55817,3
55818,3
55819,3
55820,3
55821,2
55822,2
55823,2
55824,2
55825,3
55826,3
55827,3
55828,3
55829,3
55830,3
55831,3
55832,0
55833,0
55834,0
55835,0
55836,0
55837,2
55838,2
55839,0
55840,0
55841,0
55842,0
55843,0
55844,0
55845,0
55846,0
55847,2
55848,0
55849,2
55850,0
55851,0
55852,2
55853,0
55854,0
55855,0
55856,0
55857,0
55858,2
55859,0
55860,0
55861,0
55862,0
55863,0
55864,0
55865,0
55866,0
55867,2
55868,0
55869,0
55870,0
55871,3
55872,2
55873,3
55874,0
55875,0
55876,0
55877,1
55878,1
55879,0
55880,3
55881,3
55882,0
55883,0
55884,0
55885,0
55886,3
55887,3
55888,2
55889,2
55890,2
55891,2
55892,2
55893,1
55894,3
55895,1
55896,1
55897,1
55898,3
55899,3
55900,3
55901,3
55902,3
55903,3
55904,1
55905,1
55906,3
55907,0
55908,0
55909,3
55910,0
55911,0
55912,2
55913,0
55914,0
55915,0
55916,3
55917,2
55918,3
55919,0
55920,0
55921,0
55922,0
55923,3
55924,3
55925,3
55926,3
55927,1
55928,2
55929,0
55930,2
55931,1
55932,0
55933,0
55934,0
55935,2
55936,0
55937,2
55938,0
55939,3
55940,0
55941,0
55942,2
55943,0
55944,0
55945,0
55946,0
55947,0
55948,0
55949,0
55950,0
55951,0
55952,0
55953,0
55954,0
55955,0
55956,0
55957,3
55958,2
55959,3
55960,3
55961,3
55962,3
55963,2
55964,3
55965,2
55966,1
55967,3
55968,3
55969,2
55970,1
55971,0
55972,3
55973,2
55974,3
55975,3
55976,3
55977,3
55978,3
55979,3
55980,2
55981,3
55982,3
55983,3
55984,3
55985,0
55986,0
55987,0
55988,2
55989,2
55990,0
55991,2
55992,3
55993,0
55994,0
55995,3
55996,3
55997,0
55998,0
55999,0
56000,0
56001,0
56002,3
56003,0
56004,0
56005,0
56006,0
56007,3
56008,0
56009,3
56010,0
56011,0
56012,3
56013,0
56014,0
56015,0
56016,2
56017,0
56018,2
56019,0
56020,3
56021,3
56022,3
56023,3
56024,3
56025,3
56026,3
56027,2
56028,3
56029,3
56030,3
56031,3
56032,3
56033,3
56034,3
56035,3
56036,3
56037,3
56038,0
56039,3
56040,0
56041,3
56042,0
56043,0
56044,0
56045,2
56046,2
56047,2
56048,0
56049,0
56050,0
56051,0
56052,0
56053,1
56054,3
56055,3
56056,3
56057,3
56058,0
56059,2
56060,3
56061,3
56062,2
56063,0
56064,0
56065,3
56066,3
56067,3
56068,3
56069,3
56070,3
56071,2
56072,3
56073,2
56074,3
56075,3
56076,3
56077,3
56078,3
56079,3
56080,3
56081,0
56082,2
56083,0
56084,0
56085,0
56086,0
56087,3
56088,2
56089,0
56090,3
56091,3
56092,3
56093,3
56094,3
56095,3
56096,3
56097,3
56098,2
56099,0
56100,3
56101,3
56102,0
56103,3
56104,0
56105,0
56106,3
56107,3
56108,3
56109,3
56110,3
56111,3
56112,3
56113,3
56114,3
56115,3
56116,2
56117,0
56118,0
56119,3
56120,0
56121,0
56122,0
56123,0
56124,0
56125,0
56126,0
56127,0
56128,0
56129,0
56130,0
56131,0
56132,0
56133,2
56134,2
56135,0
56136,0
56137,0
56138,2
56139,3
56140,0
56141,0
56142,3
56143,3
56144,3
56145,3
56146,3
56147,3
56148,3
56149,3
56150,3
56151,3
56152,3
56153,3
56154,3
56155,3
56156,3
56157,3
56158,3
56159,3
56160,3
56161,3
56162,2
56163,1
56164,1
56165,1
56166,0
56167,0
56168,0
56169,0
56170,0
56171,0
56172,0
56173,0
56174,0
56175,0
56176,0
56177,0
56178,0
56179,2
56180,0
56181,0
56182,1
56183,1
56184,1
56185,1
56186,1
56187,1
56188,1
56189,3
56190,3
56191,1
56192,1
56193,3
56194,0
56195,2
56196,0
56197,2
56198,0
56199,0
56200,0
56201,0
56202,0
56203,0
56204,0
56205,0
56206,0
56207,0
56208,0
56209,0
56210,0
56211,2
56212,2
56213,0
56214,0
56215,0
56216,3
56217,0
56218,0
56219,0
56220,2
56221,2
56222,3
56223,2
56224,3
56225,3
56226,3
56227,3
56228,3
56229,3
56230,3
56231,3
56232,3
56233,3
56234,3
56235,3
56236,2
56237,2
56238,3
56239,3
56240,3
56241,3
56242,3
56243,3
56244,3
56245,3
56246,3
56247,3
56248,3
56249,2
56250,3
56251,2
56252,3
56253,3
56254,3
56255,1
56256,1
56257,3
56258,3
56259,2
56260,0
56261,2
56262,0
56263,0
56264,0
56265,0
56266,0
56267,0
56268,0
56269,0
56270,0
56271,0
56272,2
56273,0
56274,0
56275,0
56276,3
56277,0
56278,0
56279,0
56280,0
56281,0
56282,0
56283,0
56284,3
56285,0
56286,0
56287,2
56288,2
56289,2
56290,0
56291,0
56292,0
56293,0
56294,2
56295,3
56296,2
56297,2
56298,3
56299,3
56300,0
56301,2
56302,0
56303,0
56304,0
56305,0
56306,0
56307,0
56308,0
56309,0
56310,0
56311,0
56312,0
56313,0
56314,0
56315,2
56316,0
56317,0
56318,0
56319,3
56320,3
56321,2
56322,2
56323,2
56324,2
56325,2
56326,3
56327,3
56328,3
56329,2
56330,2
56331,2
56332,2
56333,2
56334,3
56335,2
56336,2
56337,3
56338,3
56339,3
56340,2
56341,2
56342,2
56343,2
56344,3
56345,3
56346,2
56347,2
56348,2
56349,2
56350,2
56351,2
56352,2
56353,2
56354,2
56355,2
56356,2
56357,2
56358,2
56359,2
56360,2
56361,2
56362,2
56363,2
56364,3
56365,2
56366,2
56367,2
56368,2
56369,2
56370,2
56371,3
56372,2
56373,2
56374,2
56375,2
56376,2
56377,2
56378,2
56379,2
56380,2
56381,2
56382,2
56383,2
56384,2
56385,2
56386,2
56387,2
56388,3
56389,2
56390,2
56391,3
56392,3
56393,3
56394,2
56395,3
56396,2
56397,3
56398,2
56399,2
56400,2
56401,2
56402,2
56403,2
56404,2
56405,2
56406,3
56407,2
56408,2
56409,2
56410,2
56411,2
56412,3
56413,2
56414,2
56415,2
56416,2
56417,2
56418,3
56419,2
56420,2
56421,2
56422,3
56423,3
56424,2
56425,2
56426,2
56427,2
56428,3
56429,2
56430,3
56431,2
56432,2
56433,2
56434,2
56435,2
56436,2
56437,2
56438,2
56439,2
56440,2
56441,3
56442,2
56443,2
56444,3
56445,2
56446,2
56447,2
56448,0
56449,3
56450,2
56451,3
56452,2
56453,2
56454,2
56455,2
56456,2
56457,3
56458,3
56459,3
56460,3
56461,3
56462,3
56463,3
56464,3
56465,2
56466,2
56467,3
56468,3
56469,2
56470,3
56471,2
56472,3
56473,3
56474,3
56475,3
56476,3
56477,2
56478,3
56479,3
56480,2
56481,2
56482,3
56483,3
56484,3
56485,3
56486,3
56487,3
56488,3
56489,2
56490,3
56491,3
56492,3
56493,3
56494,2
56495,2
56496,3
56497,3
56498,3
56499,3
56500,2
56501,3
56502,3
56503,3
56504,2
56505,3
56506,2
56507,2
56508,2
56509,2
56510,3
56511,3
56512,3
56513,2
56514,3
56515,2
56516,2
56517,3
56518,3
56519,2
56520,3
56521,3
56522,2
56523,2
56524,2
56525,2
56526,2
56527,2
56528,2
56529,2
56530,2
56531,2
56532,2
56533,2
56534,2
56535,2
56536,2
56537,2
56538,2
56539,2
56540,2
56541,2
56542,2
56543,2
56544,2
56545,2
56546,3
56547,2
56548,3
56549,2
56550,3
56551,2
56552,2
56553,2
56554,3
56555,3
56556,3
56557,2
56558,3
56559,2
56560,3
56561,2
56562,3
56563,2
56564,3
56565,2
56566,2
56567,2
56568,2
56569,2
56570,3
56571,3
56572,3
56573,2
56574,3
56575,3
56576,3
56577,3
56578,3
56579,2
56580,2
56581,3
56582,3
56583,0
56584,3
56585,3
56586,3
56587,0
56588,2
56589,2
56590,3
56591,3
56592,3
56593,3
56594,3
56595,2
56596,3
56597,3
56598,3
56599,2
56600,3
56601,3
56602,2
56603,2
56604,2
56605,2
56606,2
56607,2
56608,3
56609,2
56610,2
56611,2
56612,2
56613,3
56614,2
56615,0
56616,2
56617,2
56618,2
56619,2
56620,2
56621,3
56622,3
56623,2
56624,2
56625,2
56626,2
56627,2
56628,3
56629,3
56630,3
56631,3
56632,3
56633,2
56634,2
56635,3
56636,2
56637,3
56638,2
56639,2
56640,2
56641,2
56642,2
56643,2
56644,3
56645,2
56646,2
56647,2
56648,2
56649,2
56650,2
56651,2
56652,2
56653,2
56654,2
56655,3
56656,2
56657,2
56658,2
56659,2
56660,2
56661,2
56662,2
56663,3
56664,2
56665,2
56666,3
56667,2
56668,2
56669,2
56670,3
56671,2
56672,2
56673,2
56674,2
56675,2
56676,2
56677,2
56678,2
56679,2
56680,2
56681,2
56682,2
56683,2
56684,2
56685,2
56686,2
56687,2
56688,2
56689,3
56690,2
56691,3
56692,3
56693,3
56694,3
56695,2
56696,3
56697,3
56698,3
56699,3
56700,2
56701,3
56702,3
56703,0
56704,0
56705,2
56706,2
56707,3
56708,3
56709,2
56710,2
56711,2
56712,2
56713,2
56714,2
56715,2
56716,3
56717,2
56718,2
56719,0
56720,2
56721,0
56722,0
56723,0
56724,2
56725,2
56726,0
56727,1
56728,0
56729,0
56730,0
56731,2
56732,3
56733,0
56734,0
56735,0
56736,0
56737,3
56738,1
56739,3
56740,3
56741,2
56742,0
56743,3
56744,2
56745,3
56746,3
56747,3
56748,3
56749,0
56750,3
56751,1
56752,1
56753,2
56754,3
56755,2
56756,2
56757,3
56758,2
56759,0
56760,0
56761,0
56762,0
56763,0
56764,3
56765,2
56766,0
56767,3
56768,3
56769,3
56770,0
56771,3
56772,0
56773,0
56774,0
56775,0
56776,3
56777,3
56778,3
56779,2
56780,2
56781,2
56782,2
56783,2
56784,2
56785,0
56786,2
56787,2
56788,2
56789,2
56790,2
56791,2
56792,2
56793,2
56794,2
56795,2
56796,2
56797,2
56798,2
56799,2
56800,2
56801,3
56802,3
56803,3
56804,3
56805,3
56806,3
56807,2
56808,3
56809,0
56810,3
56811,3
56812,3
56813,3
56814,1
56815,3
56816,3
56817,3
56818,3
56819,3
56820,2
56821,3
56822,3
56823,3
56824,2
56825,3
56826,3
56827,3
56828,3
56829,3
56830,3
56831,2
56832,3
56833,0
56834,0
56835,3
56836,3
56837,3
56838,3
56839,3
56840,2
56841,3
56842,3
56843,2
56844,3
56845,3
56846,3
56847,3
56848,3
56849,3
56850,3
56851,3
56852,3
56853,3
56854,3
56855,1
56856,1
56857,3
56858,3
56859,3
56860,3
56861,3
56862,3
56863,3
56864,3
56865,3
56866,3
56867,1
56868,2
56869,1
56870,2
56871,0
56872,1
56873,3
56874,3
56875,3
56876,3
56877,3
56878,0
56879,3
56880,3
56881,3
56882,3
56883,2
56884,0
56885,0
56886,3
56887,0
56888,2
56889,0
56890,0
56891,2
56892,0
56893,0
56894,0
56895,0
56896,2
56897,0
56898,2
56899,0
56900,0
56901,3
56902,2
56903,3
56904,3
56905,3
56906,3
56907,2
56908,3
56909,3
56910,2
56911,2
56912,4
56913,3
56914,3
56915,3
56916,3
56917,2
56918,3
56919,3
56920,3
56921,3
56922,3
56923,0
56924,2
56925,3
56926,3
56927,3
56928,3
56929,3
56930,2
56931,2
56932,3
56933,3
56934,3
56935,2
56936,2
56937,2
56938,0
56939,2
56940,3
56941,3
56942,2
56943,0
56944,0
56945,0
56946,0
56947,3
56948,0
56949,0
56950,0
56951,0
56952,0
56953,0
56954,0
56955,0
56956,0
56957,0
56958,2
56959,2
56960,0
56961,2
56962,0
56963,2
56964,0
56965,0
56966,2
56967,0
56968,2
56969,0
56970,0
56971,2
56972,2
56973,0
56974,1
56975,3
56976,3
56977,3
56978,3
56979,3
56980,3
56981,3
56982,3
56983,3
56984,3
56985,0
56986,3
56987,3
56988,3
56989,3
56990,2
56991,3
56992,3
56993,3
56994,3
56995,2
56996,3
56997,3
56998,3
56999,1
57000,3
57001,0
57002,2
57003,0
57004,0
57005,0
57006,0
57007,2
57008,3
57009,0
57010,0
57011,2
57012,2
57013,3
57014,2
57015,3
57016,0
57017,0
57018,0
57019,3
57020,2
57021,3
57022,3
57023,3
57024,3
57025,0
57026,2
57027,2
57028,2
57029,3
57030,2
57031,3
57032,2
57033,2
57034,3
57035,2
57036,3
57037,3
57038,2
57039,3
57040,2
57041,3
57042,2
57043,2
57044,2
57045,2
57046,3
57047,3
57048,2
57049,2
57050,2
57051,3
57052,2
57053,2
57054,2
57055,2
57056,2
57057,3
57058,2
57059,3
57060,3
57061,3
57062,3
57063,3
57064,3
57065,3
57066,3
57067,3
57068,2
57069,3
57070,3
57071,3
57072,3
57073,2
57074,3
57075,3
57076,3
57077,3
57078,3
57079,3
57080,3
57081,0
57082,0
57083,0
57084,2
57085,0
57086,1
57087,3
57088,3
57089,3
57090,3
57091,0
57092,0
57093,0
57094,1
57095,0
57096,0
57097,2
57098,2
57099,2
57100,0
57101,2
57102,2
57103,0
57104,2
57105,3
57106,3
57107,3
57108,2
57109,2
57110,3
57111,3
57112,3
57113,3
57114,3
57115,3
57116,3
57117,3
57118,3
57119,2
57120,2
57121,3
57122,3
57123,3
57124,3
57125,0
57126,3
57127,3
57128,2
57129,3
57130,3
57131,3
57132,3
57133,2
57134,2
57135,3
57136,2
57137,3
57138,2
57139,2
57140,2
57141,2
57142,2
57143,2
57144,2
57145,2
57146,2
57147,2
57148,2
57149,3
57150,3
57151,2
57152,2
57153,2
57154,2
57155,2
57156,3
57157,2
57158,3
57159,2
57160,2
57161,2
57162,2
57163,2
57164,2
57165,3
57166,3
57167,3
57168,2
57169,3
57170,2
57171,3
57172,3
57173,3
57174,3
57175,2
57176,3
57177,3
57178,3
57179,3
57180,3
57181,3
57182,0
57183,0
57184,3
57185,0
57186,3
57187,2
57188,0
57189,2
57190,2
57191,0
57192,0
57193,2
57194,0
57195,2
57196,0
57197,0
57198,0
57199,1
57200,0
57201,2
57202,0
57203,2
57204,0
57205,0
57206,0
57207,0
57208,0
57209,3
57210,2
57211,3
57212,1
57213,2
57214,2
57215,2
57216,2
57217,3
57218,2
57219,3
57220,3
57221,3
57222,3
57223,3
57224,2
57225,3
57226,3
57227,3
57228,3
57229,3
57230,3
57231,3
57232,3
57233,3
57234,2
57235,2
57236,2
57237,3
57238,2
57239,3
57240,2
57241,2
57242,2
57243,3
57244,3
57245,3
57246,2
57247,3
57248,3
57249,2
57250,3
57251,3
57252,3
57253,3
57254,3
57255,2
57256,0
57257,0
57258,0
57259,0
57260,0
57261,0
57262,0
57263,3
57264,3
57265,2
57266,0
57267,0
57268,0
57269,0
57270,2
57271,2
57272,0
57273,1
57274,0
57275,0
57276,0
57277,0
57278,0
57279,2
57280,2
57281,2
57282,2
57283,2
57284,0
57285,3
57286,3
57287,3
57288,2
57289,2
57290,0
57291,3
57292,3
57293,3
57294,3
57295,3
57296,3
57297,3
57298,3
57299,3
57300,3
57301,3
57302,3
57303,3
57304,3
57305,3
57306,3
57307,3
57308,3
57309,3
57310,3
57311,3
57312,0
57313,2
57314,2
57315,2
57316,0
57317,0
57318,0
57319,0
57320,0
57321,0
57322,3
57323,2
57324,2
57325,3
57326,3
57327,2
57328,2
57329,3
57330,3
57331,3
57332,3
57333,3
57334,3
57335,3
57336,3
57337,3
57338,3
57339,3
57340,3
57341,3
57342,3
57343,3
57344,3
57345,3
57346,3
57347,3
57348,3
57349,3
57350,2
57351,3
57352,2
57353,0
57354,0
57355,0
57356,2
57357,2
57358,0
57359,0
57360,2
57361,2
57362,3
57363,3
57364,3
57365,0
57366,3
57367,0
57368,0
57369,0
57370,0
57371,3
57372,2
57373,1
57374,1
57375,1
57376,1
57377,1
57378,1
57379,3
57380,2
57381,3
57382,3
57383,3
57384,2
57385,2
57386,2
57387,0
57388,2
57389,0
57390,0
57391,0
57392,0
57393,0
57394,0
57395,0
57396,2
57397,0
57398,0
57399,0
57400,0
57401,3
57402,2
57403,0
57404,0
57405,2
57406,2
57407,0
57408,0
57409,0
57410,0
57411,3
57412,3
57413,3
57414,3
57415,3
57416,2
57417,3
57418,3
57419,0
57420,3
57421,3
57422,0
57423,2
57424,0
57425,0
57426,0
57427,0
57428,0
57429,0
57430,0
57431,1
57432,1
57433,1
57434,1
57435,1
57436,1
57437,0
57438,1
57439,1
57440,0
57441,1
57442,1
57443,1
57444,1
57445,1
57446,0
57447,2
57448,3
57449,2
57450,3
57451,3
57452,3
57453,3
57454,3
57455,3
57456,3
57457,3
57458,3
57459,3
57460,2
57461,2
57462,3
57463,3
57464,2
57465,2
57466,2
57467,2
57468,3
57469,3
57470,2
57471,3
57472,2
57473,3
57474,3
57475,3
57476,3
57477,3
57478,0
57479,3
57480,2
57481,2
57482,3
57483,2
57484,3
57485,2
57486,3
57487,3
57488,3
57489,2
57490,2
57491,3
57492,1
57493,3
57494,3
57495,2
57496,3
57497,0
57498,2
57499,0
57500,0
57501,0
57502,0
57503,0
57504,0
57505,0
57506,0
57507,0
57508,0
57509,0
57510,2
57511,0
57512,3
57513,3
57514,0
57515,2
57516,0
57517,0
57518,1
57519,1
57520,3
57521,2
57522,0
57523,3
57524,3
57525,3
57526,3
57527,3
57528,0
57529,0
57530,0
57531,3
57532,3
57533,0
57534,3
57535,2
57536,2
57537,0
57538,0
57539,0
57540,3
57541,1
57542,1
57543,1
57544,1
57545,1
57546,1
57547,1
57548,1
57549,1
57550,1
57551,1
57552,1
57553,1
57554,1
57555,1
57556,1
57557,1
57558,2
57559,2
57560,0
57561,2
57562,0
57563,0
57564,2
57565,0
57566,0
57567,2
57568,2
57569,0
57570,2
57571,2
57572,3
57573,0
57574,2
57575,2
57576,3
57577,0
57578,2
57579,2
57580,3
57581,3
57582,3
57583,2
57584,3
57585,3
57586,3
57587,0
57588,0
57589,2
57590,3
57591,3
57592,3
57593,2
57594,3
57595,3
57596,3
57597,3
57598,2
57599,3
57600,2
57601,0
57602,2
57603,2
57604,3
57605,3
57606,3
57607,3
57608,3
57609,3
57610,2
57611,3
57612,3
57613,3
57614,2
57615,3
57616,2
57617,2
57618,2
57619,3
57620,2
57621,0
57622,3
57623,3
57624,2
57625,2
57626,3
57627,3
57628,2
57629,3
57630,3
57631,2
57632,3
57633,3
57634,3
57635,3
57636,1
57637,1
57638,0
57639,2
57640,1
57641,1
57642,1
57643,3
57644,2
57645,2
57646,2
57647,3
57648,2
57649,2
57650,3
57651,2
57652,2
57653,2
57654,2
57655,2
57656,2
57657,2
57658,2
57659,2
57660,3
57661,1
57662,3
57663,2
57664,2
57665,3
57666,3
57667,1
57668,2
57669,2
57670,2
57671,3
57672,2
57673,2
57674,2
57675,2
57676,2
57677,2
57678,2
57679,2
57680,2
57681,1
57682,1
57683,2
57684,2
57685,2
57686,2
57687,2
57688,1
57689,3
57690,3
57691,3
57692,3
57693,1
57694,2
57695,3
57696,3
57697,2
57698,2
57699,2
57700,2
57701,3
57702,1
57703,2
57704,2
57705,0
57706,2
57707,2
57708,2
57709,2
57710,2
57711,2
57712,0
57713,2
57714,2
57715,2
57716,2
57717,2
57718,2
57719,2
57720,1
57721,1
57722,1
57723,1
57724,1
57725,1
57726,1
57727,1
57728,3
57729,1
57730,1
57731,2
57732,2
57733,2
57734,2
57735,2
57736,2
57737,2
57738,2
57739,2
57740,3
57741,2
57742,3
57743,2
57744,2
57745,2
57746,2
57747,2
57748,2
57749,2
57750,2
57751,3
57752,1
57753,3
57754,3
57755,3
57756,2
57757,2
57758,2
57759,3
57760,2
57761,2
57762,1
57763,2
57764,2
57765,2
57766,2
57767,2
57768,2
57769,2
57770,1
57771,1
57772,0
57773,1
57774,0
57775,3
57776,3
57777,3
57778,3
57779,1
57780,1
57781,1
57782,1
57783,1
57784,3
57785,1
57786,1
57787,1
57788,1
57789,1
57790,1
57791,3
57792,2
57793,3
57794,3
57795,3
57796,3
57797,3
57798,3
57799,3
57800,3
57801,3
57802,3
57803,1
57804,0
57805,3
57806,3
57807,3
57808,3
57809,1
57810,3
57811,1
57812,3
57813,3
57814,3
57815,3
57816,3
57817,2
57818,2
57819,3
57820,3
57821,1
57822,3
57823,1
57824,1
57825,2
57826,1
57827,0
57828,3
57829,3
57830,3
57831,3
57832,3
57833,3
57834,3
57835,3
57836,3
57837,3
57838,3
57839,3
57840,3
57841,3
57842,1
57843,1
57844,3
57845,3
57846,3
57847,3
57848,3
57849,3
57850,3
57851,3
57852,3
57853,3
57854,3
57855,3
57856,3
57857,1
57858,1
57859,3
57860,3
57861,3
57862,2
57863,3
57864,3
57865,3
57866,3
57867,3
57868,3
57869,3
57870,3
57871,3
57872,3
57873,3
57874,3
57875,3
57876,3
57877,3
57878,3
57879,3
57880,3
57881,3
57882,3
57883,3
57884,3
57885,3
57886,3
57887,3
57888,3
57889,0
57890,3
57891,3
57892,3
57893,3
57894,3
57895,3
57896,3
57897,3
57898,2
57899,3
57900,3
57901,3
57902,2
57903,1
57904,1
57905,3
57906,3
57907,3
57908,3
57909,3
57910,3
57911,1
57912,3
57913,3
57914,1
57915,1
57916,1
57917,3
57918,2
57919,1
57920,1
57921,3
57922,1
57923,3
57924,3
57925,3
57926,1
57927,3
57928,0
57929,3
57930,3
57931,3
57932,3
57933,1
57934,3
57935,3
57936,3
57937,1
57938,3
57939,3
57940,2
57941,2
57942,2
57943,3
57944,2
57945,2
57946,2
57947,1
57948,1
57949,0
57950,2
57951,2
57952,2
57953,2
57954,3
57955,3
57956,2
57957,2
57958,3
57959,3
57960,2
57961,2
57962,3
57963,3
57964,3
57965,1
57966,2
57967,2
57968,3
57969,2
57970,1
57971,2
57972,3
57973,3
57974,3
57975,3
57976,2
57977,3
57978,3
57979,3
57980,3
57981,2
57982,3
57983,3
57984,3
57985,3
57986,2
57987,3
57988,3
57989,3
57990,3
57991,3
57992,3
57993,3
57994,2
57995,3
57996,2
57997,2
57998,2
57999,3
58000,3
58001,0
58002,1
58003,2
58004,3
58005,0
58006,3
58007,2
58008,2
58009,2
58010,3
58011,3
58012,3
58013,3
58014,1
58015,3
58016,2
58017,2
58018,2
58019,2
58020,2
58021,3
58022,2
58023,3
58024,1
58025,2
58026,3
58027,3
58028,2
58029,3
58030,2
58031,3
58032,1
58033,1
58034,1
58035,3
58036,3
58037,3
58038,1
58039,2
58040,3
58041,2
58042,3
58043,1
58044,1
58045,3
58046,3
58047,3
58048,3
58049,1
58050,3
58051,3
58052,2
58053,3
58054,0
58055,2
58056,2
58057,3
58058,2
58059,2
58060,1
58061,3
58062,2
58063,2
58064,3
58065,2
58066,2
58067,3
58068,3
58069,2
58070,2
58071,1
58072,2
58073,2
58074,3
58075,2
58076,2
58077,2
58078,2
58079,2
58080,2
58081,2
58082,2
58083,2
58084,2
58085,2
58086,2
58087,2
58088,2
58089,1
58090,3
58091,1
58092,2
58093,3
58094,2
58095,2
58096,2
58097,3
58098,3
58099,3
58100,3
58101,3
58102,3
58103,0
58104,0
58105,3
58106,2
58107,0
58108,2
58109,3
58110,3
58111,3
58112,3
58113,3
58114,3
58115,3
58116,3
58117,3
58118,1
58119,1
58120,3
58121,3
58122,3
58123,3
58124,3
58125,3
58126,3
58127,3
58128,3
58129,3
58130,3
58131,3
58132,3
58133,3
58134,3
58135,3
58136,3
58137,3
58138,3
58139,3
58140,3
58141,3
58142,3
58143,3
58144,3
58145,3
58146,3
58147,3
58148,3
58149,3
58150,3
58151,3
58152,3
58153,3
58154,3
58155,2
58156,3
58157,3
58158,0
58159,0
58160,0
58161,0
58162,0
58163,0
58164,0
58165,1
58166,3
58167,0
58168,0
58169,0
58170,3
58171,3
58172,3
58173,3
58174,3
58175,3
58176,3
58177,3
58178,3
58179,3
58180,3
58181,3
58182,3
58183,3
58184,3
58185,3
58186,3
58187,3
58188,3
58189,0
58190,3
58191,3
58192,3
58193,1
58194,3
58195,3
58196,3
58197,3
58198,1
58199,3
58200,3
58201,2
58202,3
58203,3
58204,3
58205,3
58206,0
58207,3
58208,3
58209,3
58210,1
58211,3
58212,3
58213,3
58214,3
58215,3
58216,3
58217,3
58218,2
58219,3
58220,3
58221,3
58222,3
58223,3
58224,3
58225,3
58226,3
58227,0
58228,3
58229,3
58230,3
58231,3
58232,3
58233,3
58234,3
58235,0
58236,3
58237,3
58238,3
58239,3
58240,0
58241,3
58242,3
58243,3
58244,3
58245,3
58246,3
58247,3
58248,1
58249,1
58250,1
58251,1
58252,3
58253,1
58254,1
58255,1
58256,2
58257,1
58258,1
58259,3
58260,2
58261,1
58262,1
58263,1
58264,1
58265,1
58266,1
58267,1
58268,1
58269,1
58270,1
58271,1
58272,1
58273,1
58274,1
58275,1
58276,3
58277,3
58278,1
58279,1
58280,1
58281,2
58282,3
58283,1
58284,3
58285,3
58286,3
58287,2
58288,3
58289,2
58290,2
58291,2
58292,2
58293,3
58294,2
58295,3
58296,3
58297,3
58298,3
58299,2
58300,2
58301,3
58302,2
58303,3
58304,3
58305,2
58306,3
58307,2
58308,3
58309,3
58310,2
58311,2
58312,2
58313,2
58314,3
58315,2
58316,2
58317,3
58318,2
58319,2
58320,2
58321,3
58322,2
58323,3
58324,2
58325,3
58326,2
58327,2
58328,2
58329,2
58330,2
58331,3
58332,3
58333,3
58334,3
58335,3
58336,3
58337,3
58338,3
58339,3
58340,3
58341,2
58342,2
58343,3
58344,2
58345,2
58346,2
58347,2
58348,3
58349,3
58350,0
58351,0
58352,3
58353,0
58354,0
58355,3
58356,0
58357,2
58358,2
58359,2
58360,3
58361,0
58362,0
58363,2
58364,2
58365,2
58366,3
58367,2
58368,2
58369,2
58370,2
58371,2
58372,2
58373,2
58374,2
58375,2
58376,2
58377,2
58378,2
58379,2
58380,2
58381,2
58382,3
58383,3
58384,2
58385,2
58386,2
58387,2
58388,2
58389,2
58390,2
58391,2
58392,2
58393,0
58394,3
58395,3
58396,2
58397,2
58398,2
58399,2
58400,3
58401,3
58402,3
58403,2
58404,3
58405,2
58406,2
58407,2
58408,2
58409,2
58410,2
58411,2
58412,2
58413,2
58414,2
58415,2
58416,2
58417,2
58418,2
58419,3
58420,2
58421,2
58422,2
58423,2
58424,2
58425,2
58426,2
58427,2
58428,2
58429,2
58430,2
58431,2
58432,2
58433,2
58434,2
58435,2
58436,3
58437,2
58438,2
58439,3
58440,2
58441,2
58442,2
58443,2
58444,3
58445,3
58446,2
58447,2
58448,3
58449,2
58450,2
58451,2
58452,2
58453,2
58454,2
58455,2
58456,2
58457,2
58458,2
58459,2
58460,3
58461,2
58462,3
58463,2
58464,2
58465,2
58466,2
58467,2
58468,3
58469,3
58470,3
58471,3
58472,3
58473,2
58474,3
58475,3
58476,3
58477,3
58478,3
58479,3
58480,3
58481,3
58482,3
58483,3
58484,3
58485,2
58486,3
58487,3
58488,3
58489,2
58490,3
58491,3
58492,2
58493,3
58494,2
58495,2
58496,3
58497,3
58498,3
58499,3
58500,3
58501,2
58502,2
58503,2
58504,3
58505,3
58506,3
58507,3
58508,2
58509,2
58510,3
58511,2
58512,2
58513,3
58514,2
58515,3
58516,3
58517,2
58518,3
58519,3
58520,3
58521,2
58522,3
58523,3
58524,3
58525,3
58526,3
58527,3
58528,3
58529,3
58530,3
58531,3
58532,3
58533,2
58534,3
58535,2
58536,3
58537,2
58538,3
58539,3
58540,3
58541,3
58542,3
58543,3
58544,3
58545,2
58546,2
58547,3
58548,3
58549,3
58550,3
58551,3
58552,3
58553,3
58554,3
58555,3
58556,3
58557,3
58558,2
58559,2
58560,2
58561,2
58562,3
58563,3
58564,3
58565,3
58566,3
58567,3
58568,2
58569,3
58570,3
58571,3
58572,3
58573,2
58574,3
58575,3
58576,3
58577,3
58578,2
58579,3
58580,3
58581,3
58582,2
58583,3
58584,3
58585,2
58586,3
58587,3
58588,3
58589,2
58590,2
58591,2
58592,3
58593,3
58594,2
58595,3
58596,3
58597,3
58598,2
58599,3
58600,2
58601,3
58602,2
58603,2
58604,3
58605,3
58606,3
58607,3
58608,3
58609,2
58610,2
58611,3
58612,3
58613,3
58614,3
58615,3
58616,2
58617,3
58618,3
58619,2
58620,3
58621,3
58622,3
58623,2
58624,3
58625,3
58626,3
58627,3
58628,3
58629,3
58630,3
58631,3
58632,3
58633,3
58634,2
58635,3
58636,3
58637,3
58638,3
58639,3
58640,2
58641,2
58642,2
58643,2
58644,3
58645,2
58646,2
58647,3
58648,3
58649,3
58650,3
58651,3
58652,3
58653,3
58654,2
58655,2
58656,2
58657,2
58658,2
58659,3
58660,3
58661,2
58662,3
58663,3
58664,3
58665,3
58666,2
58667,1
58668,3
58669,3
58670,3
58671,3
58672,3
58673,3
58674,2
58675,0
58676,3
58677,3
58678,3
58679,3
58680,3
58681,3
58682,3
58683,0
58684,0
58685,0
58686,0
58687,2
58688,0
58689,0
58690,2
58691,0
58692,0
58693,2
58694,0
58695,0
58696,0
58697,3
58698,3
58699,3
58700,3
58701,3
58702,3
58703,3
58704,3
58705,3
58706,3
58707,3
58708,3
58709,3
58710,3
58711,3
58712,3
58713,3
58714,3
58715,3
58716,2
58717,2
58718,3
58719,3
58720,0
58721,0
58722,0
58723,0
58724,0
58725,2
58726,0
58727,3
58728,3
58729,2
58730,3
58731,3
58732,3
58733,2
58734,3
58735,2
58736,0
58737,0
58738,2
58739,3
58740,3
58741,0
58742,3
58743,2
58744,3
58745,3
58746,0
58747,3
58748,3
58749,3
58750,2
58751,3
58752,2
58753,3
58754,0
58755,3
58756,3
58757,3
58758,2
58759,2
58760,3
58761,2
58762,2
58763,2
58764,0
58765,3
58766,2
58767,2
58768,2
58769,0
58770,0
58771,0
58772,3
58773,3
58774,3
58775,2
58776,2
58777,2
58778,3
58779,3
58780,3
58781,3
58782,3
58783,0
58784,0
58785,0
58786,3
58787,3
58788,3
58789,2
58790,0
58791,3
58792,0
58793,0
58794,3
58795,3
58796,3
58797,4
58798,3
58799,3
58800,1
58801,1
58802,3
58803,3
58804,3
58805,2
58806,3
58807,3
58808,3
58809,1
58810,1
58811,1
58812,1
58813,3
58814,3
58815,0
58816,3
58817,3
58818,3
58819,3
58820,1
58821,2
58822,3
58823,2
58824,3
58825,3
58826,3
58827,3
58828,2
58829,3
58830,3
58831,5
58832,3
58833,1
58834,1
58835,2
58836,2
58837,3
58838,3
58839,3
58840,2
58841,2
58842,2
58843,2
58844,3
58845,2
58846,3
58847,3
58848,3
58849,3
58850,3
58851,3
58852,3
58853,3
58854,3
58855,3
58856,3
58857,3
58858,3
58859,2
58860,2
58861,2
58862,3
58863,3
58864,1
58865,1
58866,2
58867,3
58868,3
58869,3
58870,3
58871,2
58872,3
58873,3
58874,3
58875,2
58876,1
58877,3
58878,3
58879,2
58880,1
58881,1
58882,1
58883,1
58884,1
58885,3
58886,3
58887,3
58888,2
58889,3
58890,3
58891,1
58892,1
58893,3
58894,3
58895,3
58896,2
58897,3
58898,2
58899,3
58900,3
58901,3
58902,2
58903,2
58904,2
58905,2
58906,3
58907,2
58908,3
58909,1
58910,1
58911,3
58912,1
58913,3
58914,2
58915,3
58916,3
58917,3
58918,2
58919,2
58920,1
58921,1
58922,3
58923,3
58924,2
58925,2
58926,3
58927,2
58928,2
58929,3
58930,2
58931,3
58932,2
58933,3
58934,2
58935,2
58936,2
58937,2
58938,2
58939,3
58940,3
58941,1
58942,2
58943,2
58944,3
58945,1
58946,3
58947,2
58948,1
58949,2
58950,1
58951,1
58952,3
58953,3
58954,3
58955,3
58956,2
58957,2
58958,1
58959,2
58960,2
58961,3
58962,3
58963,2
58964,4
58965,3
58966,3
58967,3
58968,3
58969,3
58970,3
58971,3
58972,3
58973,3
58974,3
58975,3
58976,3
58977,3
58978,3
58979,0
58980,0
58981,3
58982,2
58983,3
58984,3
58985,2
58986,3
58987,3
58988,2
58989,3
58990,3
58991,2
58992,3
58993,3
58994,3
58995,3
58996,3
58997,3
58998,3
58999,2
59000,2
59001,2
59002,3
59003,3
59004,2
59005,2
59006,2
59007,2
59008,2
59009,0
59010,3
59011,3
59012,2
59013,3
59014,3
59015,2
59016,3
59017,3
59018,3
59019,3
59020,2
59021,2
59022,2
59023,2
59024,2
59025,2
59026,2
59027,3
59028,3
59029,3
59030,3
59031,3
59032,3
59033,2
59034,3
59035,2
59036,3
59037,3
59038,3
59039,3
59040,2
59041,3
59042,3
59043,2
59044,2
59045,2
59046,4
59047,3
59048,3
59049,0
59050,2
59051,3
59052,3
59053,3
59054,3
59055,3
59056,2
59057,3
59058,3
59059,2
59060,0
59061,3
59062,3
59063,3
59064,3
59065,3
59066,2
59067,3
59068,3
59069,2
59070,0
59071,3
59072,3
59073,3
59074,3
59075,3
59076,3
59077,3
59078,2
59079,3
59080,3
59081,3
59082,3
59083,3
59084,3
59085,3
59086,2
59087,2
59088,3
59089,2
59090,3
59091,3
59092,3
59093,3
59094,3
59095,3
59096,2
59097,3
59098,3
59099,2
59100,3
59101,3
59102,2
59103,3
59104,3
59105,3
59106,3
59107,3
59108,2
59109,2
59110,2
59111,2
59112,2
59113,3
59114,3
59115,2
59116,2
59117,2
59118,3
59119,3
59120,3
59121,2
59122,3
59123,3
59124,3
59125,3
59126,3
59127,3
59128,3
59129,3
59130,3
59131,0
59132,3
59133,3
59134,3
59135,3
59136,2
59137,3
59138,3
59139,3
59140,2
59141,2
59142,3
59143,3
59144,3
59145,3
59146,3
59147,2
59148,3
59149,2
59150,2
59151,2
59152,3
59153,2
59154,3
59155,2
59156,3
59157,3
59158,3
59159,3
59160,3
59161,2
59162,2
59163,2
59164,3
59165,3
59166,2
59167,3
59168,3
59169,2
59170,3
59171,3
59172,3
59173,3
59174,3
59175,3
59176,4
59177,3
59178,4
59179,3
59180,2
59181,2
59182,2
59183,2
59184,2
59185,2
59186,2
59187,3
59188,3
59189,3
59190,2
59191,3
59192,2
59193,3
59194,3
59195,2
59196,3
59197,3
59198,2
59199,2
59200,3
59201,3
59202,3
59203,3
59204,3
59205,3
59206,2
59207,2
59208,3
59209,3
59210,3
59211,3
59212,3
59213,3
59214,3
59215,3
59216,3
59217,3
59218,3
59219,3
59220,3
59221,3
59222,3
59223,3
59224,3
59225,3
59226,3
59227,3
59228,2
59229,2
59230,3
59231,2
59232,3
59233,4
59234,3
59235,3
59236,3
59237,2
59238,3
59239,3
59240,3
59241,3
59242,3
59243,3
59244,2
59245,2
59246,2
59247,3
59248,1
59249,1
59250,1
59251,1
59252,1
59253,1
59254,3
59255,3
59256,3
59257,3
59258,3
59259,3
59260,3
59261,3
59262,2
59263,3
59264,3
59265,3
59266,3
59267,1
59268,3
59269,1
59270,3
59271,3
59272,3
59273,1
59274,3
59275,1
59276,1
59277,3
59278,3
59279,3
59280,3
59281,3
59282,3
59283,3
59284,3
59285,3
59286,3
59287,3
59288,3
59289,3
59290,3
59291,3
59292,3
59293,3
59294,3
59295,3
59296,3
59297,3
59298,3
59299,3
59300,3
59301,2
59302,3
59303,3
59304,3
59305,3
59306,3
59307,3
59308,3
59309,2
59310,3
59311,3
59312,3
59313,3
59314,3
59315,3
59316,3
59317,3
59318,3
59319,2
59320,3
59321,3
59322,3
59323,3
59324,3
59325,3
59326,2
59327,3
59328,3
59329,3
59330,3
59331,3
59332,3
59333,2
59334,3
59335,2
59336,2
59337,2
59338,3
59339,2
59340,3
59341,3
59342,3
59343,1
59344,3
59345,3
59346,1
59347,1
59348,3
59349,3
59350,3
59351,3
59352,3
59353,3
59354,3
59355,3
59356,3
59357,3
59358,3
59359,3
59360,3
59361,3
59362,3
59363,2
59364,3
59365,3
59366,3
59367,3
59368,3
59369,3
59370,3
59371,3
59372,3
59373,3
59374,3
59375,2
59376,3
59377,3
59378,3
59379,3
59380,3
59381,3
59382,3
59383,3
59384,3
59385,1
59386,3
59387,1
59388,1
59389,1
59390,1
59391,1
59392,3
59393,3
59394,1
59395,1
59396,1
59397,1
59398,1
59399,1
59400,2
59401,1
59402,1
59403,1
59404,1
59405,1
59406,1
59407,1
59408,1
59409,3
59410,1
59411,1
59412,3
59413,3
59414,3
59415,3
59416,3
59417,3
59418,3
59419,3
59420,3
59421,3
59422,3
59423,1
59424,1
59425,1
59426,1
59427,3
59428,1
59429,1
59430,1
59431,1
59432,1
59433,1
59434,3
59435,1
59436,1
59437,3
59438,3
59439,1
59440,1
59441,1
59442,3
59443,3
59444,3
59445,3
59446,3
59447,3
59448,3
59449,3
59450,2
59451,1
59452,1
59453,3
59454,1
59455,1
59456,1
59457,3
59458,3
59459,3
59460,3
59461,3
59462,3
59463,3
59464,3
59465,3
59466,3
59467,1
59468,1
59469,3
59470,3
59471,1
59472,1
59473,3
59474,1
59475,1
59476,1
59477,3
59478,3
59479,3
59480,3
59481,3
59482,3
59483,3
59484,3
59485,3
59486,3
59487,3
59488,3
59489,3
59490,3
59491,3
59492,3
59493,3
59494,3
59495,3
59496,3
59497,3
59498,3
59499,3
59500,3
59501,3
59502,3
59503,3
59504,3
59505,3
59506,3
59507,3
59508,3
59509,3
59510,3
59511,3
59512,3
59513,3
59514,3
59515,3
59516,2
59517,3
59518,3
59519,3
59520,3
59521,3
59522,3
59523,3
59524,3
59525,3
59526,3
59527,3
59528,3
59529,3
59530,3
59531,3
59532,3
59533,2
59534,3
59535,3
59536,3
59537,3
59538,3
59539,3
59540,3
59541,3
59542,3
59543,3
59544,3
59545,3
59546,3
59547,3
59548,3
59549,3
59550,1
59551,3
59552,3
59553,3
59554,3
59555,3
59556,3
59557,3
59558,3
59559,3
59560,3
59561,2
59562,3
59563,2
59564,2
59565,3
59566,3
59567,3
59568,3
59569,3
59570,2
59571,2
59572,3
59573,3
59574,3
59575,3
59576,3
59577,3
59578,3
59579,3
59580,3
59581,3
59582,2
59583,3
59584,3
59585,3
59586,3
59587,2
59588,3
59589,3
59590,3
59591,3
59592,3
59593,3
59594,2
59595,3
59596,3
59597,3
59598,3
59599,3
59600,3
59601,3
59602,3
59603,3
59604,3
59605,3
59606,3
59607,2
59608,3
59609,3
59610,1
59611,3
59612,3
59613,3
59614,1
59615,1
59616,1
59617,1
59618,1
59619,1
59620,1
59621,2
59622,3
59623,2
59624,3
59625,1
59626,3
59627,1
59628,3
59629,3
59630,1
59631,1
59632,1
59633,1
59634,2
59635,2
59636,3
59637,2
59638,2
59639,2
59640,0
59641,3
59642,2
59643,2
59644,3
59645,2
59646,3
59647,3
59648,3
59649,3
59650,0
59651,0
59652,0
59653,0
59654,0
59655,0
59656,0
59657,0
59658,0
59659,0
59660,0
59661,0
59662,2
59663,0
59664,0
59665,0
59666,0
59667,3
59668,3
59669,3
59670,3
59671,3
59672,3
59673,3
59674,3
59675,3
59676,2
59677,3
59678,3
59679,2
59680,2
59681,2
59682,2
59683,2
59684,2
59685,2
59686,2
59687,2
59688,2
59689,2
59690,2
59691,2
59692,2
59693,2
59694,3
59695,2
59696,2
59697,2
59698,2
59699,2
59700,2
59701,2
59702,2
59703,2
59704,2
59705,2
59706,2
59707,2
59708,2
59709,2
59710,2
59711,2
59712,2
59713,0
59714,0
59715,0
59716,3
59717,2
59718,2
59719,0
59720,3
59721,3
59722,3
59723,2
59724,2
59725,3
59726,2
59727,2
59728,2
59729,3
59730,2
59731,3
59732,3
59733,3
59734,1
59735,1
59736,1
59737,1
59738,1
59739,2
59740,1
59741,2
59742,2
59743,2
59744,2
59745,3
59746,3
59747,3
59748,3
59749,2
59750,2
59751,2
59752,2
59753,2
59754,2
59755,2
59756,2
59757,2
59758,2
59759,2
59760,2
59761,2
59762,3
59763,2
59764,2
59765,2
59766,2
59767,2
59768,2
59769,2
59770,2
59771,2
59772,2
59773,2
59774,2
59775,2
59776,2
59777,2
59778,2
59779,2
59780,2
59781,2
59782,3
59783,2
59784,2
59785,2
59786,2
59787,2
59788,3
59789,2
59790,2
59791,3
59792,3
59793,2
59794,2
59795,3
59796,3
59797,3
59798,2
59799,3
59800,3
59801,3
59802,2
59803,2
59804,3
59805,3
59806,3
59807,3
59808,2
59809,2
59810,3
59811,2
59812,2
59813,2
59814,2
59815,2
59816,2
59817,2
59818,2
59819,2
59820,2
59821,2
59822,2
59823,2
59824,2
59825,1
59826,3
59827,2
59828,1
59829,3
59830,2
59831,2
59832,3
59833,3
59834,3
59835,3
59836,3
59837,3
59838,3
59839,4
59840,3
59841,3
59842,0
59843,0
59844,0
59845,0
59846,0
59847,2
59848,3
59849,3
59850,3
59851,3
59852,2
59853,2
59854,3
59855,3
59856,2
59857,3
59858,2
59859,2
59860,2
59861,3
59862,2
59863,2
59864,2
59865,3
59866,3
59867,3
59868,3
59869,3
59870,3
59871,3
59872,2
59873,3
59874,3
59875,3
59876,3
59877,3
59878,2
59879,3
59880,3
59881,2
59882,2
59883,2
59884,2
59885,2
59886,2
59887,3
59888,2
59889,2
59890,3
59891,3
59892,2
59893,2
59894,2
59895,3
59896,2
59897,3
59898,3
59899,2
59900,3
59901,2
59902,3
59903,2
59904,2
59905,2
59906,2
59907,2
59908,2
59909,2
59910,1
59911,1
59912,2
59913,1
59914,2
59915,1
59916,1
59917,1
59918,2
59919,2
59920,2
59921,2
59922,2
59923,2
59924,2
59925,2
59926,2
59927,2
59928,2
59929,2
59930,2
59931,3
59932,0
59933,2
59934,2
59935,2
59936,2
59937,2
59938,2
59939,2
59940,2
59941,2
59942,2
59943,2
59944,2
59945,2
59946,2
59947,2
59948,2
59949,2
59950,2
59951,2
59952,2
59953,2
59954,2
59955,3
59956,2
59957,2
59958,2
59959,2
59960,2
59961,2
59962,0
59963,2
59964,2
59965,2
59966,3
59967,3
59968,2
59969,2
59970,2
59971,3
59972,2
59973,2
59974,2
59975,3
59976,2
59977,2
59978,2
59979,2
59980,2
59981,2
59982,3
59983,2
59984,2
59985,2
59986,2
59987,0
59988,2
59989,2
59990,2
59991,2
59992,2
59993,2
59994,2
59995,2
59996,2
59997,2
59998,2
59999,3
60000,3
60001,0
60002,0
60003,2
60004,0
60005,0
60006,0
60007,3
60008,3
60009,2
60010,4
60011,2
60012,3
60013,2
60014,3
60015,0
60016,3
60017,3
60018,2
60019,0
60020,0
60021,0
60022,3
60023,2
60024,3
60025,3
60026,2
60027,3
60028,2
60029,3
60030,2
60031,2
60032,3
60033,3
60034,2
60035,3
60036,3
60037,2
60038,2
60039,2
60040,2
60041,2
60042,2
60043,2
60044,1
60045,1
60046,2
60047,1
60048,3
60049,2
60050,1
60051,1
60052,1
60053,2
60054,2
60055,2
60056,2
60057,2
60058,2
60059,2
60060,2
60061,2
60062,2
60063,2
60064,2
60065,2
60066,2
60067,2
60068,2
60069,2
60070,2
60071,2
60072,2
60073,2
60074,2
60075,2
60076,2
60077,2
60078,2
60079,2
60080,2
60081,2
60082,2
60083,2
60084,2
60085,2
60086,2
60087,3
60088,2
60089,3
60090,2
60091,2
60092,2
60093,2
60094,2
60095,2
60096,2
60097,2
60098,2
60099,2
60100,2
60101,2
60102,3
60103,2
60104,2
60105,2
60106,2
60107,2
60108,2
60109,2
60110,3
60111,2
60112,2
60113,2
60114,0
60115,2
60116,1
60117,2
60118,2
60119,2
60120,2
60121,2
60122,2
60123,2
60124,2
60125,2
60126,2
60127,2
60128,2
60129,2
60130,2
60131,2
60132,2
60133,2
60134,2
60135,2
60136,2
60137,2
60138,2
60139,3
60140,2
60141,3
60142,2
60143,2
60144,2
60145,2
60146,3
60147,2
60148,2
60149,2
60150,2
60151,2
60152,2
60153,2
60154,2
60155,2
60156,3
60157,2
60158,2
60159,2
60160,2
60161,2
60162,2
60163,2
60164,2
60165,2
60166,2
60167,2
60168,2
60169,2
60170,2
60171,2
60172,2
60173,3
60174,2
60175,2
60176,2
60177,2
60178,2
60179,2
60180,2
60181,2
60182,2
60183,2
60184,2
60185,2
60186,2
60187,2
60188,2
60189,2
60190,2
60191,2
60192,2
60193,2
60194,2
60195,2
60196,2
60197,2
60198,2
60199,2
60200,2
60201,2
60202,2
60203,2
60204,2
60205,2
60206,2
60207,3
60208,2
60209,2
60210,2
60211,2
60212,2
60213,2
60214,2
60215,2
60216,2
60217,2
60218,2
60219,2
60220,2
60221,2
60222,3
60223,2
60224,2
60225,2
60226,2
60227,2
60228,3
60229,2
60230,2
60231,2
60232,3
60233,2
60234,3
60235,2
60236,2
60237,2
60238,2
60239,2
60240,2
60241,2
60242,2
60243,2
60244,2
60245,2
60246,2
60247,2
60248,2
60249,2
60250,2
60251,2
60252,2
60253,2
60254,2
60255,2
60256,2
60257,2
60258,2
60259,2
60260,2
60261,2
60262,2
60263,2
60264,2
60265,2
60266,2
60267,2
60268,2
60269,2
60270,2
60271,2
60272,0
60273,2
60274,2
60275,2
60276,2
60277,2
60278,2
60279,2
60280,2
60281,2
60282,2
60283,2
60284,2
60285,2
60286,2
60287,2
60288,2
60289,2
60290,2
60291,2
60292,2
60293,2
60294,3
60295,2
60296,2
60297,2
60298,2
60299,2
60300,2
60301,1
60302,2
60303,2
60304,2
60305,2
60306,2
60307,2
60308,2
60309,1
60310,3
60311,3
60312,3
60313,2
60314,2
60315,3
60316,0
60317,2
60318,2
60319,2
60320,2
60321,2
60322,2
60323,2
60324,2
60325,2
60326,2
60327,2
60328,2
60329,2
60330,2
60331,2
60332,2
60333,3
60334,1
60335,1
60336,2
60337,3
60338,2
60339,2
60340,2
60341,2
60342,2
60343,2
60344,2
60345,3
60346,2
60347,2
60348,2
60349,3
60350,2
60351,2
60352,2
60353,2
60354,3
60355,2
60356,2
60357,2
60358,2
60359,2
60360,2
60361,2
60362,2
60363,2
60364,2
60365,2
60366,2
60367,2
60368,2
60369,2
60370,2
60371,2
60372,2
60373,2
60374,2
60375,2
60376,2
60377,3
60378,2
60379,2
60380,2
60381,2
60382,2
60383,3
60384,1
60385,3
60386,3
60387,2
60388,2
60389,3
60390,2
60391,2
60392,2
60393,2
60394,2
60395,1
60396,2
60397,2
60398,1
60399,2
60400,1
60401,2
60402,3
60403,2
60404,2
60405,2
60406,1
60407,1
60408,1
60409,1
60410,3
60411,2
60412,2
60413,2
60414,3
60415,3
60416,2
60417,2
60418,2
60419,2
60420,1
60421,3
60422,2
60423,3
60424,3
60425,1
60426,3
60427,1
60428,0
60429,2
60430,2
60431,1
60432,1
60433,1
60434,2
60435,1
60436,2
60437,1
60438,2
60439,2
60440,1
60441,2
60442,1
60443,2
60444,3
60445,0
60446,2
60447,2
60448,3
60449,0
60450,3
60451,0
60452,0
60453,1
60454,3
60455,2
60456,2
60457,3
60458,3
60459,2
60460,3
60461,3
60462,3
60463,3
60464,3
60465,2
60466,2
60467,2
60468,2
60469,1
60470,1
60471,1
60472,1
60473,2
60474,1
60475,2
60476,2
60477,2
60478,2
60479,2
60480,2
60481,2
60482,2
60483,2
60484,1
60485,1
60486,1
60487,2
60488,2
60489,2
60490,3
60491,1
60492,1
60493,1
60494,1
60495,3
60496,2
60497,2
60498,1
60499,2
60500,2
60501,2
60502,2
60503,2
60504,2
60505,2
60506,3
60507,3
60508,2
60509,2
60510,2
60511,2
60512,2
60513,2
60514,3
60515,2
60516,2
60517,2
60518,2
60519,2
60520,2
60521,2
60522,1
60523,2
60524,2
60525,2
60526,2
60527,2
60528,2
60529,3
60530,2
60531,2
60532,2
60533,2
60534,2
60535,1
60536,2
60537,2
60538,2
60539,2
60540,2
60541,2
60542,2
60543,2
60544,2
60545,2
60546,2
60547,2
60548,2
60549,2
60550,2
60551,2
60552,1
60553,2
60554,2
60555,2
60556,2
60557,2
60558,1
60559,2
60560,2
60561,2
60562,2
60563,2
60564,2
60565,2
60566,2
60567,2
60568,3
60569,2
60570,2
60571,2
60572,2
60573,2
60574,2
60575,2
60576,2
60577,1
60578,2
60579,2
60580,2
60581,2
60582,3
60583,2
60584,2
60585,2
60586,2
60587,2
60588,2
60589,2
60590,2
60591,2
60592,2
60593,2
60594,2
60595,2
60596,2
60597,2
60598,2
60599,2
60600,2
60601,2
60602,2
60603,2
60604,2
60605,2
60606,2
60607,2
60608,2
60609,2
60610,2
60611,2
60612,2
60613,2
60614,2
60615,2
60616,2
60617,2
60618,2
60619,2
60620,2
60621,2
60622,1
60623,1
60624,3
60625,2
60626,2
60627,2
60628,3
60629,2
60630,1
60631,1
60632,2
60633,2
60634,2
60635,2
60636,2
60637,2
60638,1
60639,2
60640,2
60641,2
60642,2
60643,1
60644,2
60645,2
60646,2
60647,2
60648,2
60649,1
60650,2
60651,1
60652,2
60653,2
60654,2
60655,3
60656,2
60657,2
60658,2
60659,2
60660,2
60661,2
60662,2
60663,2
60664,2
60665,2
60666,2
60667,2
60668,2
60669,2
60670,2
60671,1
60672,2
60673,1
60674,2
60675,3
60676,2
60677,2
60678,2
60679,2
60680,2
60681,2
60682,2
60683,2
60684,2
60685,2
60686,2
60687,4
60688,2
60689,2
60690,2
60691,2
60692,2
60693,1
60694,2
60695,2
60696,3
60697,2
60698,2
60699,2
60700,2
60701,2
60702,2
60703,2
60704,2
60705,2
60706,2
60707,2
60708,3
60709,2
60710,2
60711,2
60712,2
60713,2
60714,2
60715,2
60716,2
60717,2
60718,2
60719,2
60720,2
60721,2
60722,2
60723,2
60724,2
60725,3
60726,1
60727,2
60728,2
60729,2
60730,2
60731,2
60732,2
60733,2
60734,2
60735,3
60736,2
60737,2
60738,2
60739,2
60740,1
60741,1
60742,2
60743,1
60744,1
60745,1
60746,1
60747,1
60748,3
60749,1
60750,1
60751,1
60752,1
60753,1
60754,3
60755,3
60756,1
60757,1
60758,1
60759,1
60760,1
60761,1
60762,1
60763,1
60764,1
60765,1
60766,1
60767,1
60768,1
60769,1
60770,1
60771,1
60772,1
60773,1
60774,1
60775,1
60776,3
60777,2
60778,3
60779,3
60780,3
60781,3
60782,3
60783,3
60784,3
60785,4
60786,3
60787,3
60788,2
60789,3
60790,3
60791,3
60792,3
60793,3
60794,3
60795,3
60796,3
60797,3
60798,2
60799,2
60800,3
60801,3
60802,3
60803,3
60804,3
60805,3
60806,3
60807,3
60808,3
60809,3
60810,2
60811,3
60812,3
60813,3
60814,3
60815,2
60816,3
60817,3
60818,0
60819,0
60820,2
60821,3
60822,3
60823,3
60824,3
60825,2
60826,3
60827,3
60828,3
60829,2
60830,3
60831,3
60832,0
60833,3
60834,3
60835,3
60836,3
60837,3
60838,3
60839,3
60840,3
60841,0
60842,3
60843,3
60844,2
60845,3
60846,0
60847,3
60848,0
60849,3
60850,0
60851,0
60852,3
60853,0
60854,0
60855,0
60856,0
60857,0
60858,0
60859,0
60860,0
60861,0
60862,2
60863,0
60864,3
60865,2
60866,3
60867,3
60868,3
60869,3
60870,3
60871,3
60872,3
60873,2
60874,3
60875,3
60876,3
60877,3
60878,3
60879,3
60880,3
60881,3
60882,3
60883,3
60884,3
60885,3
60886,3
60887,3
60888,3
60889,3
60890,3
60891,3
60892,3
60893,2
60894,3
60895,3
60896,3
60897,2
60898,2
60899,3
60900,3
60901,2
60902,3
60903,3
60904,3
60905,2
60906,2
60907,3
60908,2
60909,3
60910,2
60911,3
60912,3
60913,3
60914,3
60915,3
60916,3
60917,3
60918,3
60919,3
60920,2
60921,3
60922,3
60923,3
60924,3
60925,3
60926,2
60927,3
60928,3
60929,3
60930,3
60931,3
60932,3
60933,2
60934,2
60935,2
60936,3
60937,3
60938,2
60939,3
60940,3
60941,3
60942,3
60943,3
60944,3
60945,3
60946,3
60947,3
60948,3
60949,3
60950,3
60951,3
60952,3
60953,3
60954,3
60955,2
60956,3
60957,3
60958,3
60959,3
60960,3
60961,2
60962,3
60963,3
60964,3
60965,3
60966,3
60967,3
60968,3
60969,3
60970,2
60971,0
60972,0
60973,0
60974,3
60975,0
60976,3
60977,3
60978,0
60979,0
60980,3
60981,0
60982,0
60983,2
60984,0
60985,0
60986,0
60987,3
60988,0
60989,0
60990,0
60991,0
60992,0
60993,3
60994,3
60995,3
60996,2
60997,3
60998,3
60999,3
61000,3
61001,3
61002,3
61003,3
61004,3
61005,3
61006,3
61007,3
61008,3
61009,3
61010,3
61011,2
61012,2
61013,2
61014,3
61015,3
61016,3
61017,2
61018,2
61019,2
61020,2
61021,2
61022,2
61023,2
61024,2
61025,2
61026,2
61027,2
61028,2
61029,2
61030,2
61031,2
61032,2
61033,3
61034,3
61035,2
61036,2
61037,3
61038,3
61039,3
61040,3
61041,3
61042,3
61043,3
61044,3
61045,3
61046,3
61047,3
61048,3
61049,3
61050,3
61051,3
61052,3
61053,3
61054,3
61055,3
61056,3
61057,3
61058,3
61059,3
61060,0
61061,3
61062,3
61063,3
61064,3
61065,3
61066,3
61067,3
61068,3
61069,3
61070,3
61071,3
61072,3
61073,3
61074,2
61075,3
61076,3
61077,3
61078,3
61079,3
61080,2
61081,0
61082,2
61083,3
61084,3
61085,3
61086,3
61087,3
61088,3
61089,0
61090,3
61091,3
61092,2
61093,3
61094,2
61095,3
61096,0
61097,0
61098,0
61099,0
61100,0
61101,0
61102,0
61103,0
61104,0
61105,0
61106,2
61107,2
61108,2
61109,2
61110,2
61111,0
61112,0
61113,0
61114,2
61115,2
61116,0
61117,0
61118,0
61119,0
61120,0
61121,0
61122,0
61123,0
61124,3
61125,3
61126,3
61127,3
61128,2
61129,3
61130,3
61131,2
61132,0
61133,0
61134,0
61135,0
61136,0
61137,2
61138,0
61139,0
61140,2
61141,0
61142,0
61143,2
61144,0
61145,0
61146,0
61147,2
61148,0
61149,0
61150,0
61151,0
61152,0
61153,0
61154,0
61155,0
61156,0
61157,0
61158,2
61159,0
61160,0
61161,0
61162,0
61163,0
61164,2
61165,0
61166,0
61167,2
61168,0
61169,0
61170,0
61171,0
61172,0
61173,0
61174,0
61175,0
61176,0
61177,0
61178,0
61179,0
61180,0
61181,0
61182,0
61183,0
61184,0
61185,0
61186,0
61187,0
61188,0
61189,0
61190,0
61191,0
61192,0
61193,2
61194,0
61195,0
61196,0
61197,0
61198,0
61199,0
61200,0
61201,0
61202,0
61203,0
61204,0
61205,0
61206,0
61207,0
61208,0
61209,3
61210,0
61211,0
61212,0
61213,0
61214,0
61215,0
61216,0
61217,2
61218,0
61219,0
61220,2
61221,3
61222,3
61223,3
61224,3
61225,2
61226,3
61227,2
61228,3
61229,3
61230,3
61231,3
61232,3
61233,3
61234,2
61235,3
61236,3
61237,3
61238,3
61239,3
61240,3
61241,3
61242,3
61243,3
61244,3
61245,3
61246,3
61247,3
61248,0
61249,0
61250,0
61251,0
61252,0
61253,0
61254,0
61255,0
61256,0
61257,0
61258,0
61259,0
61260,0
61261,0
61262,0
61263,2
61264,0
61265,0
61266,2
61267,0
61268,0
61269,0
61270,3
61271,2
61272,3
61273,0
61274,0
61275,0
61276,0
61277,0
61278,0
61279,2
61280,2
61281,0
61282,0
61283,0
61284,0
61285,2
61286,0
61287,0
61288,2
61289,2
61290,0
61291,0
61292,0
61293,0
61294,0
61295,0
61296,2
61297,0
61298,0
61299,0
61300,0
61301,0
61302,0
61303,0
61304,0
61305,2
61306,0
61307,0
61308,0
61309,2
61310,0
61311,0
61312,0
61313,0
61314,0
61315,0
61316,0
61317,0
61318,2
61319,0
61320,0
61321,0
61322,2
61323,0
61324,2
61325,0
61326,0
61327,0
61328,0
61329,2
61330,0
61331,0
61332,0
61333,0
61334,0
61335,0
61336,0
61337,0
61338,2
61339,0
61340,0
61341,0
61342,2
61343,0
61344,0
61345,0
61346,0
61347,2
61348,0
61349,0
61350,0
61351,0
61352,2
61353,0
61354,0
61355,0
61356,0
61357,0
61358,0
61359,0
61360,0
61361,0
61362,0
61363,0
61364,0
61365,0
61366,0
61367,0
61368,2
61369,0
61370,0
61371,0
61372,0
61373,0
61374,0
61375,2
61376,0
61377,0
61378,0
61379,0
61380,0
61381,0
61382,0
61383,0
61384,0
61385,0
61386,0
61387,0
61388,0
61389,3
61390,0
61391,0
61392,0
61393,0
61394,2
61395,0
61396,0
61397,0
61398,0
61399,0
61400,2
61401,0
61402,2
61403,0
61404,2
61405,0
61406,0
61407,0
61408,0
61409,0
61410,0
61411,0
61412,0
61413,0
61414,0
61415,0
61416,0
61417,0
61418,0
61419,0
61420,0
61421,0
61422,0
61423,0
61424,0
61425,0
61426,0
61427,0
61428,0
61429,2
61430,0
61431,0
61432,0
61433,0
61434,0
61435,2
61436,0
61437,0
61438,2
61439,0
61440,3
61441,2
61442,3
61443,3
61444,3
61445,3
61446,3
61447,3
61448,3
61449,3
61450,3
61451,3
61452,3
61453,2
61454,3
61455,2
61456,3
61457,2
61458,3
61459,3
61460,3
61461,0
61462,0
61463,2
61464,0
61465,0
61466,0
61467,2
61468,2
61469,0
61470,0
61471,0
61472,0
61473,0
61474,2
61475,0
61476,2
61477,0
61478,2
61479,0
61480,0
61481,0
61482,0
61483,0
61484,0
61485,0
61486,0
61487,0
61488,0
61489,2
61490,2
61491,0
61492,0
61493,0
61494,2
61495,2
61496,0
61497,2
61498,2
61499,2
61500,3
61501,0
61502,0
61503,0
61504,0
61505,0
61506,0
61507,2
61508,0
61509,0
61510,2
61511,0
61512,0
61513,0
61514,0
61515,2
61516,3
61517,3
61518,2
61519,3
61520,3
61521,0
61522,2
61523,0
61524,0
61525,2
61526,2
61527,0
61528,0
61529,0
61530,0
61531,3
61532,3
61533,3
61534,3
61535,3
61536,3
61537,3
61538,3
61539,3
61540,3
61541,3
61542,3
61543,3
61544,3
61545,3
61546,3
61547,3
61548,3
61549,3
61550,1
61551,3
61552,3
61553,2
61554,0
61555,3
61556,3
61557,3
61558,3
61559,3
61560,3
61561,3
61562,0
61563,0
61564,2
61565,0
61566,0
61567,0
61568,0
61569,0
61570,0
61571,2
61572,2
61573,0
61574,2
61575,0
61576,0
61577,0
61578,0
61579,0
61580,0
61581,0
61582,2
61583,0
61584,0
61585,0
61586,0
61587,0
61588,0
61589,0
61590,0
61591,0
61592,0
61593,0
61594,0
61595,0
61596,0
61597,0
61598,0
61599,0
61600,2
61601,0
61602,0
61603,0
61604,0
61605,0
61606,2
61607,0
61608,0
61609,0
61610,0
61611,0
61612,2
61613,0
61614,0
61615,0
61616,0
61617,0
61618,3
61619,2
61620,2
61621,2
61622,3
61623,2
61624,2
61625,0
61626,0
61627,0
61628,0
61629,0
61630,2
61631,0
61632,0
61633,0
61634,0
61635,0
61636,2
61637,2
61638,0
61639,3
61640,0
61641,0
61642,2
61643,2
61644,0
61645,3
61646,0
61647,0
61648,0
61649,0
61650,2
61651,0
61652,0
61653,0
61654,0
61655,0
61656,0
61657,0
61658,0
61659,0
61660,0
61661,0
61662,2
61663,2
61664,2
61665,2
61666,2
61667,2
61668,3
61669,2
61670,2
61671,3
61672,3
61673,2
61674,2
61675,3
61676,2
61677,2
61678,2
61679,2
61680,2
61681,2
61682,2
61683,3
61684,3
61685,3
61686,0
61687,3
61688,3
61689,3
61690,1
61691,1
61692,2
61693,1
61694,0
61695,1
61696,3
61697,3
61698,3
61699,3
61700,3
61701,3
61702,2
61703,3
61704,3
61705,3
61706,3
61707,2
61708,3
61709,3
61710,3
61711,3
61712,2
61713,3
61714,3
61715,2
61716,1
61717,3
61718,1
61719,1
61720,2
61721,2
61722,2
61723,2
61724,2
61725,2
61726,2
61727,3
61728,3
61729,3
61730,3
61731,3
61732,3
61733,2
61734,2
61735,3
61736,3
61737,3
61738,3
61739,3
61740,3
61741,3
61742,3
61743,3
61744,3
61745,3
61746,3
61747,2
61748,3
61749,2
61750,2
61751,2
61752,2
61753,3
61754,3
61755,2
61756,3
61757,3
61758,2
61759,2
61760,2
61761,2
61762,2
61763,2
61764,2
61765,2
61766,3
61767,3
61768,2
61769,2
61770,2
61771,2
61772,2
61773,3
61774,2
61775,3
61776,3
61777,3
61778,3
61779,3
61780,2
61781,2
61782,3
61783,1
61784,1
61785,3
61786,1
61787,2
61788,3
61789,2
61790,2
61791,2
61792,2
61793,2
61794,2
61795,2
61796,2
61797,3
61798,3
61799,2
61800,3
61801,2
61802,2
61803,2
61804,2
61805,3
61806,2
61807,2
61808,2
61809,2
61810,2
61811,2
61812,2
61813,2
61814,2
61815,2
61816,2
61817,2
61818,2
61819,3
61820,2
61821,2
61822,2
61823,2
61824,2
61825,2
61826,2
61827,2
61828,3
61829,2
61830,2
61831,3
61832,2
61833,3
61834,3
61835,3
61836,2
61837,2
61838,2
61839,2
61840,2
61841,2
61842,2
61843,2
61844,2
61845,2
61846,3
61847,2
61848,2
61849,3
61850,3
61851,3
61852,3
61853,2
61854,3
61855,2
61856,2
61857,2
61858,2
61859,2
61860,0
61861,3
61862,3
61863,0
61864,2
61865,3
61866,0
61867,3
61868,3
61869,2
61870,2
61871,2
61872,2
61873,2
61874,2
61875,2
61876,2
61877,2
61878,2
61879,2
61880,2
61881,2
61882,2
61883,2
61884,2
61885,2
61886,2
61887,2
61888,2
61889,2
61890,3
61891,3
61892,2
61893,2
61894,2
61895,2
61896,2
61897,2
61898,2
61899,2
61900,3
61901,3
61902,3
61903,3
61904,3
61905,0
61906,0
61907,2
61908,2
61909,3
61910,0
61911,0
61912,0
61913,0
61914,0
61915,3
61916,3
61917,2
61918,3
61919,1
61920,3
61921,3
61922,2
61923,2
61924,2
61925,2
61926,3
61927,2
61928,2
61929,2
61930,2
61931,2
61932,2
61933,2
61934,2
61935,2
61936,2
61937,2
61938,2
61939,2
61940,2
61941,2
61942,2
61943,3
61944,2
61945,3
61946,2
61947,2
61948,2
61949,2
61950,3
61951,2
61952,2
61953,2
61954,2
61955,3
61956,3
61957,2
61958,3
61959,3
61960,0
61961,0
61962,2
61963,2
61964,2
61965,2
61966,2
61967,2
61968,3
61969,3
61970,2
61971,2
61972,3
61973,2
61974,2
61975,2
61976,2
61977,2
61978,3
61979,3
61980,3
61981,3
61982,2
61983,2
61984,2
61985,2
61986,2
61987,2
61988,2
61989,2
61990,2
61991,3
61992,3
61993,2
61994,3
61995,3
61996,2
61997,2
61998,1
61999,2
62000,2
62001,2
62002,2
62003,3
62004,2
62005,2
62006,1
62007,2
62008,2
62009,2
62010,3
62011,3
62012,2
62013,2
62014,3
62015,2
62016,2
62017,2
62018,2
62019,2
62020,2
62021,3
62022,2
62023,3
62024,2
62025,2
62026,2
62027,2
62028,2
62029,2
62030,2
62031,3
62032,2
62033,2
62034,2
62035,2
62036,2
62037,2
62038,2
62039,2
62040,2
62041,2
62042,2
62043,3
62044,3
62045,2
62046,0
62047,3
62048,0
62049,1
62050,3
62051,3
62052,2
62053,3
62054,2
62055,3
62056,2
62057,2
62058,2
62059,2
62060,3
62061,3
62062,0
62063,2
62064,3
62065,0
62066,0
62067,2
62068,2
62069,2
62070,2
62071,1
62072,2
62073,2
62074,2
62075,2
62076,3
62077,3
62078,3
62079,3
62080,3
62081,3
62082,3
62083,2
62084,2
62085,2
62086,3
62087,3
62088,2
62089,3
62090,0
62091,3
62092,2
62093,0
62094,3
62095,2
62096,0
62097,2
62098,0
62099,0
62100,0
62101,2
62102,2
62103,2
62104,2
62105,3
62106,2
62107,2
62108,3
62109,2
62110,2
62111,2
62112,2
62113,2
62114,2
62115,2
62116,2
62117,3
62118,2
62119,2
62120,2
62121,2
62122,2
62123,3
62124,3
62125,2
62126,2
62127,3
62128,2
62129,2
62130,3
62131,3
62132,2
62133,3
62134,3
62135,2
62136,2
62137,3
62138,3
62139,2
62140,2
62141,3
62142,3
62143,3
62144,3
62145,3
62146,3
62147,2
62148,3
62149,3
62150,2
62151,3
62152,3
62153,3
62154,3
62155,3
62156,2
62157,3
62158,0
62159,3
62160,3
62161,3
62162,2
62163,3
62164,3
62165,2
62166,2
62167,3
62168,3
62169,2
62170,3
62171,3
62172,3
62173,0
62174,3
62175,3
62176,3
62177,3
62178,3
62179,3
62180,3
62181,3
62182,2
62183,3
62184,3
62185,2
62186,0
62187,1
62188,1
62189,1
62190,1
62191,1
62192,1
62193,1
62194,1
62195,1
62196,1
62197,1
62198,1
62199,1
62200,3
62201,3
62202,3
62203,3
62204,3
62205,3
62206,3
62207,3
62208,3
62209,3
62210,3
62211,3
62212,3
62213,3
62214,3
62215,3
62216,0
62217,0
62218,0
62219,3
62220,3
62221,3
62222,3
62223,3
62224,3
62225,2
62226,3
62227,3
62228,3
62229,3
62230,3
62231,2
62232,3
62233,3
62234,3
62235,3
62236,3
62237,3
62238,0
62239,0
62240,2
62241,3
62242,3
62243,3
62244,3
62245,3
62246,3
62247,3
62248,3
62249,2
62250,0
62251,0
62252,0
62253,2
62254,2
62255,3
62256,0
62257,2
62258,2
62259,3
62260,3
62261,2
62262,3
62263,3
62264,2
62265,2
62266,3
62267,3
62268,3
62269,0
62270,0
62271,3
62272,3
62273,3
62274,3
62275,3
62276,2
62277,2
62278,0
62279,2
62280,3
62281,3
62282,3
62283,2
62284,1
62285,1
62286,2
62287,1
62288,1
62289,1
62290,1
62291,1
62292,1
62293,1
62294,1
62295,1
62296,1
62297,1
62298,1
62299,1
62300,1
62301,1
62302,1
62303,2
62304,1
62305,1
62306,1
62307,1
62308,1
62309,1
62310,1
62311,1
62312,1
62313,1
62314,1
62315,1
62316,1
62317,1
62318,2
62319,2
62320,2
62321,2
62322,2
62323,3
62324,3
62325,0
62326,1
62327,1
62328,2
62329,3
62330,3
62331,3
62332,2
62333,2
62334,2
62335,2
62336,2
62337,3
62338,2
62339,2
62340,2
62341,2
62342,2
62343,2
62344,3
62345,2
62346,2
62347,2
62348,2
62349,2
62350,3
62351,2
62352,3
62353,3
62354,1
62355,0
62356,3
62357,2
62358,2
62359,2
62360,2
62361,2
62362,3
62363,3
62364,2
62365,2
62366,3
62367,2
62368,2
62369,3
62370,4
62371,1
62372,1
62373,1
62374,1
62375,1
62376,1
62377,1
62378,2
62379,1
62380,1
62381,0
62382,2
62383,0
62384,1
62385,1
62386,1
62387,1
62388,1
62389,2
62390,2
62391,0
62392,0
62393,0
62394,2
62395,3
62396,3
62397,3
62398,2
62399,3
62400,0
62401,2
62402,2
62403,2
62404,2
62405,3
62406,2
62407,1
62408,1
62409,1
62410,1
62411,1
62412,1
62413,1
62414,1
62415,1
62416,1
62417,1
62418,1
62419,2
62420,2
62421,0
62422,0
62423,3
62424,2
62425,0
62426,0
62427,3
62428,2
62429,3
62430,0
62431,1
62432,2
62433,1
62434,1
62435,1
62436,1
62437,2
62438,1
62439,1
62440,1
62441,1
62442,1
62443,1
62444,1
62445,3
62446,3
62447,2
62448,2
62449,1
62450,1
62451,1
62452,3
62453,1
62454,3
62455,3
62456,3
62457,3
62458,1
62459,3
62460,3
62461,3
62462,4
62463,3
62464,3
62465,3
62466,3
62467,3
62468,3
62469,3
62470,3
62471,3
62472,3
62473,0
62474,0
62475,3
62476,2
62477,2
62478,2
62479,0
62480,0
62481,0
62482,3
62483,0
62484,3
62485,3
62486,3
62487,3
62488,3
62489,2
62490,2
62491,2
62492,2
62493,2
62494,2
62495,3
62496,3
62497,3
62498,2
62499,2
62500,2
62501,3
62502,3
62503,2
62504,3
62505,3
62506,2
62507,2
62508,2
62509,2
62510,3
62511,2
62512,1
62513,3
62514,1
62515,3
62516,3
62517,2
62518,3
62519,0
62520,3
62521,2
62522,3
62523,3
62524,2
62525,2
62526,2
62527,3
62528,3
62529,3
62530,1
62531,3
62532,3
62533,3
62534,3
62535,3
62536,3
62537,3
62538,3
62539,2
62540,3
62541,3
62542,3
62543,2
62544,1
62545,3
62546,3
62547,3
62548,2
62549,3
62550,3
62551,2
62552,2
62553,2
62554,3
62555,1
62556,1
62557,1
62558,1
62559,1
62560,0
62561,2
62562,3
62563,3
62564,3
62565,2
62566,3
62567,2
62568,1
62569,2
62570,3
62571,3
62572,3
62573,2
62574,2
62575,2
62576,2
62577,2
62578,2
62579,2
62580,2
62581,2
62582,2
62583,2
62584,2
62585,2
62586,2
62587,2
62588,2
62589,2
62590,2
62591,2
62592,2
62593,2
62594,0
62595,2
62596,2
62597,2
62598,2
62599,2
62600,2
62601,2
62602,2
62603,2
62604,3
62605,2
62606,2
62607,2
62608,3
62609,3
62610,3
62611,2
62612,3
62613,2
62614,2
62615,2
62616,2
62617,0
62618,2
62619,2
62620,2
62621,2
62622,3
62623,2
62624,2
62625,3
62626,3
62627,3
62628,2
62629,2
62630,4
62631,3
62632,1
62633,2
62634,3
62635,3
62636,3
62637,3
62638,3
62639,2
62640,2
62641,2
62642,3
62643,3
62644,2
62645,3
62646,3
62647,2
62648,2
62649,3
62650,3
62651,3
62652,2
62653,3
62654,3
62655,3
62656,0
62657,3
62658,3
62659,3
62660,3
62661,3
62662,0
62663,0
62664,0
62665,0
62666,0
62667,3
62668,0
62669,3
62670,3
62671,1
62672,0
62673,0
62674,0
62675,0
62676,0
62677,0
62678,2
62679,2
62680,0
62681,3
62682,3
62683,3
62684,3
62685,3
62686,3
62687,3
62688,3
62689,3
62690,2
62691,3
62692,3
62693,0
62694,3
62695,3
62696,2
62697,2
62698,3
62699,3
62700,3
62701,3
62702,3
62703,3
62704,3
62705,3
62706,3
62707,3
62708,3
62709,3
62710,3
62711,2
62712,3
62713,3
62714,2
62715,3
62716,2
62717,0
62718,2
62719,0
62720,1
62721,3
62722,3
62723,3
62724,3
62725,3
62726,3
62727,3
62728,3
62729,3
62730,3
62731,1
62732,1
62733,1
62734,1
62735,1
62736,2
62737,3
62738,3
62739,3
62740,3
62741,3
62742,3
62743,3
62744,0
62745,0
62746,0
62747,0
62748,3
62749,3
62750,3
62751,3
62752,1
62753,3
62754,3
62755,3
62756,0
62757,3
62758,3
62759,3
62760,2
62761,3
62762,3
62763,3
62764,3
62765,3
62766,3
62767,3
62768,3
62769,3
62770,1
62771,2
62772,2
62773,2
62774,3
62775,3
62776,3
62777,3
62778,3
62779,3
62780,3
62781,3
62782,3
62783,3
62784,3
62785,2
62786,2
62787,2
62788,0
62789,0
62790,2
62791,0
62792,0
62793,0
62794,0
62795,0
62796,0
62797,0
62798,0
62799,0
62800,0
62801,0
62802,0
62803,0
62804,0
62805,3
62806,3
62807,3
62808,3
62809,3
62810,3
62811,2
62812,2
62813,3
62814,3
62815,2
62816,3
62817,3
62818,3
62819,3
62820,2
62821,3
62822,2
62823,3
62824,0
62825,0
62826,3
62827,3
62828,2
62829,3
62830,3
62831,3
62832,3
62833,3
62834,3
62835,3
62836,2
62837,3
62838,3
62839,3
62840,2
62841,0
62842,2
62843,0
62844,2
62845,0
62846,0
62847,0
62848,2
62849,3
62850,3
62851,2
62852,3
62853,3
62854,3
62855,3
62856,3
62857,3
62858,3
62859,3
62860,3
62861,0
62862,3
62863,3
62864,3
62865,3
62866,3
62867,3
62868,0
62869,3
62870,3
62871,3
62872,3
62873,3
62874,3
62875,0
62876,0
62877,3
62878,0
62879,2
62880,0
62881,0
62882,0
62883,3
62884,2
62885,0
62886,3
62887,0
62888,3
62889,3
62890,0
62891,3
62892,3
62893,3
62894,3
62895,3
62896,2
62897,3
62898,3
62899,3
62900,3
62901,3
62902,3
62903,3
62904,2
62905,3
62906,3
62907,3
62908,1
62909,3
62910,0
62911,3
62912,3
62913,0
62914,3
62915,3
62916,2
62917,0
62918,3
62919,3
62920,3
62921,2
62922,2
62923,3
62924,3
62925,2
62926,3
62927,2
62928,3
62929,2
62930,2
62931,2
62932,2
62933,2
62934,2
62935,3
62936,2
62937,2
62938,3
62939,2
62940,2
62941,2
62942,3
62943,0
62944,0
62945,0
62946,3
62947,3
62948,3
62949,3
62950,0
62951,3
62952,3
62953,3
62954,3
62955,3
62956,3
62957,3
62958,2
62959,3
62960,3
62961,3
62962,3
62963,3
62964,2
62965,2
62966,3
62967,3
62968,2
62969,2
62970,3
62971,2
62972,3
62973,3
62974,2
62975,2
62976,2
62977,3
62978,3
62979,3
62980,3
62981,3
62982,3
62983,3
62984,3
62985,3
62986,3
62987,3
62988,2
62989,3
62990,3
62991,3
62992,0
62993,3
62994,2
62995,2
62996,2
62997,2
62998,2
62999,2
63000,2
63001,2
63002,2
63003,2
63004,2
63005,2
63006,2
63007,2
63008,2
63009,3
63010,2
63011,2
63012,2
63013,2
63014,3
63015,2
63016,2
63017,3
63018,3
63019,2
63020,2
63021,2
63022,2
63023,0
63024,3
63025,3
63026,2
63027,2
63028,2
63029,2
63030,2
63031,2
63032,2
63033,2
63034,2
63035,2
63036,2
63037,2
63038,2
63039,2
63040,2
63041,2
63042,2
63043,2
63044,2
63045,2
63046,2
63047,2
63048,3
63049,2
63050,2
63051,2
63052,2
63053,2
63054,2
63055,2
63056,3
63057,2
63058,2
63059,2
63060,2
63061,2
63062,3
63063,2
63064,2
63065,2
63066,2
63067,2
63068,2
63069,2
63070,2
63071,3
63072,2
63073,2
63074,2
63075,2
63076,2
63077,2
63078,2
63079,2
63080,2
63081,2
63082,2
63083,3
63084,2
63085,2
63086,2
63087,2
63088,3
63089,2
63090,2
63091,2
63092,2
63093,2
63094,3
63095,2
63096,2
63097,2
63098,2
63099,3
63100,3
63101,2
63102,3
63103,1
63104,3
63105,2
63106,3
63107,2
63108,3
63109,2
63110,2
63111,2
63112,3
63113,2
63114,2
63115,2
63116,2
63117,2
63118,2
63119,2
63120,2
63121,2
63122,2
63123,2
63124,2
63125,2
63126,2
63127,2
63128,2
63129,2
63130,2
63131,2
63132,2
63133,2
63134,2
63135,0
63136,2
63137,2
63138,2
63139,2
63140,2
63141,2
63142,2
63143,2
63144,3
63145,1
63146,3
63147,3
63148,3
63149,0
63150,0
63151,2
63152,3
63153,2
63154,2
63155,2
63156,2
63157,2
63158,2
63159,2
63160,2
63161,0
63162,2
63163,2
63164,2
63165,2
63166,2
63167,0
63168,2
63169,2
63170,2
63171,2
63172,2
63173,3
63174,2
63175,2
63176,2
63177,3
63178,2
63179,2
63180,2
63181,2
63182,3
63183,2
63184,2
63185,2
63186,2
63187,2
63188,2
63189,2
63190,0
63191,2
63192,3
63193,2
63194,2
63195,3
63196,0
63197,2
63198,3
63199,2
63200,3
63201,2
63202,0
63203,3
63204,2
63205,2
63206,2
63207,2
63208,2
63209,2
63210,2
63211,2
63212,2
63213,2
63214,3
63215,2
63216,2
63217,3
63218,3
63219,3
63220,3
63221,3
63222,2
63223,3
63224,2
63225,2
63226,2
63227,3
63228,2
63229,3
63230,2
63231,2
63232,3
63233,2
63234,3
63235,3
63236,3
63237,2
63238,2
63239,2
63240,3
63241,3
63242,2
63243,3
63244,2
63245,2
63246,2
63247,2
63248,2
63249,2
63250,3
63251,2
63252,2
63253,2
63254,3
63255,2
63256,2
63257,2
63258,2
63259,2
63260,2
63261,3
63262,2
63263,2
63264,2
63265,2
63266,2
63267,2
63268,2
63269,2
63270,2
63271,2
63272,2
63273,2
63274,2
63275,2
63276,2
63277,2
63278,2
63279,2
63280,2
63281,2
63282,2
63283,2
63284,2
63285,2
63286,2
63287,2
63288,2
63289,2
63290,3
63291,2
63292,2
63293,2
63294,2
63295,3
63296,3
63297,2
63298,2
63299,2
63300,2
63301,2
63302,3
63303,2
63304,2
63305,2
63306,2
63307,2
63308,2
63309,2
63310,2
63311,2
63312,2
63313,2
63314,2
63315,2
63316,2
63317,2
63318,2
63319,2
63320,3
63321,2
63322,2
63323,2
63324,2
63325,2
63326,2
63327,2
63328,2
63329,2
63330,2
63331,2
63332,2
63333,3
63334,3
63335,2
63336,2
63337,2
63338,2
63339,2
63340,2
63341,3
63342,2
63343,2
63344,3
63345,2
63346,2
63347,2
63348,0
63349,2
63350,3
63351,2
63352,3
63353,2
63354,2
63355,2
63356,3
63357,2
63358,2
63359,2
63360,3
63361,2
63362,3
63363,2
63364,2
63365,3
63366,2
63367,2
63368,3
63369,3
63370,3
63371,2
63372,3
63373,3
63374,2
63375,2
63376,2
63377,3
63378,2
63379,2
63380,2
63381,2
63382,2
63383,2
63384,2
63385,3
63386,3
63387,3
63388,3
63389,2
63390,3
63391,2
63392,3
63393,3
63394,3
63395,3
63396,1
63397,3
63398,3
63399,3
63400,3
63401,3
63402,3
63403,3
63404,3
63405,3
63406,3
63407,3
63408,3
63409,2
63410,3
63411,3
63412,0
63413,3
63414,2
63415,3
63416,3
63417,2
63418,2
63419,2
63420,2
63421,2
63422,2
63423,2
63424,2
63425,2
63426,2
63427,2
63428,2
63429,2
63430,2
63431,2
63432,2
63433,2
63434,2
63435,2
63436,3
63437,3
63438,3
63439,2
63440,3
63441,2
63442,2
63443,3
63444,1
63445,1
63446,3
63447,2
63448,2
63449,3
63450,2
63451,2
63452,2
63453,2
63454,2
63455,2
63456,2
63457,2
63458,2
63459,2
63460,2
63461,2
63462,3
63463,2
63464,2
63465,2
63466,3
63467,2
63468,2
63469,2
63470,3
63471,2
63472,3
63473,2
63474,2
63475,2
63476,2
63477,2
63478,2
63479,2
63480,3
63481,2
63482,2
63483,2
63484,3
63485,2
63486,3
63487,3
63488,2
63489,2
63490,2
63491,2
63492,2
63493,2
63494,2
63495,2
63496,2
63497,2
63498,2
63499,2
63500,2
63501,2
63502,2
63503,2
63504,2
63505,2
63506,2
63507,3
63508,3
63509,3
63510,3
63511,3
63512,2
63513,0
63514,3
63515,2
63516,2
63517,2
63518,2
63519,2
63520,2
63521,2
63522,2
63523,2
63524,2
63525,2
63526,2
63527,3
63528,3
63529,3
63530,0
63531,2
63532,3
63533,2
63534,2
63535,2
63536,2
63537,2
63538,2
63539,2
63540,2
63541,2
63542,2
63543,2
63544,2
63545,0
63546,2
63547,2
63548,2
63549,2
63550,2
63551,0
63552,2
63553,2
63554,2
63555,2
63556,2
63557,2
63558,2
63559,3
63560,0
63561,0
63562,2
63563,2
63564,2
63565,2
63566,2
63567,2
63568,2
63569,3
63570,2
63571,2
63572,2
63573,2
63574,2
63575,2
63576,2
63577,2
63578,3
63579,3
63580,2
63581,3
63582,2
63583,2
63584,2
63585,2
63586,2
63587,2
63588,2
63589,2
63590,2
63591,2
63592,2
63593,2
63594,2
63595,2
63596,2
63597,2
63598,2
63599,2
63600,2
63601,2
63602,2
63603,2
63604,3
63605,2
63606,2
63607,2
63608,2
63609,2
63610,2
63611,2
63612,2
63613,2
63614,2
63615,2
63616,2
63617,2
63618,2
63619,2
63620,2
63621,2
63622,2
63623,2
63624,2
63625,2
63626,2
63627,2
63628,2
63629,2
63630,3
63631,2
63632,2
63633,2
63634,2
63635,2
63636,2
63637,2
63638,2
63639,2
63640,2
63641,2
63642,2
63643,2
63644,2
63645,2
63646,2
63647,2
63648,2
63649,2
63650,2
63651,2
63652,0
63653,2
63654,2
63655,2
63656,2
63657,2
63658,2
63659,2
63660,2
63661,2
63662,2
63663,2
63664,2
63665,2
63666,2
63667,2
63668,2
63669,2
63670,2
63671,2
63672,2
63673,2
63674,2
63675,0
63676,2
63677,2
63678,2
63679,2
63680,2
63681,2
63682,2
63683,2
63684,2
63685,2
63686,2
63687,2
63688,2
63689,2
63690,2
63691,2
63692,2
63693,2
63694,2
63695,3
63696,2
63697,2
63698,2
63699,2
63700,2
63701,2
63702,2
63703,2
63704,2
63705,2
63706,2
63707,2
63708,2
63709,2
63710,2
63711,2
63712,2
63713,2
63714,2
63715,2
63716,2
63717,2
63718,2
63719,2
63720,2
63721,2
63722,2
63723,2
63724,2
63725,2
63726,2
63727,2
63728,2
63729,2
63730,2
63731,0
63732,2
63733,2
63734,2
63735,2
63736,2
63737,3
63738,2
63739,2
63740,2
63741,2
63742,2
63743,2
63744,2
63745,2
63746,2
63747,2
63748,2
63749,2
63750,2
63751,2
63752,2
63753,2
63754,2
63755,2
63756,2
63757,2
63758,2
63759,2
63760,2
63761,2
63762,2
63763,2
63764,2
63765,2
63766,2
63767,0
63768,0
63769,2
63770,3
63771,1
63772,1
63773,3
63774,3
63775,3
63776,3
63777,2
63778,3
63779,3
63780,3
63781,2
63782,2
63783,3
63784,2
63785,3
63786,2
63787,2
63788,2
63789,2
63790,2
63791,2
63792,2
63793,2
63794,2
63795,2
63796,2
63797,2
63798,2
63799,2
63800,2
63801,3
63802,3
63803,0
63804,2
63805,2
63806,2
63807,2
63808,3
63809,3
63810,3
63811,2
63812,2
63813,2
63814,3
63815,3
63816,3
63817,0
63818,3
63819,2
63820,2
63821,2
63822,3
63823,2
63824,2
63825,3
63826,3
63827,2
63828,2
63829,3
63830,2
63831,0
63832,3
63833,2
63834,2
63835,2
63836,2
63837,2
63838,3
63839,2
63840,2
63841,2
63842,2
63843,2
63844,2
63845,2
63846,2
63847,2
63848,2
63849,2
63850,2
63851,2
63852,2
63853,2
63854,2
63855,2
63856,2
63857,2
63858,2
63859,2
63860,2
63861,2
63862,2
63863,2
63864,2
63865,2
63866,2
63867,2
63868,2
63869,2
63870,2
63871,2
63872,2
63873,2
63874,2
63875,2
63876,2
63877,2
63878,2
63879,2
63880,2
63881,2
63882,2
63883,2
63884,2
63885,0
63886,2
63887,2
63888,2
63889,2
63890,2
63891,2
63892,2
63893,2
63894,2
63895,2
63896,2
63897,2
63898,2
63899,2
63900,2
63901,2
63902,2
63903,2
63904,2
63905,2
63906,2
63907,2
63908,2
63909,2
63910,2
63911,2
63912,2
63913,2
63914,2
63915,2
63916,2
63917,2
63918,2
63919,2
63920,2
63921,2
63922,2
63923,3
63924,3
63925,2
63926,2
63927,3
63928,2
63929,2
63930,2
63931,2
63932,2
63933,2
63934,2
63935,2
63936,2
63937,2
63938,2
63939,2
63940,3
63941,2
63942,2
63943,2
63944,2
63945,3
63946,2
63947,2
63948,2
63949,2
63950,2
63951,2
63952,2
63953,2
63954,2
63955,3
63956,2
63957,2
63958,2
63959,2
63960,2
63961,2
63962,2
63963,2
63964,3
63965,2
63966,2
63967,3
63968,3
63969,2
63970,0
63971,2
63972,2
63973,2
63974,2
63975,2
63976,2
63977,2
63978,2
63979,3
63980,2
63981,2
63982,2
63983,2
63984,2
63985,2
63986,2
63987,2
63988,2
63989,2
63990,2
63991,2
63992,2
63993,2
63994,2
63995,2
63996,2
63997,2
63998,2
63999,2
64000,2
64001,2
64002,0
64003,2
64004,2
64005,2
64006,2
64007,2
64008,2
64009,2
64010,2
64011,2
64012,2
64013,2
64014,2
64015,2
64016,2
64017,2
64018,2
64019,2
64020,2
64021,2
64022,2
64023,2
64024,2
64025,2
64026,2
64027,2
64028,2
64029,2
64030,2
64031,2
64032,2
64033,2
64034,2
64035,2
64036,2
64037,2
64038,2
64039,2
64040,2
64041,2
64042,2
64043,2
64044,2
64045,2
64046,2
64047,2
64048,2
64049,2
64050,2
64051,2
64052,2
64053,2
64054,2
64055,2
64056,2
64057,2
64058,2
64059,2
64060,3
64061,3
64062,0
64063,3
64064,3
64065,3
64066,3
64067,1
64068,3
64069,3
64070,1
64071,3
64072,2
64073,3
64074,2
64075,3
64076,2
64077,3
64078,2
64079,2
64080,3
64081,3
64082,2
64083,2
64084,2
64085,2
64086,2
64087,2
64088,2
64089,2
64090,2
64091,2
64092,2
64093,2
64094,2
64095,2
64096,2
64097,2
64098,2
64099,2
64100,2
64101,2
64102,2
64103,2
64104,2
64105,2
64106,2
64107,2
64108,2
64109,2
64110,2
64111,2
64112,2
64113,0
64114,2
64115,2
64116,2
64117,2
64118,2
64119,2
64120,2
64121,2
64122,2
64123,2
64124,2
64125,2
64126,2
64127,2
64128,2
64129,2
64130,2
64131,2
64132,2
64133,2
64134,2
64135,2
64136,2
64137,2
64138,3
64139,3
64140,2
64141,2
64142,2
64143,3
64144,2
64145,3
64146,3
64147,2
64148,3
64149,3
64150,0
64151,2
64152,2
64153,2
64154,2
64155,2
64156,2
64157,2
64158,2
64159,2
64160,3
64161,2
64162,2
64163,2
64164,2
64165,2
64166,2
64167,2
64168,2
64169,2
64170,2
64171,2
64172,2
64173,2
64174,2
64175,2
64176,2
64177,2
64178,2
64179,2
64180,2
64181,2
64182,2
64183,2
64184,2
64185,2
64186,2
64187,2
64188,2
64189,2
64190,2
64191,2
64192,2
64193,2
64194,2
64195,2
64196,2
64197,2
64198,2
64199,2
64200,2
64201,2
64202,2
64203,2
64204,2
64205,2
64206,2
64207,2
64208,2
64209,2
64210,2
64211,2
64212,2
64213,2
64214,2
64215,2
64216,2
64217,2
64218,2
64219,3
64220,2
64221,3
64222,3
64223,0
64224,2
64225,2
64226,2
64227,2
64228,2
64229,2
64230,2
64231,2
64232,2
64233,2
64234,2
64235,2
64236,2
64237,2
64238,2
64239,2
64240,2
64241,2
64242,2
64243,2
64244,2
64245,2
64246,2
64247,2
64248,2
64249,2
64250,2
64251,2
64252,2
64253,2
64254,3
64255,2
64256,2
64257,2
64258,2
64259,2
64260,2
64261,2
64262,2
64263,2
64264,2
64265,2
64266,2
64267,2
64268,2
64269,2
64270,2
64271,2
64272,2
64273,2
64274,2
64275,2
64276,2
64277,3
64278,2
64279,2
64280,2
64281,2
64282,2
64283,2
64284,0
64285,0
64286,2
64287,0
64288,2
64289,2
64290,2
64291,2
64292,2
64293,2
64294,2
64295,2
64296,2
64297,2
64298,2
64299,2
64300,2
64301,2
64302,2
64303,2
64304,2
64305,2
64306,2
64307,3
64308,2
64309,2
64310,2
64311,2
64312,2
64313,2
64314,2
64315,2
64316,2
64317,2
64318,2
64319,2
64320,2
64321,2
64322,2
64323,2
64324,2
64325,2
64326,2
64327,2
64328,2
64329,2
64330,2
64331,2
64332,2
64333,2
64334,2
64335,2
64336,2
64337,2
64338,0
64339,2
64340,2
64341,2
64342,2
64343,2
64344,2
64345,2
64346,2
64347,2
64348,2
64349,2
64350,2
64351,2
64352,0
64353,2
64354,2
64355,2
64356,2
64357,2
64358,2
64359,2
64360,2
64361,2
64362,2
64363,2
64364,2
64365,2
64366,2
64367,2
64368,2
64369,2
64370,2
64371,2
64372,2
64373,2
64374,2
64375,2
64376,2
64377,0
64378,2
64379,2
64380,2
64381,2
64382,2
64383,2
64384,2
64385,0
64386,2
64387,2
64388,2
64389,2
64390,2
64391,2
64392,2
64393,2
64394,2
64395,2
64396,2
64397,2
64398,2
64399,2
64400,2
64401,3
64402,2
64403,2
64404,2
64405,2
64406,3
64407,2
64408,3
64409,2
64410,2
64411,2
64412,2
64413,2
64414,2
64415,2
64416,2
64417,0
64418,2
64419,2
64420,2
64421,2
64422,2
64423,2
64424,2
64425,2
64426,2
64427,2
64428,2
64429,3
64430,2
64431,2
64432,0
64433,0
64434,0
64435,0
64436,0
64437,2
64438,0
64439,0
64440,2
64441,2
64442,2
64443,2
64444,2
64445,2
64446,2
64447,2
64448,2
64449,2
64450,2
64451,2
64452,2
64453,2
64454,2
64455,2
64456,3
64457,2
64458,2
64459,2
64460,2
64461,2
64462,2
64463,2
64464,2
64465,2
64466,2
64467,2
64468,2
64469,2
64470,2
64471,2
64472,2
64473,2
64474,2
64475,2
64476,2
64477,2
64478,2
64479,2
64480,2
64481,2
64482,2
64483,2
64484,2
64485,2
64486,2
64487,2
64488,2
64489,2
64490,2
64491,2
64492,2
64493,2
64494,2
64495,2
64496,2
64497,2
64498,2
64499,2
64500,2
64501,2
64502,2
64503,2
64504,2
64505,2
64506,2
64507,2
64508,2
64509,2
64510,2
64511,2
64512,2
64513,2
64514,2
64515,2
64516,2
64517,2
64518,2
64519,2
64520,2
64521,2
64522,2
64523,2
64524,2
64525,2
64526,2
64527,2
64528,2
64529,2
64530,2
64531,2
64532,2
64533,2
64534,2
64535,2
64536,2
64537,2
64538,2
64539,2
64540,2
64541,2
64542,2
64543,2
64544,2
64545,2
64546,2
64547,0
64548,2
64549,2
64550,1
64551,2
64552,2
64553,2
64554,2
64555,2
64556,2
64557,2
64558,2
64559,2
64560,2
64561,2
64562,2
64563,2
64564,2
64565,2
64566,2
64567,2
64568,2
64569,2
64570,2
64571,2
64572,2
64573,2
64574,2
64575,2
64576,2
64577,2
64578,2
64579,2
64580,2
64581,2
64582,2
64583,2
64584,2
64585,2
64586,2
64587,2
64588,2
64589,2
64590,2
64591,2
64592,2
64593,2
64594,2
64595,2
64596,2
64597,2
64598,2
64599,2
64600,2
64601,2
64602,2
64603,2
64604,2
64605,2
64606,2
64607,2
64608,2
64609,2
64610,2
64611,2
64612,2
64613,2
64614,2
64615,2
64616,2
64617,2
64618,2
64619,2
64620,2
64621,2
64622,2
64623,2
64624,2
64625,2
64626,2
64627,2
64628,2
64629,2
64630,2
64631,2
64632,2
64633,2
64634,2
64635,2
64636,2
64637,2
64638,2
64639,2
64640,2
64641,2
64642,2
64643,2
64644,2
64645,2
64646,2
64647,2
64648,2
64649,2
64650,2
64651,2
64652,2
64653,2
64654,2
64655,2
64656,2
64657,2
64658,2
64659,2
64660,2
64661,2
64662,2
64663,2
64664,2
64665,2
64666,2
64667,2
64668,2
64669,2
64670,2
64671,2
64672,2
64673,2
64674,2
64675,2
64676,2
64677,2
64678,2
64679,2
64680,2
64681,2
64682,2
64683,2
64684,2
64685,2
64686,2
64687,2
64688,2
64689,2
64690,2
64691,2
64692,2
64693,2
64694,2
64695,2
64696,2
64697,2
64698,2
64699,2
64700,2
64701,2
64702,2
64703,2
64704,2
64705,2
64706,2
64707,2
64708,2
64709,2
64710,3
64711,2
64712,2
64713,2
64714,2
64715,2
64716,3
64717,2
64718,2
64719,3
64720,2
64721,3
64722,3
64723,3
64724,2
64725,2
64726,2
64727,2
64728,2
64729,2
64730,0
64731,2
64732,2
64733,2
64734,2
64735,2
64736,2
64737,2
64738,2
64739,2
64740,2
64741,2
64742,2
64743,2
64744,2
64745,2
64746,2
64747,2
64748,2
64749,3
64750,2
64751,3
64752,2
64753,2
64754,2
64755,3
64756,2
64757,3
64758,3
64759,3
64760,3
64761,3
64762,3
64763,3
64764,3
64765,3
64766,3
64767,3
64768,3
64769,3
64770,3
64771,3
64772,3
64773,3
64774,3
64775,3
64776,3
64777,3
64778,3
64779,3
64780,3
64781,3
64782,3
64783,3
64784,3
64785,3
64786,3
64787,3
64788,3
64789,3
64790,3
64791,3
64792,3
64793,3
64794,3
64795,3
64796,3
64797,3
64798,3
64799,3
64800,3
64801,0
64802,0
64803,0
64804,3
64805,3
64806,3
64807,3
64808,3
64809,3
64810,3
64811,3
64812,3
64813,3
64814,3
64815,3
64816,3
64817,3
64818,2
64819,3
64820,2
64821,3
64822,3
64823,2
64824,3
64825,3
64826,2
64827,2
64828,3
64829,3
64830,2
64831,2
64832,3
64833,2
64834,3
64835,2
64836,3
64837,3
64838,2
64839,3
64840,3
64841,3
64842,3
64843,3
64844,3
64845,3
64846,3
64847,3
64848,3
64849,3
64850,3
64851,3
64852,3
64853,3
64854,3
64855,3
64856,3
64857,3
64858,3
64859,3
64860,3
64861,3
64862,3
64863,3
64864,3
64865,3
64866,3
64867,3
64868,3
64869,3
64870,3
64871,3
64872,3
64873,3
64874,3
64875,3
64876,3
64877,3
64878,3
64879,3
64880,3
64881,3
64882,3
64883,3
64884,3
64885,3
64886,3
64887,3
64888,3
64889,3
64890,3
64891,3
64892,3
64893,3
64894,3
64895,3
64896,3
64897,3
64898,3
64899,3
64900,3
64901,3
64902,3
64903,3
64904,3
64905,3
64906,2
64907,2
64908,3
64909,3
64910,3
64911,3
64912,2
64913,3
64914,2
64915,2
64916,3
64917,3
64918,3
64919,3
64920,3
64921,3
64922,3
64923,3
64924,3
64925,3
64926,3
64927,3
64928,3
64929,3
64930,3
64931,3
64932,3
64933,3
64934,3
64935,3
64936,3
64937,3
64938,3
64939,3
64940,3
64941,3
64942,3
64943,3
64944,3
64945,3
64946,3
64947,3
64948,3
64949,3
64950,3
64951,2
64952,3
64953,2
64954,3
64955,3
64956,3
64957,2
64958,3
64959,3
64960,3
64961,3
64962,3
64963,3
64964,3
64965,3
64966,2
64967,3
64968,3
64969,2
64970,3
64971,2
64972,2
64973,3
64974,2
64975,3
64976,3
64977,2
64978,2
64979,3
64980,0
64981,3
64982,2
64983,3
64984,3
64985,3
64986,3
64987,2
64988,3
64989,3
64990,3
64991,3
64992,3
64993,3
64994,3
64995,2
64996,3
64997,2
64998,3
64999,2
65000,2
65001,3
65002,3
65003,3
65004,2
65005,2
65006,3
65007,3
65008,3
65009,2
65010,3
65011,3
65012,3
65013,3
65014,2
65015,3
65016,3
65017,3
65018,3
65019,1
65020,3
65021,3
65022,3
65023,3
65024,3
65025,3
65026,3
65027,3
65028,3
65029,3
65030,3
65031,3
65032,3
65033,3
65034,3
65035,3
65036,3
65037,3
65038,3
65039,3
65040,2
65041,2
65042,3
65043,3
65044,3
65045,3
65046,3
65047,3
65048,3
65049,3
65050,3
65051,3
65052,3
65053,3
65054,2
65055,3
65056,3
65057,2
65058,3
65059,3
65060,3
65061,2
65062,3
65063,3
65064,3
65065,3
65066,3
65067,3
65068,3
65069,3
65070,3
65071,3
65072,3
65073,3
65074,3
65075,3
65076,2
65077,2
65078,2
65079,2
65080,3
65081,2
65082,3
65083,2
65084,3
65085,2
65086,3
65087,2
65088,2
65089,3
65090,3
65091,3
65092,3
65093,3
65094,2
65095,3
65096,2
65097,3
65098,3
65099,3
65100,2
65101,2
65102,3
65103,3
65104,3
65105,2
65106,3
65107,2
65108,2
65109,3
65110,3
65111,3
65112,2
65113,3
65114,2
65115,3
65116,2
65117,2
65118,2
65119,2
65120,3
65121,2
65122,3
65123,1
65124,3
65125,2
65126,3
65127,2
65128,2
65129,3
65130,3
65131,2
65132,2
65133,2
65134,2
65135,2
65136,3
65137,2
65138,3
65139,2
65140,3
65141,3
65142,2
65143,0
65144,3
65145,3
65146,2
65147,2
65148,3
65149,3
65150,3
65151,3
65152,3
65153,3
65154,3
65155,3
65156,3
65157,2
65158,3
65159,2
65160,2
65161,3
65162,3
65163,3
65164,3
65165,2
65166,3
65167,2
65168,2
65169,2
65170,2
65171,2
65172,3
65173,2
65174,3
65175,2
65176,2
65177,2
65178,2
65179,3
65180,3
65181,3
65182,2
65183,2
65184,3
65185,2
65186,3
65187,2
65188,3
65189,3
65190,3
65191,3
65192,2
65193,2
65194,2
65195,2
65196,2
65197,3
65198,3
65199,2
65200,2
65201,2
65202,2
65203,3
65204,3
65205,2
65206,3
65207,3
65208,3
65209,3
65210,2
65211,2
65212,2
65213,2
65214,3
65215,2
65216,2
65217,2
65218,3
65219,3
65220,2
65221,3
65222,2
65223,3
65224,3
65225,3
65226,2
65227,2
65228,3
65229,3
65230,2
65231,2
65232,3
65233,2
65234,2
65235,2
65236,2
65237,3
65238,3
65239,3
65240,3
65241,3
65242,3
65243,3
65244,3
65245,3
65246,3
65247,2
65248,3
65249,3
65250,2
65251,3
65252,2
65253,2
65254,1
65255,2
65256,2
65257,3
65258,3
65259,3
65260,3
65261,3
65262,3
65263,3
65264,3
65265,2
65266,3
65267,3
65268,3
65269,3
65270,2
65271,2
65272,3
65273,3
65274,3
65275,3
65276,3
65277,3
65278,2
65279,2
65280,2
65281,3
65282,3
65283,3
65284,3
65285,2
65286,2
65287,2
65288,2
65289,2
65290,2
65291,3
65292,2
65293,2
65294,3
65295,2
65296,3
65297,3
65298,2
65299,2
65300,2
65301,3
65302,3
65303,2
65304,2
65305,3
65306,3
65307,0
65308,3
65309,3
65310,2
65311,2
65312,3
65313,3
65314,2
65315,3
65316,2
65317,3
65318,2
65319,3
65320,3
65321,2
65322,3
65323,3
65324,3
65325,2
65326,3
65327,3
65328,3
65329,3
65330,3
65331,2
65332,3
65333,3
65334,3
65335,3
65336,3
65337,2
65338,3
65339,2
65340,3
65341,3
65342,3
65343,3
65344,3
65345,3
65346,3
65347,3
65348,3
65349,3
65350,3
65351,3
65352,3
65353,3
65354,3
65355,3
65356,3
65357,3
65358,3
65359,2
65360,3
65361,3
65362,3
65363,3
65364,3
65365,3
65366,3
65367,3
65368,3
65369,3
65370,3
65371,3
65372,3
65373,0
65374,2
65375,3
65376,3
65377,3
65378,3
65379,3
65380,2
65381,3
65382,1
65383,3
65384,1
65385,1
65386,1
65387,1
65388,1
65389,1
65390,3
65391,2
65392,2
65393,3
65394,3
65395,3
65396,2
65397,3
65398,2
65399,3
65400,3
65401,2
65402,3
65403,2
65404,3
65405,2
65406,3
65407,2
65408,3
65409,3
65410,3
65411,2
65412,3
65413,2
65414,2
65415,3
65416,2
65417,2
65418,3
65419,2
65420,2
65421,3
65422,3
65423,2
65424,3
65425,2
65426,2
65427,3
65428,3
65429,2
65430,2
65431,3
65432,2
65433,2
65434,2
65435,2
65436,2
65437,2
65438,2
65439,2
65440,3
65441,3
65442,2
65443,3
65444,3
65445,3
65446,2
65447,3
65448,3
65449,2
65450,3
65451,2
65452,3
65453,2
65454,3
65455,3
65456,3
65457,3
65458,2
65459,3
65460,3
65461,3
65462,2
65463,3
65464,2
65465,3
65466,3
65467,2
65468,3
65469,3
65470,3
65471,3
65472,3
65473,3
65474,3
65475,2
65476,2
65477,3
65478,2
65479,3
65480,2
65481,2
65482,3
65483,2
65484,3
65485,3
65486,3
65487,3
65488,3
65489,2
65490,3
65491,3
65492,3
65493,2
65494,3
65495,3
65496,3
65497,3
65498,3
65499,3
65500,3
65501,2
65502,3
65503,3
65504,3
65505,3
65506,3
65507,3
65508,3
65509,2
65510,2
65511,3
65512,3
65513,3
65514,2
65515,2
65516,2
65517,3
65518,0
65519,2
65520,3
65521,3
65522,3
65523,3
65524,3
65525,3
65526,3
65527,3
65528,3
65529,3
65530,3
65531,3
65532,3
65533,3
65534,3
65535,3
65536,3
65537,2
65538,2
65539,3
65540,3
65541,1
65542,3
65543,2
65544,3
65545,3
65546,3
65547,2
65548,3
65549,3
65550,3
65551,3
65552,3
65553,2
65554,3
65555,2
65556,3
65557,3
65558,2
65559,2
65560,3
65561,3
65562,3
65563,3
65564,3
65565,3
65566,3
65567,3
65568,3
65569,3
65570,3
65571,2
65572,3
65573,2
65574,3
65575,3
65576,2
65577,3
65578,3
65579,3
65580,3
65581,3
65582,2
65583,3
65584,3
65585,3
65586,3
65587,3
65588,3
65589,3
65590,3
65591,3
65592,3
65593,3
65594,2
65595,3
65596,3
65597,2
65598,3
65599,3
65600,3
65601,1
65602,1
65603,3
65604,3
65605,2
65606,3
65607,0
65608,3
65609,2
65610,3
65611,3
65612,3
65613,3
65614,3
65615,3
65616,3
65617,3
65618,2
65619,3
65620,3
65621,3
65622,3
65623,2
65624,3
65625,2
65626,3
65627,3
65628,3
65629,3
65630,2
65631,3
65632,2
65633,3
65634,3
65635,3
65636,3
65637,0
65638,3
65639,3
65640,0
65641,3
65642,3
65643,3
65644,2
65645,3
65646,3
65647,3
65648,3
65649,3
65650,3
65651,3
65652,3
65653,0
65654,2
65655,3
65656,3
65657,2
65658,3
65659,3
65660,3
65661,3
65662,3
65663,3
65664,3
65665,2
65666,3
65667,3
65668,3
65669,3
65670,2
65671,3
65672,2
65673,2
65674,3
65675,3
65676,2
65677,3
65678,3
65679,3
65680,2
65681,3
65682,3
65683,2
65684,2
65685,3
65686,3
65687,0
65688,3
65689,2
65690,0
65691,2
65692,3
65693,3
65694,2
65695,0
65696,3
65697,3
65698,3
65699,3
65700,3
65701,3
65702,3
65703,3
65704,3
65705,3
65706,3
65707,3
65708,3
65709,3
65710,2
65711,3
65712,3
65713,3
65714,3
65715,3
65716,0
65717,2
65718,0
65719,2
65720,3
65721,3
65722,3
65723,2
65724,3
65725,2
65726,3
65727,2
65728,0
65729,3
65730,3
65731,3
65732,3
65733,3
65734,2
65735,0
65736,3
65737,3
65738,3
65739,3
65740,3
65741,3
65742,3
65743,2
65744,2
65745,3
65746,3
65747,3
65748,0
65749,3
65750,3
65751,3
65752,3
65753,2
65754,3
65755,3
65756,2
65757,3
65758,2
65759,3
65760,3
65761,3
65762,1
65763,3
65764,3
65765,3
65766,3
65767,3
65768,3
65769,3
65770,3
65771,2
65772,3
65773,0
65774,2
65775,3
65776,3
65777,2
65778,2
65779,3
65780,3
65781,3
65782,3
65783,3
65784,3
65785,3
65786,3
65787,3
65788,3
65789,3
65790,3
65791,3
65792,2
65793,2
65794,3
65795,3
65796,2
65797,3
65798,3
65799,3
65800,3
65801,3
65802,3
65803,3
65804,3
65805,2
65806,3
65807,2
65808,3
65809,3
65810,3
65811,3
65812,0
65813,3
65814,3
65815,0
65816,2
65817,3
65818,3
65819,3
65820,3
65821,3
65822,2
65823,3
65824,3
65825,3
65826,3
65827,2
65828,3
65829,3
65830,3
65831,2
65832,3
65833,0
65834,3
65835,0
65836,3
65837,3
65838,3
65839,3
65840,3
65841,3
65842,3
65843,2
65844,2
65845,3
65846,3
65847,3
65848,3
65849,0
65850,3
65851,3
65852,3
65853,3
65854,3
65855,3
65856,2
65857,3
65858,2
65859,2
65860,3
65861,2
65862,3
65863,3
65864,3
65865,2
65866,3
65867,2
65868,3
65869,3
65870,3
65871,3
65872,3
65873,3
65874,2
65875,3
65876,3
65877,3
65878,3
65879,3
65880,3
65881,2
65882,3
65883,3
65884,3
65885,3
65886,3
65887,3
65888,3
65889,3
65890,2
65891,3
65892,3
65893,3
65894,3
65895,2
65896,3
65897,3
65898,3
65899,3
65900,3
65901,2
65902,2
65903,3
65904,2
65905,2
65906,2
65907,3
65908,2
65909,3
65910,2
65911,3
65912,3
65913,3
65914,3
65915,3
65916,2
65917,0
65918,2
65919,2
65920,0
65921,2
65922,3
65923,0
65924,3
65925,3
65926,3
65927,3
65928,2
65929,3
65930,1
65931,2
65932,3
65933,3
65934,3
65935,3
65936,3
65937,3
65938,3
65939,3
65940,3
65941,3
65942,3
65943,2
65944,3
65945,3
65946,2
65947,3
65948,3
65949,3
65950,2
65951,3
65952,3
65953,3
65954,3
65955,3
65956,3
65957,3
65958,3
65959,3
65960,3
65961,3
65962,2
65963,3
65964,3
65965,3
65966,3
65967,3
65968,3
65969,2
65970,0
65971,2
65972,0
65973,3
65974,2
65975,3
65976,3
65977,3
65978,3
65979,3
65980,3
65981,2
65982,3
65983,3
65984,3
65985,3
65986,3
65987,3
65988,3
65989,3
65990,2
65991,2
65992,3
65993,3
65994,3
65995,3
65996,3
65997,3
65998,3
65999,3
66000,3
66001,3
66002,3
66003,3
66004,3
66005,3
66006,3
66007,3
66008,3
66009,2
66010,3
66011,3
66012,3
66013,2
66014,3
66015,3
66016,3
66017,3
66018,3
66019,2
66020,3
66021,3
66022,3
66023,3
66024,3
66025,3
66026,3
66027,0
66028,3
66029,3
66030,3
66031,3
66032,3
66033,2
66034,3
66035,3
66036,3
66037,3
66038,3
66039,3
66040,3
66041,3
66042,3
66043,3
66044,3
66045,3
66046,3
66047,3
66048,2
66049,2
66050,3
66051,3
66052,3
66053,2
66054,3
66055,3
66056,3
66057,3
66058,2
66059,3
66060,2
66061,3
66062,2
66063,3
66064,3
66065,2
66066,3
66067,2
66068,3
66069,3
66070,3
66071,2
66072,3
66073,3
66074,3
66075,3
66076,3
66077,3
66078,3
66079,3
66080,3
66081,2
66082,3
66083,2
66084,3
66085,2
66086,3
66087,3
66088,2
66089,3
66090,3
66091,2
66092,3
66093,3
66094,3
66095,3
66096,3
66097,3
66098,2
66099,3
66100,3
66101,3
66102,3
66103,3
66104,3
66105,3
66106,3
66107,3
66108,3
66109,2
66110,3
66111,2
66112,3
66113,3
66114,3
66115,3
66116,3
66117,3
66118,3
66119,3
66120,2
66121,3
66122,2
66123,2
66124,3
66125,3
66126,2
66127,3
66128,3
66129,3
66130,3
66131,3
66132,3
66133,2
66134,2
66135,3
66136,3
66137,3
66138,3
66139,3
66140,3
66141,2
66142,3
66143,3
66144,3
66145,3
66146,2
66147,3
66148,3
66149,3
66150,3
66151,3
66152,3
66153,3
66154,3
66155,2
66156,2
66157,3
66158,3
66159,3
66160,2
66161,3
66162,3
66163,3
66164,3
66165,3
66166,3
66167,2
66168,2
66169,2
66170,2
66171,2
66172,2
66173,2
66174,3
66175,2
66176,3
66177,2
66178,2
66179,2
66180,2
66181,2
66182,2
66183,2
66184,2
66185,2
66186,2
66187,2
66188,3
66189,2
66190,2
66191,3
66192,2
66193,3
66194,3
66195,2
66196,2
66197,2
66198,2
66199,2
66200,2
66201,3
66202,3
66203,3
66204,2
66205,2
66206,3
66207,2
66208,2
66209,2
66210,2
66211,2
66212,0
66213,0
66214,1
66215,2
66216,0
66217,3
66218,3
66219,2
66220,3
66221,3
66222,3
66223,3
66224,3
66225,2
66226,3
66227,3
66228,3
66229,3
66230,3
66231,0
66232,0
66233,0
66234,0
66235,0
66236,0
66237,0
66238,0
66239,0
66240,0
66241,0
66242,2
66243,0
66244,3
66245,3
66246,0
66247,0
66248,0
66249,0
66250,0
66251,0
66252,0
66253,0
66254,3
66255,0
66256,2
66257,3
66258,0
66259,0
66260,0
66261,0
66262,0
66263,0
66264,0
66265,2
66266,0
66267,0
66268,2
66269,2
66270,0
66271,0
66272,0
66273,0
66274,0
66275,3
66276,2
66277,2
66278,2
66279,3
66280,2
66281,2
66282,2
66283,2
66284,2
66285,2
66286,3
66287,3
66288,3
66289,3
66290,3
66291,3
66292,3
66293,0
66294,2
66295,0
66296,0
66297,0
66298,2
66299,2
66300,0
66301,0
66302,0
66303,0
66304,3
66305,3
66306,3
66307,3
66308,3
66309,2
66310,2
66311,2
66312,2
66313,2
66314,0
66315,0
66316,3
66317,0
66318,0
66319,0
66320,0
66321,3
66322,3
66323,3
66324,3
66325,0
66326,3
66327,0
66328,0
66329,0
66330,0
66331,3
66332,2
66333,0
66334,2
66335,0
66336,0
66337,0
66338,0
66339,0
66340,0
66341,0
66342,3
66343,0
66344,0
66345,0
66346,0
66347,0
66348,3
66349,0
66350,1
66351,3
66352,0
66353,0
66354,0
66355,3
66356,0
66357,3
66358,3
66359,3
66360,3
66361,2
66362,3
66363,3
66364,3
66365,3
66366,3
66367,3
66368,3
66369,3
66370,3
66371,2
66372,3
66373,3
66374,3
66375,3
66376,3
66377,3
66378,3
66379,3
66380,3
66381,3
66382,3
66383,3
66384,3
66385,3
66386,2
66387,3
66388,2
66389,2
66390,2
66391,3
66392,2
66393,3
66394,3
66395,3
66396,3
66397,3
66398,2
66399,3
66400,3
66401,2
66402,2
66403,3
66404,3
66405,3
66406,2
66407,3
66408,3
66409,3
66410,3
66411,3
66412,3
66413,3
66414,3
66415,3
66416,3
66417,3
66418,3
66419,3
66420,3
66421,3
66422,2
66423,3
66424,3
66425,3
66426,3
66427,3
66428,3
66429,3
66430,2
66431,3
66432,2
66433,0
66434,0
66435,2
66436,0
66437,0
66438,3
66439,2
66440,2
66441,3
66442,2
66443,3
66444,3
66445,3
66446,2
66447,3
66448,2
66449,3
66450,3
66451,3
66452,2
66453,3
66454,0
66455,3
66456,2
66457,0
66458,0
66459,3
66460,2
66461,0
66462,0
66463,0
66464,0
66465,3
66466,1
66467,0
66468,0
66469,0
66470,0
66471,3
66472,3
66473,3
66474,3
66475,0
66476,0
66477,0
66478,1
66479,0
66480,0
66481,2
66482,0
66483,3
66484,2
66485,3
66486,3
66487,2
66488,3
66489,3
66490,3
66491,3
66492,3
66493,3
66494,3
66495,3
66496,3
66497,3
66498,3
66499,3
66500,3
66501,3
66502,3
66503,3
66504,3
66505,0
66506,0
66507,0
66508,0
66509,0
66510,0
66511,3
66512,0
66513,3
66514,2
66515,0
66516,0
66517,3
66518,2
66519,2
66520,0
66521,0
66522,0
66523,0
66524,2
66525,0
66526,0
66527,0
66528,0
66529,0
66530,0
66531,0
66532,0
66533,0
66534,0
66535,0
66536,2
66537,3
66538,2
66539,3
66540,2
66541,2
66542,0
66543,0
66544,0
66545,2
66546,0
66547,3
66548,0
66549,3
66550,3
66551,3
66552,3
66553,3
66554,3
66555,3
66556,2
66557,3
66558,3
66559,3
66560,2
66561,3
66562,3
66563,3
66564,3
66565,3
66566,3
66567,3
66568,3
66569,3
66570,3
66571,3
66572,2
66573,3
66574,3
66575,3
66576,3
66577,3
66578,3
66579,3
66580,3
66581,3
66582,2
66583,2
66584,2
66585,3
66586,3
66587,3
66588,2
66589,2
66590,2
66591,2
66592,2
66593,2
66594,3
66595,3
66596,3
66597,3
66598,3
66599,3
66600,0
66601,3
66602,3
66603,3
66604,3
66605,3
66606,3
66607,3
66608,3
66609,0
66610,3
66611,3
66612,3
66613,3
66614,2
66615,2
66616,3
66617,3
66618,3
66619,3
66620,3
66621,3
66622,3
66623,3
66624,3
66625,3
66626,3
66627,3
66628,3
66629,3
66630,3
66631,3
66632,3
66633,3
66634,2
66635,0
66636,0
66637,2
66638,3
66639,3
66640,2
66641,3
66642,2
66643,3
66644,3
66645,3
66646,3
66647,3
66648,3
66649,3
66650,3
66651,2
66652,3
66653,2
66654,3
66655,3
66656,2
66657,3
66658,3
66659,3
66660,3
66661,2
66662,3
66663,3
66664,3
66665,2
66666,2
66667,2
66668,3
66669,2
66670,3
66671,3
66672,3
66673,2
66674,3
66675,2
66676,2
66677,2
66678,2
66679,3
66680,2
66681,3
66682,1
66683,2
66684,3
66685,2
66686,3
66687,2
66688,2
66689,3
66690,3
66691,3
66692,3
66693,3
66694,3
66695,2
66696,4
66697,3
66698,3
66699,3
66700,3
66701,3
66702,3
66703,3
66704,3
66705,3
66706,2
66707,3
66708,3
66709,2
66710,3
66711,2
66712,3
66713,3
66714,2
66715,3
66716,2
66717,3
66718,3
66719,3
66720,3
66721,3
66722,1
66723,1
66724,1
66725,1
66726,1
66727,1
66728,1
66729,1
66730,3
66731,0
66732,3
66733,2
66734,3
66735,2
66736,2
66737,3
66738,3
66739,3
66740,2
66741,2
66742,2
66743,2
66744,3
66745,3
66746,3
66747,3
66748,3
66749,3
66750,2
66751,3
66752,2
66753,3
66754,3
66755,3
66756,3
66757,3
66758,3
66759,2
66760,3
66761,2
66762,3
66763,2
66764,2
66765,3
66766,3
66767,0
66768,2
66769,0
66770,0
66771,0
66772,3
66773,3
66774,3
66775,0
66776,0
66777,3
66778,3
66779,3
66780,3
66781,3
66782,3
66783,3
66784,2
66785,0
66786,3
66787,3
66788,0
66789,3
66790,3
66791,3
66792,3
66793,2
66794,3
66795,3
66796,3
66797,3
66798,2
66799,3
66800,2
66801,3
66802,3
66803,3
66804,2
66805,3
66806,2
66807,3
66808,3
66809,3
66810,3
66811,3
66812,2
66813,3
66814,2
66815,3
66816,0
66817,0
66818,0
66819,3
66820,0
66821,0
66822,3
66823,3
66824,3
66825,0
66826,0
66827,0
66828,0
66829,0
66830,3
66831,3
66832,0
66833,0
66834,3
66835,3
66836,3
66837,3
66838,3
66839,3
66840,0
66841,2
66842,0
66843,3
66844,3
66845,2
66846,3
66847,2
66848,2
66849,3
66850,3
66851,3
66852,3
66853,2
66854,3
66855,0
66856,0
66857,0
66858,0
66859,0
66860,0
66861,0
66862,0
66863,0
66864,0
66865,0
66866,3
66867,0
66868,3
66869,0
66870,0
66871,3
66872,3
66873,0
66874,0
66875,0
66876,0
66877,0
66878,3
66879,0
66880,2
66881,3
66882,1
66883,2
66884,3
66885,2
66886,3
66887,2
66888,3
66889,3
66890,3
66891,3
66892,3
66893,0
66894,0
66895,0
66896,3
66897,0
66898,0
66899,0
66900,0
66901,0
66902,0
66903,2
66904,3
66905,3
66906,3
66907,3
66908,3
66909,2
66910,3
66911,3
66912,2
66913,0
66914,0
66915,0
66916,0
66917,3
66918,3
66919,3
66920,3
66921,3
66922,3
66923,3
66924,2
66925,3
66926,3
66927,3
66928,3
66929,3
66930,0
66931,3
66932,2
66933,3
66934,3
66935,3
66936,3
66937,3
66938,3
66939,3
66940,3
66941,3
66942,3
66943,3
66944,3
66945,3
66946,3
66947,3
66948,3
66949,0
66950,0
66951,3
66952,3
66953,3
66954,3
66955,3
66956,3
66957,3
66958,3
66959,3
66960,2
66961,3
66962,2
66963,3
66964,2
66965,2
66966,2
66967,2
66968,3
66969,2
66970,2
66971,2
66972,3
66973,2
66974,3
66975,3
66976,3
66977,3
66978,0
66979,3
66980,2
66981,3
66982,3
66983,3
66984,3
66985,3
66986,3
66987,0
66988,3
66989,3
66990,3
66991,2
66992,2
66993,2
66994,2
66995,2
66996,2
66997,2
66998,2
66999,2
67000,2
67001,2
67002,2
67003,2
67004,2
67005,3
67006,2
67007,2
67008,2
67009,2
67010,3
67011,2
67012,2
67013,2
67014,2
67015,2
67016,2
67017,2
67018,2
67019,3
67020,2
67021,2
67022,2
67023,3
67024,2
67025,3
67026,2
67027,3
67028,3
67029,3
67030,3
67031,3
67032,3
67033,3
67034,3
67035,3
67036,3
67037,2
67038,3
67039,3
67040,3
67041,3
67042,3
67043,3
67044,3
67045,2
67046,3
67047,3
67048,3
67049,3
67050,3
67051,3
67052,0
67053,3
67054,3
67055,2
67056,3
67057,2
67058,3
67059,3
67060,2
67061,3
67062,3
67063,3
67064,3
67065,3
67066,2
67067,3
67068,3
67069,2
67070,3
67071,3
67072,2
67073,3
67074,3
67075,3
67076,3
67077,0
67078,3
67079,3
67080,3
67081,3
67082,3
67083,3
67084,3
67085,3
67086,3
67087,3
67088,3
67089,3
67090,3
67091,3
67092,3
67093,0
67094,3
67095,3
67096,3
67097,3
67098,3
67099,3
67100,3
67101,3
67102,3
67103,3
67104,3
67105,3
67106,3
67107,0
67108,3
67109,3
67110,3
67111,3
67112,3
67113,0
67114,3
67115,3
67116,3
67117,3
67118,3
67119,3
67120,3
67121,3
67122,3
67123,0
67124,0
67125,0
67126,3
67127,3
67128,3
67129,0
67130,0
67131,2
67132,3
67133,3
67134,3
67135,3
67136,3
67137,3
67138,3
67139,3
67140,3
67141,3
67142,3
67143,3
67144,3
67145,3
67146,3
67147,0
67148,2
67149,3
67150,3
67151,2
67152,2
67153,0
67154,3
67155,0
67156,2
67157,1
67158,1
67159,1
67160,1
67161,1
67162,1
67163,1
67164,3
67165,3
67166,3
67167,3
67168,3
67169,3
67170,2
67171,3
67172,3
67173,3
67174,3
67175,2
67176,2
67177,1
67178,1
67179,3
67180,0
67181,3
67182,3
67183,3
67184,3
67185,3
67186,3
67187,3
67188,3
67189,3
67190,2
67191,3
67192,3
67193,3
67194,3
67195,3
67196,0
67197,0
67198,0
67199,0
67200,3
67201,3
67202,3
67203,3
67204,2
67205,3
67206,3
67207,3
67208,3
67209,3
67210,3
67211,3
67212,3
67213,3
67214,3
67215,2
67216,3
67217,2
67218,3
67219,0
67220,0
67221,0
67222,0
67223,0
67224,0
67225,0
67226,0
67227,0
67228,0
67229,0
67230,0
67231,0
67232,0
67233,0
67234,2
67235,0
67236,0
67237,0
67238,2
67239,2
67240,0
67241,0
67242,3
67243,3
67244,3
67245,3
67246,3
67247,3
67248,3
67249,3
67250,3
67251,3
67252,3
67253,3
67254,3
67255,3
67256,1
67257,3
67258,0
67259,0
67260,3
67261,3
67262,3
67263,3
67264,3
67265,3
67266,3
67267,3
67268,0
67269,0
67270,0
67271,3
67272,3
67273,3
67274,3
67275,3
67276,2
67277,3
67278,3
67279,3
67280,3
67281,3
67282,3
67283,2
67284,3
67285,1
67286,2
67287,0
67288,0
67289,0
67290,3
67291,0
67292,1
67293,1
67294,0
67295,0
67296,2
67297,1
67298,3
67299,1
67300,1
67301,1
67302,3
67303,3
67304,3
67305,1
67306,1
67307,1
67308,1
67309,1
67310,2
67311,0
67312,0
67313,0
67314,3
67315,2
67316,3
67317,3
67318,3
67319,2
67320,3
67321,2
67322,3
67323,3
67324,3
67325,2
67326,0
67327,3
67328,2
67329,2
67330,2
67331,2
67332,2
67333,2
67334,2
67335,2
67336,2
67337,2
67338,2
67339,2
67340,2
67341,2
67342,2
67343,2
67344,2
67345,1
67346,3
67347,1
67348,2
67349,2
67350,2
67351,2
67352,2
67353,2
67354,2
67355,2
67356,2
67357,2
67358,2
67359,2
67360,2
67361,2
67362,2
67363,2
67364,2
67365,2
67366,2
67367,2
67368,2
67369,2
67370,2
67371,2
67372,2
67373,2
67374,2
67375,2
67376,2
67377,2
67378,2
67379,2
67380,2
67381,2
67382,2
67383,2
67384,2
67385,2
67386,2
67387,2
67388,2
67389,2
67390,2
67391,2
67392,2
67393,2
67394,2
67395,2
67396,2
67397,2
67398,2
67399,2
67400,2
67401,2
67402,2
67403,2
67404,2
67405,2
67406,2
67407,2
67408,2
67409,2
67410,2
67411,2
67412,2
67413,2
67414,2
67415,2
67416,2
67417,2
67418,2
67419,2
67420,2
67421,2
67422,2
67423,2
67424,2
67425,2
67426,2
67427,2
67428,2
67429,2
67430,2
67431,2
67432,2
67433,2
67434,2
67435,2
67436,2
67437,2
67438,2
67439,2
67440,2
67441,2
67442,2
67443,2
67444,2
67445,2
67446,2
67447,2
67448,2
67449,3
67450,3
67451,3
67452,3
67453,3
67454,2
67455,3
67456,3
67457,3
67458,2
67459,2
67460,3
67461,3
67462,3
67463,3
67464,0
67465,3
67466,3
67467,3
67468,3
67469,3
67470,2
67471,2
67472,2
67473,2
67474,2
67475,2
67476,2
67477,2
67478,2
67479,2
67480,2
67481,2
67482,2
67483,2
67484,2
67485,2
67486,2
67487,2
67488,2
67489,2
67490,2
67491,2
67492,2
67493,2
67494,2
67495,2
67496,2
67497,2
67498,2
67499,2
67500,2
67501,2
67502,2
67503,2
67504,2
67505,2
67506,2
67507,2
67508,2
67509,2
67510,2
67511,2
67512,2
67513,2
67514,2
67515,2
67516,2
67517,2
67518,2
67519,2
67520,2
67521,2
67522,2
67523,2
67524,2
67525,2
67526,2
67527,2
67528,2
67529,2
67530,2
67531,2
67532,2
67533,2
67534,2
67535,2
67536,2
67537,0
67538,2
67539,2
67540,2
67541,2
67542,2
67543,2
67544,2
67545,2
67546,2
67547,2
67548,1
67549,1
67550,1
67551,1
67552,1
67553,1
67554,2
67555,3
67556,3
67557,3
67558,3
67559,3
67560,3
67561,2
67562,2
67563,2
67564,2
67565,3
67566,2
67567,3
67568,3
67569,3
67570,2
67571,2
67572,2
67573,2
67574,2
67575,2
67576,3
67577,2
67578,3
67579,2
67580,2
67581,2
67582,2
67583,2
67584,2
67585,2
67586,2
67587,2
67588,2
67589,3
67590,0
67591,2
67592,2
67593,0
67594,2
67595,2
67596,2
67597,2
67598,2
67599,2
67600,2
67601,2
67602,2
67603,2
67604,2
67605,2
67606,3
67607,4
67608,0
67609,0
67610,2
67611,3
67612,4
67613,0
67614,3
67615,2
67616,2
67617,2
67618,4
67619,2
67620,2
67621,2
67622,2
67623,0
67624,0
67625,2
67626,3
67627,2
67628,2
67629,2
67630,2
67631,3
67632,2
67633,3
67634,2
67635,2
67636,2
67637,3
67638,3
67639,3
67640,2
67641,2
67642,2
67643,2
67644,2
67645,3
67646,2
67647,3
67648,2
67649,2
67650,3
67651,2
67652,2
67653,3
67654,3
67655,2
67656,2
67657,2
67658,2
67659,2
67660,2
67661,3
67662,3
67663,2
67664,2
67665,2
67666,2
67667,3
67668,2
67669,2
67670,3
67671,2
67672,3
67673,2
67674,3
67675,2
67676,2
67677,2
67678,2
67679,2
67680,2
67681,2
67682,2
67683,2
67684,2
67685,2
67686,3
67687,3
67688,2
67689,2
67690,2
67691,2
67692,2
67693,2
67694,3
67695,2
67696,3
67697,3
67698,2
67699,2
67700,3
67701,2
67702,3
67703,2
67704,2
67705,2
67706,3
67707,2
67708,2
67709,2
67710,3
67711,3
67712,3
67713,3
67714,3
67715,3
67716,3
67717,3
67718,3
67719,3
67720,3
67721,3
67722,2
67723,3
67724,3
67725,3
67726,3
67727,3
67728,3
67729,3
67730,3
67731,3
67732,3
67733,3
67734,3
67735,3
67736,3
67737,3
67738,2
67739,3
67740,3
67741,3
67742,3
67743,3
67744,3
67745,3
67746,0
67747,3
67748,3
67749,3
67750,3
67751,3
67752,3
67753,2
67754,3
67755,3
67756,3
67757,3
67758,2
67759,3
67760,3
67761,3
67762,3
67763,3
67764,3
67765,2
67766,3
67767,2
67768,3
67769,3
67770,3
67771,3
67772,3
67773,3
67774,0
67775,2
67776,3
67777,3
67778,3
67779,3
67780,3
67781,3
67782,3
67783,3
67784,3
67785,3
67786,0
67787,0
67788,3
67789,3
67790,0
67791,3
67792,3
67793,3
67794,3
67795,3
67796,3
67797,3
67798,3
67799,3
67800,3
67801,3
67802,3
67803,3
67804,3
67805,3
67806,3
67807,3
67808,3
67809,0
67810,2
67811,0
67812,0
67813,0
67814,0
67815,2
67816,0
67817,3
67818,3
67819,3
67820,2
67821,3
67822,0
67823,3
67824,0
67825,0
67826,0
67827,0
67828,0
67829,0
67830,3
67831,0
67832,3
67833,2
67834,3
67835,3
67836,3
67837,3
67838,3
67839,3
67840,3
67841,3
67842,3
67843,3
67844,3
67845,3
67846,3
67847,3
67848,3
67849,3
67850,3
67851,3
67852,2
67853,2
67854,2
67855,3
67856,2
67857,2
67858,3
67859,2
67860,2
67861,2
67862,3
67863,2
67864,2
67865,2
67866,2
67867,2
67868,3
67869,3
67870,3
67871,3
67872,3
67873,3
67874,3
67875,3
67876,3
67877,3
67878,3
67879,3
67880,0
67881,3
67882,0
67883,3
67884,3
67885,3
67886,3
67887,2
67888,3
67889,3
67890,3
67891,3
67892,3
67893,3
67894,3
67895,3
67896,2
67897,3
67898,2
67899,3
67900,2
67901,3
67902,3
67903,3
67904,2
67905,3
67906,2
67907,2
67908,2
67909,2
67910,2
67911,2
67912,2
67913,3
67914,2
67915,3
67916,2
67917,2
67918,3
67919,3
67920,3
67921,3
67922,3
67923,3
67924,3
67925,3
67926,3
67927,2
67928,3
67929,3
67930,2
67931,3
67932,3
67933,3
67934,2
67935,3
67936,2
67937,2
67938,3
67939,3
67940,3
67941,2
67942,3
67943,3
67944,2
67945,3
67946,3
67947,3
67948,3
67949,2
67950,2
67951,3
67952,2
67953,3
67954,3
67955,3
67956,3
67957,3
67958,3
67959,2
67960,2
67961,3
67962,3
67963,3
67964,3
67965,3
67966,2
67967,3
67968,3
67969,3
67970,3
67971,0
67972,0
67973,1
67974,3
67975,2
67976,3
67977,3
67978,2
67979,3
67980,3
67981,3
67982,3
67983,3
67984,3
67985,3
67986,2
67987,3
67988,3
67989,3
67990,0
67991,2
67992,3
67993,3
67994,2
67995,3
67996,3
67997,3
67998,3
67999,2
68000,2
68001,3
68002,3
68003,3
68004,0
68005,3
68006,3
68007,3
68008,3
68009,3
68010,3
68011,3
68012,3
68013,3
68014,3
68015,3
68016,3
68017,3
68018,3
68019,3
68020,3
68021,3
68022,3
68023,3
68024,3
68025,3
68026,3
68027,3
68028,3
68029,3
68030,3
68031,3
68032,3
68033,3
68034,3
68035,3
68036,3
68037,2
68038,3
68039,2
68040,3
68041,3
68042,3
68043,3
68044,3
68045,3
68046,3
68047,3
68048,3
68049,3
68050,3
68051,3
68052,3
68053,3
68054,3
68055,3
68056,2
68057,1
68058,2
68059,0
68060,3
68061,1
68062,1
68063,1
68064,1
68065,1
68066,1
68067,1
68068,1
68069,1
68070,0
68071,1
68072,1
68073,1
68074,1
68075,1
68076,1
68077,1
68078,1
68079,1
68080,1
68081,1
68082,1
68083,1
68084,1
68085,1
68086,1
68087,1
68088,1
68089,1
68090,1
68091,1
68092,1
68093,1
68094,1
68095,1
68096,1
68097,1
68098,1
68099,1
68100,1
68101,1
68102,1
68103,1
68104,1
68105,1
68106,1
68107,1
68108,1
68109,1
68110,3
68111,1
68112,1
68113,1
68114,1
68115,2
68116,2
68117,1
68118,2
68119,2
68120,2
68121,1
68122,1
68123,1
68124,2
68125,1
68126,1
68127,2
68128,2
68129,1
68130,1
68131,2
68132,1
68133,2
68134,2
68135,1
68136,1
68137,1
68138,1
68139,2
68140,3
68141,3
68142,3
68143,3
68144,1
68145,1
68146,1
68147,1
68148,1
68149,1
68150,1
68151,1
68152,1
68153,1
68154,1
68155,1
68156,1
68157,1
68158,1
68159,1
68160,1
68161,1
68162,1
68163,1
68164,1
68165,1
68166,1
68167,1
68168,1
68169,1
68170,1
68171,2
68172,1
68173,1
68174,1
68175,1
68176,3
68177,3
68178,3
68179,3
68180,3
68181,2
68182,2
68183,2
68184,3
68185,3
68186,3
68187,3
68188,3
68189,2
68190,3
68191,3
68192,0
68193,3
68194,3
68195,0
68196,3
68197,3
68198,3
68199,3
68200,3
68201,3
68202,3
68203,2
68204,3
68205,3
68206,3
68207,2
68208,3
68209,3
68210,3
68211,3
68212,3
68213,3
68214,3
68215,3
68216,3
68217,3
68218,3
68219,3
68220,3
68221,3
68222,3
68223,0
68224,3
68225,3
68226,0
68227,2
68228,2
68229,3
68230,3
68231,3
68232,2
68233,3
68234,2
68235,3
68236,3
68237,2
68238,3
68239,0
68240,3
68241,3
68242,2
68243,2
68244,2
68245,2
68246,3
68247,3
68248,3
68249,3
68250,3
68251,3
68252,0
68253,3
68254,3
68255,2
68256,0
68257,0
68258,3
68259,3
68260,0
68261,3
68262,2
68263,0
68264,3
68265,3
68266,3
68267,0
68268,0
68269,3
68270,3
68271,3
68272,0
68273,2
68274,3
68275,0
68276,3
68277,2
68278,0
68279,2
68280,2
68281,3
68282,2
68283,3
68284,3
68285,2
68286,2
68287,3
68288,3
68289,3
68290,3
68291,3
68292,3
68293,2
68294,3
68295,3
68296,3
68297,2
68298,3
68299,3
68300,3
68301,3
68302,3
68303,3
68304,3
68305,3
68306,0
68307,0
68308,2
68309,3
68310,2
68311,3
68312,0
68313,3
68314,3
68315,0
68316,1
68317,3
68318,0
68319,3
68320,3
68321,2
68322,3
68323,2
68324,4
68325,3
68326,0
68327,3
68328,3
68329,3
68330,2
68331,3
68332,2
68333,2
68334,3
68335,2
68336,2
68337,3
68338,3
68339,3
68340,3
68341,3
68342,2
68343,0
68344,0
68345,0
68346,3
68347,0
68348,3
68349,3
68350,0
68351,3
68352,2
68353,3
68354,0
68355,0
68356,3
68357,2
68358,3
68359,3
68360,3
68361,3
68362,3
68363,0
68364,3
68365,2
68366,0
68367,0
68368,0
68369,0
68370,3
68371,3
68372,2
68373,3
68374,2
68375,3
68376,3
68377,3
68378,2
68379,2
68380,2
68381,2
68382,2
68383,2
68384,0
68385,2
68386,2
68387,2
68388,0
68389,0
68390,3
68391,3
68392,0
68393,3
68394,3
68395,2
68396,2
68397,2
68398,0
68399,0
68400,0
68401,0
68402,2
68403,3
68404,3
68405,3
68406,3
68407,3
68408,3
68409,3
68410,2
68411,2
68412,3
68413,2
68414,2
68415,3
68416,2
68417,2
68418,3
68419,3
68420,2
68421,3
68422,3
68423,3
68424,3
68425,3
68426,3
68427,0
68428,3
68429,3
68430,3
68431,3
68432,3
68433,3
68434,3
68435,3
68436,3
68437,2
68438,0
68439,3
68440,0
68441,0
68442,3
68443,2
68444,3
68445,3
68446,3
68447,3
68448,3
68449,2
68450,2
68451,2
68452,3
68453,0
68454,3
68455,3
68456,3
68457,0
68458,3
68459,0
68460,0
68461,2
68462,2
68463,2
68464,3
68465,3
68466,2
68467,0
68468,0
68469,3
68470,3
68471,3
68472,3
68473,3
68474,0
68475,2
68476,0
68477,0
68478,2
68479,3
68480,0
68481,2
68482,2
68483,2
68484,2
68485,0
68486,2
68487,2
68488,3
68489,2
68490,3
68491,2
68492,2
68493,3
68494,0
68495,3
68496,2
68497,3
68498,3
68499,3
68500,3
68501,0
68502,0
68503,2
68504,2
68505,0
68506,0
68507,3
68508,3
68509,3
68510,3
68511,3
68512,2
68513,2
68514,3
68515,3
68516,3
68517,3
68518,3
68519,3
68520,3
68521,3
68522,3
68523,3
68524,3
68525,2
68526,3
68527,2
68528,3
68529,3
68530,2
68531,3
68532,2
68533,3
68534,3
68535,2
68536,3
68537,0
68538,3
68539,2
68540,2
68541,3
68542,2
68543,3
68544,3
68545,2
68546,3
68547,3
68548,3
68549,3
68550,3
68551,3
68552,3
68553,3
68554,3
68555,3
68556,3
68557,3
68558,3
68559,3
68560,0
68561,3
68562,2
68563,3
68564,3
68565,3
68566,3
68567,3
68568,2
68569,3
68570,2
68571,3
68572,3
68573,3
68574,3
68575,3
68576,3
68577,2
68578,2
68579,3
68580,3
68581,3
68582,3
68583,3
68584,3
68585,3
68586,2
68587,3
68588,2
68589,3
68590,3
68591,3
68592,0
68593,2
68594,2
68595,3
68596,2
68597,3
68598,3
68599,3
68600,3
68601,0
68602,3
68603,3
68604,0
68605,0
68606,3
68607,2
68608,3
68609,3
68610,1
68611,1
68612,1
68613,1
68614,3
68615,3
68616,3
68617,3
68618,1
68619,1
68620,1
68621,1
68622,1
68623,1
68624,1
68625,1
68626,3
68627,3
68628,1
68629,1
68630,2
68631,2
68632,3
68633,2
68634,2
68635,2
68636,3
68637,3
68638,3
68639,3
68640,3
68641,3
68642,0
68643,2
68644,0
68645,0
68646,0
68647,0
68648,2
68649,2
68650,0
68651,0
68652,0
68653,3
68654,0
68655,3
68656,3
68657,0
68658,0
68659,1
68660,1
68661,1
68662,1
68663,1
68664,1
68665,1
68666,1
68667,0
68668,0
68669,0
68670,0
68671,3
68672,3
68673,3
68674,3
68675,2
68676,0
68677,3
68678,3
68679,2
68680,3
68681,3
68682,3
68683,2
68684,3
68685,3
68686,3
68687,3
68688,3
68689,3
68690,3
68691,3
68692,3
68693,3
68694,3
68695,3
68696,3
68697,0
68698,0
68699,3
68700,3
68701,3
68702,3
68703,3
68704,2
68705,3
68706,3
68707,3
68708,3
68709,3
68710,2
68711,2
68712,3
68713,2
68714,3
68715,0
68716,0
68717,3
68718,3
68719,3
68720,3
68721,3
68722,3
68723,1
68724,3
68725,0
68726,0
68727,0
68728,0
68729,3
68730,3
68731,3
68732,2
68733,3
68734,3
68735,2
68736,2
68737,3
68738,3
68739,3
68740,3
68741,2
68742,3
68743,3
68744,2
68745,2
68746,2
68747,3
68748,2
68749,3
68750,1
68751,3
68752,0
68753,2
68754,0
68755,0
68756,2
68757,3
68758,3
68759,3
68760,3
68761,3
68762,2
68763,2
68764,3
68765,2
68766,2
68767,3
68768,0
68769,0
68770,0
68771,2
68772,1
68773,0
68774,3
68775,0
68776,0
68777,3
68778,0
68779,0
68780,0
68781,2
68782,0
68783,1
68784,0
68785,2
68786,3
68787,3
68788,3
68789,3
68790,3
68791,3
68792,1
68793,3
68794,3
68795,3
68796,3
68797,3
68798,0
68799,3
68800,0
68801,1
68802,1
68803,0
68804,0
68805,0
68806,1
68807,0
68808,0
68809,3
68810,0
68811,1
68812,0
68813,0
68814,3
68815,3
68816,3
68817,0
68818,0
68819,2
68820,0
68821,0
68822,0
68823,1
68824,3
68825,2
68826,3
68827,0
68828,0
68829,3
68830,3
68831,1
68832,1
68833,2
68834,0
68835,0
68836,2
68837,2
68838,3
68839,3
68840,3
68841,0
68842,0
68843,0
68844,0
68845,0
68846,0
68847,0
68848,0
68849,2
68850,4
68851,2
68852,3
68853,3
68854,0
68855,2
68856,3
68857,2
68858,3
68859,0
68860,0
68861,3
68862,0
68863,0
68864,3
68865,0
68866,0
68867,0
68868,0
68869,0
68870,3
68871,3
68872,3
68873,2
68874,2
68875,3
68876,0
68877,0
68878,0
68879,0
68880,0
68881,0
68882,0
68883,3
68884,3
68885,3
68886,1
68887,0
68888,3
68889,0
68890,0
68891,1
68892,3
68893,2
68894,3
68895,3
68896,3
68897,3
68898,0
68899,0
68900,2
68901,2
68902,3
68903,0
68904,0
68905,2
68906,3
68907,0
68908,3
68909,3
68910,3
68911,3
68912,1
68913,3
68914,2
68915,0
68916,2
68917,0
68918,3
68919,3
68920,3
68921,3
68922,3
68923,3
68924,3
68925,3
68926,3
68927,3
68928,3
68929,2
68930,2
68931,2
68932,2
68933,3
68934,3
68935,3
68936,3
68937,3
68938,3
68939,1
68940,0
68941,0
68942,3
68943,3
68944,1
68945,3
68946,3
68947,3
68948,3
68949,2
68950,2
68951,3
68952,3
68953,3
68954,2
68955,3
68956,3
68957,3
68958,3
68959,3
68960,3
68961,2
68962,3
68963,3
68964,3
68965,3
68966,2
68967,3
68968,3
68969,3
68970,3
68971,2
68972,3
68973,3
68974,3
68975,3
68976,3
68977,1
68978,3
68979,3
68980,0
68981,1
68982,3
68983,3
68984,2
68985,3
68986,3
68987,3
68988,2
68989,3
68990,3
68991,3
68992,2
68993,3
68994,3
68995,2
68996,3
68997,3
68998,3
68999,3
69000,3
69001,3
69002,3
69003,3
69004,3
69005,3
69006,2
69007,3
69008,1
69009,2
69010,1
69011,3
69012,3
69013,0
69014,3
69015,3
69016,1
69017,3
69018,3
69019,3
69020,0
69021,0
69022,2
69023,3
69024,3
69025,1
69026,1
69027,1
69028,0
69029,0
69030,0
69031,1
69032,1
69033,0
69034,0
69035,3
69036,2
69037,3
69038,2
69039,3
69040,3
69041,2
69042,2
69043,3
69044,3
69045,2
69046,3
69047,3
69048,3
69049,3
69050,3
69051,1
69052,0
69053,3
69054,1
69055,0
69056,3
69057,3
69058,1
69059,3
69060,2
69061,3
69062,3
69063,3
69064,3
69065,3
69066,2
69067,1
69068,1
69069,3
69070,3
69071,3
69072,3
69073,3
69074,3
69075,2
69076,2
69077,3
69078,3
69079,3
69080,3
69081,3
69082,3
69083,2
69084,3
69085,3
69086,3
69087,3
69088,3
69089,3
69090,3
69091,3
69092,1
69093,1
69094,3
69095,3
69096,2
69097,3
69098,2
69099,3
69100,3
69101,3
69102,2
69103,3
69104,3
69105,3
69106,3
69107,3
69108,3
69109,3
69110,3
69111,3
69112,2
69113,3
69114,3
69115,3
69116,1
69117,3
69118,3
69119,3
69120,3
69121,3
69122,3
69123,2
69124,3
69125,3
69126,3
69127,3
69128,1
69129,3
69130,0
69131,3
69132,3
69133,2
69134,3
69135,3
69136,2
69137,3
69138,3
69139,3
69140,3
69141,3
69142,3
69143,3
69144,3
69145,3
69146,3
69147,3
69148,3
69149,3
69150,3
69151,0
69152,0
69153,0
69154,3
69155,1
69156,3
69157,3
69158,3
69159,3
69160,3
69161,3
69162,3
69163,2
69164,0
69165,2
69166,3
69167,1
69168,3
69169,3
69170,3
69171,3
69172,3
69173,3
69174,3
69175,3
69176,3
69177,3
69178,3
69179,3
69180,3
69181,3
69182,3
69183,3
69184,3
69185,3
69186,3
69187,3
69188,3
69189,3
69190,2
69191,3
69192,3
69193,3
69194,3
69195,3
69196,3
69197,3
69198,3
69199,3
69200,3
69201,3
69202,3
69203,3
69204,3
69205,3
69206,3
69207,3
69208,3
69209,3
69210,3
69211,3
69212,3
69213,3
69214,3
69215,3
69216,3
69217,0
69218,0
69219,0
69220,0
69221,0
69222,3
69223,0
69224,0
69225,0
69226,0
69227,0
69228,0
69229,3
69230,0
69231,3
69232,3
69233,3
69234,3
69235,2
69236,3
69237,3
69238,3
69239,0
69240,0
69241,2
69242,0
69243,2
69244,0
69245,2
69246,0
69247,0
69248,0
69249,0
69250,2
69251,2
69252,0
69253,0
69254,0
69255,0
69256,0
69257,0
69258,3
69259,3
69260,3
69261,3
69262,2
69263,0
69264,0
69265,3
69266,2
69267,0
69268,1
69269,1
69270,1
69271,1
69272,1
69273,1
69274,1
69275,1
69276,1
69277,1
69278,1
69279,1
69280,1
69281,1
69282,1
69283,1
69284,1
69285,3
69286,1
69287,1
69288,1
69289,1
69290,1
69291,1
69292,1
69293,1
69294,1
69295,1
69296,1
69297,1
69298,1
69299,1
69300,1
69301,1
69302,0
69303,2
69304,0
69305,0
69306,1
69307,2
69308,3
69309,3
69310,2
69311,3
69312,1
69313,2
69314,1
69315,3
69316,2
69317,1
69318,2
69319,3
69320,3
69321,3
69322,3
69323,3
69324,3
69325,3
69326,3
69327,3
69328,3
69329,3
69330,3
69331,3
69332,3
69333,3
69334,3
69335,2
69336,3
69337,3
69338,0
69339,0
69340,2
69341,2
69342,0
69343,0
69344,0
69345,2
69346,0
69347,2
69348,0
69349,0
69350,2
69351,3
69352,3
69353,0
69354,0
69355,0
69356,2
69357,1
69358,1
69359,1
69360,1
69361,1
69362,3
69363,1
69364,1
69365,1
69366,1
69367,0
69368,0
69369,3
69370,0
69371,1
69372,1
69373,0
69374,3
69375,3
69376,3
69377,2
69378,3
69379,3
69380,3
69381,3
69382,3
69383,3
69384,3
69385,3
69386,3
69387,3
69388,3
69389,2
69390,2
69391,2
69392,2
69393,2
69394,0
69395,0
69396,0
69397,3
69398,2
69399,3
69400,3
69401,2
69402,2
69403,2
69404,2
69405,0
69406,0
69407,2
69408,3
69409,2
69410,3
69411,0
69412,0
69413,0
69414,0
69415,0
69416,0
69417,2
69418,2
69419,0
69420,0
69421,0
69422,3
69423,0
69424,3
69425,0
69426,0
69427,0
69428,0
69429,0
69430,2
69431,0
69432,2
69433,0
69434,0
69435,0
69436,0
69437,3
69438,0
69439,2
69440,2
69441,0
69442,2
69443,2
69444,3
69445,3
69446,2
69447,2
69448,3
69449,2
69450,3
69451,0
69452,0
69453,2
69454,2
69455,2
69456,0
69457,2
69458,2
69459,0
69460,0
69461,0
69462,3
69463,3
69464,3
69465,3
69466,3
69467,3
69468,3
69469,2
69470,3
69471,0
69472,0
69473,3
69474,0
69475,0
69476,0
69477,0
69478,0
69479,0
69480,1
69481,1
69482,1
69483,1
69484,1
69485,1
69486,3
69487,2
69488,2
69489,2
69490,2
69491,0
69492,0
69493,0
69494,3
69495,3
69496,3
69497,3
69498,0
69499,0
69500,0
69501,0
69502,0
69503,0
69504,0
69505,3
69506,0
69507,0
69508,0
69509,0
69510,2
69511,0
69512,0
69513,0
69514,2
69515,0
69516,0
69517,0
69518,0
69519,2
69520,0
69521,0
69522,0
69523,0
69524,0
69525,0
69526,0
69527,0
69528,0
69529,2
69530,0
69531,0
69532,0
69533,2
69534,2
69535,0
69536,0
69537,2
69538,2
69539,3
69540,3
69541,2
69542,2
69543,2
69544,2
69545,2
69546,3
69547,2
69548,3
69549,0
69550,0
69551,0
69552,0
69553,2
69554,0
69555,0
69556,0
69557,0
69558,0
69559,0
69560,0
69561,0
69562,2
69563,2
69564,3
69565,3
69566,3
69567,3
69568,3
69569,3
69570,0
69571,2
69572,2
69573,2
69574,0
69575,2
69576,3
69577,3
69578,0
69579,2
69580,3
69581,3
69582,2
69583,3
69584,3
69585,2
69586,2
69587,2
69588,3
69589,3
69590,3
69591,3
69592,3
69593,3
69594,2
69595,1
69596,3
69597,3
69598,3
69599,3
69600,0
69601,0
69602,3
69603,2
69604,2
69605,3
69606,3
69607,3
69608,3
69609,2
69610,3
69611,3
69612,3
69613,3
69614,3
69615,3
69616,1
69617,3
69618,3
69619,3
69620,2
69621,2
69622,2
69623,2
69624,3
69625,2
69626,2
69627,2
69628,2
69629,2
69630,2
69631,2
69632,2
69633,2
69634,2
69635,2
69636,1
69637,2
69638,3
69639,3
69640,3
69641,2
69642,2
69643,3
69644,3
69645,2
69646,2
69647,3
69648,3
69649,3
69650,3
69651,3
69652,2
69653,2
69654,3
69655,3
69656,2
69657,3
69658,3
69659,2
69660,3
69661,2
69662,2
69663,3
69664,0
69665,0
69666,0
69667,0
69668,2
69669,3
69670,2
69671,2
69672,2
69673,2
69674,2
69675,0
69676,0
69677,3
69678,3
69679,0
69680,0
69681,0
69682,0
69683,0
69684,0
69685,0
69686,0
69687,0
69688,0
69689,2
69690,3
69691,0
69692,3
69693,0
69694,2
69695,2
69696,3
69697,3
69698,0
69699,2
69700,3
69701,3
69702,2
69703,3
69704,1
69705,3
69706,3
69707,3
69708,1
69709,1
69710,3
69711,1
69712,1
69713,1
69714,1
69715,1
69716,1
69717,1
69718,1
69719,1
69720,1
69721,1
69722,2
69723,3
69724,2
69725,1
69726,1
69727,1
69728,1
69729,3
69730,1
69731,1
69732,1
69733,3
69734,1
69735,3
69736,1
69737,2
69738,3
69739,2
69740,3
69741,3
69742,3
69743,3
69744,2
69745,3
69746,3
69747,2
69748,2
69749,3
69750,3
69751,3
69752,3
69753,3
69754,1
69755,3
69756,3
69757,2
69758,3
69759,2
69760,2
69761,3
69762,3
69763,2
69764,2
69765,3
69766,2
69767,3
69768,3
69769,3
69770,3
69771,0
69772,0
69773,0
69774,0
69775,0
69776,0
69777,0
69778,3
69779,0
69780,0
69781,0
69782,2
69783,2
69784,0
69785,0
69786,0
69787,2
69788,2
69789,0
69790,2
69791,0
69792,3
69793,3
69794,3
69795,3
69796,3
69797,3
69798,3
69799,3
69800,3
69801,0
69802,0
69803,3
69804,0
69805,0
69806,0
69807,0
69808,3
69809,0
69810,2
69811,0
69812,2
69813,0
69814,0
69815,0
69816,0
69817,0
69818,2
69819,3
69820,3
69821,2
69822,0
69823,0
69824,0
69825,3
69826,0
69827,0
69828,2
69829,0
69830,0
69831,0
69832,2
69833,0
69834,0
69835,0
69836,0
69837,3
69838,0
69839,0
69840,2
69841,0
69842,0
69843,2
69844,2
69845,0
69846,0
69847,3
69848,3
69849,0
69850,2
69851,0
69852,0
69853,0
69854,0
69855,0
69856,0
69857,0
69858,0
69859,0
69860,0
69861,0
69862,0
69863,0
69864,3
69865,3
69866,3
69867,2
69868,2
69869,3
69870,3
69871,3
69872,2
69873,2
69874,3
69875,3
69876,2
69877,3
69878,0
69879,3
69880,3
69881,3
69882,3
69883,2
69884,3
69885,3
69886,3
69887,3
69888,3
69889,2
69890,3
69891,3
69892,2
69893,2
69894,2
69895,2
69896,3
69897,3
69898,3
69899,2
69900,3
69901,3
69902,3
69903,3
69904,3
69905,3
69906,3
69907,3
69908,3
69909,0
69910,2
69911,3
69912,2
69913,2
69914,3
69915,0
69916,0
69917,0
69918,3
69919,0
69920,3
69921,2
69922,3
69923,0
69924,3
69925,2
69926,3
69927,2
69928,2
69929,2
69930,2
69931,2
69932,2
69933,2
69934,2
69935,2
69936,2
69937,2
69938,2
69939,2
69940,2
69941,2
69942,2
69943,2
69944,2
69945,2
69946,3
69947,2
69948,2
69949,3
69950,2
69951,2
69952,2
69953,2
69954,2
69955,3
69956,2
69957,2
69958,3
69959,2
69960,2
69961,2
69962,2
69963,3
69964,3
69965,2
69966,2
69967,2
69968,2
69969,2
69970,3
69971,0
69972,3
69973,3
69974,2
69975,3
69976,3
69977,3
69978,3
69979,2
69980,2
69981,2
69982,2
69983,2
69984,2
69985,2
69986,2
69987,2
69988,2
69989,2
69990,2
69991,0
69992,0
69993,0
69994,2
69995,0
69996,0
69997,0
69998,0
69999,0
70000,0
70001,0
70002,0
70003,3
70004,3
70005,3
70006,3
70007,3
70008,3
70009,3
70010,3
70011,2
70012,2
70013,2
70014,0
70015,2
70016,2
70017,2
70018,2
70019,3
70020,3
70021,2
70022,2
70023,2
70024,2
70025,2
70026,2
70027,2
70028,2
70029,2
70030,2
70031,2
70032,2
70033,2
70034,2
70035,2
70036,2
70037,2
70038,2
70039,2
70040,2
70041,2
70042,2
70043,2
70044,2
70045,2
70046,2
70047,2
70048,3
70049,2
70050,3
70051,3
70052,3
70053,3
70054,0
70055,3
70056,3
70057,3
70058,3
70059,3
70060,2
70061,3
70062,3
70063,0
70064,0
70065,0
70066,0
70067,0
70068,0
70069,2
70070,0
70071,0
70072,0
70073,3
70074,0
70075,0
70076,0
70077,0
70078,0
70079,2
70080,0
70081,0
70082,0
70083,0
70084,0
70085,0
70086,0
70087,0
70088,0
70089,2
70090,0
70091,0
70092,0
70093,0
70094,0
70095,2
70096,3
70097,2
70098,0
70099,0
70100,0
70101,0
70102,0
70103,0
70104,3
70105,2
70106,3
70107,0
70108,0
70109,0
70110,3
70111,0
70112,2
70113,2
70114,2
70115,3
70116,0
70117,0
70118,0
70119,0
70120,0
70121,0
70122,0
70123,0
70124,0
70125,0
70126,0
70127,0
70128,0
70129,0
70130,0
70131,0
70132,0
70133,2
70134,3
70135,0
70136,2
70137,2
70138,3
70139,2
70140,0
70141,0
70142,0
70143,0
70144,2
70145,0
70146,2
70147,2
70148,0
70149,0
70150,2
70151,2
70152,3
70153,0
70154,0
70155,0
70156,0
70157,2
70158,1
70159,0
70160,0
70161,0
70162,3
70163,2
70164,0
70165,0
70166,0
70167,0
70168,0
70169,0
70170,0
70171,2
70172,2
70173,2
70174,1
70175,1
70176,1
70177,1
70178,0
70179,1
70180,3
70181,3
70182,3
70183,3
70184,3
70185,3
70186,3
70187,3
70188,3
70189,3
70190,3
70191,3
70192,1
70193,2
70194,3
70195,3
70196,3
70197,3
70198,3
70199,3
70200,3
70201,3
70202,0
70203,0
70204,2
70205,3
70206,2
70207,3
70208,3
70209,3
70210,3
70211,2
70212,3
70213,3
70214,3
70215,2
70216,0
70217,0
70218,0
70219,2
70220,3
70221,0
70222,0
70223,2
70224,0
70225,0
70226,0
70227,2
70228,2
70229,0
70230,0
70231,0
70232,0
70233,0
70234,0
70235,0
70236,0
70237,0
70238,0
70239,0
70240,3
70241,0
70242,0
70243,0
70244,2
70245,0
70246,0
70247,0
70248,0
70249,2
70250,3
70251,0
70252,0
70253,0
70254,2
70255,0
70256,2
70257,3
70258,0
70259,3
70260,2
70261,0
70262,0
70263,0
70264,0
70265,0
70266,0
70267,2
70268,3
70269,3
70270,1
70271,3
70272,1
70273,0
70274,0
70275,0
70276,0
70277,0
70278,3
70279,3
70280,3
70281,2
70282,3
70283,2
70284,2
70285,3
70286,3
70287,3
70288,0
70289,0
70290,2
70291,0
70292,0
70293,3
70294,0
70295,0
70296,0
70297,0
70298,0
70299,0
70300,0
70301,0
70302,0
70303,2
70304,0
70305,0
70306,0
70307,2
70308,0
70309,0
70310,0
70311,0
70312,0
70313,0
70314,0
70315,0
70316,0
70317,2
70318,0
70319,0
70320,0
70321,0
70322,0
70323,0
70324,0
70325,0
70326,0
70327,0
70328,0
70329,0
70330,0
70331,0
70332,0
70333,0
70334,3
70335,0
70336,0
70337,2
70338,2
70339,0
70340,0
70341,0
70342,0
70343,0
70344,0
70345,2
70346,2
70347,0
70348,0
70349,0
70350,0
70351,0
70352,0
70353,0
70354,0
70355,2
70356,3
70357,2
70358,3
70359,3
70360,3
70361,3
70362,3
70363,3
70364,2
70365,3
70366,3
70367,2
70368,3
70369,3
70370,3
70371,2
70372,0
70373,0
70374,0
70375,0
70376,0
70377,0
70378,0
70379,0
70380,0
70381,0
70382,2
70383,0
70384,0
70385,2
70386,0
70387,0
70388,0
70389,3
70390,2
70391,2
70392,2
70393,2
70394,2
70395,1
70396,1
70397,3
70398,2
70399,0
70400,0
70401,0
70402,2
70403,2
70404,2
70405,0
70406,1
70407,1
70408,0
70409,0
70410,0
70411,0
70412,2
70413,0
70414,2
70415,0
70416,0
70417,0
70418,0
70419,0
70420,2
70421,2
70422,0
70423,0
70424,2
70425,0
70426,0
70427,2
70428,2
70429,0
70430,0
70431,0
70432,0
70433,0
70434,0
70435,0
70436,0
70437,2
70438,1
70439,1
70440,0
70441,0
70442,0
70443,3
70444,0
70445,0
70446,0
70447,0
70448,2
70449,2
70450,0
70451,0
70452,0
70453,0
70454,0
70455,0
70456,0
70457,0
70458,0
70459,0
70460,2
70461,2
70462,0
70463,3
70464,0
70465,0
70466,0
70467,0
70468,0
70469,0
70470,0
70471,2
70472,0
70473,2
70474,0
70475,0
70476,2
70477,0
70478,0
70479,2
70480,0
70481,0
70482,2
70483,2
70484,0
70485,0
70486,0
70487,0
70488,0
70489,2
70490,3
70491,2
70492,0
70493,0
70494,0
70495,0
70496,3
70497,0
70498,3
70499,0
70500,0
70501,2
70502,2
70503,0
70504,0
70505,2
70506,0
70507,0
70508,0
70509,0
70510,0
70511,0
70512,0
70513,0
70514,0
70515,2
70516,2
70517,3
70518,3
70519,2
70520,3
70521,2
70522,0
70523,0
70524,0
70525,0
70526,0
70527,0
70528,0
70529,0
70530,0
70531,2
70532,0
70533,0
70534,2
70535,0
70536,2
70537,0
70538,2
70539,0
70540,2
70541,0
70542,0
70543,0
70544,2
70545,0
70546,0
70547,0
70548,0
70549,0
70550,0
70551,0
70552,0
70553,3
70554,0
70555,0
70556,3
70557,0
70558,2
70559,0
70560,3
70561,2
70562,0
70563,2
70564,2
70565,0
70566,2
70567,0
70568,4
70569,3
70570,2
70571,2
70572,2
70573,2
70574,0
70575,3
70576,3
70577,2
70578,0
70579,0
70580,2
70581,2
70582,2
70583,3
70584,0
70585,2
70586,3
70587,2
70588,2
70589,2
70590,2
70591,2
70592,2
70593,2
70594,2
70595,2
70596,2
70597,3
70598,1
70599,3
70600,3
70601,2
70602,2
70603,3
70604,2
70605,2
70606,0
70607,2
70608,0
70609,0
70610,0
70611,2
70612,3
70613,2
70614,2
70615,3
70616,3
70617,3
70618,3
70619,2
70620,3
70621,2
70622,3
70623,3
70624,3
70625,3
70626,0
70627,2
70628,3
70629,3
70630,3
70631,2
70632,3
70633,3
70634,2
70635,3
70636,3
70637,3
70638,2
70639,3
70640,3
70641,2
70642,3
70643,3
70644,3
70645,3
70646,2
70647,3
70648,2
70649,2
70650,3
70651,0
70652,2
70653,0
70654,0
70655,0
70656,2
70657,0
70658,0
70659,0
70660,0
70661,1
70662,1
70663,0
70664,0
70665,2
70666,3
70667,2
70668,0
70669,0
70670,2
70671,2
70672,0
70673,0
70674,0
70675,0
70676,0
70677,0
70678,0
70679,0
70680,2
70681,0
70682,0
70683,0
70684,0
70685,0
70686,0
70687,3
70688,2
70689,2
70690,2
70691,3
70692,2
70693,0
70694,0
70695,3
70696,0
70697,2
70698,0
70699,0
70700,0
70701,2
70702,3
70703,3
70704,0
70705,2
70706,0
70707,0
70708,0
70709,0
70710,0
70711,1
70712,1
70713,3
70714,2
70715,0
70716,0
70717,0
70718,0
70719,2
70720,0
70721,0
70722,0
70723,0
70724,0
70725,0
70726,2
70727,0
70728,0
70729,0
70730,2
70731,2
70732,3
70733,2
70734,2
70735,2
70736,2
70737,2
70738,0
70739,0
70740,3
70741,3
70742,0
70743,0
70744,0
70745,3
70746,3
70747,3
70748,3
70749,3
70750,2
70751,0
70752,2
70753,2
70754,3
70755,0
70756,0
70757,0
70758,2
70759,0
70760,2
70761,0
70762,2
70763,3
70764,2
70765,0
70766,0
70767,0
70768,0
70769,2
70770,0
70771,0
70772,0
70773,0
70774,0
70775,0
70776,0
70777,0
70778,2
70779,0
70780,0
70781,2
70782,2
70783,0
70784,0
70785,2
70786,3
70787,3
70788,3
70789,3
70790,3
70791,3
70792,0
70793,2
70794,3
70795,0
70796,2
70797,2
70798,0
70799,2
70800,2
70801,0
70802,0
70803,0
70804,0
70805,0
70806,0
70807,1
70808,1
70809,1
70810,3
70811,3
70812,2
70813,3
70814,2
70815,2
70816,0
70817,0
70818,0
70819,0
70820,0
70821,2
70822,0
70823,0
70824,0
70825,0
70826,2
70827,0
70828,0
70829,2
70830,0
70831,0
70832,0
70833,0
70834,0
70835,0
70836,3
70837,3
70838,3
70839,3
70840,2
70841,2
70842,2
70843,0
70844,2
70845,2
70846,2
70847,0
70848,0
70849,0
70850,2
70851,0
70852,0
70853,0
70854,0
70855,0
70856,0
70857,0
70858,2
70859,0
70860,0
70861,0
70862,0
70863,0
70864,2
70865,3
70866,2
70867,1
70868,1
70869,1
70870,1
70871,2
70872,3
70873,0
70874,0
70875,0
70876,0
70877,2
70878,2
70879,2
70880,3
70881,3
70882,2
70883,0
70884,0
70885,0
70886,0
70887,0
70888,0
70889,0
70890,0
70891,0
70892,3
70893,0
70894,0
70895,0
70896,2
70897,0
70898,0
70899,0
70900,0
70901,0
70902,0
70903,0
70904,3
70905,3
70906,2
70907,2
70908,2
70909,0
70910,3
70911,3
70912,2
70913,3
70914,3
70915,2
70916,3
70917,3
70918,3
70919,2
70920,3
70921,0
70922,2
70923,2
70924,2
70925,2
70926,0
70927,0
70928,0
70929,2
70930,2
70931,0
70932,3
70933,0
70934,3
70935,0
70936,0
70937,0
70938,0
70939,0
70940,0
70941,0
70942,0
70943,3
70944,2
70945,0
70946,0
70947,0
70948,2
70949,0
70950,0
70951,0
70952,0
70953,0
70954,0
70955,0
70956,0
70957,0
70958,2
70959,0
70960,0
70961,0
70962,0
70963,0
70964,0
70965,0
70966,0
70967,0
70968,0
70969,0
70970,2
70971,0
70972,0
70973,0
70974,2
70975,0
70976,3
70977,2
70978,2
70979,2
70980,2
70981,2
70982,3
70983,2
70984,2
70985,3
70986,3
70987,0
70988,3
70989,3
70990,3
70991,3
70992,0
70993,0
70994,0
70995,0
70996,0
70997,0
70998,0
70999,0
71000,2
71001,0
71002,0
71003,0
71004,0
71005,2
71006,2
71007,2
71008,0
71009,3
71010,0
71011,2
71012,0
71013,0
71014,3
71015,2
71016,3
71017,3
71018,4
71019,2
71020,3
71021,2
71022,3
71023,0
71024,3
71025,3
71026,3
71027,2
71028,3
71029,2
71030,0
71031,0
71032,3
71033,2
71034,0
71035,3
71036,0
71037,0
71038,2
71039,0
71040,0
71041,0
71042,2
71043,0
71044,2
71045,2
71046,3
71047,3
71048,3
71049,0
71050,0
71051,0
71052,0
71053,0
71054,3
71055,3
71056,3
71057,3
71058,0
71059,2
71060,2
71061,2
71062,0
71063,0
71064,0
71065,2
71066,0
71067,0
71068,0
71069,3
71070,3
71071,0
71072,0
71073,0
71074,0
71075,3
71076,3
71077,0
71078,2
71079,3
71080,2
71081,3
71082,2
71083,3
71084,3
71085,3
71086,2
71087,3
71088,0
71089,2
71090,2
71091,2
71092,2
71093,3
71094,0
71095,0
71096,2
71097,2
71098,0
71099,0
71100,3
71101,2
71102,2
71103,2
71104,2
71105,2
71106,2
71107,2
71108,2
71109,2
71110,2
71111,2
71112,3
71113,3
71114,3
71115,2
71116,3
71117,3
71118,3
71119,3
71120,3
71121,3
71122,3
71123,3
71124,3
71125,2
71126,2
71127,3
71128,2
71129,3
71130,3
71131,3
71132,3
71133,3
71134,0
71135,0
71136,0
71137,2
71138,0
71139,2
71140,0
71141,3
71142,2
71143,2
71144,3
71145,3
71146,3
71147,2
71148,3
71149,2
71150,3
71151,3
71152,3
71153,0
71154,0
71155,0
71156,2
71157,0
71158,0
71159,3
71160,1
71161,1
71162,0
71163,0
71164,0
71165,0
71166,2
71167,3
71168,2
71169,2
71170,2
71171,2
71172,2
71173,3
71174,3
71175,0
71176,3
71177,3
71178,3
71179,0
71180,3
71181,0
71182,1
71183,4
71184,3
71185,3
71186,3
71187,3
71188,3
71189,3
71190,3
71191,0
71192,3
71193,3
71194,2
71195,3
71196,3
71197,3
71198,3
71199,2
71200,3
71201,3
71202,3
71203,3
71204,3
71205,3
71206,3
71207,3
71208,3
71209,3
71210,3
71211,3
71212,3
71213,3
71214,2
71215,3
71216,3
71217,3
71218,3
71219,3
71220,0
71221,0
71222,0
71223,0
71224,2
71225,2
71226,3
71227,3
71228,3
71229,2
71230,3
71231,0
71232,0
71233,0
71234,0
71235,0
71236,0
71237,0
71238,3
71239,0
71240,2
71241,0
71242,2
71243,2
71244,0
71245,3
71246,3
71247,2
71248,3
71249,3
71250,3
71251,3
71252,0
71253,3
71254,3
71255,2
71256,3
71257,3
71258,3
71259,0
71260,2
71261,3
71262,2
71263,3
71264,3
71265,3
71266,3
71267,0
71268,3
71269,3
71270,3
71271,3
71272,3
71273,2
71274,3
71275,2
71276,2
71277,3
71278,2
71279,2
71280,2
71281,3
71282,0
71283,0
71284,3
71285,0
71286,3
71287,2
71288,3
71289,3
71290,2
71291,2
71292,3
71293,3
71294,1
71295,2
71296,3
71297,3
71298,3
71299,3
71300,3
71301,2
71302,3
71303,2
71304,3
71305,0
71306,0
71307,0
71308,3
71309,0
71310,3
71311,3
71312,2
71313,3
71314,3
71315,3
71316,3
71317,0
71318,0
71319,3
71320,0
71321,0
71322,0
71323,3
71324,2
71325,2
71326,2
71327,3
71328,2
71329,3
71330,3
71331,3
71332,3
71333,3
71334,3
71335,3
71336,2
71337,2
71338,2
71339,2
71340,3
71341,0
71342,0
71343,0
71344,2
71345,2
71346,0
71347,0
71348,0
71349,0
71350,0
71351,0
71352,0
71353,3
71354,2
71355,3
71356,2
71357,2
71358,3
71359,0
71360,2
71361,3
71362,0
71363,3
71364,3
71365,3
71366,0
71367,0
71368,0
71369,0
71370,0
71371,0
71372,0
71373,3
71374,2
71375,0
71376,0
71377,0
71378,0
71379,0
71380,2
71381,0
71382,2
71383,3
71384,0
71385,0
71386,0
71387,0
71388,3
71389,0
71390,3
71391,0
71392,0
71393,0
71394,0
71395,0
71396,0
71397,0
71398,0
71399,0
71400,2
71401,0
71402,0
71403,0
71404,0
71405,0
71406,0
71407,3
71408,3
71409,0
71410,0
71411,0
71412,3
71413,3
71414,0
71415,0
71416,0
71417,0
71418,2
71419,0
71420,0
71421,0
71422,0
71423,3
71424,0
71425,0
71426,0
71427,0
71428,3
71429,0
71430,0
71431,0
71432,3
71433,3
71434,3
71435,3
71436,3
71437,3
71438,3
71439,3
71440,3
71441,3
71442,3
71443,3
71444,3
71445,3
71446,3
71447,3
71448,1
71449,1
71450,1
71451,1
71452,1
71453,1
71454,0
71455,2
71456,3
71457,0
71458,3
71459,0
71460,1
71461,1
71462,1
71463,1
71464,1
71465,3
71466,3
71467,3
71468,3
71469,3
71470,3
71471,3
71472,3
71473,3
71474,3
71475,3
71476,3
71477,2
71478,2
71479,2
71480,3
71481,2
71482,2
71483,3
71484,2
71485,2
71486,2
71487,2
71488,3
71489,3
71490,3
71491,2
71492,2
71493,3
71494,3
71495,2
71496,3
71497,3
71498,3
71499,3
71500,2
71501,3
71502,2
71503,3
71504,1
71505,3
71506,3
71507,1
71508,2
71509,3
71510,3
71511,1
71512,3
71513,3
71514,3
71515,3
71516,3
71517,0
71518,3
71519,3
71520,3
71521,3
71522,3
71523,3
71524,3
71525,3
71526,3
71527,3
71528,0
71529,3
71530,3
71531,3
71532,3
71533,2
71534,2
71535,3
71536,3
71537,3
71538,3
71539,3
71540,3
71541,3
71542,3
71543,3
71544,3
71545,3
71546,3
71547,3
71548,3
71549,3
71550,3
71551,3
71552,3
71553,2
71554,3
71555,3
71556,3
71557,1
71558,1
71559,2
71560,3
71561,3
71562,0
71563,3
71564,2
71565,1
71566,1
71567,3
71568,2
71569,3
71570,3
71571,3
71572,3
71573,0
71574,0
71575,0
71576,0
71577,0
71578,0
71579,2
71580,2
71581,0
71582,0
71583,0
71584,0
71585,0
71586,0
71587,0
71588,0
71589,2
71590,0
71591,2
71592,0
71593,2
71594,0
71595,0
71596,0
71597,0
71598,0
71599,0
71600,0
71601,2
71602,2
71603,0
71604,0
71605,0
71606,0
71607,3
71608,3
71609,3
71610,3
71611,2
71612,2
71613,3
71614,2
71615,2
71616,3
71617,3
71618,3
71619,3
71620,3
71621,3
71622,0
71623,0
71624,0
71625,3
71626,3
71627,0
71628,0
71629,0
71630,3
71631,3
71632,3
71633,1
71634,2
71635,1
71636,1
71637,1
71638,3
71639,3
71640,1
71641,1
71642,3
71643,3
71644,3
71645,0
71646,3
71647,2
71648,0
71649,0
71650,0
71651,0
71652,0
71653,0
71654,0
71655,0
71656,0
71657,3
71658,3
71659,3
71660,3
71661,3
71662,3
71663,3
71664,3
71665,3
71666,3
71667,3
71668,3
71669,3
71670,3
71671,2
71672,1
71673,1
71674,1
71675,1
71676,1
71677,1
71678,3
71679,1
71680,1
71681,1
71682,3
71683,3
71684,3
71685,0
71686,3
71687,1
71688,1
71689,1
71690,1
71691,1
71692,1
71693,1
71694,1
71695,1
71696,1
71697,3
71698,1
71699,1
71700,1
71701,1
71702,1
71703,1
71704,0
71705,1
71706,1
71707,1
71708,1
71709,1
71710,1
71711,3
71712,3
71713,3
71714,3
71715,3
71716,3
71717,3
71718,1
71719,2
71720,3
71721,0
71722,3
71723,2
71724,0
71725,0
71726,3
71727,3
71728,1
71729,1
71730,1
71731,1
71732,3
71733,3
71734,3
71735,3
71736,0
71737,3
71738,0
71739,2
71740,3
71741,0
71742,3
71743,2
71744,2
71745,3
71746,3
71747,0
71748,3
71749,3
71750,2
71751,2
71752,2
71753,3
71754,3
71755,2
71756,2
71757,3
71758,1
71759,3
71760,1
71761,1
71762,1
71763,3
71764,3
71765,2
71766,3
71767,2
71768,2
71769,2
71770,2
71771,3
71772,2
71773,2
71774,3
71775,2
71776,2
71777,2
71778,3
71779,2
71780,2
71781,2
71782,2
71783,2
71784,2
71785,2
71786,2
71787,2
71788,2
71789,2
71790,2
71791,2
71792,1
71793,2
71794,2
71795,2
71796,2
71797,3
71798,2
71799,2
71800,1
71801,2
71802,2
71803,2
71804,2
71805,2
71806,2
71807,2
71808,2
71809,2
71810,3
71811,2
71812,3
71813,2
71814,2
71815,2
71816,2
71817,0
71818,0
71819,0
71820,2
71821,2
71822,2
71823,2
71824,2
71825,2
71826,2
71827,2
71828,2
71829,2
71830,2
71831,2
71832,2
71833,2
71834,2
71835,2
71836,2
71837,2
71838,2
71839,2
71840,2
71841,2
71842,2
71843,2
71844,2
71845,2
71846,1
71847,2
71848,2
71849,2
71850,0
71851,0
71852,2
71853,2
71854,1
71855,1
71856,3
71857,2
71858,2
71859,2
71860,2
71861,2
71862,2
71863,2
71864,2
71865,2
71866,2
71867,2
71868,2
71869,2
71870,2
71871,2
71872,2
71873,2
71874,2
71875,2
71876,2
71877,2
71878,2
71879,3
71880,2
71881,2
71882,2
71883,2
71884,2
71885,3
71886,2
71887,2
71888,2
71889,2
71890,2
71891,2
71892,2
71893,2
71894,2
71895,2
71896,2
71897,2
71898,2
71899,2
71900,2
71901,2
71902,2
71903,2
71904,2
71905,3
71906,2
71907,2
71908,2
71909,2
71910,2
71911,2
71912,2
71913,2
71914,1
71915,2
71916,2
71917,1
71918,1
71919,1
71920,1
71921,1
71922,1
71923,1
71924,3
71925,1
71926,1
71927,1
71928,1
71929,2
71930,2
71931,2
71932,2
71933,2
71934,2
71935,3
71936,3
71937,3
71938,3
71939,3
71940,3
71941,3
71942,3
71943,3
71944,3
71945,3
71946,0
71947,3
71948,0
71949,2
71950,1
71951,2
71952,2
71953,3
71954,2
71955,1
71956,1
71957,1
71958,3
71959,3
71960,3
71961,2
71962,3
71963,2
71964,2
71965,0
71966,0
71967,0
71968,0
71969,0
71970,0
71971,0
71972,0
71973,0
71974,0
71975,0
71976,0
71977,0
71978,3
71979,3
71980,3
71981,3
71982,3
71983,3
71984,3
71985,1
71986,1
71987,3
71988,2
71989,0
71990,1
71991,1
71992,0
71993,0
71994,0
71995,1
71996,0
71997,0
71998,0
71999,0
72000,0
72001,0
72002,0
72003,0
72004,0
72005,2
72006,0
72007,0
72008,0
72009,0
72010,0
72011,2
72012,1
72013,2
72014,1
72015,1
72016,1
72017,1
72018,1
72019,0
72020,1
72021,0
72022,2
72023,1
72024,3
72025,0
72026,0
72027,0
72028,0
72029,5
72030,0
72031,0
72032,0
72033,0
72034,0
72035,0
72036,1
72037,0
72038,0
72039,2
72040,2
72041,3
72042,2
72043,2
72044,2
72045,2
72046,2
72047,3
72048,3
72049,0
72050,0
72051,0
72052,0
72053,3
72054,3
72055,3
72056,3
72057,2
72058,3
72059,3
72060,2
72061,3
72062,3
72063,2
72064,3
72065,2
72066,3
72067,2
72068,3
72069,3
72070,2
72071,2
72072,2
72073,2
72074,2
72075,2
72076,2
72077,2
72078,3
72079,3
72080,2
72081,3
72082,2
72083,2
72084,3
72085,2
72086,2
72087,3
72088,2
72089,2
72090,1
72091,1
72092,1
72093,2
72094,2
72095,2
72096,0
72097,0
72098,2
72099,2
72100,0
72101,0
72102,2
72103,2
72104,3
72105,3
72106,1
72107,3
72108,3
72109,2
72110,3
72111,0
72112,0
72113,0
72114,2
72115,0
72116,0
72117,0
72118,0
72119,0
72120,0
72121,0
72122,0
72123,0
72124,0
72125,0
72126,2
72127,2
72128,0
72129,3
72130,3
72131,3
72132,2
72133,3
72134,3
72135,2
72136,0
72137,1
72138,1
72139,1
72140,1
72141,0
72142,0
72143,0
72144,0
72145,0
72146,2
72147,3
72148,0
72149,2
72150,0
72151,0
72152,0
72153,0
72154,0
72155,2
72156,1
72157,1
72158,2
72159,2
72160,3
72161,3
72162,2
72163,2
72164,2
72165,3
72166,2
72167,2
72168,3
72169,2
72170,1
72171,1
72172,0
72173,1
72174,2
72175,2
72176,3
72177,2
72178,2
72179,2
72180,2
72181,2
72182,2
72183,2
72184,2
72185,2
72186,2
72187,2
72188,2
72189,2
72190,2
72191,2
72192,3
72193,3
72194,3
72195,2
72196,0
72197,2
72198,0
72199,0
72200,2
72201,2
72202,2
72203,2
72204,2
72205,2
72206,2
72207,2
72208,2
72209,2
72210,2
72211,2
72212,2
72213,2
72214,3
72215,2
72216,2
72217,3
72218,2
72219,2
72220,2
72221,2
72222,2
72223,2
72224,2
72225,2
72226,2
72227,2
72228,2
72229,2
72230,3
72231,2
72232,2
72233,0
72234,0
72235,3
72236,2
72237,1
72238,1
72239,1
72240,1
72241,1
72242,3
72243,3
72244,2
72245,2
72246,2
72247,0
72248,0
72249,2
72250,2
72251,2
72252,2
72253,0
72254,0
72255,0
72256,0
72257,0
72258,3
72259,0
72260,0
72261,2
72262,2
72263,3
72264,2
72265,2
72266,2
72267,2
72268,3
72269,2
72270,2
72271,2
72272,2
72273,2
72274,2
72275,0
72276,2
72277,1
72278,0
72279,3
72280,0
72281,0
72282,3
72283,3
72284,3
72285,2
72286,0
72287,2
72288,2
72289,3
72290,0
72291,0
72292,2
72293,2
72294,3
72295,1
72296,3
72297,2
72298,1
72299,2
72300,1
72301,2
72302,2
72303,3
72304,2
72305,2
72306,3
72307,3
72308,2
72309,2
72310,1
72311,3
72312,2
72313,2
72314,3
72315,2
72316,2
72317,3
72318,1
72319,1
72320,2
72321,3
72322,1
72323,1
72324,1
72325,3
72326,1
72327,3
72328,1
72329,3
72330,3
72331,3
72332,1
72333,0
72334,1
72335,2
72336,1
72337,3
72338,3
72339,3
72340,2
72341,3
72342,2
72343,2
72344,0
72345,3
72346,3
72347,3
72348,2
72349,2
72350,3
72351,3
72352,3
72353,2
72354,3
72355,2
72356,3
72357,2
72358,2
72359,3
72360,2
72361,3
72362,2
72363,0
72364,2
72365,3
72366,2
72367,3
72368,2
72369,2
72370,3
72371,2
72372,1
72373,1
72374,2
72375,3
72376,1
72377,1
72378,2
72379,2
72380,3
72381,3
72382,3
72383,3
72384,3
72385,3
72386,3
72387,2
72388,3
72389,2
72390,1
72391,1
72392,3
72393,0
72394,0
72395,0
72396,3
72397,3
72398,2
72399,3
72400,3
72401,3
72402,3
72403,3
72404,3
72405,3
72406,1
72407,2
72408,3
72409,2
72410,3
72411,3
72412,3
72413,2
72414,3
72415,3
72416,3
72417,2
72418,3
72419,2
72420,3
72421,1
72422,0
72423,3
72424,3
72425,3
72426,2
72427,3
72428,3
72429,3
72430,2
72431,2
72432,2
72433,2
72434,2
72435,2
72436,2
72437,3
72438,2
72439,2
72440,2
72441,2
72442,2
72443,2
72444,2
72445,2
72446,2
72447,2
72448,3
72449,2
72450,2
72451,2
72452,2
72453,1
72454,2
72455,2
72456,2
72457,1
72458,1
72459,1
72460,1
72461,0
72462,0
72463,3
72464,2
72465,2
72466,2
72467,2
72468,2
72469,2
72470,3
72471,3
72472,0
72473,0
72474,0
72475,3
72476,0
72477,2
72478,2
72479,3
72480,2
72481,0
72482,0
72483,0
72484,0
72485,2
72486,0
72487,0
72488,0
72489,2
72490,0
72491,1
72492,3
72493,3
72494,3
72495,2
72496,2
72497,3
72498,2
72499,3
72500,3
72501,3
72502,2
72503,2
72504,2
72505,2
72506,3
72507,3
72508,2
72509,3
72510,2
72511,2
72512,2
72513,2
72514,2
72515,3
72516,1
72517,3
72518,2
72519,3
72520,2
72521,2
72522,2
72523,0
72524,2
72525,0
72526,0
72527,2
72528,2
72529,2
72530,2
72531,3
72532,2
72533,0
72534,2
72535,2
72536,3
72537,2
72538,2
72539,3
72540,2
72541,3
72542,3
72543,2
72544,2
72545,2
72546,2
72547,1
72548,1
72549,2
72550,0
72551,1
72552,3
72553,2
72554,3
72555,1
72556,1
72557,3
72558,1
72559,3
72560,1
72561,1
72562,1
72563,1
72564,2
72565,0
72566,1
72567,0
72568,1
72569,2
72570,2
72571,2
72572,0
72573,2
72574,2
72575,0
72576,2
72577,2
72578,0
72579,2
72580,3
72581,1
72582,1
72583,2
72584,0
72585,0
72586,0
72587,0
72588,0
72589,2
72590,0
72591,0
72592,0
72593,0
72594,0
72595,0
72596,1
72597,3
72598,2
72599,3
72600,0
72601,3
72602,3
72603,3
72604,3
72605,2
72606,3
72607,3
72608,2
72609,3
72610,3
72611,4
72612,3
72613,2
72614,3
72615,3
72616,3
72617,1
72618,0
72619,0
72620,3
72621,1
72622,2
72623,1
72624,2
72625,2
72626,0
72627,0
72628,0
72629,3
72630,2
72631,2
72632,0
72633,2
72634,0
72635,2
72636,3
72637,0
72638,0
72639,0
72640,0
72641,0
72642,2
72643,0
72644,0
72645,0
72646,0
72647,0
72648,2
72649,0
72650,0
72651,2
72652,0
72653,2
72654,4
72655,0
72656,0
72657,0
72658,2
72659,0
72660,0
72661,0
72662,0
72663,0
72664,0
72665,2
72666,0
72667,2
72668,0
72669,0
72670,0
72671,0
72672,2
72673,0
72674,0
72675,3
72676,0
72677,0
72678,0
72679,2
72680,0
72681,2
72682,0
72683,0
72684,0
72685,0
72686,2
72687,0
72688,0
72689,0
72690,0
72691,0
72692,0
72693,2
72694,2
72695,0
72696,0
72697,0
72698,3
72699,0
72700,0
72701,0
72702,3
72703,1
72704,0
72705,2
72706,0
72707,2
72708,3
72709,0
72710,0
72711,0
72712,0
72713,0
72714,0
72715,0
72716,0
72717,3
72718,3
72719,0
72720,0
72721,0
72722,0
72723,0
72724,0
72725,3
72726,2
72727,2
72728,1
72729,1
72730,0
72731,3
72732,0
72733,0
72734,0
72735,0
72736,0
72737,0
72738,0
72739,2
72740,2
72741,3
72742,3
72743,3
72744,3
72745,2
72746,3
72747,2
72748,1
72749,2
72750,3
72751,2
72752,3
72753,3
72754,0
72755,0
72756,1
72757,0
72758,0
72759,0
72760,0
72761,0
72762,2
72763,0
72764,0
72765,0
72766,2
72767,0
72768,0
72769,0
72770,3
72771,0
72772,0
72773,3
72774,3
72775,3
72776,0
72777,2
72778,0
72779,0
72780,0
72781,2
72782,3
72783,3
72784,2
72785,3
72786,2
72787,2
72788,2
72789,0
72790,3
72791,3
72792,3
72793,3
72794,2
72795,3
72796,3
72797,3
72798,0
72799,3
72800,1
72801,3
72802,3
72803,3
72804,3
72805,0
72806,3
72807,2
72808,3
72809,3
72810,3
72811,0
72812,0
72813,0
72814,0
72815,0
72816,0
72817,0
72818,0
72819,0
72820,3
72821,0
72822,0
72823,0
72824,0
72825,0
72826,0
72827,0
72828,3
72829,2
72830,3
72831,3
72832,3
72833,3
72834,0
72835,0
72836,0
72837,0
72838,0
72839,0
72840,0
72841,3
72842,0
72843,3
72844,3
72845,3
72846,0
72847,0
72848,3
72849,3
72850,3
72851,3
72852,3
72853,2
72854,2
72855,2
72856,2
72857,3
72858,2
72859,2
72860,3
72861,3
72862,3
72863,0
72864,0
72865,0
72866,3
72867,3
72868,3
72869,3
72870,3
72871,1
72872,3
72873,1
72874,1
72875,0
72876,3
72877,3
72878,3
72879,3
72880,3
72881,3
72882,3
72883,3
72884,3
72885,3
72886,3
72887,0
72888,3
72889,3
72890,3
72891,3
72892,3
72893,3
72894,3
72895,2
72896,3
72897,3
72898,3
72899,3
72900,3
72901,3
72902,3
72903,3
72904,3
72905,3
72906,3
72907,3
72908,3
72909,3
72910,3
72911,3
72912,3
72913,3
72914,3
72915,2
72916,2
72917,2
72918,3
72919,2
72920,2
72921,3
72922,3
72923,3
72924,3
72925,3
72926,3
72927,3
72928,2
72929,3
72930,3
72931,3
72932,3
72933,3
72934,2
72935,2
72936,3
72937,2
72938,2
72939,3
72940,3
72941,3
72942,3
72943,3
72944,0
72945,3
72946,2
72947,2
72948,3
72949,0
72950,0
72951,3
72952,3
72953,3
72954,3
72955,3
72956,3
72957,3
72958,3
72959,3
72960,3
72961,2
72962,3
72963,2
72964,0
72965,2
72966,3
72967,3
72968,3
72969,3
72970,3
72971,0
72972,3
72973,3
72974,2
72975,2
72976,2
72977,3
72978,2
72979,2
72980,3
72981,2
72982,0
72983,0
72984,2
72985,0
72986,2
72987,0
72988,3
72989,3
72990,3
72991,2
72992,2
72993,2
72994,3
72995,3
72996,3
72997,3
72998,3
72999,2
73000,3
73001,3
73002,3
73003,3
73004,3
73005,3
73006,3
73007,3
73008,2
73009,3
73010,3
73011,3
73012,3
73013,2
73014,2
73015,3
73016,3
73017,3
73018,3
73019,3
73020,2
73021,2
73022,2
73023,3
73024,3
73025,3
73026,3
73027,3
73028,3
73029,3
73030,3
73031,3
73032,3
73033,3
73034,3
73035,3
73036,3
73037,3
73038,3
73039,3
73040,3
73041,3
73042,3
73043,3
73044,3
73045,3
73046,3
73047,3
73048,3
73049,3
73050,3
73051,2
73052,3
73053,3
73054,3
73055,3
73056,2
73057,2
73058,0
73059,2
73060,3
73061,3
73062,3
73063,0
73064,0
73065,3
73066,3
73067,3
73068,3
73069,3
73070,3
73071,2
73072,3
73073,3
73074,3
73075,2
73076,2
73077,3
73078,3
73079,3
73080,3
73081,2
73082,3
73083,3
73084,3
73085,3
73086,3
73087,3
73088,3
73089,3
73090,3
73091,2
73092,3
73093,3
73094,0
73095,0
73096,3
73097,3
73098,3
73099,3
73100,3
73101,3
73102,2
73103,2
73104,3
73105,3
73106,3
73107,3
73108,3
73109,3
73110,3
73111,3
73112,3
73113,3
73114,3
73115,3
73116,3
73117,3
73118,3
73119,3
73120,3
73121,3
73122,3
73123,2
73124,3
73125,3
73126,3
73127,3
73128,3
73129,3
73130,3
73131,3
73132,3
73133,2
73134,3
73135,3
73136,3
73137,3
73138,2
73139,0
73140,3
73141,3
73142,3
73143,3
73144,3
73145,3
73146,3
73147,3
73148,3
73149,2
73150,3
73151,0
73152,0
73153,3
73154,0
73155,3
73156,3
73157,3
73158,2
73159,2
73160,3
73161,3
73162,2
73163,3
73164,3
73165,3
73166,3
73167,3
73168,3
73169,3
73170,3
73171,3
73172,3
73173,3
73174,3
73175,3
73176,3
73177,3
73178,3
73179,3
73180,2
73181,3
73182,3
73183,3
73184,3
73185,3
73186,3
73187,2
73188,2
73189,3
73190,2
73191,3
73192,3
73193,3
73194,3
73195,3
73196,3
73197,3
73198,0
73199,0
73200,2
73201,3
73202,3
73203,2
73204,3
73205,3
73206,3
73207,2
73208,2
73209,3
73210,3
73211,3
73212,3
73213,3
73214,2
73215,3
73216,3
73217,3
73218,3
73219,3
73220,3
73221,3
73222,3
73223,3
73224,3
73225,3
73226,3
73227,3
73228,3
73229,3
73230,3
73231,3
73232,3
73233,3
73234,3
73235,3
73236,3
73237,2
73238,3
73239,3
73240,3
73241,3
73242,3
73243,0
73244,2
73245,2
73246,2
73247,3
73248,2
73249,2
73250,3
73251,3
73252,2
73253,3
73254,3
73255,3
73256,3
73257,1
73258,3
73259,2
73260,3
73261,3
73262,3
73263,3
73264,3
73265,3
73266,3
73267,3
73268,3
73269,3
73270,2
73271,3
73272,3
73273,3
73274,2
73275,3
73276,3
73277,3
73278,3
73279,2
73280,2
73281,3
73282,3
73283,3
73284,0
73285,0
73286,0
73287,0
73288,3
73289,3
73290,3
73291,3
73292,3
73293,3
73294,3
73295,3
73296,3
73297,3
73298,3
73299,2
73300,3
73301,2
73302,2
73303,2
73304,3
73305,3
73306,3
73307,2
73308,3
73309,2
73310,3
73311,2
73312,2
73313,2
73314,2
73315,2
73316,3
73317,2
73318,2
73319,2
73320,2
73321,2
73322,2
73323,3
73324,2
73325,3
73326,2
73327,2
73328,2
73329,2
73330,2
73331,2
73332,2
73333,2
73334,3
73335,2
73336,3
73337,3
73338,3
73339,3
73340,2
73341,2
73342,2
73343,2
73344,2
73345,2
73346,3
73347,2
73348,2
73349,2
73350,3
73351,3
73352,2
73353,3
73354,1
73355,3
73356,2
73357,2
73358,2
73359,2
73360,2
73361,2
73362,2
73363,3
73364,2
73365,2
73366,2
73367,3
73368,2
73369,2
73370,2
73371,0
73372,2
73373,2
73374,3
73375,3
73376,3
73377,3
73378,2
73379,3
73380,2
73381,2
73382,2
73383,3
73384,2
73385,2
73386,2
73387,2
73388,2
73389,2
73390,2
73391,2
73392,2
73393,2
73394,2
73395,2
73396,2
73397,3
73398,2
73399,2
73400,2
73401,3
73402,2
73403,2
73404,3
73405,2
73406,2
73407,2
73408,2
73409,0
73410,3
73411,2
73412,2
73413,3
73414,2
73415,3
73416,2
73417,2
73418,2
73419,2
73420,3
73421,1
73422,3
73423,3
73424,3
73425,3
73426,2
73427,2
73428,2
73429,2
73430,3
73431,2
73432,2
73433,2
73434,3
73435,2
73436,3
73437,3
73438,2
73439,2
73440,2
73441,3
73442,2
73443,2
73444,3
73445,2
73446,3
73447,2
73448,2
73449,3
73450,2
73451,2
73452,2
73453,2
73454,2
73455,2
73456,2
73457,2
73458,2
73459,2
73460,2
73461,2
73462,2
73463,2
73464,2
73465,2
73466,2
73467,3
73468,2
73469,2
73470,2
73471,2
73472,2
73473,3
73474,2
73475,0
73476,2
73477,2
73478,3
73479,2
73480,2
73481,3
73482,3
73483,3
73484,2
73485,3
73486,2
73487,2
73488,2
73489,2
73490,3
73491,2
73492,2
73493,3
73494,3
73495,3
73496,2
73497,2
73498,2
73499,2
73500,3
73501,2
73502,2
73503,3
73504,2
73505,2
73506,2
73507,2
73508,2
73509,2
73510,2
73511,2
73512,2
73513,2
73514,2
73515,2
73516,2
73517,2
73518,2
73519,3
73520,3
73521,3
73522,3
73523,3
73524,2
73525,3
73526,2
73527,2
73528,2
73529,2
73530,2
73531,3
73532,3
73533,3
73534,3
73535,3
73536,3
73537,2
73538,3
73539,2
73540,3
73541,2
73542,2
73543,2
73544,2
73545,3
73546,2
73547,3
73548,2
73549,2
73550,2
73551,2
73552,3
73553,2
73554,2
73555,2
73556,2
73557,2
73558,3
73559,3
73560,3
73561,3
73562,2
73563,2
73564,2
73565,2
73566,2
73567,2
73568,2
73569,2
73570,3
73571,3
73572,2
73573,3
73574,3
73575,3
73576,2
73577,2
73578,2
73579,3
73580,3
73581,3
73582,3
73583,3
73584,2
73585,3
73586,2
73587,2
73588,2
73589,3
73590,2
73591,2
73592,2
73593,3
73594,2
73595,2
73596,2
73597,2
73598,2
73599,2
73600,2
73601,2
73602,2
73603,2
73604,2
73605,3
73606,2
73607,2
73608,3
73609,2
73610,2
73611,2
73612,2
73613,2
73614,2
73615,2
73616,3
73617,2
73618,3
73619,2
73620,3
73621,2
73622,2
73623,2
73624,2
73625,2
73626,2
73627,2
73628,2
73629,2
73630,2
73631,1
73632,3
73633,2
73634,2
73635,3
73636,2
73637,2
73638,3
73639,3
73640,3
73641,2
73642,0
73643,2
73644,2
73645,3
73646,3
73647,2
73648,2
73649,3
73650,3
73651,2
73652,3
73653,2
73654,3
73655,3
73656,2
73657,3
73658,3
73659,2
73660,2
73661,2
73662,2
73663,2
73664,3
73665,3
73666,2
73667,2
73668,2
73669,3
73670,2
73671,2
73672,2
73673,2
73674,3
73675,2
73676,3
73677,2
73678,2
73679,2
73680,3
73681,0
73682,2
73683,3
73684,2
73685,2
73686,2
73687,3
73688,3
73689,3
73690,2
73691,2
73692,2
73693,2
73694,3
73695,3
73696,2
73697,2
73698,3
73699,3
73700,3
73701,2
73702,2
73703,2
73704,3
73705,2
73706,2
73707,2
73708,2
73709,2
73710,3
73711,2
73712,2
73713,2
73714,2
73715,3
73716,2
73717,2
73718,2
73719,3
73720,3
73721,2
73722,3
73723,2
73724,2
73725,2
73726,2
73727,2
73728,2
73729,3
73730,3
73731,2
73732,2
73733,2
73734,3
73735,2
73736,2
73737,2
73738,2
73739,2
73740,2
73741,2
73742,2
73743,2
73744,3
73745,2
73746,2
73747,3
73748,3
73749,2
73750,2
73751,2
73752,3
73753,3
73754,2
73755,2
73756,3
73757,2
73758,2
73759,2
73760,2
73761,2
73762,2
73763,2
73764,2
73765,3
73766,2
73767,2
73768,2
73769,3
73770,2
73771,3
73772,2
73773,3
73774,2
73775,2
73776,3
73777,2
73778,3
73779,3
73780,3
73781,3
73782,3
73783,2
73784,2
73785,3
73786,2
73787,2
73788,2
73789,2
73790,2
73791,3
73792,3
73793,3
73794,2
73795,2
73796,2
73797,2
73798,2
73799,3
73800,3
73801,2
73802,2
73803,2
73804,3
73805,3
73806,2
73807,3
73808,3
73809,2
73810,3
73811,2
73812,3
73813,3
73814,2
73815,2
73816,2
73817,3
73818,2
73819,3
73820,3
73821,2
73822,2
73823,2
73824,2
73825,2
73826,0
73827,2
73828,3
73829,2
73830,2
73831,2
73832,2
73833,2
73834,2
73835,2
73836,2
73837,2
73838,3
73839,2
73840,2
73841,2
73842,3
73843,2
73844,3
73845,2
73846,2
73847,2
73848,3
73849,3
73850,2
73851,3
73852,3
73853,2
73854,2
73855,2
73856,2
73857,2
73858,3
73859,2
73860,2
73861,2
73862,2
73863,3
73864,3
73865,3
73866,2
73867,3
73868,3
73869,2
73870,3
73871,3
73872,2
73873,2
73874,2
73875,2
73876,2
73877,2
73878,2
73879,2
73880,3
73881,3
73882,2
73883,3
73884,3
73885,2
73886,2
73887,3
73888,3
73889,3
73890,2
73891,2
73892,2
73893,2
73894,3
73895,2
73896,3
73897,2
73898,3
73899,3
73900,3
73901,2
73902,2
73903,3
73904,3
73905,2
73906,2
73907,2
73908,2
73909,2
73910,2
73911,2
73912,2
73913,3
73914,3
73915,2
73916,2
73917,2
73918,3
73919,3
73920,2
73921,2
73922,3
73923,3
73924,2
73925,2
73926,3
73927,3
73928,3
73929,3
73930,3
73931,2
73932,2
73933,3
73934,3
73935,2
73936,2
73937,2
73938,3
73939,2
73940,3
73941,2
73942,2
73943,3
73944,3
73945,3
73946,3
73947,2
73948,2
73949,2
73950,2
73951,0
73952,2
73953,2
73954,2
73955,2
73956,2
73957,3
73958,2
73959,2
73960,3
73961,2
73962,2
73963,3
73964,2
73965,2
73966,3
73967,2
73968,3
73969,3
73970,2
73971,3
73972,2
73973,2
73974,3
73975,3
73976,3
73977,2
73978,3
73979,3
73980,3
73981,3
73982,2
73983,3
73984,3
73985,3
73986,3
73987,2
73988,2
73989,2
73990,3
73991,2
73992,2
73993,3
73994,3
73995,2
73996,2
73997,2
73998,3
73999,3
74000,2
74001,3
74002,2
74003,2
74004,2
74005,2
74006,2
74007,2
74008,2
74009,2
74010,0
74011,2
74012,2
74013,2
74014,2
74015,2
74016,3
74017,3
74018,2
74019,2
74020,2
74021,3
74022,3
74023,3
74024,3
74025,2
74026,2
74027,2
74028,3
74029,3
74030,3
74031,3
74032,2
74033,3
74034,2
74035,3
74036,2
74037,2
74038,2
74039,2
74040,3
74041,2
74042,2
74043,2
74044,2
74045,2
74046,3
74047,0
74048,2
74049,3
74050,2
74051,2
74052,2
74053,3
74054,3
74055,3
74056,2
74057,3
74058,2
74059,3
74060,3
74061,2
74062,3
74063,2
74064,2
74065,2
74066,3
74067,3
74068,2
74069,2
74070,3
74071,2
74072,2
74073,2
74074,2
74075,3
74076,3
74077,2
74078,2
74079,2
74080,2
74081,2
74082,2
74083,3
74084,2
74085,2
74086,1
74087,2
74088,2
74089,2
74090,2
74091,2
74092,2
74093,2
74094,2
74095,2
74096,3
74097,2
74098,3
74099,2
74100,2
74101,3
74102,2
74103,2
74104,3
74105,2
74106,1
74107,2
74108,2
74109,2
74110,2
74111,2
74112,2
74113,3
74114,3
74115,0
74116,2
74117,3
74118,2
74119,2
74120,2
74121,2
74122,3
74123,2
74124,2
74125,3
74126,2
74127,3
74128,2
74129,2
74130,3
74131,2
74132,3
74133,2
74134,2
74135,2
74136,3
74137,2
74138,2
74139,3
74140,3
74141,2
74142,2
74143,2
74144,2
74145,2
74146,2
74147,2
74148,2
74149,2
74150,3
74151,2
74152,3
74153,2
74154,2
74155,2
74156,2
74157,2
74158,3
74159,2
74160,2
74161,2
74162,2
74163,3
74164,2
74165,2
74166,2
74167,2
74168,3
74169,2
74170,2
74171,2
74172,2
74173,2
74174,2
74175,2
74176,3
74177,0
74178,2
74179,2
74180,2
74181,3
74182,2
74183,2
74184,2
74185,2
74186,2
74187,2
74188,2
74189,2
74190,2
74191,2
74192,2
74193,2
74194,2
74195,2
74196,2
74197,3
74198,2
74199,2
74200,2
74201,2
74202,3
74203,3
74204,2
74205,3
74206,2
74207,3
74208,3
74209,1
74210,2
74211,3
74212,3
74213,2
74214,2
74215,3
74216,1
74217,2
74218,3
74219,2
74220,3
74221,2
74222,2
74223,3
74224,2
74225,2
74226,2
74227,2
74228,2
74229,2
74230,2
74231,2
74232,2
74233,2
74234,2
74235,3
74236,2
74237,2
74238,2
74239,2
74240,2
74241,2
74242,2
74243,2
74244,2
74245,3
74246,3
74247,2
74248,2
74249,2
74250,2
74251,2
74252,2
74253,2
74254,2
74255,2
74256,3
74257,2
74258,3
74259,2
74260,3
74261,2
74262,2
74263,3
74264,2
74265,2
74266,2
74267,2
74268,2
74269,2
74270,2
74271,2
74272,2
74273,2
74274,2
74275,2
74276,2
74277,2
74278,3
74279,2
74280,2
74281,3
74282,2
74283,2
74284,3
74285,2
74286,2
74287,3
74288,2
74289,2
74290,2
74291,2
74292,2
74293,2
74294,2
74295,3
74296,3
74297,3
74298,2
74299,2
74300,2
74301,2
74302,2
74303,2
74304,2
74305,2
74306,2
74307,2
74308,2
74309,3
74310,2
74311,2
74312,2
74313,3
74314,2
74315,3
74316,3
74317,3
74318,2
74319,2
74320,3
74321,2
74322,3
74323,2
74324,3
74325,3
74326,3
74327,3
74328,2
74329,3
74330,3
74331,2
74332,2
74333,3
74334,3
74335,3
74336,3
74337,2
74338,2
74339,2
74340,3
74341,2
74342,3
74343,2
74344,2
74345,3
74346,2
74347,2
74348,2
74349,3
74350,2
74351,2
74352,3
74353,3
74354,2
74355,2
74356,3
74357,2
74358,2
74359,3
74360,3
74361,2
74362,2
74363,3
74364,3
74365,2
74366,3
74367,3
74368,3
74369,3
74370,2
74371,3
74372,3
74373,2
74374,2
74375,3
74376,2
74377,2
74378,3
74379,2
74380,0
74381,3
74382,2
74383,2
74384,3
74385,2
74386,2
74387,3
74388,2
74389,2
74390,2
74391,3
74392,2
74393,2
74394,3
74395,3
74396,2
74397,2
74398,2
74399,2
74400,2
74401,3
74402,3
74403,2
74404,2
74405,3
74406,2
74407,2
74408,3
74409,3
74410,3
74411,2
74412,3
74413,2
74414,2
74415,2
74416,2
74417,3
74418,2
74419,2
74420,2
74421,3
74422,2
74423,3
74424,2
74425,3
74426,3
74427,3
74428,2
74429,2
74430,3
74431,3
74432,2
74433,2
74434,2
74435,1
74436,2
74437,2
74438,2
74439,2
74440,2
74441,3
74442,2
74443,2
74444,3
74445,3
74446,3
74447,2
74448,2
74449,2
74450,3
74451,2
74452,2
74453,2
74454,2
74455,2
74456,2
74457,2
74458,2
74459,3
74460,2
74461,2
74462,2
74463,2
74464,2
74465,2
74466,2
74467,2
74468,2
74469,3
74470,2
74471,2
74472,2
74473,2
74474,3
74475,2
74476,3
74477,3
74478,3
74479,3
74480,2
74481,3
74482,3
74483,3
74484,3
74485,2
74486,3
74487,2
74488,3
74489,2
74490,2
74491,3
74492,2
74493,2
74494,2
74495,2
74496,3
74497,3
74498,3
74499,3
74500,3
74501,2
74502,2
74503,2
74504,2
74505,2
74506,3
74507,2
74508,2
74509,2
74510,2
74511,2
74512,3
74513,3
74514,3
74515,3
74516,3
74517,3
74518,3
74519,2
74520,3
74521,2
74522,3
74523,3
74524,3
74525,1
74526,1
74527,3
74528,2
74529,2
74530,3
74531,2
74532,2
74533,2
74534,2
74535,2
74536,1
74537,2
74538,2
74539,2
74540,2
74541,3
74542,2
74543,3
74544,3
74545,2
74546,2
74547,2
74548,2
74549,2
74550,2
74551,2
74552,2
74553,3
74554,2
74555,2
74556,2
74557,2
74558,2
74559,2
74560,3
74561,3
74562,2
74563,3
74564,2
74565,2
74566,2
74567,2
74568,3
74569,2
74570,2
74571,2
74572,2
74573,2
74574,2
74575,2
74576,2
74577,3
74578,2
74579,2
74580,3
74581,3
74582,1
74583,2
74584,2
74585,3
74586,2
74587,2
74588,2
74589,2
74590,2
74591,2
74592,2
74593,2
74594,2
74595,2
74596,2
74597,2
74598,2
74599,3
74600,2
74601,3
74602,3
74603,2
74604,3
74605,2
74606,2
74607,2
74608,2
74609,3
74610,3
74611,2
74612,2
74613,2
74614,2
74615,2
74616,2
74617,3
74618,2
74619,2
74620,3
74621,2
74622,2
74623,2
74624,2
74625,2
74626,2
74627,2
74628,2
74629,2
74630,3
74631,2
74632,3
74633,2
74634,3
74635,3
74636,2
74637,3
74638,3
74639,3
74640,2
74641,3
74642,2
74643,2
74644,3
74645,3
74646,3
74647,2
74648,2
74649,2
74650,3
74651,3
74652,2
74653,3
74654,2
74655,3
74656,2
74657,2
74658,2
74659,2
74660,2
74661,2
74662,2
74663,3
74664,2
74665,3
74666,2
74667,2
74668,2
74669,2
74670,2
74671,3
74672,2
74673,2
74674,2
74675,2
74676,2
74677,3
74678,2
74679,2
74680,2
74681,2
74682,2
74683,2
74684,3
74685,3
74686,2
74687,2
74688,2
74689,2
74690,2
74691,2
74692,2
74693,3
74694,3
74695,2
74696,3
74697,2
74698,2
74699,2
74700,2
74701,2
74702,2
74703,3
74704,2
74705,2
74706,3
74707,3
74708,3
74709,3
74710,2
74711,3
74712,2
74713,3
74714,3
74715,2
74716,3
74717,3
74718,3
74719,2
74720,3
74721,3
74722,2
74723,2
74724,2
74725,2
74726,2
74727,2
74728,2
74729,2
74730,2
74731,2
74732,2
74733,3
74734,3
74735,3
74736,3
74737,2
74738,2
74739,3
74740,3
74741,3
74742,3
74743,2
74744,2
74745,3
74746,3
74747,2
74748,2
74749,2
74750,2
74751,3
74752,2
74753,3
74754,3
74755,2
74756,2
74757,2
74758,2
74759,3
74760,2
74761,2
74762,2
74763,2
74764,2
74765,2
74766,2
74767,2
74768,2
74769,3
74770,2
74771,2
74772,2
74773,2
74774,3
74775,2
74776,2
74777,2
74778,2
74779,2
74780,2
74781,2
74782,2
74783,2
74784,3
74785,0
74786,3
74787,3
74788,3
74789,2
74790,2
74791,2
74792,2
74793,2
74794,2
74795,2
74796,3
74797,3
74798,2
74799,2
74800,2
74801,3
74802,3
74803,2
74804,2
74805,2
74806,2
74807,2
74808,2
74809,3
74810,2
74811,0
74812,2
74813,3
74814,3
74815,2
74816,2
74817,2
74818,2
74819,2
74820,2
74821,2
74822,2
74823,2
74824,2
74825,2
74826,2
74827,2
74828,2
74829,2
74830,1
74831,2
74832,2
74833,0
74834,2
74835,2
74836,2
74837,2
74838,2
74839,2
74840,2
74841,2
74842,2
74843,2
74844,2
74845,3
74846,2
74847,2
74848,2
74849,0
74850,2
74851,2
74852,2
74853,2
74854,2
74855,2
74856,2
74857,2
74858,2
74859,2
74860,2
74861,2
74862,2
74863,3
74864,3
74865,3
74866,3
74867,2
74868,2
74869,2
74870,2
74871,2
74872,2
74873,2
74874,2
74875,2
74876,2
74877,2
74878,2
74879,2
74880,2
74881,2
74882,2
74883,2
74884,2
74885,3
74886,3
74887,2
74888,3
74889,2
74890,2
74891,2
74892,3
74893,2
74894,2
74895,2
74896,2
74897,3
74898,1
74899,1
74900,2
74901,2
74902,2
74903,2
74904,3
74905,2
74906,2
74907,2
74908,3
74909,2
74910,2
74911,2
74912,2
74913,2
74914,3
74915,2
74916,2
74917,3
74918,2
74919,2
74920,3
74921,3
74922,2
74923,2
74924,3
74925,3
74926,2
74927,2
74928,3
74929,2
74930,2
74931,2
74932,2
74933,2
74934,2
74935,2
74936,2
74937,2
74938,2
74939,2
74940,3
74941,2
74942,3
74943,3
74944,3
74945,3
74946,2
74947,2
74948,2
74949,2
74950,3
74951,3
74952,2
74953,2
74954,3
74955,3
74956,2
74957,3
74958,3
74959,3
74960,2
74961,2
74962,3
74963,3
74964,2
74965,2
74966,2
74967,3
74968,2
74969,2
74970,2
74971,2
74972,2
74973,2
74974,2
74975,0
74976,2
74977,2
74978,2
74979,2
74980,2
74981,0
74982,2
74983,3
74984,2
74985,2
74986,2
74987,2
74988,2
74989,2
74990,2
74991,2
74992,2
74993,3
74994,2
74995,2
74996,2
74997,2
74998,2
74999,2
75000,2
75001,2
75002,3
75003,2
75004,2
75005,2
75006,2
75007,2
75008,3
75009,2
75010,2
75011,2
75012,2
75013,2
75014,2
75015,2
75016,3
75017,3
75018,2
75019,2
75020,3
75021,3
75022,3
75023,2
75024,3
75025,0
75026,3
75027,3
75028,3
75029,3
75030,2
75031,3
75032,3
75033,3
75034,3
75035,3
75036,2
75037,3
75038,3
75039,0
75040,0
75041,3
75042,3
75043,2
75044,3
75045,3
75046,2
75047,2
75048,3
75049,3
75050,2
75051,3
75052,2
75053,2
75054,2
75055,3
75056,2
75057,2
75058,3
75059,3
75060,3
75061,2
75062,2
75063,2
75064,3
75065,2
75066,2
75067,2
75068,2
75069,2
75070,3
75071,2
75072,3
75073,3
75074,3
75075,3
75076,3
75077,3
75078,3
75079,3
75080,3
75081,2
75082,3
75083,3
75084,3
75085,3
75086,3
75087,2
75088,3
75089,3
75090,3
75091,3
75092,4
75093,3
75094,2
75095,2
75096,2
75097,2
75098,2
75099,2
75100,3
75101,3
75102,2
75103,2
75104,2
75105,3
75106,2
75107,2
75108,2
75109,3
75110,3
75111,3
75112,2
75113,3
75114,3
75115,3
75116,4
75117,3
75118,3
75119,3
75120,3
75121,4
75122,3
75123,3
75124,3
75125,4
75126,3
75127,3
75128,3
75129,3
75130,3
75131,3
75132,3
75133,2
75134,3
75135,4
75136,3
75137,3
75138,3
75139,3
75140,3
75141,3
75142,3
75143,3
75144,2
75145,2
75146,3
75147,2
75148,3
75149,3
75150,3
75151,2
75152,4
75153,2
75154,3
75155,3
75156,3
75157,3
75158,3
75159,3
75160,3
75161,3
75162,0
75163,3
75164,3
75165,2
75166,2
75167,2
75168,2
75169,3
75170,3
75171,2
75172,2
75173,3
75174,2
75175,2
75176,3
75177,2
75178,3
75179,2
75180,3
75181,1
75182,0
75183,2
75184,2
75185,2
75186,2
75187,2
75188,3
75189,3
75190,2
75191,2
75192,2
75193,3
75194,2
75195,2
75196,3
75197,2
75198,3
75199,2
75200,2
75201,2
75202,2
75203,2
75204,2
75205,3
75206,3
75207,3
75208,2
75209,2
75210,2
75211,2
75212,2
75213,2
75214,2
75215,2
75216,2
75217,2
75218,3
75219,3
75220,2
75221,3
75222,2
75223,3
75224,3
75225,3
75226,2
75227,3
75228,2
75229,3
75230,2
75231,3
75232,2
75233,2
75234,2
75235,2
75236,3
75237,3
75238,2
75239,2
75240,2
75241,3
75242,3
75243,2
75244,2
75245,3
75246,3
75247,2
75248,2
75249,2
75250,2
75251,2
75252,3
75253,2
75254,2
75255,2
75256,2
75257,2
75258,3
75259,2
75260,2
75261,2
75262,2
75263,2
75264,3
75265,3
75266,2
75267,2
75268,2
75269,3
75270,2
75271,2
75272,2
75273,2
75274,2
75275,2
75276,2
75277,3
75278,2
75279,2
75280,3
75281,2
75282,2
75283,2
75284,2
75285,3
75286,2
75287,3
75288,2
75289,3
75290,2
75291,2
75292,3
75293,2
75294,3
75295,2
75296,2
75297,2
75298,1
75299,2
75300,2
75301,3
75302,2
75303,2
75304,2
75305,2
75306,2
75307,3
75308,2
75309,2
75310,1
75311,2
75312,2
75313,0
75314,3
75315,2
75316,2
75317,2
75318,2
75319,2
75320,2
75321,2
75322,2
75323,2
75324,2
75325,2
75326,2
75327,2
75328,2
75329,2
75330,2
75331,3
75332,2
75333,2
75334,2
75335,2
75336,3
75337,2
75338,2
75339,2
75340,2
75341,2
75342,2
75343,2
75344,3
75345,2
75346,2
75347,2
75348,2
75349,2
75350,2
75351,2
75352,2
75353,2
75354,2
75355,3
75356,3
75357,2
75358,2
75359,2
75360,2
75361,2
75362,3
75363,2
75364,3
75365,2
75366,2
75367,3
75368,3
75369,2
75370,2
75371,2
75372,2
75373,2
75374,2
75375,2
75376,3
75377,3
75378,2
75379,2
75380,2
75381,2
75382,3
75383,2
75384,2
75385,2
75386,2
75387,2
75388,3
75389,2
75390,2
75391,2
75392,3
75393,2
75394,2
75395,2
75396,2
75397,2
75398,2
75399,3
75400,2
75401,2
75402,2
75403,3
75404,2
75405,2
75406,2
75407,2
75408,1
75409,2
75410,2
75411,2
75412,2
75413,3
75414,2
75415,2
75416,3
75417,2
75418,3
75419,3
75420,2
75421,2
75422,2
75423,2
75424,3
75425,2
75426,3
75427,2
75428,2
75429,2
75430,2
75431,2
75432,2
75433,2
75434,2
75435,3
75436,3
75437,2
75438,2
75439,2
75440,2
75441,2
75442,2
75443,2
75444,2
75445,3
75446,3
75447,2
75448,3
75449,3
75450,2
75451,2
75452,2
75453,2
75454,2
75455,3
75456,2
75457,2
75458,2
75459,2
75460,3
75461,2
75462,2
75463,3
75464,2
75465,2
75466,2
75467,3
75468,3
75469,2
75470,2
75471,2
75472,2
75473,2
75474,2
75475,2
75476,2
75477,2
75478,2
75479,2
75480,2
75481,3
75482,3
75483,2
75484,2
75485,2
75486,2
75487,3
75488,3
75489,2
75490,2
75491,0
75492,2
75493,2
75494,3
75495,2
75496,3
75497,2
75498,3
75499,3
75500,2
75501,3
75502,2
75503,2
75504,2
75505,2
75506,2
75507,2
75508,2
75509,2
75510,2
75511,2
75512,2
75513,2
75514,3
75515,3
75516,2
75517,2
75518,2
75519,2
75520,2
75521,2
75522,2
75523,2
75524,2
75525,2
75526,2
75527,2
75528,3
75529,2
75530,2
75531,2
75532,2
75533,2
75534,2
75535,2
75536,2
75537,2
75538,2
75539,3
75540,2
75541,2
75542,3
75543,2
75544,2
75545,2
75546,2
75547,3
75548,2
75549,2
75550,2
75551,2
75552,2
75553,2
75554,2
75555,3
75556,2
75557,2
75558,2
75559,2
75560,2
75561,2
75562,3
75563,2
75564,3
75565,0
75566,2
75567,2
75568,2
75569,2
75570,2
75571,3
75572,2
75573,3
75574,2
75575,2
75576,3
75577,2
75578,3
75579,3
75580,2
75581,2
75582,2
75583,2
75584,3
75585,2
75586,2
75587,2
75588,2
75589,2
75590,3
75591,2
75592,2
75593,2
75594,3
75595,2
75596,2
75597,3
75598,3
75599,2
75600,2
75601,2
75602,2
75603,2
75604,2
75605,3
75606,3
75607,2
75608,2
75609,3
75610,2
75611,2
75612,2
75613,3
75614,3
75615,2
75616,2
75617,2
75618,2
75619,2
75620,2
75621,3
75622,2
75623,3
75624,3
75625,2
75626,2
75627,2
75628,2
75629,3
75630,2
75631,2
75632,2
75633,2
75634,2
75635,2
75636,2
75637,2
75638,2
75639,2
75640,2
75641,2
75642,2
75643,2
75644,2
75645,2
75646,2
75647,2
75648,3
75649,2
75650,3
75651,2
75652,2
75653,3
75654,3
75655,2
75656,2
75657,2
75658,2
75659,3
75660,2
75661,2
75662,2
75663,2
75664,3
75665,2
75666,3
75667,3
75668,3
75669,3
75670,3
75671,2
75672,2
75673,2
75674,3
75675,2
75676,2
75677,2
75678,2
75679,2
75680,2
75681,3
75682,2
75683,2
75684,2
75685,2
75686,2
75687,2
75688,2
75689,2
75690,2
75691,2
75692,2
75693,2
75694,3
75695,3
75696,2
75697,2
75698,2
75699,2
75700,3
75701,2
75702,2
75703,0
75704,2
75705,3
75706,2
75707,2
75708,3
75709,2
75710,2
75711,2
75712,2
75713,2
75714,3
75715,3
75716,3
75717,3
75718,2
75719,3
75720,2
75721,2
75722,2
75723,3
75724,3
75725,2
75726,2
75727,2
75728,2
75729,2
75730,3
75731,3
75732,2
75733,3
75734,2
75735,3
75736,2
75737,2
75738,2
75739,2
75740,2
75741,2
75742,2
75743,3
75744,2
75745,3
75746,2
75747,2
75748,2
75749,2
75750,3
75751,3
75752,2
75753,2
75754,2
75755,3
75756,3
75757,2
75758,2
75759,3
75760,2
75761,2
75762,2
75763,2
75764,3
75765,2
75766,2
75767,3
75768,2
75769,2
75770,2
75771,3
75772,2
75773,2
75774,2
75775,3
75776,3
75777,2
75778,3
75779,2
75780,3
75781,3
75782,3
75783,2
75784,2
75785,2
75786,2
75787,2
75788,3
75789,2
75790,2
75791,2
75792,3
75793,2
75794,3
75795,3
75796,3
75797,2
75798,2
75799,2
75800,3
75801,3
75802,3
75803,2
75804,2
75805,3
75806,2
75807,3
75808,2
75809,2
75810,2
75811,3
75812,2
75813,2
75814,3
75815,2
75816,3
75817,2
75818,2
75819,2
75820,2
75821,2
75822,2
75823,2
75824,2
75825,2
75826,2
75827,2
75828,2
75829,2
75830,2
75831,2
75832,2
75833,2
75834,2
75835,2
75836,2
75837,2
75838,2
75839,2
75840,2
75841,2
75842,2
75843,2
75844,2
75845,3
75846,3
75847,2
75848,2
75849,2
75850,2
75851,2
75852,2
75853,1
75854,2
75855,3
75856,2
75857,2
75858,2
75859,2
75860,3
75861,2
75862,2
75863,2
75864,2
75865,2
75866,2
75867,2
75868,2
75869,2
75870,2
75871,4
75872,4
75873,0
75874,3
75875,1
75876,3
75877,2
75878,2
75879,2
75880,2
75881,4
75882,4
75883,1
75884,1
75885,1
75886,2
75887,2
75888,4
75889,2
75890,3
75891,2
75892,1
75893,2
75894,2
75895,2
75896,2
75897,2
75898,3
75899,2
75900,2
75901,2
75902,2
75903,2
75904,2
75905,2
75906,2
75907,2
75908,2
75909,2
75910,2
75911,2
75912,2
75913,2
75914,2
75915,2
75916,2
75917,2
75918,2
75919,2
75920,2
75921,2
75922,2
75923,2
75924,2
75925,2
75926,2
75927,2
75928,2
75929,2
75930,2
75931,2
75932,2
75933,2
75934,2
75935,2
75936,2
75937,2
75938,3
75939,2
75940,2
75941,2
75942,3
75943,4
75944,2
75945,2
75946,4
75947,3
75948,2
75949,4
75950,3
75951,3
75952,3
75953,2
75954,3
75955,3
75956,2
75957,2
75958,2
75959,2
75960,2
75961,2
75962,2
75963,4
75964,2
75965,2
75966,2
75967,3
75968,3
75969,3
75970,2
75971,2
75972,4
75973,2
75974,2
75975,2
75976,2
75977,2
75978,2
75979,2
75980,2
75981,3
75982,3
75983,4
75984,2
75985,3
75986,2
75987,2
75988,2
75989,2
75990,2
75991,2
75992,2
75993,3
75994,3
75995,3
75996,4
75997,3
75998,4
75999,4
76000,3
76001,4
76002,2
76003,2
76004,2
76005,2
76006,0
76007,2
76008,3
76009,2
76010,2
76011,2
76012,2
76013,2
76014,2
76015,2
76016,3
76017,2
76018,2
76019,2
76020,3
76021,3
76022,3
76023,3
76024,1
76025,1
76026,3
76027,3
76028,2
76029,3
76030,3
76031,3
76032,3
76033,3
76034,3
76035,2
76036,3
76037,3
76038,2
76039,3
76040,3
76041,3
76042,2
76043,2
76044,3
76045,3
76046,3
76047,3
76048,3
76049,3
76050,2
76051,3
76052,3
76053,3
76054,3
76055,3
76056,3
76057,0
76058,0
76059,0
76060,4
76061,4
76062,3
76063,4
76064,4
76065,4
76066,4
76067,5
76068,3
76069,2
76070,3
76071,1
76072,3
76073,3
76074,3
76075,4
76076,3
76077,3
76078,3
76079,3
76080,3
76081,2
76082,3
76083,2
76084,3
76085,2
76086,3
76087,2
76088,2
76089,3
76090,0
76091,3
76092,2
76093,2
76094,3
76095,3
76096,3
76097,3
76098,3
76099,3
76100,3
76101,3
76102,2
76103,3
76104,3
76105,3
76106,2
76107,4
76108,3
76109,3
76110,1
76111,3
76112,3
76113,3
76114,1
76115,4
76116,0
76117,2
76118,3
76119,3
76120,3
76121,3
76122,2
76123,0
76124,3
76125,3
76126,3
76127,2
76128,3
76129,3
76130,3
76131,3
76132,3
76133,3
76134,3
76135,3
76136,3
76137,3
76138,4
76139,3
76140,3
76141,3
76142,3
76143,3
76144,3
76145,3
76146,4
76147,3
76148,3
76149,3
76150,3
76151,3
76152,4
76153,3
76154,4
76155,3
76156,3
76157,3
76158,3
76159,0
76160,2
76161,2
76162,3
76163,0
76164,3
76165,3
76166,3
76167,2
76168,3
76169,3
76170,3
76171,2
76172,3
76173,3
76174,4
76175,3
76176,3
76177,3
76178,3
76179,2
76180,3
76181,2
76182,3
76183,2
76184,2
76185,2
76186,2
76187,2
76188,3
76189,2
76190,2
76191,2
76192,3
76193,2
76194,2
76195,3
76196,2
76197,3
76198,2
76199,2
76200,3
76201,2
76202,3
76203,4
76204,4
76205,2
76206,3
76207,4
76208,3
76209,3
76210,2
76211,2
76212,2
76213,2
76214,2
76215,2
76216,2
76217,2
76218,3
76219,0
76220,3
76221,3
76222,3
76223,3
76224,3
76225,3
76226,3
76227,3
76228,3
76229,0
76230,2
76231,2
76232,2
76233,3
76234,2
76235,3
76236,2
76237,2
76238,3
76239,2
76240,2
76241,3
76242,2
76243,2
76244,3
76245,2
76246,3
76247,2
76248,3
76249,3
76250,3
76251,2
76252,3
76253,2
76254,3
76255,3
76256,3
76257,2
76258,3
76259,0
76260,2
76261,2
76262,3
76263,3
76264,2
76265,0
76266,3
76267,3
76268,3
76269,2
76270,2
76271,3
76272,3
76273,3
76274,3
76275,3
76276,2
76277,3
76278,2
76279,2
76280,2
76281,2
76282,2
76283,2
76284,2
76285,2
76286,2
76287,2
76288,2
76289,2
76290,3
76291,2
76292,2
76293,2
76294,2
76295,2
76296,2
76297,2
76298,2
76299,2
76300,2
76301,3
76302,3
76303,2
76304,2
76305,3
76306,3
76307,2
76308,2
76309,2
76310,3
76311,3
76312,3
76313,3
76314,2
76315,2
76316,2
76317,2
76318,2
76319,2
76320,2
76321,2
76322,2
76323,2
76324,2
76325,2
76326,2
76327,2
76328,2
76329,2
76330,3
76331,2
76332,2
76333,2
76334,2
76335,2
76336,3
76337,2
76338,2
76339,0
76340,4
76341,3
76342,3
76343,3
76344,3
76345,3
76346,3
76347,3
76348,3
76349,3
76350,3
76351,3
76352,3
76353,4
76354,3
76355,3
76356,3
76357,3
76358,3
76359,3
76360,3
76361,2
76362,4
76363,3
76364,3
76365,3
76366,3
76367,4
76368,3
76369,3
76370,3
76371,3
76372,4
76373,3
76374,3
76375,3
76376,3
76377,0
76378,3
76379,3
76380,4
76381,3
76382,3
76383,3
76384,3
76385,3
76386,4
76387,3
76388,3
76389,3
76390,2
76391,3
76392,3
76393,3
76394,4
76395,3
76396,4
76397,3
76398,3
76399,4
76400,3
76401,3
76402,3
76403,3
76404,2
76405,3
76406,3
76407,3
76408,3
76409,3
76410,3
76411,2
76412,3
76413,3
76414,3
76415,4
76416,3
76417,3
76418,3
76419,3
76420,3
76421,3
76422,3
76423,3
76424,3
76425,3
76426,2
76427,2
76428,2
76429,2
76430,2
76431,2
76432,2
76433,2
76434,2
76435,2
76436,2
76437,2
76438,2
76439,2
76440,2
76441,2
76442,2
76443,2
76444,2
76445,2
76446,3
76447,2
76448,3
76449,2
76450,2
76451,2
76452,0
76453,3
76454,0
76455,0
76456,2
76457,2
76458,2
76459,2
76460,2
76461,2
76462,2
76463,2
76464,2
76465,3
76466,2
76467,2
76468,2
76469,2
76470,2
76471,2
76472,2
76473,2
76474,2
76475,2
76476,2
76477,2
76478,2
76479,2
76480,2
76481,2
76482,2
76483,2
76484,2
76485,2
76486,2
76487,2
76488,2
76489,3
76490,2
76491,2
76492,2
76493,2
76494,2
76495,3
76496,3
76497,2
76498,2
76499,2
76500,2
76501,2
76502,3
76503,2
76504,2
76505,3
76506,2
76507,3
76508,2
76509,2
76510,2
76511,2
76512,2
76513,2
76514,2
76515,2
76516,2
76517,2
76518,2
76519,2
76520,2
76521,2
76522,2
76523,2
76524,2
76525,2
76526,2
76527,2
76528,2
76529,2
76530,2
76531,2
76532,2
76533,2
76534,2
76535,2
76536,2
76537,2
76538,2
76539,2
76540,2
76541,2
76542,0
76543,2
76544,2
76545,0
76546,2
76547,2
76548,2
76549,2
76550,2
76551,3
76552,2
76553,2
76554,2
76555,2
76556,2
76557,2
76558,2
76559,2
76560,0
76561,2
76562,2
76563,2
76564,2
76565,3
76566,2
76567,2
76568,2
76569,2
76570,2
76571,2
76572,2
76573,2
76574,2
76575,2
76576,2
76577,2
76578,2
76579,2
76580,2
76581,2
76582,2
76583,2
76584,2
76585,2
76586,2
76587,2
76588,2
76589,2
76590,2
76591,2
76592,2
76593,2
76594,2
76595,3
76596,2
76597,2
76598,2
76599,2
76600,2
76601,2
76602,2
76603,2
76604,3
76605,2
76606,2
76607,2
76608,2
76609,2
76610,2
76611,3
76612,2
76613,2
76614,2
76615,0
76616,2
76617,2
76618,2
76619,2
76620,2
76621,2
76622,2
76623,2
76624,2
76625,2
76626,2
76627,2
76628,2
76629,2
76630,2
76631,2
76632,2
76633,2
76634,3
76635,2
76636,2
76637,2
76638,2
76639,2
76640,2
76641,2
76642,2
76643,2
76644,2
76645,3
76646,3
76647,2
76648,2
76649,2
76650,2
76651,2
76652,2
76653,2
76654,2
76655,2
76656,2
76657,2
76658,3
76659,2
76660,2
76661,2
76662,3
76663,2
76664,2
76665,2
76666,2
76667,2
76668,3
76669,0
76670,3
76671,2
76672,2
76673,2
76674,2
76675,2
76676,2
76677,2
76678,2
76679,2
76680,3
76681,3
76682,2
76683,2
76684,2
76685,2
76686,2
76687,3
76688,3
76689,3
76690,2
76691,3
76692,2
76693,2
76694,2
76695,3
76696,3
76697,0
76698,2
76699,2
76700,2
76701,2
76702,2
76703,0
76704,3
76705,2
76706,2
76707,2
76708,2
76709,2
76710,2
76711,2
76712,2
76713,2
76714,2
76715,2
76716,2
76717,2
76718,2
76719,3
76720,2
76721,2
76722,2
76723,2
76724,2
76725,2
76726,0
76727,3
76728,2
76729,2
76730,2
76731,3
76732,2
76733,2
76734,2
76735,2
76736,2
76737,2
76738,2
76739,2
76740,2
76741,2
76742,3
76743,2
76744,2
76745,3
76746,2
76747,2
76748,2
76749,2
76750,2
76751,2
76752,2
76753,2
76754,2
76755,2
76756,2
76757,2
76758,2
76759,3
76760,2
76761,2
76762,2
76763,2
76764,2
76765,2
76766,2
76767,2
76768,2
76769,2
76770,3
76771,3
76772,3
76773,3
76774,3
76775,3
76776,2
76777,3
76778,2
76779,2
76780,2
76781,2
76782,2
76783,2
76784,2
76785,2
76786,2
76787,2
76788,2
76789,2
76790,0
76791,2
76792,2
76793,2
76794,3
76795,2
76796,2
76797,2
76798,2
76799,2
76800,2
76801,2
76802,2
76803,2
76804,2
76805,2
76806,2
76807,2
76808,2
76809,2
76810,2
76811,2
76812,2
76813,2
76814,0
76815,2
76816,2
76817,2
76818,2
76819,2
76820,3
76821,2
76822,2
76823,2
76824,2
76825,2
76826,2
76827,3
76828,2
76829,2
76830,2
76831,2
76832,2
76833,2
76834,3
76835,3
76836,3
76837,3
76838,2
76839,2
76840,2
76841,2
76842,3
76843,3
76844,2
76845,3
76846,2
76847,0
76848,3
76849,3
76850,3
76851,3
76852,2
76853,3
76854,2
76855,2
76856,2
76857,3
76858,3
76859,2
76860,3
76861,2
76862,2
76863,3
76864,2
76865,2
76866,2
76867,2
76868,2
76869,2
76870,2
76871,2
76872,2
76873,2
76874,2
76875,2
76876,2
76877,2
76878,3
76879,3
76880,5
76881,2
76882,0
76883,2
76884,2
76885,0
76886,2
76887,2
76888,2
76889,0
76890,3
76891,3
76892,3
76893,2
76894,2
76895,0
76896,2
76897,2
76898,2
76899,2
76900,2
76901,2
76902,2
76903,3
76904,2
76905,2
76906,3
76907,0
76908,2
76909,2
76910,3
76911,2
76912,3
76913,3
76914,3
76915,2
76916,2
76917,2
76918,2
76919,2
76920,2
76921,2
76922,2
76923,2
76924,2
76925,2
76926,2
76927,2
76928,2
76929,2
76930,2
76931,2
76932,2
76933,2
76934,2
76935,2
76936,2
76937,2
76938,2
76939,3
76940,3
76941,2
76942,2
76943,3
76944,2
76945,2
76946,2
76947,2
76948,2
76949,3
76950,2
76951,2
76952,2
76953,2
76954,2
76955,2
76956,2
76957,2
76958,2
76959,2
76960,2
76961,2
76962,2
76963,3
76964,2
76965,2
76966,2
76967,2
76968,3
76969,2
76970,2
76971,2
76972,3
76973,2
76974,2
76975,2
76976,2
76977,2
76978,2
76979,2
76980,2
76981,2
76982,2
76983,2
76984,2
76985,2
76986,2
76987,2
76988,2
76989,2
76990,2
76991,2
76992,2
76993,3
76994,2
76995,2
76996,2
76997,2
76998,2
76999,2
77000,2
77001,2
77002,2
77003,2
77004,2
77005,2
77006,2
77007,2
77008,2
77009,2
77010,2
77011,2
77012,2
77013,2
77014,2
77015,2
77016,2
77017,3
77018,2
77019,2
77020,3
77021,2
77022,2
77023,2
77024,2
77025,2
77026,2
77027,2
77028,2
77029,2
77030,2
77031,2
77032,2
77033,3
77034,2
77035,3
77036,2
77037,2
77038,2
77039,2
77040,2
77041,3
77042,2
77043,2
77044,2
77045,2
77046,2
77047,2
77048,2
77049,2
77050,2
77051,2
77052,2
77053,2
77054,2
77055,2
77056,2
77057,2
77058,2
77059,2
77060,2
77061,2
77062,2
77063,2
77064,2
77065,2
77066,2
77067,2
77068,2
77069,2
77070,2
77071,2
77072,2
77073,2
77074,2
77075,2
77076,2
77077,2
77078,2
77079,2
77080,2
77081,2
77082,2
77083,2
77084,2
77085,2
77086,2
77087,2
77088,2
77089,2
77090,2
77091,2
77092,2
77093,2
77094,2
77095,2
77096,2
77097,2
77098,2
77099,2
77100,2
77101,2
77102,2
77103,2
77104,2
77105,2
77106,2
77107,2
77108,2
77109,2
77110,2
77111,2
77112,2
77113,2
77114,2
77115,2
77116,2
77117,2
77118,2
77119,2
77120,2
77121,2
77122,2
77123,2
77124,2
77125,2
77126,2
77127,2
77128,2
77129,2
77130,2
77131,3
77132,3
77133,2
77134,2
77135,2
77136,2
77137,2
77138,2
77139,2
77140,2
77141,2
77142,2
77143,2
77144,2
77145,2
77146,2
77147,2
77148,2
77149,2
77150,2
77151,2
77152,2
77153,2
77154,2
77155,2
77156,2
77157,2
77158,2
77159,2
77160,3
77161,2
77162,2
77163,2
77164,2
77165,2
77166,2
77167,2
77168,2
77169,2
77170,2
77171,2
77172,2
77173,2
77174,2
77175,2
77176,2
77177,2
77178,2
77179,2
77180,2
77181,2
77182,2
77183,2
77184,2
77185,2
77186,2
77187,2
77188,2
77189,2
77190,2
77191,2
77192,2
77193,2
77194,2
77195,2
77196,2
77197,2
77198,2
77199,2
77200,2
77201,2
77202,2
77203,2
77204,2
77205,2
77206,2
77207,2
77208,2
77209,2
77210,2
77211,2
77212,2
77213,2
77214,2
77215,2
77216,2
77217,2
77218,2
77219,2
77220,2
77221,2
77222,2
77223,2
77224,2
77225,2
77226,2
77227,2
77228,2
77229,2
77230,2
77231,2
77232,2
77233,2
77234,2
77235,2
77236,2
77237,2
77238,2
77239,2
77240,2
77241,2
77242,2
77243,2
77244,2
77245,2
77246,2
77247,2
77248,2
77249,2
77250,2
77251,2
77252,2
77253,2
77254,2
77255,2
77256,2
77257,2
77258,2
77259,2
77260,2
77261,2
77262,2
77263,2
77264,2
77265,2
77266,2
77267,2
77268,2
77269,2
77270,2
77271,2
77272,2
77273,2
77274,2
77275,2
77276,2
77277,2
77278,2
77279,2
77280,2
77281,2
77282,2
77283,2
77284,2
77285,2
77286,2
77287,2
77288,2
77289,2
77290,2
77291,2
77292,2
77293,2
77294,2
77295,2
77296,2
77297,2
77298,2
77299,2
77300,2
77301,2
77302,2
77303,2
77304,2
77305,2
77306,2
77307,2
77308,2
77309,2
77310,2
77311,2
77312,2
77313,2
77314,2
77315,2
77316,2
77317,2
77318,2
77319,2
77320,2
77321,2
77322,2
77323,2
77324,2
77325,2
77326,2
77327,2
77328,2
77329,2
77330,2
77331,2
77332,2
77333,2
77334,2
77335,2
77336,2
77337,2
77338,2
77339,2
77340,2
77341,2
77342,2
77343,2
77344,2
77345,2
77346,2
77347,2
77348,2
77349,2
77350,2
77351,2
77352,2
77353,2
77354,2
77355,2
77356,2
77357,2
77358,2
77359,2
77360,2
77361,3
77362,2
77363,2
77364,2
77365,2
77366,2
77367,2
77368,2
77369,2
77370,2
77371,2
77372,2
77373,2
77374,2
77375,2
77376,2
77377,2
77378,2
77379,2
77380,2
77381,2
77382,2
77383,2
77384,2
77385,2
77386,2
77387,2
77388,2
77389,2
77390,2
77391,2
77392,2
77393,2
77394,2
77395,2
77396,2
77397,2
77398,2
77399,2
77400,2
77401,2
77402,2
77403,2
77404,2
77405,2
77406,2
77407,2
77408,2
77409,2
77410,2
77411,2
77412,2
77413,2
77414,2
77415,2
77416,2
77417,2
77418,2
77419,2
77420,2
77421,2
77422,2
77423,2
77424,2
77425,2
77426,2
77427,2
77428,2
77429,2
77430,2
77431,3
77432,3
77433,2
77434,2
77435,2
77436,2
77437,3
77438,3
77439,2
77440,2
77441,2
77442,2
77443,2
77444,2
77445,2
77446,2
77447,2
77448,2
77449,2
77450,2
77451,2
77452,2
77453,2
77454,2
77455,2
77456,2
77457,2
77458,2
77459,2
77460,2
77461,2
77462,2
77463,2
77464,2
77465,2
77466,2
77467,2
77468,2
77469,2
77470,2
77471,2
77472,2
77473,2
77474,2
77475,2
77476,2
77477,2
77478,2
77479,2
77480,2
77481,2
77482,2
77483,2
77484,2
77485,2
77486,2
77487,2
77488,2
77489,2
77490,3
77491,2
77492,2
77493,2
77494,2
77495,2
77496,2
77497,2
77498,2
77499,2
77500,2
77501,2
77502,2
77503,2
77504,2
77505,2
77506,2
77507,2
77508,2
77509,2
77510,2
77511,2
77512,2
77513,2
77514,2
77515,2
77516,2
77517,2
77518,2
77519,2
77520,2
77521,2
77522,2
77523,2
77524,2
77525,2
77526,2
77527,2
77528,2
77529,2
77530,2
77531,2
77532,2
77533,2
77534,2
77535,2
77536,2
77537,2
77538,2
77539,2
77540,2
77541,2
77542,2
77543,2
77544,2
77545,2
77546,2
77547,2
77548,2
77549,2
77550,2
77551,2
77552,2
77553,2
77554,2
77555,2
77556,2
77557,2
77558,2
77559,2
77560,2
77561,2
77562,2
77563,2
77564,2
77565,2
77566,2
77567,2
77568,2
77569,2
77570,2
77571,2
77572,2
77573,2
77574,2
77575,2
77576,2
77577,2
77578,2
77579,2
77580,2
77581,2
77582,2
77583,2
77584,2
77585,2
77586,2
77587,2
77588,2
77589,2
77590,2
77591,2
77592,2
77593,2
77594,2
77595,2
77596,2
77597,2
77598,2
77599,2
77600,2
77601,2
77602,2
77603,2
77604,2
77605,2
77606,2
77607,2
77608,2
77609,2
77610,2
77611,2
77612,2
77613,2
77614,2
77615,2
77616,2
77617,2
77618,2
77619,2
77620,2
77621,2
77622,2
77623,2
77624,2
77625,2
77626,2
77627,2
77628,2
77629,2
77630,2
77631,2
77632,2
77633,2
77634,2
77635,2
77636,2
77637,2
77638,2
77639,2
77640,2
77641,2
77642,2
77643,2
77644,2
77645,2
77646,2
77647,2
77648,2
77649,2
77650,2
77651,2
77652,2
77653,2
77654,2
77655,2
77656,3
77657,2
77658,2
77659,2
77660,2
77661,2
77662,2
77663,2
77664,2
77665,2
77666,2
77667,2
77668,2
77669,2
77670,2
77671,2
77672,2
77673,2
77674,2
77675,2
77676,2
77677,2
77678,2
77679,2
77680,2
77681,2
77682,2
77683,2
77684,2
77685,2
77686,2
77687,2
77688,1
77689,3
77690,3
77691,3
77692,3
77693,1
77694,3
77695,2
77696,2
77697,2
77698,2
77699,2
77700,3
77701,2
77702,1
77703,3
77704,3
77705,2
77706,2
77707,2
77708,2
77709,2
77710,2
77711,2
77712,2
77713,2
77714,2
77715,3
77716,3
77717,3
77718,1
77719,3
77720,2
77721,3
77722,2
77723,2
77724,2
77725,2
77726,2
77727,3
77728,3
77729,3
77730,3
77731,3
77732,3
77733,3
77734,3
77735,3
77736,3
77737,3
77738,2
77739,3
77740,3
77741,3
77742,3
77743,2
77744,2
77745,2
77746,3
77747,3
77748,3
77749,1
77750,3
77751,3
77752,3
77753,3
77754,2
77755,3
77756,1
77757,3
77758,3
77759,2
77760,1
77761,1
77762,1
77763,3
77764,2
77765,0
77766,2
77767,3
77768,3
77769,3
77770,3
77771,2
77772,2
77773,1
77774,1
77775,2
77776,2
77777,1
77778,1
77779,1
77780,2
77781,2
77782,2
77783,3
77784,3
77785,2
77786,2
77787,1
77788,1
77789,2
77790,2
77791,2
77792,2
77793,2
77794,2
77795,2
77796,1
77797,3
77798,1
77799,2
77800,3
77801,3
77802,3
77803,3
77804,1
77805,1
77806,1
77807,3
77808,3
77809,3
77810,1
77811,1
77812,3
77813,1
77814,3
77815,3
77816,1
77817,1
77818,1
77819,1
77820,3
77821,1
77822,3
77823,3
77824,3
77825,3
77826,2
77827,1
77828,3
77829,3
77830,3
77831,3
77832,3
77833,3
77834,1
77835,3
77836,3
77837,1
77838,1
77839,1
77840,2
77841,2
77842,2
77843,3
77844,3
77845,3
77846,3
77847,3
77848,3
77849,3
77850,1
77851,3
77852,3
77853,3
77854,2
77855,2
77856,2
77857,2
77858,2
77859,2
77860,2
77861,2
77862,2
77863,2
77864,2
77865,2
77866,2
77867,1
77868,2
77869,2
77870,2
77871,1
77872,2
77873,2
77874,2
77875,2
77876,2
77877,2
77878,2
77879,2
77880,2
77881,2
77882,2
77883,2
77884,2
77885,2
77886,2
77887,2
77888,2
77889,2
77890,2
77891,2
77892,2
77893,2
77894,1
77895,3
77896,2
77897,1
77898,3
77899,2
77900,3
77901,3
77902,3
77903,3
77904,3
77905,3
77906,3
77907,2
77908,3
77909,3
77910,2
77911,2
77912,2
77913,3
77914,3
77915,2
77916,2
77917,2
77918,2
77919,2
77920,2
77921,2
77922,2
77923,3
77924,2
77925,2
77926,2
77927,2
77928,2
77929,2
77930,2
77931,2
77932,3
77933,3
77934,3
77935,2
77936,2
77937,2
77938,2
77939,3
77940,3
77941,3
77942,3
77943,2
77944,3
77945,3
77946,2
77947,2
77948,2
77949,2
77950,1
77951,1
77952,3
77953,3
77954,2
77955,3
77956,3
77957,3
77958,3
77959,3
77960,3
77961,1
77962,1
77963,1
77964,1
77965,3
77966,1
77967,2
77968,2
77969,2
77970,2
77971,2
77972,2
77973,2
77974,2
77975,2
77976,2
77977,2
77978,2
77979,2
77980,2
77981,2
77982,2
77983,2
77984,2
77985,2
77986,2
77987,2
77988,2
77989,2
77990,2
77991,2
77992,2
77993,2
77994,2
77995,2
77996,2
77997,2
77998,2
77999,2
78000,2
78001,2
78002,2
78003,2
78004,2
78005,2
78006,2
78007,3
78008,2
78009,2
78010,2
78011,2
78012,2
78013,2
78014,2
78015,2
78016,2
78017,2
78018,2
78019,2
78020,2
78021,2
78022,2
78023,2
78024,2
78025,2
78026,2
78027,2
78028,2
78029,2
78030,2
78031,2
78032,2
78033,2
78034,2
78035,2
78036,2
78037,2
78038,2
78039,2
78040,3
78041,1
78042,1
78043,3
78044,2
78045,2
78046,2
78047,2
78048,3
78049,2
78050,2
78051,2
78052,2
78053,2
78054,2
78055,2
78056,2
78057,3
78058,2
78059,2
78060,2
78061,2
78062,2
78063,2
78064,2
78065,2
78066,2
78067,2
78068,2
78069,1
78070,1
78071,1
78072,3
78073,3
78074,2
78075,3
78076,2
78077,3
78078,2
78079,2
78080,2
78081,2
78082,2
78083,2
78084,2
78085,2
78086,3
78087,2
78088,3
78089,3
78090,2
78091,2
78092,2
78093,2
78094,2
78095,2
78096,2
78097,2
78098,2
78099,2
78100,2
78101,2
78102,2
78103,2
78104,2
78105,2
78106,2
78107,2
78108,2
78109,2
78110,2
78111,2
78112,2
78113,2
78114,2
78115,2
78116,2
78117,2
78118,2
78119,2
78120,2
78121,2
78122,2
78123,2
78124,2
78125,2
78126,2
78127,2
78128,2
78129,2
78130,2
78131,2
78132,2
78133,2
78134,2
78135,2
78136,2
78137,2
78138,2
78139,2
78140,2
78141,2
78142,2
78143,2
78144,2
78145,1
78146,1
78147,3
78148,1
78149,3
78150,1
78151,2
78152,2
78153,2
78154,2
78155,2
78156,2
78157,2
78158,2
78159,2
78160,2
78161,2
78162,2
78163,2
78164,2
78165,2
78166,2
78167,2
78168,2
78169,2
78170,2
78171,2
78172,2
78173,3
78174,2
78175,2
78176,2
78177,2
78178,2
78179,2
78180,2
78181,2
78182,2
78183,2
78184,2
78185,2
78186,2
78187,2
78188,2
78189,2
78190,2
78191,2
78192,2
78193,3
78194,2
78195,2
78196,2
78197,2
78198,2
78199,2
78200,2
78201,2
78202,2
78203,2
78204,2
78205,2
78206,2
78207,2
78208,2
78209,2
78210,2
78211,2
78212,2
78213,2
78214,2
78215,2
78216,2
78217,2
78218,2
78219,2
78220,2
78221,2
78222,2
78223,2
78224,2
78225,2
78226,2
78227,2
78228,2
78229,2
78230,2
78231,3
78232,2
78233,2
78234,2
78235,3
78236,3
78237,3
78238,2
78239,2
78240,2
78241,2
78242,2
78243,2
78244,2
78245,2
78246,2
78247,2
78248,2
78249,2
78250,2
78251,2
78252,2
78253,2
78254,2
78255,2
78256,3
78257,1
78258,1
78259,2
78260,2
78261,2
78262,2
78263,2
78264,2
78265,2
78266,2
78267,2
78268,2
78269,2
78270,2
78271,2
78272,2
78273,2
78274,2
78275,2
78276,2
78277,2
78278,2
78279,2
78280,2
78281,2
78282,2
78283,2
78284,2
78285,2
78286,2
78287,2
78288,2
78289,2
78290,3
78291,2
78292,2
78293,3
78294,2
78295,2
78296,2
78297,2
78298,2
78299,2
78300,2
78301,2
78302,2
78303,2
78304,2
78305,2
78306,3
78307,2
78308,2
78309,2
78310,2
78311,2
78312,2
78313,2
78314,2
78315,2
78316,1
78317,1
78318,3
78319,3
78320,3
78321,2
78322,2
78323,2
78324,2
78325,2
78326,2
78327,2
78328,2
78329,2
78330,2
78331,2
78332,2
78333,2
78334,2
78335,2
78336,2
78337,2
78338,2
78339,2
78340,2
78341,2
78342,2
78343,3
78344,2
78345,2
78346,2
78347,2
78348,2
78349,2
78350,2
78351,2
78352,2
78353,2
78354,2
78355,2
78356,2
78357,3
78358,2
78359,3
78360,3
78361,2
78362,2
78363,3
78364,2
78365,3
78366,3
78367,2
78368,2
78369,2
78370,2
78371,2
78372,2
78373,2
78374,2
78375,2
78376,2
78377,2
78378,2
78379,2
78380,2
78381,2
78382,2
78383,2
78384,2
78385,2
78386,2
78387,2
78388,2
78389,2
78390,2
78391,2
78392,2
78393,2
78394,2
78395,2
78396,2
78397,2
78398,2
78399,2
78400,2
78401,2
78402,2
78403,2
78404,2
78405,2
78406,2
78407,2
78408,2
78409,2
78410,2
78411,2
78412,2
78413,2
78414,2
78415,2
78416,2
78417,2
78418,3
78419,2
78420,2
78421,2
78422,2
78423,2
78424,2
78425,2
78426,2
78427,2
78428,2
78429,2
78430,2
78431,2
78432,2
78433,2
78434,2
78435,2
78436,3
78437,2
78438,2
78439,2
78440,2
78441,2
78442,2
78443,2
78444,2
78445,2
78446,2
78447,2
78448,2
78449,3
78450,2
78451,2
78452,2
78453,2
78454,2
78455,2
78456,2
78457,2
78458,2
78459,2
78460,2
78461,2
78462,2
78463,2
78464,2
78465,2
78466,2
78467,2
78468,2
78469,2
78470,2
78471,2
78472,2
78473,2
78474,2
78475,2
78476,2
78477,2
78478,2
78479,2
78480,2
78481,2
78482,3
78483,2
78484,2
78485,2
78486,2
78487,2
78488,2
78489,2
78490,2
78491,2
78492,2
78493,2
78494,2
78495,2
78496,2
78497,2
78498,2
78499,2
78500,2
78501,2
78502,2
78503,2
78504,2
78505,2
78506,1
78507,3
78508,1
78509,3
78510,1
78511,2
78512,2
78513,2
78514,2
78515,2
78516,2
78517,2
78518,2
78519,2
78520,3
78521,2
78522,2
78523,2
78524,2
78525,2
78526,2
78527,2
78528,2
78529,2
78530,2
78531,2
78532,2
78533,2
78534,2
78535,2
78536,2
78537,2
78538,2
78539,2
78540,3
78541,2
78542,3
78543,2
78544,2
78545,2
78546,3
78547,2
78548,2
78549,2
78550,2
78551,2
78552,2
78553,2
78554,2
78555,2
78556,2
78557,2
78558,2
78559,2
78560,2
78561,2
78562,2
78563,2
78564,2
78565,2
78566,2
78567,2
78568,2
78569,2
78570,2
78571,2
78572,2
78573,2
78574,2
78575,2
78576,2
78577,2
78578,3
78579,2
78580,2
78581,2
78582,2
78583,2
78584,2
78585,2
78586,2
78587,2
78588,2
78589,2
78590,2
78591,2
78592,2
78593,2
78594,2
78595,2
78596,2
78597,2
78598,2
78599,2
78600,2
78601,3
78602,2
78603,2
78604,2
78605,2
78606,2
78607,2
78608,2
78609,3
78610,3
78611,2
78612,2
78613,2
78614,2
78615,2
78616,2
78617,2
78618,2
78619,2
78620,2
78621,2
78622,2
78623,2
78624,2
78625,2
78626,2
78627,3
78628,2
78629,2
78630,2
78631,2
78632,2
78633,2
78634,2
78635,2
78636,2
78637,2
78638,2
78639,2
78640,2
78641,2
78642,2
78643,3
78644,2
78645,2
78646,2
78647,2
78648,2
78649,2
78650,2
78651,2
78652,2
78653,2
78654,2
78655,2
78656,2
78657,2
78658,2
78659,2
78660,2
78661,2
78662,2
78663,2
78664,2
78665,2
78666,2
78667,2
78668,2
78669,2
78670,2
78671,2
78672,2
78673,2
78674,2
78675,2
78676,2
78677,2
78678,1
78679,1
78680,2
78681,1
78682,1
78683,1
78684,1
78685,2
78686,2
78687,2
78688,2
78689,2
78690,2
78691,2
78692,2
78693,2
78694,2
78695,2
78696,2
78697,2
78698,2
78699,2
78700,2
78701,2
78702,2
78703,2
78704,2
78705,2
78706,2
78707,2
78708,2
78709,2
78710,1
78711,2
78712,2
78713,2
78714,2
78715,2
78716,2
78717,2
78718,2
78719,2
78720,2
78721,2
78722,2
78723,2
78724,2
78725,2
78726,2
78727,3
78728,2
78729,2
78730,2
78731,2
78732,2
78733,2
78734,2
78735,2
78736,2
78737,2
78738,1
78739,2
78740,2
78741,1
78742,1
78743,1
78744,1
78745,3
78746,2
78747,1
78748,1
78749,2
78750,1
78751,2
78752,3
78753,3
78754,2
78755,2
78756,2
78757,2
78758,2
78759,1
78760,1
78761,1
78762,3
78763,2
78764,3
78765,2
78766,2
78767,2
78768,2
78769,2
78770,2
78771,2
78772,2
78773,2
78774,2
78775,2
78776,2
78777,3
78778,2
78779,2
78780,2
78781,2
78782,2
78783,2
78784,2
78785,2
78786,2
78787,2
78788,2
78789,2
78790,2
78791,2
78792,2
78793,2
78794,2
78795,2
78796,2
78797,2
78798,2
78799,2
78800,2
78801,2
78802,2
78803,2
78804,2
78805,2
78806,2
78807,2
78808,2
78809,2
78810,2
78811,2
78812,2
78813,2
78814,2
78815,2
78816,2
78817,2
78818,2
78819,2
78820,2
78821,2
78822,2
78823,2
78824,2
78825,2
78826,2
78827,2
78828,2
78829,2
78830,2
78831,2
78832,2
78833,2
78834,2
78835,2
78836,2
78837,2
78838,2
78839,2
78840,2
78841,2
78842,2
78843,2
78844,2
78845,2
78846,2
78847,2
78848,2
78849,2
78850,2
78851,2
78852,2
78853,2
78854,2
78855,2
78856,2
78857,2
78858,2
78859,2
78860,2
78861,2
78862,2
78863,2
78864,2
78865,2
78866,2
78867,2
78868,2
78869,2
78870,2
78871,2
78872,2
78873,2
78874,2
78875,2
78876,2
78877,2
78878,2
78879,2
78880,2
78881,2
78882,2
78883,2
78884,2
78885,2
78886,2
78887,2
78888,2
78889,2
78890,2
78891,2
78892,2
78893,2
78894,2
78895,2
78896,2
78897,2
78898,2
78899,2
78900,2
78901,2
78902,2
78903,2
78904,2
78905,2
78906,2
78907,2
78908,2
78909,2
78910,2
78911,2
78912,2
78913,2
78914,2
78915,2
78916,2
78917,2
78918,2
78919,2
78920,2
78921,2
78922,2
78923,2
78924,2
78925,2
78926,2
78927,2
78928,2
78929,2
78930,2
78931,2
78932,2
78933,1
78934,2
78935,2
78936,2
78937,2
78938,2
78939,2
78940,2
78941,2
78942,2
78943,2
78944,2
78945,2
78946,2
78947,2
78948,2
78949,2
78950,2
78951,2
78952,2
78953,2
78954,2
78955,2
78956,2
78957,2
78958,2
78959,2
78960,2
78961,2
78962,2
78963,2
78964,2
78965,2
78966,2
78967,2
78968,2
78969,2
78970,2
78971,2
78972,2
78973,2
78974,2
78975,2
78976,2
78977,2
78978,2
78979,2
78980,2
78981,2
78982,2
78983,2
78984,2
78985,2
78986,2
78987,2
78988,2
78989,2
78990,2
78991,2
78992,2
78993,2
78994,2
78995,2
78996,2
78997,2
78998,2
78999,2
79000,2
79001,2
79002,2
79003,2
79004,2
79005,2
79006,2
79007,2
79008,2
79009,2
79010,2
79011,2
79012,2
79013,2
79014,2
79015,2
79016,2
79017,2
79018,2
79019,2
79020,2
79021,2
79022,2
79023,2
79024,2
79025,2
79026,2
79027,2
79028,2
79029,2
79030,2
79031,2
79032,2
79033,2
79034,2
79035,2
79036,2
79037,2
79038,2
79039,2
79040,2
79041,2
79042,2
79043,2
79044,2
79045,2
79046,2
79047,2
79048,3
79049,3
79050,1
79051,3
79052,2
79053,2
79054,2
79055,2
79056,2
79057,3
79058,3
79059,3
79060,3
79061,2
79062,1
79063,3
79064,3
79065,1
79066,1
79067,2
79068,2
79069,1
79070,1
79071,1
79072,1
79073,1
79074,1
79075,1
79076,1
79077,1
79078,3
79079,3
79080,3
79081,2
79082,2
79083,2
79084,2
79085,2
79086,2
79087,2
79088,2
79089,2
79090,2
79091,3
79092,2
79093,2
79094,2
79095,2
79096,2
79097,2
79098,2
79099,2
79100,2
79101,2
79102,2
79103,3
79104,2
79105,2
79106,2
79107,2
79108,2
79109,2
79110,2
79111,2
79112,2
79113,2
79114,2
79115,2
79116,2
79117,2
79118,2
79119,2
79120,2
79121,2
79122,2
79123,2
79124,2
79125,2
79126,2
79127,2
79128,3
79129,2
79130,2
79131,2
79132,2
79133,2
79134,2
79135,2
79136,2
79137,2
79138,2
79139,2
79140,2
79141,2
79142,2
79143,2
79144,2
79145,2
79146,2
79147,2
79148,2
79149,2
79150,2
79151,2
79152,2
79153,2
79154,3
79155,2
79156,2
79157,2
79158,2
79159,2
79160,2
79161,2
79162,3
79163,2
79164,2
79165,2
79166,2
79167,2
79168,2
79169,2
79170,2
79171,2
79172,2
79173,3
79174,3
79175,3
79176,2
79177,3
79178,2
79179,2
79180,3
79181,3
79182,2
79183,2
79184,2
79185,2
79186,3
79187,2
79188,2
79189,2
79190,2
79191,3
79192,3
79193,1
79194,2
79195,2
79196,2
79197,2
79198,2
79199,2
79200,2
79201,2
79202,2
79203,2
79204,2
79205,2
79206,2
79207,2
79208,2
79209,2
79210,2
79211,2
79212,2
79213,2
79214,2
79215,2
79216,2
79217,2
79218,2
79219,3
79220,3
79221,2
79222,2
79223,2
79224,2
79225,2
79226,2
79227,2
79228,2
79229,2
79230,2
79231,2
79232,2
79233,2
79234,2
79235,2
79236,2
79237,2
79238,2
79239,2
79240,2
79241,2
79242,2
79243,2
79244,2
79245,2
79246,2
79247,2
79248,2
79249,2
79250,2
79251,3
79252,1
79253,1
79254,2
79255,3
79256,3
79257,3
79258,3
79259,3
79260,1
79261,2
79262,2
79263,1
79264,1
79265,2
79266,3
79267,2
79268,2
79269,2
79270,2
79271,2
79272,2
79273,2
79274,2
79275,2
79276,2
79277,2
79278,2
79279,2
79280,2
79281,2
79282,2
79283,2
79284,2
79285,2
79286,2
79287,3
79288,3
79289,2
79290,2
79291,2
79292,3
79293,2
79294,3
79295,2
79296,2
79297,2
79298,2
79299,2
79300,2
79301,2
79302,2
79303,3
79304,2
79305,3
79306,2
79307,2
79308,2
79309,2
79310,2
79311,2
79312,2
79313,2
79314,2
79315,2
79316,2
79317,3
79318,1
79319,1
79320,3
79321,3
79322,1
79323,1
79324,1
79325,1
79326,1
79327,1
79328,1
79329,1
79330,1
79331,1
79332,1
79333,1
79334,1
79335,1
79336,1
79337,1
79338,1
79339,1
79340,0
79341,1
79342,1
79343,1
79344,1
79345,1
79346,3
79347,1
79348,1
79349,3
79350,2
79351,3
79352,0
79353,3
79354,3
79355,3
79356,3
79357,3
79358,3
79359,3
79360,3
79361,3
79362,3
79363,3
79364,3
79365,1
79366,3
79367,3
79368,3
79369,3
79370,3
79371,3
79372,3
79373,3
79374,3
79375,3
79376,3
79377,3
79378,3
79379,3
79380,3
79381,3
79382,3
79383,3
79384,3
79385,3
79386,3
79387,3
79388,3
79389,3
79390,3
79391,3
79392,3
79393,3
79394,3
79395,3
79396,3
79397,3
79398,3
79399,3
79400,3
79401,3
79402,3
79403,3
79404,3
79405,3
79406,3
79407,3
79408,3
79409,3
79410,3
79411,1
79412,1
79413,3
79414,3
79415,3
79416,3
79417,3
79418,3
79419,3
79420,3
79421,0
79422,0
79423,0
79424,3
79425,3
79426,3
79427,3
79428,3
79429,3
79430,3
79431,3
79432,3
79433,3
79434,3
79435,1
79436,3
79437,3
79438,3
79439,3
79440,3
79441,3
79442,3
79443,3
79444,3
79445,3
79446,3
79447,3
79448,3
79449,2
79450,3
79451,3
79452,2
79453,3
79454,3
79455,3
79456,3
79457,3
79458,3
79459,3
79460,3
79461,3
79462,3
79463,3
79464,1
79465,1
79466,1
79467,1
79468,3
79469,3
79470,3
79471,3
79472,3
79473,1
79474,3
79475,3
79476,3
79477,2
79478,3
79479,3
79480,3
79481,1
79482,3
79483,3
79484,0
79485,0
79486,0
79487,0
79488,3
79489,3
79490,3
79491,3
79492,3
79493,3
79494,3
79495,3
79496,3
79497,3
79498,3
79499,3
79500,3
79501,3
79502,3
79503,3
79504,3
79505,3
79506,0
79507,0
79508,0
79509,0
79510,0
79511,0
79512,0
79513,3
79514,3
79515,3
79516,3
79517,3
79518,3
79519,3
79520,3
79521,3
79522,3
79523,3
79524,3
79525,3
79526,3
79527,3
79528,3
79529,0
79530,0
79531,0
79532,0
79533,0
79534,0
79535,0
79536,0
79537,0
79538,0
79539,3
79540,3
79541,3
79542,3
79543,3
79544,3
79545,3
79546,3
79547,3
79548,3
79549,3
79550,3
79551,3
79552,3
79553,3
79554,3
79555,3
79556,0
79557,0
79558,3
79559,0
79560,0
79561,3
79562,0
79563,0
79564,0
79565,0
79566,3
79567,0
79568,0
79569,3
79570,3
79571,3
79572,3
79573,3
79574,3
79575,3
79576,3
79577,3
79578,3
79579,3
79580,3
79581,0
79582,0
79583,0
79584,0
79585,3
79586,3
79587,3
79588,3
79589,3
79590,3
79591,3
79592,3
79593,3
79594,3
79595,3
79596,0
79597,0
79598,0
79599,0
79600,0
79601,0
79602,0
79603,0
79604,0
79605,0
79606,0
79607,0
79608,0
79609,0
79610,0
79611,0
79612,0
79613,0
79614,2
79615,0
79616,3
79617,3
79618,3
79619,3
79620,3
79621,3
79622,3
79623,3
79624,3
79625,3
79626,3
79627,3
79628,3
79629,3
79630,3
79631,3
79632,3
79633,3
79634,3
79635,3
79636,3
79637,3
79638,2
79639,3
79640,3
79641,3
79642,2
79643,3
79644,3
79645,1
79646,1
79647,1
79648,1
79649,3
79650,1
79651,1
79652,3
79653,3
79654,3
79655,1
79656,1
79657,3
79658,3
79659,1
79660,2
79661,0
79662,3
79663,3
79664,2
79665,3
79666,3
79667,2
79668,3
79669,2
79670,3
79671,0
79672,2
79673,3
79674,3
79675,3
79676,3
79677,1
79678,2
79679,1
79680,3
79681,3
79682,3
79683,3
79684,3
79685,3
79686,3
79687,3
79688,3
79689,2
79690,2
79691,3
79692,2
79693,3
79694,2
79695,3
79696,2
79697,3
79698,2
79699,4
79700,2
79701,0
79702,2
79703,3
79704,2
79705,3
79706,3
79707,3
79708,2
79709,2
79710,2
79711,2
79712,3
79713,1
79714,2
79715,2
79716,1
79717,1
79718,1
79719,1
79720,2
79721,2
79722,3
79723,3
79724,3
79725,4
79726,2
79727,2
79728,2
79729,3
79730,1
79731,3
79732,1
79733,3
79734,1
79735,1
79736,1
79737,1
79738,1
79739,1
79740,1
79741,1
79742,2
79743,2
79744,2
79745,0
79746,2
79747,2
79748,2
79749,2
79750,2
79751,2
79752,3
79753,1
79754,1
79755,1
79756,3
79757,1
79758,3
79759,1
79760,1
79761,1
79762,1
79763,1
79764,1
79765,3
79766,1
79767,1
79768,3
79769,1
79770,1
79771,3
79772,1
79773,2
79774,1
79775,2
79776,3
79777,1
79778,1
79779,1
79780,3
79781,1
79782,3
79783,1
79784,1
79785,3
79786,3
79787,2
79788,3
79789,3
79790,3
79791,2
79792,3
79793,1
79794,1
79795,1
79796,1
79797,1
79798,1
79799,1
79800,2
79801,3
79802,1
79803,1
79804,3
79805,1
79806,1
79807,3
79808,1
79809,1
79810,2
79811,2
79812,2
79813,1
79814,3
79815,2
79816,1
79817,2
79818,1
79819,2
79820,2
79821,1
79822,2
79823,3
79824,3
79825,2
79826,3
79827,2
79828,2
79829,1
79830,1
79831,1
79832,1
79833,1
79834,1
79835,1
79836,2
79837,1
79838,1
79839,1
79840,1
79841,1
79842,1
79843,1
79844,1
79845,2
79846,2
79847,2
79848,2
79849,2
79850,2
79851,3
79852,3
79853,3
79854,3
79855,3
79856,2
79857,3
79858,3
79859,2
79860,1
79861,2
79862,0
79863,1
79864,3
79865,0
79866,0
79867,0
79868,1
79869,1
79870,2
79871,3
79872,2
79873,2
79874,2
79875,3
79876,3
79877,2
79878,2
79879,2
79880,3
79881,3
79882,2
79883,2
79884,3
79885,3
79886,2
79887,3
79888,3
79889,2
79890,3
79891,2
79892,0
79893,2
79894,2
79895,2
79896,2
79897,2
79898,2
79899,2
79900,1
79901,1
79902,2
79903,3
79904,2
79905,1
79906,0
79907,3
79908,3
79909,3
79910,1
79911,1
79912,2
79913,3
79914,2
79915,0
79916,0
79917,2
79918,3
79919,3
79920,2
79921,2
79922,2
79923,2
79924,2
79925,2
79926,2
79927,2
79928,2
79929,0
79930,2
79931,2
79932,2
79933,2
79934,2
79935,2
79936,2
79937,2
79938,2
79939,2
79940,3
79941,2
79942,3
79943,2
79944,2
79945,2
79946,2
79947,2
79948,2
79949,2
79950,2
79951,2
79952,2
79953,3
79954,3
79955,2
79956,3
79957,2
79958,2
79959,2
79960,2
79961,2
79962,2
79963,2
79964,2
79965,2
79966,2
79967,2
79968,2
79969,2
79970,2
79971,2
79972,2
79973,2
79974,2
79975,2
79976,2
79977,2
79978,2
79979,3
79980,2
79981,3
79982,3
79983,3
79984,2
79985,0
79986,2
79987,2
79988,2
79989,2
79990,2
79991,2
79992,2
79993,2
79994,3
79995,3
79996,0
79997,2
79998,2
79999,2
80000,2
80001,2
80002,2
80003,2
80004,2
80005,1
80006,1
80007,1
80008,2
80009,2
80010,2
80011,2
80012,2
80013,2
80014,2
80015,1
80016,1
80017,1
80018,1
80019,1
80020,2
80021,2
80022,2
80023,2
80024,2
80025,2
80026,2
80027,2
80028,2
80029,2
80030,2
80031,2
80032,2
80033,2
80034,2
80035,2
80036,2
80037,2
80038,3
80039,3
80040,2
80041,2
80042,2
80043,2
80044,3
80045,2
80046,2
80047,3
80048,2
80049,3
80050,2
80051,2
80052,2
80053,2
80054,2
80055,3
80056,3
80057,3
80058,2
80059,2
80060,2
80061,2
80062,3
80063,2
80064,2
80065,2
80066,2
80067,1
80068,3
80069,1
80070,1
80071,3
80072,3
80073,2
80074,3
80075,2
80076,2
80077,2
80078,2
80079,2
80080,2
80081,2
80082,2
80083,2
80084,2
80085,2
80086,2
80087,2
80088,2
80089,2
80090,2
80091,2
80092,2
80093,2
80094,2
80095,2
80096,2
80097,2
80098,2
80099,2
80100,3
80101,3
80102,3
80103,3
80104,3
80105,2
80106,3
80107,3
80108,3
80109,3
80110,3
80111,3
80112,3
80113,2
80114,3
80115,3
80116,3
80117,3
80118,3
80119,3
80120,3
80121,3
80122,3
80123,3
80124,3
80125,3
80126,3
80127,3
80128,3
80129,2
80130,2
80131,3
80132,3
80133,3
80134,3
80135,3
80136,3
80137,3
80138,3
80139,3
80140,3
80141,3
80142,3
80143,2
80144,3
80145,3
80146,3
80147,3
80148,3
80149,3
80150,3
80151,3
80152,3
80153,3
80154,3
80155,3
80156,3
80157,3
80158,3
80159,3
80160,3
80161,3
80162,3
80163,3
80164,1
80165,3
80166,3
80167,3
80168,3
80169,3
80170,3
80171,3
80172,3
80173,3
80174,3
80175,3
80176,3
80177,1
80178,3
80179,3
80180,3
80181,3
80182,3
80183,3
80184,3
80185,3
80186,3
80187,3
80188,3
80189,3
80190,3
80191,3
80192,3
80193,3
80194,3
80195,3
80196,3
80197,3
80198,2
80199,3
80200,3
80201,3
80202,3
80203,3
80204,3
80205,3
80206,3
80207,2
80208,3
80209,3
80210,3
80211,3
80212,3
80213,3
80214,3
80215,3
80216,3
80217,3
80218,3
80219,1
80220,1
80221,3
80222,1
80223,3
80224,3
80225,3
80226,3
80227,0
80228,0
80229,0
80230,0
80231,0
80232,0
80233,0
80234,0
80235,0
80236,0
80237,3
80238,2
80239,0
80240,0
80241,0
80242,0
80243,0
80244,0
80245,0
80246,0
80247,0
80248,0
80249,0
80250,0
80251,0
80252,0
80253,0
80254,3
80255,0
80256,0
80257,0
80258,0
80259,0
80260,0
80261,0
80262,0
80263,0
80264,0
80265,0
80266,0
80267,0
80268,0
80269,0
80270,0
80271,0
80272,0
80273,0
80274,0
80275,0
80276,0
80277,0
80278,0
80279,0
80280,0
80281,0
80282,3
80283,0
80284,2
80285,0
80286,2
80287,3
80288,3
80289,3
80290,2
80291,3
80292,2
80293,2
80294,2
80295,3
80296,2
80297,2
80298,3
80299,3
80300,3
80301,3
80302,3
80303,3
80304,0
80305,0
80306,0
80307,0
80308,0
80309,0
80310,0
80311,0
80312,0
80313,3
80314,3
80315,2
80316,0
80317,3
80318,0
80319,0
80320,2
80321,0
80322,0
80323,0
80324,0
80325,2
80326,0
80327,0
80328,0
80329,0
80330,0
80331,0
80332,0
80333,3
80334,3
80335,0
80336,0
80337,0
80338,0
80339,1
80340,1
80341,1
80342,1
80343,1
80344,1
80345,1
80346,3
80347,3
80348,3
80349,3
80350,3
80351,3
80352,3
80353,3
80354,1
80355,1
80356,1
80357,1
80358,1
80359,3
80360,3
80361,3
80362,2
80363,3
80364,3
80365,3
80366,3
80367,1
80368,3
80369,1
80370,3
80371,3
80372,3
80373,3
80374,3
80375,3
80376,3
80377,3
80378,3
80379,3
80380,3
80381,3
80382,3
80383,3
80384,3
80385,3
80386,3
80387,3
80388,3
80389,3
80390,3
80391,3
80392,3
80393,3
80394,3
80395,3
80396,3
80397,3
80398,1
80399,1
80400,3
80401,3
80402,3
80403,3
80404,1
80405,3
80406,2
80407,3
80408,3
80409,3
80410,3
80411,3
80412,3
80413,3
80414,3
80415,3
80416,3
80417,3
80418,3
80419,3
80420,3
80421,3
80422,3
80423,3
80424,3
80425,3
80426,3
80427,3
80428,3
80429,3
80430,3
80431,2
80432,3
80433,0
80434,0
80435,0
80436,2
80437,0
80438,3
80439,3
80440,3
80441,3
80442,3
80443,3
80444,2
80445,3
80446,2
80447,2
80448,3
80449,3
80450,3
80451,3
80452,3
80453,3
80454,3
80455,2
80456,2
80457,3
80458,0
80459,0
80460,0
80461,3
80462,0
80463,0
80464,0
80465,0
80466,0
80467,0
80468,0
80469,0
80470,0
80471,0
80472,0
80473,0
80474,0
80475,0
80476,0
80477,0
80478,0
80479,0
80480,0
80481,0
80482,0
80483,0
80484,0
80485,0
80486,0
80487,0
80488,0
80489,0
80490,0
80491,0
80492,0
80493,0
80494,0
80495,0
80496,0
80497,0
80498,0
80499,0
80500,0
80501,0
80502,0
80503,0
80504,2
80505,1
80506,1
80507,1
80508,1
80509,1
80510,1
80511,0
80512,0
80513,0
80514,0
80515,0
80516,0
80517,0
80518,0
80519,0
80520,0
80521,0
80522,0
80523,3
80524,0
80525,0
80526,0
80527,0
80528,0
80529,0
80530,0
80531,0
80532,0
80533,2
80534,3
80535,0
80536,0
80537,0
80538,0
80539,0
80540,0
80541,0
80542,0
80543,0
80544,0
80545,0
80546,0
80547,0
80548,0
80549,0
80550,0
80551,0
80552,0
80553,0
80554,0
80555,0
80556,0
80557,0
80558,0
80559,0
80560,0
80561,0
80562,0
80563,0
80564,0
80565,0
80566,0
80567,0
80568,0
80569,0
80570,0
80571,0
80572,0
80573,0
80574,0
80575,0
80576,0
80577,0
80578,0
80579,0
80580,0
80581,0
80582,0
80583,0
80584,0
80585,0
80586,0
80587,0
80588,0
80589,0
80590,0
80591,0
80592,0
80593,0
80594,2
80595,0
80596,0
80597,0
80598,0
80599,0
80600,0
80601,0
80602,0
80603,0
80604,0
80605,0
80606,0
80607,0
80608,0
80609,0
80610,3
80611,3
80612,0
80613,0
80614,0
80615,0
80616,0
80617,0
80618,0
80619,0
80620,0
80621,3
80622,0
80623,0
80624,0
80625,0
80626,0
80627,0
80628,0
80629,0
80630,0
80631,0
80632,0
80633,0
80634,0
80635,0
80636,3
80637,0
80638,0
80639,0
80640,0
80641,0
80642,0
80643,0
80644,0
80645,0
80646,0
80647,0
80648,0
80649,0
80650,0
80651,0
80652,0
80653,0
80654,0
80655,0
80656,0
80657,0
80658,0
80659,0
80660,0
80661,3
80662,2
80663,0
80664,0
80665,0
80666,0
80667,0
80668,0
80669,0
80670,0
80671,0
80672,0
80673,0
80674,0
80675,0
80676,0
80677,0
80678,0
80679,0
80680,0
80681,0
80682,0
80683,0
80684,0
80685,0
80686,0
80687,0
80688,0
80689,0
80690,0
80691,0
80692,0
80693,0
80694,0
80695,0
80696,2
80697,0
80698,2
80699,2
80700,0
80701,0
80702,0
80703,0
80704,0
80705,0
80706,0
80707,0
80708,0
80709,0
80710,0
80711,0
80712,0
80713,0
80714,0
80715,0
80716,0
80717,0
80718,0
80719,0
80720,0
80721,0
80722,3
80723,0
80724,0
80725,0
80726,0
80727,0
80728,0
80729,0
80730,0
80731,3
80732,3
80733,2
80734,0
80735,0
80736,0
80737,2
80738,0
80739,0
80740,0
80741,0
80742,0
80743,3
80744,2
80745,0
80746,0
80747,0
80748,0
80749,0
80750,0
80751,0
80752,3
80753,3
80754,3
80755,3
80756,3
80757,3
80758,3
80759,3
80760,0
80761,0
80762,0
80763,0
80764,0
80765,0
80766,0
80767,0
80768,0
80769,0
80770,0
80771,3
80772,0
80773,0
80774,0
80775,0
80776,0
80777,0
80778,0
80779,0
80780,0
80781,0
80782,0
80783,0
80784,0
80785,0
80786,0
80787,0
80788,0
80789,0
80790,0
80791,0
80792,0
80793,0
80794,0
80795,0
80796,0
80797,2
80798,0
80799,0
80800,0
80801,0
80802,0
80803,0
80804,0
80805,0
80806,0
80807,0
80808,0
80809,0
80810,0
80811,2
80812,3
80813,3
80814,2
80815,3
80816,3
80817,3
80818,3
80819,3
80820,3
80821,3
80822,0
80823,3
80824,0
80825,0
80826,0
80827,0
80828,0
80829,3
80830,0
80831,3
80832,3
80833,3
80834,3
80835,3
80836,3
80837,3
80838,3
80839,3
80840,3
80841,3
80842,0
80843,0
80844,0
80845,3
80846,0
80847,2
80848,3
80849,3
80850,3
80851,0
80852,2
80853,3
80854,3
80855,3
80856,3
80857,0
80858,0
80859,0
80860,0
80861,0
80862,2
80863,0
80864,0
80865,0
80866,2
80867,1
80868,1
80869,1
80870,0
80871,0
80872,0
80873,1
80874,3
80875,0
80876,0
80877,3
80878,3
80879,3
80880,3
80881,0
80882,3
80883,3
80884,3
80885,3
80886,2
80887,3
80888,3
80889,3
80890,3
80891,3
80892,3
80893,3
80894,3
80895,2
80896,3
80897,3
80898,0
80899,0
80900,0
80901,0
80902,0
80903,0
80904,0
80905,0
80906,0
80907,0
80908,0
80909,0
80910,1
80911,1
80912,3
80913,0
80914,2
80915,3
80916,0
80917,3
80918,2
80919,0
80920,3
80921,3
80922,2
80923,3
80924,3
80925,2
80926,3
80927,3
80928,3
80929,3
80930,2
80931,3
80932,3
80933,3
80934,3
80935,3
80936,0
80937,3
80938,3
80939,2
80940,3
80941,3
80942,3
80943,3
80944,3
80945,3
80946,3
80947,3
80948,3
80949,3
80950,3
80951,3
80952,3
80953,3
80954,3
80955,3
80956,3
80957,2
80958,3
80959,3
80960,3
80961,2
80962,2
80963,3
80964,3
80965,2
80966,3
80967,2
80968,3
80969,3
80970,3
80971,3
80972,3
80973,3
80974,3
80975,0
80976,3
80977,3
80978,3
80979,3
80980,3
80981,3
80982,3
80983,2
80984,3
80985,2
80986,3
80987,3
80988,3
80989,3
80990,0
80991,3
80992,0
80993,0
80994,0
80995,0
80996,2
80997,0
80998,0
80999,0
81000,0
81001,0
81002,3
81003,2
81004,3
81005,3
81006,3
81007,3
81008,3
81009,3
81010,3
81011,3
81012,2
81013,3
81014,2
81015,3
81016,0
81017,0
81018,2
81019,0
81020,3
81021,3
81022,3
81023,3
81024,3
81025,3
81026,2
81027,3
81028,3
81029,2
81030,3
81031,2
81032,3
81033,3
81034,2
81035,0
81036,3
81037,2
81038,3
81039,2
81040,3
81041,3
81042,3
81043,3
81044,0
81045,3
81046,0
81047,0
81048,0
81049,0
81050,0
81051,3
81052,3
81053,3
81054,3
81055,2
81056,2
81057,3
81058,3
81059,3
81060,3
81061,3
81062,2
81063,0
81064,2
81065,3
81066,0
81067,3
81068,0
81069,0
81070,0
81071,0
81072,0
81073,2
81074,0
81075,3
81076,0
81077,0
81078,0
81079,3
81080,3
81081,0
81082,2
81083,3
81084,3
81085,3
81086,0
81087,2
81088,3
81089,3
81090,3
81091,3
81092,2
81093,3
81094,3
81095,3
81096,3
81097,3
81098,3
81099,3
81100,3
81101,3
81102,1
81103,1
81104,0
81105,2
81106,2
81107,3
81108,2
81109,3
81110,2
81111,2
81112,2
81113,1
81114,1
81115,2
81116,2
81117,2
81118,3
81119,2
81120,3
81121,3
81122,3
81123,3
81124,3
81125,2
81126,2
81127,2
81128,3
81129,2
81130,2
81131,1
81132,1
81133,3
81134,3
81135,1
81136,1
81137,0
81138,0
81139,1
81140,1
81141,3
81142,3
81143,3
81144,1
81145,3
81146,3
81147,2
81148,0
81149,0
81150,2
81151,2
81152,2
81153,0
81154,0
81155,0
81156,0
81157,0
81158,1
81159,3
81160,3
81161,3
81162,0
81163,0
81164,0
81165,0
81166,0
81167,0
81168,2
81169,2
81170,0
81171,2
81172,3
81173,3
81174,3
81175,3
81176,3
81177,3
81178,3
81179,3
81180,3
81181,3
81182,3
81183,0
81184,3
81185,1
81186,3
81187,3
81188,3
81189,3
81190,3
81191,3
81192,3
81193,3
81194,3
81195,0
81196,0
81197,0
81198,0
81199,0
81200,3
81201,3
81202,3
81203,0
81204,3
81205,3
81206,3
81207,3
81208,0
81209,2
81210,0
81211,3
81212,3
81213,3
81214,2
81215,2
81216,3
81217,3
81218,3
81219,3
81220,3
81221,3
81222,3
81223,3
81224,3
81225,3
81226,0
81227,0
81228,0
81229,0
81230,0
81231,3
81232,2
81233,1
81234,3
81235,3
81236,3
81237,3
81238,3
81239,1
81240,1
81241,3
81242,3
81243,1
81244,3
81245,3
81246,1
81247,3
81248,1
81249,3
81250,3
81251,3
81252,3
81253,3
81254,3
81255,3
81256,1
81257,1
81258,1
81259,1
81260,1
81261,3
81262,3
81263,3
81264,3
81265,3
81266,1
81267,1
81268,3
81269,1
81270,3
81271,1
81272,3
81273,3
81274,1
81275,1
81276,1
81277,1
81278,1
81279,3
81280,1
81281,1
81282,1
81283,1
81284,0
81285,0
81286,0
81287,2
81288,0
81289,0
81290,3
81291,2
81292,2
81293,0
81294,0
81295,0
81296,0
81297,0
81298,0
81299,2
81300,0
81301,0
81302,0
81303,0
81304,0
81305,2
81306,0
81307,0
81308,0
81309,0
81310,2
81311,0
81312,3
81313,3
81314,3
81315,2
81316,3
81317,0
81318,3
81319,3
81320,3
81321,2
81322,3
81323,3
81324,2
81325,3
81326,3
81327,3
81328,3
81329,3
81330,3
81331,3
81332,0
81333,0
81334,0
81335,2
81336,0
81337,0
81338,0
81339,0
81340,0
81341,0
81342,0
81343,2
81344,3
81345,3
81346,0
81347,2
81348,0
81349,3
81350,0
81351,3
81352,3
81353,3
81354,0
81355,0
81356,2
81357,3
81358,1
81359,3
81360,1
81361,3
81362,3
81363,0
81364,0
81365,3
81366,1
81367,1
81368,3
81369,1
81370,1
81371,3
81372,1
81373,1
81374,1
81375,3
81376,3
81377,3
81378,2
81379,0
81380,0
81381,0
81382,0
81383,1
81384,3
81385,3
81386,0
81387,3
81388,2
81389,2
81390,0
81391,0
81392,0
81393,0
81394,0
81395,0
81396,0
81397,0
81398,0
81399,0
81400,3
81401,0
81402,2
81403,3
81404,3
81405,3
81406,2
81407,2
81408,2
81409,2
81410,2
81411,3
81412,3
81413,2
81414,3
81415,3
81416,3
81417,3
81418,3
81419,3
81420,3
81421,3
81422,3
81423,0
81424,0
81425,0
81426,0
81427,0
81428,0
81429,0
81430,3
81431,2
81432,0
81433,0
81434,0
81435,0
81436,0
81437,0
81438,2
81439,2
81440,3
81441,0
81442,0
81443,0
81444,0
81445,0
81446,0
81447,0
81448,0
81449,0
81450,0
81451,0
81452,0
81453,0
81454,0
81455,0
81456,0
81457,0
81458,2
81459,0
81460,0
81461,0
81462,0
81463,0
81464,0
81465,0
81466,0
81467,0
81468,0
81469,0
81470,0
81471,0
81472,0
81473,0
81474,0
81475,3
81476,3
81477,0
81478,3
81479,3
81480,3
81481,3
81482,3
81483,3
81484,3
81485,3
81486,3
81487,2
81488,0
81489,3
81490,3
81491,0
81492,0
81493,0
81494,3
81495,0
81496,0
81497,0
81498,0
81499,2
81500,2
81501,2
81502,2
81503,3
81504,3
81505,3
81506,2
81507,3
81508,1
81509,3
81510,3
81511,1
81512,0
81513,2
81514,0
81515,0
81516,0
81517,0
81518,0
81519,0
81520,0
81521,0
81522,2
81523,0
81524,0
81525,3
81526,2
81527,3
81528,3
81529,3
81530,3
81531,3
81532,3
81533,3
81534,0
81535,0
81536,2
81537,3
81538,3
81539,2
81540,3
81541,3
81542,3
81543,3
81544,1
81545,1
81546,3
81547,3
81548,3
81549,3
81550,3
81551,3
81552,3
81553,3
81554,2
81555,3
81556,3
81557,3
81558,3
81559,3
81560,3
81561,3
81562,2
81563,3
81564,3
81565,2
81566,0
81567,2
81568,0
81569,0
81570,1
81571,3
81572,3
81573,3
81574,3
81575,3
81576,0
81577,0
81578,3
81579,3
81580,3
81581,3
81582,3
81583,3
81584,3
81585,2
81586,3
81587,0
81588,2
81589,0
81590,0
81591,3
81592,3
81593,3
81594,0
81595,2
81596,0
81597,3
81598,0
81599,0
81600,0
81601,0
81602,0
81603,0
81604,0
81605,0
81606,3
81607,3
81608,3
81609,3
81610,3
81611,2
81612,3
81613,3
81614,3
81615,3
81616,2
81617,2
81618,1
81619,1
81620,0
81621,3
81622,0
81623,3
81624,3
81625,3
81626,3
81627,2
81628,3
81629,3
81630,3
81631,3
81632,2
81633,3
81634,3
81635,3
81636,3
81637,2
81638,3
81639,2
81640,3
81641,3
81642,3
81643,3
81644,3
81645,3
81646,3
81647,3
81648,3
81649,3
81650,3
81651,3
81652,0
81653,0
81654,0
81655,0
81656,0
81657,0
81658,0
81659,0
81660,0
81661,0
81662,0
81663,0
81664,0
81665,0
81666,0
81667,0
81668,0
81669,3
81670,0
81671,0
81672,3
81673,2
81674,2
81675,2
81676,2
81677,2
81678,3
81679,2
81680,3
81681,3
81682,2
81683,2
81684,0
81685,0
81686,3
81687,1
81688,3
81689,2
81690,3
81691,3
81692,3
81693,2
81694,3
81695,3
81696,0
81697,3
81698,1
81699,1
81700,3
81701,1
81702,0
81703,0
81704,0
81705,3
81706,2
81707,2
81708,2
81709,2
81710,2
81711,2
81712,2
81713,2
81714,3
81715,0
81716,0
81717,0
81718,2
81719,0
81720,0
81721,0
81722,0
81723,0
81724,0
81725,0
81726,0
81727,0
81728,0
81729,0
81730,0
81731,0
81732,2
81733,0
81734,0
81735,0
81736,0
81737,0
81738,2
81739,3
81740,2
81741,2
81742,2
81743,2
81744,3
81745,3
81746,0
81747,0
81748,0
81749,2
81750,3
81751,1
81752,1
81753,1
81754,1
81755,3
81756,3
81757,3
81758,3
81759,0
81760,3
81761,3
81762,2
81763,3
81764,2
81765,3
81766,3
81767,3
81768,3
81769,3
81770,3
81771,3
81772,3
81773,3
81774,0
81775,0
81776,0
81777,0
81778,0
81779,0
81780,0
81781,0
81782,0
81783,3
81784,2
81785,3
81786,2
81787,3
81788,2
81789,3
81790,0
81791,0
81792,2
81793,2
81794,0
81795,0
81796,0
81797,0
81798,0
81799,0
81800,0
81801,0
81802,0
81803,2
81804,3
81805,3
81806,2
81807,3
81808,3
81809,3
81810,3
81811,3
81812,3
81813,0
81814,0
81815,3
81816,1
81817,1
81818,0
81819,0
81820,0
81821,0
81822,0
81823,0
81824,0
81825,3
81826,2
81827,2
81828,2
81829,1
81830,1
81831,0
81832,0
81833,0
81834,0
81835,0
81836,0
81837,0
81838,1
81839,3
81840,3
81841,2
81842,3
81843,0
81844,0
81845,0
81846,0
81847,0
81848,0
81849,0
81850,0
81851,0
81852,3
81853,3
81854,3
81855,3
81856,0
81857,3
81858,3
81859,3
81860,0
81861,0
81862,0
81863,0
81864,3
81865,3
81866,3
81867,1
81868,1
81869,1
81870,1
81871,0
81872,3
81873,3
81874,3
81875,3
81876,3
81877,3
81878,3
81879,3
81880,3
81881,3
81882,3
81883,3
81884,3
81885,3
81886,3
81887,1
81888,1
81889,3
81890,1
81891,1
81892,3
81893,3
81894,3
81895,3
81896,3
81897,3
81898,1
81899,1
81900,1
81901,3
81902,3
81903,1
81904,1
81905,1
81906,1
81907,1
81908,1
81909,1
81910,3
81911,1
81912,1
81913,3
81914,3
81915,3
81916,3
81917,1
81918,1
81919,1
81920,3
81921,3
81922,3
81923,3
81924,3
81925,3
81926,3
81927,1
81928,3
81929,3
81930,3
81931,1
81932,3
81933,3
81934,3
81935,3
81936,3
81937,3
81938,3
81939,3
81940,3
81941,1
81942,1
81943,1
81944,3
81945,3
81946,3
81947,0
81948,3
81949,3
81950,3
81951,0
81952,0
81953,3
81954,3
81955,3
81956,2
81957,3
81958,3
81959,2
81960,3
81961,2
81962,2
81963,3
81964,2
81965,3
81966,3
81967,3
81968,3
81969,3
81970,3
81971,3
81972,3
81973,3
81974,3
81975,3
81976,3
81977,3
81978,2
81979,2
81980,2
81981,2
81982,2
81983,2
81984,2
81985,3
81986,3
81987,3
81988,3
81989,3
81990,3
81991,3
81992,2
81993,3
81994,3
81995,2
81996,2
81997,2
81998,2
81999,3
82000,2
82001,3
82002,3
82003,3
82004,2
82005,3
82006,3
82007,3
82008,3
82009,3
82010,3
82011,2
82012,2
82013,2
82014,2
82015,2
82016,2
82017,3
82018,3
82019,3
82020,3
82021,3
82022,3
82023,3
82024,3
82025,3
82026,3
82027,2
82028,3
82029,3
82030,2
82031,3
82032,3
82033,2
82034,0
82035,3
82036,0
82037,3
82038,3
82039,3
82040,3
82041,2
82042,2
82043,2
82044,3
82045,3
82046,3
82047,3
82048,3
82049,2
82050,3
82051,2
82052,2
82053,1
82054,3
82055,2
82056,2
82057,2
82058,0
82059,0
82060,3
82061,3
82062,3
82063,3
82064,3
82065,3
82066,3
82067,3
82068,2
82069,2
82070,2
82071,3
82072,0
82073,3
82074,2
82075,3
82076,3
82077,3
82078,2
82079,3
82080,2
82081,2
82082,3
82083,3
82084,2
82085,3
82086,3
82087,3
82088,0
82089,0
82090,0
82091,0
82092,0
82093,0
82094,0
82095,0
82096,0
82097,0
82098,0
82099,0
82100,0
82101,0
82102,0
82103,3
82104,3
82105,3
82106,3
82107,3
82108,0
82109,0
82110,0
82111,0
82112,3
82113,3
82114,2
82115,2
82116,2
82117,3
82118,3
82119,0
82120,2
82121,0
82122,0
82123,0
82124,2
82125,0
82126,0
82127,0
82128,0
82129,0
82130,2
82131,0
82132,0
82133,0
82134,0
82135,0
82136,0
82137,0
82138,0
82139,0
82140,0
82141,0
82142,0
82143,0
82144,0
82145,0
82146,2
82147,2
82148,2
82149,3
82150,3
82151,3
82152,3
82153,3
82154,0
82155,3
82156,0
82157,0
82158,0
82159,0
82160,3
82161,3
82162,2
82163,3
82164,3
82165,2
82166,2
82167,3
82168,3
82169,3
82170,3
82171,3
82172,2
82173,2
82174,2
82175,3
82176,3
82177,3
82178,2
82179,3
82180,3
82181,3
82182,3
82183,3
82184,0
82185,2
82186,0
82187,3
82188,0
82189,0
82190,3
82191,0
82192,3
82193,0
82194,2
82195,2
82196,3
82197,2
82198,2
82199,2
82200,2
82201,2
82202,2
82203,3
82204,0
82205,3
82206,3
82207,0
82208,2
82209,0
82210,3
82211,3
82212,3
82213,3
82214,2
82215,2
82216,2
82217,2
82218,2
82219,2
82220,2
82221,2
82222,2
82223,2
82224,2
82225,2
82226,2
82227,2
82228,3
82229,3
82230,2
82231,2
82232,2
82233,2
82234,2
82235,2
82236,2
82237,2
82238,2
82239,2
82240,3
82241,2
82242,2
82243,2
82244,2
82245,2
82246,2
82247,2
82248,2
82249,2
82250,2
82251,3
82252,1
82253,3
82254,3
82255,3
82256,1
82257,1
82258,1
82259,1
82260,1
82261,1
82262,0
82263,3
82264,1
82265,1
82266,1
82267,1
82268,3
82269,3
82270,3
82271,3
82272,2
82273,3
82274,3
82275,3
82276,3
82277,2
82278,2
82279,2
82280,2
82281,3
82282,3
82283,3
82284,0
82285,0
82286,0
82287,0
82288,0
82289,3
82290,3
82291,3
82292,3
82293,0
82294,3
82295,0
82296,3
82297,3
82298,0
82299,0
82300,0
82301,0
82302,0
82303,0
82304,0
82305,3
82306,1
82307,2
82308,2
82309,2
82310,2
82311,2
82312,3
82313,2
82314,2
82315,2
82316,2
82317,2
82318,2
82319,3
82320,2
82321,2
82322,2
82323,2
82324,2
82325,2
82326,2
82327,2
82328,2
82329,2
82330,2
82331,2
82332,2
82333,2
82334,2
82335,2
82336,2
82337,2
82338,2
82339,3
82340,3
82341,3
82342,0
82343,1
82344,0
82345,2
82346,0
82347,0
82348,0
82349,2
82350,2
82351,0
82352,0
82353,0
82354,3
82355,3
82356,3
82357,3
82358,3
82359,3
82360,2
82361,3
82362,3
82363,3
82364,3
82365,3
82366,3
82367,3
82368,3
82369,0
82370,2
82371,3
82372,3
82373,3
82374,3
82375,3
82376,3
82377,1
82378,3
82379,3
82380,3
82381,3
82382,3
82383,3
82384,3
82385,3
82386,2
82387,3
82388,3
82389,3
82390,2
82391,3
82392,3
82393,3
82394,3
82395,3
82396,3
82397,3
82398,3
82399,3
82400,3
82401,3
82402,3
82403,1
82404,1
82405,2
82406,2
82407,2
82408,2
82409,2
82410,2
82411,2
82412,2
82413,2
82414,3
82415,2
82416,3
82417,3
82418,3
82419,3
82420,1
82421,1
82422,1
82423,1
82424,3
82425,3
82426,2
82427,3
82428,2
82429,1
82430,1
82431,3
82432,3
82433,3
82434,3
82435,3
82436,3
82437,3
82438,2
82439,3
82440,3
82441,3
82442,3
82443,2
82444,3
82445,3
82446,3
82447,3
82448,3
82449,3
82450,3
82451,2
82452,2
82453,3
82454,3
82455,3
82456,3
82457,3
82458,3
82459,3
82460,3
82461,3
82462,3
82463,3
82464,3
82465,3
82466,2
82467,3
82468,3
82469,2
82470,3
82471,3
82472,3
82473,3
82474,3
82475,3
82476,3
82477,3
82478,3
82479,3
82480,3
82481,3
82482,3
82483,3
82484,3
82485,3
82486,3
82487,3
82488,3
82489,3
82490,3
82491,3
82492,3
82493,3
82494,2
82495,3
82496,3
82497,3
82498,3
82499,3
82500,3
82501,3
82502,0
82503,2
82504,3
82505,3
82506,2
82507,3
82508,3
82509,3
82510,2
82511,3
82512,3
82513,3
82514,2
82515,3
82516,3
82517,3
82518,3
82519,2
82520,3
82521,3
82522,3
82523,3
82524,3
82525,3
82526,3
82527,3
82528,3
82529,3
82530,3
82531,3
82532,3
82533,2
82534,3
82535,3
82536,1
82537,3
82538,1
82539,1
82540,3
82541,3
82542,3
82543,3
82544,3
82545,1
82546,3
82547,1
82548,1
82549,1
82550,1
82551,1
82552,1
82553,1
82554,1
82555,1
82556,1
82557,1
82558,1
82559,1
82560,1
82561,1
82562,1
82563,1
82564,1
82565,1
82566,3
82567,3
82568,3
82569,3
82570,3
82571,3
82572,3
82573,3
82574,3
82575,3
82576,1
82577,1
82578,1
82579,3
82580,3
82581,3
82582,3
82583,2
82584,0
82585,1
82586,3
82587,3
82588,2
82589,3
82590,3
82591,3
82592,3
82593,3
82594,3
82595,3
82596,3
82597,3
82598,3
82599,3
82600,3
82601,3
82602,3
82603,3
82604,3
82605,3
82606,3
82607,3
82608,3
82609,3
82610,3
82611,3
82612,3
82613,3
82614,3
82615,3
82616,3
82617,3
82618,3
82619,3
82620,3
82621,3
82622,3
82623,3
82624,3
82625,3
82626,3
82627,3
82628,3
82629,3
82630,3
82631,1
82632,1
82633,1
82634,2
82635,3
82636,3
82637,3
82638,3
82639,1
82640,1
82641,1
82642,3
82643,1
82644,1
82645,1
82646,3
82647,3
82648,1
82649,3
82650,1
82651,3
82652,1
82653,3
82654,0
82655,3
82656,2
82657,3
82658,3
82659,3
82660,3
82661,3
82662,3
82663,3
82664,3
82665,3
82666,3
82667,3
82668,3
82669,3
82670,3
82671,3
82672,3
82673,3
82674,2
82675,1
82676,1
82677,1
82678,1
82679,1
82680,1
82681,3
82682,3
82683,3
82684,1
82685,1
82686,1
82687,1
82688,1
82689,1
82690,1
82691,1
82692,3
82693,3
82694,3
82695,3
82696,3
82697,2
82698,2
82699,3
82700,3
82701,3
82702,3
82703,3
82704,3
82705,3
82706,3
82707,2
82708,3
82709,3
82710,2
82711,2
82712,1
82713,1
82714,1
82715,2
82716,2
82717,3
82718,3
82719,2
82720,2
82721,3
82722,2
82723,3
82724,3
82725,2
82726,3
82727,3
82728,3
82729,3
82730,3
82731,3
82732,3
82733,3
82734,3
82735,3
82736,2
82737,3
82738,2
82739,3
82740,3
82741,3
82742,3
82743,3
82744,3
82745,1
82746,1
82747,1
82748,2
82749,3
82750,3
82751,2
82752,3
82753,3
82754,3
82755,3
82756,3
82757,3
82758,3
82759,3
82760,3
82761,3
82762,3
82763,3
82764,3
82765,3
82766,3
82767,3
82768,3
82769,1
82770,1
82771,1
82772,1
82773,1
82774,1
82775,1
82776,1
82777,1
82778,1
82779,1
82780,3
82781,1
82782,1
82783,1
82784,3
82785,3
82786,1
82787,1
82788,1
82789,1
82790,1
82791,1
82792,1
82793,1
82794,1
82795,1
82796,1
82797,1
82798,1
82799,3
82800,3
82801,3
82802,3
82803,3
82804,3
82805,3
82806,1
82807,3
82808,3
82809,3
82810,3
82811,3
82812,3
82813,3
82814,3
82815,3
82816,3
82817,3
82818,3
82819,3
82820,3
82821,3
82822,3
82823,3
82824,3
82825,3
82826,3
82827,3
82828,3
82829,3
82830,1
82831,1
82832,1
82833,3
82834,1
82835,3
82836,3
82837,3
82838,3
82839,2
82840,2
82841,2
82842,3
82843,2
82844,2
82845,3
82846,3
82847,2
82848,3
82849,2
82850,2
82851,2
82852,2
82853,2
82854,3
82855,3
82856,2
82857,3
82858,2
82859,3
82860,3
82861,3
82862,3
82863,3
82864,3
82865,3
82866,3
82867,3
82868,3
82869,3
82870,3
82871,3
82872,3
82873,3
82874,3
82875,3
82876,3
82877,3
82878,3
82879,1
82880,1
82881,3
82882,1
82883,1
82884,1
82885,1
82886,3
82887,2
82888,2
82889,2
82890,2
82891,3
82892,3
82893,2
82894,2
82895,3
82896,3
82897,3
82898,2
82899,2
82900,2
82901,2
82902,2
82903,2
82904,2
82905,2
82906,2
82907,3
82908,3
82909,2
82910,3
82911,2
82912,2
82913,2
82914,3
82915,2
82916,3
82917,2
82918,3
82919,2
82920,2
82921,2
82922,3
82923,3
82924,3
82925,3
82926,3
82927,2
82928,2
82929,2
82930,2
82931,3
82932,2
82933,2
82934,2
82935,3
82936,2
82937,2
82938,2
82939,3
82940,2
82941,2
82942,2
82943,2
82944,2
82945,2
82946,2
82947,2
82948,2
82949,2
82950,2
82951,2
82952,3
82953,3
82954,3
82955,2
82956,3
82957,2
82958,3
82959,2
82960,3
82961,3
82962,2
82963,2
82964,2
82965,2
82966,3
82967,2
82968,2
82969,3
82970,3
82971,3
82972,2
82973,2
82974,2
82975,2
82976,2
82977,3
82978,3
82979,2
82980,2
82981,3
82982,1
82983,3
82984,2
82985,3
82986,2
82987,3
82988,2
82989,3
82990,3
82991,3
82992,3
82993,1
82994,2
82995,3
82996,3
82997,3
82998,3
82999,2
83000,2
83001,3
83002,3
83003,3
83004,3
83005,2
83006,3
83007,3
83008,3
83009,3
83010,1
83011,3
83012,3
83013,3
83014,2
83015,3
83016,2
83017,3
83018,3
83019,2
83020,2
83021,2
83022,2
83023,3
83024,3
83025,3
83026,3
83027,2
83028,2
83029,3
83030,3
83031,3
83032,2
83033,3
83034,3
83035,3
83036,3
83037,3
83038,3
83039,3
83040,3
83041,1
83042,3
83043,3
83044,3
83045,3
83046,2
83047,3
83048,3
83049,3
83050,3
83051,3
83052,3
83053,3
83054,3
83055,0
83056,3
83057,3
83058,3
83059,3
83060,2
83061,3
83062,3
83063,3
83064,3
83065,3
83066,2
83067,2
83068,3
83069,3
83070,3
83071,3
83072,3
83073,3
83074,3
83075,3
83076,3
83077,0
83078,3
83079,3
83080,2
83081,1
83082,1
83083,2
83084,2
83085,3
83086,3
83087,3
83088,3
83089,3
83090,3
83091,3
83092,3
83093,3
83094,3
83095,3
83096,3
83097,3
83098,3
83099,2
83100,3
83101,1
83102,3
83103,3
83104,1
83105,3
83106,3
83107,3
83108,3
83109,1
83110,3
83111,3
83112,1
83113,3
83114,3
83115,1
83116,3
83117,2
83118,2
83119,2
83120,2
83121,2
83122,2
83123,2
83124,2
83125,2
83126,3
83127,3
83128,2
83129,3
83130,2
83131,3
83132,3
83133,2
83134,3
83135,3
83136,3
83137,3
83138,3
83139,3
83140,3
83141,3
83142,3
83143,3
83144,3
83145,3
83146,3
83147,3
83148,2
83149,3
83150,3
83151,3
83152,3
83153,3
83154,3
83155,3
83156,3
83157,3
83158,2
83159,1
83160,1
83161,3
83162,1
83163,3
83164,0
83165,1
83166,1
83167,2
83168,3
83169,1
83170,1
83171,3
83172,3
83173,2
83174,3
83175,3
83176,3
83177,3
83178,3
83179,3
83180,3
83181,1
83182,2
83183,3
83184,3
83185,3
83186,3
83187,3
83188,3
83189,3
83190,3
83191,2
83192,3
83193,3
83194,3
83195,3
83196,3
83197,2
83198,3
83199,3
83200,3
83201,3
83202,3
83203,3
83204,2
83205,3
83206,3
83207,3
83208,3
83209,3
83210,3
83211,2
83212,2
83213,2
83214,2
83215,2
83216,3
83217,3
83218,3
83219,2
83220,2
83221,3
83222,3
83223,2
83224,2
83225,1
83226,1
83227,3
83228,3
83229,1
83230,3
83231,2
83232,2
83233,2
83234,2
83235,2
83236,2
83237,3
83238,2
83239,2
83240,2
83241,2
83242,2
83243,2
83244,1
83245,1
83246,2
83247,2
83248,2
83249,2
83250,2
83251,2
83252,2
83253,2
83254,2
83255,2
83256,2
83257,2
83258,3
83259,3
83260,2
83261,2
83262,2
83263,2
83264,2
83265,2
83266,1
83267,2
83268,2
83269,1
83270,1
83271,1
83272,1
83273,1
83274,1
83275,3
83276,3
83277,1
83278,1
83279,3
83280,3
83281,3
83282,1
83283,1
83284,2
83285,2
83286,2
83287,3
83288,2
83289,3
83290,2
83291,2
83292,2
83293,2
83294,2
83295,2
83296,2
83297,2
83298,2
83299,2
83300,3
83301,2
83302,3
83303,3
83304,3
83305,3
83306,2
83307,3
83308,3
83309,1
83310,3
83311,2
83312,3
83313,1
83314,2
83315,3
83316,2
83317,2
83318,2
83319,2
83320,2
83321,2
83322,3
83323,2
83324,3
83325,3
83326,2
83327,3
83328,2
83329,3
83330,3
83331,3
83332,3
83333,3
83334,3
83335,3
83336,3
83337,2
83338,2
83339,2
83340,3
83341,2
83342,2
83343,3
83344,3
83345,3
83346,3
83347,2
83348,3
83349,3
83350,3
83351,1
83352,3
83353,1
83354,1
83355,1
83356,1
83357,1
83358,1
83359,3
83360,1
83361,3
83362,3
83363,3
83364,1
83365,1
83366,1
83367,1
83368,1
83369,3
83370,3
83371,3
83372,3
83373,3
83374,3
83375,3
83376,2
83377,3
83378,3
83379,3
83380,3
83381,3
83382,3
83383,2
83384,2
83385,2
83386,3
83387,1
83388,3
83389,1
83390,3
83391,3
83392,3
83393,3
83394,3
83395,3
83396,1
83397,3
83398,3
83399,3
83400,3
83401,3
83402,3
83403,1
83404,1
83405,1
83406,3
83407,3
83408,1
83409,1
83410,1
83411,1
83412,1
83413,1
83414,1
83415,1
83416,1
83417,3
83418,3
83419,3
83420,2
83421,2
83422,2
83423,3
83424,3
83425,3
83426,3
83427,3
83428,3
83429,2
83430,2
83431,2
83432,2
83433,2
83434,2
83435,2
83436,2
83437,2
83438,2
83439,2
83440,2
83441,2
83442,2
83443,2
83444,2
83445,2
83446,2
83447,2
83448,2
83449,3
83450,2
83451,2
83452,2
83453,2
83454,2
83455,2
83456,3
83457,2
83458,2
83459,2
83460,2
83461,2
83462,2
83463,2
83464,2
83465,2
83466,2
83467,2
83468,2
83469,3
83470,2
83471,2
83472,3
83473,2
83474,2
83475,2
83476,2
83477,2
83478,2
83479,3
83480,3
83481,3
83482,3
83483,2
83484,0
83485,2
83486,2
83487,3
83488,3
83489,3
83490,3
83491,0
83492,3
83493,0
83494,3
83495,3
83496,3
83497,3
83498,3
83499,3
83500,3
83501,3
83502,3
83503,3
83504,3
83505,3
83506,3
83507,3
83508,3
83509,3
83510,3
83511,3
83512,3
83513,3
83514,3
83515,3
83516,3
83517,3
83518,3
83519,3
83520,3
83521,3
83522,3
83523,3
83524,3
83525,3
83526,3
83527,3
83528,3
83529,3
83530,3
83531,3
83532,3
83533,3
83534,3
83535,3
83536,2
83537,0
83538,2
83539,2
83540,2
83541,3
83542,2
83543,2
83544,3
83545,2
83546,2
83547,0
83548,2
83549,2
83550,2
83551,2
83552,3
83553,2
83554,2
83555,2
83556,2
83557,2
83558,2
83559,3
83560,2
83561,3
83562,3
83563,2
83564,2
83565,2
83566,2
83567,2
83568,2
83569,3
83570,3
83571,2
83572,3
83573,2
83574,2
83575,2
83576,2
83577,0
83578,2
83579,3
83580,3
83581,2
83582,0
83583,3
83584,3
83585,3
83586,3
83587,3
83588,2
83589,3
83590,3
83591,2
83592,3
83593,3
83594,3
83595,3
83596,3
83597,3
83598,3
83599,3
83600,0
83601,0
83602,3
83603,3
83604,3
83605,3
83606,2
83607,3
83608,3
83609,3
83610,3
83611,3
83612,3
83613,3
83614,3
83615,3
83616,3
83617,3
83618,3
83619,3
83620,3
83621,3
83622,3
83623,3
83624,3
83625,3
83626,3
83627,0
83628,0
83629,0
83630,0
83631,0
83632,2
83633,0
83634,0
83635,0
83636,0
83637,0
83638,3
83639,3
83640,3
83641,0
83642,0
83643,0
83644,0
83645,0
83646,3
83647,0
83648,3
83649,0
83650,3
83651,0
83652,0
83653,0
83654,0
83655,0
83656,0
83657,0
83658,0
83659,0
83660,3
83661,3
83662,0
83663,1
83664,0
83665,0
83666,3
83667,3
83668,3
83669,3
83670,3
83671,3
83672,3
83673,3
83674,3
83675,0
83676,0
83677,3
83678,3
83679,0
83680,0
83681,0
83682,0
83683,3
83684,3
83685,3
83686,3
83687,3
83688,3
83689,3
83690,3
83691,3
83692,3
83693,3
83694,3
83695,3
83696,3
83697,2
83698,3
83699,3
83700,3
83701,2
83702,2
83703,3
83704,3
83705,3
83706,3
83707,3
83708,3
83709,2
83710,3
83711,3
83712,3
83713,3
83714,3
83715,3
83716,2
83717,3
83718,3
83719,3
83720,3
83721,3
83722,3
83723,3
83724,3
83725,3
83726,3
83727,3
83728,0
83729,0
83730,0
83731,3
83732,3
83733,2
83734,0
83735,3
83736,3
83737,0
83738,0
83739,0
83740,3
83741,0
83742,3
83743,2
83744,2
83745,2
83746,2
83747,3
83748,2
83749,3
83750,2
83751,3
83752,2
83753,2
83754,2
83755,3
83756,3
83757,3
83758,3
83759,3
83760,3
83761,3
83762,3
83763,3
83764,3
83765,3
83766,0
83767,0
83768,0
83769,3
83770,0
83771,0
83772,0
83773,0
83774,0
83775,0
83776,0
83777,0
83778,2
83779,0
83780,0
83781,0
83782,0
83783,0
83784,0
83785,0
83786,0
83787,0
83788,0
83789,2
83790,3
83791,0
83792,3
83793,0
83794,3
83795,0
83796,0
83797,0
83798,0
83799,0
83800,0
83801,3
83802,0
83803,0
83804,0
83805,0
83806,0
83807,3
83808,0
83809,0
83810,0
83811,0
83812,0
83813,0
83814,0
83815,0
83816,0
83817,0
83818,0
83819,0
83820,0
83821,0
83822,0
83823,0
83824,0
83825,0
83826,2
83827,2
83828,0
83829,0
83830,0
83831,0
83832,3
83833,0
83834,0
83835,2
83836,0
83837,0
83838,0
83839,0
83840,0
83841,0
83842,0
83843,0
83844,0
83845,3
83846,0
83847,0
83848,0
83849,0
83850,2
83851,2
83852,0
83853,0
83854,0
83855,0
83856,0
83857,0
83858,0
83859,0
83860,0
83861,0
83862,0
83863,0
83864,0
83865,0
83866,0
83867,0
83868,0
83869,0
83870,0
83871,0
83872,3
83873,0
83874,0
83875,0
83876,0
83877,0
83878,2
83879,0
83880,0
83881,0
83882,0
83883,0
83884,0
83885,0
83886,0
83887,0
83888,0
83889,0
83890,0
83891,0
83892,0
83893,0
83894,0
83895,0
83896,0
83897,0
83898,0
83899,0
83900,0
83901,0
83902,0
83903,0
83904,0
83905,0
83906,0
83907,1
83908,0
83909,0
83910,0
83911,2
83912,0
83913,3
83914,0
83915,3
83916,3
83917,3
83918,3
83919,3
83920,0
83921,0
83922,0
83923,0
83924,0
83925,0
83926,0
83927,0
83928,0
83929,0
83930,0
83931,0
83932,0
83933,0
83934,0
83935,0
83936,0
83937,3
83938,0
83939,0
83940,0
83941,0
83942,3
83943,0
83944,3
83945,0
83946,0
83947,0
83948,0
83949,0
83950,0
83951,0
83952,0
83953,0
83954,0
83955,0
83956,0
83957,2
83958,0
83959,2
83960,0
83961,0
83962,0
83963,2
83964,0
83965,0
83966,0
83967,0
83968,0
83969,0
83970,0
83971,2
83972,0
83973,0
83974,0
83975,0
83976,2
83977,2
83978,2
83979,3
83980,0
83981,2
83982,3
83983,2
83984,2
83985,3
83986,0
83987,2
83988,3
83989,0
83990,0
83991,3
83992,3
83993,3
83994,3
83995,3
83996,3
83997,3
83998,3
83999,3
84000,3
84001,3
84002,3
84003,3
84004,3
84005,0
84006,0
84007,0
84008,0
84009,0
84010,0
84011,0
84012,0
84013,0
84014,0
84015,0
84016,0
84017,0
84018,0
84019,0
84020,0
84021,0
84022,0
84023,0
84024,0
84025,0
84026,0
84027,0
84028,0
84029,0
84030,0
84031,0
84032,0
84033,0
84034,0
84035,0
84036,0
84037,0
84038,0
84039,0
84040,0
84041,0
84042,0
84043,3
84044,0
84045,0
84046,0
84047,0
84048,0
84049,0
84050,0
84051,0
84052,0
84053,0
84054,0
84055,3
84056,3
84057,3
84058,3
84059,3
84060,3
84061,3
84062,2
84063,0
84064,2
84065,0
84066,0
84067,0
84068,0
84069,0
84070,3
84071,2
84072,0
84073,0
84074,2
84075,0
84076,0
84077,0
84078,0
84079,0
84080,0
84081,0
84082,0
84083,0
84084,0
84085,0
84086,0
84087,0
84088,0
84089,2
84090,0
84091,0
84092,0
84093,0
84094,0
84095,0
84096,0
84097,0
84098,0
84099,0
84100,0
84101,1
84102,1
84103,0
84104,0
84105,2
84106,2
84107,0
84108,0
84109,0
84110,0
84111,0
84112,0
84113,0
84114,0
84115,0
84116,0
84117,0
84118,0
84119,0
84120,0
84121,0
84122,0
84123,0
84124,0
84125,0
84126,1
84127,0
84128,0
84129,0
84130,0
84131,2
84132,0
84133,0
84134,0
84135,0
84136,0
84137,0
84138,0
84139,0
84140,0
84141,0
84142,0
84143,0
84144,0
84145,0
84146,0
84147,0
84148,0
84149,0
84150,0
84151,0
84152,0
84153,0
84154,0
84155,0
84156,3
84157,0
84158,0
84159,0
84160,0
84161,0
84162,0
84163,0
84164,0
84165,0
84166,0
84167,0
84168,0
84169,0
84170,0
84171,0
84172,2
84173,0
84174,0
84175,0
84176,0
84177,0
84178,0
84179,0
84180,0
84181,0
84182,0
84183,0
84184,0
84185,0
84186,0
84187,0
84188,0
84189,0
84190,0
84191,0
84192,0
84193,0
84194,2
84195,0
84196,0
84197,0
84198,3
84199,0
84200,0
84201,0
84202,0
84203,0
84204,0
84205,0
84206,0
84207,0
84208,0
84209,0
84210,0
84211,0
84212,0
84213,0
84214,0
84215,0
84216,0
84217,0
84218,0
84219,0
84220,0
84221,0
84222,0
84223,0
84224,0
84225,0
84226,0
84227,0
84228,0
84229,0
84230,0
84231,0
84232,0
84233,0
84234,0
84235,0
84236,0
84237,0
84238,0
84239,0
84240,0
84241,0
84242,0
84243,0
84244,2
84245,2
84246,3
84247,2
84248,2
84249,2
84250,2
84251,2
84252,2
84253,3
84254,3
84255,2
84256,2
84257,2
84258,2
84259,2
84260,2
84261,2
84262,3
84263,3
84264,2
84265,2
84266,2
84267,2
84268,2
84269,2
84270,2
84271,2
84272,2
84273,2
84274,2
84275,2
84276,2
84277,2
84278,3
84279,3
84280,3
84281,3
84282,2
84283,3
84284,3
84285,3
84286,3
84287,3
84288,3
84289,3
84290,3
84291,3
84292,3
84293,3
84294,2
84295,3
84296,3
84297,3
84298,3
84299,0
84300,0
84301,0
84302,0
84303,0
84304,0
84305,0
84306,0
84307,0
84308,3
84309,0
84310,0
84311,0
84312,0
84313,0
84314,0
84315,0
84316,0
84317,0
84318,0
84319,0
84320,0
84321,0
84322,0
84323,2
84324,0
84325,0
84326,0
84327,0
84328,0
84329,0
84330,0
84331,2
84332,3
84333,2
84334,3
84335,3
84336,3
84337,0
84338,3
84339,3
84340,3
84341,0
84342,0
84343,1
84344,0
84345,0
84346,0
84347,3
84348,0
84349,3
84350,0
84351,0
84352,0
84353,3
84354,3
84355,0
84356,3
84357,2
84358,3
84359,3
84360,3
84361,3
84362,3
84363,3
84364,3
84365,3
84366,3
84367,3
84368,3
84369,3
84370,3
84371,3
84372,3
84373,3
84374,3
84375,3
84376,3
84377,3
84378,3
84379,3
84380,3
84381,3
84382,3
84383,3
84384,3
84385,2
84386,3
84387,3
84388,3
84389,3
84390,3
84391,2
84392,2
84393,3
84394,3
84395,3
84396,3
84397,3
84398,3
84399,3
84400,3
84401,3
84402,3
84403,3
84404,3
84405,3
84406,3
84407,3
84408,3
84409,3
84410,3
84411,3
84412,3
84413,3
84414,3
84415,3
84416,3
84417,0
84418,0
84419,0
84420,0
84421,3
84422,3
84423,0
84424,0
84425,0
84426,0
84427,0
84428,0
84429,0
84430,2
84431,0
84432,0
84433,2
84434,0
84435,0
84436,0
84437,2
84438,0
84439,0
84440,0
84441,0
84442,3
84443,0
84444,0
84445,0
84446,0
84447,0
84448,0
84449,0
84450,0
84451,0
84452,0
84453,0
84454,0
84455,0
84456,0
84457,0
84458,0
84459,0
84460,3
84461,0
84462,3
84463,3
84464,3
84465,3
84466,0
84467,0
84468,0
84469,0
84470,0
84471,0
84472,0
84473,0
84474,3
84475,3
84476,3
84477,0
84478,0
84479,0
84480,0
84481,0
84482,0
84483,0
84484,0
84485,0
84486,0
84487,0
84488,0
84489,0
84490,0
84491,0
84492,0
84493,0
84494,0
84495,0
84496,0
84497,0
84498,0
84499,0
84500,0
84501,0
84502,0
84503,0
84504,3
84505,0
84506,2
84507,0
84508,0
84509,0
84510,0
84511,0
84512,3
84513,3
84514,3
84515,3
84516,3
84517,3
84518,3
84519,0
84520,3
84521,3
84522,3
84523,3
84524,3
84525,3
84526,2
84527,3
84528,3
84529,3
84530,3
84531,3
84532,3
84533,3
84534,3
84535,3
84536,3
84537,3
84538,2
84539,2
84540,2
84541,2
84542,2
84543,2
84544,3
84545,3
84546,3
84547,3
84548,0
84549,0
84550,0
84551,0
84552,0
84553,0
84554,0
84555,0
84556,0
84557,0
84558,0
84559,0
84560,0
84561,0
84562,0
84563,0
84564,0
84565,0
84566,0
84567,0
84568,0
84569,0
84570,0
84571,0
84572,0
84573,0
84574,0
84575,3
84576,3
84577,3
84578,3
84579,3
84580,3
84581,3
84582,3
84583,0
84584,0
84585,0
84586,3
84587,3
84588,0
84589,0
84590,0
84591,0
84592,0
84593,0
84594,0
84595,3
84596,3
84597,3
84598,3
84599,3
84600,0
84601,0
84602,0
84603,0
84604,0
84605,2
84606,0
84607,3
84608,3
84609,0
84610,0
84611,0
84612,0
84613,0
84614,0
84615,0
84616,0
84617,0
84618,0
84619,2
84620,0
84621,0
84622,2
84623,3
84624,3
84625,0
84626,0
84627,3
84628,2
84629,3
84630,3
84631,3
84632,3
84633,3
84634,3
84635,3
84636,1
84637,1
84638,1
84639,1
84640,3
84641,3
84642,3
84643,3
84644,3
84645,4
84646,3
84647,3
84648,1
84649,1
84650,1
84651,1
84652,1
84653,1
84654,1
84655,1
84656,1
84657,1
84658,1
84659,3
84660,3
84661,3
84662,3
84663,3
84664,3
84665,2
84666,3
84667,3
84668,3
84669,3
84670,3
84671,3
84672,2
84673,2
84674,0
84675,3
84676,0
84677,1
84678,1
84679,1
84680,1
84681,1
84682,1
84683,1
84684,1
84685,1
84686,2
84687,3
84688,3
84689,3
84690,3
84691,2
84692,3
84693,3
84694,2
84695,2
84696,2
84697,2
84698,3
84699,2
84700,2
84701,2
84702,1
84703,2
84704,2
84705,2
84706,2
84707,2
84708,2
84709,1
84710,2
84711,2
84712,2
84713,2
84714,3
84715,0
84716,0
84717,3
84718,3
84719,2
84720,2
84721,2
84722,2
84723,2
84724,3
84725,2
84726,3
84727,2
84728,3
84729,2
84730,2
84731,1
84732,1
84733,1
84734,1
84735,1
84736,1
84737,1
84738,1
84739,1
84740,1
84741,1
84742,2
84743,2
84744,3
84745,1
84746,2
84747,2
84748,2
84749,3
84750,2
84751,3
84752,3
84753,3
84754,2
84755,3
84756,2
84757,2
84758,3
84759,3
84760,2
84761,2
84762,1
84763,1
84764,3
84765,3
84766,3
84767,3
84768,1
84769,2
84770,2
84771,3
84772,3
84773,2
84774,0
84775,0
84776,0
84777,3
84778,0
84779,2
84780,3
84781,3
84782,2
84783,2
84784,2
84785,2
84786,3
84787,2
84788,2
84789,2
84790,3
84791,2
84792,2
84793,3
84794,3
84795,2
84796,3
84797,3
84798,2
84799,2
84800,2
84801,2
84802,3
84803,3
84804,3
84805,3
84806,2
84807,2
84808,2
84809,2
84810,3
84811,3
84812,2
84813,2
84814,2
84815,2
84816,2
84817,3
84818,3
84819,3
84820,2
84821,0
84822,3
84823,5
84824,0
84825,3
84826,1
84827,0
84828,2
84829,2
84830,3
84831,2
84832,2
84833,2
84834,2
84835,3
84836,2
84837,2
84838,3
84839,2
84840,2
84841,2
84842,2
84843,2
84844,2
84845,2
84846,3
84847,2
84848,2
84849,3
84850,2
84851,3
84852,3
84853,2
84854,2
84855,3
84856,3
84857,2
84858,2
84859,2
84860,2
84861,2
84862,2
84863,2
84864,2
84865,3
84866,2
84867,3
84868,2
84869,2
84870,2
84871,2
84872,2
84873,3
84874,3
84875,2
84876,0
84877,0
84878,0
84879,2
84880,3
84881,2
84882,3
84883,3
84884,3
84885,2
84886,2
84887,2
84888,2
84889,2
84890,1
84891,1
84892,2
84893,2
84894,2
84895,2
84896,3
84897,2
84898,2
84899,3
84900,2
84901,3
84902,2
84903,3
84904,2
84905,2
84906,2
84907,2
84908,2
84909,1
84910,3
84911,3
84912,2
84913,2
84914,2
84915,1
84916,1
84917,1
84918,1
84919,2
84920,3
84921,3
84922,2
84923,0
84924,2
84925,3
84926,2
84927,2
84928,3
84929,2
84930,2
84931,2
84932,3
84933,2
84934,3
84935,2
84936,2
84937,2
84938,3
84939,2
84940,2
84941,2
84942,0
84943,2
84944,0
84945,0
84946,3
84947,2
84948,2
84949,2
84950,2
84951,2
84952,2
84953,2
84954,3
84955,3
84956,2
84957,2
84958,2
84959,2
84960,2
84961,2
84962,3
84963,3
84964,2
84965,2
84966,3
84967,3
84968,3
84969,2
84970,3
84971,2
84972,3
84973,2
84974,2
84975,2
84976,2
84977,3
84978,3
84979,3
84980,2
84981,3
84982,2
84983,2
84984,2
84985,2
84986,2
84987,2
84988,2
84989,2
84990,2
84991,2
84992,2
84993,2
84994,2
84995,3
84996,1
84997,1
84998,2
84999,0
85000,0
85001,3
85002,3
85003,3
85004,3
85005,3
85006,2
85007,2
85008,3
85009,2
85010,2
85011,3
85012,3
85013,2
85014,3
85015,2
85016,2
85017,3
85018,3
85019,3
85020,2
85021,3
85022,3
85023,2
85024,3
85025,2
85026,2
85027,3
85028,3
85029,3
85030,3
85031,3
85032,1
85033,3
85034,3
85035,2
85036,3
85037,2
85038,2
85039,2
85040,2
85041,2
85042,2
85043,2
85044,2
85045,3
85046,2
85047,2
85048,2
85049,2
85050,3
85051,3
85052,3
85053,3
85054,2
85055,2
85056,2
85057,2
85058,2
85059,2
85060,2
85061,2
85062,2
85063,2
85064,0
85065,0
85066,0
85067,0
85068,3
85069,2
85070,2
85071,2
85072,2
85073,3
85074,2
85075,3
85076,2
85077,2
85078,3
85079,0
85080,0
85081,0
85082,0
85083,2
85084,2
85085,2
85086,2
85087,2
85088,2
85089,2
85090,2
85091,2
85092,2
85093,3
85094,2
85095,3
85096,3
85097,2
85098,3
85099,2
85100,2
85101,3
85102,0
85103,3
85104,2
85105,3
85106,3
85107,2
85108,3
85109,3
85110,3
85111,3
85112,3
85113,0
85114,0
85115,2
85116,0
85117,0
85118,2
85119,0
85120,0
85121,3
85122,0
85123,0
85124,0
85125,1
85126,2
85127,2
85128,1
85129,3
85130,2
85131,2
85132,0
85133,0
85134,3
85135,2
85136,3
85137,1
85138,1
85139,1
85140,3
85141,1
85142,3
85143,1
85144,2
85145,1
85146,0
85147,3
85148,2
85149,2
85150,2
85151,2
85152,3
85153,2
85154,2
85155,2
85156,3
85157,2
85158,2
85159,3
85160,3
85161,2
85162,2
85163,2
85164,3
85165,3
85166,3
85167,3
85168,3
85169,2
85170,2
85171,3
85172,3
85173,3
85174,3
85175,2
85176,1
85177,3
85178,3
85179,3
85180,2
85181,3
85182,2
85183,2
85184,2
85185,2
85186,2
85187,3
85188,3
85189,3
85190,2
85191,2
85192,1
85193,3
85194,3
85195,3
85196,3
85197,1
85198,1
85199,1
85200,1
85201,1
85202,2
85203,3
85204,3
85205,3
85206,3
85207,2
85208,2
85209,3
85210,3
85211,1
85212,5
85213,1
85214,3
85215,2
85216,2
85217,2
85218,2
85219,3
85220,3
85221,3
85222,3
85223,1
85224,1
85225,1
85226,3
85227,2
85228,3
85229,3
85230,3
85231,1
85232,1
85233,1
85234,3
85235,1
85236,1
85237,2
85238,2
85239,2
85240,2
85241,3
85242,1
85243,1
85244,0
85245,0
85246,3
85247,3
85248,2
85249,1
85250,1
85251,2
85252,2
85253,2
85254,2
85255,3
85256,3
85257,3
85258,2
85259,3
85260,2
85261,3
85262,3
85263,2
85264,1
85265,1
85266,1
85267,1
85268,3
85269,3
85270,2
85271,2
85272,3
85273,2
85274,2
85275,2
85276,2
85277,2
85278,2
85279,3
85280,2
85281,2
85282,2
85283,2
85284,3
85285,2
85286,3
85287,2
85288,2
85289,2
85290,3
85291,2
85292,2
85293,3
85294,3
85295,2
85296,2
85297,2
85298,2
85299,2
85300,3
85301,2
85302,3
85303,1
85304,1
85305,1
85306,1
85307,2
85308,3
85309,3
85310,2
85311,2
85312,2
85313,3
85314,2
85315,2
85316,3
85317,3
85318,3
85319,3
85320,3
85321,2
85322,2
85323,2
85324,2
85325,3
85326,2
85327,3
85328,3
85329,2
85330,4
85331,2
85332,3
85333,2
85334,2
85335,3
85336,2
85337,3
85338,3
85339,2
85340,3
85341,3
85342,2
85343,2
85344,3
85345,3
85346,2
85347,3
85348,3
85349,3
85350,3
85351,3
85352,3
85353,3
85354,3
85355,1
85356,3
85357,2
85358,2
85359,3
85360,2
85361,2
85362,2
85363,2
85364,2
85365,2
85366,3
85367,2
85368,3
85369,2
85370,2
85371,3
85372,3
85373,3
85374,3
85375,3
85376,3
85377,3
85378,3
85379,3
85380,3
85381,3
85382,3
85383,2
85384,2
85385,3
85386,3
85387,3
85388,2
85389,3
85390,2
85391,2
85392,2
85393,2
85394,2
85395,2
85396,2
85397,2
85398,2
85399,2
85400,2
85401,2
85402,3
85403,3
85404,3
85405,3
85406,2
85407,2
85408,3
85409,3
85410,3
85411,3
85412,2
85413,2
85414,2
85415,2
85416,2
85417,3
85418,2
85419,2
85420,2
85421,2
85422,2
85423,2
85424,2
85425,2
85426,2
85427,3
85428,2
85429,3
85430,3
85431,3
85432,3
85433,3
85434,3
85435,3
85436,3
85437,3
85438,3
85439,3
85440,3
85441,3
85442,3
85443,3
85444,3
85445,3
85446,2
85447,2
85448,2
85449,2
85450,2
85451,2
85452,2
85453,2
85454,2
85455,0
85456,2
85457,2
85458,2
85459,2
85460,3
85461,3
85462,2
85463,2
85464,3
85465,2
85466,2
85467,2
85468,2
85469,3
85470,2
85471,2
85472,2
85473,3
85474,2
85475,3
85476,2
85477,2
85478,1
85479,2
85480,2
85481,3
85482,2
85483,1
85484,1
85485,2
85486,2
85487,3
85488,2
85489,3
85490,3
85491,2
85492,2
85493,2
85494,2
85495,2
85496,2
85497,2
85498,3
85499,2
85500,2
85501,2
85502,2
85503,2
85504,2
85505,2
85506,2
85507,2
85508,2
85509,2
85510,2
85511,2
85512,2
85513,2
85514,2
85515,2
85516,2
85517,2
85518,2
85519,2
85520,2
85521,2
85522,2
85523,2
85524,2
85525,2
85526,2
85527,2
85528,2
85529,2
85530,2
85531,2
85532,2
85533,2
85534,2
85535,2
85536,2
85537,2
85538,2
85539,2
85540,2
85541,2
85542,2
85543,2
85544,3
85545,2
85546,2
85547,2
85548,2
85549,2
85550,2
85551,2
85552,2
85553,2
85554,2
85555,2
85556,2
85557,2
85558,2
85559,2
85560,2
85561,2
85562,2
85563,2
85564,2
85565,2
85566,2
85567,2
85568,2
85569,0
85570,2
85571,2
85572,2
85573,2
85574,2
85575,2
85576,2
85577,2
85578,2
85579,2
85580,2
85581,2
85582,2
85583,2
85584,2
85585,2
85586,2
85587,2
85588,2
85589,3
85590,2
85591,2
85592,2
85593,2
85594,2
85595,2
85596,2
85597,2
85598,2
85599,2
85600,2
85601,2
85602,2
85603,2
85604,2
85605,3
85606,2
85607,2
85608,2
85609,2
85610,2
85611,0
85612,2
85613,2
85614,2
85615,2
85616,2
85617,2
85618,2
85619,2
85620,2
85621,2
85622,2
85623,2
85624,2
85625,2
85626,2
85627,2
85628,2
85629,3
85630,2
85631,2
85632,3
85633,2
85634,2
85635,2
85636,2
85637,2
85638,3
85639,2
85640,2
85641,2
85642,2
85643,2
85644,2
85645,3
85646,3
85647,2
85648,2
85649,2
85650,2
85651,3
85652,3
85653,2
85654,2
85655,2
85656,2
85657,2
85658,2
85659,2
85660,2
85661,2
85662,2
85663,2
85664,2
85665,2
85666,2
85667,2
85668,3
85669,0
85670,2
85671,2
85672,2
85673,3
85674,2
85675,2
85676,2
85677,2
85678,2
85679,2
85680,2
85681,2
85682,2
85683,2
85684,2
85685,2
85686,2
85687,3
85688,2
85689,2
85690,3
85691,2
85692,3
85693,3
85694,2
85695,3
85696,2
85697,0
85698,2
85699,2
85700,2
85701,2
85702,3
85703,2
85704,3
85705,1
85706,1
85707,1
85708,1
85709,1
85710,1
85711,1
85712,1
85713,1
85714,3
85715,1
85716,1
85717,1
85718,1
85719,1
85720,1
85721,1
85722,1
85723,1
85724,1
85725,1
85726,1
85727,1
85728,1
85729,1
85730,1
85731,1
85732,1
85733,1
85734,1
85735,1
85736,1
85737,1
85738,1
85739,1
85740,1
85741,1
85742,1
85743,1
85744,1
85745,1
85746,1
85747,1
85748,1
85749,1
85750,1
85751,1
85752,1
85753,1
85754,1
85755,1
85756,1
85757,1
85758,1
85759,1
85760,1
85761,1
85762,1
85763,1
85764,3
85765,1
85766,1
85767,1
85768,1
85769,1
85770,2
85771,3
85772,1
85773,1
85774,1
85775,2
85776,2
85777,2
85778,2
85779,2
85780,2
85781,2
85782,2
85783,2
85784,3
85785,2
85786,3
85787,3
85788,3
85789,3
85790,2
85791,2
85792,2
85793,2
85794,2
85795,2
85796,2
85797,2
85798,2
85799,2
85800,2
85801,2
85802,2
85803,2
85804,2
85805,1
85806,3
85807,2
85808,2
85809,2
85810,2
85811,2
85812,2
85813,2
85814,2
85815,2
85816,2
85817,2
85818,2
85819,2
85820,2
85821,2
85822,2
85823,2
85824,3
85825,2
85826,2
85827,3
85828,2
85829,3
85830,3
85831,3
85832,0
85833,2
85834,2
85835,2
85836,2
85837,2
85838,3
85839,3
85840,2
85841,2
85842,3
85843,2
85844,3
85845,2
85846,2
85847,2
85848,2
85849,2
85850,2
85851,2
85852,2
85853,2
85854,2
85855,2
85856,2
85857,2
85858,2
85859,2
85860,2
85861,2
85862,2
85863,2
85864,2
85865,2
85866,2
85867,2
85868,2
85869,2
85870,2
85871,2
85872,2
85873,2
85874,3
85875,0
85876,3
85877,2
85878,2
85879,3
85880,2
85881,2
85882,2
85883,2
85884,3
85885,2
85886,3
85887,2
85888,3
85889,2
85890,2
85891,2
85892,3
85893,3
85894,2
85895,3
85896,1
85897,2
85898,2
85899,0
85900,2
85901,2
85902,3
85903,2
85904,1
85905,1
85906,1
85907,1
85908,2
85909,2
85910,2
85911,3
85912,3
85913,3
85914,3
85915,2
85916,2
85917,2
85918,2
85919,2
85920,2
85921,2
85922,2
85923,3
85924,2
85925,2
85926,2
85927,2
85928,2
85929,2
85930,2
85931,2
85932,2
85933,2
85934,2
85935,2
85936,3
85937,2
85938,2
85939,2
85940,2
85941,2
85942,2
85943,2
85944,2
85945,2
85946,2
85947,2
85948,2
85949,2
85950,3
85951,2
85952,2
85953,2
85954,0
85955,2
85956,2
85957,2
85958,3
85959,2
85960,2
85961,2
85962,2
85963,3
85964,3
85965,2
85966,2
85967,0
85968,0
85969,0
85970,0
85971,0
85972,3
85973,2
85974,2
85975,3
85976,2
85977,2
85978,2
85979,2
85980,2
85981,2
85982,2
85983,2
85984,2
85985,3
85986,3
85987,2
85988,3
85989,3
85990,2
85991,2
85992,2
85993,2
85994,2
85995,3
85996,2
85997,3
85998,3
85999,1
86000,3
86001,3
86002,3
86003,3
86004,3
86005,2
86006,2
86007,2
86008,2
86009,2
86010,2
86011,2
86012,2
86013,2
86014,2
86015,2
86016,3
86017,2
86018,0
86019,2
86020,2
86021,2
86022,2
86023,2
86024,2
86025,2
86026,2
86027,2
86028,2
86029,2
86030,2
86031,2
86032,3
86033,3
86034,3
86035,2
86036,3
86037,3
86038,3
86039,2
86040,2
86041,2
86042,2
86043,2
86044,2
86045,0
86046,0
86047,2
86048,2
86049,2
86050,2
86051,2
86052,3
86053,3
86054,3
86055,2
86056,2
86057,3
86058,2
86059,3
86060,3
86061,3
86062,2
86063,2
86064,2
86065,2
86066,3
86067,2
86068,3
86069,2
86070,2
86071,2
86072,2
86073,2
86074,2
86075,2
86076,2
86077,2
86078,3
86079,2
86080,2
86081,2
86082,3
86083,2
86084,2
86085,2
86086,2
86087,2
86088,2
86089,2
86090,2
86091,2
86092,3
86093,2
86094,2
86095,2
86096,3
86097,3
86098,3
86099,3
86100,3
86101,3
86102,3
86103,3
86104,2
86105,3
86106,2
86107,3
86108,3
86109,3
86110,3
86111,2
86112,3
86113,3
86114,3
86115,2
86116,3
86117,3
86118,2
86119,2
86120,2
86121,2
86122,2
86123,0
86124,2
86125,2
86126,2
86127,2
86128,2
86129,2
86130,2
86131,2
86132,2
86133,2
86134,2
86135,2
86136,2
86137,2
86138,2
86139,2
86140,2
86141,2
86142,3
86143,3
86144,3
86145,3
86146,3
86147,3
86148,2
86149,2
86150,2
86151,2
86152,2
86153,2
86154,3
86155,3
86156,2
86157,2
86158,2
86159,2
86160,3
86161,3
86162,2
86163,3
86164,3
86165,2
86166,2
86167,2
86168,3
86169,3
86170,2
86171,3
86172,3
86173,3
86174,2
86175,3
86176,2
86177,3
86178,2
86179,2
86180,3
86181,3
86182,2
86183,2
86184,2
86185,2
86186,2
86187,2
86188,2
86189,2
86190,2
86191,2
86192,2
86193,3
86194,2
86195,2
86196,2
86197,2
86198,3
86199,2
86200,2
86201,2
86202,2
86203,2
86204,2
86205,2
86206,2
86207,2
86208,2
86209,2
86210,2
86211,2
86212,2
86213,2
86214,2
86215,2
86216,2
86217,2
86218,2
86219,2
86220,2
86221,2
86222,2
86223,2
86224,3
86225,2
86226,3
86227,2
86228,2
86229,2
86230,2
86231,2
86232,2
86233,3
86234,2
86235,2
86236,2
86237,3
86238,2
86239,3
86240,3
86241,2
86242,2
86243,3
86244,2
86245,2
86246,2
86247,2
86248,3
86249,2
86250,3
86251,3
86252,2
86253,3
86254,3
86255,2
86256,2
86257,3
86258,3
86259,0
86260,3
86261,3
86262,3
86263,2
86264,3
86265,3
86266,2
86267,2
86268,2
86269,2
86270,2
86271,2
86272,2
86273,2
86274,3
86275,3
86276,3
86277,3
86278,2
86279,2
86280,2
86281,2
86282,2
86283,2
86284,3
86285,2
86286,2
86287,2
86288,2
86289,2
86290,2
86291,2
86292,3
86293,3
86294,3
86295,3
86296,2
86297,2
86298,2
86299,2
86300,2
86301,2
86302,2
86303,3
86304,2
86305,2
86306,2
86307,2
86308,2
86309,2
86310,2
86311,2
86312,2
86313,3
86314,3
86315,2
86316,2
86317,2
86318,2
86319,2
86320,2
86321,2
86322,2
86323,2
86324,2
86325,2
86326,2
86327,0
86328,3
86329,3
86330,3
86331,3
86332,2
86333,2
86334,2
86335,2
86336,2
86337,2
86338,2
86339,2
86340,2
86341,2
86342,2
86343,2
86344,2
86345,2
86346,2
86347,2
86348,2
86349,2
86350,2
86351,3
86352,2
86353,2
86354,2
86355,2
86356,2
86357,2
86358,3
86359,2
86360,2
86361,2
86362,3
86363,2
86364,3
86365,2
86366,3
86367,2
86368,3
86369,2
86370,2
86371,2
86372,3
86373,2
86374,2
86375,2
86376,3
86377,2
86378,2
86379,2
86380,2
86381,2
86382,2
86383,2
86384,2
86385,2
86386,2
86387,3
86388,2
86389,2
86390,3
86391,3
86392,3
86393,3
86394,2
86395,2
86396,2
86397,3
86398,3
86399,3
86400,2
86401,3
86402,2
86403,2
86404,2
86405,2
86406,2
86407,2
86408,2
86409,2
86410,2
86411,2
86412,2
86413,2
86414,2
86415,2
86416,2
86417,2
86418,2
86419,2
86420,2
86421,2
86422,2
86423,3
86424,3
86425,2
86426,2
86427,2
86428,2
86429,2
86430,2
86431,2
86432,2
86433,2
86434,3
86435,3
86436,2
86437,2
86438,2
86439,2
86440,2
86441,2
86442,2
86443,2
86444,2
86445,2
86446,2
86447,2
86448,2
86449,2
86450,2
86451,2
86452,2
86453,2
86454,3
86455,2
86456,2
86457,2
86458,3
86459,2
86460,2
86461,2
86462,2
86463,2
86464,2
86465,2
86466,2
86467,2
86468,2
86469,2
86470,2
86471,2
86472,2
86473,2
86474,2
86475,2
86476,2
86477,2
86478,2
86479,2
86480,2
86481,0
86482,3
86483,2
86484,2
86485,2
86486,2
86487,2
86488,2
86489,2
86490,0
86491,2
86492,0
86493,3
86494,2
86495,2
86496,2
86497,2
86498,2
86499,3
86500,2
86501,2
86502,3
86503,2
86504,2
86505,2
86506,2
86507,2
86508,2
86509,2
86510,0
86511,2
86512,2
86513,2
86514,2
86515,2
86516,2
86517,2
86518,2
86519,2
86520,2
86521,2
86522,2
86523,2
86524,0
86525,0
86526,0
86527,0
86528,0
86529,0
86530,3
86531,3
86532,3
86533,3
86534,0
86535,2
86536,3
86537,2
86538,2
86539,2
86540,2
86541,2
86542,3
86543,2
86544,2
86545,2
86546,2
86547,2
86548,2
86549,2
86550,3
86551,3
86552,2
86553,2
86554,2
86555,2
86556,2
86557,2
86558,2
86559,2
86560,3
86561,3
86562,0
86563,2
86564,2
86565,2
86566,2
86567,2
86568,2
86569,3
86570,3
86571,2
86572,3
86573,2
86574,3
86575,3
86576,3
86577,2
86578,2
86579,3
86580,2
86581,2
86582,3
86583,2
86584,2
86585,2
86586,2
86587,2
86588,2
86589,2
86590,2
86591,0
86592,2
86593,2
86594,2
86595,2
86596,2
86597,3
86598,2
86599,2
86600,2
86601,2
86602,2
86603,3
86604,2
86605,0
86606,2
86607,2
86608,3
86609,2
86610,2
86611,3
86612,2
86613,2
86614,2
86615,2
86616,2
86617,2
86618,2
86619,2
86620,2
86621,0
86622,2
86623,2
86624,3
86625,2
86626,2
86627,2
86628,2
86629,2
86630,2
86631,2
86632,2
86633,2
86634,2
86635,2
86636,2
86637,2
86638,2
86639,2
86640,2
86641,2
86642,2
86643,2
86644,2
86645,2
86646,2
86647,2
86648,2
86649,2
86650,2
86651,2
86652,2
86653,2
86654,2
86655,2
86656,2
86657,2
86658,2
86659,2
86660,2
86661,2
86662,2
86663,2
86664,2
86665,2
86666,3
86667,2
86668,2
86669,3
86670,2
86671,2
86672,3
86673,2
86674,2
86675,3
86676,2
86677,3
86678,2
86679,2
86680,2
86681,3
86682,2
86683,2
86684,2
86685,2
86686,2
86687,2
86688,2
86689,2
86690,2
86691,2
86692,2
86693,2
86694,2
86695,2
86696,2
86697,2
86698,2
86699,2
86700,2
86701,2
86702,2
86703,2
86704,2
86705,2
86706,2
86707,2
86708,2
86709,2
86710,3
86711,2
86712,2
86713,3
86714,2
86715,2
86716,2
86717,2
86718,2
86719,2
86720,2
86721,2
86722,2
86723,2
86724,2
86725,2
86726,2
86727,2
86728,2
86729,2
86730,3
86731,3
86732,0
86733,2
86734,3
86735,2
86736,3
86737,2
86738,2
86739,3
86740,2
86741,3
86742,2
86743,2
86744,3
86745,3
86746,3
86747,3
86748,2
86749,2
86750,2
86751,2
86752,2
86753,2
86754,2
86755,2
86756,3
86757,3
86758,2
86759,2
86760,3
86761,3
86762,2
86763,2
86764,0
86765,2
86766,2
86767,2
86768,2
86769,2
86770,2
86771,2
86772,2
86773,2
86774,2
86775,2
86776,2
86777,3
86778,2
86779,2
86780,2
86781,2
86782,2
86783,2
86784,2
86785,2
86786,2
86787,3
86788,2
86789,2
86790,2
86791,2
86792,3
86793,3
86794,3
86795,3
86796,2
86797,3
86798,3
86799,3
86800,2
86801,3
86802,2
86803,3
86804,2
86805,2
86806,2
86807,2
86808,3
86809,3
86810,2
86811,2
86812,3
86813,3
86814,2
86815,2
86816,3
86817,2
86818,2
86819,2
86820,2
86821,2
86822,2
86823,2
86824,2
86825,2
86826,2
86827,2
86828,2
86829,2
86830,2
86831,2
86832,2
86833,3
86834,2
86835,2
86836,2
86837,2
86838,2
86839,2
86840,2
86841,3
86842,2
86843,2
86844,2
86845,3
86846,2
86847,2
86848,2
86849,2
86850,3
86851,2
86852,2
86853,2
86854,2
86855,2
86856,3
86857,2
86858,2
86859,2
86860,2
86861,2
86862,2
86863,2
86864,3
86865,2
86866,2
86867,2
86868,2
86869,2
86870,2
86871,2
86872,0
86873,0
86874,2
86875,2
86876,2
86877,2
86878,0
86879,0
86880,2
86881,2
86882,2
86883,2
86884,3
86885,3
86886,2
86887,3
86888,2
86889,2
86890,2
86891,2
86892,2
86893,2
86894,2
86895,2
86896,2
86897,2
86898,2
86899,2
86900,2
86901,2
86902,2
86903,2
86904,2
86905,2
86906,2
86907,2
86908,2
86909,3
86910,3
86911,3
86912,2
86913,3
86914,2
86915,2
86916,2
86917,2
86918,3
86919,2
86920,3
86921,3
86922,2
86923,2
86924,2
86925,2
86926,2
86927,2
86928,2
86929,2
86930,2
86931,2
86932,2
86933,0
86934,0
86935,0
86936,2
86937,2
86938,2
86939,2
86940,2
86941,2
86942,2
86943,2
86944,2
86945,2
86946,2
86947,2
86948,2
86949,2
86950,2
86951,2
86952,2
86953,2
86954,2
86955,2
86956,2
86957,2
86958,2
86959,2
86960,2
86961,2
86962,2
86963,2
86964,2
86965,2
86966,2
86967,2
86968,2
86969,2
86970,2
86971,2
86972,2
86973,2
86974,2
86975,2
86976,0
86977,2
86978,2
86979,2
86980,2
86981,2
86982,2
86983,2
86984,2
86985,2
86986,2
86987,2
86988,3
86989,2
86990,2
86991,2
86992,2
86993,3
86994,3
86995,3
86996,3
86997,2
86998,2
86999,2
87000,2
87001,2
87002,2
87003,2
87004,2
87005,2
87006,2
87007,2
87008,2
87009,2
87010,2
87011,2
87012,2
87013,2
87014,2
87015,2
87016,2
87017,2
87018,2
87019,2
87020,2
87021,2
87022,2
87023,2
87024,2
87025,2
87026,2
87027,2
87028,2
87029,2
87030,2
87031,2
87032,2
87033,3
87034,2
87035,2
87036,2
87037,2
87038,2
87039,2
87040,2
87041,2
87042,2
87043,2
87044,2
87045,2
87046,2
87047,2
87048,2
87049,2
87050,2
87051,2
87052,2
87053,2
87054,2
87055,2
87056,2
87057,2
87058,2
87059,2
87060,2
87061,2
87062,2
87063,2
87064,2
87065,2
87066,2
87067,2
87068,2
87069,2
87070,2
87071,2
87072,2
87073,2
87074,2
87075,2
87076,2
87077,2
87078,2
87079,3
87080,3
87081,0
87082,2
87083,2
87084,2
87085,2
87086,2
87087,2
87088,2
87089,2
87090,2
87091,2
87092,2
87093,2
87094,2
87095,2
87096,2
87097,2
87098,3
87099,3
87100,3
87101,3
87102,2
87103,2
87104,2
87105,2
87106,2
87107,2
87108,0
87109,0
87110,2
87111,2
87112,3
87113,2
87114,2
87115,0
87116,2
87117,0
87118,2
87119,3
87120,2
87121,2
87122,2
87123,3
87124,3
87125,3
87126,3
87127,3
87128,3
87129,2
87130,2
87131,2
87132,2
87133,2
87134,2
87135,2
87136,2
87137,2
87138,2
87139,2
87140,2
87141,2
87142,2
87143,2
87144,2
87145,3
87146,3
87147,2
87148,2
87149,2
87150,2
87151,2
87152,2
87153,2
87154,2
87155,2
87156,3
87157,2
87158,2
87159,2
87160,3
87161,2
87162,2
87163,3
87164,3
87165,2
87166,2
87167,2
87168,2
87169,2
87170,2
87171,2
87172,2
87173,2
87174,2
87175,2
87176,3
87177,2
87178,2
87179,2
87180,2
87181,2
87182,2
87183,2
87184,2
87185,2
87186,2
87187,2
87188,2
87189,2
87190,2
87191,2
87192,2
87193,2
87194,2
87195,2
87196,2
87197,2
87198,2
87199,2
87200,2
87201,3
87202,2
87203,2
87204,2
87205,2
87206,2
87207,3
87208,2
87209,2
87210,2
87211,3
87212,2
87213,3
87214,2
87215,2
87216,3
87217,3
87218,2
87219,2
87220,2
87221,2
87222,2
87223,2
87224,2
87225,2
87226,2
87227,2
87228,2
87229,2
87230,2
87231,2
87232,2
87233,0
87234,2
87235,2
87236,3
87237,2
87238,3
87239,2
87240,3
87241,2
87242,2
87243,3
87244,3
87245,2
87246,2
87247,2
87248,2
87249,2
87250,2
87251,2
87252,2
87253,3
87254,2
87255,2
87256,3
87257,2
87258,2
87259,3
87260,2
87261,2
87262,2
87263,2
87264,2
87265,2
87266,2
87267,2
87268,2
87269,2
87270,2
87271,2
87272,2
87273,2
87274,2
87275,2
87276,2
87277,2
87278,2
87279,2
87280,2
87281,2
87282,2
87283,2
87284,2
87285,2
87286,2
87287,2
87288,2
87289,2
87290,2
87291,2
87292,2
87293,2
87294,2
87295,2
87296,2
87297,2
87298,2
87299,2
87300,3
87301,2
87302,2
87303,2
87304,2
87305,3
87306,2
87307,2
87308,2
87309,2
87310,2
87311,2
87312,2
87313,2
87314,2
87315,2
87316,2
87317,2
87318,2
87319,3
87320,2
87321,3
87322,3
87323,2
87324,2
87325,2
87326,3
87327,2
87328,2
87329,2
87330,2
87331,2
87332,3
87333,2
87334,2
87335,2
87336,3
87337,2
87338,3
87339,2
87340,2
87341,2
87342,2
87343,2
87344,2
87345,2
87346,2
87347,2
87348,2
87349,2
87350,2
87351,2
87352,2
87353,2
87354,2
87355,2
87356,2
87357,2
87358,2
87359,3
87360,2
87361,2
87362,2
87363,2
87364,2
87365,2
87366,2
87367,2
87368,3
87369,3
87370,2
87371,2
87372,2
87373,2
87374,3
87375,3
87376,2
87377,2
87378,3
87379,3
87380,0
87381,2
87382,2
87383,2
87384,2
87385,2
87386,2
87387,2
87388,2
87389,2
87390,2
87391,2
87392,2
87393,2
87394,2
87395,3
87396,2
87397,3
87398,2
87399,2
87400,2
87401,3
87402,3
87403,2
87404,2
87405,2
87406,2
87407,2
87408,2
87409,2
87410,2
87411,2
87412,2
87413,2
87414,2
87415,2
87416,2
87417,2
87418,2
87419,0
87420,2
87421,0
87422,3
87423,2
87424,2
87425,3
87426,2
87427,3
87428,2
87429,0
87430,3
87431,3
87432,2
87433,2
87434,2
87435,2
87436,3
87437,2
87438,2
87439,2
87440,2
87441,2
87442,2
87443,2
87444,2
87445,2
87446,2
87447,2
87448,2
87449,0
87450,2
87451,2
87452,3
87453,2
87454,3
87455,1
87456,2
87457,2
87458,2
87459,3
87460,3
87461,2
87462,2
87463,3
87464,2
87465,2
87466,3
87467,3
87468,3
87469,1
87470,1
87471,1
87472,2
87473,3
87474,3
87475,2
87476,2
87477,3
87478,0
87479,3
87480,1
87481,1
87482,1
87483,1
87484,1
87485,1
87486,1
87487,1
87488,1
87489,3
87490,3
87491,3
87492,2
87493,3
87494,1
87495,1
87496,1
87497,1
87498,1
87499,1
87500,2
87501,2
87502,2
87503,3
87504,2
87505,3
87506,2
87507,2
87508,2
87509,2
87510,2
87511,2
87512,2
87513,1
87514,1
87515,1
87516,2
87517,3
87518,3
87519,3
87520,2
87521,3
87522,3
87523,3
87524,1
87525,1
87526,0
87527,2
87528,3
87529,3
87530,1
87531,3
87532,2
87533,2
87534,3
87535,3
87536,3
87537,2
87538,2
87539,3
87540,2
87541,3
87542,2
87543,3
87544,3
87545,2
87546,1
87547,3
87548,2
87549,3
87550,2
87551,2
87552,2
87553,3
87554,3
87555,2
87556,3
87557,2
87558,2
87559,3
87560,2
87561,2
87562,3
87563,3
87564,3
87565,2
87566,3
87567,3
87568,3
87569,2
87570,3
87571,1
87572,3
87573,3
87574,3
87575,2
87576,2
87577,3
87578,3
87579,3
87580,2
87581,2
87582,3
87583,3
87584,3
87585,2
87586,3
87587,2
87588,2
87589,3
87590,2
87591,3
87592,3
87593,2
87594,3
87595,2
87596,2
87597,2
87598,3
87599,2
87600,3
87601,2
87602,1
87603,1
87604,3
87605,2
87606,1
87607,1
87608,2
87609,0
87610,3
87611,3
87612,3
87613,3
87614,3
87615,3
87616,3
87617,3
87618,1
87619,2
87620,2
87621,2
87622,3
87623,2
87624,2
87625,2
87626,2
87627,2
87628,2
87629,2
87630,2
87631,3
87632,2
87633,3
87634,2
87635,2
87636,2
87637,2
87638,1
87639,3
87640,2
87641,2
87642,2
87643,2
87644,2
87645,2
87646,2
87647,2
87648,2
87649,2
87650,3
87651,3
87652,3
87653,2
87654,3
87655,3
87656,3
87657,3
87658,3
87659,2
87660,3
87661,2
87662,2
87663,3
87664,2
87665,2
87666,2
87667,2
87668,3
87669,3
87670,2
87671,1
87672,1
87673,1
87674,1
87675,1
87676,2
87677,2
87678,2
87679,2
87680,3
87681,2
87682,2
87683,3
87684,1
87685,1
87686,1
87687,0
87688,3
87689,2
87690,2
87691,2
87692,2
87693,2
87694,2
87695,3
87696,3
87697,1
87698,1
87699,3
87700,3
87701,3
87702,3
87703,3
87704,2
87705,3
87706,3
87707,3
87708,3
87709,3
87710,3
87711,3
87712,2
87713,2
87714,1
87715,2
87716,3
87717,3
87718,3
87719,2
87720,3
87721,3
87722,3
87723,3
87724,2
87725,3
87726,1
87727,1
87728,3
87729,3
87730,3
87731,3
87732,3
87733,3
87734,2
87735,3
87736,2
87737,3
87738,3
87739,3
87740,3
87741,2
87742,2
87743,3
87744,2
87745,3
87746,2
87747,3
87748,2
87749,1
87750,2
87751,2
87752,2
87753,3
87754,2
87755,3
87756,1
87757,1
87758,1
87759,3
87760,2
87761,2
87762,2
87763,2
87764,2
87765,2
87766,2
87767,2
87768,2
87769,2
87770,2
87771,2
87772,2
87773,2
87774,2
87775,2
87776,2
87777,2
87778,2
87779,2
87780,2
87781,2
87782,2
87783,2
87784,2
87785,2
87786,2
87787,2
87788,2
87789,2
87790,2
87791,2
87792,2
87793,3
87794,2
87795,2
87796,2
87797,2
87798,2
87799,2
87800,2
87801,2
87802,2
87803,3
87804,2
87805,1
87806,1
87807,1
87808,1
87809,2
87810,2
87811,2
87812,2
87813,2
87814,2
87815,0
87816,0
87817,0
87818,3
87819,0
87820,1
87821,2
87822,2
87823,0
87824,0
87825,1
87826,1
87827,1
87828,1
87829,1
87830,3
87831,2
87832,1
87833,1
87834,2
87835,0
87836,2
87837,2
87838,3
87839,2
87840,3
87841,2
87842,3
87843,2
87844,2
87845,2
87846,2
87847,2
87848,2
87849,2
87850,2
87851,3
87852,2
87853,2
87854,3
87855,2
87856,2
87857,3
87858,3
87859,2
87860,2
87861,2
87862,2
87863,2
87864,2
87865,2
87866,2
87867,2
87868,2
87869,2
87870,1
87871,1
87872,1
87873,1
87874,1
87875,1
87876,1
87877,2
87878,2
87879,2
87880,3
87881,3
87882,3
87883,2
87884,2
87885,2
87886,2
87887,2
87888,2
87889,2
87890,2
87891,2
87892,2
87893,2
87894,2
87895,2
87896,2
87897,2
87898,2
87899,2
87900,3
87901,2
87902,2
87903,3
87904,3
87905,2
87906,3
87907,3
87908,2
87909,2
87910,2
87911,2
87912,2
87913,3
87914,2
87915,2
87916,2
87917,2
87918,2
87919,2
87920,2
87921,2
87922,2
87923,2
87924,2
87925,2
87926,2
87927,2
87928,2
87929,3
87930,2
87931,3
87932,2
87933,1
87934,1
87935,1
87936,2
87937,2
87938,2
87939,2
87940,2
87941,2
87942,2
87943,2
87944,2
87945,2
87946,3
87947,2
87948,2
87949,2
87950,2
87951,2
87952,2
87953,2
87954,2
87955,3
87956,3
87957,3
87958,3
87959,2
87960,2
87961,2
87962,2
87963,2
87964,3
87965,3
87966,2
87967,2
87968,1
87969,1
87970,2
87971,2
87972,2
87973,2
87974,2
87975,2
87976,2
87977,2
87978,3
87979,2
87980,2
87981,2
87982,2
87983,2
87984,2
87985,2
87986,2
87987,2
87988,2
87989,3
87990,2
87991,1
87992,1
87993,1
87994,1
87995,1
87996,2
87997,2
87998,3
87999,2
88000,1
88001,1
88002,2
88003,2
88004,2
88005,2
88006,2
88007,3
88008,3
88009,2
88010,2
88011,2
88012,3
88013,3
88014,3
88015,3
88016,1
88017,3
88018,2
88019,2
88020,2
88021,2
88022,2
88023,2
88024,1
88025,2
88026,2
88027,2
88028,2
88029,2
88030,2
88031,2
88032,3
88033,1
88034,3
88035,2
88036,3
88037,3
88038,3
88039,1
88040,0
88041,2
88042,0
88043,0
88044,0
88045,3
88046,2
88047,2
88048,2
88049,2
88050,2
88051,1
88052,2
88053,2
88054,2
88055,3
88056,3
88057,2
88058,2
88059,2
88060,2
88061,2
88062,2
88063,3
88064,1
88065,1
88066,1
88067,2
88068,3
88069,2
88070,3
88071,2
88072,3
88073,2
88074,2
88075,2
88076,2
88077,2
88078,2
88079,3
88080,3
88081,2
88082,2
88083,2
88084,1
88085,2
88086,3
88087,2
88088,2
88089,2
88090,1
88091,1
88092,1
88093,3
88094,2
88095,2
88096,2
88097,2
88098,2
88099,3
88100,3
88101,3
88102,3
88103,0
88104,3
88105,1
88106,1
88107,0
88108,3
88109,3
88110,3
88111,2
88112,2
88113,3
88114,2
88115,2
88116,3
88117,2
88118,0
88119,2
88120,3
88121,1
88122,3
88123,2
88124,2
88125,2
88126,3
88127,3
88128,2
88129,0
88130,0
88131,2
88132,2
88133,3
88134,1
88135,0
88136,1
88137,1
88138,1
88139,1
88140,1
88141,1
88142,1
88143,0
88144,2
88145,2
88146,3
88147,1
88148,1
88149,3
88150,2
88151,3
88152,2
88153,2
88154,2
88155,2
88156,3
88157,2
88158,0
88159,2
88160,3
88161,3
88162,2
88163,3
88164,2
88165,2
88166,2
88167,2
88168,1
88169,1
88170,1
88171,1
88172,3
88173,2
88174,2
88175,2
88176,3
88177,2
88178,3
88179,3
88180,1
88181,1
88182,3
88183,3
88184,3
88185,3
88186,3
88187,3
88188,3
88189,3
88190,2
88191,3
88192,3
88193,3
88194,3
88195,3
88196,2
88197,2
88198,2
88199,2
88200,3
88201,2
88202,3
88203,3
88204,2
88205,2
88206,2
88207,3
88208,3
88209,2
88210,1
88211,2
88212,3
88213,3
88214,3
88215,2
88216,3
88217,1
88218,2
88219,3
88220,2
88221,2
88222,2
88223,3
88224,2
88225,0
88226,0
88227,0
88228,3
88229,3
88230,2
88231,2
88232,2
88233,1
88234,1
88235,2
88236,3
88237,2
88238,3
88239,2
88240,3
88241,3
88242,2
88243,3
88244,2
88245,3
88246,3
88247,3
88248,2
88249,2
88250,2
88251,2
88252,2
88253,3
88254,2
88255,3
88256,0
88257,3
88258,2
88259,2
88260,3
88261,2
88262,3
88263,3
88264,2
88265,2
88266,0
88267,3
88268,3
88269,2
88270,3
88271,0
88272,2
88273,0
88274,0
88275,2
88276,2
88277,3
88278,2
88279,2
88280,2
88281,3
88282,2
88283,2
88284,2
88285,3
88286,0
88287,2
88288,0
88289,3
88290,3
88291,3
88292,3
88293,3
88294,3
88295,3
88296,3
88297,0
88298,3
88299,0
88300,0
88301,0
88302,0
88303,0
88304,0
88305,0
88306,0
88307,0
88308,0
88309,2
88310,0
88311,3
88312,0
88313,0
88314,0
88315,0
88316,2
88317,3
88318,3
88319,0
88320,3
88321,3
88322,0
88323,3
88324,3
88325,3
88326,0
88327,3
88328,0
88329,2
88330,2
88331,3
88332,3
88333,2
88334,3
88335,3
88336,3
88337,3
88338,2
88339,3
88340,3
88341,3
88342,3
88343,3
88344,3
88345,2
88346,3
88347,3
88348,3
88349,3
88350,2
88351,2
88352,2
88353,2
88354,0
88355,3
88356,3
88357,2
88358,2
88359,3
88360,3
88361,3
88362,3
88363,2
88364,3
88365,3
88366,2
88367,2
88368,2
88369,0
88370,2
88371,3
88372,0
88373,2
88374,2
88375,2
88376,3
88377,0
88378,3
88379,3
88380,3
88381,3
88382,3
88383,3
88384,0
88385,1
88386,1
88387,0
88388,0
88389,3
88390,3
88391,2
88392,3
88393,3
88394,3
88395,3
88396,2
88397,3
88398,2
88399,2
88400,2
88401,3
88402,3
88403,2
88404,0
88405,2
88406,3
88407,3
88408,3
88409,3
88410,0
88411,3
88412,3
88413,2
88414,0
88415,3
88416,3
88417,2
88418,0
88419,0
88420,3
88421,2
88422,3
88423,3
88424,3
88425,0
88426,3
88427,3
88428,3
88429,3
88430,3
88431,3
88432,2
88433,2
88434,3
88435,3
88436,3
88437,2
88438,2
88439,3
88440,2
88441,2
88442,3
88443,2
88444,3
88445,0
88446,0
88447,0
88448,3
88449,3
88450,2
88451,3
88452,3
88453,3
88454,0
88455,3
88456,3
88457,3
88458,2
88459,3
88460,0
88461,0
88462,3
88463,3
88464,3
88465,2
88466,3
88467,0
88468,0
88469,0
88470,0
88471,3
88472,2
88473,0
88474,0
88475,3
88476,3
88477,2
88478,0
88479,3
88480,0
88481,0
88482,0
88483,0
88484,2
88485,3
88486,2
88487,3
88488,3
88489,3
88490,0
88491,2
88492,2
88493,2
88494,0
88495,2
88496,0
88497,0
88498,0
88499,3
88500,3
88501,3
88502,3
88503,3
88504,2
88505,0
88506,0
88507,2
88508,0
88509,3
88510,0
88511,3
88512,2
88513,0
88514,0
88515,0
88516,0
88517,0
88518,2
88519,0
88520,3
88521,3
88522,2
88523,3
88524,3
88525,3
88526,3
88527,3
88528,3
88529,3
88530,3
88531,3
88532,3
88533,3
88534,2
88535,3
88536,2
88537,3
88538,2
88539,0
88540,2
88541,0
88542,0
88543,0
88544,0
88545,0
88546,0
88547,0
88548,1
88549,3
88550,3
88551,0
88552,2
88553,0
88554,0
88555,2
88556,3
88557,2
88558,3
88559,2
88560,3
88561,2
88562,3
88563,2
88564,2
88565,3
88566,3
88567,3
88568,3
88569,2
88570,3
88571,3
88572,3
88573,2
88574,2
88575,3
88576,2
88577,2
88578,2
88579,3
88580,3
88581,3
88582,3
88583,3
88584,3
88585,0
88586,2
88587,3
88588,0
88589,0
88590,0
88591,0
88592,0
88593,2
88594,0
88595,1
88596,3
88597,3
88598,3
88599,2
88600,3
88601,3
88602,3
88603,3
88604,3
88605,2
88606,3
88607,3
88608,3
88609,3
88610,3
88611,3
88612,2
88613,2
88614,3
88615,3
88616,3
88617,3
88618,2
88619,3
88620,3
88621,3
88622,0
88623,3
88624,2
88625,3
88626,3
88627,2
88628,2
88629,1
88630,3
88631,3
88632,3
88633,3
88634,3
88635,3
88636,3
88637,3
88638,2
88639,3
88640,2
88641,1
88642,3
88643,3
88644,3
88645,3
88646,2
88647,0
88648,1
88649,1
88650,0
88651,0
88652,0
88653,2
88654,0
88655,1
88656,0
88657,2
88658,0
88659,0
88660,0
88661,2
88662,3
88663,0
88664,0
88665,3
88666,1
88667,3
88668,2
88669,2
88670,2
88671,0
88672,0
88673,0
88674,0
88675,3
88676,1
88677,0
88678,2
88679,3
88680,3
88681,2
88682,3
88683,2
88684,3
88685,3
88686,3
88687,2
88688,2
88689,2
88690,0
88691,2
88692,0
88693,0
88694,2
88695,0
88696,0
88697,3
88698,2
88699,0
88700,3
88701,3
88702,2
88703,3
88704,3
88705,3
88706,3
88707,2
88708,3
88709,3
88710,3
88711,3
88712,3
88713,3
88714,3
88715,3
88716,2
88717,2
88718,2
88719,2
88720,3
88721,2
88722,2
88723,3
88724,2
88725,2
88726,2
88727,3
88728,3
88729,3
88730,2
88731,3
88732,2
88733,3
88734,3
88735,2
88736,2
88737,2
88738,2
88739,2
88740,3
88741,2
88742,2
88743,2
88744,2
88745,3
88746,3
88747,2
88748,3
88749,3
88750,0
88751,0
88752,3
88753,3
88754,0
88755,0
88756,0
88757,2
88758,2
88759,3
88760,3
88761,3
88762,3
88763,3
88764,3
88765,0
88766,0
88767,3
88768,3
88769,1
88770,1
88771,1
88772,0
88773,3
88774,1
88775,3
88776,1
88777,1
88778,3
88779,0
88780,0
88781,3
88782,3
88783,3
88784,3
88785,2
88786,2
88787,1
88788,3
88789,3
88790,3
88791,2
88792,3
88793,1
88794,2
88795,2
88796,2
88797,3
88798,2
88799,2
88800,2
88801,2
88802,3
88803,1
88804,2
88805,1
88806,1
88807,1
88808,2
88809,3
88810,1
88811,3
88812,3
88813,3
88814,3
88815,3
88816,2
88817,2
88818,3
88819,3
88820,3
88821,3
88822,2
88823,3
88824,2
88825,3
88826,1
88827,2
88828,3
88829,3
88830,2
88831,1
88832,1
88833,2
88834,3
88835,1
88836,2
88837,3
88838,0
88839,2
88840,1
88841,3
88842,1
88843,3
88844,1
88845,3
88846,2
88847,3
88848,3
88849,3
88850,3
88851,3
88852,2
88853,2
88854,1
88855,2
88856,3
88857,2
88858,3
88859,2
88860,0
88861,0
88862,0
88863,3
88864,3
88865,1
88866,0
88867,3
88868,3
88869,2
88870,3
88871,3
88872,3
88873,3
88874,2
88875,3
88876,3
88877,3
88878,3
88879,3
88880,3
88881,3
88882,1
88883,1
88884,3
88885,3
88886,2
88887,1
88888,1
88889,1
88890,2
88891,3
88892,2
88893,0
88894,2
88895,1
88896,1
88897,0
88898,0
88899,0
88900,1
88901,1
88902,0
88903,1
88904,1
88905,1
88906,0
88907,0
88908,0
88909,1
88910,0
88911,3
88912,1
88913,2
88914,1
88915,2
88916,3
88917,3
88918,0
88919,0
88920,0
88921,3
88922,3
88923,3
88924,3
88925,3
88926,3
88927,2
88928,3
88929,2
88930,3
88931,2
88932,2
88933,2
88934,2
88935,2
88936,3
88937,2
88938,2
88939,2
88940,2
88941,2
88942,3
88943,2
88944,2
88945,2
88946,2
88947,2
88948,3
88949,3
88950,0
88951,2
88952,2
88953,3
88954,2
88955,3
88956,2
88957,3
88958,3
88959,2
88960,2
88961,2
88962,2
88963,3
88964,2
88965,3
88966,3
88967,1
88968,2
88969,1
88970,2
88971,2
88972,3
88973,3
88974,2
88975,2
88976,3
88977,0
88978,3
88979,0
88980,2
88981,2
88982,2
88983,2
88984,2
88985,2
88986,2
88987,2
88988,2
88989,0
88990,3
88991,3
88992,0
88993,3
88994,3
88995,3
88996,3
88997,3
88998,2
88999,2
89000,3
89001,2
89002,3
89003,2
89004,2
89005,2
89006,2
89007,3
89008,1
89009,1
89010,1
89011,1
89012,1
89013,1
89014,1
89015,1
89016,1
89017,1
89018,1
89019,1
89020,1
89021,1
89022,1
89023,0
89024,0
89025,0
89026,1
89027,1
89028,3
89029,3
89030,3
89031,1
89032,1
89033,3
89034,3
89035,3
89036,2
89037,1
89038,3
89039,3
89040,1
89041,3
89042,3
89043,3
89044,3
89045,3
89046,2
89047,3
89048,1
89049,2
89050,3
89051,3
89052,3
89053,3
89054,2
89055,3
89056,3
89057,3
89058,3
89059,3
89060,2
89061,3
89062,1
89063,3
89064,2
89065,0
89066,3
89067,3
89068,2
89069,3
89070,0
89071,0
89072,2
89073,3
89074,3
89075,3
89076,3
89077,1
89078,3
89079,3
89080,1
89081,3
89082,3
89083,3
89084,1
89085,2
89086,1
89087,1
89088,0
89089,0
89090,0
89091,0
89092,0
89093,0
89094,2
89095,2
89096,0
89097,0
89098,2
89099,0
89100,3
89101,2
89102,1
89103,1
89104,2
89105,1
89106,2
89107,1
89108,1
89109,1
89110,1
89111,2
89112,2
89113,1
89114,1
89115,2
89116,1
89117,3
89118,0
89119,3
89120,1
89121,1
89122,3
89123,3
89124,3
89125,1
89126,1
89127,1
89128,0
89129,2
89130,0
89131,3
89132,1
89133,0
89134,3
89135,1
89136,1
89137,0
89138,0
89139,0
89140,3
89141,3
89142,2
89143,0
89144,0
89145,1
89146,3
89147,3
89148,2
89149,3
89150,3
89151,2
89152,3
89153,3
89154,0
89155,2
89156,2
89157,0
89158,2
89159,0
89160,3
89161,3
89162,3
89163,2
89164,3
89165,3
89166,2
89167,3
89168,3
89169,3
89170,3
89171,3
89172,3
89173,2
89174,1
89175,1
89176,3
89177,0
89178,2
89179,3
89180,2
89181,2
89182,1
89183,3
89184,3
89185,3
89186,3
89187,3
89188,2
89189,2
89190,2
89191,2
89192,2
89193,2
89194,3
89195,2
89196,3
89197,3
89198,0
89199,3
89200,3
89201,3
89202,2
89203,3
89204,3
89205,3
89206,3
89207,2
89208,2
89209,2
89210,2
89211,3
89212,3
89213,3
89214,3
89215,3
89216,2
89217,2
89218,3
89219,3
89220,3
89221,3
89222,3
89223,3
89224,2
89225,3
89226,3
89227,3
89228,3
89229,3
89230,2
89231,3
89232,1
89233,2
89234,3
89235,2
89236,2
89237,3
89238,3
89239,0
89240,3
89241,0
89242,2
89243,2
89244,3
89245,1
89246,2
89247,0
89248,0
89249,0
89250,3
89251,3
89252,0
89253,3
89254,2
89255,3
89256,0
89257,3
89258,3
89259,2
89260,0
89261,2
89262,0
89263,0
89264,2
89265,0
89266,0
89267,0
89268,0
89269,0
89270,3
89271,2
89272,0
89273,3
89274,3
89275,2
89276,0
89277,0
89278,2
89279,3
89280,3
89281,3
89282,3
89283,3
89284,3
89285,2
89286,3
89287,1
89288,2
89289,3
89290,3
89291,2
89292,4
89293,3
89294,4
89295,3
89296,2
89297,4
89298,3
89299,4
89300,3
89301,2
89302,3
89303,3
89304,3
89305,2
89306,2
89307,3
89308,3
89309,3
89310,3
89311,2
89312,3
89313,2
89314,4
89315,2
89316,3
89317,2
89318,3
89319,3
89320,4
89321,2
89322,2
89323,2
89324,3
89325,2
89326,4
89327,2
89328,2
89329,3
89330,3
89331,2
89332,2
89333,2
89334,2
89335,2
89336,2
89337,2
89338,3
89339,2
89340,3
89341,2
89342,2
89343,3
89344,2
89345,3
89346,2
89347,2
89348,2
89349,2
89350,2
89351,2
89352,3
89353,2
89354,2
89355,2
89356,2
89357,2
89358,2
89359,2
89360,2
89361,4
89362,3
89363,3
89364,2
89365,2
89366,2
89367,2
89368,2
89369,2
89370,2
89371,2
89372,2
89373,2
89374,3
89375,2
89376,2
89377,2
89378,2
89379,2
89380,2
89381,2
89382,2
89383,2
89384,0
89385,2
89386,2
89387,2
89388,2
89389,2
89390,2
89391,2
89392,2
89393,2
89394,2
89395,3
89396,2
89397,2
89398,2
89399,2
89400,2
89401,2
89402,2
89403,2
89404,2
89405,3
89406,2
89407,2
89408,2
89409,4
89410,3
89411,3
89412,3
89413,2
89414,2
89415,2
89416,2
89417,2
89418,2
89419,2
89420,2
89421,2
89422,2
89423,2
89424,2
89425,2
89426,2
89427,2
89428,2
89429,2
89430,2
89431,2
89432,2
89433,2
89434,2
89435,2
89436,2
89437,2
89438,2
89439,2
89440,2
89441,2
89442,2
89443,2
89444,2
89445,2
89446,2
89447,2
89448,2
89449,2
89450,2
89451,2
89452,2
89453,2
89454,2
89455,2
89456,2
89457,2
89458,2
89459,2
89460,2
89461,2
89462,2
89463,2
89464,2
89465,2
89466,2
89467,2
89468,0
89469,2
89470,2
89471,2
89472,2
89473,2
89474,2
89475,2
89476,2
89477,2
89478,2
89479,2
89480,2
89481,2
89482,2
89483,2
89484,2
89485,2
89486,2
89487,2
89488,2
89489,2
89490,2
89491,2
89492,2
89493,2
89494,2
89495,2
89496,2
89497,2
89498,2
89499,2
89500,2
89501,2
89502,2
89503,2
89504,2
89505,2
89506,2
89507,2
89508,2
89509,2
89510,2
89511,2
89512,2
89513,2
89514,2
89515,2
89516,2
89517,2
89518,2
89519,2
89520,2
89521,2
89522,2
89523,2
89524,2
89525,2
89526,2
89527,2
89528,2
89529,2
89530,2
89531,2
89532,2
89533,2
89534,2
89535,2
89536,2
89537,2
89538,2
89539,2
89540,2
89541,2
89542,2
89543,2
89544,2
89545,2
89546,2
89547,2
89548,2
89549,2
89550,2
89551,2
89552,2
89553,2
89554,2
89555,2
89556,2
89557,2
89558,2
89559,2
89560,2
89561,2
89562,2
89563,2
89564,2
89565,2
89566,2
89567,2
89568,2
89569,2
89570,2
89571,2
89572,2
89573,2
89574,2
89575,2
89576,2
89577,2
89578,2
89579,2
89580,2
89581,2
89582,2
89583,3
89584,2
89585,2
89586,2
89587,2
89588,2
89589,2
89590,2
89591,2
89592,2
89593,2
89594,2
89595,2
89596,2
89597,2
89598,2
89599,2
89600,2
89601,2
89602,2
89603,2
89604,2
89605,2
89606,2
89607,2
89608,2
89609,2
89610,2
89611,2
89612,2
89613,2
89614,2
89615,2
89616,2
89617,2
89618,2
89619,2
89620,2
89621,2
89622,2
89623,2
89624,2
89625,2
89626,2
89627,2
89628,2
89629,2
89630,2
89631,2
89632,2
89633,2
89634,2
89635,2
89636,2
89637,2
89638,2
89639,2
89640,2
89641,2
89642,2
89643,2
89644,2
89645,2
89646,2
89647,2
89648,2
89649,2
89650,2
89651,2
89652,2
89653,2
89654,3
89655,2
89656,2
89657,2
89658,2
89659,2
89660,2
89661,2
89662,2
89663,2
89664,2
89665,2
89666,2
89667,2
89668,2
89669,2
89670,2
89671,2
89672,2
89673,2
89674,2
89675,2
89676,2
89677,2
89678,2
89679,2
89680,2
89681,2
89682,2
89683,2
89684,2
89685,2
89686,2
89687,2
89688,2
89689,2
89690,2
89691,0
89692,2
89693,2
89694,2
89695,2
89696,2
89697,2
89698,2
89699,2
89700,2
89701,2
89702,2
89703,2
89704,2
89705,2
89706,2
89707,2
89708,2
89709,2
89710,2
89711,2
89712,2
89713,2
89714,2
89715,2
89716,2
89717,2
89718,2
89719,2
89720,2
89721,2
89722,2
89723,2
89724,2
89725,2
89726,2
89727,2
89728,2
89729,2
89730,2
89731,2
89732,2
89733,2
89734,2
89735,2
89736,2
89737,2
89738,2
89739,2
89740,2
89741,2
89742,2
89743,2
89744,2
89745,2
89746,2
89747,2
89748,2
89749,2
89750,2
89751,2
89752,2
89753,2
89754,2
89755,2
89756,0
89757,2
89758,2
89759,2
89760,2
89761,2
89762,2
89763,2
89764,2
89765,2
89766,2
89767,2
89768,2
89769,2
89770,2
89771,2
89772,2
89773,2
89774,2
89775,2
89776,2
89777,2
89778,2
89779,2
89780,2
89781,2
89782,2
89783,2
89784,2
89785,2
89786,2
89787,2
89788,2
89789,2
89790,2
89791,2
89792,2
89793,2
89794,2
89795,2
89796,2
89797,2
89798,2
89799,2
89800,2
89801,2
89802,2
89803,2
89804,2
89805,2
89806,2
89807,2
89808,2
89809,2
89810,2
89811,2
89812,2
89813,0
89814,2
89815,2
89816,2
89817,2
89818,2
89819,2
89820,2
89821,2
89822,2
89823,2
89824,2
89825,2
89826,2
89827,2
89828,2
89829,2
89830,2
89831,2
89832,2
89833,2
89834,2
89835,2
89836,2
89837,2
89838,2
89839,2
89840,2
89841,2
89842,2
89843,2
89844,2
89845,2
89846,2
89847,2
89848,2
89849,2
89850,2
89851,2
89852,2
89853,2
89854,2
89855,0
89856,2
89857,2
89858,2
89859,2
89860,2
89861,2
89862,2
89863,2
89864,2
89865,2
89866,2
89867,2
89868,2
89869,2
89870,2
89871,2
89872,2
89873,2
89874,2
89875,2
89876,2
89877,2
89878,2
89879,2
89880,2
89881,2
89882,2
89883,2
89884,2
89885,2
89886,2
89887,2
89888,2
89889,2
89890,2
89891,2
89892,2
89893,2
89894,2
89895,2
89896,2
89897,2
89898,2
89899,2
89900,2
89901,2
89902,2
89903,2
89904,2
89905,2
89906,2
89907,2
89908,2
89909,2
89910,2
89911,2
89912,2
89913,2
89914,2
89915,2
89916,2
89917,2
89918,2
89919,2
89920,2
89921,2
89922,2
89923,2
89924,2
89925,2
89926,2
89927,2
89928,2
89929,2
89930,2
89931,2
89932,2
89933,2
89934,2
89935,2
89936,2
89937,2
89938,2
89939,2
89940,2
89941,2
89942,2
89943,2
89944,2
89945,2
89946,2
89947,2
89948,2
89949,2
89950,2
89951,2
89952,2
89953,2
89954,2
89955,2
89956,2
89957,2
89958,2
89959,2
89960,2
89961,3
89962,3
89963,3
89964,3
89965,2
89966,2
89967,3
89968,2
89969,3
89970,4
89971,2
89972,3
89973,3
89974,3
89975,2
89976,2
89977,0
89978,3
89979,2
89980,3
89981,2
89982,3
89983,2
89984,2
89985,2
89986,2
89987,3
89988,3
89989,3
89990,3
89991,4
89992,2
89993,4
89994,2
89995,2
89996,2
89997,2
89998,2
89999,2
90000,2
90001,3
90002,3
90003,3
90004,2
90005,3
90006,3
90007,3
90008,3
90009,2
90010,3
90011,3
90012,3
90013,2
90014,2
90015,2
90016,3
90017,2
90018,2
90019,2
90020,2
90021,2
90022,2
90023,2
90024,3
90025,3
90026,2
90027,2
90028,2
90029,2
90030,2
90031,3
90032,2
90033,2
90034,2
90035,2
90036,2
90037,3
90038,2
90039,3
90040,2
90041,2
90042,2
90043,2
90044,2
90045,2
90046,3
90047,3
90048,2
90049,1
90050,3
90051,2
90052,3
90053,2
90054,2
90055,2
90056,2
90057,3
90058,2
90059,2
90060,2
90061,3
90062,2
90063,2
90064,3
90065,2
90066,2
90067,2
90068,2
90069,3
90070,2
90071,2
90072,2
90073,2
90074,2
90075,2
90076,2
90077,2
90078,2
90079,2
90080,2
90081,2
90082,2
90083,2
90084,2
90085,2
90086,2
90087,2
90088,2
90089,2
90090,2
90091,2
90092,2
90093,2
90094,2
90095,2
90096,2
90097,2
90098,2
90099,2
90100,2
90101,3
90102,2
90103,2
90104,2
90105,2
90106,3
90107,2
90108,0
90109,2
90110,0
90111,2
90112,2
90113,2
90114,2
90115,2
90116,2
90117,2
90118,2
90119,2
90120,2
90121,2
90122,2
90123,2
90124,2
90125,2
90126,2
90127,2
90128,2
90129,2
90130,2
90131,2
90132,2
90133,2
90134,2
90135,2
90136,2
90137,2
90138,3
90139,2
90140,2
90141,2
90142,2
90143,2
90144,2
90145,2
90146,2
90147,2
90148,2
90149,2
90150,2
90151,2
90152,2
90153,2
90154,2
90155,2
90156,0
90157,2
90158,2
90159,2
90160,2
90161,2
90162,2
90163,2
90164,2
90165,2
90166,2
90167,2
90168,2
90169,2
90170,2
90171,2
90172,2
90173,2
90174,2
90175,2
90176,2
90177,2
90178,2
90179,2
90180,2
90181,2
90182,2
90183,2
90184,2
90185,2
90186,2
90187,2
90188,2
90189,2
90190,2
90191,2
90192,2
90193,2
90194,2
90195,2
90196,2
90197,2
90198,2
90199,2
90200,2
90201,2
90202,2
90203,2
90204,2
90205,2
90206,2
90207,2
90208,2
90209,2
90210,2
90211,2
90212,2
90213,2
90214,2
90215,2
90216,2
90217,2
90218,2
90219,2
90220,2
90221,2
90222,2
90223,2
90224,2
90225,2
90226,2
90227,2
90228,2
90229,2
90230,2
90231,2
90232,2
90233,2
90234,2
90235,2
90236,2
90237,2
90238,2
90239,2
90240,2
90241,2
90242,2
90243,2
90244,2
90245,2
90246,2
90247,0
90248,2
90249,2
90250,2
90251,2
90252,2
90253,2
90254,2
90255,2
90256,2
90257,2
90258,2
90259,2
90260,2
90261,2
90262,2
90263,2
90264,2
90265,2
90266,2
90267,2
90268,2
90269,2
90270,2
90271,2
90272,2
90273,2
90274,2
90275,2
90276,2
90277,2
90278,2
90279,2
90280,2
90281,2
90282,2
90283,2
90284,2
90285,2
90286,2
90287,2
90288,2
90289,2
90290,2
90291,2
90292,2
90293,2
90294,2
90295,2
90296,2
90297,2
90298,2
90299,2
90300,2
90301,2
90302,2
90303,2
90304,2
90305,2
90306,2
90307,2
90308,2
90309,2
90310,2
90311,2
90312,2
90313,2
90314,2
90315,2
90316,2
90317,2
90318,2
90319,2
90320,2
90321,2
90322,2
90323,2
90324,2
90325,2
90326,2
90327,2
90328,2
90329,2
90330,2
90331,2
90332,2
90333,2
90334,2
90335,2
90336,2
90337,2
90338,2
90339,2
90340,2
90341,2
90342,2
90343,2
90344,2
90345,2
90346,2
90347,2
90348,2
90349,2
90350,2
90351,2
90352,2
90353,2
90354,2
90355,2
90356,2
90357,2
90358,2
90359,2
90360,2
90361,2
90362,2
90363,2
90364,2
90365,2
90366,2
90367,2
90368,2
90369,2
90370,2
90371,2
90372,2
90373,2
90374,2
90375,2
90376,2
90377,2
90378,2
90379,2
90380,2
90381,2
90382,2
90383,2
90384,2
90385,2
90386,2
90387,2
90388,2
90389,2
90390,2
90391,2
90392,2
90393,2
90394,2
90395,2
90396,2
90397,2
90398,2
90399,2
90400,2
90401,2
90402,2
90403,2
90404,2
90405,2
90406,2
90407,2
90408,2
90409,2
90410,2
90411,2
90412,2
90413,2
90414,2
90415,2
90416,2
90417,2
90418,2
90419,2
90420,2
90421,2
90422,2
90423,0
90424,2
90425,2
90426,2
90427,0
90428,2
90429,2
90430,2
90431,2
90432,2
90433,2
90434,2
90435,2
90436,2
90437,2
90438,2
90439,2
90440,2
90441,2
90442,2
90443,2
90444,2
90445,2
90446,2
90447,2
90448,2
90449,2
90450,2
90451,2
90452,2
90453,2
90454,2
90455,2
90456,2
90457,2
90458,2
90459,2
90460,2
90461,2
90462,2
90463,2
90464,2
90465,2
90466,2
90467,2
90468,2
90469,2
90470,2
90471,2
90472,2
90473,2
90474,2
90475,2
90476,2
90477,2
90478,2
90479,2
90480,2
90481,2
90482,2
90483,2
90484,2
90485,2
90486,2
90487,2
90488,2
90489,2
90490,2
90491,2
90492,2
90493,2
90494,2
90495,2
90496,4
90497,4
90498,2
90499,2
90500,2
90501,2
90502,2
90503,2
90504,2
90505,4
90506,3
90507,2
90508,2
90509,3
90510,2
90511,3
90512,2
90513,4
90514,4
90515,3
90516,4
90517,3
90518,2
90519,3
90520,3
90521,2
90522,3
90523,4
90524,4
90525,2
90526,2
90527,4
90528,2
90529,2
90530,2
90531,2
90532,2
90533,4
90534,2
90535,2
90536,3
90537,3
90538,2
90539,2
90540,3
90541,2
90542,3
90543,3
90544,2
90545,3
90546,0
90547,2
90548,4
90549,2
90550,3
90551,2
90552,2
90553,3
90554,2
90555,2
90556,3
90557,2
90558,2
90559,2
90560,2
90561,4
90562,2
90563,2
90564,3
90565,3
90566,3
90567,2
90568,2
90569,2
90570,2
90571,2
90572,0
90573,2
90574,2
90575,2
90576,3
90577,3
90578,4
90579,3
90580,2
90581,2
90582,2
90583,4
90584,2
90585,3
90586,3
90587,3
90588,2
90589,0
90590,2
90591,2
90592,2
90593,3
90594,2
90595,2
90596,2
90597,3
90598,2
90599,2
90600,2
90601,2
90602,2
90603,2
90604,2
90605,2
90606,4
90607,2
90608,4
90609,2
90610,0
90611,2
90612,2
90613,2
90614,2
90615,2
90616,2
90617,2
90618,2
90619,2
90620,2
90621,2
90622,2
90623,2
90624,2
90625,2
90626,2
90627,0
90628,2
90629,2
90630,2
90631,2
90632,2
90633,2
90634,2
90635,2
90636,2
90637,2
90638,2
90639,2
90640,2
90641,2
90642,2
90643,2
90644,2
90645,2
90646,2
90647,2
90648,2
90649,2
90650,2
90651,2
90652,2
90653,2
90654,2
90655,2
90656,2
90657,2
90658,2
90659,2
90660,2
90661,2
90662,2
90663,2
90664,2
90665,2
90666,2
90667,2
90668,2
90669,2
90670,2
90671,2
90672,2
90673,2
90674,2
90675,2
90676,2
90677,2
90678,2
90679,2
90680,2
90681,2
90682,2
90683,2
90684,2
90685,2
90686,2
90687,2
90688,2
90689,2
90690,2
90691,2
90692,2
90693,2
90694,2
90695,2
90696,2
90697,2
90698,2
90699,2
90700,2
90701,2
90702,2
90703,2
90704,2
90705,2
90706,2
90707,2
90708,2
90709,2
90710,2
90711,2
90712,2
90713,2
90714,2
90715,2
90716,2
90717,2
90718,2
90719,2
90720,2
90721,2
90722,2
90723,2
90724,2
90725,2
90726,2
90727,2
90728,2
90729,2
90730,2
90731,2
90732,2
90733,2
90734,2
90735,2
90736,2
90737,2
90738,2
90739,2
90740,2
90741,2
90742,2
90743,2
90744,2
90745,2
90746,2
90747,2
90748,2
90749,2
90750,2
90751,2
90752,2
90753,2
90754,2
90755,2
90756,2
90757,2
90758,2
90759,2
90760,2
90761,2
90762,2
90763,2
90764,2
90765,2
90766,2
90767,2
90768,2
90769,2
90770,2
90771,2
90772,2
90773,2
90774,2
90775,2
90776,2
90777,2
90778,2
90779,2
90780,2
90781,2
90782,2
90783,2
90784,2
90785,2
90786,2
90787,2
90788,2
90789,2
90790,2
90791,2
90792,2
90793,2
90794,2
90795,2
90796,2
90797,2
90798,2
90799,2
90800,2
90801,2
90802,2
90803,2
90804,2
90805,2
90806,2
90807,2
90808,2
90809,2
90810,2
90811,2
90812,2
90813,2
90814,2
90815,2
90816,2
90817,2
90818,2
90819,2
90820,2
90821,3
90822,2
90823,2
90824,2
90825,2
90826,2
90827,2
90828,2
90829,2
90830,2
90831,2
90832,2
90833,2
90834,2
90835,2
90836,2
90837,3
90838,2
90839,2
90840,2
90841,2
90842,2
90843,2
90844,2
90845,2
90846,2
90847,2
90848,2
90849,2
90850,2
90851,2
90852,2
90853,2
90854,2
90855,2
90856,2
90857,2
90858,2
90859,2
90860,2
90861,2
90862,2
90863,2
90864,2
90865,2
90866,2
90867,2
90868,2
90869,2
90870,2
90871,2
90872,2
90873,2
90874,2
90875,2
90876,2
90877,2
90878,2
90879,2
90880,2
90881,2
90882,2
90883,2
90884,2
90885,2
90886,2
90887,2
90888,2
90889,2
90890,2
90891,2
90892,2
90893,2
90894,2
90895,2
90896,2
90897,2
90898,2
90899,2
90900,2
90901,2
90902,2
90903,2
90904,2
90905,2
90906,2
90907,2
90908,2
90909,2
90910,2
90911,2
90912,2
90913,2
90914,2
90915,2
90916,2
90917,2
90918,2
90919,2
90920,2
90921,2
90922,2
90923,2
90924,2
90925,2
90926,2
90927,2
90928,2
90929,2
90930,2
90931,2
90932,2
90933,2
90934,2
90935,2
90936,2
90937,2
90938,2
90939,2
90940,2
90941,2
90942,2
90943,2
90944,2
90945,2
90946,2
90947,2
90948,2
90949,2
90950,2
90951,2
90952,2
90953,2
90954,2
90955,2
90956,2
90957,2
90958,2
90959,2
90960,2
90961,2
90962,2
90963,2
90964,2
90965,2
90966,2
90967,2
90968,2
90969,2
90970,2
90971,2
90972,2
90973,2
90974,2
90975,2
90976,2
90977,2
90978,2
90979,2
90980,2
90981,2
90982,2
90983,2
90984,2
90985,2
90986,2
90987,2
90988,2
90989,2
90990,2
90991,2
90992,2
90993,2
90994,2
90995,2
90996,2
90997,2
90998,2
90999,2
91000,2
91001,2
91002,2
91003,2
91004,2
91005,2
91006,2
91007,2
91008,2
91009,2
91010,2
91011,2
91012,2
91013,2
91014,2
91015,2
91016,2
91017,2
91018,2
91019,2
91020,2
91021,2
91022,2
91023,2
91024,2
91025,2
91026,2
91027,2
91028,2
91029,2
91030,2
91031,2
91032,2
91033,2
91034,2
91035,2
91036,2
91037,2
91038,2
91039,2
91040,2
91041,2
91042,2
91043,2
91044,2
91045,2
91046,2
91047,2
91048,2
91049,2
91050,2
91051,2
91052,2
91053,2
91054,2
91055,2
91056,2
91057,2
91058,2
91059,2
91060,2
91061,2
91062,2
91063,2
91064,2
91065,2
91066,2
91067,2
91068,2
91069,2
91070,2
91071,2
91072,2
91073,2
91074,2
91075,2
91076,2
91077,2
91078,2
91079,2
91080,2
91081,2
91082,2
91083,2
91084,2
91085,2
91086,2
91087,2
91088,2
91089,2
91090,2
91091,2
91092,2
91093,2
91094,2
91095,2
91096,2
91097,2
91098,2
91099,2
91100,2
91101,2
91102,2
91103,2
91104,2
91105,2
91106,2
91107,2
91108,2
91109,2
91110,2
91111,2
91112,2
91113,2
91114,2
91115,2
91116,2
91117,2
91118,2
91119,2
91120,2
91121,2
91122,2
91123,2
91124,2
91125,2
91126,2
91127,2
91128,2
91129,2
91130,2
91131,2
91132,2
91133,2
91134,2
91135,2
91136,2
91137,2
91138,2
91139,2
91140,2
91141,2
91142,2
91143,2
91144,2
91145,2
91146,2
91147,2
91148,2
91149,2
91150,2
91151,2
91152,2
91153,2
91154,2
91155,2
91156,2
91157,2
91158,2
91159,2
91160,2
91161,2
91162,2
91163,2
91164,2
91165,2
91166,2
91167,2
91168,2
91169,2
91170,2
91171,2
91172,2
91173,2
91174,2
91175,2
91176,2
91177,2
91178,2
91179,2
91180,2
91181,2
91182,2
91183,2
91184,2
91185,2
91186,2
91187,2
91188,2
91189,2
91190,2
91191,2
91192,2
91193,2
91194,2
91195,2
91196,2
91197,2
91198,2
91199,2
91200,2
91201,2
91202,2
91203,2
91204,2
91205,2
91206,2
91207,2
91208,2
91209,2
91210,2
91211,2
91212,2
91213,2
91214,2
91215,2
91216,2
91217,2
91218,2
91219,2
91220,2
91221,2
91222,2
91223,2
91224,2
91225,2
91226,2
91227,2
91228,2
91229,2
91230,0
91231,2
91232,2
91233,2
91234,2
91235,2
91236,2
91237,2
91238,2
91239,2
91240,2
91241,2
91242,2
91243,2
91244,2
91245,2
91246,2
91247,2
91248,2
91249,2
91250,2
91251,2
91252,2
91253,2
91254,2
91255,2
91256,2
91257,2
91258,2
91259,2
91260,2
91261,2
91262,2
91263,2
91264,2
91265,2
91266,2
91267,2
91268,2
91269,2
91270,2
91271,2
91272,2
91273,2
91274,2
91275,2
91276,2
91277,2
91278,2
91279,2
91280,2
91281,2
91282,2
91283,2
91284,2
91285,2
91286,2
91287,2
91288,2
91289,2
91290,2
91291,2
91292,2
91293,2
91294,2
91295,2
91296,2
91297,2
91298,2
91299,2
91300,2
91301,2
91302,2
91303,2
91304,2
91305,2
91306,2
91307,2
91308,2
91309,2
91310,3
91311,3
91312,3
91313,4
91314,3
91315,3
91316,2
91317,2
91318,2
91319,3
91320,3
91321,3
91322,3
91323,4
91324,2
91325,2
91326,2
91327,2
91328,2
91329,3
91330,3
91331,3
91332,2
91333,2
91334,2
91335,2
91336,3
91337,2
91338,4
91339,3
91340,3
91341,2
91342,3
91343,2
91344,3
91345,2
91346,2
91347,3
91348,3
91349,3
91350,2
91351,2
91352,2
91353,2
91354,2
91355,4
91356,2
91357,2
91358,2
91359,2
91360,3
91361,2
91362,4
91363,2
91364,2
91365,2
91366,2
91367,2
91368,2
91369,2
91370,2
91371,2
91372,2
91373,3
91374,2
91375,4
91376,4
91377,3
91378,3
91379,3
91380,4
91381,0
91382,3
91383,4
91384,2
91385,2
91386,3
91387,4
91388,4
91389,3
91390,4
91391,4
91392,2
91393,2
91394,2
91395,2
91396,2
91397,4
91398,2
91399,2
91400,4
91401,4
91402,3
91403,2
91404,3
91405,4
91406,3
91407,2
91408,2
91409,2
91410,3
91411,3
91412,3
91413,3
91414,2
91415,2
91416,4
91417,2
91418,2
91419,3
91420,2
91421,2
91422,3
91423,3
91424,2
91425,4
91426,4
91427,3
91428,4
91429,4
91430,2
91431,2
91432,2
91433,3
91434,2
91435,3
91436,4
91437,3
91438,3
91439,2
91440,3
91441,2
91442,2
91443,4
91444,2
91445,2
91446,2
91447,3
91448,4
91449,2
91450,3
91451,2
91452,0
91453,4
91454,4
91455,2
91456,2
91457,2
91458,3
91459,4
91460,2
91461,2
91462,2
91463,4
91464,2
91465,2
91466,2
91467,2
91468,2
91469,2
91470,2
91471,2
91472,2
91473,2
91474,2
91475,3
91476,3
91477,2
91478,2
91479,2
91480,4
91481,2
91482,2
91483,2
91484,2
91485,2
91486,2
91487,2
91488,2
91489,2
91490,2
91491,2
91492,2
91493,2
91494,2
91495,2
91496,2
91497,2
91498,2
91499,2
91500,2
91501,2
91502,2
91503,2
91504,2
91505,2
91506,2
91507,2
91508,2
91509,2
91510,2
91511,2
91512,2
91513,2
91514,2
91515,2
91516,2
91517,2
91518,2
91519,2
91520,2
91521,2
91522,2
91523,2
91524,2
91525,2
91526,2
91527,2
91528,2
91529,2
91530,2
91531,2
91532,2
91533,2
91534,2
91535,2
91536,2
91537,2
91538,2
91539,2
91540,2
91541,2
91542,2
91543,2
91544,2
91545,2
91546,2
91547,2
91548,2
91549,2
91550,2
91551,2
91552,2
91553,2
91554,2
91555,2
91556,2
91557,2
91558,2
91559,2
91560,2
91561,2
91562,2
91563,2
91564,2
91565,2
91566,2
91567,2
91568,2
91569,2
91570,2
91571,2
91572,2
91573,2
91574,2
91575,2
91576,2
91577,2
91578,2
91579,2
91580,2
91581,2
91582,2
91583,2
91584,2
91585,2
91586,2
91587,2
91588,2
91589,2
91590,2
91591,2
91592,2
91593,2
91594,2
91595,2
91596,2
91597,2
91598,2
91599,2
91600,2
91601,2
91602,2
91603,2
91604,2
91605,2
91606,2
91607,2
91608,2
91609,2
91610,2
91611,2
91612,2
91613,2
91614,2
91615,2
91616,2
91617,2
91618,2
91619,2
91620,2
91621,2
91622,2
91623,2
91624,2
91625,2
91626,2
91627,2
91628,2
91629,2
91630,2
91631,2
91632,2
91633,2
91634,2
91635,2
91636,2
91637,2
91638,2
91639,2
91640,2
91641,2
91642,2
91643,2
91644,2
91645,2
91646,2
91647,2
91648,2
91649,2
91650,2
91651,2
91652,2
91653,2
91654,2
91655,2
91656,2
91657,2
91658,2
91659,2
91660,2
91661,2
91662,2
91663,2
91664,2
91665,2
91666,2
91667,2
91668,2
91669,2
91670,2
91671,2
91672,2
91673,2
91674,2
91675,2
91676,2
91677,2
91678,2
91679,2
91680,2
91681,2
91682,2
91683,2
91684,2
91685,2
91686,2
91687,2
91688,2
91689,2
91690,2
91691,2
91692,2
91693,2
91694,2
91695,2
91696,2
91697,2
91698,2
91699,2
91700,2
91701,2
91702,2
91703,2
91704,2
91705,2
91706,2
91707,2
91708,2
91709,2
91710,2
91711,2
91712,2
91713,2
91714,2
91715,2
91716,2
91717,2
91718,2
91719,2
91720,2
91721,2
91722,2
91723,2
91724,2
91725,2
91726,2
91727,2
91728,2
91729,2
91730,2
91731,2
91732,2
91733,2
91734,2
91735,2
91736,2
91737,2
91738,2
91739,2
91740,2
91741,2
91742,0
91743,2
91744,2
91745,2
91746,2
91747,2
91748,2
91749,2
91750,2
91751,2
91752,2
91753,2
91754,2
91755,2
91756,2
91757,2
91758,2
91759,2
91760,2
91761,2
91762,2
91763,2
91764,2
91765,2
91766,2
91767,2
91768,2
91769,2
91770,2
91771,2
91772,2
91773,2
91774,2
91775,2
91776,2
91777,2
91778,2
91779,2
91780,2
91781,2
91782,2
91783,2
91784,2
91785,2
91786,2
91787,2
91788,2
91789,2
91790,2
91791,2
91792,2
91793,2
91794,2
91795,2
91796,2
91797,2
91798,2
91799,2
91800,2
91801,2
91802,2
91803,2
91804,2
91805,2
91806,2
91807,2
91808,2
91809,2
91810,2
91811,2
91812,2
91813,2
91814,2
91815,2
91816,2
91817,2
91818,2
91819,2
91820,2
91821,2
91822,2
91823,2
91824,2
91825,2
91826,2
91827,2
91828,2
91829,2
91830,2
91831,2
91832,2
91833,2
91834,2
91835,2
91836,2
91837,2
91838,2
91839,2
91840,2
91841,2
91842,2
91843,2
91844,2
91845,2
91846,2
91847,2
91848,2
91849,2
91850,2
91851,2
91852,2
91853,2
91854,2
91855,2
91856,2
91857,2
91858,2
91859,2
91860,2
91861,2
91862,2
91863,2
91864,2
91865,2
91866,2
91867,2
91868,2
91869,2
91870,2
91871,2
91872,2
91873,2
91874,2
91875,2
91876,2
91877,2
91878,2
91879,2
91880,2
91881,2
91882,2
91883,2
91884,2
91885,2
91886,2
91887,2
91888,2
91889,2
91890,2
91891,2
91892,2
91893,2
91894,2
91895,2
91896,2
91897,2
91898,2
91899,2
91900,2
91901,2
91902,2
91903,2
91904,2
91905,2
91906,2
91907,2
91908,2
91909,2
91910,2
91911,2
91912,2
91913,2
91914,2
91915,2
91916,2
91917,2
91918,2
91919,2
91920,2
91921,2
91922,2
91923,2
91924,2
91925,2
91926,2
91927,2
91928,2
91929,2
91930,2
91931,2
91932,2
91933,2
91934,2
91935,2
91936,2
91937,2
91938,2
91939,2
91940,2
91941,2
91942,2
91943,2
91944,2
91945,2
91946,2
91947,2
91948,2
91949,2
91950,2
91951,2
91952,2
91953,2
91954,2
91955,2
91956,2
91957,2
91958,2
91959,2
91960,2
91961,2
91962,2
91963,2
91964,2
91965,2
91966,2
91967,2
91968,2
91969,2
91970,2
91971,2
91972,2
91973,2
91974,2
91975,2
91976,2
91977,2
91978,2
91979,2
91980,2
91981,2
91982,2
91983,2
91984,2
91985,2
91986,2
91987,2
91988,2
91989,2
91990,2
91991,2
91992,2
91993,2
91994,2
91995,2
91996,2
91997,2
91998,2
91999,2
92000,2
92001,2
92002,2
92003,2
92004,2
92005,2
92006,2
92007,2
92008,2
92009,2
92010,2
92011,2
92012,2
92013,2
92014,2
92015,2
92016,2
92017,2
92018,2
92019,2
92020,2
92021,2
92022,2
92023,2
92024,2
92025,2
92026,2
92027,2
92028,2
92029,2
92030,2
92031,2
92032,2
92033,2
92034,2
92035,2
92036,2
92037,2
92038,2
92039,2
92040,2
92041,2
92042,2
92043,2
92044,2
92045,2
92046,2
92047,2
92048,2
92049,2
92050,2
92051,2
92052,2
92053,2
92054,2
92055,2
92056,2
92057,2
92058,2
92059,2
92060,2
92061,2
92062,2
92063,2
92064,2
92065,2
92066,2
92067,2
92068,2
92069,2
92070,2
92071,2
92072,2
92073,2
92074,2
92075,2
92076,2
92077,2
92078,2
92079,2
92080,2
92081,2
92082,2
92083,2
92084,2
92085,2
92086,2
92087,2
92088,2
92089,2
92090,2
92091,2
92092,2
92093,2
92094,2
92095,2
92096,2
92097,2
92098,2
92099,2
92100,2
92101,2
92102,2
92103,2
92104,2
92105,2
92106,2
92107,2
92108,2
92109,2
92110,2
92111,2
92112,2
92113,2
92114,2
92115,2
92116,2
92117,2
92118,2
92119,2
92120,2
92121,2
92122,2
92123,2
92124,2
92125,2
92126,2
92127,2
92128,2
92129,2
92130,2
92131,2
92132,2
92133,2
92134,2
92135,2
92136,2
92137,2
92138,2
92139,2
92140,2
92141,2
92142,2
92143,2
92144,2
92145,2
92146,2
92147,2
92148,2
92149,2
92150,2
92151,2
92152,2
92153,2
92154,2
92155,2
92156,2
92157,2
92158,2
92159,2
92160,2
92161,2
92162,2
92163,2
92164,2
92165,2
92166,2
92167,2
92168,2
92169,2
92170,2
92171,2
92172,2
92173,2
92174,2
92175,2
92176,2
92177,2
92178,2
92179,2
92180,2
92181,2
92182,2
92183,2
92184,2
92185,2
92186,2
92187,2
92188,2
92189,2
92190,2
92191,2
92192,2
92193,2
92194,2
92195,2
92196,2
92197,2
92198,2
92199,2
92200,2
92201,2
92202,2
92203,2
92204,2
92205,2
92206,2
92207,2
92208,2
92209,2
92210,2
92211,2
92212,2
92213,2
92214,2
92215,2
92216,2
92217,2
92218,2
92219,2
92220,2
92221,2
92222,2
92223,2
92224,2
92225,2
92226,2
92227,2
92228,2
92229,2
92230,2
92231,2
92232,2
92233,2
92234,2
92235,2
92236,2
92237,2
92238,2
92239,2
92240,2
92241,2
92242,2
92243,2
92244,2
92245,2
92246,2
92247,2
92248,2
92249,2
92250,2
92251,2
92252,2
92253,2
92254,2
92255,2
92256,2
92257,2
92258,2
92259,2
92260,2
92261,2
92262,2
92263,2
92264,2
92265,2
92266,2
92267,2
92268,2
92269,2
92270,2
92271,2
92272,2
92273,2
92274,2
92275,2
92276,2
92277,2
92278,2
92279,2
92280,2
92281,2
92282,2
92283,2
92284,2
92285,2
92286,2
92287,2
92288,2
92289,2
92290,2
92291,2
92292,2
92293,2
92294,3
92295,4
92296,3
92297,0
92298,3
92299,2
92300,4
92301,2
92302,2
92303,4
92304,3
92305,4
92306,2
92307,4
92308,3
92309,2
92310,2
92311,2
92312,3
92313,3
92314,2
92315,2
92316,3
92317,2
92318,0
92319,2
92320,2
92321,2
92322,3
92323,3
92324,0
92325,4
92326,2
92327,2
92328,2
92329,2
92330,2
92331,2
92332,0
92333,0
92334,0
92335,2
92336,3
92337,2
92338,2
92339,0
92340,2
92341,2
92342,2
92343,2
92344,2
92345,3
92346,3
92347,2
92348,2
92349,0
92350,2
92351,0
92352,2
92353,2
92354,2
92355,2
92356,0
92357,2
92358,4
92359,4
92360,2
92361,2
92362,2
92363,2
92364,2
92365,2
92366,2
92367,2
92368,2
92369,0
92370,2
92371,2
92372,2
92373,0
92374,2
92375,2
92376,4
92377,3
92378,2
92379,3
92380,0
92381,0
92382,2
92383,2
92384,2
92385,2
92386,2
92387,0
92388,0
92389,2
92390,2
92391,2
92392,2
92393,2
92394,2
92395,2
92396,2
92397,2
92398,4
92399,2
92400,3
92401,2
92402,2
92403,2
92404,2
92405,2
92406,2
92407,2
92408,2
92409,2
92410,2
92411,2
92412,2
92413,2
92414,3
92415,1
92416,2
92417,2
92418,2
92419,2
92420,4
92421,3
92422,2
92423,3
92424,2
92425,2
92426,2
92427,2
92428,2
92429,3
92430,2
92431,2
92432,2
92433,2
92434,2
92435,2
92436,2
92437,2
92438,2
92439,2
92440,4
92441,2
92442,2
92443,2
92444,3
92445,2
92446,2
92447,2
92448,2
92449,2
92450,2
92451,3
92452,4
92453,2
92454,2
92455,4
92456,3
92457,2
92458,4
92459,3
92460,2
92461,2
92462,3
92463,4
92464,2
92465,2
92466,2
92467,2
92468,2
92469,2
92470,2
92471,2
92472,2
92473,2
92474,2
92475,2
92476,2
92477,2
92478,2
92479,2
92480,2
92481,2
92482,2
92483,2
92484,2
92485,2
92486,2
92487,2
92488,2
92489,2
92490,2
92491,2
92492,2
92493,2
92494,2
92495,2
92496,3
92497,3
92498,4
92499,3
92500,2
92501,2
92502,4
92503,2
92504,2
92505,3
92506,4
92507,2
92508,3
92509,2
92510,2
92511,2
92512,3
92513,2
92514,3
92515,3
92516,2
92517,3
92518,3
92519,4
92520,3
92521,2
92522,2
92523,2
92524,4
92525,2
92526,2
92527,3
92528,2
92529,4
92530,2
92531,2
92532,2
92533,2
92534,3
92535,3
92536,2
92537,2
92538,3
92539,2
92540,3
92541,3
92542,4
92543,2
92544,2
92545,2
92546,2
92547,0
92548,2
92549,3
92550,3
92551,2
92552,2
92553,3
92554,3
92555,2
92556,2
92557,2
92558,2
92559,4
92560,2
92561,2
92562,2
92563,2
92564,2
92565,2
92566,2
92567,2
92568,2
92569,2
92570,2
92571,2
92572,2
92573,2
92574,2
92575,3
92576,3
92577,2
92578,2
92579,2
92580,2
92581,2
92582,2
92583,2
92584,2
92585,3
92586,4
92587,2
92588,2
92589,2
92590,2
92591,2
92592,2
92593,2
92594,3
92595,3
92596,3
92597,2
92598,2
92599,2
92600,2
92601,2
92602,2
92603,2
92604,2
92605,2
92606,2
92607,2
92608,2
92609,2
92610,2
92611,2
92612,2
92613,0
92614,2
92615,2
92616,2
92617,2
92618,2
92619,2
92620,2
92621,2
92622,2
92623,2
92624,2
92625,2
92626,2
92627,2
92628,2
92629,2
92630,2
92631,2
92632,2
92633,2
92634,2
92635,2
92636,2
92637,2
92638,2
92639,2
92640,2
92641,2
92642,2
92643,2
92644,2
92645,2
92646,2
92647,2
92648,2
92649,2
92650,2
92651,2
92652,3
92653,2
92654,3
92655,3
92656,4
92657,3
92658,3
92659,2
92660,3
92661,4
92662,2
92663,2
92664,3
92665,2
92666,4
92667,2
92668,2
92669,2
92670,3
92671,2
92672,3
92673,2
92674,2
92675,2
92676,2
92677,2
92678,2
92679,2
92680,2
92681,2
92682,2
92683,2
92684,2
92685,2
92686,2
92687,2
92688,2
92689,2
92690,2
92691,2
92692,2
92693,2
92694,2
92695,2
92696,2
92697,2
92698,2
92699,2
92700,2
92701,2
92702,2
92703,2
92704,2
92705,2
92706,2
92707,2
92708,2
92709,2
92710,2
92711,2
92712,2
92713,2
92714,2
92715,2
92716,2
92717,2
92718,2
92719,2
92720,2
92721,0
92722,2
92723,2
92724,2
92725,2
92726,2
92727,2
92728,2
92729,2
92730,2
92731,2
92732,2
92733,2
92734,2
92735,2
92736,2
92737,2
92738,2
92739,2
92740,2
92741,2
92742,2
92743,2
92744,2
92745,2
92746,2
92747,2
92748,2
92749,2
92750,2
92751,2
92752,2
92753,2
92754,2
92755,2
92756,2
92757,2
92758,2
92759,2
92760,2
92761,2
92762,2
92763,2
92764,2
92765,2
92766,2
92767,2
92768,2
92769,2
92770,2
92771,2
92772,2
92773,2
92774,2
92775,2
92776,2
92777,2
92778,2
92779,2
92780,2
92781,2
92782,2
92783,2
92784,2
92785,2
92786,2
92787,2
92788,2
92789,2
92790,2
92791,2
92792,2
92793,2
92794,2
92795,2
92796,2
92797,2
92798,2
92799,2
92800,2
92801,2
92802,2
92803,2
92804,2
92805,2
92806,2
92807,2
92808,2
92809,2
92810,2
92811,2
92812,2
92813,2
92814,2
92815,2
92816,2
92817,2
92818,2
92819,0
92820,2
92821,2
92822,2
92823,2
92824,2
92825,2
92826,2
92827,2
92828,2
92829,2
92830,2
92831,2
92832,2
92833,2
92834,2
92835,2
92836,2
92837,2
92838,2
92839,2
92840,2
92841,2
92842,2
92843,2
92844,2
92845,2
92846,2
92847,2
92848,2
92849,2
92850,2
92851,2
92852,2
92853,2
92854,2
92855,2
92856,2
92857,2
92858,2
92859,2
92860,2
92861,2
92862,2
92863,2
92864,2
92865,2
92866,2
92867,2
92868,2
92869,2
92870,2
92871,2
92872,2
92873,2
92874,2
92875,2
92876,2
92877,2
92878,2
92879,2
92880,0
92881,2
92882,2
92883,2
92884,2
92885,2
92886,2
92887,2
92888,2
92889,2
92890,2
92891,2
92892,2
92893,2
92894,2
92895,2
92896,2
92897,2
92898,2
92899,2
92900,2
92901,2
92902,2
92903,2
92904,2
92905,2
92906,2
92907,2
92908,2
92909,2
92910,2
92911,2
92912,2
92913,2
92914,2
92915,2
92916,2
92917,0
92918,2
92919,2
92920,2
92921,2
92922,2
92923,2
92924,2
92925,2
92926,2
92927,2
92928,2
92929,2
92930,2
92931,2
92932,2
92933,2
92934,2
92935,2
92936,2
92937,2
92938,2
92939,2
92940,2
92941,2
92942,2
92943,2
92944,2
92945,2
92946,2
92947,2
92948,0
92949,2
92950,2
92951,2
92952,2
92953,2
92954,2
92955,2
92956,2
92957,2
92958,2
92959,2
92960,2
92961,2
92962,2
92963,2
92964,2
92965,2
92966,2
92967,2
92968,2
92969,2
92970,2
92971,2
92972,2
92973,2
92974,2
92975,2
92976,2
92977,2
92978,2
92979,2
92980,2
92981,2
92982,2
92983,2
92984,2
92985,2
92986,2
92987,2
92988,2
92989,2
92990,2
92991,2
92992,2
92993,2
92994,2
92995,2
92996,2
92997,2
92998,2
92999,2
93000,2
93001,2
93002,2
93003,2
93004,2
93005,2
93006,2
93007,2
93008,2
93009,2
93010,2
93011,2
93012,2
93013,2
93014,2
93015,2
93016,2
93017,2
93018,2
93019,2
93020,2
93021,2
93022,2
93023,2
93024,2
93025,2
93026,2
93027,2
93028,2
93029,2
93030,2
93031,2
93032,2
93033,2
93034,2
93035,2
93036,2
93037,2
93038,2
93039,2
93040,2
93041,2
93042,2
93043,2
93044,2
93045,2
93046,2
93047,2
93048,2
93049,2
93050,2
93051,2
93052,2
93053,2
93054,2
93055,2
93056,2
93057,2
93058,2
93059,2
93060,2
93061,2
93062,2
93063,2
93064,2
93065,2
93066,2
93067,2
93068,2
93069,2
93070,2
93071,2
93072,2
93073,2
93074,2
93075,2
93076,2
93077,2
93078,2
93079,2
93080,2
93081,2
93082,2
93083,2
93084,2
93085,2
93086,2
93087,2
93088,2
93089,2
93090,2
93091,2
93092,2
93093,2
93094,2
93095,2
93096,2
93097,2
93098,2
93099,2
93100,2
93101,2
93102,2
93103,2
93104,2
93105,2
93106,2
93107,2
93108,2
93109,2
93110,2
93111,2
93112,2
93113,2
93114,2
93115,2
93116,2
93117,2
93118,2
93119,2
93120,2
93121,2
93122,2
93123,2
93124,2
93125,2
93126,2
93127,2
93128,2
93129,2
93130,2
93131,2
93132,2
93133,2
93134,2
93135,2
93136,2
93137,2
93138,2
93139,2
93140,2
93141,2
93142,2
93143,2
93144,2
93145,2
93146,2
93147,2
93148,2
93149,2
93150,2
93151,2
93152,2
93153,2
93154,2
93155,2
93156,2
93157,2
93158,2
93159,2
93160,2
93161,2
93162,2
93163,2
93164,2
93165,2
93166,2
93167,2
93168,2
93169,2
93170,2
93171,2
93172,2
93173,2
93174,2
93175,2
93176,2
93177,2
93178,2
93179,2
93180,2
93181,0
93182,2
93183,2
93184,2
93185,2
93186,2
93187,2
93188,2
93189,2
93190,2
93191,2
93192,2
93193,2
93194,2
93195,2
93196,2
93197,2
93198,2
93199,2
93200,2
93201,2
93202,2
93203,2
93204,2
93205,2
93206,2
93207,2
93208,2
93209,2
93210,2
93211,2
93212,2
93213,2
93214,2
93215,2
93216,2
93217,2
93218,2
93219,2
93220,2
93221,2
93222,2
93223,2
93224,2
93225,2
93226,2
93227,2
93228,2
93229,2
93230,2
93231,2
93232,2
93233,2
93234,2
93235,2
93236,2
93237,2
93238,2
93239,2
93240,2
93241,2
93242,2
93243,2
93244,2
93245,2
93246,2
93247,2
93248,2
93249,2
93250,2
93251,2
93252,2
93253,2
93254,2
93255,2
93256,2
93257,2
93258,2
93259,2
93260,3
93261,2
93262,3
93263,3
93264,2
93265,2
93266,0
93267,2
93268,3
93269,2
93270,2
93271,2
93272,2
93273,4
93274,3
93275,4
93276,3
93277,2
93278,3
93279,3
93280,4
93281,3
93282,3
93283,3
93284,2
93285,3
93286,3
93287,4
93288,2
93289,3
93290,2
93291,4
93292,3
93293,2
93294,3
93295,3
93296,2
93297,2
93298,2
93299,4
93300,2
93301,2
93302,2
93303,2
93304,0
93305,3
93306,2
93307,2
93308,2
93309,2
93310,2
93311,2
93312,2
93313,3
93314,2
93315,0
93316,0
93317,2
93318,2
93319,0
93320,2
93321,2
93322,2
93323,2
93324,2
93325,2
93326,2
93327,2
93328,2
93329,2
93330,2
93331,2
93332,2
93333,2
93334,2
93335,2
93336,2
93337,2
93338,2
93339,2
93340,2
93341,2
93342,3
93343,3
93344,2
93345,2
93346,2
93347,2
93348,2
93349,2
93350,2
93351,2
93352,2
93353,2
93354,2
93355,2
93356,2
93357,2
93358,2
93359,3
93360,0
93361,2
93362,2
93363,2
93364,2
93365,3
93366,2
93367,2
93368,2
93369,2
93370,2
93371,2
93372,2
93373,2
93374,2
93375,2
93376,2
93377,3
93378,2
93379,2
93380,2
93381,2
93382,2
93383,2
93384,3
93385,2
93386,3
93387,2
93388,3
93389,2
93390,3
93391,3
93392,3
93393,2
93394,2
93395,0
93396,3
93397,2
93398,3
93399,3
93400,2
93401,3
93402,2
93403,2
93404,2
93405,2
93406,2
93407,3
93408,2
93409,2
93410,2
93411,2
93412,2
93413,2
93414,2
93415,2
93416,2
93417,2
93418,2
93419,2
93420,2
93421,3
93422,2
93423,2
93424,3
93425,2
93426,2
93427,2
93428,4
93429,2
93430,2
93431,2
93432,3
93433,2
93434,2
93435,2
93436,2
93437,2
93438,2
93439,2
93440,2
93441,2
93442,2
93443,2
93444,2
93445,2
93446,2
93447,3
93448,2
93449,2
93450,2
93451,2
93452,2
93453,2
93454,3
93455,2
93456,2
93457,2
93458,2
93459,2
93460,2
93461,2
93462,2
93463,2
93464,2
93465,2
93466,3
93467,4
93468,3
93469,3
93470,4
93471,3
93472,2
93473,3
93474,2
93475,2
93476,3
93477,2
93478,2
93479,2
93480,2
93481,2
93482,3
93483,2
93484,3
93485,4
93486,2
93487,2
93488,4
93489,4
93490,4
93491,2
93492,3
93493,2
93494,2
93495,2
93496,2
93497,2
93498,2
93499,3
93500,2
93501,2
93502,2
93503,2
93504,3
93505,3
93506,2
93507,3
93508,3
93509,4
93510,3
93511,4
93512,2
93513,2
93514,3
93515,2
93516,3
93517,2
93518,2
93519,2
93520,2
93521,2
93522,2
93523,2
93524,2
93525,2
93526,2
93527,2
93528,2
93529,2
93530,2
93531,2
93532,2
93533,2
93534,4
93535,0
93536,2
93537,2
93538,2
93539,2
93540,2
93541,4
93542,3
93543,2
93544,2
93545,2
93546,2
93547,2
93548,2
93549,2
93550,2
93551,2
93552,3
93553,3
93554,2
93555,2
93556,2
93557,2
93558,2
93559,2
93560,2
93561,2
93562,2
93563,2
93564,2
93565,2
93566,2
93567,2
93568,2
93569,2
93570,2
93571,2
93572,3
93573,2
93574,2
93575,2
93576,2
93577,2
93578,2
93579,2
93580,2
93581,2
93582,2
93583,2
93584,2
93585,2
93586,2
93587,2
93588,2
93589,2
93590,2
93591,3
93592,2
93593,2
93594,3
93595,2
93596,2
93597,2
93598,2
93599,2
93600,2
93601,0
93602,2
93603,2
93604,0
93605,2
93606,2
93607,2
93608,2
93609,3
93610,2
93611,2
93612,2
93613,2
93614,2
93615,2
93616,2
93617,2
93618,2
93619,2
93620,2
93621,2
93622,2
93623,2
93624,3
93625,2
93626,2
93627,2
93628,2
93629,4
93630,2
93631,2
93632,2
93633,2
93634,2
93635,2
93636,2
93637,2
93638,3
93639,2
93640,2
93641,2
93642,2
93643,2
93644,2
93645,2
93646,2
93647,2
93648,2
93649,2
93650,0
93651,2
93652,2
93653,2
93654,2
93655,2
93656,0
93657,2
93658,2
93659,2
93660,2
93661,2
93662,2
93663,2
93664,2
93665,3
93666,2
93667,2
93668,2
93669,2
93670,2
93671,2
93672,2
93673,2
93674,2
93675,2
93676,2
93677,2
93678,2
93679,2
93680,2
93681,2
93682,2
93683,2
93684,2
93685,2
93686,2
93687,2
93688,2
93689,2
93690,2
93691,2
93692,2
93693,2
93694,2
93695,2
93696,2
93697,2
93698,4
93699,2
93700,2
93701,2
93702,2
93703,2
93704,2
93705,2
93706,2
93707,2
93708,2
93709,2
93710,2
93711,2
93712,2
93713,2
93714,0
93715,2
93716,2
93717,2
93718,2
93719,2
93720,2
93721,2
93722,2
93723,2
93724,2
93725,2
93726,2
93727,2
93728,2
93729,2
93730,2
93731,2
93732,2
93733,2
93734,2
93735,0
93736,2
93737,2
93738,2
93739,2
93740,2
93741,2
93742,2
93743,2
93744,2
93745,2
93746,2
93747,2
93748,2
93749,2
93750,2
93751,2
93752,2
93753,2
93754,2
93755,2
93756,2
93757,2
93758,2
93759,2
93760,2
93761,2
93762,2
93763,2
93764,2
93765,2
93766,0
93767,2
93768,2
93769,2
93770,2
93771,2
93772,2
93773,2
93774,2
93775,2
93776,2
93777,2
93778,2
93779,2
93780,2
93781,2
93782,2
93783,2
93784,2
93785,2
93786,2
93787,2
93788,2
93789,2
93790,0
93791,2
93792,2
93793,2
93794,2
93795,2
93796,2
93797,2
93798,2
93799,2
93800,2
93801,2
93802,2
93803,2
93804,2
93805,2
93806,2
93807,2
93808,2
93809,2
93810,2
93811,2
93812,2
93813,2
93814,2
93815,2
93816,2
93817,2
93818,2
93819,2
93820,0
93821,2
93822,2
93823,2
93824,2
93825,2
93826,2
93827,2
93828,2
93829,2
93830,2
93831,2
93832,2
93833,2
93834,2
93835,2
93836,2
93837,2
93838,2
93839,2
93840,2
93841,2
93842,2
93843,2
93844,2
93845,2
93846,2
93847,2
93848,2
93849,2
93850,2
93851,2
93852,2
93853,2
93854,2
93855,2
93856,2
93857,2
93858,2
93859,2
93860,2
93861,2
93862,2
93863,2
93864,2
93865,2
93866,2
93867,2
93868,2
93869,2
93870,2
93871,2
93872,2
93873,2
93874,2
93875,2
93876,2
93877,2
93878,2
93879,2
93880,2
93881,2
93882,2
93883,2
93884,2
93885,2
93886,2
93887,2
93888,0
93889,2
93890,2
93891,2
93892,2
93893,2
93894,2
93895,2
93896,2
93897,2
93898,2
93899,2
93900,2
93901,2
93902,2
93903,2
93904,2
93905,2
93906,2
93907,2
93908,2
93909,2
93910,2
93911,2
93912,2
93913,0
93914,2
93915,2
93916,2
93917,2
93918,2
93919,2
93920,2
93921,2
93922,2
93923,2
93924,2
93925,2
93926,2
93927,2
93928,2
93929,2
93930,2
93931,2
93932,2
93933,2
93934,2
93935,2
93936,2
93937,2
93938,2
93939,2
93940,2
93941,2
93942,2
93943,2
93944,2
93945,2
93946,2
93947,2
93948,2
93949,2
93950,2
93951,2
93952,2
93953,2
93954,2
93955,2
93956,2
93957,2
93958,0
93959,2
93960,2
93961,2
93962,2
93963,2
93964,2
93965,2
93966,2
93967,2
93968,2
93969,2
93970,2
93971,2
93972,2
93973,2
93974,2
93975,2
93976,2
93977,2
93978,2
93979,2
93980,2
93981,2
93982,2
93983,2
93984,2
93985,2
93986,2
93987,2
93988,2
93989,2
93990,2
93991,2
93992,2
93993,2
93994,2
93995,2
93996,2
93997,2
93998,2
93999,2
94000,2
94001,2
94002,2
94003,2
94004,2
94005,2
94006,2
94007,2
94008,2
94009,2
94010,2
94011,2
94012,2
94013,2
94014,2
94015,2
94016,2
94017,2
94018,2
94019,2
94020,2
94021,2
94022,2
94023,2
94024,2
94025,2
94026,2
94027,2
94028,2
94029,2
94030,2
94031,2
94032,2
94033,2
94034,2
94035,2
94036,2
94037,2
94038,2
94039,2
94040,2
94041,2
94042,2
94043,2
94044,2
94045,2
94046,2
94047,2
94048,2
94049,2
94050,2
94051,2
94052,2
94053,2
94054,2
94055,2
94056,2
94057,2
94058,2
94059,2
94060,0
94061,2
94062,2
94063,2
94064,2
94065,2
94066,2
94067,2
94068,2
94069,2
94070,2
94071,2
94072,2
94073,2
94074,2
94075,2
94076,2
94077,2
94078,2
94079,2
94080,2
94081,2
94082,2
94083,2
94084,2
94085,2
94086,2
94087,2
94088,2
94089,2
94090,2
94091,2
94092,2
94093,2
94094,2
94095,2
94096,2
94097,2
94098,2
94099,2
94100,2
94101,2
94102,2
94103,2
94104,2
94105,2
94106,2
94107,2
94108,2
94109,2
94110,2
94111,2
94112,2
94113,2
94114,2
94115,2
94116,2
94117,2
94118,2
94119,2
94120,2
94121,2
94122,2
94123,2
94124,2
94125,2
94126,2
94127,2
94128,2
94129,2
94130,2
94131,2
94132,2
94133,2
94134,2
94135,2
94136,2
94137,2
94138,2
94139,2
94140,2
94141,2
94142,2
94143,2
94144,2
94145,2
94146,2
94147,2
94148,2
94149,2
94150,2
94151,2
94152,2
94153,2
94154,2
94155,2
94156,2
94157,2
94158,2
94159,2
94160,2
94161,2
94162,2
94163,2
94164,2
94165,2
94166,2
94167,2
94168,2
94169,2
94170,2
94171,2
94172,2
94173,2
94174,2
94175,2
94176,2
94177,2
94178,2
94179,2
94180,2
94181,2
94182,2
94183,2
94184,2
94185,2
94186,2
94187,2
94188,2
94189,2
94190,2
94191,2
94192,2
94193,2
94194,2
94195,2
94196,2
94197,2
94198,2
94199,2
94200,2
94201,2
94202,2
94203,2
94204,2
94205,2
94206,2
94207,2
94208,2
94209,2
94210,2
94211,2
94212,2
94213,2
94214,2
94215,2
94216,2
94217,2
94218,2
94219,2
94220,2
94221,2
94222,4
94223,2
94224,3
94225,2
94226,3
94227,3
94228,3
94229,2
94230,2
94231,3
94232,2
94233,2
94234,3
94235,2
94236,3
94237,3
94238,2
94239,0
94240,2
94241,3
94242,3
94243,4
94244,2
94245,4
94246,3
94247,2
94248,2
94249,2
94250,2
94251,2
94252,2
94253,2
94254,2
94255,2
94256,2
94257,2
94258,2
94259,2
94260,2
94261,2
94262,2
94263,2
94264,2
94265,2
94266,2
94267,2
94268,2
94269,3
94270,0
94271,2
94272,2
94273,2
94274,2
94275,2
94276,2
94277,2
94278,2
94279,2
94280,2
94281,2
94282,3
94283,4
94284,3
94285,3
94286,0
94287,3
94288,0
94289,2
94290,3
94291,3
94292,2
94293,4
94294,2
94295,2
94296,0
94297,2
94298,4
94299,2
94300,2
94301,2
94302,2
94303,2
94304,2
94305,2
94306,3
94307,2
94308,2
94309,2
94310,2
94311,3
94312,3
94313,2
94314,3
94315,3
94316,3
94317,3
94318,4
94319,3
94320,2
94321,2
94322,3
94323,2
94324,2
94325,2
94326,2
94327,2
94328,2
94329,3
94330,2
94331,2
94332,0
94333,2
94334,2
94335,2
94336,2
94337,2
94338,2
94339,0
94340,2
94341,2
94342,2
94343,2
94344,2
94345,2
94346,2
94347,2
94348,2
94349,2
94350,2
94351,3
94352,2
94353,2
94354,0
94355,2
94356,2
94357,2
94358,2
94359,2
94360,2
94361,2
94362,1
94363,1
94364,3
94365,3
94366,4
94367,3
94368,2
94369,2
94370,2
94371,2
94372,2
94373,2
94374,2
94375,2
94376,2
94377,2
94378,2
94379,2
94380,2
94381,2
94382,2
94383,2
94384,2
94385,2
94386,2
94387,2
94388,2
94389,2
94390,2
94391,2
94392,2
94393,2
94394,2
94395,2
94396,2
94397,2
94398,2
94399,2
94400,2
94401,2
94402,2
94403,2
94404,2
94405,2
94406,2
94407,2
94408,2
94409,2
94410,2
94411,2
94412,2
94413,2
94414,2
94415,2
94416,2
94417,2
94418,2
94419,2
94420,2
94421,2
94422,2
94423,2
94424,2
94425,2
94426,2
94427,2
94428,2
94429,2
94430,2
94431,2
94432,2
94433,0
94434,2
94435,0
94436,2
94437,2
94438,2
94439,2
94440,2
94441,2
94442,2
94443,2
94444,2
94445,2
94446,2
94447,2
94448,2
94449,0
94450,2
94451,2
94452,2
94453,2
94454,2
94455,2
94456,2
94457,2
94458,2
94459,2
94460,2
94461,2
94462,2
94463,2
94464,2
94465,2
94466,2
94467,2
94468,2
94469,2
94470,2
94471,2
94472,0
94473,2
94474,2
94475,2
94476,2
94477,2
94478,0
94479,2
94480,2
94481,2
94482,2
94483,2
94484,2
94485,2
94486,2
94487,2
94488,2
94489,2
94490,2
94491,2
94492,2
94493,2
94494,2
94495,2
94496,2
94497,2
94498,2
94499,0
94500,2
94501,2
94502,2
94503,2
94504,2
94505,2
94506,2
94507,2
94508,2
94509,2
94510,2
94511,2
94512,2
94513,2
94514,2
94515,2
94516,2
94517,2
94518,2
94519,2
94520,2
94521,2
94522,2
94523,2
94524,2
94525,2
94526,2
94527,2
94528,2
94529,2
94530,2
94531,2
94532,2
94533,2
94534,2
94535,2
94536,2
94537,2
94538,2
94539,2
94540,2
94541,2
94542,2
94543,2
94544,2
94545,2
94546,2
94547,2
94548,2
94549,2
94550,2
94551,2
94552,2
94553,2
94554,2
94555,2
94556,2
94557,2
94558,2
94559,2
94560,2
94561,2
94562,2
94563,2
94564,2
94565,2
94566,2
94567,2
94568,2
94569,2
94570,2
94571,2
94572,2
94573,2
94574,2
94575,2
94576,2
94577,2
94578,2
94579,2
94580,2
94581,2
94582,2
94583,0
94584,2
94585,2
94586,2
94587,2
94588,2
94589,2
94590,2
94591,2
94592,2
94593,2
94594,2
94595,2
94596,2
94597,2
94598,2
94599,2
94600,2
94601,2
94602,2
94603,2
94604,2
94605,2
94606,2
94607,2
94608,2
94609,2
94610,0
94611,2
94612,2
94613,2
94614,2
94615,2
94616,2
94617,2
94618,2
94619,2
94620,2
94621,2
94622,2
94623,2
94624,2
94625,2
94626,2
94627,2
94628,2
94629,2
94630,2
94631,2
94632,2
94633,2
94634,2
94635,2
94636,2
94637,2
94638,2
94639,2
94640,2
94641,2
94642,2
94643,2
94644,2
94645,2
94646,2
94647,2
94648,2
94649,2
94650,2
94651,2
94652,2
94653,2
94654,2
94655,2
94656,2
94657,2
94658,2
94659,2
94660,2
94661,2
94662,2
94663,2
94664,2
94665,2
94666,2
94667,2
94668,2
94669,2
94670,2
94671,2
94672,2
94673,2
94674,2
94675,2
94676,2
94677,2
94678,0
94679,2
94680,2
94681,2
94682,2
94683,2
94684,2
94685,2
94686,2
94687,2
94688,2
94689,2
94690,2
94691,2
94692,2
94693,2
94694,2
94695,4
94696,2
94697,2
94698,2
94699,2
94700,2
94701,2
94702,2
94703,2
94704,2
94705,2
94706,2
94707,2
94708,2
94709,2
94710,2
94711,0
94712,0
94713,2
94714,2
94715,2
94716,2
94717,2
94718,2
94719,2
94720,2
94721,2
94722,2
94723,2
94724,2
94725,2
94726,2
94727,4
94728,2
94729,2
94730,2
94731,3
94732,2
94733,2
94734,2
94735,2
94736,2
94737,2
94738,2
94739,2
94740,2
94741,2
94742,2
94743,2
94744,2
94745,2
94746,2
94747,2
94748,2
94749,2
94750,2
94751,2
94752,2
94753,2
94754,2
94755,2
94756,2
94757,2
94758,3
94759,2
94760,2
94761,2
94762,2
94763,2
94764,2
94765,2
94766,2
94767,2
94768,2
94769,2
94770,2
94771,2
94772,2
94773,2
94774,2
94775,2
94776,2
94777,2
94778,2
94779,2
94780,2
94781,2
94782,2
94783,3
94784,3
94785,2
94786,3
94787,3
94788,4
94789,3
94790,3
94791,3
94792,3
94793,3
94794,3
94795,3
94796,3
94797,3
94798,3
94799,4
94800,3
94801,3
94802,3
94803,4
94804,4
94805,2
94806,3
94807,4
94808,2
94809,2
94810,2
94811,4
94812,3
94813,3
94814,4
94815,3
94816,3
94817,4
94818,2
94819,3
94820,3
94821,2
94822,2
94823,3
94824,2
94825,2
94826,2
94827,2
94828,3
94829,3
94830,2
94831,2
94832,3
94833,2
94834,2
94835,3
94836,2
94837,4
94838,3
94839,2
94840,2
94841,4
94842,0
94843,2
94844,2
94845,2
94846,0
94847,3
94848,3
94849,2
94850,2
94851,0
94852,2
94853,2
94854,2
94855,2
94856,2
94857,2
94858,2
94859,2
94860,2
94861,2
94862,2
94863,2
94864,4
94865,2
94866,4
94867,4
94868,3
94869,2
94870,3
94871,2
94872,2
94873,2
94874,2
94875,2
94876,2
94877,2
94878,2
94879,2
94880,2
94881,3
94882,2
94883,2
94884,2
94885,2
94886,2
94887,3
94888,2
94889,3
94890,3
94891,2
94892,2
94893,3
94894,2
94895,3
94896,2
94897,2
94898,2
94899,2
94900,3
94901,2
94902,2
94903,2
94904,2
94905,2
94906,2
94907,2
94908,2
94909,3
94910,0
94911,2
94912,2
94913,0
94914,2
94915,2
94916,3
94917,2
94918,2
94919,3
94920,2
94921,3
94922,3
94923,3
94924,2
94925,2
94926,2
94927,4
94928,4
94929,2
94930,4
94931,2
94932,3
94933,2
94934,3
94935,3
94936,2
94937,4
94938,2
94939,0
94940,2
94941,3
94942,2
94943,2
94944,2
94945,2
94946,2
94947,2
94948,4
94949,2
94950,2
94951,2
94952,4
94953,3
94954,4
94955,3
94956,4
94957,3
94958,2
94959,3
94960,0
94961,4
94962,3
94963,4
94964,4
94965,3
94966,4
94967,2
94968,3
94969,4
94970,4
94971,4
94972,3
94973,3
94974,4
94975,2
94976,2
94977,2
94978,2
94979,2
94980,2
94981,2
94982,2
94983,2
94984,2
94985,2
94986,2
94987,2
94988,2
94989,2
94990,2
94991,2
94992,2
94993,2
94994,2
94995,2
94996,2
94997,2
94998,2
94999,2
95000,2
95001,2
95002,2
95003,2
95004,2
95005,2
95006,2
95007,2
95008,2
95009,2
95010,2
95011,2
95012,2
95013,2
95014,2
95015,2
95016,2
95017,2
95018,2
95019,2
95020,2
95021,2
95022,2
95023,2
95024,2
95025,2
95026,2
95027,2
95028,2
95029,2
95030,2
95031,2
95032,2
95033,0
95034,2
95035,2
95036,2
95037,2
95038,2
95039,2
95040,2
95041,2
95042,2
95043,2
95044,2
95045,2
95046,2
95047,2
95048,2
95049,2
95050,2
95051,2
95052,2
95053,2
95054,2
95055,2
95056,2
95057,2
95058,2
95059,2
95060,2
95061,2
95062,2
95063,2
95064,2
95065,2
95066,2
95067,2
95068,2
95069,2
95070,2
95071,2
95072,2
95073,2
95074,2
95075,2
95076,2
95077,2
95078,2
95079,2
95080,2
95081,2
95082,2
95083,2
95084,2
95085,2
95086,2
95087,2
95088,2
95089,2
95090,2
95091,2
95092,2
95093,2
95094,0
95095,2
95096,2
95097,2
95098,2
95099,2
95100,0
95101,2
95102,2
95103,2
95104,2
95105,4
95106,2
95107,2
95108,2
95109,2
95110,2
95111,2
95112,2
95113,2
95114,2
95115,2
95116,2
95117,2
95118,2
95119,2
95120,2
95121,2
95122,2
95123,2
95124,2
95125,2
95126,2
95127,2
95128,2
95129,2
95130,2
95131,2
95132,2
95133,2
95134,2
95135,2
95136,2
95137,2
95138,2
95139,2
95140,2
95141,2
95142,2
95143,2
95144,2
95145,2
95146,2
95147,2
95148,2
95149,2
95150,2
95151,2
95152,2
95153,2
95154,2
95155,2
95156,2
95157,2
95158,2
95159,2
95160,2
95161,2
95162,2
95163,2
95164,2
95165,2
95166,2
95167,2
95168,2
95169,2
95170,2
95171,2
95172,2
95173,2
95174,2
95175,2
95176,2
95177,2
95178,2
95179,2
95180,2
95181,2
95182,2
95183,2
95184,2
95185,2
95186,2
95187,2
95188,2
95189,2
95190,2
95191,2
95192,2
95193,2
95194,2
95195,2
95196,2
95197,2
95198,2
95199,2
95200,2
95201,2
95202,2
95203,2
95204,2
95205,2
95206,2
95207,2
95208,2
95209,2
95210,2
95211,2
95212,2
95213,2
95214,2
95215,2
95216,2
95217,2
95218,2
95219,2
95220,2
95221,2
95222,2
95223,2
95224,2
95225,2
95226,2
95227,2
95228,2
95229,2
95230,2
95231,2
95232,2
95233,2
95234,2
95235,0
95236,0
95237,2
95238,2
95239,2
95240,2
95241,0
95242,2
95243,2
95244,2
95245,2
95246,4
95247,2
95248,2
95249,2
95250,2
95251,2
95252,2
95253,2
95254,2
95255,0
95256,2
95257,2
95258,2
95259,2
95260,2
95261,2
95262,2
95263,2
95264,2
95265,2
95266,2
95267,2
95268,2
95269,2
95270,2
95271,2
95272,2
95273,2
95274,2
95275,2
95276,2
95277,2
95278,2
95279,2
95280,2
95281,2
95282,0
95283,2
95284,2
95285,2
95286,2
95287,2
95288,2
95289,2
95290,2
95291,2
95292,2
95293,2
95294,2
95295,2
95296,2
95297,2
95298,2
95299,2
95300,2
95301,2
95302,2
95303,2
95304,2
95305,2
95306,2
95307,2
95308,2
95309,2
95310,2
95311,2
95312,2
95313,2
95314,2
95315,2
95316,2
95317,2
95318,2
95319,2
95320,2
95321,2
95322,2
95323,2
95324,2
95325,2
95326,2
95327,2
95328,2
95329,2
95330,2
95331,2
95332,2
95333,2
95334,2
95335,2
95336,2
95337,2
95338,2
95339,2
95340,2
95341,2
95342,2
95343,2
95344,2
95345,2
95346,2
95347,2
95348,2
95349,2
95350,2
95351,2
95352,2
95353,2
95354,2
95355,2
95356,2
95357,2
95358,2
95359,2
95360,2
95361,2
95362,2
95363,2
95364,2
95365,2
95366,2
95367,2
95368,2
95369,2
95370,2
95371,2
95372,2
95373,2
95374,2
95375,2
95376,2
95377,2
95378,2
95379,2
95380,2
95381,2
95382,2
95383,2
95384,2
95385,2
95386,2
95387,2
95388,2
95389,2
95390,2
95391,2
95392,2
95393,2
95394,2
95395,2
95396,2
95397,2
95398,2
95399,2
95400,2
95401,2
95402,2
95403,2
95404,2
95405,2
95406,2
95407,2
95408,2
95409,2
95410,2
95411,2
95412,2
95413,2
95414,2
95415,2
95416,2
95417,2
95418,2
95419,2
95420,2
95421,2
95422,2
95423,2
95424,2
95425,2
95426,2
95427,2
95428,2
95429,2
95430,2
95431,2
95432,2
95433,2
95434,2
95435,2
95436,2
95437,2
95438,2
95439,2
95440,0
95441,2
95442,2
95443,2
95444,2
95445,2
95446,2
95447,2
95448,2
95449,2
95450,2
95451,2
95452,2
95453,2
95454,2
95455,2
95456,2
95457,2
95458,2
95459,2
95460,2
95461,2
95462,2
95463,2
95464,2
95465,2
95466,2
95467,2
95468,2
95469,2
95470,2
95471,2
95472,2
95473,1
95474,2
95475,2
95476,2
95477,3
95478,2
95479,2
95480,3
95481,3
95482,3
95483,2
95484,3
95485,3
95486,3
95487,3
95488,3
95489,3
95490,3
95491,3
95492,3
95493,3
95494,3
95495,3
95496,3
95497,3
95498,3
95499,2
95500,3
95501,2
95502,2
95503,3
95504,2
95505,2
95506,2
95507,2
95508,3
95509,3
95510,3
95511,3
95512,3
95513,3
95514,3
95515,3
95516,3
95517,3
95518,3
95519,3
95520,3
95521,3
95522,3
95523,3
95524,2
95525,3
95526,2
95527,3
95528,3
95529,2
95530,2
95531,2
95532,2
95533,3
95534,3
95535,3
95536,2
95537,3
95538,3
95539,3
95540,2
95541,3
95542,3
95543,2
95544,2
95545,2
95546,2
95547,3
95548,3
95549,2
95550,3
95551,2
95552,2
95553,2
95554,3
95555,2
95556,2
95557,2
95558,3
95559,3
95560,3
95561,3
95562,3
95563,2
95564,3
95565,3
95566,3
95567,3
95568,3
95569,2
95570,2
95571,3
95572,0
95573,0
95574,0
95575,0
95576,0
95577,0
95578,0
95579,0
95580,2
95581,2
95582,2
95583,2
95584,2
95585,2
95586,2
95587,2
95588,2
95589,2
95590,3
95591,2
95592,0
95593,3
95594,2
95595,3
95596,3
95597,3
95598,2
95599,2
95600,2
95601,2
95602,3
95603,3
95604,3
95605,3
95606,3
95607,3
95608,3
95609,3
95610,3
95611,1
95612,1
95613,3
95614,3
95615,3
95616,3
95617,3
95618,3
95619,3
95620,1
95621,1
95622,3
95623,3
95624,3
95625,1
95626,1
95627,1
95628,1
95629,3
95630,3
95631,3
95632,3
95633,2
95634,3
95635,2
95636,3
95637,3
95638,2
95639,3
95640,3
95641,0
95642,3
95643,3
95644,3
95645,3
95646,3
95647,3
95648,3
95649,3
95650,3
95651,3
95652,2
95653,0
95654,3
95655,3
95656,0
95657,0
95658,0
95659,3
95660,3
95661,3
95662,3
95663,3
95664,3
95665,3
95666,3
95667,3
95668,3
95669,3
95670,3
95671,3
95672,3
95673,3
95674,3
95675,2
95676,3
95677,2
95678,1
95679,2
95680,3
95681,3
95682,3
95683,3
95684,3
95685,2
95686,2
95687,3
95688,2
95689,1
95690,1
95691,1
95692,1
95693,1
95694,1
95695,1
95696,1
95697,3
95698,3
95699,3
95700,3
95701,3
95702,3
95703,3
95704,2
95705,3
95706,3
95707,3
95708,3
95709,3
95710,3
95711,3
95712,3
95713,3
95714,2
95715,2
95716,3
95717,0
95718,3
95719,3
95720,3
95721,3
95722,3
95723,3
95724,3
95725,2
95726,3
95727,3
95728,3
95729,3
95730,3
95731,3
95732,3
95733,3
95734,3
95735,3
95736,3
95737,2
95738,2
95739,2
95740,3
95741,2
95742,3
95743,3
95744,3
95745,0
95746,3
95747,3
95748,3
95749,3
95750,3
95751,3
95752,3
95753,3
95754,2
95755,3
95756,3
95757,3
95758,3
95759,3
95760,2
95761,3
95762,3
95763,3
95764,3
95765,3
95766,3
95767,0
95768,2
95769,3
95770,3
95771,3
95772,3
95773,3
95774,3
95775,3
95776,3
95777,3
95778,3
95779,3
95780,3
95781,3
95782,3
95783,3
95784,3
95785,3
95786,0
95787,3
95788,3
95789,3
95790,3
95791,3
95792,3
95793,3
95794,3
95795,3
95796,3
95797,3
95798,3
95799,3
95800,3
95801,3
95802,2
95803,3
95804,3
95805,3
95806,3
95807,3
95808,3
95809,3
95810,3
95811,2
95812,3
95813,3
95814,3
95815,3
95816,3
95817,0
95818,2
95819,2
95820,0
95821,0
95822,0
95823,0
95824,3
95825,3
95826,3
95827,3
95828,3
95829,3
95830,3
95831,3
95832,0
95833,3
95834,2
95835,0
95836,0
95837,2
95838,0
95839,0
95840,0
95841,0
95842,0
95843,3
95844,3
95845,3
95846,3
95847,3
95848,3
95849,3
95850,3
95851,3
95852,3
95853,3
95854,3
95855,3
95856,3
95857,3
95858,2
95859,3
95860,3
95861,3
95862,3
95863,3
95864,3
95865,3
95866,3
95867,3
95868,3
95869,3
95870,3
95871,3
95872,3
95873,3
95874,3
95875,3
95876,3
95877,3
95878,3
95879,3
95880,3
95881,3
95882,3
95883,3
95884,3
95885,3
95886,3
95887,3
95888,3
95889,3
95890,3
95891,3
95892,2
95893,3
95894,3
95895,3
95896,3
95897,3
95898,3
95899,3
95900,3
95901,3
95902,3
95903,3
95904,0
95905,0
95906,0
95907,3
95908,3
95909,3
95910,3
95911,3
95912,3
95913,0
95914,3
95915,3
95916,3
95917,3
95918,3
95919,3
95920,3
95921,3
95922,3
95923,3
95924,2
95925,2
95926,3
95927,3
95928,2
95929,2
95930,2
95931,2
95932,3
95933,3
95934,3
95935,3
95936,3
95937,3
95938,3
95939,3
95940,2
95941,3
95942,3
95943,3
95944,2
95945,2
95946,3
95947,2
95948,2
95949,3
95950,2
95951,3
95952,2
95953,2
95954,2
95955,3
95956,2
95957,3
95958,3
95959,2
95960,2
95961,3
95962,3
95963,3
95964,2
95965,3
95966,2
95967,2
95968,2
95969,3
95970,3
95971,3
95972,3
95973,3
95974,2
95975,3
95976,3
95977,3
95978,3
95979,3
95980,3
95981,3
95982,3
95983,3
95984,3
95985,3
95986,3
95987,2
95988,3
95989,2
95990,2
95991,2
95992,3
95993,3
95994,3
95995,2
95996,3
95997,3
95998,3
95999,3
96000,3
96001,2
96002,2
96003,3
96004,3
96005,3
96006,3
96007,3
96008,3
96009,3
96010,3
96011,3
96012,3
96013,2
96014,3
96015,3
96016,3
96017,3
96018,3
96019,3
96020,3
96021,3
96022,2
96023,3
96024,3
96025,2
96026,2
96027,3
96028,3
96029,3
96030,3
96031,3
96032,3
96033,3
96034,3
96035,3
96036,3
96037,3
96038,3
96039,2
96040,3
96041,3
96042,3
96043,3
96044,3
96045,3
96046,3
96047,3
96048,3
96049,3
96050,1
96051,3
96052,3
96053,2
96054,3
96055,3
96056,3
96057,2
96058,3
96059,2
96060,2
96061,3
96062,3
96063,3
96064,3
96065,3
96066,3
96067,3
96068,3
96069,3
96070,3
96071,3
96072,3
96073,3
96074,3
96075,2
96076,3
96077,2
96078,3
96079,2
96080,2
96081,3
96082,3
96083,3
96084,3
96085,3
96086,3
96087,3
96088,3
96089,3
96090,3
96091,3
96092,3
96093,2
96094,2
96095,3
96096,3
96097,3
96098,3
96099,3
96100,0
96101,3
96102,3
96103,3
96104,2
96105,3
96106,3
96107,3
96108,3
96109,2
96110,2
96111,3
96112,2
96113,2
96114,3
96115,3
96116,3
96117,3
96118,2
96119,3
96120,3
96121,2
96122,2
96123,2
96124,2
96125,3
96126,3
96127,3
96128,3
96129,3
96130,3
96131,3
96132,2
96133,2
96134,3
96135,3
96136,3
96137,3
96138,3
96139,3
96140,3
96141,3
96142,3
96143,3
96144,3
96145,3
96146,3
96147,2
96148,2
96149,2
96150,2
96151,2
96152,3
96153,3
96154,3
96155,3
96156,3
96157,3
96158,3
96159,3
96160,3
96161,2
96162,3
96163,3
96164,3
96165,3
96166,3
96167,3
96168,3
96169,3
96170,2
96171,2
96172,3
96173,2
96174,2
96175,3
96176,3
96177,3
96178,3
96179,2
96180,2
96181,3
96182,3
96183,3
96184,2
96185,3
96186,3
96187,3
96188,3
96189,2
96190,3
96191,2
96192,3
96193,2
96194,3
96195,3
96196,3
96197,3
96198,2
96199,2
96200,3
96201,3
96202,3
96203,2
96204,3
96205,3
96206,3
96207,3
96208,2
96209,3
96210,3
96211,3
96212,3
96213,2
96214,3
96215,3
96216,3
96217,3
96218,3
96219,3
96220,3
96221,3
96222,3
96223,3
96224,3
96225,3
96226,3
96227,3
96228,3
96229,3
96230,2
96231,2
96232,2
96233,2
96234,2
96235,2
96236,3
96237,3
96238,2
96239,2
96240,3
96241,3
96242,3
96243,3
96244,3
96245,3
96246,3
96247,3
96248,3
96249,3
96250,0
96251,3
96252,3
96253,3
96254,3
96255,3
96256,3
96257,0
96258,3
96259,3
96260,3
96261,3
96262,3
96263,2
96264,2
96265,3
96266,3
96267,3
96268,3
96269,3
96270,3
96271,3
96272,3
96273,3
96274,3
96275,3
96276,0
96277,3
96278,3
96279,3
96280,3
96281,3
96282,3
96283,3
96284,3
96285,2
96286,2
96287,2
96288,2
96289,2
96290,3
96291,3
96292,2
96293,2
96294,2
96295,2
96296,2
96297,2
96298,2
96299,2
96300,3
96301,3
96302,3
96303,3
96304,3
96305,3
96306,3
96307,3
96308,3
96309,3
96310,3
96311,3
96312,3
96313,3
96314,3
96315,3
96316,3
96317,3
96318,3
96319,3
96320,3
96321,3
96322,3
96323,3
96324,3
96325,3
96326,3
96327,3
96328,2
96329,3
96330,2
96331,3
96332,3
96333,3
96334,3
96335,3
96336,3
96337,3
96338,3
96339,3
96340,3
96341,3
96342,3
96343,3
96344,3
96345,3
96346,3
96347,3
96348,3
96349,3
96350,3
96351,3
96352,3
96353,3
96354,3
96355,3
96356,3
96357,3
96358,3
96359,2
96360,2
96361,2
96362,2
96363,3
96364,3
96365,2
96366,2
96367,3
96368,3
96369,3
96370,3
96371,3
96372,2
96373,2
96374,3
96375,3
96376,3
96377,3
96378,3
96379,2
96380,3
96381,3
96382,3
96383,3
96384,3
96385,2
96386,3
96387,3
96388,3
96389,3
96390,3
96391,3
96392,3
96393,3
96394,3
96395,3
96396,3
96397,3
96398,3
96399,3
96400,3
96401,2
96402,2
96403,3
96404,3
96405,3
96406,3
96407,3
96408,3
96409,2
96410,3
96411,2
96412,3
96413,3
96414,2
96415,3
96416,3
96417,3
96418,3
96419,3
96420,3
96421,3
96422,2
96423,3
96424,3
96425,3
96426,3
96427,3
96428,3
96429,3
96430,3
96431,3
96432,3
96433,3
96434,3
96435,3
96436,3
96437,3
96438,3
96439,3
96440,3
96441,3
96442,1
96443,3
96444,3
96445,3
96446,3
96447,3
96448,3
96449,2
96450,2
96451,3
96452,2
96453,2
96454,2
96455,3
96456,2
96457,2
96458,2
96459,2
96460,2
96461,3
96462,3
96463,3
96464,3
96465,3
96466,3
96467,3
96468,2
96469,3
96470,3
96471,2
96472,3
96473,3
96474,2
96475,3
96476,3
96477,3
96478,3
96479,3
96480,2
96481,3
96482,3
96483,3
96484,3
96485,3
96486,3
96487,3
96488,2
96489,3
96490,2
96491,3
96492,3
96493,2
96494,3
96495,3
96496,3
96497,3
96498,3
96499,3
96500,3
96501,3
96502,3
96503,3
96504,3
96505,3
96506,3
96507,3
96508,2
96509,3
96510,3
96511,3
96512,3
96513,3
96514,3
96515,3
96516,3
96517,3
96518,3
96519,3
96520,2
96521,2
96522,2
96523,3
96524,3
96525,3
96526,3
96527,3
96528,3
96529,3
96530,3
96531,3
96532,3
96533,3
96534,3
96535,3
96536,3
96537,2
96538,3
96539,2
96540,3
96541,3
96542,2
96543,3
96544,3
96545,3
96546,3
96547,3
96548,3
96549,3
96550,3
96551,3
96552,3
96553,3
96554,1
96555,3
96556,3
96557,3
96558,3
96559,3
96560,3
96561,3
96562,3
96563,3
96564,3
96565,3
96566,3
96567,2
96568,3
96569,3
96570,2
96571,3
96572,3
96573,2
96574,3
96575,3
96576,3
96577,3
96578,3
96579,3
96580,3
96581,3
96582,3
96583,3
96584,3
96585,3
96586,3
96587,3
96588,3
96589,2
96590,1
96591,3
96592,3
96593,3
96594,3
96595,3
96596,3
96597,3
96598,2
96599,0
96600,3
96601,3
96602,3
96603,3
96604,3
96605,3
96606,3
96607,3
96608,3
96609,3
96610,3
96611,3
96612,3
96613,3
96614,3
96615,3
96616,2
96617,3
96618,3
96619,3
96620,3
96621,3
96622,3
96623,3
96624,3
96625,3
96626,3
96627,3
96628,3
96629,3
96630,3
96631,3
96632,3
96633,3
96634,3
96635,3
96636,3
96637,3
96638,3
96639,3
96640,2
96641,2
96642,3
96643,2
96644,2
96645,2
96646,3
96647,2
96648,3
96649,3
96650,3
96651,2
96652,3
96653,3
96654,3
96655,3
96656,3
96657,3
96658,3
96659,3
96660,3
96661,3
96662,3
96663,3
96664,3
96665,3
96666,3
96667,3
96668,3
96669,3
96670,3
96671,3
96672,0
96673,3
96674,3
96675,3
96676,3
96677,3
96678,3
96679,3
96680,3
96681,2
96682,3
96683,2
96684,3
96685,2
96686,3
96687,3
96688,3
96689,3
96690,3
96691,3
96692,3
96693,3
96694,3
96695,3
96696,3
96697,3
96698,3
96699,3
96700,3
96701,3
96702,3
96703,3
96704,3
96705,3
96706,3
96707,2
96708,3
96709,2
96710,2
96711,3
96712,2
96713,3
96714,3
96715,3
96716,3
96717,3
96718,3
96719,3
96720,3
96721,3
96722,2
96723,3
96724,3
96725,3
96726,3
96727,3
96728,3
96729,3
96730,3
96731,3
96732,2
96733,3
96734,3
96735,0
96736,3
96737,3
96738,3
96739,3
96740,3
96741,3
96742,3
96743,3
96744,3
96745,3
96746,3
96747,3
96748,2
96749,3
96750,2
96751,3
96752,3
96753,3
96754,3
96755,3
96756,3
96757,3
96758,3
96759,3
96760,3
96761,3
96762,3
96763,3
96764,3
96765,3
96766,3
96767,3
96768,3
96769,2
96770,2
96771,3
96772,3
96773,3
96774,3
96775,2
96776,3
96777,3
96778,3
96779,3
96780,2
96781,3
96782,2
96783,2
96784,3
96785,3
96786,3
96787,2
96788,3
96789,3
96790,3
96791,3
96792,3
96793,3
96794,3
96795,3
96796,3
96797,3
96798,3
96799,3
96800,3
96801,3
96802,3
96803,3
96804,3
96805,3
96806,2
96807,2
96808,2
96809,2
96810,2
96811,3
96812,3
96813,2
96814,2
96815,2
96816,3
96817,3
96818,3
96819,2
96820,3
96821,3
96822,3
96823,3
96824,3
96825,3
96826,3
96827,3
96828,3
96829,3
96830,3
96831,3
96832,3
96833,3
96834,3
96835,3
96836,3
96837,3
96838,3
96839,3
96840,3
96841,3
96842,3
96843,3
96844,2
96845,2
96846,2
96847,2
96848,3
96849,3
96850,3
96851,3
96852,2
96853,2
96854,2
96855,2
96856,2
96857,3
96858,3
96859,3
96860,3
96861,3
96862,3
96863,3
96864,3
96865,3
96866,3
96867,3
96868,3
96869,3
96870,2
96871,3
96872,3
96873,3
96874,3
96875,3
96876,3
96877,3
96878,1
96879,3
96880,3
96881,3
96882,3
96883,3
96884,3
96885,2
96886,2
96887,2
96888,3
96889,3
96890,3
96891,3
96892,3
96893,3
96894,3
96895,2
96896,3
96897,3
96898,2
96899,3
96900,2
96901,2
96902,3
96903,3
96904,3
96905,3
96906,3
96907,3
96908,3
96909,3
96910,3
96911,3
96912,3
96913,3
96914,2
96915,2
96916,3
96917,2
96918,3
96919,2
96920,3
96921,1
96922,3
96923,3
96924,3
96925,3
96926,3
96927,3
96928,3
96929,3
96930,3
96931,3
96932,3
96933,3
96934,3
96935,3
96936,3
96937,3
96938,3
96939,3
96940,3
96941,3
96942,3
96943,3
96944,3
96945,3
96946,1
96947,3
96948,3
96949,3
96950,3
96951,3
96952,3
96953,3
96954,3
96955,3
96956,3
96957,3
96958,3
96959,3
96960,3
96961,3
96962,3
96963,3
96964,3
96965,2
96966,3
96967,3
96968,3
96969,2
96970,3
96971,3
96972,3
96973,3
96974,3
96975,3
96976,1
96977,3
96978,3
96979,3
96980,3
96981,3
96982,3
96983,3
96984,3
96985,3
96986,3
96987,3
96988,3
96989,2
96990,3
96991,3
96992,3
96993,3
96994,3
96995,3
96996,3
96997,3
96998,3
96999,3
97000,3
97001,3
97002,3
97003,3
97004,2
97005,3
97006,3
97007,3
97008,3
97009,3
97010,3
97011,3
97012,3
97013,3
97014,3
97015,3
97016,3
97017,3
97018,3
97019,3
97020,3
97021,3
97022,3
97023,3
97024,3
97025,3
97026,3
97027,3
97028,3
97029,3
97030,3
97031,3
97032,3
97033,3
97034,3
97035,3
97036,3
97037,3
97038,3
97039,3
97040,3
97041,3
97042,3
97043,3
97044,3
97045,3
97046,2
97047,2
97048,2
97049,2
97050,2
97051,2
97052,2
97053,3
97054,2
97055,2
97056,2
97057,2
97058,3
97059,1
97060,1
97061,2
97062,1
97063,0
97064,1
97065,2
97066,2
97067,3
97068,2
97069,2
97070,2
97071,3
97072,3
97073,3
97074,2
97075,2
97076,3
97077,2
97078,3
97079,2
97080,3
97081,2
97082,3
97083,2
97084,2
97085,3
97086,3
97087,2
97088,2
97089,2
97090,2
97091,2
97092,2
97093,2
97094,2
97095,2
97096,2
97097,2
97098,1
97099,3
97100,2
97101,3
97102,3
97103,3
97104,3
97105,3
97106,2
97107,2
97108,1
97109,2
97110,2
97111,1
97112,1
97113,3
97114,5
97115,2
97116,3
97117,3
97118,1
97119,1
97120,3
97121,3
97122,2
97123,1
97124,1
97125,2
97126,2
97127,2
97128,3
97129,3
97130,2
97131,1
97132,1
97133,1
97134,1
97135,1
97136,1
97137,2
97138,2
97139,1
97140,1
97141,1
97142,3
97143,2
97144,1
97145,3
97146,3
97147,2
97148,3
97149,1
97150,1
97151,3
97152,3
97153,3
97154,3
97155,2
97156,2
97157,0
97158,0
97159,3
97160,0
97161,0
97162,2
97163,3
97164,0
97165,0
97166,2
97167,0
97168,2
97169,2
97170,0
97171,2
97172,3
97173,3
97174,0
97175,0
97176,0
97177,0
97178,2
97179,0
97180,0
97181,0
97182,0
97183,3
97184,0
97185,2
97186,0
97187,2
97188,0
97189,0
97190,0
97191,0
97192,2
97193,3
97194,1
97195,1
97196,3
97197,1
97198,1
97199,1
97200,2
97201,1
97202,1
97203,1
97204,0
97205,0
97206,0
97207,2
97208,0
97209,2
97210,2
97211,1
97212,1
97213,1
97214,1
97215,2
97216,1
97217,1
97218,1
97219,3
97220,3
97221,0
97222,0
97223,1
97224,1
97225,0
97226,0
97227,1
97228,2
97229,2
97230,0
97231,2
97232,0
97233,0
97234,2
97235,3
97236,2
97237,2
97238,2
97239,3
97240,3
97241,3
97242,2
97243,0
97244,0
97245,0
97246,0
97247,2
97248,0
97249,2
97250,0
97251,2
97252,0
97253,0
97254,0
97255,0
97256,0
97257,0
97258,0
97259,0
97260,3
97261,0
97262,0
97263,0
97264,0
97265,2
97266,0
97267,0
97268,0
97269,2
97270,2
97271,2
97272,2
97273,3
97274,3
97275,2
97276,2
97277,2
97278,0
97279,0
97280,0
97281,0
97282,2
97283,0
97284,0
97285,2
97286,0
97287,0
97288,0
97289,2
97290,0
97291,0
97292,3
97293,0
97294,0
97295,0
97296,2
97297,2
97298,2
97299,2
97300,2
97301,2
97302,0
97303,0
97304,2
97305,0
97306,2
97307,0
97308,3
97309,0
97310,0
97311,0
97312,0
97313,0
97314,0
97315,0
97316,0
97317,0
97318,0
97319,2
97320,3
97321,0
97322,0
97323,0
97324,0
97325,0
97326,0
97327,0
97328,0
97329,0
97330,0
97331,0
97332,0
97333,0
97334,2
97335,2
97336,2
97337,3
97338,3
97339,2
97340,2
97341,3
97342,0
97343,0
97344,2
97345,0
97346,0
97347,3
97348,3
97349,3
97350,0
97351,0
97352,0
97353,3
97354,3
97355,3
97356,2
97357,2
97358,0
97359,1
97360,1
97361,3
97362,2
97363,2
97364,2
97365,2
97366,1
97367,1
97368,0
97369,0
97370,0
97371,0
97372,0
97373,0
97374,0
97375,0
97376,0
97377,3
97378,3
97379,3
97380,2
97381,2
97382,3
97383,3
97384,3
97385,3
97386,2
97387,2
97388,3
97389,3
97390,2
97391,3
97392,3
97393,2
97394,3
97395,3
97396,3
97397,1
97398,2
97399,1
97400,1
97401,1
97402,1
97403,1
97404,1
97405,3
97406,3
97407,1
97408,1
97409,2
97410,0
97411,0
97412,0
97413,1
97414,3
97415,1
97416,0
97417,0
97418,2
97419,0
97420,0
97421,0
97422,0
97423,1
97424,1
97425,1
97426,2
97427,0
97428,0
97429,2
97430,0
97431,2
97432,2
97433,0
97434,0
97435,1
97436,3
97437,3
97438,1
97439,3
97440,3
97441,2
97442,3
97443,3
97444,3
97445,3
97446,3
97447,2
97448,3
97449,3
97450,1
97451,3
97452,1
97453,3
97454,2
97455,3
97456,1
97457,3
97458,3
97459,3
97460,3
97461,3
97462,3
97463,1
97464,3
97465,3
97466,3
97467,3
97468,2
97469,3
97470,3
97471,3
97472,3
97473,3
97474,3
97475,2
97476,1
97477,0
97478,2
97479,3
97480,2
97481,3
97482,2
97483,2
97484,2
97485,3
97486,3
97487,3
97488,3
97489,3
97490,3
97491,3
97492,3
97493,3
97494,3
97495,3
97496,3
97497,3
97498,3
97499,2
97500,2
97501,2
97502,2
97503,2
97504,2
97505,3
97506,0
97507,3
97508,3
97509,1
97510,1
97511,1
97512,1
97513,3
97514,3
97515,1
97516,1
97517,1
97518,3
97519,3
97520,3
97521,0
97522,3
97523,3
97524,3
97525,3
97526,3
97527,2
97528,3
97529,3
97530,2
97531,0
97532,3
97533,0
97534,2
97535,2
97536,3
97537,3
97538,3
97539,0
97540,1
97541,1
97542,0
97543,0
97544,0
97545,0
97546,0
97547,2
97548,1
97549,0
97550,0
97551,1
97552,0
97553,0
97554,2
97555,3
97556,2
97557,3
97558,3
97559,3
97560,3
97561,2
97562,3
97563,3
97564,1
97565,1
97566,3
97567,1
97568,3
97569,4
97570,1
97571,3
97572,3
97573,2
97574,2
97575,3
97576,2
97577,3
97578,0
97579,3
97580,3
97581,3
97582,3
97583,3
97584,3
97585,2
97586,3
97587,2
97588,3
97589,3
97590,3
97591,3
97592,3
97593,3
97594,2
97595,3
97596,2
97597,2
97598,3
97599,2
97600,3
97601,3
97602,3
97603,2
97604,3
97605,2
97606,3
97607,3
97608,3
97609,3
97610,1
97611,1
97612,3
97613,3
97614,3
97615,3
97616,3
97617,3
97618,3
97619,3
97620,3
97621,3
97622,3
97623,3
97624,3
97625,3
97626,3
97627,3
97628,3
97629,3
97630,3
97631,3
97632,2
97633,3
97634,2
97635,3
97636,3
97637,3
97638,3
97639,3
97640,3
97641,0
97642,0
97643,3
97644,2
97645,0
97646,2
97647,3
97648,3
97649,2
97650,3
97651,1
97652,3
97653,2
97654,3
97655,3
97656,2
97657,3
97658,3
97659,3
97660,3
97661,1
97662,3
97663,3
97664,2
97665,3
97666,1
97667,2
97668,3
97669,3
97670,3
97671,3
97672,2
97673,3
97674,3
97675,3
97676,3
97677,3
97678,3
97679,2
97680,2
97681,3
97682,2
97683,3
97684,2
97685,2
97686,3
97687,2
97688,2
97689,3
97690,2
97691,3
97692,2
97693,1
97694,2
97695,2
97696,2
97697,3
97698,2
97699,3
97700,2
97701,3
97702,3
97703,2
97704,2
97705,2
97706,2
97707,2
97708,2
97709,2
97710,2
97711,1
97712,1
97713,1
97714,3
97715,3
97716,3
97717,2
97718,2
97719,2
97720,2
97721,3
97722,2
97723,3
97724,2
97725,2
97726,2
97727,3
97728,3
97729,2
97730,3
97731,3
97732,3
97733,3
97734,3
97735,3
97736,3
97737,3
97738,3
97739,3
97740,1
97741,2
97742,2
97743,3
97744,2
97745,2
97746,2
97747,2
97748,2
97749,2
97750,2
97751,2
97752,2
97753,3
97754,2
97755,2
97756,2
97757,2
97758,3
97759,3
97760,2
97761,3
97762,1
97763,1
97764,0
97765,1
97766,2
97767,3
97768,2
97769,3
97770,2
97771,3
97772,3
97773,3
97774,2
97775,1
97776,3
97777,2
97778,3
97779,3
97780,1
97781,3
97782,0
97783,2
97784,0
97785,1
97786,2
97787,2
97788,0
97789,0
97790,0
97791,2
97792,0
97793,0
97794,0
97795,0
97796,0
97797,0
97798,0
97799,3
97800,3
97801,3
97802,0
97803,0
97804,0
97805,0
97806,1
97807,2
97808,3
97809,3
97810,3
97811,3
97812,3
97813,2
97814,0
97815,3
97816,3
97817,3
97818,3
97819,3
97820,2
97821,3
97822,3
97823,3
97824,3
97825,3
97826,2
97827,3
97828,3
97829,3
97830,2
97831,2
97832,3
97833,3
97834,3
97835,1
97836,1
97837,1
97838,3
97839,2
97840,2
97841,3
97842,2
97843,3
97844,3
97845,2
97846,3
97847,3
97848,3
97849,3
97850,1
97851,3
97852,1
97853,1
97854,2
97855,2
97856,2
97857,3
97858,2
97859,2
97860,3
97861,3
97862,3
97863,3
97864,0
97865,3
97866,0
97867,3
97868,0
97869,3
97870,3
97871,3
97872,2
97873,2
97874,1
97875,3
97876,1
97877,3
97878,3
97879,3
97880,3
97881,1
97882,3
97883,2
97884,3
97885,3
97886,3
97887,0
97888,1
97889,3
97890,3
97891,2
97892,3
97893,0
97894,0
97895,1
97896,2
97897,1
97898,3
97899,1
97900,1
97901,3
97902,3
97903,1
97904,3
97905,1
97906,3
97907,0
97908,1
97909,3
97910,1
97911,1
97912,1
97913,2
97914,1
97915,3
97916,0
97917,3
97918,2
97919,3
97920,3
97921,3
97922,1
97923,3
97924,3
97925,1
97926,3
97927,3
97928,3
97929,3
97930,3
97931,3
97932,3
97933,3
97934,3
97935,3
97936,3
97937,3
97938,3
97939,3
97940,3
97941,3
97942,0
97943,1
97944,2
97945,1
97946,3
97947,3
97948,3
97949,3
97950,2
97951,3
97952,3
97953,3
97954,2
97955,3
97956,3
97957,3
97958,3
97959,3
97960,3
97961,3
97962,2
97963,3
97964,3
97965,3
97966,3
97967,3
97968,3
97969,3
97970,3
97971,3
97972,2
97973,3
97974,3
97975,3
97976,3
97977,2
97978,3
97979,2
97980,2
97981,3
97982,1
97983,1
97984,3
97985,2
97986,3
97987,3
97988,2
97989,3
97990,3
97991,3
97992,3
97993,3
97994,3
97995,3
97996,3
97997,3
97998,3
97999,3
98000,3
98001,3
98002,3
98003,3
98004,3
98005,3
98006,3
98007,3
98008,3
98009,3
98010,2
98011,2
98012,3
98013,3
98014,3
98015,3
98016,2
98017,3
98018,3
98019,3
98020,3
98021,3
98022,3
98023,3
98024,3
98025,3
98026,2
98027,3
98028,3
98029,3
98030,3
98031,0
98032,0
98033,3
98034,3
98035,3
98036,3
98037,3
98038,2
98039,3
98040,3
98041,3
98042,1
98043,3
98044,2
98045,3
98046,0
98047,2
98048,3
98049,2
98050,0
98051,2
98052,3
98053,3
98054,1
98055,3
98056,3
98057,3
98058,3
98059,3
98060,3
98061,2
98062,3
98063,3
98064,2
98065,3
98066,3
98067,2
98068,2
98069,2
98070,3
98071,3
98072,2
98073,0
98074,2
98075,2
98076,0
98077,3
98078,3
98079,3
98080,3
98081,3
98082,3
98083,3
98084,0
98085,0
98086,0
98087,0
98088,0
98089,0
98090,0
98091,3
98092,3
98093,3
98094,0
98095,0
98096,0
98097,0
98098,3
98099,3
98100,3
98101,3
98102,3
98103,3
98104,0
98105,0
98106,0
98107,0
98108,0
98109,0
98110,0
98111,0
98112,0
98113,0
98114,5
98115,3
98116,0
98117,3
98118,0
98119,0
98120,3
98121,0
98122,3
98123,0
98124,0
98125,3
98126,0
98127,0
98128,0
98129,3
98130,0
98131,0
98132,0
98133,3
98134,0
98135,0
98136,0
98137,0
98138,0
98139,0
98140,0
98141,0
98142,0
98143,0
98144,0
98145,0
98146,0
98147,0
98148,0
98149,0
98150,0
98151,0
98152,0
98153,0
98154,0
98155,0
98156,3
98157,3
98158,3
98159,3
98160,3
98161,3
98162,3
98163,3
98164,3
98165,3
98166,3
98167,3
98168,3
98169,3
98170,3
98171,3
98172,3
98173,3
98174,3
98175,3
98176,3
98177,3
98178,3
98179,2
98180,3
98181,3
98182,3
98183,2
98184,3
98185,3
98186,2
98187,2
98188,3
98189,0
98190,0
98191,2
98192,2
98193,3
98194,3
98195,3
98196,3
98197,2
98198,3
98199,3
98200,2
98201,3
98202,2
98203,2
98204,2
98205,2
98206,2
98207,2
98208,2
98209,2
98210,2
98211,2
98212,2
98213,2
98214,2
98215,2
98216,3
98217,2
98218,2
98219,2
98220,2
98221,3
98222,3
98223,2
98224,3
98225,3
98226,3
98227,3
98228,3
98229,2
98230,2
98231,2
98232,2
98233,2
98234,2
98235,2
98236,2
98237,2
98238,2
98239,2
98240,2
98241,2
98242,3
98243,2
98244,3
98245,2
98246,2
98247,3
98248,3
98249,3
98250,3
98251,3
98252,3
98253,3
98254,3
98255,3
98256,3
98257,3
98258,3
98259,3
98260,2
98261,2
98262,2
98263,3
98264,3
98265,3
98266,0
98267,3
98268,0
98269,3
98270,3
98271,2
98272,2
98273,3
98274,3
98275,3
98276,0
98277,0
98278,2
98279,3
98280,2
98281,2
98282,0
98283,3
98284,3
98285,3
98286,0
98287,3
98288,3
98289,3
98290,3
98291,3
98292,3
98293,3
98294,3
98295,3
98296,3
98297,3
98298,3
98299,3
98300,3
98301,0
98302,2
98303,2
98304,0
98305,2
98306,2
98307,0
98308,3
98309,3
98310,3
98311,0
98312,3
98313,3
98314,3
98315,3
98316,3
98317,3
98318,3
98319,3
98320,3
98321,3
98322,3
98323,3
98324,3
98325,3
98326,3
98327,3
98328,3
98329,3
98330,3
98331,3
98332,3
98333,3
98334,3
98335,3
98336,3
98337,3
98338,3
98339,3
98340,3
98341,3
98342,3
98343,3
98344,3
98345,3
98346,3
98347,3
98348,3
98349,0
98350,3
98351,3
98352,3
98353,3
98354,3
98355,3
98356,3
98357,3
98358,3
98359,3
98360,2
98361,2
98362,3
98363,0
98364,0
98365,0
98366,0
98367,3
98368,3
98369,2
98370,2
98371,2
98372,2
98373,2
98374,2
98375,0
98376,3
98377,0
98378,3
98379,0
98380,0
98381,3
98382,3
98383,3
98384,3
98385,3
98386,3
98387,3
98388,3
98389,3
98390,3
98391,3
98392,0
98393,0
98394,0
98395,0
98396,3
98397,0
98398,3
98399,3
98400,2
98401,3
98402,0
98403,2
98404,3
98405,3
98406,3
98407,2
98408,3
98409,2
98410,2
98411,3
98412,3
98413,2
98414,0
98415,3
98416,3
98417,0
98418,3
98419,3
98420,2
98421,2
98422,2
98423,2
98424,3
98425,3
98426,3
98427,3
98428,3
98429,3
98430,3
98431,0
98432,0
98433,0
98434,3
98435,3
98436,3
98437,3
98438,3
98439,3
98440,2
98441,3
98442,0
98443,2
98444,3
98445,1
98446,3
98447,3
98448,0
98449,3
98450,3
98451,3
98452,3
98453,3
98454,3
98455,3
98456,2
98457,2
98458,3
98459,2
98460,2
98461,3
98462,3
98463,3
98464,3
98465,3
98466,3
98467,3
98468,3
98469,3
98470,3
98471,3
98472,3
98473,3
98474,3
98475,3
98476,3
98477,3
98478,3
98479,3
98480,3
98481,3
98482,3
98483,3
98484,3
98485,0
98486,3
98487,3
98488,0
98489,3
98490,3
98491,3
98492,3
98493,1
98494,1
98495,1
98496,3
98497,3
98498,3
98499,3
98500,3
98501,3
98502,1
98503,1
98504,1
98505,1
98506,1
98507,3
98508,3
98509,3
98510,3
98511,3
98512,3
98513,3
98514,3
98515,2
98516,3
98517,3
98518,2
98519,3
98520,2
98521,3
98522,3
98523,3
98524,3
98525,3
98526,3
98527,3
98528,3
98529,3
98530,3
98531,3
98532,3
98533,3
98534,3
98535,3
98536,3
98537,3
98538,3
98539,3
98540,2
98541,2
98542,2
98543,3
98544,3
98545,2
98546,3
98547,3
98548,0
98549,3
98550,3
98551,0
98552,3
98553,2
98554,3
98555,3
98556,3
98557,3
98558,3
98559,2
98560,2
98561,2
98562,2
98563,2
98564,2
98565,3
98566,3
98567,2
98568,2
98569,2
98570,3
98571,0
98572,3
98573,3
98574,3
98575,3
98576,2
98577,3
98578,3
98579,3
98580,3
98581,3
98582,3
98583,3
98584,2
98585,3
98586,3
98587,3
98588,0
98589,3
98590,0
98591,3
98592,2
98593,3
98594,3
98595,1
98596,1
98597,3
98598,3
98599,2
98600,1
98601,2
98602,0
98603,2
98604,2
98605,2
98606,3
98607,3
98608,0
98609,0
98610,0
98611,1
98612,0
98613,0
98614,1
98615,3
98616,1
98617,3
98618,3
98619,3
98620,3
98621,0
98622,2
98623,3
98624,0
98625,3
98626,0
98627,0
98628,2
98629,2
98630,2
98631,0
98632,0
98633,0
98634,0
98635,0
98636,2
98637,2
98638,2
98639,2
98640,2
98641,2
98642,2
98643,0
98644,0
98645,0
98646,2
98647,2
98648,2
98649,0
98650,2
98651,2
98652,0
98653,0
98654,0
98655,0
98656,0
98657,0
98658,2
98659,2
98660,0
98661,3
98662,2
98663,2
98664,2
98665,2
98666,1
98667,1
98668,1
98669,1
98670,3
98671,1
98672,2
98673,3
98674,3
98675,3
98676,3
98677,2
98678,1
98679,1
98680,2
98681,2
98682,2
98683,2
98684,2
98685,2
98686,2
98687,3
98688,2
98689,2
98690,3
98691,3
98692,2
98693,2
98694,2
98695,3
98696,1
98697,2
98698,2
98699,0
98700,1
98701,0
98702,0
98703,2
98704,2
98705,1
98706,2
98707,2
98708,3
98709,2
98710,3
98711,1
98712,1
98713,2
98714,2
98715,2
98716,2
98717,2
98718,1
98719,2
98720,2
98721,3
98722,3
98723,3
98724,2
98725,3
98726,1
98727,1
98728,1
98729,1
98730,1
98731,2
98732,2
98733,2
98734,2
98735,2
98736,2
98737,1
98738,3
98739,2
98740,2
98741,2
98742,3
98743,2
98744,2
98745,2
98746,2
98747,2
98748,2
98749,3
98750,1
98751,3
98752,3
98753,3
98754,3
98755,2
98756,2
98757,2
98758,2
98759,1
98760,1
98761,1
98762,1
98763,1
98764,3
98765,3
98766,2
98767,3
98768,1
98769,1
98770,3
98771,1
98772,3
98773,1
98774,1
98775,3
98776,1
98777,2
98778,3
98779,3
98780,2
98781,3
98782,2
98783,1
98784,2
98785,2
98786,3
98787,3
98788,3
98789,0
98790,0
98791,2
98792,2
98793,0
98794,1
98795,1
98796,1
98797,1
98798,1
98799,1
98800,2
98801,3
98802,3
98803,3
98804,0
98805,3
98806,0
98807,0
98808,0
98809,2
98810,3
98811,3
98812,3
98813,2
98814,3
98815,1
98816,3
98817,2
98818,0
98819,1
98820,2
98821,2
98822,0
98823,0
98824,3
98825,3
98826,3
98827,0
98828,3
98829,2
98830,2
98831,2
98832,0
98833,3
98834,3
98835,2
98836,2
98837,3
98838,2
98839,2
98840,3
98841,0
98842,3
98843,3
98844,3
98845,3
98846,3
98847,2
98848,2
98849,2
98850,2
98851,2
98852,3
98853,2
98854,2
98855,3
98856,2
98857,0
98858,3
98859,0
98860,2
98861,0
98862,2
98863,2
98864,2
98865,2
98866,2
98867,2
98868,3
98869,2
98870,0
98871,0
98872,0
98873,2
98874,2
98875,3
98876,3
98877,0
98878,2
98879,2
98880,1
98881,2
98882,2
98883,1
98884,1
98885,1
98886,3
98887,2
98888,2
98889,2
98890,2
98891,3
98892,2
98893,3
98894,2
98895,2
98896,2
98897,1
98898,2
98899,1
98900,1
98901,1
98902,0
98903,2
98904,3
98905,2
98906,2
98907,3
98908,2
98909,3
98910,3
98911,3
98912,3
98913,3
98914,3
98915,0
98916,2
98917,3
98918,2
98919,1
98920,0
98921,2
98922,2
98923,1
98924,1
98925,2
98926,3
98927,2
98928,2
98929,2
98930,3
98931,3
98932,3
98933,3
98934,2
98935,3
98936,3
98937,0
98938,2
98939,3
98940,3
98941,2
98942,2
98943,2
98944,2
98945,3
98946,2
98947,0
98948,2
98949,3
98950,2
98951,2
98952,0
98953,3
98954,3
98955,3
98956,2
98957,2
98958,0
98959,2
98960,2
98961,0
98962,2
98963,0
98964,2
98965,0
98966,3
98967,3
98968,3
98969,2
98970,3
98971,0
98972,0
98973,0
98974,3
98975,3
98976,3
98977,3
98978,3
98979,3
98980,2
98981,3
98982,3
98983,3
98984,2
98985,2
98986,2
98987,2
98988,2
98989,2
98990,3
98991,3
98992,2
98993,3
98994,3
98995,3
98996,2
98997,0
98998,1
98999,1
99000,3
99001,0
99002,3
99003,3
99004,3
99005,2
99006,3
99007,1
99008,2
99009,3
99010,2
99011,3
99012,3
99013,3
99014,3
99015,1
99016,1
99017,1
99018,2
99019,2
99020,1
99021,1
99022,2
99023,2
99024,2
99025,3
99026,3
99027,2
99028,1
99029,1
99030,1
99031,1
99032,2
99033,2
99034,1
99035,1
99036,3
99037,2
99038,2
99039,2
99040,2
99041,2
99042,3
99043,2
99044,2
99045,3
99046,1
99047,1
99048,1
99049,1
99050,1
99051,3
99052,3
99053,2
99054,1
99055,3
99056,3
99057,2
99058,3
99059,2
99060,3
99061,3
99062,3
99063,0
99064,3
99065,0
99066,0
99067,0
99068,2
99069,2
99070,3
99071,1
99072,2
99073,2
99074,2
99075,2
99076,2
99077,1
99078,2
99079,2
99080,1
99081,0
99082,0
99083,2
99084,3
99085,0
99086,2
99087,3
99088,2
99089,3
99090,0
99091,3
99092,0
99093,2
99094,3
99095,2
99096,2
99097,3
99098,2
99099,2
99100,1
99101,1
99102,1
99103,0
99104,1
99105,1
99106,1
99107,2
99108,2
99109,1
99110,1
99111,2
99112,2
99113,2
99114,2
99115,0
99116,2
99117,2
99118,2
99119,2
99120,1
99121,3
99122,1
99123,2
99124,2
99125,2
99126,2
99127,2
99128,2
99129,0
99130,1
99131,2
99132,1
99133,2
99134,1
99135,2
99136,2
99137,2
99138,1
99139,1
99140,3
99141,2
99142,3
99143,3
99144,2
99145,1
99146,2
99147,3
99148,2
99149,2
99150,2
99151,2
99152,3
99153,3
99154,1
99155,2
99156,1
99157,1
99158,2
99159,1
99160,1
99161,2
99162,1
99163,2
99164,2
99165,3
99166,2
99167,2
99168,1
99169,2
99170,3
99171,1
99172,2
99173,2
99174,2
99175,2
99176,1
99177,1
99178,3
99179,3
99180,0
99181,0
99182,2
99183,0
99184,3
99185,0
99186,0
99187,2
99188,0
99189,0
99190,0
99191,0
99192,2
99193,2
99194,3
99195,2
99196,0
99197,3
99198,3
99199,0
99200,2
99201,0
99202,0
99203,0
99204,2
99205,0
99206,2
99207,2
99208,2
99209,1
99210,2
99211,2
99212,2
99213,0
99214,0
99215,0
99216,0
99217,2
99218,1
99219,2
99220,1
99221,1
99222,1
99223,0
99224,0
99225,0
99226,1
99227,3
99228,1
99229,0
99230,0
99231,2
99232,3
99233,3
99234,3
99235,3
99236,3
99237,2
99238,3
99239,2
99240,3
99241,2
99242,3
99243,2
99244,2
99245,3
99246,3
99247,3
99248,3
99249,3
99250,3
99251,3
99252,2
99253,3
99254,0
99255,2
99256,3
99257,3
99258,2
99259,3
99260,2
99261,2
99262,3
99263,3
99264,2
99265,3
99266,3
99267,3
99268,3
99269,0
99270,3
99271,2
99272,0
99273,0
99274,3
99275,3
99276,0
99277,3
99278,0
99279,0
99280,0
99281,0
99282,0
99283,0
99284,0
99285,3
99286,3
99287,3
99288,3
99289,3
99290,3
99291,0
99292,2
99293,3
99294,1
99295,2
99296,0
99297,0
99298,2
99299,2
99300,3
99301,0
99302,3
99303,0
99304,0
99305,2
99306,0
99307,0
99308,3
99309,0
99310,2
99311,0
99312,0
99313,0
99314,0
99315,0
99316,0
99317,2
99318,0
99319,2
99320,3
99321,1
99322,0
99323,2
99324,3
99325,3
99326,2
99327,2
99328,2
99329,0
99330,2
99331,3
99332,2
99333,3
99334,3
99335,2
99336,2
99337,3
99338,2
99339,2
99340,0
99341,0
99342,2
99343,3
99344,0
99345,0
99346,0
99347,2
99348,2
99349,0
99350,2
99351,0
99352,2
99353,3
99354,0
99355,3
99356,2
99357,0
99358,3
99359,3
99360,2
99361,2
99362,2
99363,3
99364,2
99365,2
99366,3
99367,3
99368,2
99369,0
99370,2
99371,3
99372,3
99373,3
99374,3
99375,2
99376,2
99377,2
99378,0
99379,2
99380,3
99381,1
99382,0
99383,0
99384,2
99385,0
99386,1
99387,0
99388,0
99389,0
99390,0
99391,2
99392,3
99393,3
99394,3
99395,3
99396,3
99397,2
99398,2
99399,3
99400,3
99401,3
99402,2
99403,3
99404,3
99405,3
99406,3
99407,3
99408,3
99409,2
99410,3
99411,3
99412,3
99413,2
99414,3
99415,3
99416,0
99417,1
99418,2
99419,1
99420,0
99421,3
99422,3
99423,2
99424,0
99425,0
99426,3
99427,3
99428,3
99429,1
99430,1
99431,2
99432,2
99433,3
99434,2
99435,2
99436,3
99437,3
99438,3
99439,3
99440,3
99441,3
99442,3
99443,3
99444,3
99445,2
99446,3
99447,3
99448,3
99449,2
99450,2
99451,1
99452,3
99453,2
99454,2
99455,2
99456,2
99457,2
99458,2
99459,3
99460,3
99461,3
99462,3
99463,3
99464,2
99465,2
99466,3
99467,0
99468,3
99469,2
99470,3
99471,3
99472,3
99473,2
99474,3
99475,3
99476,2
99477,3
99478,3
99479,3
99480,3
99481,2
99482,0
99483,3
99484,3
99485,3
99486,3
99487,1
99488,1
99489,1
99490,3
99491,2
99492,0
99493,1
99494,0
99495,0
99496,0
99497,2
99498,0
99499,3
99500,0
99501,0
99502,1
99503,3
99504,0
99505,2
99506,3
99507,1
99508,1
99509,0
99510,2
99511,0
99512,1
99513,1
99514,0
99515,0
99516,1
99517,0
99518,3
99519,3
99520,1
99521,3
99522,1
99523,0
99524,1
99525,3
99526,2
99527,3
99528,0
99529,2
99530,0
99531,1
99532,1
99533,2
99534,3
99535,3
99536,2
99537,3
99538,3
99539,0
99540,2
99541,0
99542,0
99543,3
99544,3
99545,2
99546,3
99547,3
99548,3
99549,3
99550,3
99551,2
99552,2
99553,3
99554,3
99555,3
99556,3
99557,3
99558,2
99559,3
99560,2
99561,2
99562,3
99563,2
99564,2
99565,3
99566,2
99567,3
99568,0
99569,0
99570,0
99571,0
99572,0
99573,3
99574,3
99575,2
99576,2
99577,3
99578,3
99579,2
99580,3
99581,0
99582,0
99583,0
99584,2
99585,0
99586,2
99587,0
99588,0
99589,0
99590,0
99591,0
99592,0
99593,0
99594,0
99595,2
99596,0
99597,0
99598,2
99599,0
99600,0
99601,0
99602,2
99603,2
99604,2
99605,2
99606,2
99607,2
99608,2
99609,2
99610,2
99611,0
99612,2
99613,2
99614,2
99615,3
99616,2
99617,0
99618,3
99619,3
99620,3
99621,3
99622,2
99623,0
99624,3
99625,0
99626,3
99627,2
99628,2
99629,2
99630,3
99631,0
99632,3
99633,3
99634,3
99635,2
99636,2
99637,2
99638,0
99639,2
99640,1
99641,3
99642,0
99643,0
99644,2
99645,0
99646,0
99647,0
99648,1
99649,3
99650,0
99651,0
99652,3
99653,3
99654,2
99655,3
99656,3
99657,2
99658,0
99659,0
99660,3
99661,0
99662,0
99663,0
99664,0
99665,0
99666,2
99667,2
99668,2
99669,3
99670,2
99671,2
99672,3
99673,2
99674,2
99675,2
99676,2
99677,2
99678,3
99679,0
99680,3
99681,0
99682,3
99683,0
99684,0
99685,0
99686,0
99687,0
99688,2
99689,0
99690,2
99691,0
99692,3
99693,3
99694,0
99695,0
99696,2
99697,0
99698,3
99699,0
99700,0
99701,3
99702,4
99703,3
99704,2
99705,2
99706,2
99707,0
99708,0
99709,0
99710,2
99711,0
99712,0
99713,2
99714,3
99715,2
99716,0
99717,0
99718,0
99719,0
99720,0
99721,0
99722,0
99723,0
99724,2
99725,0
99726,0
99727,2
99728,3
99729,2
99730,2
99731,3
99732,2
99733,3
99734,3
99735,2
99736,2
99737,3
99738,2
99739,2
99740,2
99741,2
99742,3
99743,3
99744,2
99745,0
99746,0
99747,2
99748,0
99749,2
99750,2
99751,3
99752,3
99753,2
99754,0
99755,3
99756,3
99757,3
99758,3
99759,3
99760,3
99761,3
99762,2
99763,3
99764,3
99765,3
99766,3
99767,3
99768,3
99769,3
99770,3
99771,3
99772,3
99773,1
99774,3
99775,0
99776,3
99777,0
99778,0
99779,0
99780,2
99781,0
99782,2
99783,0
99784,2
99785,0
99786,3
99787,0
99788,2
99789,3
99790,3
99791,3
99792,3
99793,3
99794,0
99795,0
99796,0
99797,0
99798,2
99799,0
99800,0
99801,0
99802,2
99803,0
99804,3
99805,0
99806,0
99807,0
99808,0
99809,0
99810,0
99811,0
99812,0
99813,0
99814,0
99815,0
99816,0
99817,0
99818,0
99819,2
99820,0
99821,0
99822,0
99823,0
99824,2
99825,0
99826,2
99827,0
99828,2
99829,0
99830,0
99831,0
99832,2
99833,0
99834,0
99835,0
99836,0
99837,2
99838,0
99839,0
99840,0
99841,0
99842,0
99843,2
99844,2
99845,0
99846,0
99847,0
99848,2
99849,0
99850,0
99851,2
99852,0
99853,0
99854,0
99855,0
99856,0
99857,0
99858,0
99859,0
99860,2
99861,0
99862,0
99863,0
99864,0
99865,0
99866,0
99867,0
99868,0
99869,0
99870,0
99871,0
99872,2
99873,0
99874,2
99875,2
99876,0
99877,0
99878,0
99879,0
99880,0
99881,0
99882,0
99883,0
99884,3
99885,0
99886,0
99887,2
99888,2
99889,0
99890,0
99891,0
99892,0
99893,0
99894,0
99895,0
99896,0
99897,0
99898,0
99899,0
99900,0
99901,0
99902,0
99903,0
99904,0
99905,0
99906,0
99907,2
99908,0
99909,0
99910,2
99911,0
99912,2
99913,0
99914,0
99915,0
99916,0
99917,0
99918,3
99919,3
99920,3
99921,2
99922,3
99923,2
99924,3
99925,3
99926,2
99927,0
99928,0
99929,3
99930,1
99931,1
99932,3
99933,0
99934,3
99935,3
99936,0
99937,3
99938,0
99939,0
99940,0
99941,0
99942,0
99943,3
99944,2
99945,0
99946,0
99947,0
99948,2
99949,0
99950,2
99951,0
99952,0
99953,0
99954,0
99955,2
99956,3
99957,3
99958,3
99959,2
99960,3
99961,0
99962,3
99963,3
99964,2
99965,2
99966,0
99967,0
99968,0
99969,0
99970,3
99971,3
99972,3
99973,0
99974,0
99975,0
99976,0
99977,2
99978,2
99979,0
99980,0
99981,0
99982,3
99983,0
99984,0
99985,3
99986,3
99987,0
99988,3
99989,0
99990,2
99991,0
99992,0
99993,2
99994,0
99995,2
99996,0
99997,3
99998,0
99999,3
100000,0
100001,2
100002,0
100003,0
100004,0
100005,0
100006,0
100007,3
100008,3
100009,0
100010,0
100011,2
100012,0
100013,1
100014,0
100015,2
100016,0
100017,0
100018,0
100019,3
100020,3
100021,0
100022,0
100023,0
100024,0
100025,2
100026,0
100027,2
100028,3
100029,2
100030,3
100031,0
100032,0
100033,0
100034,0
100035,0
100036,2
100037,3
100038,0
100039,0
100040,0
100041,2
100042,0
100043,0
100044,4
100045,4
100046,2
100047,0
100048,2
100049,2
100050,2
100051,0
100052,0
100053,0
100054,0
100055,0
100056,0
100057,0
100058,0
100059,0
100060,0
100061,0
100062,0
100063,0
100064,2
100065,0
100066,0
100067,3
100068,0
100069,2
100070,2
100071,0
100072,0
100073,0
100074,3
100075,2
100076,0
100077,2
100078,0
100079,0
100080,2
100081,0
100082,0
100083,2
100084,2
100085,0
100086,2
100087,0
100088,0
100089,0
100090,3
100091,0
100092,0
100093,0
100094,0
100095,0
100096,0
100097,0
100098,0
100099,0
100100,0
100101,0
100102,2
100103,0
100104,0
100105,0
100106,0
100107,0
100108,0
100109,0
100110,0
100111,2
100112,2
100113,0
100114,0
100115,0
100116,0
100117,0
100118,0
100119,2
100120,3
100121,2
100122,0
100123,2
100124,0
100125,2
100126,2
100127,0
100128,1
100129,0
100130,0
100131,0
100132,0
100133,0
100134,0
100135,2
100136,0
100137,2
100138,2
100139,2
100140,0
100141,0
100142,0
100143,0
100144,0
100145,0
100146,0
100147,0
100148,0
100149,0
100150,3
100151,0
100152,0
100153,0
100154,3
100155,0
100156,3
100157,0
100158,0
100159,2
100160,2
100161,3
100162,3
100163,0
100164,2
100165,0
100166,0
100167,2
100168,0
100169,2
100170,2
100171,3
100172,2
100173,3
100174,2
100175,0
100176,0
100177,2
100178,2
100179,2
100180,2
100181,2
100182,2
100183,2
100184,3
100185,2
100186,0
100187,0
100188,1
100189,0
100190,0
100191,0
100192,2
100193,0
100194,0
100195,0
100196,2
100197,0
100198,2
100199,2
100200,0
100201,0
100202,0
100203,0
100204,0
100205,0
100206,0
100207,0
100208,3
100209,3
100210,0
100211,1
100212,0
100213,3
100214,2
100215,0
100216,0
100217,2
100218,1
100219,0
100220,0
100221,0
100222,0
100223,3
100224,0
100225,0
100226,0
100227,0
100228,0
100229,3
100230,0
100231,0
100232,2
100233,0
100234,0
100235,0
100236,0
100237,0
100238,2
100239,0
100240,2
100241,2
100242,3
100243,0
100244,1
100245,2
100246,0
100247,0
100248,0
100249,3
100250,3
100251,0
100252,3
100253,0
100254,0
100255,3
100256,0
100257,2
100258,2
100259,0
100260,1
100261,1
100262,1
100263,1
100264,1
100265,0
100266,0
100267,0
100268,1
100269,0
100270,0
100271,0
100272,2
100273,0
100274,0
100275,2
100276,2
100277,0
100278,0
100279,0
100280,0
100281,3
100282,0
100283,3
100284,3
100285,0
100286,2
100287,2
100288,0
100289,0
100290,2
100291,2
100292,0
100293,0
100294,3
100295,0
100296,2
100297,0
100298,2
100299,2
100300,1
100301,0
100302,0
100303,2
100304,0
100305,0
100306,3
100307,0
100308,2
100309,2
100310,0
100311,0
100312,0
100313,3
100314,0
100315,2
100316,2
100317,0
100318,0
100319,0
100320,1
100321,3
100322,0
100323,0
100324,0
100325,0
100326,2
100327,3
100328,3
100329,1
100330,1
100331,1
100332,3
100333,3
100334,0
100335,0
100336,0
100337,0
100338,0
100339,3
100340,1
100341,1
100342,2
100343,3
100344,1
100345,1
100346,3
100347,1
100348,0
100349,0
100350,3
100351,2
100352,1
100353,0
100354,0
100355,2
100356,3
100357,3
100358,0
100359,3
100360,3
100361,2
100362,3
100363,3
100364,3
100365,3
100366,0
100367,0
100368,0
100369,0
100370,3
100371,0
100372,0
100373,0
100374,0
100375,2
100376,0
100377,0
100378,0
100379,0
100380,0
100381,3
100382,0
100383,1
100384,2
100385,0
100386,0
100387,0
100388,3
100389,2
100390,2
100391,0
100392,0
100393,3
100394,0
100395,2
100396,2
100397,0
100398,3
100399,2
100400,3
100401,3
100402,0
100403,3
100404,3
100405,2
100406,3
100407,1
100408,1
100409,0
100410,0
100411,1
100412,1
100413,0
100414,2
100415,1
100416,1
100417,0
100418,0
100419,0
100420,0
100421,0
100422,0
100423,0
100424,0
100425,0
100426,0
100427,0
100428,0
100429,2
100430,0
100431,0
100432,0
100433,0
100434,0
100435,0
100436,2
100437,0
100438,3
100439,3
100440,2
100441,0
100442,2
100443,0
100444,0
100445,0
100446,0
100447,0
100448,2
100449,3
100450,3
100451,2
100452,3
100453,2
100454,3
100455,3
100456,3
100457,2
100458,2
100459,3
100460,3
100461,3
100462,3
100463,3
100464,2
100465,3
100466,3
100467,3
100468,3
100469,0
100470,3
100471,1
100472,1
100473,0
100474,2
100475,0
100476,2
100477,3
100478,3
100479,3
100480,0
100481,0
100482,2
100483,3
100484,3
100485,3
100486,3
100487,3
100488,0
100489,0
100490,0
100491,2
100492,2
100493,2
100494,1
100495,1
100496,3
100497,3
100498,3
100499,0
100500,0
100501,1
100502,0
100503,3
100504,3
100505,1
100506,3
100507,3
100508,3
100509,3
100510,0
100511,3
100512,3
100513,1
100514,1
100515,0
100516,3
100517,3
100518,0
100519,2
100520,2
100521,0
100522,0
100523,0
100524,0
100525,0
100526,0
100527,0
100528,0
100529,1
100530,0
100531,0
100532,0
100533,0
100534,0
100535,3
100536,0
100537,3
100538,0
100539,3
100540,3
100541,3
100542,0
100543,0
100544,0
100545,2
100546,0
100547,0
100548,0
100549,2
100550,0
100551,0
100552,2
100553,0
100554,0
100555,2
100556,0
100557,0
100558,0
100559,0
100560,0
100561,2
100562,0
100563,0
100564,0
100565,0
100566,3
100567,2
100568,0
100569,0
100570,0
100571,3
100572,3
100573,3
100574,0
100575,3
100576,3
100577,0
100578,3
100579,2
100580,0
100581,0
100582,0
100583,3
100584,3
100585,0
100586,0
100587,0
100588,0
100589,0
100590,2
100591,0
100592,0
100593,0
100594,0
100595,2
100596,2
100597,0
100598,2
100599,0
100600,0
100601,0
100602,1
100603,0
100604,0
100605,0
100606,0
100607,2
100608,0
100609,0
100610,0
100611,0
100612,0
100613,0
100614,0
100615,0
100616,0
100617,0
100618,2
100619,2
100620,0
100621,2
100622,0
100623,1
100624,1
100625,0
100626,0
100627,2
100628,0
100629,0
100630,0
100631,2
100632,2
100633,0
100634,0
100635,2
100636,0
100637,2
100638,0
100639,0
100640,0
100641,0
100642,0
100643,0
100644,0
100645,0
100646,0
100647,2
100648,0
100649,0
100650,0
100651,1
100652,2
100653,1
100654,2
100655,3
100656,0
100657,2
100658,0
100659,3
100660,0
100661,0
100662,2
100663,0
100664,0
100665,0
100666,0
100667,0
100668,0
100669,0
100670,1
100671,2
100672,2
100673,3
100674,2
100675,2
100676,2
100677,3
100678,2
100679,0
100680,0
100681,0
100682,0
100683,0
100684,0
100685,0
100686,3
100687,3
100688,3
100689,3
100690,3
100691,0
100692,0
100693,0
100694,2
100695,2
100696,2
100697,0
100698,0
100699,0
100700,2
100701,0
100702,0
100703,2
100704,2
100705,0
100706,0
100707,2
100708,0
100709,0
100710,0
100711,0
100712,1
100713,0
100714,0
100715,0
100716,0
100717,0
100718,0
100719,0
100720,0
100721,0
100722,0
100723,0
100724,0
100725,2
100726,0
100727,0
100728,0
100729,2
100730,0
100731,2
100732,0
100733,0
100734,0
100735,2
100736,0
100737,0
100738,2
100739,0
100740,0
100741,0
100742,0
100743,0
100744,0
100745,0
100746,0
100747,0
100748,0
100749,0
100750,3
100751,2
100752,3
100753,2
100754,2
100755,3
100756,2
100757,2
100758,3
100759,3
100760,2
100761,3
100762,2
100763,2
100764,2
100765,3
100766,2
100767,0
100768,2
100769,2
100770,2
100771,2
100772,2
100773,2
100774,2
100775,3
100776,2
100777,1
100778,1
100779,1
100780,3
100781,1
100782,3
100783,1
100784,1
100785,1
100786,0
100787,2
100788,0
100789,0
100790,0
100791,0
100792,3
100793,1
100794,0
100795,3
100796,2
100797,3
100798,3
100799,3
100800,2
100801,3
100802,0
100803,2
100804,3
100805,3
100806,0
100807,3
100808,2
100809,1
100810,1
100811,1
100812,1
100813,1
100814,1
100815,3
100816,1
100817,2
100818,3
100819,1
100820,1
100821,1
100822,1
100823,0
100824,0
100825,3
100826,0
100827,0
100828,0
100829,2
100830,0
100831,0
100832,0
100833,0
100834,0
100835,2
100836,3
100837,2
100838,0
100839,0
100840,0
100841,0
100842,2
100843,1
100844,0
100845,0
100846,0
100847,0
100848,0
100849,0
100850,0
100851,2
100852,2
100853,0
100854,0
100855,2
100856,0
100857,0
100858,0
100859,0
100860,0
100861,2
100862,0
100863,2
100864,0
100865,0
100866,0
100867,0
100868,0
100869,0
100870,0
100871,0
100872,0
100873,0
100874,0
100875,0
100876,3
100877,0
100878,0
100879,0
100880,2
100881,2
100882,0
100883,0
100884,2
100885,0
100886,0
100887,2
100888,0
100889,0
100890,0
100891,0
100892,0
100893,0
100894,0
100895,0
100896,0
100897,0
100898,0
100899,0
100900,2
100901,2
100902,2
100903,2
100904,0
100905,0
100906,1
100907,1
100908,1
100909,1
100910,0
100911,0
100912,0
100913,0
100914,0
100915,2
100916,0
100917,0
100918,0
100919,0
100920,0
100921,0
100922,0
100923,0
100924,2
100925,0
100926,0
100927,0
100928,0
100929,0
100930,0
100931,0
100932,0
100933,0
100934,0
100935,0
100936,0
100937,0
100938,0
100939,0
100940,2
100941,2
100942,0
100943,0
100944,0
100945,0
100946,2
100947,0
100948,0
100949,0
100950,2
100951,0
100952,0
100953,0
100954,2
100955,0
100956,2
100957,0
100958,2
100959,0
100960,0
100961,0
100962,0
100963,3
100964,2
100965,2
100966,3
100967,0
100968,3
100969,0
100970,3
100971,0
100972,0
100973,1
100974,1
100975,3
100976,2
100977,3
100978,3
100979,1
100980,2
100981,3
100982,1
100983,1
100984,3
100985,2
100986,1
100987,2
100988,2
100989,2
100990,2
100991,2
100992,2
100993,2
100994,2
100995,3
100996,3
100997,2
100998,2
100999,3
101000,3
101001,2
101002,2
101003,3
101004,2
101005,2
101006,2
101007,2
101008,2
101009,2
101010,3
101011,2
101012,2
101013,3
101014,2
101015,1
101016,3
101017,2
101018,3
101019,2
101020,2
101021,2
101022,2
101023,2
101024,2
101025,2
101026,2
101027,2
101028,3
101029,3
101030,2
101031,2
101032,2
101033,2
101034,2
101035,2
101036,1
101037,2
101038,0
101039,2
101040,3
101041,3
101042,3
101043,2
101044,3
101045,2
101046,2
101047,3
101048,3
101049,3
101050,0
101051,1
101052,3
101053,3
101054,2
101055,3
101056,0
101057,3
101058,2
101059,3
101060,3
101061,3
101062,3
101063,3
101064,4
101065,2
101066,3
101067,3
101068,2
101069,3
101070,3
101071,0
101072,3
101073,1
101074,0
101075,0
101076,2
101077,0
101078,0
101079,3
101080,2
101081,0
101082,3
101083,2
101084,0
101085,0
101086,0
101087,0
101088,0
101089,0
101090,2
101091,0
101092,0
101093,2
101094,3
101095,3
101096,2
101097,1
101098,3
101099,1
101100,3
101101,3
101102,3
101103,3
101104,2
101105,3
101106,3
101107,3
101108,3
101109,3
101110,3
101111,3
101112,3
101113,3
101114,3
101115,3
101116,3
101117,3
101118,3
101119,3
101120,3
101121,3
101122,3
101123,3
101124,3
101125,3
101126,3
101127,3
101128,1
101129,2
101130,3
101131,2
101132,3
101133,2
101134,3
101135,2
101136,2
101137,3
101138,3
101139,2
101140,2
101141,2
101142,2
101143,2
101144,2
101145,3
101146,2
101147,2
101148,2
101149,2
101150,2
101151,3
101152,2
101153,3
101154,3
101155,3
101156,2
101157,2
101158,2
101159,3
101160,3
101161,3
101162,3
101163,3
101164,1
101165,1
101166,1
101167,2
101168,3
101169,3
101170,2
101171,0
101172,3
101173,3
101174,2
101175,2
101176,2
101177,2
101178,2
101179,3
101180,2
101181,3
101182,1
101183,3
101184,3
101185,1
101186,1
101187,3
101188,2
101189,2
101190,2
101191,2
101192,2
101193,2
101194,2
101195,2
101196,2
101197,2
101198,2
101199,3
101200,3
101201,3
101202,2
101203,2
101204,2
101205,2
101206,1
101207,1
101208,2
101209,3
101210,2
101211,2
101212,2
101213,2
101214,2
101215,2
101216,2
101217,2
101218,2
101219,2
101220,2
101221,3
101222,3
101223,3
101224,3
101225,3
101226,3
101227,3
101228,3
101229,3
101230,3
101231,3
101232,2
101233,2
101234,2
101235,3
101236,2
101237,2
101238,2
101239,3
101240,3
101241,2
101242,2
101243,2
101244,3
101245,3
101246,3
101247,2
101248,2
101249,2
101250,2
101251,2
101252,3
101253,2
101254,3
101255,3
101256,3
101257,3
101258,3
101259,3
101260,2
101261,3
101262,2
101263,3
101264,2
101265,2
101266,3
101267,2
101268,3
101269,3
101270,3
101271,3
101272,2
101273,3
101274,3
101275,2
101276,2
101277,2
101278,3
101279,3
101280,3
101281,2
101282,2
101283,0
101284,2
101285,2
101286,3
101287,0
101288,2
101289,3
101290,3
101291,3
101292,3
101293,3
101294,3
101295,3
101296,3
101297,3
101298,1
101299,2
101300,0
101301,3
101302,2
101303,2
101304,3
101305,3
101306,3
101307,2
101308,3
101309,3
101310,3
101311,3
101312,2
101313,2
101314,3
101315,3
101316,2
101317,2
101318,3
101319,2
101320,3
101321,2
101322,3
101323,2
101324,3
101325,2
101326,3
101327,2
101328,2
101329,2
101330,2
101331,2
101332,1
101333,2
101334,3
101335,1
101336,0
101337,0
101338,3
101339,3
101340,2
101341,2
101342,2
101343,2
101344,3
101345,2
101346,2
101347,2
101348,2
101349,2
101350,2
101351,3
101352,1
101353,1
101354,3
101355,3
101356,2
101357,3
101358,3
101359,3
101360,3
101361,3
101362,3
101363,3
101364,3
101365,3
101366,3
101367,3
101368,3
101369,3
101370,3
101371,2
101372,3
101373,3
101374,3
101375,3
101376,3
101377,3
101378,3
101379,3
101380,1
101381,3
101382,3
101383,3
101384,2
101385,2
101386,2
101387,2
101388,3
101389,2
101390,2
101391,2
101392,3
101393,2
101394,2
101395,3
101396,2
101397,3
101398,2
101399,3
101400,2
101401,2
101402,2
101403,2
101404,2
101405,3
101406,2
101407,2
101408,2
101409,2
101410,3
101411,3
101412,3
101413,3
101414,3
101415,1
101416,1
101417,1
101418,1
101419,3
101420,3
101421,3
101422,3
101423,3
101424,3
101425,3
101426,3
101427,3
101428,3
101429,3
101430,3
101431,3
101432,3
101433,3
101434,3
101435,3
101436,3
101437,3
101438,3
101439,3
101440,3
101441,2
101442,3
101443,3
101444,3
101445,3
101446,3
101447,3
101448,0
101449,1
101450,1
101451,2
101452,3
101453,3
101454,3
101455,3
101456,2
101457,2
101458,3
101459,2
101460,2
101461,3
101462,2
101463,3
101464,3
101465,3
101466,1
101467,3
101468,3
101469,3
101470,1
101471,3
101472,0
101473,1
101474,1
101475,3
101476,3
101477,3
101478,3
101479,1
101480,1
101481,3
101482,3
101483,2
101484,2
101485,3
101486,2
101487,2
101488,2
101489,3
101490,3
101491,2
101492,2
101493,2
101494,3
101495,2
101496,2
101497,2
101498,2
101499,2
101500,3
101501,2
101502,2
101503,2
101504,3
101505,3
101506,3
101507,3
101508,2
101509,3
101510,3
101511,3
101512,3
101513,1
101514,3
101515,2
101516,3
101517,2
101518,3
101519,2
101520,3
101521,2
101522,3
101523,2
101524,2
101525,2
101526,2
101527,3
101528,3
101529,2
101530,2
101531,2
101532,2
101533,2
101534,3
101535,2
101536,2
101537,3
101538,3
101539,3
101540,3
101541,3
101542,3
101543,2
101544,3
101545,3
101546,3
101547,3
101548,3
101549,3
101550,3
101551,3
101552,3
101553,2
101554,3
101555,2
101556,2
101557,2
101558,3
101559,2
101560,3
101561,3
101562,3
101563,3
101564,2
101565,3
101566,3
101567,3
101568,3
101569,3
101570,3
101571,0
101572,3
101573,3
101574,2
101575,2
101576,2
101577,2
101578,3
101579,3
101580,3
101581,2
101582,2
101583,3
101584,3
101585,2
101586,2
101587,2
101588,3
101589,3
101590,3
101591,3
101592,3
101593,2
101594,3
101595,2
101596,2
101597,0
101598,2
101599,2
101600,2
101601,2
101602,3
101603,2
101604,2
101605,3
101606,3
101607,2
101608,2
101609,2
101610,3
101611,3
101612,3
101613,2
101614,3
101615,2
101616,3
101617,3
101618,3
101619,3
101620,3
101621,2
101622,3
101623,2
101624,2
101625,2
101626,2
101627,2
101628,3
101629,3
101630,2
101631,3
101632,3
101633,3
101634,3
101635,3
101636,3
101637,3
101638,3
101639,2
101640,3
101641,3
101642,3
101643,2
101644,3
101645,3
101646,3
101647,3
101648,2
101649,2
101650,3
101651,2
101652,2
101653,2
101654,3
101655,2
101656,3
101657,2
101658,3
101659,2
101660,3
101661,2
101662,3
101663,3
101664,2
101665,3
101666,3
101667,3
101668,3
101669,3
101670,2
101671,3
101672,3
101673,3
101674,2
101675,3
101676,3
101677,3
101678,2
101679,3
101680,2
101681,2
101682,3
101683,3
101684,2
101685,2
101686,3
101687,2
101688,3
101689,2
101690,2
101691,2
101692,2
101693,3
101694,2
101695,2
101696,2
101697,2
101698,3
101699,2
101700,2
101701,3
101702,2
101703,3
101704,2
101705,2
101706,2
101707,2
101708,2
101709,2
101710,2
101711,3
101712,2
101713,0
101714,2
101715,3
101716,2
101717,3
101718,2
101719,2
101720,2
101721,3
101722,2
101723,2
101724,0
101725,2
101726,3
101727,3
101728,2
101729,2
101730,2
101731,3
101732,2
101733,0
101734,3
101735,3
101736,2
101737,2
101738,3
101739,3
101740,3
101741,3
101742,3
101743,2
101744,2
101745,2
101746,2
101747,2
101748,3
101749,2
101750,2
101751,2
101752,2
101753,2
101754,2
101755,2
101756,3
101757,3
101758,2
101759,2
101760,2
101761,2
101762,2
101763,2
101764,3
101765,3
101766,2
101767,3
101768,2
101769,2
101770,2
101771,2
101772,2
101773,2
101774,2
101775,2
101776,2
101777,3
101778,2
101779,2
101780,3
101781,1
101782,3
101783,1
101784,3
101785,1
101786,3
101787,3
101788,3
101789,3
101790,3
101791,3
101792,3
101793,3
101794,3
101795,3
101796,2
101797,3
101798,3
101799,2
101800,2
101801,3
101802,3
101803,3
101804,3
101805,3
101806,3
101807,3
101808,3
101809,1
101810,3
101811,3
101812,3
101813,3
101814,3
101815,3
101816,3
101817,2
101818,3
101819,2
101820,2
101821,3
101822,3
101823,3
101824,3
101825,0
101826,3
101827,3
101828,3
101829,3
101830,3
101831,3
101832,3
101833,3
101834,3
101835,1
101836,1
101837,1
101838,2
101839,3
101840,3
101841,3
101842,2
101843,3
101844,2
101845,3
101846,2
101847,2
101848,2
101849,3
101850,1
101851,3
101852,0
101853,3
101854,1
101855,2
101856,2
101857,2
101858,3
101859,1
101860,2
101861,2
101862,2
101863,2
101864,3
101865,3
101866,1
101867,1
101868,3
101869,2
101870,2
101871,1
101872,2
101873,2
101874,2
101875,3
101876,1
101877,2
101878,2
101879,1
101880,3
101881,1
101882,1
101883,3
101884,3
101885,1
101886,2
101887,2
101888,2
101889,2
101890,2
101891,2
101892,2
101893,2
101894,2
101895,2
101896,2
101897,2
101898,1
101899,2
101900,2
101901,2
101902,2
101903,2
101904,2
101905,2
101906,2
101907,2
101908,2
101909,2
101910,2
101911,3
101912,2
101913,1
101914,1
101915,3
101916,3
101917,1
101918,3
101919,2
101920,2
101921,1
101922,2
101923,1
101924,3
101925,2
101926,1
101927,1
101928,2
101929,2
101930,3
101931,1
101932,1
101933,1
101934,1
101935,3
101936,3
101937,1
101938,3
101939,3
101940,1
101941,2
101942,2
101943,2
101944,2
101945,2
101946,2
101947,2
101948,2
101949,3
101950,2
101951,2
101952,3
101953,2
101954,2
101955,2
101956,2
101957,3
101958,2
101959,3
101960,2
101961,3
101962,2
101963,3
101964,3
101965,2
101966,2
101967,2
101968,2
101969,2
101970,2
101971,2
101972,2
101973,0
101974,2
101975,3
101976,3
101977,2
101978,3
101979,3
101980,3
101981,0
101982,2
101983,3
101984,2
101985,2
101986,2
101987,2
101988,2
101989,2
101990,2
101991,2
101992,3
101993,2
101994,2
101995,2
101996,2
101997,2
101998,2
101999,2
102000,3
102001,2
102002,3
102003,2
102004,2
102005,3
102006,2
102007,3
102008,0
102009,3
102010,2
102011,2
102012,2
102013,2
102014,3
102015,3
102016,2
102017,2
102018,3
102019,0
102020,0
102021,0
102022,3
102023,2
102024,1
102025,3
102026,1
102027,3
102028,2
102029,3
102030,2
102031,2
102032,2
102033,3
102034,2
102035,2
102036,2
102037,2
102038,2
102039,3
102040,2
102041,2
102042,2
102043,2
102044,2
102045,2
102046,2
102047,2
102048,2
102049,2
102050,2
102051,2
102052,0
102053,2
102054,2
102055,2
102056,2
102057,2
102058,2
102059,2
102060,2
102061,2
102062,2
102063,2
102064,2
102065,2
102066,2
102067,0
102068,2
102069,2
102070,0
102071,2
102072,2
102073,2
102074,2
102075,2
102076,2
102077,0
102078,2
102079,3
102080,3
102081,2
102082,2
102083,2
102084,2
102085,2
102086,2
102087,2
102088,2
102089,2
102090,2
102091,3
102092,2
102093,2
102094,0
102095,2
102096,2
102097,2
102098,3
102099,2
102100,3
102101,2
102102,3
102103,2
102104,2
102105,2
102106,2
102107,2
102108,3
102109,2
102110,2
102111,3
102112,3
102113,3
102114,2
102115,2
102116,2
102117,2
102118,0
102119,2
102120,2
102121,2
102122,0
102123,2
102124,0
102125,2
102126,2
102127,2
102128,2
102129,2
102130,2
102131,2
102132,2
102133,1
102134,3
102135,3
102136,3
102137,3
102138,3
102139,3
102140,3
102141,2
102142,2
102143,2
102144,3
102145,3
102146,2
102147,2
102148,2
102149,2
102150,2
102151,2
102152,2
102153,2
102154,3
102155,2
102156,2
102157,2
102158,2
102159,2
102160,2
102161,2
102162,2
102163,2
102164,2
102165,2
102166,2
102167,3
102168,2
102169,2
102170,2
102171,2
102172,3
102173,3
102174,1
102175,2
102176,2
102177,1
102178,3
102179,2
102180,2
102181,2
102182,2
102183,3
102184,2
102185,2
102186,2
102187,2
102188,2
102189,0
102190,2
102191,2
102192,2
102193,3
102194,2
102195,2
102196,0
102197,3
102198,3
102199,3
102200,1
102201,3
102202,3
102203,1
102204,3
102205,3
102206,3
102207,1
102208,3
102209,2
102210,3
102211,3
102212,3
102213,3
102214,3
102215,1
102216,3
102217,1
102218,3
102219,1
102220,1
102221,0
102222,3
102223,0
102224,0
102225,0
102226,1
102227,1
102228,0
102229,0
102230,3
102231,1
102232,1
102233,1
102234,1
102235,1
102236,1
102237,1
102238,1
102239,1
102240,3
102241,1
102242,3
102243,3
102244,2
102245,2
102246,2
102247,2
102248,2
102249,2
102250,3
102251,3
102252,1
102253,3
102254,3
102255,3
102256,3
102257,3
102258,2
102259,2
102260,3
102261,1
102262,3
102263,3
102264,2
102265,2
102266,3
102267,1
102268,3
102269,3
102270,3
102271,3
102272,3
102273,2
102274,2
102275,2
102276,2
102277,2
102278,2
102279,3
102280,1
102281,1
102282,1
102283,0
102284,3
102285,3
102286,0
102287,0
102288,0
102289,0
102290,3
102291,1
102292,1
102293,2
102294,2
102295,3
102296,3
102297,3
102298,2
102299,3
102300,2
102301,2
102302,0
102303,3
102304,3
102305,3
102306,3
102307,3
102308,3
102309,2
102310,3
102311,2
102312,3
102313,3
102314,3
102315,3
102316,2
102317,2
102318,2
102319,2
102320,3
102321,3
102322,3
102323,3
102324,3
102325,2
102326,3
102327,0
102328,2
102329,3
102330,2
102331,2
102332,2
102333,2
102334,3
102335,2
102336,2
102337,2
102338,2
102339,3
102340,3
102341,3
102342,2
102343,2
102344,2
102345,0
102346,2
102347,2
102348,0
102349,2
102350,2
102351,2
102352,0
102353,2
102354,2
102355,2
102356,3
102357,2
102358,2
102359,0
102360,2
102361,2
102362,2
102363,2
102364,2
102365,3
102366,2
102367,2
102368,2
102369,2
102370,2
102371,2
102372,2
102373,2
102374,2
102375,2
102376,3
102377,2
102378,2
102379,3
102380,2
102381,2
102382,2
102383,2
102384,2
102385,2
102386,2
102387,2
102388,2
102389,0
102390,2
102391,1
102392,2
102393,2
102394,2
102395,2
102396,3
102397,2
102398,2
102399,3
102400,0
102401,3
102402,3
102403,2
102404,2
102405,3
102406,3
102407,3
102408,3
102409,3
102410,3
102411,3
102412,3
102413,2
102414,3
102415,3
102416,3
102417,2
102418,3
102419,1
102420,1
102421,3
102422,3
102423,1
102424,1
102425,1
102426,3
102427,3
102428,3
102429,2
102430,1
102431,2
102432,3
102433,0
102434,1
102435,1
102436,3
102437,1
102438,2
102439,2
102440,2
102441,1
102442,1
102443,3
102444,3
102445,2
102446,2
102447,2
102448,2
102449,3
102450,2
102451,2
102452,3
102453,3
102454,2
102455,2
102456,2
102457,2
102458,0
102459,2
102460,3
102461,2
102462,2
102463,2
102464,2
102465,1
102466,2
102467,2
102468,2
102469,2
102470,3
102471,2
102472,3
102473,3
102474,2
102475,3
102476,3
102477,2
102478,2
102479,2
102480,2
102481,2
102482,2
102483,2
102484,2
102485,2
102486,2
102487,1
102488,0
102489,3
102490,1
102491,1
102492,1
102493,1
102494,1
102495,3
102496,1
102497,1
102498,1
102499,3
102500,1
102501,2
102502,2
102503,2
102504,2
102505,2
102506,1
102507,1
102508,0
102509,2
102510,2
102511,1
102512,2
102513,2
102514,3
102515,2
102516,2
102517,2
102518,2
102519,3
102520,3
102521,3
102522,3
102523,3
102524,2
102525,2
102526,2
102527,2
102528,2
102529,2
102530,2
102531,2
102532,2
102533,2
102534,2
102535,1
102536,1
102537,1
102538,1
102539,3
102540,1
102541,3
102542,2
102543,2
102544,2
102545,3
102546,2
102547,1
102548,1
102549,3
102550,3
102551,3
102552,1
102553,2
102554,2
102555,1
102556,2
102557,2
102558,2
102559,2
102560,1
102561,2
102562,2
102563,2
102564,2
102565,2
102566,2
102567,2
102568,2
102569,2
102570,3
102571,1
102572,1
102573,1
102574,3
102575,2
102576,2
102577,2
102578,2
102579,2
102580,1
102581,2
102582,2
102583,2
102584,2
102585,2
102586,2
102587,2
102588,2
102589,2
102590,2
102591,2
102592,2
102593,3
102594,1
102595,1
102596,1
102597,1
102598,2
102599,2
102600,2
102601,3
102602,2
102603,2
102604,2
102605,2
102606,2
102607,2
102608,2
102609,3
102610,3
102611,2
102612,2
102613,2
102614,2
102615,2
102616,2
102617,2
102618,2
102619,2
102620,3
102621,2
102622,2
102623,2
102624,2
102625,2
102626,2
102627,2
102628,2
102629,2
102630,2
102631,3
102632,2
102633,2
102634,2
102635,2
102636,1
102637,3
102638,1
102639,3
102640,2
102641,1
102642,3
102643,1
102644,1
102645,1
102646,3
102647,3
102648,2
102649,2
102650,2
102651,3
102652,3
102653,2
102654,1
102655,3
102656,3
102657,2
102658,3
102659,3
102660,2
102661,2
102662,1
102663,2
102664,2
102665,2
102666,2
102667,3
102668,3
102669,3
102670,1
102671,2
102672,2
102673,3
102674,2
102675,2
102676,2
102677,2
102678,3
102679,2
102680,2
102681,2
102682,3
102683,1
102684,1
102685,1
102686,1
102687,1
102688,1
102689,1
102690,1
102691,1
102692,1
102693,2
102694,2
102695,3
102696,1
102697,3
102698,3
102699,3
102700,3
102701,2
102702,2
102703,2
102704,2
102705,2
102706,2
102707,3
102708,0
102709,2
102710,3
102711,3
102712,3
102713,1
102714,2
102715,2
102716,3
102717,3
102718,2
102719,1
102720,2
102721,2
102722,3
102723,1
102724,1
102725,3
102726,3
102727,1
102728,3
102729,3
102730,3
102731,2
102732,2
102733,3
102734,1
102735,3
102736,3
102737,3
102738,3
102739,3
102740,3
102741,1
102742,2
102743,1
102744,1
102745,3
102746,1
102747,3
102748,1
102749,1
102750,3
102751,1
102752,1
102753,3
102754,2
102755,3
102756,1
102757,1
102758,1
102759,1
102760,1
102761,3
102762,3
102763,1
102764,3
102765,3
102766,1
102767,3
102768,1
102769,3
102770,2
102771,2
102772,2
102773,2
102774,2
102775,2
102776,3
102777,3
102778,2
102779,1
102780,2
102781,2
102782,2
102783,2
102784,3
102785,2
102786,2
102787,2
102788,2
102789,2
102790,2
102791,2
102792,2
102793,2
102794,2
102795,2
102796,2
102797,2
102798,2
102799,2
102800,2
102801,2
102802,2
102803,2
102804,2
102805,3
102806,2
102807,2
102808,2
102809,2
102810,2
102811,3
102812,2
102813,2
102814,2
102815,2
102816,2
102817,2
102818,2
102819,2
102820,2
102821,2
102822,2
102823,2
102824,2
102825,3
102826,2
102827,2
102828,3
102829,2
102830,2
102831,2
102832,2
102833,2
102834,2
102835,2
102836,2
102837,2
102838,2
102839,2
102840,2
102841,2
102842,2
102843,2
102844,3
102845,2
102846,2
102847,2
102848,2
102849,2
102850,2
102851,2
102852,2
102853,2
102854,2
102855,2
102856,2
102857,2
102858,2
102859,2
102860,3
102861,2
102862,2
102863,3
102864,2
102865,2
102866,2
102867,2
102868,2
102869,2
102870,2
102871,2
102872,2
102873,2
102874,2
102875,2
102876,2
102877,2
102878,2
102879,2
102880,2
102881,2
102882,3
102883,2
102884,3
102885,2
102886,2
102887,2
102888,2
102889,2
102890,3
102891,2
102892,3
102893,2
102894,2
102895,2
102896,1
102897,2
102898,3
102899,3
102900,3
102901,2
102902,3
102903,2
102904,2
102905,0
102906,2
102907,2
102908,0
102909,2
102910,2
102911,2
102912,2
102913,2
102914,2
102915,2
102916,2
102917,2
102918,2
102919,3
102920,3
102921,2
102922,2
102923,2
102924,2
102925,2
102926,2
102927,3
102928,3
102929,2
102930,2
102931,2
102932,2
102933,3
102934,2
102935,2
102936,2
102937,2
102938,2
102939,3
102940,2
102941,3
102942,2
102943,3
102944,2
102945,2
102946,2
102947,2
102948,2
102949,2
102950,3
102951,2
102952,2
102953,2
102954,2
102955,2
102956,2
102957,2
102958,2
102959,2
102960,2
102961,2
102962,2
102963,2
102964,2
102965,2
102966,2
102967,2
102968,2
102969,2
102970,2
102971,2
102972,2
102973,3
102974,2
102975,2
102976,2
102977,2
102978,2
102979,2
102980,2
102981,2
102982,2
102983,2
102984,2
102985,2
102986,2
102987,2
102988,2
102989,2
102990,2
102991,2
102992,2
102993,2
102994,2
102995,2
102996,2
102997,3
102998,2
102999,2
103000,2
103001,3
103002,2
103003,2
103004,2
103005,2
103006,2
103007,2
103008,2
103009,2
103010,2
103011,2
103012,2
103013,2
103014,2
103015,2
103016,2
103017,2
103018,2
103019,2
103020,2
103021,3
103022,2
103023,2
103024,2
103025,2
103026,2
103027,2
103028,2
103029,2
103030,2
103031,2
103032,2
103033,2
103034,2
103035,3
103036,2
103037,2
103038,2
103039,3
103040,2
103041,2
103042,2
103043,2
103044,3
103045,3
103046,2
103047,3
103048,2
103049,3
103050,2
103051,2
103052,2
103053,2
103054,2
103055,2
103056,2
103057,2
103058,2
103059,2
103060,2
103061,2
103062,2
103063,2
103064,2
103065,2
103066,2
103067,3
103068,2
103069,2
103070,2
103071,2
103072,2
103073,2
103074,2
103075,2
103076,2
103077,0
103078,2
103079,2
103080,0
103081,3
103082,2
103083,3
103084,2
103085,2
103086,2
103087,2
103088,2
103089,2
103090,3
103091,2
103092,3
103093,3
103094,2
103095,2
103096,2
103097,2
103098,2
103099,2
103100,2
103101,2
103102,2
103103,2
103104,2
103105,2
103106,2
103107,3
103108,2
103109,2
103110,2
103111,2
103112,2
103113,2
103114,3
103115,2
103116,2
103117,2
103118,2
103119,2
103120,2
103121,2
103122,2
103123,2
103124,2
103125,2
103126,2
103127,2
103128,2
103129,2
103130,2
103131,2
103132,2
103133,2
103134,2
103135,2
103136,3
103137,2
103138,2
103139,2
103140,2
103141,2
103142,2
103143,2
103144,2
103145,2
103146,2
103147,2
103148,2
103149,2
103150,2
103151,2
103152,2
103153,2
103154,2
103155,2
103156,2
103157,2
103158,2
103159,2
103160,2
103161,2
103162,2
103163,2
103164,2
103165,2
103166,2
103167,2
103168,2
103169,2
103170,2
103171,2
103172,2
103173,2
103174,2
103175,2
103176,2
103177,2
103178,2
103179,2
103180,2
103181,2
103182,2
103183,2
103184,2
103185,2
103186,2
103187,2
103188,2
103189,2
103190,2
103191,2
103192,2
103193,2
103194,2
103195,2
103196,3
103197,2
103198,2
103199,2
103200,2
103201,2
103202,2
103203,2
103204,2
103205,3
103206,2
103207,2
103208,2
103209,0
103210,2
103211,3
103212,3
103213,3
103214,2
103215,2
103216,2
103217,2
103218,2
103219,0
103220,2
103221,1
103222,3
103223,3
103224,2
103225,2
103226,2
103227,2
103228,2
103229,3
103230,2
103231,2
103232,2
103233,2
103234,2
103235,2
103236,2
103237,2
103238,2
103239,2
103240,2
103241,2
103242,2
103243,2
103244,2
103245,2
103246,2
103247,2
103248,2
103249,2
103250,2
103251,2
103252,2
103253,2
103254,2
103255,2
103256,2
103257,2
103258,2
103259,2
103260,2
103261,2
103262,2
103263,2
103264,2
103265,3
103266,2
103267,2
103268,3
103269,2
103270,2
103271,2
103272,2
103273,2
103274,2
103275,2
103276,2
103277,2
103278,2
103279,2
103280,2
103281,2
103282,0
103283,2
103284,2
103285,2
103286,2
103287,2
103288,2
103289,2
103290,2
103291,3
103292,3
103293,2
103294,2
103295,2
103296,2
103297,3
103298,2
103299,2
103300,2
103301,2
103302,2
103303,2
103304,2
103305,3
103306,2
103307,2
103308,2
103309,3
103310,3
103311,2
103312,2
103313,2
103314,2
103315,2
103316,2
103317,2
103318,2
103319,2
103320,2
103321,2
103322,3
103323,2
103324,2
103325,2
103326,2
103327,2
103328,2
103329,2
103330,2
103331,2
103332,2
103333,2
103334,2
103335,2
103336,2
103337,2
103338,2
103339,2
103340,2
103341,2
103342,2
103343,2
103344,2
103345,2
103346,2
103347,2
103348,2
103349,2
103350,2
103351,2
103352,2
103353,2
103354,2
103355,2
103356,2
103357,2
103358,2
103359,2
103360,2
103361,3
103362,2
103363,2
103364,2
103365,3
103366,2
103367,3
103368,2
103369,2
103370,2
103371,2
103372,2
103373,2
103374,2
103375,2
103376,2
103377,2
103378,2
103379,0
103380,3
103381,2
103382,2
103383,2
103384,2
103385,2
103386,2
103387,2
103388,2
103389,2
103390,2
103391,3
103392,2
103393,3
103394,2
103395,2
103396,2
103397,2
103398,2
103399,2
103400,2
103401,3
103402,3
103403,3
103404,3
103405,2
103406,2
103407,2
103408,2
103409,2
103410,2
103411,2
103412,2
103413,2
103414,2
103415,2
103416,2
103417,2
103418,2
103419,2
103420,2
103421,2
103422,2
103423,3
103424,2
103425,3
103426,2
103427,3
103428,2
103429,2
103430,2
103431,2
103432,2
103433,2
103434,2
103435,2
103436,2
103437,2
103438,2
103439,2
103440,2
103441,2
103442,2
103443,2
103444,2
103445,2
103446,3
103447,2
103448,2
103449,2
103450,2
103451,3
103452,2
103453,2
103454,3
103455,2
103456,2
103457,2
103458,2
103459,2
103460,2
103461,2
103462,2
103463,2
103464,2
103465,2
103466,2
103467,2
103468,2
103469,2
103470,2
103471,2
103472,2
103473,2
103474,2
103475,2
103476,2
103477,2
103478,2
103479,3
103480,2
103481,2
103482,2
103483,2
103484,2
103485,2
103486,2
103487,2
103488,2
103489,2
103490,2
103491,2
103492,2
103493,2
103494,2
103495,2
103496,2
103497,2
103498,2
103499,2
103500,2
103501,2
103502,2
103503,2
103504,2
103505,2
103506,2
103507,2
103508,2
103509,2
103510,2
103511,2
103512,3
103513,2
103514,2
103515,2
103516,2
103517,2
103518,2
103519,2
103520,2
103521,2
103522,2
103523,2
103524,2
103525,2
103526,3
103527,2
103528,2
103529,3
103530,2
103531,2
103532,2
103533,2
103534,2
103535,2
103536,0
103537,2
103538,3
103539,1
103540,1
103541,1
103542,2
103543,2
103544,2
103545,2
103546,2
103547,2
103548,3
103549,2
103550,2
103551,2
103552,2
103553,2
103554,2
103555,3
103556,3
103557,2
103558,3
103559,2
103560,3
103561,2
103562,3
103563,0
103564,3
103565,3
103566,3
103567,3
103568,3
103569,2
103570,3
103571,3
103572,2
103573,2
103574,2
103575,2
103576,2
103577,2
103578,2
103579,0
103580,0
103581,3
103582,3
103583,3
103584,3
103585,3
103586,2
103587,2
103588,2
103589,3
103590,3
103591,3
103592,2
103593,2
103594,3
103595,3
103596,2
103597,2
103598,2
103599,2
103600,2
103601,2
103602,3
103603,3
103604,2
103605,2
103606,3
103607,3
103608,3
103609,3
103610,0
103611,0
103612,0
103613,3
103614,3
103615,2
103616,3
103617,3
103618,2
103619,2
103620,0
103621,2
103622,2
103623,3
103624,3
103625,3
103626,0
103627,3
103628,2
103629,2
103630,3
103631,3
103632,3
103633,2
103634,3
103635,3
103636,2
103637,3
103638,3
103639,2
103640,2
103641,2
103642,3
103643,1
103644,3
103645,1
103646,1
103647,1
103648,1
103649,3
103650,0
103651,2
103652,2
103653,3
103654,0
103655,2
103656,3
103657,3
103658,3
103659,3
103660,3
103661,3
103662,3
103663,3
103664,0
103665,1
103666,0
103667,0
103668,0
103669,3
103670,3
103671,3
103672,0
103673,0
103674,2
103675,0
103676,2
103677,2
103678,2
103679,2
103680,2
103681,2
103682,0
103683,0
103684,3
103685,2
103686,2
103687,2
103688,2
103689,2
103690,2
103691,3
103692,3
103693,3
103694,2
103695,2
103696,2
103697,2
103698,2
103699,2
103700,2
103701,2
103702,2
103703,2
103704,2
103705,0
103706,3
103707,0
103708,3
103709,0
103710,3
103711,2
103712,3
103713,3
103714,2
103715,3
103716,3
103717,3
103718,3
103719,2
103720,3
103721,2
103722,2
103723,0
103724,0
103725,0
103726,2
103727,3
103728,2
103729,2
103730,2
103731,0
103732,0
103733,0
103734,0
103735,0
103736,0
103737,0
103738,2
103739,0
103740,0
103741,0
103742,0
103743,0
103744,0
103745,0
103746,0
103747,3
103748,2
103749,3
103750,3
103751,3
103752,0
103753,0
103754,0
103755,0
103756,0
103757,0
103758,0
103759,2
103760,2
103761,2
103762,0
103763,2
103764,2
103765,2
103766,0
103767,2
103768,2
103769,0
103770,0
103771,0
103772,0
103773,0
103774,0
103775,0
103776,0
103777,0
103778,0
103779,0
103780,2
103781,0
103782,0
103783,0
103784,0
103785,0
103786,0
103787,0
103788,2
103789,0
103790,0
103791,0
103792,0
103793,0
103794,0
103795,0
103796,0
103797,0
103798,0
103799,0
103800,0
103801,0
103802,2
103803,2
103804,2
103805,2
103806,2
103807,0
103808,0
103809,0
103810,0
103811,0
103812,0
103813,0
103814,2
103815,2
103816,2
103817,2
103818,2
103819,0
103820,0
103821,0
103822,0
103823,0
103824,0
103825,3
103826,2
103827,0
103828,0
103829,2
103830,2
103831,0
103832,0
103833,0
103834,2
103835,0
103836,3
103837,3
103838,3
103839,3
103840,3
103841,3
103842,3
103843,3
103844,3
103845,0
103846,0
103847,0
103848,0
103849,0
103850,3
103851,2
103852,2
103853,2
103854,2
103855,0
103856,0
103857,2
103858,3
103859,3
103860,3
103861,3
103862,2
103863,0
103864,3
103865,0
103866,1
103867,0
103868,2
103869,3
103870,2
103871,2
103872,0
103873,2
103874,2
103875,0
103876,0
103877,0
103878,0
103879,0
103880,2
103881,0
103882,0
103883,2
103884,2
103885,0
103886,0
103887,0
103888,0
103889,0
103890,0
103891,0
103892,0
103893,0
103894,0
103895,0
103896,0
103897,0
103898,0
103899,0
103900,0
103901,0
103902,0
103903,0
103904,0
103905,0
103906,0
103907,0
103908,0
103909,0
103910,0
103911,0
103912,0
103913,0
103914,0
103915,0
103916,0
103917,0
103918,0
103919,0
103920,0
103921,0
103922,0
103923,0
103924,0
103925,0
103926,0
103927,0
103928,0
103929,0
103930,0
103931,3
103932,3
103933,3
103934,2
103935,2
103936,3
103937,3
103938,3
103939,3
103940,3
103941,3
103942,3
103943,3
103944,3
103945,1
103946,3
103947,0
103948,0
103949,0
103950,0
103951,0
103952,0
103953,2
103954,3
103955,0
103956,0
103957,3
103958,0
103959,0
103960,0
103961,0
103962,0
103963,0
103964,0
103965,0
103966,0
103967,0
103968,0
103969,2
103970,0
103971,2
103972,2
103973,3
103974,2
103975,3
103976,2
103977,2
103978,2
103979,2
103980,2
103981,1
103982,1
103983,3
103984,3
103985,1
103986,3
103987,0
103988,0
103989,0
103990,0
103991,0
103992,1
103993,2
103994,2
103995,2
103996,0
103997,0
103998,0
103999,0
104000,0
104001,0
104002,0
104003,0
104004,0
104005,0
104006,0
104007,2
104008,2
104009,0
104010,2
104011,3
104012,3
104013,0
104014,0
104015,3
104016,0
104017,3
104018,3
104019,2
104020,2
104021,2
104022,2
104023,3
104024,2
104025,3
104026,2
104027,2
104028,2
104029,2
104030,2
104031,3
104032,2
104033,2
104034,2
104035,2
104036,2
104037,3
104038,2
104039,2
104040,2
104041,3
104042,0
104043,2
104044,3
104045,3
104046,0
104047,2
104048,2
104049,2
104050,2
104051,2
104052,2
104053,0
104054,0
104055,3
104056,2
104057,0
104058,0
104059,0
104060,0
104061,0
104062,0
104063,0
104064,0
104065,0
104066,0
104067,0
104068,2
104069,0
104070,2
104071,0
104072,0
104073,0
104074,0
104075,2
104076,3
104077,3
104078,2
104079,2
104080,2
104081,3
104082,3
104083,3
104084,3
104085,3
104086,2
104087,3
104088,2
104089,2
104090,2
104091,2
104092,2
104093,2
104094,2
104095,2
104096,3
104097,2
104098,2
104099,2
104100,2
104101,3
104102,2
104103,3
104104,3
104105,2
104106,2
104107,2
104108,2
104109,2
104110,2
104111,2
104112,2
104113,0
104114,2
104115,2
104116,2
104117,2
104118,3
104119,3
104120,3
104121,0
104122,0
104123,0
104124,0
104125,0
104126,0
104127,0
104128,3
104129,0
104130,3
104131,3
104132,3
104133,2
104134,3
104135,2
104136,0
104137,3
104138,0
104139,0
104140,0
104141,0
104142,0
104143,0
104144,0
104145,0
104146,0
104147,3
104148,2
104149,2
104150,0
104151,2
104152,3
104153,0
104154,3
104155,3
104156,2
104157,0
104158,2
104159,2
104160,0
104161,0
104162,0
104163,2
104164,2
104165,2
104166,3
104167,0
104168,0
104169,0
104170,2
104171,3
104172,3
104173,2
104174,2
104175,2
104176,0
104177,0
104178,0
104179,2
104180,2
104181,2
104182,2
104183,3
104184,2
104185,0
104186,0
104187,2
104188,3
104189,3
104190,0
104191,2
104192,1
104193,1
104194,1
104195,1
104196,1
104197,1
104198,1
104199,1
104200,3
104201,1
104202,1
104203,1
104204,1
104205,1
104206,1
104207,3
104208,1
104209,3
104210,1
104211,1
104212,1
104213,1
104214,3
104215,1
104216,1
104217,1
104218,1
104219,1
104220,1
104221,1
104222,1
104223,0
104224,0
104225,1
104226,0
104227,1
104228,1
104229,1
104230,3
104231,1
104232,3
104233,1
104234,1
104235,1
104236,3
104237,1
104238,1
104239,1
104240,0
104241,2
104242,2
104243,0
104244,2
104245,3
104246,3
104247,3
104248,3
104249,3
104250,3
104251,3
104252,3
104253,3
104254,3
104255,3
104256,3
104257,3
104258,1
104259,3
104260,3
104261,3
104262,1
104263,3
104264,3
104265,3
104266,3
104267,3
104268,3
104269,0
104270,0
104271,0
104272,0
104273,3
104274,3
104275,3
104276,3
104277,3
104278,3
104279,3
104280,3
104281,3
104282,3
104283,3
104284,3
104285,3
104286,3
104287,3
104288,3
104289,1
104290,3
104291,3
104292,3
104293,1
104294,1
104295,3
104296,3
104297,3
104298,3
104299,3
104300,3
104301,3
104302,3
104303,3
104304,3
104305,3
104306,3
104307,3
104308,0
104309,3
104310,3
104311,3
104312,3
104313,3
104314,3
104315,3
104316,3
104317,3
104318,3
104319,3
104320,3
104321,3
104322,3
104323,3
104324,3
104325,3
104326,3
104327,3
104328,3
104329,3
104330,3
104331,3
104332,0
104333,0
104334,0
104335,0
104336,0
104337,0
104338,0
104339,0
104340,0
104341,0
104342,0
104343,0
104344,0
104345,0
104346,3
104347,0
104348,0
104349,3
104350,0
104351,3
104352,3
104353,1
104354,0
104355,0
104356,0
104357,1
104358,3
104359,3
104360,3
104361,2
104362,2
104363,3
104364,3
104365,3
104366,3
104367,3
104368,0
104369,0
104370,0
104371,0
104372,0
104373,0
104374,0
104375,0
104376,0
104377,3
104378,3
104379,3
104380,3
104381,3
104382,3
104383,3
104384,3
104385,3
104386,0
104387,3
104388,3
104389,2
104390,0
104391,3
104392,0
104393,3
104394,0
104395,0
104396,0
104397,3
104398,3
104399,0
104400,0
104401,0
104402,3
104403,0
104404,0
104405,0
104406,3
104407,3
104408,3
104409,3
104410,0
104411,3
104412,3
104413,3
104414,1
104415,2
104416,3
104417,3
104418,3
104419,3
104420,3
104421,3
104422,3
104423,3
104424,3
104425,3
104426,3
104427,3
104428,2
104429,3
104430,3
104431,3
104432,3
104433,3
104434,3
104435,2
104436,2
104437,3
104438,2
104439,2
104440,3
104441,2
104442,3
104443,0
104444,2
104445,0
104446,2
104447,2
104448,2
104449,2
104450,2
104451,2
104452,2
104453,3
104454,2
104455,2
104456,2
104457,2
104458,2
104459,2
104460,2
104461,3
104462,2
104463,2
104464,3
104465,3
104466,2
104467,2
104468,2
104469,3
104470,2
104471,3
104472,3
104473,3
104474,3
104475,3
104476,3
104477,3
104478,2
104479,3
104480,2
104481,2
104482,3
104483,3
104484,3
104485,3
104486,2
104487,3
104488,3
104489,2
104490,2
104491,2
104492,2
104493,2
104494,2
104495,2
104496,2
104497,3
104498,3
104499,2
104500,3
104501,2
104502,2
104503,2
104504,2
104505,2
104506,2
104507,2
104508,2
104509,2
104510,2
104511,2
104512,2
104513,2
104514,2
104515,2
104516,2
104517,2
104518,2
104519,2
104520,2
104521,2
104522,2
104523,2
104524,2
104525,3
104526,2
104527,2
104528,2
104529,2
104530,2
104531,3
104532,3
104533,3
104534,3
104535,3
104536,3
104537,3
104538,3
104539,3
104540,2
104541,2
104542,2
104543,2
104544,2
104545,2
104546,2
104547,2
104548,2
104549,2
104550,2
104551,2
104552,2
104553,2
104554,2
104555,2
104556,2
104557,2
104558,2
104559,2
104560,2
104561,2
104562,2
104563,2
104564,2
104565,2
104566,2
104567,2
104568,2
104569,2
104570,2
104571,2
104572,2
104573,2
104574,2
104575,2
104576,2
104577,2
104578,2
104579,2
104580,2
104581,2
104582,2
104583,2
104584,2
104585,2
104586,2
104587,2
104588,2
104589,2
104590,2
104591,2
104592,2
104593,2
104594,2
104595,2
104596,2
104597,2
104598,2
104599,2
104600,2
104601,2
104602,2
104603,2
104604,2
104605,2
104606,2
104607,2
104608,2
104609,2
104610,2
104611,2
104612,2
104613,2
104614,2
104615,3
104616,2
104617,3
104618,2
104619,3
104620,3
104621,3
104622,3
104623,3
104624,2
104625,2
104626,2
104627,2
104628,2
104629,2
104630,2
104631,2
104632,2
104633,2
104634,2
104635,2
104636,2
104637,2
104638,2
104639,2
104640,2
104641,3
104642,2
104643,2
104644,2
104645,2
104646,2
104647,2
104648,2
104649,2
104650,2
104651,2
104652,2
104653,2
104654,2
104655,2
104656,2
104657,2
104658,2
104659,2
104660,2
104661,2
104662,2
104663,2
104664,2
104665,2
104666,2
104667,2
104668,2
104669,2
104670,2
104671,0
104672,3
104673,3
104674,3
104675,3
104676,3
104677,2
104678,3
104679,3
104680,3
104681,4
104682,4
104683,3
104684,3
104685,3
104686,0
104687,3
104688,2
104689,2
104690,2
104691,2
104692,2
104693,2
104694,0
104695,2
104696,0
104697,2
104698,2
104699,2
104700,2
104701,3
104702,2
104703,2
104704,3
104705,2
104706,2
104707,2
104708,3
104709,2
104710,3
104711,3
104712,3
104713,3
104714,3
104715,3
104716,3
104717,3
104718,3
104719,3
104720,3
104721,3
104722,3
104723,3
104724,3
104725,3
104726,3
104727,3
104728,3
104729,3
104730,3
104731,3
104732,3
104733,3
104734,3
104735,3
104736,2
104737,3
104738,3
104739,2
104740,3
104741,3
104742,3
104743,2
104744,2
104745,2
104746,2
104747,2
104748,2
104749,3
104750,3
104751,2
104752,2
104753,2
104754,3
104755,2
104756,2
104757,2
104758,3
104759,3
104760,3
104761,3
104762,2
104763,2
104764,2
104765,2
104766,2
104767,2
104768,2
104769,2
104770,2
104771,2
104772,2
104773,3
104774,3
104775,3
104776,3
104777,3
104778,3
104779,2
104780,2
104781,2
104782,2
104783,3
104784,2
104785,2
104786,2
104787,3
104788,3
104789,2
104790,3
104791,2
104792,2
104793,2
104794,2
104795,2
104796,2
104797,2
104798,3
104799,2
104800,3
104801,2
104802,2
104803,2
104804,2
104805,3
104806,2
104807,3
104808,2
104809,2
104810,2
104811,2
104812,3
104813,3
104814,3
104815,3
104816,3
104817,3
104818,2
104819,3
104820,2
104821,2
104822,3
104823,3
104824,2
104825,2
104826,2
104827,3
104828,3
104829,2
104830,2
104831,3
104832,3
104833,3
104834,3
104835,3
104836,2
104837,3
104838,2
104839,2
104840,2
104841,3
104842,3
104843,2
104844,3
104845,3
104846,3
104847,2
104848,3
104849,0
104850,0
104851,0
104852,3
104853,3
104854,3
104855,3
104856,1
104857,0
104858,2
104859,3
104860,3
104861,2
104862,2
104863,3
104864,3
104865,3
104866,3
104867,3
104868,3
104869,3
104870,3
104871,1
104872,0
104873,1
104874,1
104875,1
104876,3
104877,3
104878,3
104879,3
104880,3
104881,0
104882,0
104883,0
104884,0
104885,1
104886,1
104887,1
104888,1
104889,3
104890,3
104891,3
104892,3
104893,3
104894,3
104895,3
104896,3
104897,3
104898,2
104899,3
104900,0
104901,0
104902,3
104903,3
104904,3
104905,3
104906,0
104907,0
104908,2
104909,3
104910,3
104911,3
104912,3
104913,0
104914,0
104915,2
104916,3
104917,2
104918,3
104919,3
104920,2
104921,2
104922,3
104923,2
104924,3
104925,2
104926,3
104927,2
104928,2
104929,2
104930,2
104931,2
104932,2
104933,2
104934,3
104935,2
104936,2
104937,2
104938,3
104939,3
104940,3
104941,2
104942,3
104943,3
104944,2
104945,3
104946,2
104947,2
104948,3
104949,3
104950,3
104951,2
104952,2
104953,2
104954,2
104955,2
104956,2
104957,3
104958,2
104959,2
104960,3
104961,2
104962,3
104963,2
104964,3
104965,2
104966,2
104967,2
104968,2
104969,3
104970,2
104971,2
104972,2
104973,2
104974,2
104975,2
104976,2
104977,2
104978,2
104979,2
104980,2
104981,2
104982,2
104983,2
104984,2
104985,2
104986,2
104987,2
104988,3
104989,2
104990,3
104991,2
104992,3
104993,0
104994,3
104995,3
104996,3
104997,0
104998,0
104999,3
105000,3
105001,3
105002,3
105003,2
105004,2
105005,3
105006,3
105007,3
105008,3
105009,3
105010,3
105011,3
105012,3
105013,3
105014,0
105015,0
105016,0
105017,0
105018,0
105019,3
105020,3
105021,3
105022,3
105023,3
105024,3
105025,3
105026,3
105027,3
105028,3
105029,3
105030,0
105031,2
105032,3
105033,1
105034,1
105035,3
105036,3
105037,0
105038,0
105039,3
105040,3
105041,3
105042,3
105043,3
105044,2
105045,3
105046,3
105047,3
105048,3
105049,2
105050,2
105051,3
105052,3
105053,3
105054,3
105055,3
105056,2
105057,3
105058,3
105059,3
105060,3
105061,3
105062,3
105063,2
105064,2
105065,2
105066,3
105067,3
105068,3
105069,4
105070,3
105071,2
105072,2
105073,2
105074,2
105075,2
105076,2
105077,2
105078,2
105079,2
105080,2
105081,2
105082,2
105083,2
105084,3
105085,3
105086,3
105087,3
105088,3
105089,3
105090,3
105091,3
105092,2
105093,3
105094,2
105095,2
105096,3
105097,3
105098,3
105099,2
105100,3
105101,3
105102,3
105103,2
105104,3
105105,3
105106,2
105107,3
105108,3
105109,2
105110,3
105111,3
105112,3
105113,3
105114,3
105115,2
105116,3
105117,3
105118,2
105119,2
105120,2
105121,3
105122,2
105123,3
105124,3
105125,2
105126,2
105127,3
105128,2
105129,2
105130,2
105131,2
105132,2
105133,2
105134,2
105135,2
105136,2
105137,2
105138,2
105139,2
105140,2
105141,2
105142,3
105143,2
105144,2
105145,2
105146,2
105147,2
105148,2
105149,2
105150,2
105151,2
105152,3
105153,3
105154,2
105155,3
105156,3
105157,4
105158,3
105159,2
105160,3
105161,2
105162,3
105163,4
105164,3
105165,3
105166,3
105167,2
105168,2
105169,2
105170,2
105171,2
105172,2
105173,3
105174,3
105175,2
105176,3
105177,2
105178,3
105179,3
105180,3
105181,2
105182,3
105183,3
105184,3
105185,3
105186,3
105187,3
105188,3
105189,3
105190,3
105191,3
105192,3
105193,3
105194,0
105195,3
105196,2
105197,3
105198,3
105199,3
105200,3
105201,3
105202,3
105203,2
105204,3
105205,3
105206,3
105207,3
105208,3
105209,3
105210,3
105211,3
105212,2
105213,2
105214,2
105215,3
105216,2
105217,3
105218,3
105219,3
105220,3
105221,0
105222,2
105223,0
105224,0
105225,0
105226,1
105227,1
105228,1
105229,1
105230,1
105231,1
105232,1
105233,1
105234,1
105235,1
105236,2
105237,1
105238,1
105239,1
105240,1
105241,1
105242,1
105243,1
105244,1
105245,1
105246,1
105247,1
105248,1
105249,1
105250,1
105251,1
105252,1
105253,1
105254,1
105255,1
105256,1
105257,1
105258,1
105259,1
105260,1
105261,1
105262,1
105263,1
105264,1
105265,1
105266,1
105267,1
105268,1
105269,1
105270,1
105271,1
105272,1
105273,0
105274,1
105275,1
105276,1
105277,1
105278,1
105279,1
105280,1
105281,1
105282,1
105283,1
105284,1
105285,1
105286,1
105287,1
105288,1
105289,1
105290,1
105291,1
105292,0
105293,2
105294,1
105295,1
105296,1
105297,1
105298,1
105299,1
105300,1
105301,1
105302,1
105303,1
105304,1
105305,1
105306,1
105307,1
105308,1
105309,1
105310,1
105311,1
105312,1
105313,1
105314,2
105315,2
105316,1
105317,1
105318,2
105319,3
105320,1
105321,3
105322,1
105323,1
105324,1
105325,1
105326,1
105327,1
105328,1
105329,1
105330,1
105331,1
105332,1
105333,1
105334,1
105335,1
105336,1
105337,1
105338,1
105339,1
105340,1
105341,1
105342,1
105343,1
105344,1
105345,1
105346,1
105347,1
105348,2
105349,1
105350,1
105351,1
105352,1
105353,1
105354,1
105355,1
105356,1
105357,1
105358,1
105359,1
105360,1
105361,1
105362,1
105363,1
105364,1
105365,1
105366,1
105367,1
105368,1
105369,1
105370,1
105371,1
105372,1
105373,1
105374,1
105375,1
105376,1
105377,1
105378,1
105379,1
105380,1
105381,1
105382,1
105383,1
105384,1
105385,1
105386,1
105387,1
105388,1
105389,1
105390,1
105391,1
105392,1
105393,1
105394,1
105395,1
105396,1
105397,1
105398,1
105399,1
105400,1
105401,1
105402,1
105403,1
105404,1
105405,1
105406,1
105407,1
105408,1
105409,2
105410,3
105411,3
105412,3
105413,3
105414,3
105415,2
105416,3
105417,3
105418,2
105419,3
105420,3
105421,3
105422,2
105423,4
105424,3
105425,3
105426,3
105427,2
105428,2
105429,2
105430,2
105431,2
105432,2
105433,2
105434,2
105435,2
105436,2
105437,2
105438,3
105439,2
105440,3
105441,3
105442,2
105443,2
105444,2
105445,2
105446,2
105447,2
105448,2
105449,2
105450,2
105451,3
105452,2
105453,2
105454,2
105455,2
105456,2
105457,3
105458,2
105459,2
105460,2
105461,2
105462,3
105463,3
105464,3
105465,3
105466,2
105467,2
105468,3
105469,3
105470,3
105471,2
105472,3
105473,3
105474,3
105475,3
105476,3
105477,3
105478,3
105479,3
105480,3
105481,2
105482,3
105483,3
105484,3
105485,3
105486,3
105487,4
105488,3
105489,3
105490,3
105491,3
105492,3
105493,3
105494,3
105495,3
105496,3
105497,2
105498,3
105499,3
105500,3
105501,2
105502,2
105503,2
105504,2
105505,2
105506,2
105507,3
105508,3
105509,3
105510,2
105511,3
105512,2
105513,2
105514,2
105515,3
105516,4
105517,3
105518,3
105519,3
105520,2
105521,3
105522,2
105523,2
105524,3
105525,0
105526,0
105527,0
105528,0
105529,0
105530,0
105531,0
105532,0
105533,0
105534,0
105535,0
105536,0
105537,0
105538,0
105539,0
105540,0
105541,0
105542,0
105543,0
105544,0
105545,0
105546,0
105547,0
105548,0
105549,0
105550,0
105551,0
105552,2
105553,3
105554,0
105555,3
105556,2
105557,2
105558,3
105559,2
105560,3
105561,2
105562,3
105563,4
105564,2
105565,3
105566,3
105567,3
105568,2
105569,3
105570,3
105571,3
105572,3
105573,0
105574,3
105575,3
105576,3
105577,4
105578,2
105579,3
105580,3
105581,2
105582,2
105583,2
105584,2
105585,2
105586,2
105587,3
105588,3
105589,2
105590,2
105591,2
105592,2
105593,3
105594,2
105595,2
105596,2
105597,2
105598,3
105599,3
105600,2
105601,3
105602,2
105603,3
105604,2
105605,3
105606,3
105607,3
105608,3
105609,3
105610,3
105611,2
105612,2
105613,2
105614,2
105615,3
105616,3
105617,3
105618,3
105619,3
105620,3
105621,3
105622,3
105623,3
105624,3
105625,3
105626,2
105627,2
105628,2
105629,2
105630,3
105631,3
105632,3
105633,2
105634,2
105635,2
105636,3
105637,3
105638,3
105639,3
105640,3
105641,3
105642,3
105643,2
105644,3
105645,2
105646,2
105647,2
105648,2
105649,2
105650,0
105651,0
105652,2
105653,0
105654,3
105655,3
105656,4
105657,3
105658,3
105659,2
105660,2
105661,2
105662,2
105663,2
105664,2
105665,3
105666,3
105667,3
105668,2
105669,2
105670,2
105671,3
105672,3
105673,3
105674,3
105675,3
105676,3
105677,2
105678,3
105679,3
105680,3
105681,3
105682,3
105683,2
105684,3
105685,3
105686,3
105687,3
105688,3
105689,2
105690,2
105691,3
105692,3
105693,2
105694,3
105695,2
105696,2
105697,3
105698,3
105699,3
105700,3
105701,4
105702,3
105703,3
105704,1
105705,1
105706,1
105707,1
105708,1
105709,3
105710,3
105711,3
105712,3
105713,1
105714,1
105715,3
105716,2
105717,1
105718,4
105719,2
105720,3
105721,2
105722,3
105723,3
105724,2
105725,2
105726,2
105727,3
105728,3
105729,2
105730,3
105731,2
105732,3
105733,2
105734,3
105735,2
105736,2
105737,3
105738,2
105739,2
105740,2
105741,3
105742,3
105743,2
105744,2
105745,3
105746,3
105747,3
105748,3
105749,1
105750,1
105751,1
105752,1
105753,1
105754,1
105755,1
105756,0
105757,3
105758,0
105759,3
105760,3
105761,3
105762,3
105763,3
105764,3
105765,3
105766,3
105767,2
105768,3
105769,3
105770,2
105771,3
105772,3
105773,2
105774,3
105775,2
105776,4
105777,3
105778,1
105779,1
105780,3
105781,0
105782,3
105783,3
105784,2
105785,3
105786,2
105787,3
105788,3
105789,2
105790,3
105791,3
105792,3
105793,4
105794,2
105795,2
105796,3
105797,3
105798,3
105799,3
105800,3
105801,3
105802,2
105803,3
105804,2
105805,3
105806,2
105807,2
105808,3
105809,2
105810,2
105811,2
105812,2
105813,2
105814,3
105815,3
105816,3
105817,2
105818,2
105819,2
105820,3
105821,2
105822,2
105823,2
105824,2
105825,2
105826,2
105827,2
105828,2
105829,2
105830,2
105831,2
105832,3
105833,2
105834,2
105835,2
105836,2
105837,2
105838,3
105839,2
105840,2
105841,2
105842,2
105843,3
105844,2
105845,1
105846,3
105847,3
105848,3
105849,3
105850,1
105851,1
105852,3
105853,1
105854,2
105855,2
105856,3
105857,3
105858,2
105859,2
105860,3
105861,3
105862,2
105863,2
105864,2
105865,2
105866,2
105867,3
105868,2
105869,2
105870,2
105871,3
105872,2
105873,3
105874,2
105875,2
105876,2
105877,2
105878,3
105879,2
105880,2
105881,3
105882,3
105883,3
105884,3
105885,3
105886,3
105887,3
105888,0
105889,0
105890,0
105891,2
105892,3
105893,3
105894,0
105895,3
105896,2
105897,2
105898,2
105899,2
105900,2
105901,3
105902,0
105903,3
105904,0
105905,0
105906,0
105907,0
105908,0
105909,0
105910,0
105911,2
105912,0
105913,3
105914,2
105915,2
105916,2
105917,0
105918,0
105919,0
105920,3
105921,3
105922,3
105923,3
105924,3
105925,3
105926,1
105927,1
105928,1
105929,1
105930,1
105931,3
105932,3
105933,1
105934,2
105935,3
105936,3
105937,0
105938,0
105939,0
105940,0
105941,3
105942,3
105943,1
105944,1
105945,2
105946,3
105947,3
105948,1
105949,1
105950,3
105951,1
105952,1
105953,3
105954,3
105955,1
105956,1
105957,2
105958,1
105959,2
105960,2
105961,3
105962,1
105963,1
105964,1
105965,3
105966,3
105967,3
105968,1
105969,3
105970,3
105971,3
105972,3
105973,2
105974,2
105975,3
105976,0
105977,1
105978,3
105979,3
105980,3
105981,2
105982,2
105983,1
105984,3
105985,1
105986,1
105987,3
105988,3
105989,1
105990,1
105991,2
105992,1
105993,3
105994,3
105995,3
105996,3
105997,3
105998,3
105999,3
106000,3
106001,2
106002,3
106003,3
106004,2
106005,0
106006,0
106007,0
106008,3
106009,2
106010,0
106011,0
106012,0
106013,0
106014,0
106015,0
106016,3
106017,3
106018,3
106019,3
106020,3
106021,3
106022,3
106023,3
106024,2
106025,1
106026,1
106027,1
106028,3
106029,2
106030,3
106031,3
106032,3
106033,0
106034,3
106035,2
106036,0
106037,0
106038,0
106039,0
106040,0
106041,0
106042,2
106043,0
106044,0
106045,0
106046,3
106047,3
106048,2
106049,0
106050,0
106051,0
106052,0
106053,0
106054,0
106055,0
106056,0
106057,3
106058,3
106059,2
106060,3
106061,2
106062,2
106063,3
106064,0
106065,0
106066,3
106067,2
106068,3
106069,2
106070,3
106071,3
106072,3
106073,2
106074,3
106075,3
106076,2
106077,0
106078,0
106079,3
106080,2
106081,3
106082,2
106083,3
106084,3
106085,2
106086,3
106087,3
106088,0
106089,3
106090,3
106091,3
106092,2
106093,0
106094,3
106095,3
106096,2
106097,3
106098,3
106099,3
106100,3
106101,3
106102,0
106103,0
106104,3
106105,0
106106,2
106107,0
106108,3
106109,0
106110,3
106111,3
106112,3
106113,3
106114,0
106115,3
106116,3
106117,3
106118,3
106119,3
106120,3
106121,3
106122,2
106123,3
106124,2
106125,0
106126,0
106127,2
106128,0
106129,3
106130,2
106131,3
106132,1
106133,1
106134,0
106135,0
106136,0
106137,3
106138,3
106139,3
106140,3
106141,3
106142,3
106143,0
106144,3
106145,3
106146,2
106147,3
106148,2
106149,0
106150,3
106151,0
106152,0
106153,0
106154,0
106155,3
106156,3
106157,3
106158,3
106159,1
106160,2
106161,2
106162,2
106163,2
106164,3
106165,0
106166,2
106167,2
106168,3
106169,3
106170,3
106171,3
106172,1
106173,3
106174,3
106175,3
106176,2
106177,3
106178,3
106179,3
106180,3
106181,3
106182,1
106183,3
106184,2
106185,3
106186,2
106187,3
106188,3
106189,3
106190,3
106191,0
106192,3
106193,3
106194,3
106195,1
106196,3
106197,0
106198,2
106199,1
106200,3
106201,3
106202,2
106203,3
106204,3
106205,3
106206,2
106207,2
106208,0
106209,0
106210,3
106211,0
106212,3
106213,2
106214,3
106215,3
106216,2
106217,3
106218,0
106219,2
106220,3
106221,3
106222,0
106223,3
106224,3
106225,2
106226,2
106227,2
106228,2
106229,3
106230,3
106231,3
106232,3
106233,3
106234,3
106235,0
106236,3
106237,2
106238,3
106239,0
106240,3
106241,3
106242,1
106243,3
106244,0
106245,3
106246,3
106247,3
106248,0
106249,0
106250,2
106251,2
106252,2
106253,3
106254,3
106255,3
106256,2
106257,3
106258,2
106259,2
106260,3
106261,2
106262,2
106263,2
106264,2
106265,2
106266,3
106267,3
106268,3
106269,3
106270,2
106271,3
106272,3
106273,2
106274,3
106275,2
106276,2
106277,2
106278,2
106279,2
106280,2
106281,2
106282,2
106283,3
106284,2
106285,3
106286,2
106287,3
106288,2
106289,0
106290,0
106291,0
106292,3
106293,2
106294,0
106295,2
106296,2
106297,3
106298,2
106299,2
106300,0
106301,2
106302,0
106303,2
106304,3
106305,2
106306,3
106307,2
106308,2
106309,2
106310,2
106311,2
106312,3
106313,3
106314,2
106315,2
106316,2
106317,3
106318,2
106319,3
106320,2
106321,3
106322,1
106323,3
106324,2
106325,3
106326,2
106327,3
106328,2
106329,2
106330,2
106331,3
106332,3
106333,2
106334,0
106335,3
106336,2
106337,3
106338,3
106339,3
106340,2
106341,2
106342,2
106343,2
106344,2
106345,2
106346,2
106347,2
106348,3
106349,3
106350,3
106351,3
106352,0
106353,3
106354,2
106355,0
106356,0
106357,1
106358,3
106359,3
106360,3
106361,3
106362,3
106363,3
106364,3
106365,3
106366,3
106367,2
106368,3
106369,3
106370,3
106371,3
106372,2
106373,2
106374,3
106375,2
106376,2
106377,2
106378,3
106379,2
106380,3
106381,2
106382,2
106383,2
106384,2
106385,0
106386,2
106387,0
106388,3
106389,0
106390,3
106391,3
106392,3
106393,3
106394,2
106395,2
106396,2
106397,2
106398,2
106399,2
106400,2
106401,2
106402,3
106403,2
106404,2
106405,2
106406,2
106407,2
106408,2
106409,3
106410,2
106411,2
106412,2
106413,2
106414,2
106415,2
106416,2
106417,2
106418,2
106419,2
106420,2
106421,3
106422,2
106423,3
106424,3
106425,2
106426,2
106427,2
106428,2
106429,2
106430,2
106431,2
106432,2
106433,3
106434,3
106435,2
106436,3
106437,3
106438,0
106439,0
106440,3
106441,3
106442,0
106443,2
106444,2
106445,2
106446,1
106447,1
106448,3
106449,0
106450,1
106451,0
106452,3
106453,3
106454,2
106455,2
106456,3
106457,3
106458,3
106459,3
106460,2
106461,0
106462,3
106463,3
106464,3
106465,3
106466,3
106467,3
106468,2
106469,3
106470,2
106471,3
106472,1
106473,3
106474,1
106475,1
106476,1
106477,1
106478,3
106479,2
106480,2
106481,0
106482,3
106483,3
106484,0
106485,2
106486,3
106487,3
106488,2
106489,3
106490,3
106491,3
106492,0
106493,3
106494,2
106495,0
106496,0
106497,0
106498,3
106499,2
106500,3
106501,1
106502,2
106503,2
106504,3
106505,3
106506,3
106507,2
106508,1
106509,1
106510,2
106511,2
106512,2
106513,3
106514,3
106515,2
106516,2
106517,3
106518,3
106519,3
106520,2
106521,3
106522,3
106523,3
106524,3
106525,2
106526,2
106527,3
106528,2
106529,2
106530,3
106531,3
106532,3
106533,2
106534,1
106535,2
106536,1
106537,3
106538,1
106539,2
106540,2
106541,3
106542,3
106543,1
106544,2
106545,2
106546,1
106547,2
106548,2
106549,3
106550,3
106551,1
106552,3
106553,3
106554,0
106555,3
106556,0
106557,3
106558,0
106559,2
106560,3
106561,3
106562,2
106563,1
106564,2
106565,2
106566,2
106567,1
106568,1
106569,2
106570,3
106571,3
106572,1
106573,1
106574,2
106575,1
106576,2
106577,3
106578,2
106579,2
106580,2
106581,3
106582,2
106583,3
106584,3
106585,0
106586,2
106587,3
106588,3
106589,1
106590,3
106591,3
106592,3
106593,1
106594,3
106595,3
106596,2
106597,3
106598,3
106599,2
106600,2
106601,2
106602,3
106603,2
106604,3
106605,2
106606,2
106607,3
106608,3
106609,3
106610,3
106611,3
106612,2
106613,3
106614,2
106615,2
106616,2
106617,2
106618,1
106619,1
106620,3
106621,3
106622,3
106623,3
106624,2
106625,2
106626,2
106627,3
106628,1
106629,2
106630,1
106631,1
106632,3
106633,3
106634,3
106635,2
106636,1
106637,2
106638,2
106639,2
106640,2
106641,2
106642,1
106643,2
106644,3
106645,2
106646,2
106647,1
106648,2
106649,1
106650,3
106651,3
106652,3
106653,3
106654,3
106655,3
106656,2
106657,2
106658,2
106659,3
106660,2
106661,2
106662,2
106663,2
106664,2
106665,2
106666,2
106667,2
106668,2
106669,2
106670,3
106671,3
106672,2
106673,2
106674,3
106675,3
106676,3
106677,1
106678,3
106679,3
106680,3
106681,3
106682,3
106683,3
106684,3
106685,1
106686,1
106687,1
106688,1
106689,1
106690,1
106691,3
106692,3
106693,2
106694,3
106695,2
106696,2
106697,2
106698,3
106699,3
106700,2
106701,3
106702,2
106703,3
106704,3
106705,3
106706,3
106707,3
106708,3
106709,3
106710,2
106711,3
106712,3
106713,3
106714,3
106715,3
106716,2
106717,2
106718,2
106719,3
106720,2
106721,2
106722,2
106723,2
106724,3
106725,3
106726,3
106727,2
106728,3
106729,1
106730,3
106731,1
106732,1
106733,3
106734,0
106735,1
106736,1
106737,3
106738,1
106739,3
106740,1
106741,2
106742,2
106743,3
106744,2
106745,2
106746,3
106747,3
106748,1
106749,1
106750,3
106751,3
106752,2
106753,3
106754,3
106755,2
106756,2
106757,0
106758,2
106759,1
106760,1
106761,3
106762,2
106763,2
106764,2
106765,2
106766,2
106767,3
106768,2
106769,2
106770,2
106771,0
106772,2
106773,2
106774,2
106775,2
106776,3
106777,2
106778,3
106779,3
106780,2
106781,3
106782,3
106783,0
106784,3
106785,1
106786,2
106787,2
106788,1
106789,1
106790,3
106791,2
106792,2
106793,2
106794,2
106795,2
106796,2
106797,2
106798,2
106799,0
106800,2
106801,3
106802,2
106803,2
106804,3
106805,3
106806,0
106807,3
106808,2
106809,2
106810,1
106811,3
106812,3
106813,3
106814,3
106815,3
106816,2
106817,2
106818,2
106819,2
106820,2
106821,2
106822,2
106823,0
106824,2
106825,2
106826,2
106827,2
106828,3
106829,3
106830,3
106831,3
106832,3
106833,2
106834,2
106835,1
106836,1
106837,1
106838,2
106839,2
106840,3
106841,3
106842,2
106843,3
106844,0
106845,2
106846,2
106847,2
106848,2
106849,2
106850,2
106851,2
106852,2
106853,0
106854,2
106855,2
106856,2
106857,3
106858,1
106859,1
106860,2
106861,2
106862,2
106863,3
106864,0
106865,3
106866,3
106867,2
106868,1
106869,3
106870,3
106871,3
106872,3
106873,3
106874,2
106875,2
106876,2
106877,3
106878,3
106879,3
106880,0
106881,2
106882,2
106883,2
106884,2
106885,3
106886,2
106887,3
106888,2
106889,2
106890,2
106891,3
106892,2
106893,3
106894,2
106895,2
106896,3
106897,2
106898,3
106899,2
106900,3
106901,1
106902,1
106903,3
106904,2
106905,2
106906,2
106907,2
106908,2
106909,2
106910,2
106911,3
106912,4
106913,2
106914,2
106915,3
106916,2
106917,3
106918,0
106919,0
106920,3
106921,2
106922,2
106923,2
106924,2
106925,2
106926,2
106927,3
106928,3
106929,3
106930,4
106931,2
106932,3
106933,3
106934,3
106935,3
106936,2
106937,2
106938,3
106939,3
106940,3
106941,2
106942,3
106943,3
106944,2
106945,2
106946,2
106947,0
106948,2
106949,2
106950,2
106951,2
106952,3
106953,2
106954,3
106955,2
106956,2
106957,1
106958,1
106959,2
106960,3
106961,1
106962,2
106963,2
106964,2
106965,3
106966,3
106967,3
106968,3
106969,3
106970,3
106971,3
106972,2
106973,3
106974,2
106975,2
106976,2
106977,1
106978,1
106979,2
106980,2
106981,2
106982,3
106983,2
106984,1
106985,2
106986,3
106987,2
106988,2
106989,2
106990,2
106991,2
106992,2
106993,3
106994,2
106995,2
106996,2
106997,0
106998,2
106999,2
107000,2
107001,2
107002,1
107003,1
107004,2
107005,3
107006,0
107007,3
107008,1
107009,1
107010,2
107011,2
107012,2
107013,2
107014,3
107015,2
107016,3
107017,2
107018,3
107019,2
107020,2
107021,2
107022,1
107023,1
107024,1
107025,2
107026,2
107027,2
107028,2
107029,2
107030,2
107031,2
107032,3
107033,2
107034,2
107035,2
107036,2
107037,3
107038,2
107039,2
107040,2
107041,3
107042,2
107043,3
107044,1
107045,2
107046,2
107047,2
107048,1
107049,1
107050,2
107051,3
107052,3
107053,1
107054,3
107055,3
107056,3
107057,3
107058,2
107059,1
107060,2
107061,3
107062,3
107063,1
107064,1
107065,3
107066,1
107067,3
107068,2
107069,2
107070,2
107071,2
107072,3
107073,0
107074,3
107075,1
107076,0
107077,3
107078,3
107079,3
107080,1
107081,3
107082,3
107083,3
107084,3
107085,3
107086,2
107087,3
107088,2
107089,3
107090,1
107091,1
107092,3
107093,1
107094,1
107095,3
107096,2
107097,2
107098,3
107099,2
107100,3
107101,2
107102,2
107103,2
107104,2
107105,2
107106,2
107107,2
107108,2
107109,2
107110,3
107111,3
107112,3
107113,3
107114,2
107115,2
107116,3
107117,2
107118,2
107119,2
107120,2
107121,2
107122,2
107123,2
107124,2
107125,2
107126,2
107127,2
107128,2
107129,2
107130,2
107131,2
107132,3
107133,2
107134,2
107135,2
107136,2
107137,2
107138,2
107139,2
107140,2
107141,2
107142,2
107143,2
107144,2
107145,2
107146,2
107147,2
107148,2
107149,2
107150,2
107151,2
107152,2
107153,2
107154,3
107155,2
107156,2
107157,2
107158,2
107159,2
107160,2
107161,2
107162,2
107163,2
107164,2
107165,2
107166,2
107167,2
107168,2
107169,2
107170,2
107171,2
107172,2
107173,2
107174,2
107175,2
107176,2
107177,2
107178,2
107179,2
107180,2
107181,2
107182,2
107183,2
107184,2
107185,2
107186,2
107187,2
107188,3
107189,2
107190,2
107191,2
107192,2
107193,3
107194,2
107195,2
107196,2
107197,2
107198,2
107199,2
107200,2
107201,2
107202,2
107203,2
107204,2
107205,2
107206,3
107207,2
107208,2
107209,3
107210,2
107211,2
107212,3
107213,2
107214,2
107215,2
107216,2
107217,2
107218,2
107219,2
107220,2
107221,2
107222,2
107223,2
107224,2
107225,3
107226,2
107227,2
107228,2
107229,2
107230,2
107231,3
107232,2
107233,3
107234,2
107235,2
107236,2
107237,2
107238,2
107239,2
107240,2
107241,2
107242,2
107243,2
107244,2
107245,2
107246,2
107247,3
107248,2
107249,2
107250,2
107251,2
107252,2
107253,2
107254,2
107255,2
107256,2
107257,2
107258,2
107259,2
107260,3
107261,2
107262,2
107263,2
107264,2
107265,2
107266,2
107267,2
107268,2
107269,2
107270,2
107271,3
107272,2
107273,2
107274,2
107275,2
107276,2
107277,2
107278,2
107279,2
107280,2
107281,2
107282,2
107283,2
107284,2
107285,2
107286,2
107287,2
107288,2
107289,2
107290,2
107291,2
107292,2
107293,2
107294,2
107295,2
107296,2
107297,2
107298,2
107299,2
107300,3
107301,2
107302,2
107303,3
107304,2
107305,2
107306,2
107307,2
107308,2
107309,2
107310,2
107311,2
107312,2
107313,2
107314,2
107315,2
107316,2
107317,2
107318,2
107319,2
107320,2
107321,2
107322,2
107323,2
107324,2
107325,2
107326,2
107327,3
107328,2
107329,2
107330,2
107331,2
107332,2
107333,2
107334,2
107335,2
107336,2
107337,3
107338,2
107339,3
107340,2
107341,2
107342,2
107343,2
107344,2
107345,2
107346,2
107347,2
107348,2
107349,2
107350,2
107351,2
107352,2
107353,2
107354,2
107355,2
107356,2
107357,2
107358,2
107359,2
107360,2
107361,2
107362,2
107363,2
107364,2
107365,2
107366,2
107367,2
107368,2
107369,2
107370,2
107371,2
107372,2
107373,2
107374,2
107375,2
107376,2
107377,2
107378,2
107379,2
107380,2
107381,2
107382,2
107383,2
107384,2
107385,2
107386,2
107387,2
107388,2
107389,2
107390,2
107391,2
107392,2
107393,2
107394,2
107395,2
107396,2
107397,3
107398,2
107399,2
107400,2
107401,2
107402,2
107403,2
107404,2
107405,3
107406,2
107407,2
107408,2
107409,2
107410,2
107411,2
107412,2
107413,2
107414,2
107415,2
107416,2
107417,2
107418,2
107419,2
107420,2
107421,2
107422,2
107423,2
107424,2
107425,2
107426,2
107427,2
107428,2
107429,2
107430,2
107431,2
107432,2
107433,2
107434,2
107435,2
107436,2
107437,2
107438,2
107439,2
107440,3
107441,2
107442,2
107443,2
107444,2
107445,2
107446,2
107447,2
107448,2
107449,2
107450,2
107451,2
107452,2
107453,2
107454,2
107455,2
107456,2
107457,2
107458,3
107459,2
107460,2
107461,2
107462,2
107463,2
107464,2
107465,2
107466,2
107467,2
107468,2
107469,2
107470,2
107471,3
107472,2
107473,3
107474,2
107475,3
107476,2
107477,2
107478,2
107479,2
107480,2
107481,2
107482,2
107483,3
107484,2
107485,2
107486,2
107487,3
107488,2
107489,2
107490,3
107491,2
107492,3
107493,3
107494,2
107495,2
107496,2
107497,2
107498,3
107499,2
107500,3
107501,2
107502,2
107503,2
107504,2
107505,2
107506,2
107507,2
107508,3
107509,2
107510,3
107511,2
107512,2
107513,2
107514,2
107515,2
107516,2
107517,2
107518,2
107519,2
107520,2
107521,2
107522,2
107523,2
107524,2
107525,2
107526,2
107527,2
107528,2
107529,2
107530,2
107531,2
107532,2
107533,2
107534,2
107535,2
107536,2
107537,2
107538,2
107539,2
107540,2
107541,2
107542,2
107543,2
107544,2
107545,2
107546,2
107547,3
107548,2
107549,3
107550,2
107551,2
107552,2
107553,3
107554,3
107555,2
107556,2
107557,2
107558,2
107559,2
107560,2
107561,2
107562,3
107563,2
107564,2
107565,2
107566,2
107567,3
107568,2
107569,2
107570,2
107571,2
107572,2
107573,2
107574,2
107575,2
107576,2
107577,2
107578,2
107579,2
107580,2
107581,2
107582,2
107583,2
107584,3
107585,2
107586,2
107587,2
107588,2
107589,2
107590,3
107591,3
107592,2
107593,2
107594,2
107595,3
107596,2
107597,2
107598,2
107599,2
107600,2
107601,2
107602,2
107603,2
107604,2
107605,2
107606,2
107607,2
107608,3
107609,2
107610,2
107611,2
107612,2
107613,2
107614,2
107615,2
107616,2
107617,2
107618,2
107619,2
107620,2
107621,2
107622,2
107623,2
107624,2
107625,2
107626,2
107627,2
107628,2
107629,2
107630,3
107631,2
107632,2
107633,3
107634,3
107635,3
107636,3
107637,2
107638,3
107639,2
107640,3
107641,2
107642,2
107643,2
107644,3
107645,2
107646,2
107647,2
107648,2
107649,2
107650,2
107651,2
107652,2
107653,2
107654,2
107655,2
107656,2
107657,3
107658,2
107659,2
107660,3
107661,3
107662,3
107663,3
107664,3
107665,3
107666,3
107667,3
107668,3
107669,1
107670,3
107671,2
107672,2
107673,2
107674,2
107675,1
107676,3
107677,2
107678,2
107679,3
107680,3
107681,2
107682,2
107683,2
107684,2
107685,2
107686,2
107687,2
107688,2
107689,2
107690,2
107691,2
107692,2
107693,2
107694,3
107695,3
107696,2
107697,0
107698,2
107699,2
107700,2
107701,2
107702,2
107703,2
107704,0
107705,2
107706,2
107707,2
107708,2
107709,2
107710,2
107711,2
107712,2
107713,2
107714,2
107715,3
107716,3
107717,2
107718,2
107719,2
107720,0
107721,2
107722,2
107723,2
107724,2
107725,2
107726,2
107727,2
107728,2
107729,2
107730,2
107731,2
107732,2
107733,2
107734,2
107735,2
107736,2
107737,3
107738,2
107739,2
107740,2
107741,2
107742,0
107743,2
107744,2
107745,2
107746,2
107747,2
107748,2
107749,2
107750,2
107751,2
107752,2
107753,2
107754,2
107755,2
107756,2
107757,3
107758,2
107759,3
107760,2
107761,2
107762,2
107763,2
107764,3
107765,2
107766,3
107767,3
107768,2
107769,2
107770,2
107771,2
107772,2
107773,2
107774,2
107775,2
107776,2
107777,0
107778,3
107779,2
107780,2
107781,0
107782,3
107783,3
107784,3
107785,2
107786,2
107787,2
107788,2
107789,2
107790,3
107791,2
107792,3
107793,2
107794,2
107795,2
107796,2
107797,2
107798,2
107799,3
107800,3
107801,2
107802,2
107803,3
107804,2
107805,2
107806,3
107807,3
107808,2
107809,2
107810,2
107811,2
107812,2
107813,2
107814,2
107815,2
107816,2
107817,2
107818,2
107819,2
107820,2
107821,2
107822,2
107823,2
107824,2
107825,2
107826,2
107827,3
107828,0
107829,0
107830,3
107831,0
107832,2
107833,2
107834,2
107835,2
107836,3
107837,3
107838,2
107839,2
107840,2
107841,2
107842,2
107843,2
107844,2
107845,2
107846,2
107847,2
107848,2
107849,2
107850,2
107851,2
107852,2
107853,2
107854,2
107855,2
107856,2
107857,3
107858,2
107859,2
107860,2
107861,2
107862,2
107863,2
107864,2
107865,2
107866,3
107867,3
107868,2
107869,2
107870,2
107871,2
107872,2
107873,2
107874,2
107875,2
107876,3
107877,2
107878,3
107879,2
107880,2
107881,2
107882,3
107883,3
107884,3
107885,3
107886,3
107887,3
107888,3
107889,3
107890,3
107891,0
107892,3
107893,3
107894,4
107895,3
107896,3
107897,0
107898,3
107899,3
107900,4
107901,3
107902,3
107903,3
107904,0
107905,3
107906,3
107907,3
107908,3
107909,3
107910,3
107911,3
107912,3
107913,3
107914,3
107915,3
107916,3
107917,3
107918,3
107919,3
107920,2
107921,2
107922,2
107923,2
107924,2
107925,2
107926,2
107927,2
107928,2
107929,2
107930,2
107931,2
107932,2
107933,2
107934,2
107935,2
107936,2
107937,2
107938,2
107939,3
107940,2
107941,2
107942,2
107943,2
107944,2
107945,3
107946,0
107947,2
107948,2
107949,2
107950,2
107951,2
107952,2
107953,3
107954,2
107955,2
107956,2
107957,2
107958,3
107959,2
107960,2
107961,2
107962,2
107963,2
107964,2
107965,2
107966,3
107967,3
107968,2
107969,2
107970,2
107971,2
107972,2
107973,2
107974,2
107975,2
107976,2
107977,2
107978,3
107979,3
107980,3
107981,3
107982,2
107983,3
107984,3
107985,3
107986,3
107987,3
107988,4
107989,3
107990,2
107991,3
107992,1
107993,3
107994,1
107995,3
107996,3
107997,3
107998,3
107999,3
108000,3
108001,2
108002,2
108003,3
108004,2
108005,3
108006,2
108007,2
108008,3
108009,2
108010,3
108011,2
108012,3
108013,2
108014,2
108015,2
108016,2
108017,0
108018,2
108019,2
108020,2
108021,2
108022,2
108023,2
108024,2
108025,2
108026,2
108027,2
108028,2
108029,2
108030,2
108031,2
108032,3
108033,2
108034,2
108035,2
108036,3
108037,3
108038,2
108039,2
108040,3
108041,2
108042,2
108043,2
108044,2
108045,2
108046,2
108047,2
108048,2
108049,2
108050,2
108051,2
108052,2
108053,2
108054,2
108055,2
108056,2
108057,2
108058,2
108059,2
108060,2
108061,2
108062,2
108063,2
108064,3
108065,3
108066,2
108067,3
108068,2
108069,2
108070,2
108071,2
108072,2
108073,3
108074,3
108075,2
108076,3
108077,2
108078,2
108079,3
108080,3
108081,0
108082,2
108083,3
108084,0
108085,0
108086,1
108087,3
108088,3
108089,3
108090,1
108091,3
108092,2
108093,2
108094,3
108095,0
108096,2
108097,2
108098,3
108099,2
108100,2
108101,2
108102,2
108103,0
108104,3
108105,2
108106,2
108107,2
108108,0
108109,3
108110,2
108111,3
108112,3
108113,3
108114,2
108115,3
108116,3
108117,3
108118,3
108119,3
108120,2
108121,3
108122,2
108123,3
108124,3
108125,3
108126,3
108127,2
108128,3
108129,3
108130,2
108131,3
108132,3
108133,3
108134,3
108135,2
108136,2
108137,2
108138,2
108139,2
108140,2
108141,2
108142,2
108143,3
108144,3
108145,2
108146,2
108147,2
108148,2
108149,2
108150,2
108151,2
108152,2
108153,2
108154,2
108155,2
108156,2
108157,2
108158,2
108159,3
108160,2
108161,3
108162,2
108163,3
108164,3
108165,2
108166,2
108167,2
108168,2
108169,3
108170,2
108171,2
108172,2
108173,2
108174,2
108175,2
108176,2
108177,2
108178,2
108179,2
108180,2
108181,2
108182,2
108183,2
108184,2
108185,2
108186,3
108187,2
108188,2
108189,2
108190,2
108191,2
108192,3
108193,2
108194,3
108195,2
108196,2
108197,2
108198,2
108199,2
108200,2
108201,2
108202,2
108203,2
108204,2
108205,2
108206,2
108207,2
108208,2
108209,2
108210,2
108211,2
108212,2
108213,2
108214,2
108215,2
108216,2
108217,2
108218,2
108219,2
108220,2
108221,2
108222,2
108223,2
108224,3
108225,2
108226,2
108227,2
108228,2
108229,2
108230,3
108231,2
108232,2
108233,2
108234,2
108235,3
108236,3
108237,2
108238,2
108239,2
108240,2
108241,2
108242,2
108243,2
108244,2
108245,2
108246,2
108247,2
108248,2
108249,2
108250,2
108251,2
108252,2
108253,2
108254,2
108255,2
108256,2
108257,2
108258,2
108259,3
108260,3
108261,2
108262,2
108263,2
108264,3
108265,2
108266,2
108267,3
108268,2
108269,2
108270,2
108271,3
108272,3
108273,3
108274,2
108275,2
108276,3
108277,2
108278,3
108279,0
108280,2
108281,2
108282,2
108283,2
108284,2
108285,2
108286,0
108287,2
108288,2
108289,2
108290,2
108291,2
108292,2
108293,2
108294,2
108295,2
108296,2
108297,2
108298,2
108299,2
108300,2
108301,2
108302,2
108303,2
108304,2
108305,2
108306,2
108307,2
108308,2
108309,2
108310,2
108311,2
108312,2
108313,2
108314,2
108315,2
108316,2
108317,2
108318,2
108319,2
108320,2
108321,2
108322,2
108323,2
108324,2
108325,2
108326,2
108327,2
108328,2
108329,2
108330,2
108331,2
108332,2
108333,2
108334,2
108335,2
108336,2
108337,2
108338,2
108339,3
108340,2
108341,3
108342,2
108343,2
108344,2
108345,2
108346,2
108347,3
108348,2
108349,3
108350,2
108351,2
108352,2
108353,2
108354,2
108355,2
108356,2
108357,3
108358,2
108359,2
108360,2
108361,2
108362,2
108363,2
108364,2
108365,2
108366,2
108367,2
108368,2
108369,2
108370,2
108371,2
108372,2
108373,2
108374,2
108375,2
108376,2
108377,2
108378,2
108379,2
108380,2
108381,2
108382,2
108383,2
108384,2
108385,2
108386,2
108387,2
108388,2
108389,3
108390,2
108391,3
108392,3
108393,2
108394,2
108395,2
108396,2
108397,3
108398,2
108399,2
108400,2
108401,3
108402,2
108403,3
108404,2
108405,2
108406,2
108407,3
108408,3
108409,2
108410,2
108411,2
108412,2
108413,2
108414,2
108415,2
108416,2
108417,2
108418,2
108419,2
108420,3
108421,2
108422,3
108423,2
108424,2
108425,2
108426,2
108427,2
108428,2
108429,2
108430,2
108431,2
108432,2
108433,2
108434,2
108435,2
108436,2
108437,2
108438,2
108439,2
108440,2
108441,2
108442,2
108443,2
108444,2
108445,2
108446,2
108447,2
108448,2
108449,2
108450,2
108451,2
108452,2
108453,2
108454,2
108455,2
108456,2
108457,2
108458,0
108459,2
108460,2
108461,2
108462,2
108463,2
108464,0
108465,2
108466,2
108467,2
108468,2
108469,2
108470,2
108471,2
108472,2
108473,2
108474,2
108475,2
108476,2
108477,2
108478,2
108479,2
108480,2
108481,2
108482,2
108483,2
108484,2
108485,2
108486,2
108487,2
108488,2
108489,2
108490,2
108491,2
108492,2
108493,2
108494,2
108495,2
108496,2
108497,2
108498,2
108499,2
108500,2
108501,2
108502,2
108503,2
108504,2
108505,2
108506,2
108507,2
108508,2
108509,2
108510,2
108511,2
108512,2
108513,2
108514,3
108515,2
108516,2
108517,3
108518,2
108519,2
108520,2
108521,2
108522,2
108523,2
108524,2
108525,2
108526,2
108527,2
108528,2
108529,2
108530,2
108531,2
108532,2
108533,2
108534,2
108535,2
108536,2
108537,2
108538,2
108539,2
108540,2
108541,2
108542,2
108543,2
108544,2
108545,2
108546,2
108547,2
108548,2
108549,2
108550,2
108551,2
108552,2
108553,2
108554,2
108555,2
108556,2
108557,2
108558,2
108559,2
108560,2
108561,2
108562,2
108563,2
108564,2
108565,2
108566,2
108567,2
108568,2
108569,2
108570,2
108571,2
108572,2
108573,2
108574,2
108575,2
108576,2
108577,2
108578,2
108579,2
108580,2
108581,2
108582,2
108583,2
108584,2
108585,2
108586,2
108587,2
108588,2
108589,2
108590,2
108591,2
108592,3
108593,2
108594,2
108595,2
108596,2
108597,2
108598,2
108599,2
108600,2
108601,2
108602,2
108603,2
108604,2
108605,2
108606,2
108607,2
108608,2
108609,2
108610,2
108611,2
108612,2
108613,2
108614,2
108615,2
108616,2
108617,2
108618,2
108619,3
108620,2
108621,2
108622,3
108623,2
108624,2
108625,3
108626,3
108627,2
108628,2
108629,2
108630,3
108631,1
108632,3
108633,2
108634,2
108635,3
108636,2
108637,3
108638,2
108639,2
108640,2
108641,2
108642,2
108643,3
108644,2
108645,2
108646,2
108647,2
108648,2
108649,2
108650,2
108651,2
108652,2
108653,2
108654,2
108655,2
108656,2
108657,2
108658,2
108659,2
108660,2
108661,2
108662,3
108663,2
108664,2
108665,2
108666,2
108667,2
108668,2
108669,2
108670,2
108671,1
108672,2
108673,2
108674,2
108675,3
108676,3
108677,2
108678,3
108679,2
108680,2
108681,2
108682,2
108683,2
108684,2
108685,2
108686,2
108687,2
108688,2
108689,2
108690,2
108691,2
108692,2
108693,3
108694,3
108695,3
108696,3
108697,3
108698,3
108699,3
108700,3
108701,3
108702,3
108703,3
108704,3
108705,3
108706,0
108707,3
108708,3
108709,3
108710,3
108711,3
108712,3
108713,2
108714,3
108715,3
108716,3
108717,3
108718,3
108719,3
108720,2
108721,3
108722,3
108723,3
108724,3
108725,3
108726,3
108727,3
108728,3
108729,3
108730,3
108731,3
108732,3
108733,3
108734,3
108735,3
108736,3
108737,3
108738,3
108739,3
108740,3
108741,3
108742,3
108743,3
108744,3
108745,3
108746,3
108747,3
108748,3
108749,3
108750,3
108751,3
108752,3
108753,3
108754,3
108755,3
108756,3
108757,3
108758,3
108759,3
108760,3
108761,0
108762,3
108763,3
108764,3
108765,3
108766,3
108767,2
108768,3
108769,3
108770,3
108771,2
108772,3
108773,3
108774,3
108775,3
108776,3
108777,3
108778,3
108779,3
108780,2
108781,3
108782,3
108783,3
108784,2
108785,3
108786,3
108787,3
108788,3
108789,3
108790,3
108791,3
108792,3
108793,3
108794,3
108795,3
108796,2
108797,3
108798,3
108799,3
108800,3
108801,3
108802,3
108803,2
108804,2
108805,3
108806,3
108807,3
108808,2
108809,3
108810,3
108811,3
108812,3
108813,3
108814,3
108815,3
108816,0
108817,0
108818,3
108819,0
108820,0
108821,2
108822,0
108823,0
108824,0
108825,0
108826,3
108827,0
108828,0
108829,0
108830,0
108831,0
108832,0
108833,3
108834,0
108835,0
108836,0
108837,0
108838,0
108839,0
108840,0
108841,0
108842,0
108843,0
108844,0
108845,3
108846,0
108847,3
108848,3
108849,0
108850,0
108851,0
108852,0
108853,0
108854,3
108855,0
108856,0
108857,3
108858,3
108859,3
108860,3
108861,3
108862,3
108863,0
108864,0
108865,0
108866,3
108867,0
108868,0
108869,0
108870,2
108871,0
108872,0
108873,0
108874,2
108875,3
108876,3
108877,3
108878,3
108879,3
108880,3
108881,3
108882,3
108883,3
108884,3
108885,3
108886,3
108887,3
108888,3
108889,3
108890,3
108891,3
108892,3
108893,3
108894,3
108895,3
108896,3
108897,3
108898,3
108899,3
108900,2
108901,3
108902,3
108903,3
108904,2
108905,3
108906,3
108907,2
108908,3
108909,3
108910,3
108911,3
108912,3
108913,3
108914,3
108915,3
108916,3
108917,3
108918,3
108919,3
108920,3
108921,3
108922,3
108923,3
108924,3
108925,3
108926,3
108927,2
108928,2
108929,3
108930,3
108931,3
108932,3
108933,2
108934,3
108935,3
108936,3
108937,3
108938,3
108939,2
108940,3
108941,3
108942,3
108943,3
108944,3
108945,3
108946,3
108947,3
108948,3
108949,3
108950,3
108951,3
108952,0
108953,0
108954,0
108955,0
108956,0
108957,0
108958,0
108959,0
108960,0
108961,2
108962,0
108963,0
108964,0
108965,0
108966,0
108967,0
108968,2
108969,0
108970,0
108971,0
108972,0
108973,0
108974,2
108975,0
108976,0
108977,0
108978,0
108979,1
108980,3
108981,0
108982,0
108983,0
108984,3
108985,3
108986,3
108987,3
108988,3
108989,1
108990,2
108991,2
108992,3
108993,3
108994,3
108995,2
108996,2
108997,2
108998,2
108999,1
109000,1
109001,3
109002,3
109003,3
109004,3
109005,0
109006,0
109007,1
109008,1
109009,1
109010,1
109011,1
109012,1
109013,1
109014,1
109015,3
109016,3
109017,0
109018,0
109019,0
109020,2
109021,0
109022,0
109023,2
109024,0
109025,0
109026,0
109027,0
109028,0
109029,3
109030,0
109031,0
109032,0
109033,1
109034,0
109035,0
109036,0
109037,0
109038,0
109039,0
109040,3
109041,3
109042,3
109043,3
109044,3
109045,3
109046,1
109047,1
109048,1
109049,1
109050,1
109051,1
109052,1
109053,1
109054,1
109055,1
109056,1
109057,1
109058,1
109059,1
109060,1
109061,1
109062,1
109063,1
109064,1
109065,2
109066,1
109067,1
109068,1
109069,3
109070,3
109071,2
109072,3
109073,3
109074,3
109075,3
109076,3
109077,2
109078,1
109079,1
109080,3
109081,3
109082,3
109083,3
109084,3
109085,3
109086,0
109087,3
109088,0
109089,3
109090,2
109091,3
109092,3
109093,3
109094,0
109095,3
109096,0
109097,3
109098,2
109099,3
109100,3
109101,2
109102,3
109103,3
109104,3
109105,3
109106,3
109107,3
109108,3
109109,3
109110,3
109111,3
109112,3
109113,3
109114,3
109115,3
109116,3
109117,3
109118,3
109119,3
109120,3
109121,3
109122,3
109123,3
109124,3
109125,3
109126,3
109127,3
109128,3
109129,3
109130,3
109131,3
109132,3
109133,3
109134,3
109135,3
109136,3
109137,3
109138,3
109139,0
109140,3
109141,0
109142,0
109143,0
109144,3
109145,3
109146,3
109147,3
109148,0
109149,0
109150,0
109151,0
109152,1
109153,3
109154,0
109155,3
109156,3
109157,3
109158,3
109159,2
109160,3
109161,3
109162,3
109163,1
109164,3
109165,2
109166,0
109167,0
109168,0
109169,0
109170,0
109171,0
109172,0
109173,0
109174,0
109175,0
109176,0
109177,0
109178,0
109179,0
109180,0
109181,0
109182,0
109183,0
109184,0
109185,0
109186,3
109187,0
109188,2
109189,3
109190,0
109191,0
109192,1
109193,1
109194,3
109195,1
109196,1
109197,1
109198,1
109199,1
109200,1
109201,1
109202,2
109203,0
109204,3
109205,3
109206,2
109207,3
109208,2
109209,3
109210,2
109211,3
109212,3
109213,3
109214,3
109215,3
109216,3
109217,3
109218,2
109219,3
109220,3
109221,3
109222,3
109223,3
109224,3
109225,2
109226,0
109227,0
109228,3
109229,2
109230,3
109231,3
109232,3
109233,3
109234,3
109235,3
109236,3
109237,3
109238,3
109239,3
109240,3
109241,3
109242,3
109243,3
109244,3
109245,3
109246,3
109247,3
109248,3
109249,3
109250,3
109251,3
109252,3
109253,3
109254,3
109255,3
109256,3
109257,3
109258,3
109259,3
109260,3
109261,3
109262,3
109263,3
109264,0
109265,0
109266,3
109267,3
109268,3
109269,3
109270,3
109271,3
109272,3
109273,3
109274,3
109275,3
109276,3
109277,3
109278,3
109279,2
109280,3
109281,3
109282,3
109283,3
109284,3
109285,3
109286,3
109287,3
109288,3
109289,3
109290,0
109291,3
109292,3
109293,3
109294,3
109295,3
109296,3
109297,2
109298,3
109299,0
109300,0
109301,3
109302,3
109303,0
109304,3
109305,0
109306,3
109307,0
109308,3
109309,0
109310,3
109311,3
109312,2
109313,3
109314,3
109315,3
109316,3
109317,3
109318,3
109319,3
109320,3
109321,3
109322,3
109323,3
109324,3
109325,3
109326,3
109327,3
109328,3
109329,3
109330,3
109331,3
109332,3
109333,3
109334,3
109335,3
109336,3
109337,3
109338,3
109339,3
109340,3
109341,3
109342,3
109343,3
109344,3
109345,3
109346,3
109347,3
109348,3
109349,1
109350,3
109351,3
109352,3
109353,3
109354,3
109355,3
109356,3
109357,3
109358,3
109359,3
109360,3
109361,3
109362,0
109363,3
109364,3
109365,3
109366,3
109367,3
109368,3
109369,3
109370,3
109371,3
109372,3
109373,3
109374,3
109375,3
109376,3
109377,3
109378,3
109379,3
109380,0
109381,0
109382,0
109383,3
109384,3
109385,3
109386,0
109387,0
109388,3
109389,3
109390,0
109391,3
109392,3
109393,3
109394,3
109395,3
109396,3
109397,3
109398,3
109399,3
109400,3
109401,3
109402,3
109403,3
109404,3
109405,3
109406,3
109407,3
109408,3
109409,3
109410,3
109411,3
109412,3
109413,3
109414,3
109415,3
109416,3
109417,3
109418,3
109419,3
109420,3
109421,3
109422,3
109423,3
109424,3
109425,3
109426,3
109427,3
109428,3
109429,3
109430,3
109431,3
109432,3
109433,3
109434,3
109435,3
109436,3
109437,3
109438,3
109439,3
109440,3
109441,3
109442,3
109443,3
109444,2
109445,3
109446,3
109447,3
109448,2
109449,3
109450,3
109451,3
109452,3
109453,3
109454,3
109455,3
109456,3
109457,3
109458,3
109459,3
109460,3
109461,3
109462,3
109463,3
109464,3
109465,3
109466,0
109467,3
109468,0
109469,0
109470,0
109471,0
109472,0
109473,0
109474,0
109475,3
109476,3
109477,3
109478,3
109479,3
109480,3
109481,3
109482,3
109483,3
109484,3
109485,3
109486,3
109487,3
109488,3
109489,3
109490,3
109491,3
109492,3
109493,3
109494,3
109495,3
109496,3
109497,3
109498,3
109499,3
109500,3
109501,3
109502,3
109503,3
109504,3
109505,3
109506,3
109507,3
109508,3
109509,3
109510,3
109511,3
109512,2
109513,3
109514,3
109515,3
109516,3
109517,3
109518,3
109519,3
109520,3
109521,3
109522,3
109523,3
109524,3
109525,3
109526,3
109527,3
109528,3
109529,3
109530,3
109531,3
109532,3
109533,3
109534,3
109535,3
109536,3
109537,3
109538,1
109539,3
109540,1
109541,1
109542,1
109543,1
109544,1
109545,1
109546,1
109547,1
109548,1
109549,1
109550,3
109551,1
109552,1
109553,1
109554,1
109555,1
109556,1
109557,1
109558,1
109559,1
109560,1
109561,1
109562,1
109563,1
109564,1
109565,1
109566,0
109567,2
109568,0
109569,0
109570,1
109571,0
109572,0
109573,0
109574,0
109575,0
109576,0
109577,0
109578,0
109579,0
109580,0
109581,0
109582,0
109583,0
109584,3
109585,0
109586,3
109587,0
109588,3
109589,3
109590,0
109591,0
109592,3
109593,3
109594,0
109595,2
109596,0
109597,0
109598,0
109599,0
109600,3
109601,3
109602,3
109603,3
109604,3
109605,1
109606,3
109607,2
109608,2
109609,0
109610,3
109611,3
109612,3
109613,3
109614,3
109615,3
109616,0
109617,0
109618,3
109619,2
109620,3
109621,3
109622,2
109623,2
109624,2
109625,2
109626,2
109627,3
109628,2
109629,2
109630,2
109631,2
109632,3
109633,3
109634,3
109635,3
109636,3
109637,3
109638,3
109639,3
109640,3
109641,3
109642,3
109643,3
109644,2
109645,2
109646,2
109647,2
109648,2
109649,2
109650,3
109651,3
109652,3
109653,2
109654,2
109655,2
109656,2
109657,2
109658,3
109659,3
109660,2
109661,2
109662,3
109663,3
109664,3
109665,3
109666,3
109667,2
109668,2
109669,2
109670,2
109671,2
109672,2
109673,0
109674,2
109675,3
109676,2
109677,2
109678,3
109679,3
109680,2
109681,3
109682,2
109683,2
109684,3
109685,3
109686,2
109687,3
109688,2
109689,2
109690,2
109691,2
109692,3
109693,3
109694,3
109695,2
109696,3
109697,2
109698,2
109699,2
109700,2
109701,2
109702,3
109703,3
109704,3
109705,3
109706,2
109707,2
109708,2
109709,3
109710,2
109711,2
109712,3
109713,2
109714,3
109715,2
109716,2
109717,2
109718,2
109719,2
109720,2
109721,2
109722,2
109723,2
109724,2
109725,3
109726,3
109727,2
109728,2
109729,2
109730,3
109731,2
109732,3
109733,2
109734,2
109735,2
109736,2
109737,0
109738,3
109739,2
109740,3
109741,3
109742,3
109743,3
109744,3
109745,3
109746,3
109747,3
109748,2
109749,2
109750,2
109751,2
109752,2
109753,2
109754,3
109755,2
109756,2
109757,3
109758,2
109759,2
109760,2
109761,2
109762,2
109763,2
109764,2
109765,2
109766,2
109767,3
109768,2
109769,2
109770,3
109771,2
109772,3
109773,2
109774,2
109775,0
109776,2
109777,2
109778,3
109779,0
109780,2
109781,2
109782,2
109783,2
109784,2
109785,0
109786,0
109787,2
109788,2
109789,2
109790,3
109791,2
109792,2
109793,3
109794,3
109795,3
109796,2
109797,2
109798,2
109799,3
109800,2
109801,2
109802,2
109803,2
109804,2
109805,3
109806,2
109807,2
109808,2
109809,2
109810,2
109811,2
109812,2
109813,2
109814,3
109815,2
109816,3
109817,3
109818,2
109819,2
109820,2
109821,2
109822,2
109823,2
109824,2
109825,2
109826,2
109827,2
109828,2
109829,2
109830,3
109831,2
109832,2
109833,2
109834,2
109835,3
109836,2
109837,3
109838,2
109839,2
109840,2
109841,3
109842,3
109843,2
109844,0
109845,2
109846,2
109847,2
109848,2
109849,3
109850,2
109851,3
109852,2
109853,3
109854,3
109855,2
109856,2
109857,3
109858,2
109859,2
109860,2
109861,3
109862,3
109863,3
109864,3
109865,2
109866,3
109867,3
109868,3
109869,2
109870,2
109871,2
109872,2
109873,2
109874,2
109875,2
109876,2
109877,2
109878,2
109879,3
109880,2
109881,3
109882,2
109883,2
109884,2
109885,2
109886,2
109887,3
109888,2
109889,2
109890,2
109891,2
109892,2
109893,2
109894,2
109895,2
109896,3
109897,2
109898,2
109899,3
109900,2
109901,2
109902,2
109903,2
109904,2
109905,3
109906,2
109907,0
109908,2
109909,2
109910,2
109911,2
109912,2
109913,2
109914,2
109915,2
109916,2
109917,2
109918,2
109919,2
109920,2
109921,2
109922,2
109923,2
109924,2
109925,2
109926,3
109927,5
109928,2
109929,3
109930,3
109931,2
109932,2
109933,1
109934,2
109935,3
109936,2
109937,2
109938,2
109939,2
109940,3
109941,3
109942,2
109943,1
109944,2
109945,2
109946,2
109947,2
109948,3
109949,3
109950,3
109951,3
109952,3
109953,3
109954,2
109955,2
109956,2
109957,2
109958,3
109959,3
109960,3
109961,2
109962,3
109963,2
109964,3
109965,3
109966,2
109967,1
109968,3
109969,3
109970,3
109971,3
109972,3
109973,3
109974,3
109975,3
109976,3
109977,3
109978,3
109979,3
109980,3
109981,3
109982,3
109983,3
109984,2
109985,3
109986,3
109987,3
109988,3
109989,2
109990,3
109991,3
109992,2
109993,0
109994,0
109995,3
109996,3
109997,2
109998,2
109999,3
110000,3
110001,3
110002,3
110003,3
110004,3
110005,3
110006,3
110007,3
110008,3
110009,2
110010,0
110011,3
110012,3
110013,3
110014,3
110015,2
110016,3
110017,3
110018,3
110019,3
110020,3
110021,3
110022,3
110023,3
110024,3
110025,3
110026,3
110027,2
110028,2
110029,3
110030,3
110031,2
110032,3
110033,2
110034,2
110035,2
110036,3
110037,3
110038,3
110039,3
110040,2
110041,2
110042,3
110043,2
110044,3
110045,2
110046,2
110047,2
110048,2
110049,3
110050,2
110051,2
110052,3
110053,2
110054,2
110055,2
110056,2
110057,2
110058,2
110059,2
110060,2
110061,2
110062,2
110063,3
110064,2
110065,3
110066,2
110067,3
110068,2
110069,3
110070,3
110071,2
110072,3
110073,2
110074,3
110075,3
110076,3
110077,3
110078,3
110079,3
110080,3
110081,3
110082,3
110083,3
110084,3
110085,3
110086,3
110087,2
110088,2
110089,3
110090,2
110091,2
110092,2
110093,2
110094,2
110095,2
110096,2
110097,2
110098,2
110099,2
110100,2
110101,2
110102,2
110103,2
110104,2
110105,2
110106,2
110107,2
110108,2
110109,2
110110,2
110111,2
110112,2
110113,2
110114,2
110115,2
110116,2
110117,2
110118,2
110119,2
110120,2
110121,2
110122,2
110123,2
110124,2
110125,2
110126,2
110127,2
110128,2
110129,2
110130,2
110131,2
110132,2
110133,2
110134,2
110135,2
110136,2
110137,2
110138,2
110139,2
110140,3
110141,3
110142,2
110143,2
110144,3
110145,2
110146,3
110147,2
110148,2
110149,3
110150,2
110151,2
110152,2
110153,2
110154,2
110155,3
110156,3
110157,2
110158,2
110159,2
110160,2
110161,2
110162,2
110163,2
110164,2
110165,2
110166,2
110167,2
110168,2
110169,2
110170,2
110171,2
110172,2
110173,3
110174,2
110175,2
110176,0
110177,0
110178,0
110179,2
110180,0
110181,0
110182,0
110183,0
110184,0
110185,0
110186,0
110187,0
110188,2
110189,0
110190,0
110191,0
110192,0
110193,0
110194,0
110195,0
110196,0
110197,0
110198,0
110199,2
110200,0
110201,0
110202,0
110203,0
110204,0
110205,0
110206,0
110207,0
110208,0
110209,2
110210,2
110211,0
110212,2
110213,2
110214,2
110215,2
110216,2
110217,3
110218,2
110219,2
110220,2
110221,2
110222,0
110223,2
110224,2
110225,2
110226,3
110227,2
110228,1
110229,1
110230,1
110231,1
110232,1
110233,3
110234,1
110235,3
110236,1
110237,1
110238,1
110239,1
110240,2
110241,2
110242,1
110243,1
110244,1
110245,1
110246,1
110247,1
110248,1
110249,1
110250,1
110251,1
110252,1
110253,1
110254,1
110255,1
110256,1
110257,1
110258,1
110259,1
110260,1
110261,1
110262,1
110263,1
110264,1
110265,1
110266,1
110267,3
110268,1
110269,1
110270,1
110271,1
110272,1
110273,1
110274,1
110275,1
110276,1
110277,1
110278,1
110279,1
110280,1
110281,1
110282,3
110283,1
110284,1
110285,1
110286,1
110287,1
110288,1
110289,1
110290,1
110291,1
110292,1
110293,3
110294,3
110295,1
110296,1
110297,1
110298,3
110299,1
110300,1
110301,1
110302,1
110303,1
110304,1
110305,1
110306,1
110307,1
110308,1
110309,1
110310,1
110311,1
110312,1
110313,1
110314,1
110315,1
110316,1
110317,1
110318,1
110319,1
110320,1
110321,3
110322,0
110323,2
110324,2
110325,2
110326,0
110327,0
110328,0
110329,3
110330,3
110331,2
110332,2
110333,3
110334,3
110335,3
110336,3
110337,2
110338,3
110339,3
110340,3
110341,3
110342,2
110343,3
110344,3
110345,2
110346,2
110347,2
110348,2
110349,3
110350,3
110351,3
110352,3
110353,2
110354,3
110355,3
110356,3
110357,3
110358,3
110359,3
110360,3
110361,3
110362,3
110363,2
110364,2
110365,2
110366,3
110367,3
110368,3
110369,3
110370,3
110371,3
110372,2
110373,3
110374,3
110375,3
110376,2
110377,3
110378,2
110379,2
110380,3
110381,3
110382,3
110383,3
110384,3
110385,3
110386,3
110387,3
110388,3
110389,3
110390,3
110391,3
110392,2
110393,3
110394,3
110395,3
110396,3
110397,3
110398,2
110399,3
110400,3
110401,3
110402,1
110403,3
110404,3
110405,1
110406,3
110407,3
110408,3
110409,3
110410,3
110411,3
110412,3
110413,3
110414,3
110415,2
110416,3
110417,3
110418,3
110419,3
110420,3
110421,2
110422,2
110423,3
110424,3
110425,3
110426,3
110427,1
110428,1
110429,2
110430,3
110431,1
110432,1
110433,3
110434,3
110435,3
110436,3
110437,0
110438,0
110439,0
110440,2
110441,0
110442,2
110443,2
110444,2
110445,2
110446,2
110447,2
110448,2
110449,2
110450,2
110451,2
110452,2
110453,2
110454,2
110455,2
110456,2
110457,2
110458,2
110459,2
110460,2
110461,2
110462,2
110463,2
110464,2
110465,2
110466,2
110467,2
110468,2
110469,2
110470,2
110471,2
110472,2
110473,2
110474,2
110475,2
110476,2
110477,2
110478,2
110479,2
110480,2
110481,2
110482,2
110483,2
110484,2
110485,2
110486,2
110487,2
110488,2
110489,2
110490,2
110491,2
110492,2
110493,2
110494,2
110495,2
110496,2
110497,0
110498,2
110499,2
110500,2
110501,2
110502,2
110503,2
110504,2
110505,2
110506,2
110507,2
110508,2
110509,2
110510,2
110511,2
110512,2
110513,2
110514,2
110515,2
110516,2
110517,2
110518,2
110519,2
110520,2
110521,2
110522,2
110523,2
110524,2
110525,2
110526,2
110527,2
110528,2
110529,2
110530,2
110531,2
110532,2
110533,2
110534,2
110535,2
110536,3
110537,3
110538,2
110539,2
110540,2
110541,2
110542,2
110543,2
110544,2
110545,2
110546,2
110547,2
110548,2
110549,2
110550,2
110551,2
110552,2
110553,2
110554,2
110555,2
110556,2
110557,2
110558,2
110559,2
110560,2
110561,2
110562,2
110563,2
110564,2
110565,2
110566,2
110567,2
110568,2
110569,2
110570,2
110571,2
110572,2
110573,2
110574,2
110575,2
110576,2
110577,2
110578,2
110579,3
110580,2
110581,2
110582,2
110583,3
110584,3
110585,2
110586,2
110587,2
110588,3
110589,2
110590,3
110591,2
110592,3
110593,3
110594,3
110595,2
110596,3
110597,2
110598,3
110599,2
110600,2
110601,3
110602,2
110603,3
110604,3
110605,2
110606,3
110607,3
110608,2
110609,2
110610,2
110611,3
110612,2
110613,3
110614,2
110615,2
110616,3
110617,2
110618,2
110619,2
110620,2
110621,2
110622,3
110623,2
110624,2
110625,2
110626,3
110627,3
110628,3
110629,2
110630,3
110631,3
110632,2
110633,3
110634,2
110635,2
110636,2
110637,3
110638,2
110639,2
110640,3
110641,3
110642,2
110643,2
110644,2
110645,3
110646,2
110647,3
110648,2
110649,2
110650,2
110651,2
110652,2
110653,2
110654,3
110655,3
110656,3
110657,3
110658,3
110659,3
110660,3
110661,2
110662,3
110663,3
110664,3
110665,3
110666,2
110667,3
110668,2
110669,3
110670,3
110671,3
110672,3
110673,3
110674,3
110675,2
110676,0
110677,0
110678,0
110679,0
110680,0
110681,0
110682,0
110683,0
110684,0
110685,2
110686,0
110687,0
110688,3
110689,2
110690,2
110691,2
110692,3
110693,2
110694,3
110695,0
110696,0
110697,3
110698,3
110699,3
110700,2
110701,3
110702,2
110703,2
110704,3
110705,2
110706,3
110707,2
110708,2
110709,2
110710,2
110711,3
110712,3
110713,2
110714,2
110715,3
110716,2
110717,3
110718,2
110719,3
110720,2
110721,2
110722,3
110723,2
110724,3
110725,2
110726,2
110727,3
110728,3
110729,3
110730,3
110731,2
110732,3
110733,3
110734,2
110735,3
110736,3
110737,2
110738,3
110739,2
110740,3
110741,3
110742,3
110743,3
110744,3
110745,3
110746,3
110747,3
110748,3
110749,2
110750,2
110751,3
110752,3
110753,3
110754,0
110755,0
110756,0
110757,2
110758,0
110759,0
110760,2
110761,0
110762,0
110763,2
110764,0
110765,2
110766,0
110767,2
110768,0
110769,2
110770,3
110771,3
110772,2
110773,0
110774,1
110775,0
110776,0
110777,0
110778,0
110779,0
110780,2
110781,3
110782,0
110783,0
110784,0
110785,0
110786,0
110787,0
110788,0
110789,0
110790,0
110791,0
110792,0
110793,0
110794,0
110795,3
110796,2
110797,3
110798,2
110799,3
110800,3
110801,3
110802,3
110803,3
110804,3
110805,3
110806,3
110807,2
110808,2
110809,2
110810,3
110811,3
110812,3
110813,3
110814,3
110815,3
110816,3
110817,3
110818,3
110819,3
110820,3
110821,3
110822,2
110823,2
110824,3
110825,3
110826,3
110827,2
110828,3
110829,3
110830,3
110831,3
110832,3
110833,3
110834,3
110835,3
110836,3
110837,3
110838,2
110839,3
110840,2
110841,3
110842,2
110843,2
110844,2
110845,2
110846,2
110847,2
110848,2
110849,2
110850,2
110851,3
110852,3
110853,3
110854,2
110855,2
110856,2
110857,2
110858,3
110859,3
110860,3
110861,2
110862,3
110863,3
110864,2
110865,2
110866,3
110867,2
110868,2
110869,2
110870,2
110871,2
110872,2
110873,2
110874,2
110875,3
110876,2
110877,2
110878,2
110879,2
110880,2
110881,2
110882,2
110883,2
110884,3
110885,2
110886,2
110887,2
110888,2
110889,3
110890,2
110891,3
110892,2
110893,2
110894,2
110895,2
110896,2
110897,2
110898,2
110899,3
110900,3
110901,0
110902,2
110903,2
110904,2
110905,2
110906,2
110907,3
110908,2
110909,2
110910,2
110911,2
110912,2
110913,2
110914,2
110915,2
110916,2
110917,3
110918,3
110919,2
110920,2
110921,2
110922,2
110923,3
110924,3
110925,2
110926,2
110927,2
110928,2
110929,2
110930,2
110931,3
110932,3
110933,2
110934,3
110935,2
110936,2
110937,2
110938,3
110939,2
110940,2
110941,3
110942,3
110943,2
110944,3
110945,2
110946,2
110947,2
110948,2
110949,3
110950,2
110951,2
110952,2
110953,3
110954,2
110955,2
110956,2
110957,2
110958,2
110959,2
110960,2
110961,3
110962,2
110963,2
110964,2
110965,2
110966,2
110967,2
110968,3
110969,3
110970,3
110971,3
110972,3
110973,3
110974,3
110975,3
110976,3
110977,3
110978,1
110979,3
110980,3
110981,3
110982,3
110983,0
110984,3
110985,3
110986,3
110987,3
110988,3
110989,3
110990,3
110991,3
110992,3
110993,3
110994,3
110995,2
110996,3
110997,3
110998,2
110999,3
111000,2
111001,2
111002,2
111003,2
111004,2
111005,2
111006,2
111007,2
111008,2
111009,2
111010,2
111011,2
111012,3
111013,2
111014,0
111015,2
111016,2
111017,2
111018,0
111019,0
111020,2
111021,3
111022,0
111023,2
111024,0
111025,3
111026,0
111027,0
111028,2
111029,2
111030,0
111031,0
111032,0
111033,0
111034,0
111035,3
111036,3
111037,2
111038,0
111039,3
111040,3
111041,3
111042,3
111043,0
111044,3
111045,3
111046,3
111047,3
111048,0
111049,0
111050,0
111051,0
111052,0
111053,0
111054,3
111055,3
111056,3
111057,3
111058,3
111059,3
111060,2
111061,2
111062,3
111063,3
111064,3
111065,3
111066,3
111067,3
111068,3
111069,3
111070,2
111071,0
111072,2
111073,0
111074,3
111075,3
111076,2
111077,3
111078,3
111079,3
111080,3
111081,3
111082,3
111083,3
111084,3
111085,3
111086,2
111087,3
111088,1
111089,3
111090,3
111091,3
111092,2
111093,3
111094,2
111095,3
111096,3
111097,2
111098,3
111099,3
111100,2
111101,2
111102,3
111103,3
111104,3
111105,3
111106,3
111107,3
111108,3
111109,3
111110,3
111111,3
111112,3
111113,3
111114,3
111115,3
111116,3
111117,3
111118,3
111119,3
111120,3
111121,3
111122,0
111123,0
111124,0
111125,3
111126,2
111127,3
111128,3
111129,3
111130,3
111131,0
111132,0
111133,0
111134,0
111135,0
111136,0
111137,0
111138,0
111139,0
111140,0
111141,2
111142,0
111143,2
111144,0
111145,0
111146,0
111147,2
111148,0
111149,0
111150,0
111151,0
111152,0
111153,2
111154,0
111155,0
111156,0
111157,0
111158,0
111159,0
111160,0
111161,0
111162,0
111163,0
111164,0
111165,2
111166,3
111167,3
111168,3
111169,3
111170,3
111171,3
111172,3
111173,3
111174,2
111175,3
111176,2
111177,3
111178,3
111179,2
111180,2
111181,0
111182,3
111183,3
111184,0
111185,2
111186,0
111187,0
111188,0
111189,3
111190,0
111191,0
111192,3
111193,3
111194,3
111195,3
111196,3
111197,3
111198,3
111199,3
111200,3
111201,3
111202,3
111203,3
111204,3
111205,0
111206,0
111207,0
111208,0
111209,0
111210,0
111211,0
111212,0
111213,3
111214,0
111215,0
111216,2
111217,3
111218,2
111219,3
111220,3
111221,2
111222,2
111223,3
111224,2
111225,3
111226,3
111227,1
111228,1
111229,2
111230,2
111231,2
111232,3
111233,3
111234,3
111235,3
111236,1
111237,1
111238,1
111239,1
111240,1
111241,0
111242,3
111243,0
111244,2
111245,0
111246,3
111247,3
111248,3
111249,3
111250,2
111251,3
111252,3
111253,3
111254,3
111255,3
111256,0
111257,2
111258,0
111259,2
111260,0
111261,3
111262,2
111263,3
111264,0
111265,2
111266,2
111267,0
111268,1
111269,1
111270,1
111271,1
111272,1
111273,3
111274,2
111275,2
111276,2
111277,2
111278,2
111279,3
111280,2
111281,2
111282,2
111283,2
111284,2
111285,2
111286,2
111287,2
111288,3
111289,3
111290,2
111291,2
111292,3
111293,3
111294,3
111295,3
111296,3
111297,3
111298,3
111299,2
111300,2
111301,3
111302,2
111303,2
111304,2
111305,3
111306,3
111307,3
111308,3
111309,3
111310,3
111311,1
111312,1
111313,1
111314,3
111315,3
111316,3
111317,3
111318,3
111319,3
111320,3
111321,2
111322,0
111323,0
111324,0
111325,0
111326,0
111327,0
111328,0
111329,0
111330,0
111331,0
111332,0
111333,0
111334,0
111335,0
111336,2
111337,0
111338,2
111339,2
111340,3
111341,3
111342,3
111343,3
111344,3
111345,3
111346,3
111347,2
111348,1
111349,1
111350,3
111351,2
111352,2
111353,1
111354,3
111355,3
111356,3
111357,3
111358,3
111359,3
111360,3
111361,0
111362,0
111363,2
111364,0
111365,0
111366,2
111367,1
111368,1
111369,1
111370,2
111371,3
111372,3
111373,3
111374,3
111375,3
111376,3
111377,3
111378,3
111379,3
111380,3
111381,3
111382,0
111383,0
111384,0
111385,0
111386,1
111387,2
111388,0
111389,0
111390,0
111391,0
111392,0
111393,1
111394,0
111395,3
111396,3
111397,3
111398,3
111399,2
111400,0
111401,3
111402,3
111403,1
111404,2
111405,0
111406,1
111407,1
111408,1
111409,3
111410,3
111411,1
111412,1
111413,1
111414,1
111415,1
111416,1
111417,2
111418,3
111419,2
111420,2
111421,3
111422,3
111423,0
111424,1
111425,1
111426,1
111427,2
111428,3
111429,3
111430,3
111431,3
111432,3
111433,3
111434,3
111435,3
111436,3
111437,3
111438,3
111439,2
111440,3
111441,3
111442,3
111443,3
111444,3
111445,3
111446,3
111447,2
111448,2
111449,2
111450,2
111451,2
111452,3
111453,2
111454,3
111455,3
111456,2
111457,2
111458,3
111459,2
111460,2
111461,2
111462,2
111463,2
111464,2
111465,2
111466,2
111467,2
111468,2
111469,2
111470,2
111471,2
111472,2
111473,2
111474,2
111475,2
111476,2
111477,2
111478,2
111479,2
111480,2
111481,2
111482,2
111483,2
111484,2
111485,2
111486,3
111487,2
111488,2
111489,2
111490,2
111491,2
111492,2
111493,2
111494,2
111495,2
111496,2
111497,0
111498,2
111499,2
111500,2
111501,2
111502,2
111503,2
111504,2
111505,2
111506,2
111507,2
111508,2
111509,2
111510,2
111511,2
111512,2
111513,2
111514,2
111515,2
111516,2
111517,2
111518,2
111519,2
111520,2
111521,2
111522,2
111523,2
111524,2
111525,2
111526,3
111527,2
111528,2
111529,2
111530,3
111531,2
111532,2
111533,2
111534,2
111535,2
111536,2
111537,2
111538,0
111539,2
111540,2
111541,2
111542,2
111543,3
111544,2
111545,2
111546,2
111547,2
111548,2
111549,2
111550,2
111551,2
111552,2
111553,2
111554,2
111555,2
111556,2
111557,2
111558,2
111559,2
111560,2
111561,2
111562,2
111563,2
111564,2
111565,2
111566,2
111567,2
111568,2
111569,2
111570,2
111571,2
111572,2
111573,2
111574,2
111575,2
111576,2
111577,2
111578,2
111579,2
111580,3
111581,2
111582,3
111583,2
111584,2
111585,2
111586,3
111587,2
111588,3
111589,2
111590,2
111591,2
111592,2
111593,2
111594,2
111595,2
111596,2
111597,2
111598,2
111599,2
111600,3
111601,0
111602,3
111603,2
111604,2
111605,2
111606,0
111607,2
111608,3
111609,3
111610,3
111611,3
111612,0
111613,0
111614,2
111615,3
111616,0
111617,1
111618,0
111619,2
111620,3
111621,3
111622,2
111623,3
111624,3
111625,2
111626,2
111627,2
111628,2
111629,2
111630,2
111631,2
111632,2
111633,2
111634,2
111635,2
111636,2
111637,2
111638,2
111639,2
111640,2
111641,2
111642,2
111643,2
111644,3
111645,2
111646,2
111647,3
111648,3
111649,3
111650,0
111651,2
111652,0
111653,0
111654,2
111655,0
111656,3
111657,0
111658,2
111659,2
111660,3
111661,2
111662,2
111663,0
111664,2
111665,3
111666,2
111667,2
111668,2
111669,4
111670,2
111671,3
111672,3
111673,2
111674,3
111675,3
111676,2
111677,2
111678,3
111679,2
111680,2
111681,2
111682,3
111683,0
111684,3
111685,1
111686,2
111687,3
111688,2
111689,2
111690,0
111691,3
111692,2
111693,2
111694,3
111695,3
111696,3
111697,2
111698,2
111699,3
111700,2
111701,3
111702,3
111703,3
111704,3
111705,2
111706,2
111707,2
111708,3
111709,3
111710,2
111711,3
111712,2
111713,2
111714,3
111715,3
111716,2
111717,2
111718,2
111719,2
111720,2
111721,0
111722,2
111723,2
111724,2
111725,2
111726,3
111727,2
111728,2
111729,3
111730,3
111731,3
111732,3
111733,3
111734,3
111735,3
111736,3
111737,2
111738,2
111739,3
111740,3
111741,3
111742,3
111743,2
111744,2
111745,2
111746,2
111747,2
111748,2
111749,2
111750,2
111751,2
111752,3
111753,2
111754,2
111755,3
111756,3
111757,2
111758,2
111759,2
111760,2
111761,2
111762,2
111763,3
111764,3
111765,3
111766,3
111767,3
111768,3
111769,3
111770,3
111771,2
111772,2
111773,2
111774,0
111775,2
111776,2
111777,3
111778,2
111779,2
111780,2
111781,2
111782,2
111783,3
111784,3
111785,3
111786,3
111787,3
111788,3
111789,3
111790,3
111791,3
111792,2
111793,3
111794,2
111795,2
111796,2
111797,3
111798,2
111799,2
111800,3
111801,3
111802,3
111803,3
111804,2
111805,2
111806,2
111807,3
111808,3
111809,3
111810,2
111811,2
111812,3
111813,3
111814,3
111815,3
111816,2
111817,3
111818,3
111819,0
111820,2
111821,2
111822,2
111823,2
111824,3
111825,2
111826,2
111827,2
111828,2
111829,0
111830,3
111831,2
111832,2
111833,2
111834,3
111835,3
111836,2
111837,2
111838,2
111839,2
111840,2
111841,2
111842,2
111843,2
111844,2
111845,2
111846,2
111847,2
111848,2
111849,3
111850,2
111851,3
111852,2
111853,2
111854,2
111855,3
111856,3
111857,3
111858,3
111859,2
111860,2
111861,2
111862,2
111863,2
111864,2
111865,2
111866,2
111867,2
111868,2
111869,2
111870,2
111871,2
111872,2
111873,2
111874,3
111875,2
111876,2
111877,2
111878,2
111879,2
111880,2
111881,2
111882,2
111883,2
111884,2
111885,2
111886,2
111887,2
111888,2
111889,2
111890,2
111891,2
111892,2
111893,2
111894,2
111895,3
111896,2
111897,2
111898,2
111899,2
111900,2
111901,2
111902,2
111903,2
111904,2
111905,2
111906,2
111907,2
111908,2
111909,2
111910,2
111911,2
111912,2
111913,2
111914,2
111915,3
111916,2
111917,2
111918,2
111919,2
111920,2
111921,2
111922,2
111923,2
111924,2
111925,2
111926,3
111927,3
111928,3
111929,2
111930,3
111931,2
111932,3
111933,2
111934,3
111935,2
111936,2
111937,2
111938,2
111939,3
111940,2
111941,2
111942,2
111943,2
111944,3
111945,2
111946,2
111947,2
111948,2
111949,0
111950,2
111951,0
111952,2
111953,2
111954,3
111955,3
111956,3
111957,3
111958,2
111959,3
111960,2
111961,2
111962,3
111963,2
111964,3
111965,3
111966,2
111967,2
111968,0
111969,3
111970,0
111971,2
111972,2
111973,3
111974,2
111975,2
111976,3
111977,3
111978,0
111979,2
111980,2
111981,2
111982,2
111983,3
111984,2
111985,2
111986,3
111987,2
111988,2
111989,2
111990,2
111991,2
111992,2
111993,2
111994,2
111995,2
111996,2
111997,3
111998,2
111999,2
112000,2
112001,1
112002,2
112003,3
112004,2
112005,2
112006,2
112007,2
112008,2
112009,2
112010,3
112011,2
112012,2
112013,2
112014,3
112015,3
112016,2
112017,2
112018,2
112019,2
112020,2
112021,2
112022,2
112023,2
112024,2
112025,2
112026,2
112027,2
112028,2
112029,2
112030,2
112031,2
112032,2
112033,2
112034,2
112035,2
112036,2
112037,2
112038,2
112039,2
112040,2
112041,2
112042,2
112043,2
112044,3
112045,2
112046,2
112047,2
112048,3
112049,2
112050,3
112051,2
112052,2
112053,2
112054,3
112055,2
112056,2
112057,3
112058,3
112059,3
112060,2
112061,2
112062,2
112063,2
112064,2
112065,2
112066,3
112067,2
112068,3
112069,2
112070,2
112071,2
112072,3
112073,2
112074,2
112075,2
112076,2
112077,3
112078,3
112079,2
112080,2
112081,2
112082,2
112083,2
112084,3
112085,0
112086,3
112087,2
112088,2
112089,2
112090,3
112091,2
112092,2
112093,0
112094,2
112095,2
112096,2
112097,2
112098,2
112099,2
112100,3
112101,2
112102,3
112103,2
112104,3
112105,2
112106,2
112107,2
112108,2
112109,0
112110,0
112111,0
112112,3
112113,0
112114,3
112115,0
112116,3
112117,1
112118,2
112119,0
112120,2
112121,2
112122,2
112123,2
112124,2
112125,2
112126,3
112127,2
112128,2
112129,3
112130,3
112131,2
112132,2
112133,2
112134,2
112135,2
112136,2
112137,2
112138,2
112139,2
112140,2
112141,2
112142,2
112143,2
112144,2
112145,3
112146,3
112147,2
112148,2
112149,2
112150,2
112151,2
112152,2
112153,2
112154,2
112155,2
112156,2
112157,2
112158,3
112159,2
112160,2
112161,2
112162,2
112163,2
112164,0
112165,3
112166,2
112167,3
112168,2
112169,2
112170,2
112171,2
112172,3
112173,2
112174,2
112175,3
112176,2
112177,2
112178,3
112179,2
112180,2
112181,0
112182,2
112183,2
112184,2
112185,2
112186,2
112187,2
112188,0
112189,2
112190,0
112191,0
112192,2
112193,2
112194,2
112195,2
112196,2
112197,2
112198,2
112199,2
112200,2
112201,2
112202,2
112203,2
112204,2
112205,3
112206,2
112207,2
112208,2
112209,3
112210,2
112211,2
112212,2
112213,2
112214,2
112215,2
112216,2
112217,2
112218,2
112219,2
112220,0
112221,2
112222,2
112223,2
112224,2
112225,2
112226,3
112227,0
112228,0
112229,3
112230,2
112231,2
112232,2
112233,2
112234,3
112235,2
112236,2
112237,2
112238,2
112239,3
112240,2
112241,2
112242,2
112243,2
112244,3
112245,3
112246,2
112247,2
112248,3
112249,2
112250,2
112251,2
112252,2
112253,2
112254,2
112255,2
112256,2
112257,2
112258,2
112259,3
112260,0
112261,2
112262,2
112263,2
112264,2
112265,2
112266,3
112267,2
112268,2
112269,2
112270,2
112271,2
112272,3
112273,2
112274,2
112275,2
112276,2
112277,2
112278,3
112279,3
112280,2
112281,0
112282,2
112283,2
112284,3
112285,3
112286,2
112287,2
112288,2
112289,2
112290,2
112291,0
112292,1
112293,3
112294,2
112295,0
112296,3
112297,2
112298,3
112299,2
112300,0
112301,3
112302,0
112303,1
112304,0
112305,0
112306,2
112307,2
112308,2
112309,2
112310,3
112311,2
112312,3
112313,3
112314,2
112315,3
112316,2
112317,2
112318,2
112319,2
112320,2
112321,2
112322,2
112323,2
112324,2
112325,3
112326,2
112327,2
112328,3
112329,2
112330,2
112331,2
112332,2
112333,2
112334,2
112335,2
112336,3
112337,2
112338,2
112339,3
112340,2
112341,2
112342,2
112343,3
112344,2
112345,2
112346,2
112347,2
112348,3
112349,3
112350,2
112351,2
112352,3
112353,1
112354,1
112355,1
112356,2
112357,2
112358,2
112359,2
112360,3
112361,2
112362,2
112363,2
112364,2
112365,3
112366,2
112367,2
112368,2
112369,2
112370,1
112371,1
112372,2
112373,3
112374,2
112375,3
112376,3
112377,2
112378,2
112379,3
112380,2
112381,3
112382,2
112383,3
112384,2
112385,2
112386,3
112387,2
112388,3
112389,2
112390,2
112391,1
112392,2
112393,2
112394,2
112395,2
112396,2
112397,2
112398,2
112399,2
112400,2
112401,2
112402,2
112403,3
112404,2
112405,2
112406,2
112407,2
112408,3
112409,3
112410,3
112411,3
112412,3
112413,3
112414,3
112415,2
112416,3
112417,2
112418,3
112419,2
112420,3
112421,3
112422,3
112423,3
112424,3
112425,3
112426,3
112427,3
112428,5
112429,3
112430,2
112431,2
112432,2
112433,3
112434,3
112435,3
112436,2
112437,3
112438,1
112439,2
112440,3
112441,2
112442,2
112443,2
112444,3
112445,3
112446,2
112447,3
112448,3
112449,2
112450,3
112451,3
112452,3
112453,3
112454,2
112455,2
112456,2
112457,2
112458,3
112459,2
112460,3
112461,3
112462,2
112463,3
112464,2
112465,2
112466,3
112467,2
112468,3
112469,2
112470,2
112471,3
112472,2
112473,2
112474,1
112475,3
112476,3
112477,2
112478,2
112479,3
112480,2
112481,2
112482,2
112483,2
112484,2
112485,2
112486,2
112487,2
112488,3
112489,2
112490,3
112491,2
112492,2
112493,2
112494,2
112495,2
112496,3
112497,2
112498,2
112499,2
112500,2
112501,3
112502,2
112503,2
112504,2
112505,2
112506,2
112507,3
112508,3
112509,2
112510,2
112511,2
112512,3
112513,2
112514,2
112515,2
112516,2
112517,2
112518,2
112519,2
112520,3
112521,3
112522,3
112523,2
112524,3
112525,3
112526,2
112527,2
112528,2
112529,2
112530,2
112531,2
112532,2
112533,2
112534,3
112535,2
112536,3
112537,2
112538,2
112539,2
112540,2
112541,2
112542,2
112543,2
112544,2
112545,2
112546,2
112547,2
112548,2
112549,3
112550,2
112551,2
112552,2
112553,2
112554,2
112555,2
112556,3
112557,2
112558,2
112559,2
112560,2
112561,3
112562,2
112563,2
112564,3
112565,2
112566,2
112567,3
112568,2
112569,2
112570,2
112571,2
112572,3
112573,2
112574,2
112575,3
112576,2
112577,2
112578,3
112579,3
112580,2
112581,3
112582,3
112583,1
112584,1
112585,2
112586,3
112587,2
112588,3
112589,3
112590,2
112591,2
112592,3
112593,2
112594,3
112595,2
112596,3
112597,3
112598,3
112599,2
112600,2
112601,2
112602,2
112603,3
112604,3
112605,2
112606,2
112607,2
112608,2
112609,3
112610,3
112611,1
112612,1
112613,3
112614,2
112615,2
112616,2
112617,2
112618,2
112619,2
112620,2
112621,3
112622,2
112623,2
112624,2
112625,2
112626,3
112627,2
112628,2
112629,0
112630,3
112631,3
112632,2
112633,2
112634,2
112635,3
112636,2
112637,3
112638,2
112639,2
112640,2
112641,2
112642,3
112643,3
112644,2
112645,2
112646,2
112647,2
112648,2
112649,2
112650,0
112651,2
112652,2
112653,3
112654,2
112655,2
112656,2
112657,3
112658,2
112659,2
112660,2
112661,3
112662,2
112663,2
112664,2
112665,2
112666,2
112667,2
112668,2
112669,2
112670,2
112671,2
112672,2
112673,3
112674,2
112675,0
112676,3
112677,2
112678,2
112679,3
112680,2
112681,2
112682,3
112683,3
112684,3
112685,3
112686,3
112687,2
112688,2
112689,2
112690,2
112691,2
112692,3
112693,3
112694,3
112695,3
112696,2
112697,3
112698,2
112699,2
112700,2
112701,2
112702,2
112703,2
112704,2
112705,2
112706,3
112707,3
112708,3
112709,3
112710,2
112711,2
112712,2
112713,2
112714,3
112715,2
112716,2
112717,2
112718,2
112719,2
112720,3
112721,3
112722,3
112723,3
112724,3
112725,3
112726,0
112727,3
112728,1
112729,2
112730,2
112731,2
112732,2
112733,2
112734,2
112735,2
112736,0
112737,2
112738,2
112739,3
112740,3
112741,3
112742,3
112743,2
112744,0
112745,2
112746,2
112747,2
112748,2
112749,2
112750,3
112751,2
112752,3
112753,3
112754,2
112755,2
112756,3
112757,2
112758,2
112759,0
112760,3
112761,2
112762,2
112763,2
112764,2
112765,2
112766,1
112767,3
112768,3
112769,2
112770,2
112771,3
112772,3
112773,2
112774,2
112775,0
112776,0
112777,2
112778,2
112779,2
112780,2
112781,2
112782,2
112783,2
112784,2
112785,3
112786,2
112787,2
112788,2
112789,2
112790,2
112791,2
112792,2
112793,2
112794,2
112795,2
112796,2
112797,3
112798,3
112799,2
112800,0
112801,3
112802,3
112803,2
112804,2
112805,2
112806,3
112807,2
112808,2
112809,2
112810,2
112811,1
112812,3
112813,3
112814,3
112815,3
112816,3
112817,3
112818,2
112819,3
112820,3
112821,3
112822,2
112823,2
112824,3
112825,3
112826,3
112827,2
112828,3
112829,2
112830,2
112831,2
112832,2
112833,2
112834,2
112835,3
112836,3
112837,3
112838,3
112839,3
112840,3
112841,3
112842,3
112843,3
112844,2
112845,2
112846,2
112847,2
112848,3
112849,3
112850,3
112851,2
112852,2
112853,2
112854,3
112855,3
112856,2
112857,3
112858,2
112859,3
112860,2
112861,2
112862,2
112863,3
112864,2
112865,3
112866,3
112867,2
112868,3
112869,0
112870,2
112871,2
112872,2
112873,2
112874,2
112875,2
112876,3
112877,3
112878,3
112879,2
112880,2
112881,2
112882,2
112883,3
112884,2
112885,3
112886,2
112887,0
112888,2
112889,1
112890,3
112891,2
112892,2
112893,3
112894,2
112895,2
112896,3
112897,2
112898,0
112899,3
112900,3
112901,2
112902,3
112903,3
112904,3
112905,3
112906,2
112907,2
112908,3
112909,3
112910,3
112911,3
112912,2
112913,2
112914,3
112915,3
112916,2
112917,2
112918,0
112919,2
112920,2
112921,2
112922,2
112923,3
112924,2
112925,2
112926,2
112927,2
112928,2
112929,2
112930,2
112931,2
112932,2
112933,2
112934,2
112935,2
112936,2
112937,2
112938,2
112939,2
112940,0
112941,2
112942,2
112943,2
112944,2
112945,2
112946,2
112947,2
112948,2
112949,2
112950,3
112951,0
112952,0
112953,2
112954,0
112955,2
112956,2
112957,2
112958,0
112959,0
112960,0
112961,2
112962,3
112963,3
112964,2
112965,0
112966,2
112967,0
112968,0
112969,0
112970,2
112971,2
112972,0
112973,3
112974,3
112975,0
112976,2
112977,2
112978,3
112979,2
112980,3
112981,2
112982,3
112983,2
112984,2
112985,3
112986,2
112987,2
112988,0
112989,3
112990,2
112991,2
112992,2
112993,3
112994,3
112995,2
112996,3
112997,2
112998,3
112999,2
113000,2
113001,2
113002,2
113003,2
113004,2
113005,2
113006,2
113007,2
113008,2
113009,2
113010,2
113011,2
113012,3
113013,2
113014,3
113015,2
113016,2
113017,2
113018,3
113019,3
113020,2
113021,3
113022,3
113023,2
113024,2
113025,3
113026,2
113027,3
113028,2
113029,2
113030,3
113031,3
113032,2
113033,2
113034,2
113035,3
113036,2
113037,2
113038,3
113039,2
113040,2
113041,2
113042,3
113043,2
113044,2
113045,3
113046,2
113047,2
113048,2
113049,2
113050,2
113051,2
113052,2
113053,2
113054,2
113055,2
113056,2
113057,2
113058,2
113059,2
113060,2
113061,2
113062,2
113063,2
113064,2
113065,2
113066,3
113067,2
113068,2
113069,2
113070,2
113071,2
113072,2
113073,2
113074,2
113075,2
113076,2
113077,2
113078,3
113079,3
113080,2
113081,2
113082,2
113083,2
113084,2
113085,3
113086,2
113087,2
113088,2
113089,2
113090,2
113091,2
113092,3
113093,3
113094,2
113095,2
113096,2
113097,2
113098,2
113099,2
113100,2
113101,2
113102,2
113103,2
113104,2
113105,2
113106,2
113107,2
113108,2
113109,2
113110,2
113111,2
113112,2
113113,2
113114,2
113115,3
113116,2
113117,2
113118,2
113119,2
113120,2
113121,2
113122,2
113123,2
113124,2
113125,2
113126,2
113127,2
113128,2
113129,2
113130,0
113131,2
113132,2
113133,2
113134,2
113135,2
113136,2
113137,0
113138,2
113139,2
113140,2
113141,2
113142,3
113143,2
113144,2
113145,2
113146,3
113147,2
113148,2
113149,2
113150,2
113151,2
113152,2
113153,2
113154,2
113155,2
113156,2
113157,2
113158,3
113159,2
113160,3
113161,2
113162,3
113163,2
113164,3
113165,3
113166,2
113167,2
113168,2
113169,2
113170,2
113171,3
113172,3
113173,3
113174,2
113175,3
113176,3
113177,3
113178,3
113179,2
113180,2
113181,2
113182,2
113183,3
113184,2
113185,2
113186,3
113187,2
113188,2
113189,2
113190,2
113191,3
113192,2
113193,2
113194,2
113195,2
113196,2
113197,2
113198,2
113199,2
113200,2
113201,2
113202,2
113203,3
113204,2
113205,2
113206,2
113207,2
113208,2
113209,2
113210,3
113211,3
113212,2
113213,2
113214,2
113215,2
113216,2
113217,2
113218,3
113219,2
113220,2
113221,2
113222,2
113223,2
113224,2
113225,2
113226,2
113227,2
113228,2
113229,2
113230,2
113231,2
113232,2
113233,2
113234,2
113235,2
113236,3
113237,2
113238,3
113239,2
113240,2
113241,2
113242,2
113243,2
113244,3
113245,0
113246,2
113247,2
113248,2
113249,2
113250,0
113251,0
113252,0
113253,3
113254,2
113255,3
113256,2
113257,3
113258,2
113259,2
113260,2
113261,2
113262,2
113263,2
113264,2
113265,2
113266,3
113267,2
113268,2
113269,3
113270,2
113271,2
113272,2
113273,2
113274,2
113275,2
113276,2
113277,2
113278,2
113279,2
113280,2
113281,2
113282,2
113283,2
113284,3
113285,3
113286,3
113287,3
113288,2
113289,2
113290,3
113291,1
113292,3
113293,3
113294,1
113295,3
113296,3
113297,3
113298,2
113299,0
113300,0
113301,3
113302,2
113303,3
113304,3
113305,3
113306,3
113307,0
113308,3
113309,0
113310,2
113311,3
113312,3
113313,3
113314,3
113315,3
113316,3
113317,3
113318,3
113319,3
113320,3
113321,1
113322,3
113323,3
113324,3
113325,0
113326,3
113327,3
113328,3
113329,3
113330,3
113331,3
113332,3
113333,3
113334,3
113335,3
113336,1
113337,3
113338,3
113339,3
113340,3
113341,1
113342,3
113343,3
113344,3
113345,3
113346,3
113347,2
113348,2
113349,3
113350,3
113351,0
113352,3
113353,3
113354,2
113355,3
113356,3
113357,3
113358,1
113359,3
113360,3
113361,3
113362,1
113363,3
113364,3
113365,3
113366,3
113367,3
113368,3
113369,3
113370,3
113371,3
113372,3
113373,0
113374,3
113375,3
113376,3
113377,3
113378,3
113379,3
113380,3
113381,1
113382,3
113383,3
113384,3
113385,3
113386,3
113387,3
113388,3
113389,3
113390,3
113391,3
113392,3
113393,3
113394,1
113395,3
113396,3
113397,3
113398,3
113399,3
113400,3
113401,3
113402,3
113403,3
113404,3
113405,0
113406,1
113407,3
113408,3
113409,3
113410,3
113411,1
113412,1
113413,3
113414,3
113415,3
113416,1
113417,3
113418,3
113419,3
113420,3
113421,3
113422,3
113423,3
113424,3
113425,3
113426,1
113427,3
113428,3
113429,3
113430,3
113431,3
113432,1
113433,3
113434,3
113435,3
113436,3
113437,3
113438,3
113439,3
113440,3
113441,3
113442,3
113443,1
113444,3
113445,3
113446,3
113447,3
113448,3
113449,3
113450,3
113451,3
113452,3
113453,2
113454,3
113455,2
113456,3
113457,3
113458,3
113459,3
113460,3
113461,3
113462,3
113463,3
113464,3
113465,3
113466,3
113467,3
113468,3
113469,3
113470,1
113471,1
113472,1
113473,3
113474,3
113475,3
113476,3
113477,3
113478,3
113479,3
113480,2
113481,2
113482,3
113483,3
113484,3
113485,3
113486,2
113487,3
113488,2
113489,2
113490,3
113491,2
113492,2
113493,0
113494,0
113495,0
113496,2
113497,0
113498,3
113499,3
113500,0
113501,3
113502,3
113503,2
113504,1
113505,1
113506,2
113507,0
113508,0
113509,2
113510,0
113511,2
113512,3
113513,3
113514,0
113515,0
113516,0
113517,0
113518,0
113519,0
113520,0
113521,0
113522,0
113523,0
113524,0
113525,0
113526,2
113527,2
113528,0
113529,0
113530,0
113531,2
113532,0
113533,0
113534,3
113535,3
113536,3
113537,3
113538,2
113539,2
113540,1
113541,1
113542,0
113543,1
113544,1
113545,1
113546,1
113547,2
113548,3
113549,3
113550,3
113551,3
113552,0
113553,0
113554,0
113555,0
113556,0
113557,0
113558,2
113559,0
113560,0
113561,0
113562,0
113563,2
113564,2
113565,0
113566,0
113567,3
113568,2
113569,3
113570,3
113571,1
113572,2
113573,2
113574,3
113575,2
113576,2
113577,2
113578,2
113579,2
113580,2
113581,1
113582,2
113583,2
113584,2
113585,2
113586,2
113587,2
113588,2
113589,1
113590,1
113591,2
113592,2
113593,2
113594,0
113595,0
113596,3
113597,0
113598,0
113599,0
113600,3
113601,2
113602,2
113603,3
113604,0
113605,2
113606,2
113607,2
113608,3
113609,3
113610,2
113611,3
113612,2
113613,2
113614,2
113615,3
113616,3
113617,2
113618,2
113619,1
113620,1
113621,1
113622,1
113623,1
113624,2
113625,0
113626,0
113627,2
113628,3
113629,3
113630,1
113631,1
113632,0
113633,2
113634,2
113635,2
113636,2
113637,0
113638,0
113639,0
113640,0
113641,0
113642,0
113643,0
113644,2
113645,0
113646,2
113647,2
113648,2
113649,0
113650,0
113651,0
113652,0
113653,0
113654,0
113655,0
113656,2
113657,0
113658,0
113659,0
113660,0
113661,0
113662,0
113663,0
113664,0
113665,0
113666,3
113667,2
113668,3
113669,3
113670,3
113671,1
113672,1
113673,3
113674,3
113675,3
113676,3
113677,3
113678,3
113679,3
113680,0
113681,3
113682,3
113683,2
113684,3
113685,3
113686,3
113687,3
113688,3
113689,3
113690,3
113691,1
113692,1
113693,1
113694,1
113695,1
113696,1
113697,1
113698,1
113699,1
113700,1
113701,1
113702,1
113703,1
113704,3
113705,1
113706,0
113707,1
113708,3
113709,3
113710,3
113711,2
113712,1
113713,1
113714,1
113715,1
113716,1
113717,1
113718,1
113719,1
113720,1
113721,1
113722,0
113723,1
113724,1
113725,1
113726,1
113727,2
113728,3
113729,0
113730,1
113731,3
113732,3
113733,2
113734,3
113735,0
113736,0
113737,1
113738,1
113739,1
113740,3
113741,1
113742,3
113743,3
113744,3
113745,2
113746,3
113747,3
113748,3
113749,3
113750,3
113751,3
113752,3
113753,3
113754,2
113755,3
113756,3
113757,3
113758,3
113759,3
113760,2
113761,3
113762,2
113763,3
113764,2
113765,3
113766,2
113767,3
113768,3
113769,3
113770,2
113771,2
113772,3
113773,2
113774,3
113775,3
113776,3
113777,3
113778,1
113779,1
113780,3
113781,3
113782,3
113783,3
113784,0
113785,1
113786,1
113787,1
113788,0
113789,3
113790,1
113791,3
113792,0
113793,3
113794,3
113795,2
113796,0
113797,0
113798,0
113799,2
113800,3
113801,2
113802,0
113803,0
113804,0
113805,0
113806,0
113807,2
113808,0
113809,1
113810,0
113811,1
113812,0
113813,0
113814,0
113815,2
113816,2
113817,0
113818,3
113819,2
113820,2
113821,2
113822,2
113823,3
113824,2
113825,3
113826,1
113827,2
113828,0
113829,1
113830,0
113831,0
113832,1
113833,2
113834,2
113835,1
113836,0
113837,1
113838,0
113839,1
113840,2
113841,3
113842,3
113843,3
113844,3
113845,3
113846,3
113847,3
113848,3
113849,3
113850,3
113851,3
113852,0
113853,3
113854,3
113855,2
113856,3
113857,3
113858,2
113859,2
113860,3
113861,2
113862,1
113863,1
113864,1
113865,1
113866,0
113867,1
113868,0
113869,0
113870,2
113871,0
113872,0
113873,1
113874,1
113875,1
113876,1
113877,3
113878,3
113879,3
113880,3
113881,3
113882,3
113883,3
113884,3
113885,1
113886,1
113887,1
113888,1
113889,1
113890,3
113891,1
113892,1
113893,0
113894,0
113895,0
113896,0
113897,2
113898,1
113899,2
113900,3
113901,2
113902,1
113903,1
113904,3
113905,0
113906,0
113907,0
113908,0
113909,0
113910,2
113911,0
113912,0
113913,3
113914,0
113915,0
113916,2
113917,0
113918,0
113919,0
113920,1
113921,2
113922,3
113923,3
113924,1
113925,0
113926,0
113927,0
113928,0
113929,0
113930,2
113931,0
113932,0
113933,0
113934,0
113935,0
113936,0
113937,2
113938,2
113939,2
113940,2
113941,2
113942,2
113943,2
113944,2
113945,2
113946,3
113947,2
113948,2
113949,1
113950,2
113951,2
113952,2
113953,2
113954,1
113955,2
113956,1
113957,3
113958,3
113959,3
113960,3
113961,2
113962,3
113963,3
113964,3
113965,2
113966,1
113967,3
113968,3
113969,2
113970,3
113971,3
113972,3
113973,2
113974,3
113975,3
113976,2
113977,3
113978,1
113979,1
113980,3
113981,3
113982,3
113983,2
113984,2
113985,3
113986,3
113987,3
113988,3
113989,3
113990,2
113991,3
113992,3
113993,2
113994,2
113995,3
113996,0
113997,2
113998,2
113999,2
114000,3
114001,1
114002,3
114003,2
114004,3
114005,2
114006,2
114007,2
114008,2
114009,2
114010,2
114011,2
114012,2
114013,2
114014,2
114015,2
114016,2
114017,2
114018,2
114019,2
114020,2
114021,2
114022,2
114023,2
114024,2
114025,2
114026,2
114027,2
114028,2
114029,3
114030,3
114031,2
114032,2
114033,2
114034,2
114035,2
114036,2
114037,2
114038,2
114039,2
114040,3
114041,3
114042,2
114043,3
114044,2
114045,2
114046,2
114047,2
114048,2
114049,2
114050,2
114051,2
114052,2
114053,2
114054,3
114055,2
114056,2
114057,2
114058,2
114059,2
114060,2
114061,2
114062,2
114063,2
114064,2
114065,2
114066,2
114067,2
114068,2
114069,2
114070,2
114071,2
114072,2
114073,2
114074,2
114075,2
114076,2
114077,3
114078,2
114079,3
114080,2
114081,2
114082,2
114083,2
114084,2
114085,2
114086,2
114087,2
114088,2
114089,2
114090,2
114091,3
114092,2
114093,2
114094,3
114095,2
114096,2
114097,3
114098,2
114099,2
114100,2
114101,2
114102,2
114103,2
114104,2
114105,3
114106,3
114107,3
114108,3
114109,3
114110,3
114111,2
114112,3
114113,2
114114,3
114115,3
114116,3
114117,2
114118,3
114119,3
114120,3
114121,3
114122,3
114123,3
114124,3
114125,3
114126,3
114127,2
114128,3
114129,2
114130,2
114131,2
114132,2
114133,0
114134,2
114135,2
114136,3
114137,3
114138,2
114139,3
114140,3
114141,3
114142,0
114143,3
114144,2
114145,3
114146,3
114147,2
114148,2
114149,3
114150,3
114151,3
114152,3
114153,3
114154,3
114155,3
114156,3
114157,2
114158,3
114159,2
114160,3
114161,3
114162,3
114163,2
114164,2
114165,2
114166,2
114167,3
114168,0
114169,2
114170,2
114171,2
114172,3
114173,2
114174,2
114175,2
114176,2
114177,2
114178,2
114179,3
114180,2
114181,2
114182,3
114183,2
114184,2
114185,3
114186,3
114187,2
114188,2
114189,2
114190,2
114191,3
114192,2
114193,3
114194,2
114195,2
114196,2
114197,2
114198,2
114199,3
114200,3
114201,2
114202,2
114203,2
114204,3
114205,1
114206,3
114207,1
114208,1
114209,1
114210,2
114211,3
114212,1
114213,0
114214,0
114215,3
114216,3
114217,0
114218,0
114219,3
114220,0
114221,0
114222,0
114223,3
114224,3
114225,0
114226,3
114227,0
114228,2
114229,3
114230,3
114231,3
114232,2
114233,3
114234,3
114235,3
114236,0
114237,2
114238,0
114239,3
114240,3
114241,3
114242,3
114243,3
114244,2
114245,2
114246,2
114247,3
114248,2
114249,3
114250,3
114251,2
114252,3
114253,3
114254,3
114255,3
114256,2
114257,2
114258,2
114259,2
114260,2
114261,2
114262,2
114263,2
114264,2
114265,2
114266,3
114267,2
114268,2
114269,2
114270,2
114271,2
114272,2
114273,3
114274,3
114275,2
114276,3
114277,2
114278,2
114279,2
114280,2
114281,3
114282,3
114283,2
114284,2
114285,3
114286,2
114287,3
114288,2
114289,2
114290,2
114291,2
114292,3
114293,2
114294,2
114295,2
114296,2
114297,2
114298,2
114299,0
114300,2
114301,2
114302,3
114303,3
114304,0
114305,0
114306,2
114307,3
114308,2
114309,3
114310,2
114311,2
114312,3
114313,2
114314,2
114315,2
114316,2
114317,2
114318,2
114319,2
114320,2
114321,2
114322,2
114323,2
114324,3
114325,3
114326,2
114327,2
114328,2
114329,2
114330,2
114331,2
114332,2
114333,2
114334,2
114335,2
114336,2
114337,3
114338,3
114339,2
114340,2
114341,2
114342,2
114343,2
114344,2
114345,2
114346,3
114347,2
114348,2
114349,2
114350,3
114351,3
114352,3
114353,2
114354,2
114355,3
114356,3
114357,2
114358,2
114359,0
114360,3
114361,2
114362,3
114363,3
114364,3
114365,2
114366,2
114367,3
114368,2
114369,2
114370,2
114371,2
114372,3
114373,2
114374,2
114375,2
114376,0
114377,3
114378,3
114379,3
114380,3
114381,2
114382,2
114383,2
114384,0
114385,3
114386,3
114387,2
114388,3
114389,0
114390,2
114391,2
114392,2
114393,2
114394,1
114395,3
114396,3
114397,2
114398,2
114399,2
114400,3
114401,2
114402,3
114403,2
114404,2
114405,2
114406,3
114407,1
114408,2
114409,2
114410,2
114411,2
114412,2
114413,2
114414,2
114415,2
114416,3
114417,2
114418,3
114419,2
114420,3
114421,2
114422,2
114423,2
114424,2
114425,2
114426,2
114427,2
114428,2
114429,2
114430,2
114431,2
114432,2
114433,2
114434,2
114435,2
114436,3
114437,2
114438,2
114439,2
114440,2
114441,2
114442,2
114443,2
114444,3
114445,3
114446,2
114447,3
114448,3
114449,3
114450,0
114451,3
114452,2
114453,2
114454,2
114455,3
114456,3
114457,2
114458,0
114459,2
114460,3
114461,3
114462,2
114463,2
114464,3
114465,2
114466,2
114467,2
114468,2
114469,3
114470,3
114471,2
114472,2
114473,3
114474,2
114475,3
114476,2
114477,3
114478,3
114479,3
114480,3
114481,2
114482,3
114483,3
114484,2
114485,3
114486,3
114487,2
114488,3
114489,3
114490,3
114491,3
114492,3
114493,3
114494,3
114495,3
114496,3
114497,0
114498,4
114499,3
114500,4
114501,3
114502,3
114503,3
114504,3
114505,3
114506,3
114507,3
114508,3
114509,3
114510,3
114511,3
114512,3
114513,3
114514,3
114515,1
114516,1
114517,1
114518,1
114519,3
114520,1
114521,1
114522,1
114523,1
114524,1
114525,1
114526,1
114527,3
114528,3
114529,1
114530,1
114531,2
114532,1
114533,3
114534,1
114535,5
114536,3
114537,1
114538,1
114539,1
114540,2
114541,3
114542,1
114543,3
114544,3
114545,3
114546,3
114547,1
114548,3
114549,2
114550,2
114551,3
114552,2
114553,3
114554,1
114555,1
114556,3
114557,1
114558,3
114559,3
114560,1
114561,1
114562,3
114563,3
114564,1
114565,1
114566,1
114567,1
114568,3
114569,2
114570,3
114571,1
114572,1
114573,1
114574,2
114575,1
114576,3
114577,1
114578,1
114579,1
114580,1
114581,1
114582,1
114583,1
114584,2
114585,2
114586,3
114587,2
114588,3
114589,1
114590,1
114591,3
114592,1
114593,1
114594,3
114595,3
114596,5
114597,3
114598,1
114599,1
114600,2
114601,2
114602,3
114603,3
114604,3
114605,3
114606,3
114607,3
114608,3
114609,2
114610,3
114611,3
114612,2
114613,3
114614,2
114615,3
114616,3
114617,2
114618,3
114619,3
114620,0
114621,3
114622,3
114623,3
114624,2
114625,3
114626,3
114627,3
114628,3
114629,2
114630,3
114631,3
114632,2
114633,2
114634,2
114635,2
114636,2
114637,2
114638,3
114639,2
114640,2
114641,2
114642,2
114643,3
114644,2
114645,2
114646,2
114647,2
114648,2
114649,2
114650,2
114651,2
114652,2
114653,2
114654,2
114655,2
114656,2
114657,3
114658,3
114659,4
114660,2
114661,2
114662,2
114663,3
114664,2
114665,2
114666,2
114667,3
114668,3
114669,3
114670,3
114671,2
114672,3
114673,2
114674,4
114675,3
114676,1
114677,2
114678,2
114679,2
114680,2
114681,2
114682,2
114683,2
114684,2
114685,2
114686,2
114687,2
114688,2
114689,2
114690,2
114691,2
114692,2
114693,2
114694,2
114695,3
114696,3
114697,2
114698,0
114699,3
114700,4
114701,3
114702,3
114703,2
114704,3
114705,2
114706,3
114707,2
114708,2
114709,2
114710,2
114711,2
114712,2
114713,2
114714,2
114715,2
114716,2
114717,3
114718,2
114719,2
114720,2
114721,2
114722,2
114723,2
114724,3
114725,3
114726,2
114727,2
114728,2
114729,2
114730,2
114731,2
114732,2
114733,3
114734,3
114735,3
114736,3
114737,2
114738,4
114739,3
114740,4
114741,3
114742,2
114743,2
114744,3
114745,3
114746,3
114747,2
114748,2
114749,3
114750,3
114751,3
114752,2
114753,1
114754,2
114755,2
114756,2
114757,3
114758,2
114759,3
114760,3
114761,2
114762,1
114763,4
114764,1
114765,3
114766,2
114767,3
114768,2
114769,2
114770,2
114771,2
114772,2
114773,2
114774,2
114775,2
114776,2
114777,2
114778,2
114779,2
114780,2
114781,2
114782,3
114783,2
114784,2
114785,2
114786,2
114787,2
114788,2
114789,2
114790,2
114791,2
114792,2
114793,2
114794,2
114795,3
114796,3
114797,4
114798,3
114799,2
114800,3
114801,2
114802,2
114803,3
114804,2
114805,2
114806,2
114807,1
114808,4
114809,2
114810,2
114811,2
114812,2
114813,2
114814,3
114815,2
114816,2
114817,3
114818,2
114819,3
114820,3
114821,3
114822,3
114823,3
114824,2
114825,2
114826,2
114827,2
114828,2
114829,2
114830,2
114831,2
114832,2
114833,0
114834,2
114835,2
114836,2
114837,2
114838,2
114839,2
114840,3
114841,2
114842,3
114843,3
114844,3
114845,3
114846,3
114847,3
114848,2
114849,3
114850,3
114851,2
114852,3
114853,1
114854,2
114855,3
114856,2
114857,2
114858,3
114859,2
114860,2
114861,3
114862,2
114863,2
114864,3
114865,3
114866,3
114867,3
114868,3
114869,4
114870,3
114871,3
114872,2
114873,2
114874,4
114875,3
114876,3
114877,3
114878,2
114879,2
114880,3
114881,3
114882,2
114883,2
114884,3
114885,2
114886,3
114887,3
114888,3
114889,3
114890,3
114891,3
114892,2
114893,2
114894,2
114895,3
114896,3
114897,0
114898,3
114899,3
114900,3
114901,2
114902,3
114903,3
114904,3
114905,3
114906,2
114907,3
114908,3
114909,3
114910,0
114911,3
114912,3
114913,3
114914,3
114915,3
114916,2
114917,3
114918,3
114919,2
114920,2
114921,2
114922,3
114923,2
114924,2
114925,2
114926,2
114927,2
114928,2
114929,2
114930,2
114931,2
114932,2
114933,2
114934,2
114935,2
114936,2
114937,2
114938,2
114939,2
114940,2
114941,2
114942,2
114943,2
114944,2
114945,2
114946,2
114947,2
114948,2
114949,2
114950,2
114951,2
114952,0
114953,2
114954,2
114955,2
114956,2
114957,2
114958,2
114959,2
114960,2
114961,2
114962,0
114963,0
114964,2
114965,2
114966,2
114967,2
114968,2
114969,2
114970,2
114971,2
114972,2
114973,2
114974,2
114975,2
114976,2
114977,2
114978,2
114979,2
114980,2
114981,2
114982,2
114983,2
114984,2
114985,2
114986,2
114987,2
114988,2
114989,2
114990,2
114991,2
114992,2
114993,2
114994,2
114995,2
114996,2
114997,0
114998,0
114999,3
115000,2
115001,2
115002,2
115003,2
115004,0
115005,2
115006,0
115007,0
115008,2
115009,2
115010,2
115011,2
115012,2
115013,2
115014,2
115015,2
115016,2
115017,2
115018,2
115019,2
115020,2
115021,2
115022,2
115023,2
115024,2
115025,2
115026,2
115027,2
115028,0
115029,2
115030,2
115031,2
115032,2
115033,2
115034,2
115035,2
115036,2
115037,2
115038,2
115039,2
115040,2
115041,2
115042,2
115043,0
115044,2
115045,2
115046,3
115047,2
115048,3
115049,2
115050,2
115051,2
115052,3
115053,3
115054,2
115055,3
115056,2
115057,0
115058,2
115059,2
115060,2
115061,2
115062,2
115063,3
115064,0
115065,0
115066,0
115067,0
115068,2
115069,3
115070,2
115071,3
115072,3
115073,3
115074,2
115075,3
115076,2
115077,1
115078,3
115079,3
115080,2
115081,2
115082,3
115083,3
115084,3
115085,2
115086,2
115087,2
115088,3
115089,3
115090,3
115091,2
115092,2
115093,2
115094,2
115095,2
115096,2
115097,0
115098,2
115099,3
115100,2
115101,2
115102,3
115103,2
115104,2
115105,2
115106,2
115107,3
115108,3
115109,0
115110,2
115111,2
115112,3
115113,3
115114,3
115115,1
115116,2
115117,2
115118,3
115119,3
115120,2
115121,3
115122,3
115123,2
115124,2
115125,2
115126,3
115127,3
115128,2
115129,3
115130,3
115131,3
115132,3
115133,2
115134,2
115135,3
115136,2
115137,2
115138,3
115139,1
115140,1
115141,1
115142,3
115143,2
115144,3
115145,3
115146,2
115147,3
115148,2
115149,0
115150,3
115151,0
115152,3
115153,3
115154,3
115155,2
115156,3
115157,2
115158,3
115159,2
115160,3
115161,2
115162,2
115163,2
115164,2
115165,2
115166,2
115167,2
115168,2
115169,2
115170,2
115171,2
115172,0
115173,2
115174,2
115175,2
115176,2
115177,3
115178,2
115179,2
115180,2
115181,3
115182,2
115183,2
115184,2
115185,2
115186,2
115187,2
115188,2
115189,2
115190,2
115191,2
115192,2
115193,2
115194,2
115195,2
115196,2
115197,2
115198,2
115199,2
115200,2
115201,2
115202,2
115203,2
115204,2
115205,2
115206,2
115207,2
115208,2
115209,2
115210,2
115211,2
115212,2
115213,2
115214,2
115215,2
115216,3
115217,2
115218,2
115219,2
115220,2
115221,2
115222,2
115223,2
115224,2
115225,2
115226,2
115227,2
115228,2
115229,2
115230,2
115231,2
115232,2
115233,2
115234,2
115235,2
115236,2
115237,2
115238,2
115239,2
115240,2
115241,2
115242,2
115243,2
115244,2
115245,2
115246,2
115247,2
115248,2
115249,2
115250,0
115251,3
115252,3
115253,3
115254,2
115255,0
115256,0
115257,2
115258,2
115259,2
115260,2
115261,2
115262,2
115263,2
115264,2
115265,2
115266,2
115267,2
115268,3
115269,2
115270,2
115271,2
115272,2
115273,2
115274,2
115275,3
115276,2
115277,3
115278,2
115279,3
115280,3
115281,2
115282,3
115283,3
115284,2
115285,2
115286,3
115287,3
115288,3
115289,2
115290,2
115291,3
115292,2
115293,3
115294,2
115295,3
115296,2
115297,3
115298,3
115299,3
115300,3
115301,3
115302,2
115303,3
115304,0
115305,3
115306,2
115307,2
115308,3
115309,3
115310,3
115311,3
115312,2
115313,2
115314,3
115315,2
115316,3
115317,3
115318,3
115319,2
115320,2
115321,2
115322,3
115323,2
115324,3
115325,2
115326,3
115327,2
115328,2
115329,2
115330,0
115331,3
115332,3
115333,3
115334,3
115335,3
115336,3
115337,3
115338,3
115339,2
115340,3
115341,3
115342,2
115343,3
115344,0
115345,3
115346,3
115347,2
115348,0
115349,0
115350,3
115351,2
115352,2
115353,0
115354,3
115355,2
115356,2
115357,2
115358,2
115359,2
115360,3
115361,3
115362,2
115363,2
115364,2
115365,2
115366,2
115367,0
115368,3
115369,0
115370,3
115371,3
115372,2
115373,2
115374,2
115375,0
115376,3
115377,0
115378,0
115379,3
115380,2
115381,3
115382,3
115383,3
115384,3
115385,3
115386,3
115387,3
115388,2
115389,2
115390,2
115391,2
115392,2
115393,2
115394,2
115395,2
115396,2
115397,3
115398,2
115399,2
115400,2
115401,3
115402,2
115403,3
115404,1
115405,2
115406,2
115407,3
115408,2
115409,2
115410,2
115411,2
115412,2
115413,2
115414,2
115415,2
115416,2
115417,2
115418,2
115419,2
115420,2
115421,2
115422,2
115423,2
115424,2
115425,2
115426,2
115427,2
115428,2
115429,3
115430,2
115431,2
115432,2
115433,2
115434,2
115435,2
115436,2
115437,2
115438,2
115439,2
115440,2
115441,2
115442,2
115443,2
115444,2
115445,2
115446,2
115447,2
115448,2
115449,2
115450,2
115451,2
115452,2
115453,2
115454,2
115455,2
115456,2
115457,2
115458,2
115459,2
115460,2
115461,2
115462,2
115463,2
115464,2
115465,2
115466,2
115467,2
115468,3
115469,3
115470,2
115471,2
115472,2
115473,3
115474,2
115475,2
115476,2
115477,3
115478,2
115479,2
115480,2
115481,2
115482,2
115483,2
115484,3
115485,0
115486,2
115487,2
115488,2
115489,2
115490,2
115491,2
115492,3
115493,2
115494,2
115495,2
115496,2
115497,2
115498,2
115499,0
115500,2
115501,2
115502,2
115503,1
115504,2
115505,2
115506,3
115507,3
115508,3
115509,3
115510,3
115511,3
115512,3
115513,3
115514,2
115515,3
115516,0
115517,2
115518,2
115519,2
115520,3
115521,3
115522,3
115523,3
115524,3
115525,3
115526,3
115527,3
115528,3
115529,3
115530,2
115531,3
115532,3
115533,2
115534,3
115535,0
115536,3
115537,2
115538,2
115539,3
115540,3
115541,3
115542,3
115543,3
115544,3
115545,3
115546,3
115547,2
115548,3
115549,3
115550,3
115551,3
115552,3
115553,3
115554,2
115555,3
115556,2
115557,3
115558,2
115559,2
115560,3
115561,1
115562,2
115563,3
115564,2
115565,2
115566,2
115567,2
115568,2
115569,2
115570,2
115571,2
115572,2
115573,2
115574,2
115575,2
115576,2
115577,2
115578,2
115579,2
115580,2
115581,2
115582,2
115583,2
115584,2
115585,2
115586,2
115587,2
115588,2
115589,2
115590,3
115591,2
115592,2
115593,3
115594,2
115595,2
115596,3
115597,1
115598,1
115599,3
115600,3
115601,1
115602,3
115603,3
115604,1
115605,3
115606,3
115607,2
115608,2
115609,3
115610,2
115611,2
115612,2
115613,3
115614,0
115615,0
115616,3
115617,2
115618,2
115619,3
115620,3
115621,3
115622,3
115623,1
115624,0
115625,3
115626,2
115627,2
115628,3
115629,2
115630,2
115631,3
115632,3
115633,3
115634,3
115635,0
115636,0
115637,3
115638,3
115639,0
115640,3
115641,0
115642,2
115643,2
115644,3
115645,2
115646,2
115647,2
115648,2
115649,3
115650,2
115651,2
115652,2
115653,2
115654,2
115655,3
115656,3
115657,3
115658,2
115659,1
115660,0
115661,1
115662,3
115663,3
115664,2
115665,2
115666,0
115667,1
115668,2
115669,3
115670,2
115671,3
115672,2
115673,0
115674,0
115675,0
115676,2
115677,2
115678,3
115679,2
115680,2
115681,3
115682,2
115683,2
115684,3
115685,2
115686,2
115687,2
115688,2
115689,2
115690,2
115691,0
115692,2
115693,2
115694,2
115695,2
115696,2
115697,2
115698,2
115699,2
115700,2
115701,2
115702,2
115703,2
115704,2
115705,2
115706,2
115707,2
115708,3
115709,2
115710,2
115711,3
115712,2
115713,2
115714,2
115715,2
115716,2
115717,2
115718,2
115719,2
115720,2
115721,2
115722,2
115723,0
115724,0
115725,2
115726,2
115727,2
115728,2
115729,2
115730,2
115731,2
115732,2
115733,3
115734,2
115735,3
115736,2
115737,2
115738,2
115739,3
115740,3
115741,0
115742,2
115743,2
115744,2
115745,2
115746,2
115747,2
115748,2
115749,2
115750,2
115751,2
115752,2
115753,2
115754,2
115755,2
115756,2
115757,2
115758,2
115759,2
115760,2
115761,2
115762,2
115763,2
115764,2
115765,2
115766,2
115767,2
115768,2
115769,2
115770,2
115771,2
115772,2
115773,2
115774,2
115775,2
115776,2
115777,2
115778,2
115779,2
115780,2
115781,2
115782,2
115783,2
115784,2
115785,2
115786,2
115787,2
115788,2
115789,2
115790,2
115791,2
115792,2
115793,2
115794,2
115795,2
115796,2
115797,2
115798,2
115799,2
115800,2
115801,2
115802,2
115803,2
115804,2
115805,2
115806,2
115807,2
115808,2
115809,2
115810,2
115811,2
115812,2
115813,2
115814,2
115815,2
115816,2
115817,2
115818,2
115819,2
115820,2
115821,2
115822,2
115823,2
115824,2
115825,2
115826,2
115827,2
115828,3
115829,3
115830,3
115831,3
115832,2
115833,2
115834,2
115835,3
115836,2
115837,2
115838,2
115839,2
115840,3
115841,2
115842,2
115843,2
115844,2
115845,2
115846,3
115847,2
115848,2
115849,2
115850,3
115851,2
115852,3
115853,3
115854,3
115855,3
115856,3
115857,3
115858,3
115859,2
115860,3
115861,3
115862,3
115863,3
115864,3
115865,3
115866,2
115867,2
115868,2
115869,3
115870,2
115871,0
115872,3
115873,3
115874,3
115875,3
115876,3
115877,0
115878,0
115879,0
115880,2
115881,0
115882,0
115883,0
115884,3
115885,3
115886,3
115887,3
115888,0
115889,3
115890,2
115891,0
115892,2
115893,2
115894,2
115895,2
115896,2
115897,2
115898,2
115899,2
115900,2
115901,2
115902,2
115903,0
115904,2
115905,2
115906,2
115907,2
115908,2
115909,2
115910,2
115911,2
115912,2
115913,2
115914,2
115915,2
115916,3
115917,2
115918,2
115919,2
115920,2
115921,2
115922,3
115923,2
115924,2
115925,2
115926,2
115927,2
115928,2
115929,2
115930,2
115931,2
115932,2
115933,2
115934,2
115935,2
115936,2
115937,2
115938,2
115939,2
115940,2
115941,2
115942,2
115943,2
115944,2
115945,2
115946,2
115947,2
115948,2
115949,2
115950,2
115951,2
115952,2
115953,2
115954,2
115955,2
115956,2
115957,2
115958,2
115959,2
115960,2
115961,2
115962,2
115963,2
115964,2
115965,2
115966,2
115967,2
115968,2
115969,2
115970,2
115971,2
115972,2
115973,3
115974,2
115975,2
115976,2
115977,3
115978,2
115979,2
115980,2
115981,2
115982,2
115983,2
115984,2
115985,2
115986,2
115987,2
115988,2
115989,2
115990,2
115991,2
115992,3
115993,2
115994,2
115995,3
115996,2
115997,2
115998,2
115999,2
116000,2
116001,2
116002,2
116003,2
116004,2
116005,2
116006,2
116007,2
116008,2
116009,2
116010,2
116011,2
116012,2
116013,2
116014,2
116015,2
116016,2
116017,2
116018,2
116019,2
116020,2
116021,2
116022,2
116023,2
116024,2
116025,3
116026,3
116027,3
116028,3
116029,2
116030,2
116031,3
116032,3
116033,3
116034,3
116035,3
116036,2
116037,2
116038,2
116039,2
116040,2
116041,3
116042,2
116043,2
116044,2
116045,2
116046,3
116047,2
116048,2
116049,2
116050,2
116051,2
116052,2
116053,2
116054,3
116055,2
116056,3
116057,2
116058,2
116059,2
116060,2
116061,2
116062,2
116063,2
116064,2
116065,2
116066,2
116067,0
116068,2
116069,3
116070,2
116071,3
116072,2
116073,2
116074,2
116075,2
116076,3
116077,2
116078,0
116079,2
116080,0
116081,2
116082,2
116083,2
116084,3
116085,2
116086,2
116087,2
116088,2
116089,2
116090,2
116091,2
116092,2
116093,3
116094,2
116095,2
116096,2
116097,2
116098,2
116099,2
116100,3
116101,3
116102,2
116103,2
116104,2
116105,2
116106,2
116107,2
116108,2
116109,2
116110,2
116111,2
116112,2
116113,2
116114,2
116115,2
116116,2
116117,3
116118,2
116119,0
116120,2
116121,2
116122,2
116123,2
116124,2
116125,2
116126,2
116127,2
116128,2
116129,2
116130,2
116131,2
116132,2
116133,2
116134,2
116135,2
116136,2
116137,2
116138,2
116139,2
116140,2
116141,2
116142,2
116143,2
116144,2
116145,2
116146,2
116147,2
116148,2
116149,2
116150,2
116151,2
116152,2
116153,2
116154,2
116155,2
116156,2
116157,2
116158,2
116159,2
116160,2
116161,2
116162,2
116163,2
116164,2
116165,2
116166,2
116167,2
116168,2
116169,2
116170,2
116171,2
116172,0
116173,2
116174,2
116175,2
116176,2
116177,2
116178,2
116179,2
116180,2
116181,2
116182,2
116183,2
116184,2
116185,2
116186,3
116187,3
116188,0
116189,3
116190,3
116191,3
116192,3
116193,3
116194,2
116195,2
116196,2
116197,2
116198,2
116199,2
116200,2
116201,2
116202,2
116203,2
116204,2
116205,2
116206,2
116207,2
116208,2
116209,2
116210,2
116211,2
116212,2
116213,3
116214,2
116215,0
116216,0
116217,2
116218,2
116219,2
116220,2
116221,2
116222,2
116223,2
116224,2
116225,2
116226,2
116227,2
116228,2
116229,2
116230,2
116231,2
116232,2
116233,3
116234,2
116235,2
116236,2
116237,2
116238,2
116239,2
116240,2
116241,2
116242,2
116243,2
116244,2
116245,2
116246,2
116247,2
116248,2
116249,2
116250,2
116251,2
116252,2
116253,2
116254,2
116255,2
116256,2
116257,2
116258,2
116259,2
116260,2
116261,2
116262,2
116263,2
116264,2
116265,2
116266,2
116267,2
116268,2
116269,2
116270,2
116271,2
116272,2
116273,2
116274,2
116275,2
116276,2
116277,2
116278,2
116279,2
116280,2
116281,2
116282,2
116283,2
116284,2
116285,2
116286,2
116287,2
116288,2
116289,2
116290,2
116291,2
116292,2
116293,2
116294,2
116295,2
116296,2
116297,2
116298,2
116299,2
116300,2
116301,2
116302,2
116303,2
116304,2
116305,2
116306,2
116307,2
116308,2
116309,2
116310,2
116311,2
116312,2
116313,2
116314,2
116315,3
116316,2
116317,2
116318,2
116319,2
116320,2
116321,2
116322,2
116323,2
116324,2
116325,2
116326,2
116327,2
116328,2
116329,2
116330,2
116331,2
116332,2
116333,2
116334,2
116335,3
116336,2
116337,2
116338,2
116339,2
116340,2
116341,0
116342,2
116343,3
116344,3
116345,2
116346,2
116347,2
116348,2
116349,2
116350,2
116351,2
116352,2
116353,2
116354,2
116355,2
116356,2
116357,2
116358,2
116359,2
116360,2
116361,2
116362,2
116363,2
116364,2
116365,0
116366,2
116367,2
116368,2
116369,2
116370,2
116371,2
116372,2
116373,2
116374,2
116375,2
116376,2
116377,2
116378,2
116379,2
116380,2
116381,2
116382,2
116383,2
116384,2
116385,2
116386,2
116387,2
116388,2
116389,2
116390,2
116391,2
116392,2
116393,2
116394,2
116395,3
116396,2
116397,2
116398,2
116399,2
116400,2
116401,2
116402,2
116403,2
116404,2
116405,2
116406,2
116407,2
116408,2
116409,2
116410,2
116411,2
116412,2
116413,2
116414,2
116415,2
116416,2
116417,2
116418,2
116419,2
116420,2
116421,3
116422,2
116423,3
116424,2
116425,2
116426,2
116427,2
116428,2
116429,2
116430,3
116431,2
116432,2
116433,2
116434,2
116435,2
116436,2
116437,0
116438,2
116439,2
116440,2
116441,2
116442,2
116443,2
116444,2
116445,0
116446,2
116447,2
116448,2
116449,2
116450,2
116451,2
116452,2
116453,2
116454,2
116455,2
116456,0
116457,2
116458,2
116459,2
116460,2
116461,2
116462,2
116463,2
116464,0
116465,2
116466,3
116467,2
116468,2
116469,3
116470,1
116471,2
116472,2
116473,2
116474,2
116475,2
116476,2
116477,2
116478,2
116479,2
116480,2
116481,2
116482,2
116483,2
116484,2
116485,2
116486,2
116487,2
116488,2
116489,2
116490,2
116491,2
116492,2
116493,2
116494,2
116495,2
116496,2
116497,2
116498,2
116499,2
116500,2
116501,2
116502,2
116503,2
116504,2
116505,2
116506,2
116507,2
116508,2
116509,2
116510,2
116511,2
116512,2
116513,2
116514,2
116515,2
116516,2
116517,2
116518,2
116519,2
116520,2
116521,2
116522,2
116523,2
116524,2
116525,2
116526,2
116527,2
116528,2
116529,2
116530,2
116531,2
116532,3
116533,2
116534,2
116535,2
116536,2
116537,2
116538,2
116539,2
116540,2
116541,2
116542,2
116543,2
116544,2
116545,2
116546,2
116547,2
116548,3
116549,2
116550,2
116551,2
116552,2
116553,2
116554,2
116555,2
116556,2
116557,2
116558,2
116559,2
116560,2
116561,2
116562,2
116563,2
116564,2
116565,2
116566,2
116567,3
116568,2
116569,2
116570,2
116571,0
116572,2
116573,2
116574,2
116575,2
116576,2
116577,2
116578,2
116579,2
116580,2
116581,2
116582,0
116583,3
116584,2
116585,2
116586,2
116587,2
116588,2
116589,2
116590,2
116591,2
116592,2
116593,2
116594,2
116595,2
116596,2
116597,2
116598,0
116599,2
116600,2
116601,2
116602,2
116603,2
116604,2
116605,2
116606,2
116607,2
116608,2
116609,2
116610,3
116611,3
116612,3
116613,3
116614,0
116615,0
116616,3
116617,0
116618,0
116619,3
116620,3
116621,3
116622,3
116623,3
116624,3
116625,3
116626,3
116627,3
116628,3
116629,3
116630,3
116631,3
116632,0
116633,0
116634,0
116635,0
116636,0
116637,3
116638,0
116639,3
116640,0
116641,0
116642,0
116643,0
116644,3
116645,3
116646,3
116647,3
116648,0
116649,0
116650,0
116651,3
116652,0
116653,3
116654,3
116655,3
116656,3
116657,3
116658,3
116659,3
116660,3
116661,3
116662,3
116663,3
116664,3
116665,3
116666,3
116667,3
116668,3
116669,3
116670,3
116671,3
116672,3
116673,3
116674,3
116675,3
116676,3
116677,3
116678,3
116679,3
116680,3
116681,3
116682,3
116683,3
116684,3
116685,3
116686,3
116687,3
116688,3
116689,3
116690,3
116691,3
116692,3
116693,3
116694,3
116695,3
116696,3
116697,3
116698,3
116699,3
116700,3
116701,3
116702,3
116703,3
116704,3
116705,3
116706,3
116707,3
116708,3
116709,3
116710,3
116711,3
116712,3
116713,3
116714,3
116715,3
116716,3
116717,3
116718,3
116719,3
116720,3
116721,3
116722,3
116723,3
116724,3
116725,3
116726,3
116727,3
116728,3
116729,2
116730,3
116731,3
116732,3
116733,3
116734,2
116735,3
116736,3
116737,3
116738,3
116739,3
116740,3
116741,3
116742,3
116743,3
116744,3
116745,3
116746,3
116747,3
116748,3
116749,3
116750,3
116751,3
116752,3
116753,3
116754,3
116755,3
116756,3
116757,3
116758,3
116759,3
116760,3
116761,3
116762,3
116763,3
116764,3
116765,3
116766,3
116767,3
116768,3
116769,3
116770,3
116771,3
116772,3
116773,3
116774,3
116775,3
116776,3
116777,3
116778,3
116779,3
116780,3
116781,3
116782,3
116783,3
116784,3
116785,3
116786,3
116787,2
116788,3
116789,2
116790,2
116791,3
116792,3
116793,3
116794,3
116795,3
116796,3
116797,3
116798,3
116799,2
116800,3
116801,2
116802,3
116803,3
116804,3
116805,3
116806,3
116807,3
116808,3
116809,3
116810,3
116811,3
116812,3
116813,3
116814,3
116815,3
116816,3
116817,3
116818,3
116819,3
116820,3
116821,3
116822,3
116823,3
116824,3
116825,3
116826,3
116827,3
116828,3
116829,3
116830,3
116831,3
116832,3
116833,3
116834,3
116835,3
116836,3
116837,3
116838,3
116839,3
116840,2
116841,2
116842,3
116843,3
116844,3
116845,2
116846,2
116847,3
116848,2
116849,3
116850,2
116851,2
116852,2
116853,2
116854,3
116855,3
116856,2
116857,2
116858,3
116859,3
116860,3
116861,3
116862,3
116863,3
116864,3
116865,3
116866,3
116867,3
116868,3
116869,3
116870,3
116871,3
116872,2
116873,2
116874,3
116875,3
116876,0
116877,2
116878,3
116879,3
116880,3
116881,3
116882,3
116883,3
116884,3
116885,3
116886,3
116887,3
116888,3
116889,3
116890,3
116891,2
116892,3
116893,3
116894,3
116895,3
116896,3
116897,2
116898,3
116899,3
116900,0
116901,0
116902,2
116903,0
116904,2
116905,3
116906,3
116907,3
116908,3
116909,3
116910,3
116911,3
116912,3
116913,3
116914,3
116915,3
116916,3
116917,3
116918,3
116919,3
116920,3
116921,2
116922,3
116923,3
116924,3
116925,3
116926,3
116927,3
116928,2
116929,2
116930,3
116931,3
116932,3
116933,3
116934,3
116935,3
116936,3
116937,3
116938,2
116939,3
116940,3
116941,3
116942,3
116943,3
116944,3
116945,3
116946,4
116947,3
116948,3
116949,2
116950,2
116951,3
116952,2
116953,3
116954,3
116955,3
116956,3
116957,0
116958,3
116959,3
116960,3
116961,3
116962,3
116963,3
116964,3
116965,3
116966,3
116967,3
116968,3
116969,3
116970,3
116971,3
116972,3
116973,3
116974,3
116975,3
116976,2
116977,3
116978,3
116979,3
116980,3
116981,3
116982,3
116983,2
116984,2
116985,2
116986,2
116987,2
116988,2
116989,3
116990,2
116991,2
116992,3
116993,3
116994,4
116995,3
116996,3
116997,4
116998,3
116999,3
117000,2
117001,3
117002,3
117003,3
117004,3
117005,4
117006,3
117007,3
117008,3
117009,2
117010,3
117011,3
117012,2
117013,3
117014,3
117015,3
117016,3
117017,3
117018,3
117019,2
117020,2
117021,2
117022,3
117023,3
117024,2
117025,3
117026,3
117027,3
117028,2
117029,3
117030,3
117031,3
117032,3
117033,2
117034,2
117035,3
117036,3
117037,2
117038,2
117039,2
117040,2
117041,2
117042,2
117043,2
117044,2
117045,3
117046,2
117047,2
117048,2
117049,2
117050,2
117051,2
117052,2
117053,2
117054,0
117055,0
117056,0
117057,2
117058,0
117059,2
117060,0
117061,0
117062,1
117063,1
117064,2
117065,2
117066,3
117067,3
117068,0
117069,3
117070,3
117071,2
117072,2
117073,3
117074,3
117075,3
117076,0
117077,1
117078,0
117079,3
117080,0
117081,3
117082,3
117083,0
117084,3
117085,3
117086,2
117087,3
117088,3
117089,3
117090,2
117091,1
117092,2
117093,3
117094,3
117095,3
117096,3
117097,3
117098,2
117099,3
117100,1
117101,1
117102,1
117103,1
117104,3
117105,0
117106,0
117107,0
117108,1
117109,3
117110,3
117111,0
117112,2
117113,2
117114,2
117115,1
117116,3
117117,3
117118,3
117119,3
117120,2
117121,1
117122,3
117123,3
117124,0
117125,3
117126,3
117127,3
117128,3
117129,1
117130,1
117131,3
117132,1
117133,3
117134,3
117135,2
117136,2
117137,2
117138,1
117139,3
117140,2
117141,1
117142,3
117143,3
117144,3
117145,3
117146,2
117147,1
117148,1
117149,1
117150,1
117151,1
117152,1
117153,1
117154,1
117155,1
117156,1
117157,1
117158,1
117159,1
117160,3
117161,1
117162,1
117163,1
117164,3
117165,3
117166,3
117167,1
117168,3
117169,2
117170,1
117171,3
117172,3
117173,3
117174,3
117175,3
117176,3
117177,3
117178,3
117179,1
117180,1
117181,3
117182,1
117183,1
117184,1
117185,3
117186,1
117187,1
117188,1
117189,2
117190,3
117191,3
117192,0
117193,2
117194,3
117195,0
117196,0
117197,0
117198,2
117199,0
117200,0
117201,0
117202,0
117203,0
117204,0
117205,1
117206,0
117207,1
117208,2
117209,0
117210,0
117211,0
117212,0
117213,0
117214,3
117215,3
117216,0
117217,0
117218,0
117219,0
117220,0
117221,0
117222,1
117223,2
117224,0
117225,0
117226,0
117227,0
117228,0
117229,3
117230,1
117231,1
117232,1
117233,1
117234,1
117235,1
117236,1
117237,0
117238,0
117239,0
117240,1
117241,0
117242,0
117243,0
117244,2
117245,1
117246,1
117247,3
117248,0
117249,0
117250,3
117251,2
117252,0
117253,0
117254,0
117255,1
117256,0
117257,0
117258,3
117259,0
117260,0
117261,2
117262,0
117263,3
117264,0
117265,0
117266,3
117267,3
117268,3
117269,3
117270,3
117271,3
117272,1
117273,1
117274,3
117275,1
117276,1
117277,1
117278,3
117279,3
117280,3
117281,0
117282,3
117283,3
117284,1
117285,3
117286,2
117287,3
117288,3
117289,3
117290,3
117291,3
117292,2
117293,0
117294,0
117295,0
117296,0
117297,0
117298,0
117299,0
117300,0
117301,2
117302,2
117303,0
117304,2
117305,0
117306,0
117307,0
117308,0
117309,3
117310,2
117311,3
117312,2
117313,0
117314,3
117315,2
117316,2
117317,2
117318,2
117319,2
117320,2
117321,2
117322,2
117323,2
117324,2
117325,2
117326,2
117327,2
117328,2
117329,3
117330,2
117331,2
117332,3
117333,2
117334,3
117335,3
117336,2
117337,2
117338,2
117339,3
117340,3
117341,2
117342,3
117343,2
117344,0
117345,0
117346,0
117347,0
117348,0
117349,2
117350,3
117351,3
117352,3
117353,3
117354,3
117355,3
117356,3
117357,3
117358,3
117359,2
117360,3
117361,3
117362,3
117363,3
117364,3
117365,3
117366,2
117367,1
117368,1
117369,1
117370,1
117371,1
117372,1
117373,3
117374,1
117375,3
117376,1
117377,1
117378,3
117379,3
117380,1
117381,2
117382,3
117383,3
117384,3
117385,3
117386,2
117387,2
117388,3
117389,2
117390,0
117391,0
117392,0
117393,3
117394,0
117395,0
117396,0
117397,2
117398,0
117399,0
117400,0
117401,0
117402,0
117403,0
117404,0
117405,0
117406,0
117407,2
117408,0
117409,0
117410,0
117411,0
117412,0
117413,0
117414,2
117415,1
117416,2
117417,3
117418,3
117419,3
117420,3
117421,3
117422,3
117423,3
117424,2
117425,2
117426,3
117427,2
117428,3
117429,3
117430,3
117431,2
117432,3
117433,3
117434,2
117435,3
117436,3
117437,3
117438,3
117439,3
117440,3
117441,2
117442,2
117443,3
117444,3
117445,2
117446,2
117447,3
117448,2
117449,2
117450,2
117451,2
117452,2
117453,3
117454,3
117455,3
117456,3
117457,3
117458,3
117459,3
117460,3
117461,2
117462,3
117463,3
117464,2
117465,3
117466,3
117467,3
117468,3
117469,3
117470,3
117471,3
117472,3
117473,3
117474,3
117475,3
117476,2
117477,1
117478,3
117479,3
117480,3
117481,2
117482,3
117483,0
117484,3
117485,1
117486,3
117487,1
117488,3
117489,1
117490,1
117491,3
117492,3
117493,2
117494,2
117495,2
117496,2
117497,2
117498,2
117499,3
117500,3
117501,3
117502,3
117503,3
117504,3
117505,3
117506,1
117507,1
117508,3
117509,1
117510,1
117511,1
117512,2
117513,1
117514,2
117515,1
117516,2
117517,3
117518,1
117519,1
117520,3
117521,3
117522,2
117523,3
117524,3
117525,3
117526,0
117527,1
117528,3
117529,3
117530,2
117531,3
117532,2
117533,3
117534,3
117535,1
117536,1
117537,3
117538,3
117539,2
117540,3
117541,0
117542,2
117543,3
117544,3
117545,2
117546,3
117547,2
117548,3
117549,3
117550,3
117551,3
117552,3
117553,2
117554,2
117555,3
117556,3
117557,2
117558,3
117559,2
117560,3
117561,3
117562,3
117563,2
117564,2
117565,2
117566,2
117567,2
117568,2
117569,2
117570,2
117571,2
117572,2
117573,2
117574,2
117575,2
117576,2
117577,2
117578,2
117579,2
117580,2
117581,2
117582,2
117583,2
117584,2
117585,2
117586,2
117587,2
117588,2
117589,2
117590,2
117591,2
117592,2
117593,0
117594,3
117595,3
117596,3
117597,3
117598,3
117599,3
117600,3
117601,0
117602,2
117603,3
117604,3
117605,3
117606,3
117607,3
117608,3
117609,3
117610,1
117611,1
117612,1
117613,1
117614,1
117615,2
117616,3
117617,3
117618,3
117619,3
117620,3
117621,3
117622,3
117623,3
117624,3
117625,3
117626,2
117627,3
117628,3
117629,3
117630,3
117631,2
117632,1
117633,2
117634,0
117635,0
117636,3
117637,2
117638,2
117639,3
117640,3
117641,3
117642,3
117643,3
117644,3
117645,3
117646,3
117647,3
117648,3
117649,3
117650,3
117651,3
117652,3
117653,3
117654,3
117655,3
117656,3
117657,2
117658,3
117659,2
117660,0
117661,0
117662,0
117663,0
117664,0
117665,2
117666,2
117667,2
117668,3
117669,2
117670,1
117671,2
117672,3
117673,2
117674,2
117675,2
117676,2
117677,2
117678,2
117679,2
117680,2
117681,2
117682,2
117683,2
117684,2
117685,2
117686,2
117687,2
117688,2
117689,2
117690,2
117691,2
117692,2
117693,2
117694,2
117695,3
117696,2
117697,2
117698,2
117699,2
117700,3
117701,2
117702,2
117703,2
117704,3
117705,2
117706,3
117707,3
117708,3
117709,3
117710,2
117711,3
117712,3
117713,3
117714,3
117715,3
117716,3
117717,2
117718,2
117719,3
117720,0
117721,3
117722,0
117723,0
117724,3
117725,0
117726,2
117727,2
117728,3
117729,2
117730,3
117731,3
117732,3
117733,3
117734,3
117735,3
117736,3
117737,3
117738,4
117739,3
117740,2
117741,3
117742,3
117743,3
117744,0
117745,2
117746,3
117747,0
117748,0
117749,1
117750,2
117751,1
117752,1
117753,1
117754,1
117755,1
117756,3
117757,2
117758,3
117759,3
117760,3
117761,3
117762,3
117763,2
117764,3
117765,3
117766,1
117767,1
117768,1
117769,3
117770,2
117771,2
117772,2
117773,2
117774,2
117775,2
117776,2
117777,2
117778,2
117779,2
117780,3
117781,2
117782,3
117783,0
117784,0
117785,3
117786,3
117787,0
117788,0
117789,3
117790,1
117791,2
117792,3
117793,2
117794,2
117795,2
117796,2
117797,2
117798,2
117799,2
117800,2
117801,2
117802,2
117803,2
117804,3
117805,2
117806,2
117807,2
117808,2
117809,2
117810,2
117811,2
117812,2
117813,3
117814,2
117815,3
117816,3
117817,3
117818,3
117819,3
117820,3
117821,3
117822,3
117823,3
117824,3
117825,3
117826,3
117827,2
117828,1
117829,1
117830,2
117831,2
117832,2
117833,2
117834,2
117835,2
117836,2
117837,2
117838,2
117839,2
117840,2
117841,2
117842,2
117843,2
117844,2
117845,2
117846,2
117847,2
117848,2
117849,2
117850,2
117851,2
117852,2
117853,2
117854,3
117855,2
117856,3
117857,2
117858,2
117859,2
117860,2
117861,2
117862,2
117863,3
117864,3
117865,2
117866,3
117867,3
117868,2
117869,2
117870,3
117871,2
117872,3
117873,2
117874,2
117875,2
117876,2
117877,2
117878,2
117879,3
117880,2
117881,2
117882,2
117883,2
117884,2
117885,2
117886,3
117887,2
117888,2
117889,2
117890,2
117891,2
117892,2
117893,2
117894,2
117895,2
117896,3
117897,2
117898,3
117899,3
117900,3
117901,3
117902,2
117903,2
117904,2
117905,3
117906,2
117907,2
117908,3
117909,2
117910,2
117911,2
117912,2
117913,3
117914,2
117915,2
117916,2
117917,3
117918,2
117919,3
117920,2
117921,2
117922,3
117923,3
117924,3
117925,3
117926,2
117927,2
117928,3
117929,3
117930,2
117931,2
117932,2
117933,2
117934,1
117935,1
117936,1
117937,1
117938,1
117939,1
117940,1
117941,1
117942,3
117943,3
117944,3
117945,3
117946,3
117947,3
117948,2
117949,2
117950,2
117951,2
117952,2
117953,2
117954,2
117955,2
117956,2
117957,2
117958,2
117959,2
117960,2
117961,2
117962,3
117963,3
117964,2
117965,2
117966,2
117967,2
117968,2
117969,2
117970,3
117971,3
117972,2
117973,3
117974,3
117975,3
117976,3
117977,3
117978,2
117979,2
117980,3
117981,2
117982,2
117983,2
117984,3
117985,2
117986,2
117987,2
117988,2
117989,2
117990,2
117991,2
117992,2
117993,2
117994,2
117995,3
117996,2
117997,2
117998,2
117999,3
118000,3
118001,3
118002,2
118003,3
118004,2
118005,2
118006,3
118007,3
118008,3
118009,2
118010,3
118011,2
118012,3
118013,2
118014,3
118015,2
118016,2
118017,2
118018,3
118019,2
118020,2
118021,2
118022,2
118023,2
118024,3
118025,3
118026,3
118027,3
118028,3
118029,2
118030,3
118031,3
118032,3
118033,3
118034,3
118035,2
118036,3
118037,3
118038,2
118039,3
118040,3
118041,2
118042,3
118043,3
118044,3
118045,2
118046,2
118047,3
118048,2
118049,2
118050,0
118051,3
118052,0
118053,0
118054,0
118055,2
118056,2
118057,2
118058,2
118059,2
118060,2
118061,2
118062,2
118063,2
118064,2
118065,2
118066,2
118067,3
118068,2
118069,3
118070,3
118071,2
118072,2
118073,3
118074,3
118075,3
118076,2
118077,3
118078,2
118079,2
118080,3
118081,3
118082,3
118083,3
118084,3
118085,3
118086,2
118087,3
118088,3
118089,0
118090,2
118091,0
118092,0
118093,0
118094,0
118095,0
118096,0
118097,0
118098,0
118099,0
118100,0
118101,0
118102,2
118103,0
118104,0
118105,0
118106,0
118107,0
118108,0
118109,0
118110,0
118111,0
118112,0
118113,0
118114,0
118115,3
118116,2
118117,3
118118,3
118119,2
118120,2
118121,3
118122,3
118123,2
118124,3
118125,3
118126,3
118127,3
118128,2
118129,3
118130,1
118131,2
118132,2
118133,0
118134,2
118135,2
118136,2
118137,2
118138,2
118139,2
118140,3
118141,2
118142,2
118143,2
118144,2
118145,2
118146,3
118147,2
118148,2
118149,2
118150,3
118151,3
118152,2
118153,3
118154,2
118155,2
118156,2
118157,2
118158,2
118159,3
118160,3
118161,3
118162,3
118163,3
118164,3
118165,3
118166,2
118167,2
118168,2
118169,2
118170,2
118171,2
118172,3
118173,3
118174,2
118175,2
118176,2
118177,2
118178,3
118179,2
118180,2
118181,2
118182,2
118183,2
118184,2
118185,2
118186,3
118187,3
118188,3
118189,3
118190,2
118191,2
118192,2
118193,3
118194,2
118195,3
118196,3
118197,3
118198,3
118199,3
118200,3
118201,3
118202,2
118203,0
118204,0
118205,3
118206,3
118207,0
118208,0
118209,0
118210,3
118211,0
118212,0
118213,0
118214,3
118215,0
118216,0
118217,3
118218,0
118219,0
118220,0
118221,0
118222,0
118223,2
118224,0
118225,0
118226,3
118227,3
118228,3
118229,3
118230,3
118231,3
118232,3
118233,3
118234,3
118235,3
118236,3
118237,3
118238,3
118239,3
118240,3
118241,2
118242,2
118243,0
118244,0
118245,3
118246,0
118247,3
118248,0
118249,3
118250,0
118251,0
118252,0
118253,0
118254,0
118255,3
118256,0
118257,0
118258,0
118259,0
118260,2
118261,0
118262,0
118263,0
118264,0
118265,2
118266,2
118267,2
118268,2
118269,2
118270,2
118271,2
118272,2
118273,2
118274,2
118275,2
118276,2
118277,2
118278,2
118279,2
118280,2
118281,2
118282,2
118283,2
118284,2
118285,2
118286,2
118287,2
118288,2
118289,2
118290,2
118291,2
118292,2
118293,2
118294,2
118295,2
118296,3
118297,2
118298,2
118299,2
118300,2
118301,2
118302,2
118303,2
118304,2
118305,3
118306,3
118307,3
118308,3
118309,2
118310,3
118311,3
118312,3
118313,2
118314,3
118315,4
118316,3
118317,3
118318,3
118319,3
118320,3
118321,3
118322,2
118323,3
118324,3
118325,3
118326,3
118327,2
118328,3
118329,3
118330,3
118331,3
118332,2
118333,3
118334,2
118335,3
118336,3
118337,2
118338,2
118339,2
118340,2
118341,2
118342,2
118343,2
118344,2
118345,3
118346,2
118347,2
118348,2
118349,2
118350,2
118351,2
118352,2
118353,2
118354,3
118355,3
118356,2
118357,2
118358,2
118359,2
118360,2
118361,2
118362,2
118363,2
118364,2
118365,2
118366,2
118367,2
118368,3
118369,2
118370,3
118371,3
118372,3
118373,3
118374,3
118375,2
118376,3
118377,2
118378,3
118379,3
118380,3
118381,3
118382,3
118383,3
118384,3
118385,2
118386,3
118387,3
118388,4
118389,2
118390,3
118391,3
118392,2
118393,3
118394,3
118395,2
118396,2
118397,3
118398,3
118399,3
118400,3
118401,2
118402,3
118403,2
118404,3
118405,3
118406,3
118407,3
118408,3
118409,2
118410,3
118411,3
118412,3
118413,3
118414,3
118415,3
118416,3
118417,3
118418,2
118419,2
118420,3
118421,3
118422,3
118423,3
118424,3
118425,3
118426,3
118427,3
118428,3
118429,0
118430,0
118431,0
118432,0
118433,0
118434,0
118435,3
118436,3
118437,0
118438,0
118439,2
118440,2
118441,0
118442,3
118443,0
118444,4
118445,0
118446,0
118447,2
118448,3
118449,3
118450,3
118451,3
118452,3
118453,3
118454,2
118455,0
118456,3
118457,0
118458,4
118459,3
118460,2
118461,2
118462,0
118463,2
118464,3
118465,0
118466,0
118467,0
118468,0
118469,2
118470,3
118471,1
118472,1
118473,1
118474,1
118475,1
118476,1
118477,1
118478,1
118479,1
118480,1
118481,1
118482,1
118483,1
118484,1
118485,1
118486,2
118487,1
118488,1
118489,1
118490,1
118491,1
118492,1
118493,1
118494,1
118495,1
118496,1
118497,1
118498,1
118499,1
118500,1
118501,1
118502,1
118503,1
118504,1
118505,1
118506,1
118507,1
118508,1
118509,2
118510,1
118511,1
118512,1
118513,1
118514,2
118515,2
118516,3
118517,3
118518,3
118519,2
118520,2
118521,2
118522,3
118523,2
118524,3
118525,3
118526,2
118527,3
118528,3
118529,2
118530,3
118531,3
118532,3
118533,3
118534,3
118535,1
118536,1
118537,1
118538,1
118539,1
118540,1
118541,1
118542,1
118543,1
118544,3
118545,3
118546,1
118547,1
118548,0
118549,0
118550,2
118551,3
118552,1
118553,3
118554,0
118555,0
118556,0
118557,2
118558,0
118559,0
118560,0
118561,0
118562,0
118563,2
118564,3
118565,3
118566,2
118567,3
118568,0
118569,0
118570,0
118571,0
118572,2
118573,0
118574,0
118575,0
118576,0
118577,3
118578,2
118579,2
118580,3
118581,0
118582,0
118583,0
118584,0
118585,0
118586,3
118587,0
118588,0
118589,0
118590,0
118591,0
118592,3
118593,0
118594,0
118595,2
118596,0
118597,0
118598,2
118599,0
118600,0
118601,0
118602,0
118603,0
118604,2
118605,0
118606,0
118607,3
118608,0
118609,2
118610,0
118611,0
118612,3
118613,3
118614,3
118615,0
118616,0
118617,3
118618,3
118619,3
118620,3
118621,2
118622,3
118623,3
118624,3
118625,3
118626,3
118627,3
118628,3
118629,3
118630,3
118631,3
118632,3
118633,1
118634,3
118635,3
118636,0
118637,3
118638,0
118639,0
118640,0
118641,0
118642,1
118643,3
118644,1
118645,1
118646,1
118647,3
118648,3
118649,1
118650,1
118651,1
118652,1
118653,1
118654,1
118655,3
118656,3
118657,3
118658,3
118659,3
118660,1
118661,1
118662,1
118663,1
118664,3
118665,3
118666,3
118667,1
118668,3
118669,3
118670,3
118671,3
118672,3
118673,3
118674,3
118675,1
118676,1
118677,0
118678,0
118679,1
118680,1
118681,1
118682,1
118683,3
118684,3
118685,1
118686,3
118687,1
118688,3
118689,0
118690,3
118691,0
118692,0
118693,0
118694,1
118695,3
118696,3
118697,3
118698,3
118699,3
118700,3
118701,3
118702,3
118703,3
118704,2
118705,3
118706,3
118707,3
118708,3
118709,3
118710,3
118711,2
118712,3
118713,2
118714,3
118715,3
118716,3
118717,3
118718,3
118719,3
118720,3
118721,3
118722,3
118723,3
118724,3
118725,3
118726,3
118727,3
118728,3
118729,3
118730,2
118731,3
118732,3
118733,3
118734,3
118735,3
118736,3
118737,3
118738,3
118739,3
118740,3
118741,3
118742,3
118743,3
118744,2
118745,3
118746,3
118747,3
118748,3
118749,3
118750,3
118751,3
118752,3
118753,3
118754,3
118755,2
118756,3
118757,3
118758,3
118759,3
118760,0
118761,0
118762,0
118763,0
118764,0
118765,0
118766,0
118767,3
118768,3
118769,0
118770,0
118771,0
118772,0
118773,0
118774,0
118775,3
118776,3
118777,3
118778,3
118779,3
118780,3
118781,3
118782,3
118783,3
118784,3
118785,3
118786,3
118787,3
118788,3
118789,3
118790,3
118791,3
118792,3
118793,3
118794,3
118795,3
118796,3
118797,3
118798,3
118799,3
118800,3
118801,3
118802,3
118803,3
118804,3
118805,3
118806,3
118807,3
118808,3
118809,3
118810,3
118811,3
118812,3
118813,3
118814,3
118815,3
118816,3
118817,3
118818,3
118819,3
118820,1
118821,3
118822,3
118823,3
118824,3
118825,3
118826,3
118827,3
118828,3
118829,3
118830,3
118831,3
118832,3
118833,3
118834,3
118835,3
118836,3
118837,3
118838,3
118839,3
118840,3
118841,1
118842,1
118843,3
118844,3
118845,3
118846,3
118847,0
118848,0
118849,3
118850,3
118851,0
118852,0
118853,3
118854,0
118855,0
118856,1
118857,3
118858,3
118859,3
118860,3
118861,3
118862,3
118863,1
118864,3
118865,3
118866,1
118867,3
118868,3
118869,3
118870,3
118871,1
118872,3
118873,3
118874,3
118875,3
118876,3
118877,3
118878,1
118879,3
118880,3
118881,3
118882,3
118883,3
118884,3
118885,3
118886,3
118887,3
118888,3
118889,3
118890,3
118891,3
118892,3
118893,3
118894,3
118895,3
118896,3
118897,3
118898,3
118899,3
118900,3
118901,3
118902,3
118903,3
118904,3
118905,3
118906,3
118907,1
118908,3
118909,3
118910,3
118911,1
118912,3
118913,3
118914,3
118915,3
118916,3
118917,1
118918,1
118919,3
118920,3
118921,3
118922,0
118923,0
118924,3
118925,1
118926,3
118927,3
118928,3
118929,3
118930,1
118931,3
118932,3
118933,3
118934,3
118935,3
118936,1
118937,3
118938,3
118939,3
118940,3
118941,3
118942,3
118943,3
118944,3
118945,3
118946,3
118947,3
118948,3
118949,3
118950,3
118951,3
118952,3
118953,3
118954,3
118955,3
118956,3
118957,3
118958,3
118959,3
118960,2
118961,0
118962,0
118963,0
118964,3
118965,3
118966,3
118967,3
118968,3
118969,0
118970,1
118971,3
118972,0
118973,0
118974,3
118975,3
118976,3
118977,3
118978,0
118979,0
118980,0
118981,1
118982,0
118983,0
118984,0
118985,0
118986,1
118987,3
118988,3
118989,2
118990,3
118991,3
118992,3
118993,3
118994,3
118995,3
118996,3
118997,3
118998,3
118999,3
119000,3
119001,3
119002,1
119003,3
119004,3
119005,3
119006,3
119007,3
119008,0
119009,0
119010,1
119011,3
119012,0
119013,0
119014,3
119015,3
119016,3
119017,3
119018,0
119019,0
119020,0
119021,0
119022,0
119023,0
119024,0
119025,0
119026,0
119027,3
119028,0
119029,0
119030,0
119031,0
119032,0
119033,0
119034,3
119035,0
119036,0
119037,0
119038,0
119039,0
119040,0
119041,0
119042,0
119043,0
119044,0
119045,0
119046,0
119047,0
119048,0
119049,0
119050,0
119051,0
119052,0
119053,0
119054,0
119055,0
119056,0
119057,0
119058,2
119059,1
119060,1
119061,0
119062,3
119063,0
119064,0
119065,0
119066,0
119067,0
119068,0
119069,0
119070,0
119071,0
119072,3
119073,3
119074,3
119075,3
119076,3
119077,3
119078,3
119079,3
119080,3
119081,3
119082,3
119083,3
119084,1
119085,3
119086,0
119087,1
119088,3
119089,3
119090,3
119091,3
119092,3
119093,3
119094,3
119095,3
119096,3
119097,3
119098,2
119099,3
119100,2
119101,3
119102,3
119103,3
119104,3
119105,3
119106,3
119107,1
119108,3
119109,3
119110,3
119111,3
119112,3
119113,3
119114,3
119115,3
119116,3
119117,3
119118,3
119119,3
119120,3
119121,3
119122,1
119123,3
119124,3
119125,3
119126,3
119127,3
119128,3
119129,3
119130,3
119131,3
119132,0
119133,0
119134,2
119135,3
119136,0
119137,0
119138,0
119139,3
119140,0
119141,0
119142,0
119143,0
119144,0
119145,2
119146,3
119147,3
119148,3
119149,0
119150,3
119151,3
119152,3
119153,3
119154,0
119155,0
119156,3
119157,3
119158,0
119159,0
119160,0
119161,3
119162,3
119163,3
119164,2
119165,3
119166,3
119167,3
119168,3
119169,3
119170,0
119171,0
119172,1
119173,2
119174,3
119175,3
119176,3
119177,3
119178,3
119179,3
119180,2
119181,3
119182,3
119183,3
119184,3
119185,3
119186,3
119187,3
119188,3
119189,3
119190,3
119191,3
119192,3
119193,3
119194,3
119195,2
119196,3
119197,3
119198,3
119199,3
119200,3
119201,3
119202,3
119203,3
119204,3
119205,3
119206,1
119207,3
119208,3
119209,2
119210,3
119211,3
119212,3
119213,2
119214,2
119215,3
119216,2
119217,3
119218,2
119219,3
119220,2
119221,3
119222,3
119223,3
119224,1
119225,3
119226,0
119227,3
119228,2
119229,2
119230,3
119231,3
119232,3
119233,3
119234,2
119235,3
119236,3
119237,2
119238,3
119239,1
119240,3
119241,3
119242,3
119243,3
119244,1
119245,3
119246,3
119247,3
119248,3
119249,2
119250,3
119251,0
119252,3
119253,3
119254,3
119255,3
119256,3
119257,1
119258,0
119259,1
119260,1
119261,2
119262,3
119263,1
119264,3
119265,1
119266,1
119267,3
119268,3
119269,3
119270,3
119271,3
119272,3
119273,3
119274,3
119275,3
119276,2
119277,1
119278,2
119279,2
119280,3
119281,3
119282,0
119283,2
119284,1
119285,3
119286,3
119287,3
119288,3
119289,3
119290,2
119291,3
119292,3
119293,3
119294,2
119295,3
119296,3
119297,2
119298,2
119299,3
119300,2
119301,3
119302,1
119303,0
119304,0
119305,0
119306,0
119307,0
119308,3
119309,3
119310,3
119311,3
119312,3
119313,3
119314,3
119315,2
119316,3
119317,3
119318,3
119319,3
119320,2
119321,3
119322,2
119323,1
119324,3
119325,0
119326,3
119327,3
119328,3
119329,3
119330,3
119331,3
119332,3
119333,3
119334,3
119335,3
119336,3
119337,3
119338,2
119339,2
119340,3
119341,2
119342,3
119343,3
119344,3
119345,2
119346,3
119347,3
119348,3
119349,2
119350,3
119351,3
119352,3
119353,3
119354,3
119355,3
119356,3
119357,3
119358,3
119359,3
119360,2
119361,2
119362,0
119363,3
119364,2
119365,3
119366,3
119367,3
119368,3
119369,3
119370,3
119371,3
119372,2
119373,1
119374,3
119375,3
119376,2
119377,2
119378,2
119379,2
119380,2
119381,3
119382,2
119383,3
119384,3
119385,3
119386,3
119387,2
119388,2
119389,2
119390,3
119391,3
119392,2
119393,2
119394,3
119395,3
119396,3
119397,3
119398,3
119399,3
119400,3
119401,3
119402,2
119403,2
119404,3
119405,3
119406,3
119407,3
119408,3
119409,3
119410,2
119411,3
119412,2
119413,3
119414,3
119415,2
119416,3
119417,0
119418,3
119419,3
119420,3
119421,3
119422,1
119423,3
119424,1
119425,1
119426,1
119427,1
119428,3
119429,3
119430,3
119431,3
119432,2
119433,2
119434,3
119435,3
119436,2
119437,3
119438,3
119439,3
119440,3
119441,3
119442,3
119443,3
119444,3
119445,3
119446,3
119447,3
119448,3
119449,3
119450,3
119451,3
119452,3
119453,0
119454,3
119455,0
119456,3
119457,3
119458,3
119459,3
119460,3
119461,3
119462,3
119463,3
119464,0
119465,3
119466,3
119467,3
119468,3
119469,3
119470,3
119471,3
119472,3
119473,3
119474,1
119475,3
119476,3
119477,3
119478,3
119479,3
119480,3
119481,3
119482,3
119483,3
119484,3
119485,3
119486,3
119487,3
119488,3
119489,3
119490,3
119491,3
119492,3
119493,2
119494,3
119495,3
119496,3
119497,3
119498,3
119499,3
119500,3
119501,3
119502,3
119503,3
119504,3
119505,3
119506,3
119507,3
119508,3
119509,3
119510,3
119511,3
119512,3
119513,3
119514,2
119515,3
119516,3
119517,3
119518,3
119519,3
119520,3
119521,3
119522,3
119523,3
119524,3
119525,3
119526,3
119527,0
119528,3
119529,3
119530,3
119531,3
119532,3
119533,3
119534,3
119535,3
119536,3
119537,3
119538,3
119539,3
119540,3
119541,3
119542,3
119543,3
119544,3
119545,3
119546,3
119547,3
119548,3
119549,3
119550,3
119551,3
119552,3
119553,3
119554,3
119555,3
119556,3
119557,3
119558,3
119559,3
119560,3
119561,3
119562,3
119563,3
119564,3
119565,3
119566,3
119567,3
119568,3
119569,3
119570,2
119571,3
119572,3
119573,3
119574,3
119575,3
119576,3
119577,3
119578,3
119579,3
119580,3
119581,3
119582,3
119583,3
119584,3
119585,3
119586,3
119587,3
119588,3
119589,3
119590,2
119591,0
119592,2
119593,3
119594,3
119595,3
119596,3
119597,3
119598,3
119599,3
119600,3
119601,3
119602,3
119603,3
119604,3
119605,3
119606,3
119607,3
119608,3
119609,3
119610,3
119611,3
119612,3
119613,3
119614,3
119615,3
119616,3
119617,3
119618,3
119619,3
119620,3
119621,3
119622,3
119623,3
119624,3
119625,3
119626,3
119627,3
119628,3
119629,3
119630,3
119631,3
119632,3
119633,3
119634,3
119635,3
119636,3
119637,3
119638,3
119639,3
119640,3
119641,3
119642,3
119643,0
119644,3
119645,0
119646,3
119647,0
119648,0
119649,0
119650,3
119651,3
119652,3
119653,2
119654,3
119655,3
119656,3
119657,3
119658,3
119659,3
119660,3
119661,3
119662,1
119663,3
119664,3
119665,3
119666,3
119667,3
119668,3
119669,3
119670,3
119671,3
119672,3
119673,3
119674,3
119675,2
119676,3
119677,3
119678,3
119679,3
119680,3
119681,3
119682,3
119683,3
119684,3
119685,3
119686,3
119687,3
119688,3
119689,3
119690,3
119691,3
119692,3
119693,3
119694,3
119695,3
119696,3
119697,3
119698,0
119699,0
119700,0
119701,0
119702,0
119703,0
119704,3
119705,1
119706,3
119707,3
119708,3
119709,3
119710,3
119711,3
119712,2
119713,3
119714,3
119715,3
119716,3
119717,3
119718,3
119719,0
119720,0
119721,0
119722,0
119723,0
119724,0
119725,0
119726,0
119727,0
119728,0
119729,0
119730,0
119731,0
119732,0
119733,0
119734,0
119735,0
119736,0
119737,0
119738,0
119739,0
119740,0
119741,0
119742,0
119743,2
119744,3
119745,3
119746,2
119747,3
119748,0
119749,0
119750,0
119751,0
119752,0
119753,0
119754,0
119755,0
119756,0
119757,0
119758,0
119759,0
119760,0
119761,0
119762,0
119763,0
119764,0
119765,1
119766,3
119767,0
119768,1
119769,3
119770,0
119771,3
119772,3
119773,3
119774,3
119775,3
119776,3
119777,3
119778,3
119779,3
119780,1
119781,3
119782,3
119783,3
119784,3
119785,3
119786,0
119787,0
119788,2
119789,3
119790,3
119791,3
119792,3
119793,3
119794,3
119795,3
119796,3
119797,3
119798,3
119799,3
119800,3
119801,3
119802,3
119803,3
119804,3
119805,3
119806,3
119807,3
119808,3
119809,3
119810,3
119811,3
119812,3
119813,3
119814,3
119815,3
119816,3
119817,3
119818,3
119819,3
119820,3
119821,3
119822,1
119823,1
119824,3
119825,3
119826,3
119827,3
119828,3
119829,3
119830,3
119831,3
119832,3
119833,3
119834,3
119835,3
119836,3
119837,3
119838,3
119839,3
119840,3
119841,3
119842,3
119843,3
119844,3
119845,3
119846,3
119847,3
119848,3
119849,1
119850,3
119851,3
119852,3
119853,3
119854,3
119855,3
119856,3
119857,3
119858,3
119859,3
119860,3
119861,3
119862,3
119863,3
119864,3
119865,3
119866,3
119867,3
119868,3
119869,3
119870,3
119871,3
119872,3
119873,3
119874,3
119875,3
119876,3
119877,3
119878,3
119879,3
119880,3
119881,3
119882,3
119883,3
119884,3
119885,3
119886,3
119887,3
119888,3
119889,3
119890,3
119891,3
119892,3
119893,3
119894,3
119895,3
119896,3
119897,3
119898,3
119899,3
119900,3
119901,3
119902,3
119903,3
119904,1
119905,1
119906,3
119907,3
119908,3
119909,3
119910,0
119911,3
119912,3
119913,3
119914,3
119915,3
119916,3
119917,3
119918,3
119919,3
119920,3
119921,3
119922,3
119923,3
119924,3
119925,3
119926,3
119927,3
119928,3
119929,3
119930,3
119931,3
119932,3
119933,3
119934,3
119935,3
119936,3
119937,3
119938,3
119939,3
119940,3
119941,3
119942,3
119943,3
119944,3
119945,3
119946,3
119947,3
119948,3
119949,3
119950,3
119951,3
119952,3
119953,3
119954,3
119955,3
119956,3
119957,3
119958,3
119959,0
119960,0
119961,3
119962,3
119963,3
119964,3
119965,3
119966,1
119967,3
119968,3
119969,0
119970,0
119971,0
119972,0
119973,3
119974,0
119975,0
119976,0
119977,0
119978,0
119979,0
119980,3
119981,0
119982,0
119983,0
119984,0
119985,0
119986,0
119987,0
119988,0
119989,0
119990,0
119991,3
119992,2
119993,2
119994,3
119995,3
119996,3
119997,3
119998,3
119999,3
120000,3
120001,3
120002,3
120003,3
120004,3
120005,3
120006,3
120007,3
120008,3
120009,3
120010,3
120011,3
120012,3
120013,3
120014,3
120015,3
120016,3
120017,3
120018,3
120019,3
120020,3
120021,3
120022,3
120023,3
120024,3
120025,3
120026,3
120027,3
120028,3
120029,3
120030,3
120031,3
120032,3
120033,3
120034,2
120035,3
120036,3
120037,3
120038,0
120039,3
120040,3
120041,0
120042,3
120043,0
120044,3
120045,2
120046,3
120047,3
120048,3
120049,3
120050,3
120051,3
120052,3
120053,3
120054,3
120055,3
120056,3
120057,3
120058,3
120059,3
120060,3
120061,3
120062,3
120063,3
120064,3
120065,3
120066,3
120067,3
120068,3
120069,3
120070,3
120071,3
120072,3
120073,3
120074,3
120075,3
120076,3
120077,3
120078,3
120079,3
120080,3
120081,3
120082,3
120083,3
120084,3
120085,3
120086,3
120087,3
120088,3
120089,3
120090,3
120091,3
120092,3
120093,3
120094,3
120095,3
120096,3
120097,3
120098,3
120099,3
120100,3
120101,0
120102,0
120103,0
120104,0
120105,0
120106,0
120107,0
120108,0
120109,0
120110,0
120111,0
120112,0
120113,0
120114,0
120115,0
120116,0
120117,0
120118,0
120119,0
120120,0
120121,0
120122,0
120123,0
120124,0
120125,0
120126,0
120127,0
120128,0
120129,0
120130,0
120131,0
120132,0
120133,0
120134,0
120135,0
120136,0
120137,0
120138,2
120139,0
120140,0
120141,2
120142,0
120143,0
120144,0
120145,0
120146,0
120147,0
120148,0
120149,0
120150,0
120151,0
120152,0
120153,0
120154,0
120155,0
120156,0
120157,0
120158,0
120159,0
120160,0
120161,0
120162,0
120163,0
120164,0
120165,0
120166,0
120167,0
120168,0
120169,0
120170,0
120171,0
120172,0
120173,0
120174,0
120175,0
120176,0
120177,0
120178,0
120179,0
120180,0
120181,0
120182,0
120183,0
120184,0
120185,0
120186,0
120187,0
120188,0
120189,0
120190,0
120191,0
120192,0
120193,0
120194,0
120195,0
120196,0
120197,0
120198,0
120199,0
120200,0
120201,0
120202,0
120203,0
120204,3
120205,0
120206,0
120207,0
120208,0
120209,0
120210,0
120211,0
120212,2
120213,0
120214,0
120215,0
120216,0
120217,2
120218,3
120219,0
120220,0
120221,0
120222,0
120223,0
120224,0
120225,0
120226,3
120227,0
120228,0
120229,0
120230,0
120231,0
120232,0
120233,0
120234,3
120235,0
120236,0
120237,0
120238,0
120239,0
120240,0
120241,0
120242,0
120243,0
120244,0
120245,0
120246,0
120247,0
120248,0
120249,0
120250,0
120251,0
120252,0
120253,0
120254,2
120255,0
120256,0
120257,0
120258,2
120259,0
120260,0
120261,0
120262,0
120263,0
120264,0
120265,3
120266,0
120267,0
120268,0
120269,0
120270,0
120271,0
120272,0
120273,0
120274,0
120275,0
120276,0
120277,0
120278,0
120279,0
120280,0
120281,0
120282,0
120283,2
120284,0
120285,0
120286,0
120287,0
120288,0
120289,0
120290,0
120291,0
120292,0
120293,3
120294,0
120295,0
120296,0
120297,0
120298,0
120299,0
120300,0
120301,0
120302,0
120303,0
120304,0
120305,0
120306,0
120307,0
120308,0
120309,0
120310,0
120311,0
120312,0
120313,2
120314,0
120315,2
120316,0
120317,0
120318,0
120319,0
120320,0
120321,0
120322,0
120323,0
120324,0
120325,0
120326,2
120327,0
120328,0
120329,0
120330,0
120331,0
120332,0
120333,0
120334,0
120335,0
120336,0
120337,0
120338,0
120339,0
120340,3
120341,0
120342,0
120343,0
120344,0
120345,0
120346,0
120347,0
120348,0
120349,2
120350,0
120351,0
120352,0
120353,0
120354,0
120355,0
120356,2
120357,0
120358,0
120359,3
120360,0
120361,0
120362,0
120363,0
120364,0
120365,3
120366,0
120367,0
120368,0
120369,0
120370,0
120371,0
120372,0
120373,0
120374,0
120375,0
120376,0
120377,0
120378,0
120379,0
120380,0
120381,0
120382,0
120383,0
120384,0
120385,0
120386,0
120387,0
120388,0
120389,0
120390,0
120391,0
120392,0
120393,0
120394,0
120395,0
120396,0
120397,0
120398,0
120399,0
120400,0
120401,0
120402,0
120403,0
120404,0
120405,0
120406,0
120407,0
120408,0
120409,0
120410,0
120411,0
120412,0
120413,0
120414,0
120415,0
120416,0
120417,0
120418,2
120419,3
120420,0
120421,0
120422,0
120423,0
120424,0
120425,0
120426,0
120427,0
120428,0
120429,0
120430,2
120431,0
120432,0
120433,0
120434,0
120435,0
120436,0
120437,0
120438,0
120439,0
120440,0
120441,0
120442,0
120443,0
120444,0
120445,0
120446,0
120447,0
120448,3
120449,3
120450,3
120451,3
120452,0
120453,3
120454,0
120455,0
120456,0
120457,0
120458,0
120459,0
120460,0
120461,3
120462,0
120463,0
120464,3
120465,0
120466,0
120467,0
120468,0
120469,0
120470,0
120471,0
120472,0
120473,0
120474,0
120475,0
120476,2
120477,0
120478,0
120479,0
120480,0
120481,0
120482,0
120483,0
120484,0
120485,0
120486,0
120487,0
120488,0
120489,0
120490,0
120491,0
120492,3
120493,0
120494,0
120495,0
120496,3
120497,0
120498,0
120499,0
120500,0
120501,0
120502,0
120503,0
120504,0
120505,0
120506,0
120507,0
120508,0
120509,0
120510,3
120511,3
120512,0
120513,0
120514,0
120515,0
120516,0
120517,0
120518,0
120519,0
120520,1
120521,3
120522,3
120523,3
120524,3
120525,3
